image_id,variant,map_original,map_adversarial,SSIM,PSNR,MS-SSIM,FSIM,LPIPS,DISTS,L0,L2
252219,dct_mid_nontargeted_white_box_eps0.0627_iter1,0.25000000000000006,0.22222222222222227,0.999374,58.19556681442173,0.9999227523803711,0.9999542236328125,0.0016058724140748382,9.959936141967773e-05,306746,0.0021260642,0.0011383204255253077,0.0012399678817018867,0.0012463494203984737
87038,dct_mid_nontargeted_white_box_eps0.0627_iter1,0.49307359307359316,0.36484159779614334,0.99915415,58.03778862022177,0.999835729598999,0.9999175667762756,0.010856641456484795,0.00044417381286621094,308892,0.0021705227,0.0012529502855613828,0.0012529268860816956,0.0012528614606708288
174482,dct_mid_nontargeted_white_box_eps0.0627_iter10,0.38068181818181823,0.30454545454545456,0.992408,44.89262084657406,0.9986698031425476,0.9990218877792358,0.019663933664560318,0.001778244972229004,389441,0.00903582,0.004608888179063797,0.004558637272566557,0.004570857621729374
480985,dct_mid_nontargeted_white_box_eps0.0627_iter2,0.1272727272727273,0.12207792207792209,0.9989906,54.0406691079371,0.999854564666748,0.9998914003372192,0.005521751008927822,0.0006268024444580078,257346,0.0032146873,0.0015797966625541449,0.001596120186150074,0.001585625228472054
296649,dct_mid_nontargeted_white_box_eps0.0627_iter1,0.17621015348288077,0.14207005116096028,0.9995578,58.07498739967659,0.99992835521698,0.9999575018882751,0.001621245639398694,6.872415542602539e-05,341892,0.002158339,0.0012428094632923603,0.0012422953732311726,0.0012415823293849826
386912,dct_mid_nontargeted_white_box_eps0.0627_iter1,0.14285714285714288,0.12500000000000003,0.999552,58.056693411301424,0.9999284744262695,0.9999478459358215,0.001280126627534628,0.00014346837997436523,310592,0.002165488,0.0012455054093152285,0.0012446839828044176,0.0012522274628281593
348881,dct_mid_nontargeted_white_box_eps0.0627_iter2,0.25000000000000006,0.13636363636363638,0.9984506,54.750887375736646,0.9997304677963257,0.9998440742492676,0.009364073164761066,0.0007036924362182617,220937,0.0028501737,0.0013447335222736,0.0013476244639605284,0.001345546799711883
522713,dct_mid_nontargeted_white_box_eps0.0627_iter9,0.13333333333333336,0.12121212121212122,0.9922144,47.779265615291315,0.9983558654785156,0.9990812540054321,0.04401897266507149,0.0065784454345703125,374155,0.006434202,0.0033130990341305733,0.0033334079198539257,0.0033548474311828613
181666,dct_mid_nontargeted_white_box_eps0.0627_iter1,0.25,0.2272727272727273,0.99916667,58.15690446366199,0.9998356699943542,0.9999603033065796,0.0058928364887833595,0.00035446882247924805,330845,0.0021310851,0.0012206027749925852,0.0012184587540104985,0.001217966666445136
17627,dct_mid_nontargeted_white_box_eps0.0627_iter3,0.3272727272727273,0.2981818181818182,0.9971523,52.15474985415783,0.999470591545105,0.9997356534004211,0.013200039975345135,0.0013990402221679688,318421,0.0040029986,0.0021474622189998627,0.0021580904722213745,0.002150445245206356
143931,dct_mid_nontargeted_white_box_eps0.0627_iter9,1.0000000000000002,0.6666666666666669,0.9910553,46.497946164304224,0.9983314871788025,0.9987285137176514,0.025417478755116463,0.004049181938171387,377296,0.0074411165,0.003875143826007843,0.0038592626806348562,0.003911091014742851
303818,dct_mid_nontargeted_white_box_eps0.0627_iter2,0.35714285714285715,0.3246753246753248,0.99920845,54.140662055640554,0.9998191595077515,0.9998830556869507,0.001972293946892023,0.00018906593322753906,239979,0.0031708956,0.0015370333567261696,0.0015344053972512484,0.0015401176642626524
463730,dct_mid_nontargeted_white_box_eps0.0627_iter1,0.31997053872053877,0.3195985832349469,0.99936956,58.0497690842984,0.9998876452445984,0.999941349029541,0.003218347206711769,0.00024628639221191406,308181,0.0021673352,0.0012507556239143014,0.0012489771470427513,0.0012486575869843364
460347,dct_mid_nontargeted_white_box_eps0.0627_iter8,0.6666666666666669,0.5000000000000001,0.994483,48.346754594560394,0.9988888502120972,0.9994340538978577,0.018720068037509918,0.0017455220222473145,358116,0.006034379,0.002961733378469944,0.0029520378448069096,0.0029686996713280678
322864,dct_mid_nontargeted_white_box_eps0.0627_iter3,0.6233766233766235,0.2272727272727273,0.9970212,52.12693956939438,0.9995724558830261,0.9997231960296631,0.015005460008978844,0.001515030860900879,303206,0.0040017674,0.0021640427876263857,0.0021616327576339245,0.0021542180329561234
308394,dct_mid_nontargeted_white_box_eps0.0627_iter14,0.14285714285714288,0.12500000000000003,0.98089916,45.70624430192579,0.9976006746292114,0.9986780881881714,0.07898247241973877,0.0047833919525146484,375627,0.008098537,0.004047421272844076,0.004072900861501694,0.003995122388005257
456496,dct_mid_nontargeted_white_box_eps0.0627_iter1,0.20000000000000004,0.1666666666666667,0.99957305,58.07129431727597,0.999908447265625,0.9999727010726929,0.001005915692076087,0.00017756223678588867,400513,0.002160667,0.0012430709321051836,0.0012436006218194962,0.0012431752402335405
184321,dct_mid_nontargeted_white_box_eps0.0627_iter3,1.0000000000000002,0.5000000000000001,0.9975161,52.46665216490545,0.999509334564209,0.9997375011444092,0.011090045794844627,0.0012710094451904297,319762,0.0038581947,0.0020652320235967636,0.002069152193143964,0.0020749582909047604
565778,dct_mid_nontargeted_white_box_eps0.0627_iter1,0.5606060606060607,0.3787878787878789,0.9997714,58.067617289816944,0.9999589323997498,0.9999696612358093,0.000555647537112236,0.00011944770812988281,308262,0.0021600025,0.0012427223846316338,0.00124481285456568,0.0012454857351258397
418281,dct_mid_nontargeted_white_box_eps0.0627_iter1,0.27272727272727276,0.18181818181818185,0.9995914,58.03895771311615,0.9999191761016846,0.9999573230743408,0.0016427944647148252,0.00013190507888793945,316003,0.0021705253,0.0012526856735348701,0.0012534201378002763,0.0012516200076788664
25560,dct_mid_nontargeted_white_box_eps0.0627_iter1,0.12500000000000003,0.11111111111111113,0.9990051,58.0380870563252,0.9998344779014587,0.9999248385429382,0.005503247957676649,0.0003241300582885742,310702,0.0021708095,0.0012537240982055664,0.001253188238479197,0.0012515824055299163
85329,dct_mid_nontargeted_white_box_eps0.0627_iter10,0.5000000000000001,0.25000000000000006,0.9860468,47.63261710511068,0.9972750544548035,0.997813880443573,0.13994100689888,0.024567365646362305,370653,0.0065809228,0.003261279547587037,0.0032343119382858276,0.003236129879951477
329323,dct_mid_nontargeted_white_box_eps0.0627_iter1,0.2610597958191541,0.17561983471074377,0.9993816,58.04621683483711,0.9999091625213623,0.9999409317970276,0.002394055714830756,0.00012087821960449219,314043,0.0021680808,0.0012507891515269876,0.00124983093701303,0.0012508253566920757
239274,dct_mid_nontargeted_white_box_eps0.0627_iter18,0.49621212121212127,0.3636363636363637,0.9889886,42.82705289813954,0.9977373480796814,0.9983029961585999,0.039781466126441956,0.004412174224853516,396837,0.011260407,0.005646929610520601,0.005700740963220596,0.005713342223316431
511321,dct_mid_nontargeted_white_box_eps0.0627_iter2,0.2727272727272727,0.18181818181818185,0.99867964,54.797251628902764,0.9997519254684448,0.999894380569458,0.00532615277916193,0.0002999305725097656,244638,0.002877058,0.0013198547530919313,0.0013183089904487133,0.0013278096448630095
233771,dct_mid_nontargeted_white_box_eps0.0627_iter3,0.13005050505050508,0.060606060606060615,0.9971762,52.480668378144586,0.9996546506881714,0.9998486638069153,0.009465728886425495,0.0012720227241516113,342056,0.0038468293,0.002034104662016034,0.002001118380576372,0.0020157014951109886
301867,dct_mid_nontargeted_white_box_eps0.0627_iter9,0.20000000000000004,0.1666666666666667,0.99370366,45.852930960230424,0.9989989995956421,0.9990732073783875,0.02342205122113228,0.002400994300842285,379963,0.00797921,0.004180098883807659,0.004189533181488514,0.004189847968518734
185250,dct_mid_nontargeted_white_box_eps0.0627_iter16,0.07792207792207793,0.06818181818181819,0.99523145,43.816985535393655,0.9989745020866394,0.9987158179283142,0.024516362696886063,0.002993464469909668,392349,0.009931129,0.004977259319275618,0.005085310898721218,0.004968787543475628
356427,dct_mid_nontargeted_white_box_eps0.0627_iter18,0.1666666666666667,0.14285714285714288,0.98818487,40.91724333533986,0.9977205991744995,0.9974775910377502,0.032884545624256134,0.008411407470703125,402560,0.0141625535,0.0072693414986133575,0.007319862954318523,0.007236178033053875
360661,dct_mid_nontargeted_white_box_eps0.0627_iter15,0.17045454545454547,0.13636363636363638,0.98269135,44.81641218497586,0.9968651533126831,0.9983615875244141,0.10353733599185944,0.010359525680541992,388327,0.008906506,0.004637158941477537,0.004580236505717039,0.004602676257491112
266409,dct_mid_nontargeted_white_box_eps0.0627_iter1,0.3333333333333334,0.25000000000000006,0.99897003,58.0344623785965,0.9998025894165039,0.9999327659606934,0.007044980302453041,0.0008275508880615234,341141,0.0021718645,0.0012538785813376307,0.0012538738083094358,0.001253835391253233
430961,dct_mid_nontargeted_white_box_eps0.0627_iter11,0.18181818181818185,0.13636363636363638,0.9883005,47.34398858140821,0.9982406497001648,0.999021053314209,0.1210547685623169,0.004497051239013672,372171,0.006719813,0.003495057113468647,0.0035015237517654896,0.0034965795930474997
80671,dct_mid_nontargeted_white_box_eps0.0627_iter7,0.3333333333333334,0.25000000000000006,0.9908657,49.12491475878822,0.9983019828796387,0.9991222620010376,0.07188768684864044,0.00415349006652832,359651,0.005532986,0.0028860827442258596,0.0028805092442780733,0.0028923291247338057
476258,dct_mid_nontargeted_white_box_eps0.0627_iter5,0.3333333333333334,0.25000000000000006,0.9957219,50.826015830918784,0.9992990493774414,0.9996665716171265,0.02514243870973587,0.001133739948272705,336665,0.0045579476,0.0024103408213704824,0.002402127720415592,0.0024083731696009636
448365,dct_mid_nontargeted_white_box_eps0.0627_iter2,0.5000000000000001,0.25000000000000006,0.9982324,54.55972074575112,0.9996939897537231,0.9998455047607422,0.009415656328201294,0.0011268258094787598,212211,0.0029436406,0.00139918876811862,0.0013941653305664659,0.0013952485751360655
35197,dct_mid_nontargeted_white_box_eps0.0627_iter2,0.5000000000000001,0.3333333333333334,0.99805707,54.97749437768037,0.9995931386947632,0.9999134540557861,0.009282531216740608,0.00031304359436035156,267165,0.002747773,0.0012803785502910614,0.001262208097614348,0.0012675259495154023
349860,dct_mid_nontargeted_white_box_eps0.0627_iter4,0.14285714285714288,0.12500000000000003,0.994474,51.60698861886424,0.9990530014038086,0.9993205666542053,0.0662202537059784,0.0024524927139282227,272800,0.0040637343,0.001994907623156905,0.0020008760038763285,0.0019980601500719786
180135,dct_mid_nontargeted_white_box_eps0.0627_iter8,0.3333333333333334,0.25000000000000006,0.96798897,48.221012994730145,0.9977622032165527,0.9988936185836792,0.09751009941101074,0.004683136940002441,257960,0.005776846,0.0029225859325379133,0.0029476878698915243,0.0029165265150368214
486438,dct_mid_nontargeted_white_box_eps0.0627_iter12,0.25000000000000006,0.0,0.98750323,47.01185142903239,0.9980222582817078,0.9988518953323364,0.08685553073883057,0.00613027811050415,364198,0.006933596,0.0034912857227027416,0.0034881914034485817,0.0034892228431999683
370677,dct_mid_nontargeted_white_box_eps0.0627_iter5,0.5000000000000001,0.3333333333333334,0.99497646,47.95320037154775,0.9992572069168091,0.9994639754295349,0.01368377823382616,0.0009641647338867188,353826,0.0064045535,0.0034365879837423563,0.0034480122849345207,0.0034232682082802057
502737,dct_mid_nontargeted_white_box_eps0.0627_iter1,0.05454545454545455,0.04545454545454546,0.9989999,58.062820597980995,0.9998281002044678,0.9999123215675354,0.007506409659981728,0.0007145404815673828,285289,0.0021638805,0.0012531146639958024,0.0012496173148974776,0.0012344191782176495
515579,dct_mid_nontargeted_white_box_eps0.0627_iter12,0.10606060606060608,0.07272727272727272,0.99234766,47.03502313892468,0.998851478099823,0.9995889663696289,0.028195485472679138,0.0031392574310302734,377291,0.007023383,0.003480135230347514,0.0034542155917733908,0.0034925162326544523
515445,dct_mid_nontargeted_white_box_eps0.0627_iter13,0.13636363636363638,0.09740259740259741,0.98894286,46.818890528211284,0.9979597926139832,0.9991551041603088,0.062012143433094025,0.005411803722381592,382943,0.007201018,0.003678990062326193,0.0037010288797318935,0.003719290718436241
438862,dct_mid_nontargeted_white_box_eps0.0627_iter13,0.16363636363636366,0.15757575757575762,0.99213314,43.44570650921733,0.9984792470932007,0.9982226490974426,0.016701720654964447,0.0027211904525756836,392480,0.010446852,0.005448878277093172,0.00548291252925992,0.005444047506898642
180560,dct_mid_nontargeted_white_box_eps0.0627_iter2,0.3333333333333334,0.25000000000000006,0.9980202,54.92524167394873,0.999664306640625,0.9998444318771362,0.015709683299064636,0.0009505748748779297,193820,0.0027400276,0.001286422018893063,0.0012851028004661202,0.0012806851882487535
321214,dct_mid_nontargeted_white_box_eps0.0627_iter3,0.20000000000000004,0.1666666666666667,0.99661726,52.989512021207936,0.9993896484375,0.999718964099884,0.021378878504037857,0.0010110139846801758,312947,0.0035984246,0.001942808274179697,0.0019409835804253817,0.0019413843983784318
474028,dct_mid_nontargeted_white_box_eps0.0627_iter2,0.27272727272727276,0.20454545454545459,0.99926424,53.964537614812926,0.999853789806366,0.9998732805252075,0.0017487159930169582,0.00038230419158935547,219412,0.0032122952,0.0016006961232051253,0.0016042107017710805,0.0015972439432516694
355257,dct_mid_nontargeted_white_box_eps0.0627_iter4,0.1666666666666667,0.0,0.99582034,50.443949672871334,0.9993025660514832,0.9995851516723633,0.019578274339437485,0.001361846923828125,322759,0.0047872458,0.0023677789140492678,0.002386287786066532,0.002383878454566002
63154,dct_mid_nontargeted_white_box_eps0.0627_iter1,0.3333333333333334,0.1666666666666667,0.9993374,58.03499059667685,0.9998725652694702,0.99994957447052,0.003050003433600068,0.00020051002502441406,331857,0.0021716827,0.0012536756694316864,0.0012537308502942324,0.001253733178600669
514508,dct_mid_nontargeted_white_box_eps0.0627_iter5,0.25000000000000006,0.23636363636363641,0.99560946,48.665923991366284,0.9993957877159119,0.9995003938674927,0.012428894639015198,0.0023549795150756836,354497,0.005901922,0.003140084445476532,0.003161628730595112,0.003132256679236889
473237,dct_mid_nontargeted_white_box_eps0.0627_iter1,0.25000000000000006,0.14285714285714288,0.9989147,58.04036636474896,0.9998259544372559,0.9999057054519653,0.012497919611632824,0.0004744529724121094,290295,0.0021701814,0.0012534849811345339,0.0012535847490653396,0.001249450258910656
78915,dct_mid_nontargeted_white_box_eps0.0627_iter3,0.16115702479338842,0.1369539551357733,0.9985588,52.119106700661526,0.999689519405365,0.9997904300689697,0.0038498565554618835,0.0003663301467895508,304946,0.0039987965,0.002162526361644268,0.0021662262734025717,0.002159357303753495
551215,dct_mid_nontargeted_white_box_eps0.0627_iter1,0.5000000000000001,0.3333333333333334,0.9996225,58.03600414368133,0.9999122023582458,0.9999406933784485,0.0011452275793999434,0.00011301040649414062,304355,0.0021714102,0.0012538859155029058,0.0012536351568996906,0.0012527494691312313
544519,dct_mid_nontargeted_white_box_eps0.0627_iter6,1.0000000000000002,0.6666666666666669,0.9939446,49.85131313093841,0.9990061521530151,0.9994023442268372,0.06489429622888565,0.004227280616760254,318501,0.0050106496,0.0024768447037786245,0.0024776742793619633,0.0024813576601445675
96493,dct_mid_nontargeted_white_box_eps0.0627_iter1,0.25000000000000006,0.12500000000000003,0.99939567,58.068314039552206,0.9998763799667358,0.9999270439147949,0.0019018648890778422,0.00026857852935791016,319447,0.002160778,0.0012454870156943798,0.0012412394862622023,0.0012456802651286125
23899,dct_mid_nontargeted_white_box_eps0.0627_iter8,0.09090909090909093,0.0,0.9904604,48.72432921200395,0.9984800219535828,0.9992632865905762,0.10067811608314514,0.005683302879333496,347881,0.0057534846,0.002839125460013747,0.002835355931892991,0.0028479108586907387
57597,dct_mid_nontargeted_white_box_eps0.0627_iter4,0.08271173271173271,0.07177033492822965,0.99649024,50.2823097133686,0.9993259906768799,0.9995482563972473,0.009549643844366074,0.0006053447723388672,316931,0.0048459694,0.0024346481077373028,0.002449660561978817,0.002436924958601594
434230,dct_mid_nontargeted_white_box_eps0.0627_iter1,0.060606060606060615,0.05454545454545455,0.9997938,58.07882270963824,0.9999696016311646,0.9999708533287048,0.0005419156514108181,9.524822235107422e-05,301589,0.0021587086,0.0012409634655341506,0.0012509714579209685,0.001231459085829556
428454,dct_mid_nontargeted_white_box_eps0.0627_iter3,0.3333333333333334,0.1666666666666667,0.9976186,52.42254931650525,0.9995798468589783,0.9998555779457092,0.025178244337439537,0.0021263957023620605,326345,0.0038798866,0.0020880866795778275,0.0020822794176638126,0.002074213232845068
399462,dct_mid_nontargeted_white_box_eps0.0627_iter10,0.3333333333333334,0.31818181818181823,0.996108,46.88781464122609,0.9993802905082703,0.9994188547134399,0.011735900305211544,0.0010983943939208984,368233,0.0070593106,0.0035351954866200686,0.0035515548661351204,0.0035506507847458124
261061,dct_mid_nontargeted_white_box_eps0.0627_iter2,0.3333333333333334,0.25000000000000006,0.998697,54.83735281873506,0.999801516532898,0.9998728036880493,0.00566828902810812,0.00026977062225341797,175565,0.002710795,0.001310762483626604,0.00131410697940737,0.001310374471358955
342006,dct_mid_nontargeted_white_box_eps0.0627_iter2,0.22727272727272724,0.20000000000000004,0.9981682,54.62954894915916,0.9996023178100586,0.9998441338539124,0.019724944606423378,0.0008461475372314453,226572,0.0029324144,0.0013673346256837249,0.0013762410962954164,0.0013768902281299233
524456,dct_mid_nontargeted_white_box_eps0.0627_iter14,0.07792207792207793,0.03636363636363636,0.99006826,44.618251892002164,0.9981500506401062,0.9987238645553589,0.025906311348080635,0.0026842355728149414,390334,0.009216913,0.004594856407493353,0.004679420497268438,0.0046390085481107235
326541,dct_mid_nontargeted_white_box_eps0.0627_iter1,0.03636363636363636,0.030303030303030304,0.9991393,58.11609561865466,0.9998618960380554,0.9999173879623413,0.006121221464127302,0.0002740621566772461,288818,0.0021432093,0.0012391493655741215,0.001226629945449531,0.0012257880298420787
213086,dct_mid_nontargeted_white_box_eps0.0627_iter1,0.14285714285714288,0.11111111111111113,0.9991801,58.044634694279296,0.9998732805252075,0.999933123588562,0.005101361777633429,0.0006003975868225098,304214,0.0021688873,0.001251869834959507,0.0012531005777418613,0.0012478401185944676
231339,dct_mid_nontargeted_white_box_eps0.0627_iter1,0.20000000000000004,0.1666666666666667,0.99921197,58.04300337590779,0.9998612403869629,0.9999129176139832,0.003928118385374546,0.00026547908782958984,298964,0.0021689802,0.0012515991693362594,0.0012515620328485966,0.0012510716915130615
508730,dct_mid_nontargeted_white_box_eps0.0627_iter1,0.18181818181818185,0.14285714285714288,0.99942523,58.04440846338259,0.9998928308486938,0.9999169707298279,0.0017010928131639957,0.0004284381866455078,274723,0.0021690433,0.0012519300216808915,0.0012524479534476995,0.0012486253399401903
368294,dct_mid_nontargeted_white_box_eps0.0627_iter3,0.3333333333333334,0.20000000000000004,0.99741966,51.843219796763194,0.9996119737625122,0.9997478723526001,0.008685851469635963,0.0007805228233337402,308147,0.0041611777,0.0022262476850301027,0.002230983227491379,0.0022169863805174828
301135,dct_mid_nontargeted_white_box_eps0.0627_iter1,0.22424242424242424,0.2060606060606061,0.9997737,58.182963660253755,0.9999563694000244,0.9999700784683228,0.0004712641821242869,8.654594421386719e-05,325369,0.0021269324,0.0012110236566513777,0.0012314988998696208,0.001192647498100996
356387,dct_mid_nontargeted_white_box_eps0.0627_iter2,0.16666666666666666,0.12727272727272726,0.99886006,53.704006918581086,0.9997877478599548,0.9998742938041687,0.006717681419104338,0.0005684494972229004,253064,0.0034008154,0.001694600679911673,0.0016986000118777156,0.0017095815856009722
367680,dct_mid_nontargeted_white_box_eps0.0627_iter1,0.8129870129870131,0.5963636363636364,0.9993832,58.04036909971999,0.9999008178710938,0.9999532699584961,0.004422465339303017,0.00014412403106689453,307765,0.002169978,0.001252214889973402,0.0012522758916020393,0.0012520035961642861
166391,dct_mid_nontargeted_white_box_eps0.0627_iter26,0.030303030303030304,0.0303030303030303,0.96890074,43.469209936579546,0.9944507479667664,0.9972807765007019,0.15371736884117126,0.02855074405670166,395888,0.010442724,0.005260435864329338,0.005232212133705616,0.005282998085021973
48153,dct_mid_nontargeted_white_box_eps0.0627_iter1,0.5000000000000001,0.3333333333333334,0.999701,58.083862998143616,0.9999457597732544,0.9999431371688843,0.0008155176183208823,0.00012499094009399414,275618,0.0021573715,0.0012232470326125622,0.0012485046172514558,0.001247330685146153
459153,dct_mid_nontargeted_white_box_eps0.0627_iter4,0.1666666666666667,0.14285714285714288,0.9992954,49.93683084730429,0.9998396635055542,0.9998012781143188,0.0016199592500925064,0.00045686960220336914,348318,0.0051671355,0.0025806648191064596,0.002605037298053503,0.002576417988166213
273132,dct_mid_nontargeted_white_box_eps0.0627_iter2,0.25000000000000006,0.20000000000000004,0.9984972,54.90681108724702,0.9997363090515137,0.9999071359634399,0.004819225519895554,0.0006679892539978027,252458,0.0028243556,0.0012870344799011946,0.0012870356440544128,0.0012905960902571678
87875,dct_mid_nontargeted_white_box_eps0.0627_iter9,1.0000000000000002,0.0,0.9958821,47.24159949294915,0.9993676543235779,0.9994284510612488,0.013520031236112118,0.0018672943115234375,371894,0.0068128365,0.0035484181717038155,0.0035918985959142447,0.0035196400713175535
458109,dct_mid_nontargeted_white_box_eps0.0627_iter1,0.31818181818181823,0.2545454545454546,0.99954396,58.06426910626631,0.9999262690544128,0.9999584555625916,0.0013102851808071136,0.00021135807037353516,366225,0.0021626921,0.0012418702244758606,0.0012452355585992336,0.001248787040822208
30675,dct_mid_nontargeted_white_box_eps0.0627_iter9,1.0000000000000002,0.5000000000000001,0.9922657,46.542092465478845,0.9984558820724487,0.9993554353713989,0.049623873084783554,0.003927350044250488,380084,0.0074274344,0.0038933793548494577,0.003852197201922536,0.003826472209766507
566524,dct_mid_nontargeted_white_box_eps0.0627_iter2,0.8181818181818183,0.5454545454545455,0.99851793,53.91863767199819,0.9997090101242065,0.9998555779457092,0.00846218504011631,0.0007528066635131836,248118,0.0032851817,0.001611689804121852,0.0016137498896569014,0.0016275446396321058
292082,dct_mid_nontargeted_white_box_eps0.0627_iter11,0.1666666666666667,0.03636363636363636,0.99201775,47.21401496723161,0.9985360503196716,0.9994689226150513,0.024337902665138245,0.0022754669189453125,389330,0.006934043,0.003534064395353198,0.003528155153617263,0.0036050535272806883
360137,dct_mid_nontargeted_white_box_eps0.0627_iter8,0.1666666666666667,0.0,0.9919149,47.56671394471272,0.9988558292388916,0.9992368817329407,0.017089173197746277,0.0011216998100280762,336898,0.006401287,0.0030741861555725336,0.003316181944683194,0.0033147248905152082
122046,dct_mid_nontargeted_white_box_eps0.0627_iter9,0.3333333333333334,0.0,0.99091434,46.49351129648853,0.99821537733078,0.9987856149673462,0.030660355463624,0.0029396414756774902,367966,0.0073243706,0.0038822845090180635,0.003851073095574975,0.0038879471831023693
352684,dct_mid_nontargeted_white_box_eps0.0627_iter4,0.25000000000000006,0.18181818181818185,0.9947388,50.79093865821377,0.9990402460098267,0.999391496181488,0.025687310844659805,0.0032532811164855957,309031,0.0045707636,0.002271363278850913,0.0022565750405192375,0.002258850494399667
512836,dct_mid_nontargeted_white_box_eps0.0627_iter2,0.20000000000000004,0.1666666666666667,0.99846715,54.62225298820613,0.999725341796875,0.9998553991317749,0.007371602114289999,0.0004907846450805664,212747,0.0029085204,0.0013732461957260966,0.0013805120252072811,0.001372582628391683
8021,dct_mid_nontargeted_white_box_eps0.0627_iter13,0.0909090909090909,0.07272727272727272,0.9857955,46.33261875604393,0.9975982904434204,0.9982240796089172,0.046541884541511536,0.004936158657073975,368505,0.007406505,0.003917325753718615,0.0038808160461485386,0.003861251985654235
107226,dct_mid_nontargeted_white_box_eps0.0627_iter1,0.18538961038961044,0.1772727272727273,0.999275,58.08314256094945,0.9998807311058044,0.9999369978904724,0.005534851923584938,0.00017535686492919922,297414,0.002158531,0.001253815251402557,0.001253872993402183,0.0012120038736611605
84477,dct_mid_nontargeted_white_box_eps0.0627_iter4,0.20000000000000004,0.14285714285714288,0.99560124,51.16120485867689,0.9991928339004517,0.9995819330215454,0.023577557876706123,0.0011383295059204102,294647,0.004346714,0.0021045003086328506,0.002147100633010268,0.0021618781611323357
562243,dct_mid_nontargeted_white_box_eps0.0627_iter7,0.3333333333333334,0.25000000000000006,0.99073887,49.31211166133039,0.998266875743866,0.9989488124847412,0.08550699800252914,0.006370067596435547,355201,0.005396864,0.002827954012900591,0.002812083577737212,0.0028304222505539656
177015,dct_mid_nontargeted_white_box_eps0.0627_iter15,0.11111111111111113,0.09090909090909093,0.9924595,44.85578086070687,0.998237133026123,0.9983482360839844,0.02015841379761696,0.0039501190185546875,386451,0.008877202,0.0046166060492396355,0.004590803757309914,0.004616611171513796
292236,dct_mid_nontargeted_white_box_eps0.0627_iter9,0.13636363636363638,0.1212121212121212,0.99214476,47.52386103070704,0.9988550543785095,0.9992387294769287,0.03942770138382912,0.003691554069519043,364345,0.006554186,0.0034337479155510664,0.003440192434936762,0.003432064549997449
288042,dct_mid_nontargeted_white_box_eps0.0627_iter15,0.14285714285714288,0.12500000000000003,0.99059826,45.62313797252071,0.9980734586715698,0.9989351034164429,0.038372211158275604,0.004175364971160889,388906,0.008225242,0.004158334340900183,0.004289655014872551,0.004191532265394926
334719,dct_mid_nontargeted_white_box_eps0.0627_iter1,0.12662337662337664,0.11363636363636365,0.99951506,58.034843052198646,0.9999039173126221,0.9999518394470215,0.0014501095283776522,0.00020122528076171875,308927,0.0021717523,0.0012537850998342037,0.001253853552043438,0.0012536469148471951
283520,dct_mid_nontargeted_white_box_eps0.0627_iter11,0.3333333333333334,0.25000000000000006,0.9972069,46.149259671443104,0.9993194341659546,0.9994147419929504,0.0066820671781897545,0.0016202926635742188,385576,0.007750196,0.003984194248914719,0.0040317438542842865,0.003995354752987623
347265,dct_mid_nontargeted_white_box_eps0.0627_iter1,0.3333333333333334,0.1666666666666667,0.999603,58.043968473935976,0.9999136328697205,0.9999603033065796,0.0020273826085031033,0.00013566017150878906,335246,0.0021689127,0.0012525011552497745,0.0012518608709797263,0.001249033259227872
414170,dct_mid_nontargeted_white_box_eps0.0627_iter11,0.14285714285714288,0.12500000000000003,0.9955078,46.29581262922827,0.9991898536682129,0.9993725419044495,0.014800988137722015,0.001551985740661621,387892,0.0076556588,0.0038816409651190042,0.0039451029151678085,0.003970880527049303
231508,dct_mid_nontargeted_white_box_eps0.0627_iter1,0.14583333333333334,0.12186803095894004,0.9996839,58.05060199816664,0.9999425411224365,0.9999645948410034,0.0008774607558734715,7.265806198120117e-05,312698,0.0021672032,0.001252062269486487,0.0012518541188910604,0.001243765465915203
118921,dct_mid_nontargeted_white_box_eps0.0627_iter1,0.3333333333333334,0.25000000000000006,0.99919015,58.04929684774805,0.9998441934585571,0.9999562501907349,0.005638797767460346,0.00021648406982421875,349153,0.0021674135,0.001252206857316196,0.001250048284418881,0.001246512052603066
785,dct_mid_nontargeted_white_box_eps0.0627_iter2,0.5000000000000001,0.3333333333333334,0.99777794,54.75255245026225,0.9995845556259155,0.9997713565826416,0.012993177399039268,0.0007985830307006836,207461,0.002848892,0.0013403957709670067,0.0013342113234102726,0.001331688486970961
261982,dct_mid_nontargeted_white_box_eps0.0627_iter2,0.3333333333333334,0.25000000000000006,0.9985315,54.56389837923506,0.9997479915618896,0.9998763203620911,0.00500248558819294,0.0009209513664245605,238902,0.0029805282,0.001391461817547679,0.0014032891485840082,0.0014052916085347533
99242,dct_mid_nontargeted_white_box_eps0.0627_iter1,0.3333333333333334,0.25000000000000006,0.9986674,58.034449130909806,0.9997371435165405,0.9998891353607178,0.009071934036910534,0.000563502311706543,329511,0.002171866,0.0012539357412606478,0.0012539203744381666,0.0012537336442619562
314709,dct_mid_nontargeted_white_box_eps0.0627_iter10,0.25000000000000006,0.14285714285714288,0.9895238,47.7937223338394,0.9980934858322144,0.9992458820343018,0.06004953384399414,0.0027573108673095703,362690,0.0064101457,0.0031656483188271523,0.003174175275489688,0.003172764088958502
541055,dct_mid_nontargeted_white_box_eps0.0627_iter1,0.20454545454545459,0.1863636363636364,0.99938995,58.11100787790234,0.9998877048492432,0.9999457597732544,0.002403003629297018,0.00026720762252807617,332249,0.0021502653,0.0012493013637140393,0.0012423612643033266,0.001204219413921237
409475,dct_mid_nontargeted_white_box_eps0.0627_iter4,0.3333333333333334,0.25000000000000006,0.99573755,51.274642475055884,0.9991967678070068,0.9996278882026672,0.01870633289217949,0.002316296100616455,316294,0.004357136,0.002099110744893551,0.002103864448145032,0.002108481712639332
464786,dct_mid_nontargeted_white_box_eps0.0627_iter1,0.25000000000000006,0.0,0.99899364,58.039011622030266,0.999853789806366,0.9999232292175293,0.010023689828813076,0.0008145570755004883,289621,0.0021706247,0.0012540110619738698,0.0012540004681795835,0.0012496620183810592
578545,dct_mid_nontargeted_white_box_eps0.0627_iter6,0.14285714285714288,0.0,0.99522024,49.59815140155143,0.999178409576416,0.9994655251502991,0.015721557661890984,0.003071427345275879,322070,0.0051589315,0.0025676991790533066,0.002569585805758834,0.0025680167600512505
363207,dct_mid_nontargeted_white_box_eps0.0627_iter1,0.14285714285714288,0.13914656771799633,0.9992729,58.038918238921866,0.9998600482940674,0.9999358057975769,0.003939612302929163,0.0005117058753967285,330480,0.0021704964,0.0012523388722911477,0.0012527471408247948,0.0012526846257969737
372577,dct_mid_nontargeted_white_box_eps0.0627_iter7,0.3333333333333334,0.25000000000000006,0.9938522,48.71165405282217,0.9988157153129578,0.9993492960929871,0.03688724711537361,0.002462029457092285,360209,0.005778166,0.0030178087763488293,0.003005350474268198,0.0030358743388205767
212166,dct_mid_nontargeted_white_box_eps0.0627_iter3,0.5000000000000001,0.20000000000000004,0.99705,52.94887907307566,0.99950110912323,0.9996901750564575,0.016305603086948395,0.0010958313941955566,290825,0.0035730603,0.001936117885634303,0.0019420550670474768,0.0019477697787806392
323355,dct_mid_nontargeted_white_box_eps0.0627_iter1,0.21212121212121207,0.13636363636363638,0.9992862,58.045821896640994,0.9998863935470581,0.9999306201934814,0.00327332504093647,0.00016689300537109375,285997,0.0021685518,0.00124719412997365,0.001253374619409442,0.001251230831257999
9483,dct_mid_nontargeted_white_box_eps0.0627_iter7,0.09090909090909093,0.055555555555555566,0.99406487,48.6857906223713,0.9989228248596191,0.9992117881774902,0.02337057515978813,0.002983391284942627,354977,0.0057812165,0.0030416413210332394,0.0030287709087133408,0.0030435791704803705
398237,dct_mid_nontargeted_white_box_eps0.0627_iter1,0.4242424242424243,0.3787878787878789,0.9998474,58.04383243434738,0.999956488609314,0.9999601244926453,0.0004328172653913498,9.167194366455078e-05,319474,0.0021691434,0.0012488238280639052,0.0012526088394224644,0.0012521024327725172
507223,dct_mid_nontargeted_white_box_eps0.0627_iter1,0.16103896103896106,0.15909090909090912,0.9996395,58.07024867643706,0.999945878982544,0.9999532699584961,0.0010682630818337202,0.00015282630920410156,300171,0.0021601385,0.0012418025871738791,0.0012442223960533738,0.0012447235640138388
239537,dct_mid_nontargeted_white_box_eps0.0627_iter10,0.20000000000000004,0.1666666666666667,0.99605924,47.32787597811584,0.9989343881607056,0.9992390275001526,0.007586522959172726,0.001076042652130127,366562,0.0067438334,0.0033429977484047413,0.0033940598368644714,0.003341707633808255
281414,dct_mid_nontargeted_white_box_eps0.0627_iter6,0.10000000000000002,0.0,0.99588126,48.250593080644606,0.9993187785148621,0.9994276165962219,0.011636953800916672,0.002434372901916504,357348,0.006145861,0.0030829578172415495,0.0031190847512334585,0.0030748939607292414
537991,dct_mid_nontargeted_white_box_eps0.0627_iter1,0.12500000000000003,0.10000000000000002,0.9993253,58.0417335945448,0.9998761415481567,0.9999291300773621,0.0023429824505001307,0.00014531612396240234,317324,0.0021694594,0.0012516239657998085,0.0012519325828179717,0.0012517812428995967
321333,dct_mid_nontargeted_white_box_eps0.0627_iter1,0.27272727272727276,0.13636363636363638,0.9993345,58.03395832751862,0.9998769760131836,0.9999605417251587,0.0020400164648890495,0.00019031763076782227,374684,0.0021720142,0.001254015020094812,0.0012540147872641683,0.0012540045427158475
108026,dct_mid_nontargeted_white_box_eps0.0627_iter4,0.25000000000000006,0.20000000000000004,0.9913953,51.87573005245967,0.9992893934249878,0.999596118927002,0.03503100201487541,0.002820253372192383,236453,0.0039214627,0.0019562167581170797,0.0018988614901900291,0.0018707592971622944
243204,dct_mid_nontargeted_white_box_eps0.0627_iter4,0.1666666666666667,0.07142857142857144,0.9965041,51.52944973381875,0.9993538856506348,0.9995606541633606,0.013435887172818184,0.0013279914855957031,289744,0.004160228,0.0020204789470881224,0.0020228265784680843,0.002027959330007434
38829,dct_mid_nontargeted_white_box_eps0.0627_iter1,0.3674242424242424,0.3149350649350649,0.9994201,58.171933945995384,0.9999228715896606,0.9999459981918335,0.0015809830510988832,0.00037026405334472656,293854,0.0021267035,0.0012115482240915298,0.0012277208734303713,0.0012051616795361042
555050,dct_mid_nontargeted_white_box_eps0.0627_iter1,0.2134986225895317,0.1421911421911422,0.99947476,58.060500448529204,0.9999183416366577,0.9999556541442871,0.0018599721370264888,0.00013375282287597656,296607,0.0021632628,0.001249055378139019,0.0012458814308047295,0.0012442064471542835
187243,dct_mid_nontargeted_white_box_eps0.0627_iter3,0.11111111111111113,0.06250000000000001,0.9974491,52.079929296659316,0.9995090365409851,0.9996419548988342,0.017764639109373093,0.0016808509826660156,327802,0.0040087304,0.0021269668359309435,0.002144724363461137,0.0021260979119688272
534827,dct_mid_nontargeted_white_box_eps0.0627_iter1,0.2545454545454546,0.23636363636363641,0.9992582,58.57450828446713,0.9998664855957031,0.9999293684959412,0.005049352999776602,0.0002353191375732422,338484,0.0019896294,0.0011081412667408586,0.0011043953709304333,0.0011092330096289515
190756,dct_mid_nontargeted_white_box_eps0.0627_iter11,0.6666666666666669,0.5000000000000001,0.9848025,46.54795045291185,0.9973477125167847,0.9982591271400452,0.13933297991752625,0.017748355865478516,381720,0.007367181,0.0037888572551310062,0.0037682524416595697,0.0038330790121108294
300659,dct_mid_nontargeted_white_box_eps0.0627_iter2,0.4545454545454546,0.2727272727272727,0.99759084,54.9890382316446,0.999602735042572,0.9997893571853638,0.018060391768813133,0.0011167526245117188,180301,0.0026737493,0.0012650155695155263,0.0012628003023564816,0.0012644772650673985
412894,dct_mid_nontargeted_white_box_eps0.0627_iter1,0.26864246864246866,0.22976055364827883,0.99937993,58.12152915866449,0.9999094009399414,0.999945342540741,0.002175163011997938,0.000425875186920166,330198,0.002143096,0.0012265968834981322,0.0012357138330116868,0.0012246514670550823
361103,dct_mid_nontargeted_white_box_eps0.0627_iter24,0.02922077922077922,0.020202020202020204,0.97812515,40.4207943979386,0.9968206286430359,0.997376024723053,0.04484613612294197,0.008072257041931152,401636,0.014804379,0.00752145005390048,0.007473582401871681,0.007517552934587002
392722,dct_mid_nontargeted_white_box_eps0.0627_iter1,0.5575757575757577,0.5272727272727273,0.99941283,58.03985407949024,0.9998873472213745,0.9999502301216125,0.0037169833667576313,0.00016945600509643555,313642,0.002170054,0.0012522750766947865,0.0012524558696895838,0.0012522152392193675
338560,dct_mid_nontargeted_white_box_eps0.0627_iter7,0.39393939393939403,0.3636363636363637,0.9940059,47.52772327651206,0.9989399909973145,0.999263346195221,0.01893036998808384,0.002008676528930664,369822,0.006645331,0.003477722406387329,0.0034856281708925962,0.0034956082236021757
264535,dct_mid_nontargeted_white_box_eps0.0627_iter9,0.1666666666666667,0.1272727272727273,0.9970143,47.519171926179524,0.9995918273925781,0.9996581673622131,0.007164223585277796,0.0008838772773742676,383282,0.006656817,0.003368672914803028,0.003438524669036269,0.0034564395900815725
458755,dct_mid_nontargeted_white_box_eps0.0627_iter4,0.27272727272727276,0.13636363636363635,0.9982998,50.4274007142935,0.9996747970581055,0.9997669458389282,0.006320951506495476,0.0007942914962768555,338587,0.0048598386,0.0023927974980324507,0.0024057484697550535,0.002404659753665328
130599,dct_mid_nontargeted_white_box_eps0.0627_iter2,0.5000000000000001,0.3333333333333334,0.99878484,54.11280478114426,0.9997577667236328,0.9998853802680969,0.0067357332445681095,0.00039249658584594727,248804,0.0031993391,0.0015412414213642478,0.001556954812258482,0.0015423346776515245
456559,dct_mid_nontargeted_white_box_eps0.0627_iter1,0.5000000000000001,0.3333333333333334,0.99878544,58.0340403750038,0.9997886419296265,0.9998940229415894,0.012607460841536522,0.0006144046783447266,309478,0.0021719856,0.0012539876624941826,0.0012539834715425968,0.0012539854506030679
101068,dct_mid_nontargeted_white_box_eps0.0627_iter7,0.3333333333333334,0.25000000000000006,0.99521285,48.539226824139135,0.9990904331207275,0.999398946762085,0.023160072043538094,0.0039005279541015625,364228,0.0059080957,0.003088444471359253,0.0030978473369032145,0.003085857257246971
140640,dct_mid_nontargeted_white_box_eps0.0627_iter8,0.11111111111111113,0.09090909090909093,0.99076194,46.24310884316985,0.9983887672424316,0.998760461807251,0.040412094444036484,0.002654850482940674,376295,0.00769891,0.003909246064722538,0.003948821686208248,0.0038996990770101547
516708,dct_mid_nontargeted_white_box_eps0.0627_iter7,0.5000000000000001,0.3333333333333334,0.9941563,48.726294689804774,0.9990490674972534,0.999462366104126,0.021992720663547516,0.0011980533599853516,371123,0.0058176983,0.0030208933167159557,0.0030054261442273855,0.0029910586308687925
385190,dct_mid_nontargeted_white_box_eps0.0627_iter1,0.303030303030303,0.22727272727272724,0.9995119,58.0570729528945,0.9999210238456726,0.9999440312385559,0.004007576499134302,0.00012606382369995117,319089,0.0021643336,0.001246851054020226,0.0012482336023822427,0.001246990985237062
338986,dct_mid_nontargeted_white_box_eps0.0627_iter2,0.8181818181818183,0.40909090909090917,0.9980542,54.37821843188637,0.9996448755264282,0.9998179078102112,0.013302264735102654,0.00036078691482543945,208009,0.0029944233,0.0014493062626570463,0.0014599314890801907,0.0014571966603398323
53994,dct_mid_nontargeted_white_box_eps0.0627_iter1,0.15909090909090912,0.1272727272727273,0.99947864,58.046544619237196,0.999906063079834,0.99994295835495,0.001969988690689206,0.0003196597099304199,300629,0.0021683676,0.0012519430601969361,0.0012505219783633947,0.0012486906489357352
79837,dct_mid_nontargeted_white_box_eps0.0627_iter1,0.2181818181818182,0.2077922077922078,0.99883795,58.04114445116888,0.9997627139091492,0.9999059438705444,0.010681258514523506,0.0010513067245483398,329622,0.002169632,0.0012518070871010423,0.0012516434071585536,0.001252399873919785
21903,dct_mid_nontargeted_white_box_eps0.0627_iter3,0.5000000000000001,0.3333333333333334,0.99876815,52.23022263763497,0.9997634291648865,0.9998582005500793,0.004224261734634638,0.0005069375038146973,330011,0.0039770245,0.0021427925676107407,0.0021210864651948214,0.0020978141110390425
337055,dct_mid_nontargeted_white_box_eps0.0627_iter3,0.25000000000000006,0.1666666666666667,0.998636,52.179132216826176,0.9996997714042664,0.9997850060462952,0.0043271067552268505,0.001303255558013916,338715,0.004014097,0.002144179306924343,0.0021509781945496798,0.002146019134670496
34139,dct_mid_nontargeted_white_box_eps0.0627_iter1,0.20000000000000004,0.14285714285714288,0.99949366,58.074002128075435,0.9999179244041443,0.9999483227729797,0.0012991330586373806,0.0002181529998779297,342792,0.002159691,0.0012426412431523204,0.0012403170112520456,0.0012445772299543023
121031,dct_mid_nontargeted_white_box_eps0.0627_iter4,0.3333333333333334,0.1818181818181818,0.99929214,49.98789930770981,0.9998135566711426,0.9998016953468323,0.0016762211453169584,0.000606536865234375,347577,0.0051299892,0.002543005859479308,0.0025733925867825747,0.0025807104539126158
453708,dct_mid_nontargeted_white_box_eps0.0627_iter3,0.12121212121212122,0.0909090909090909,0.9973555,52.78844648854,0.9996058940887451,0.999816358089447,0.022028639912605286,0.0012297630310058594,304184,0.003665575,0.0019745086319744587,0.0019817515276372433,0.001979946857318282
261116,dct_mid_nontargeted_white_box_eps0.0627_iter3,0.07792207792207793,0.04545454545454546,0.9972642,51.76393164562875,0.9995549917221069,0.9996863007545471,0.013326071202754974,0.0012111663818359375,293013,0.0041708504,0.002261306857690215,0.0022704731673002243,0.002255764789879322
273715,dct_mid_nontargeted_white_box_eps0.0627_iter2,0.3333333333333334,0.30303030303030304,0.997482,54.31056123624628,0.999657154083252,0.9997853636741638,0.011117302812635899,0.00022673606872558594,210667,0.0030532547,0.001486422261223197,0.0014836995396763086,0.001491373754106462
475064,dct_mid_nontargeted_white_box_eps0.0627_iter5,0.09090909090909091,0.0,0.995393,49.58909147167604,0.9994133710861206,0.9995916485786438,0.022224057465791702,0.0008618831634521484,324872,0.005197848,0.002794301835820079,0.002804006449878216,0.0027505711186677217
226903,dct_mid_nontargeted_white_box_eps0.0627_iter1,0.07692307692307694,0.06250000000000001,0.9993132,58.185446679698984,0.999874472618103,0.9999457597732544,0.0038159925024956465,0.0004373788833618164,348561,0.0021209146,0.0012168377870693803,0.0012079104781150818,0.0012083423789590597
162092,dct_mid_nontargeted_white_box_eps0.0627_iter2,0.11216056670602126,0.0974681883772793,0.9979972,54.65706218444875,0.9996665716171265,0.9998044371604919,0.011227426119148731,0.00138777494430542,192084,0.0028491875,0.0013753654202446342,0.0013748836936429143,0.0013599884696304798
263969,dct_mid_nontargeted_white_box_eps0.0627_iter12,0.07792207792207793,0.06818181818181819,0.97470945,44.17327376589731,0.9975610971450806,0.9985228180885315,0.06602522730827332,0.008428454399108887,371445,0.0096060885,0.004898509941995144,0.004840468056499958,0.004854542203247547
551439,dct_mid_nontargeted_white_box_eps0.0627_iter2,0.20000000000000004,0.1666666666666667,0.9979283,54.292169608790736,0.99971604347229,0.9998095035552979,0.010113703086972237,0.0009139180183410645,199474,0.0030294766,0.0015021056169643998,0.0014910666504874825,0.0014877760550007224
386352,dct_mid_nontargeted_white_box_eps0.0627_iter8,0.10984848484848485,0.10818181818181818,0.99308825,47.808309103768835,0.9990379214286804,0.9993401169776917,0.03722945600748062,0.002084016799926758,346178,0.00629075,0.003179993247613311,0.003191906725987792,0.003199295373633504
311394,dct_mid_nontargeted_white_box_eps0.0627_iter1,0.5000000000000001,0.3333333333333334,0.9993015,58.04105878673867,0.9998626708984375,0.9999015927314758,0.003676130436360836,0.00033593177795410156,302573,0.0021699371,0.0012508027721196413,0.001253007911145687,0.00125210196711123
578489,dct_mid_nontargeted_white_box_eps0.0627_iter1,0.14285714285714288,0.13798701298701302,0.9991917,58.07840533562726,0.999870240688324,0.9999156594276428,0.0036106337793171406,0.000339508056640625,310174,0.0021583787,0.001244360231794417,0.0012502172030508518,0.0012291823513805866
491366,dct_mid_nontargeted_white_box_eps0.0627_iter2,0.14285714285714288,0.11038961038961037,0.9979613,54.69529899517649,0.9996719360351562,0.9998171925544739,0.011677786707878113,0.0015261173248291016,199772,0.0028482173,0.001356638502329588,0.001350033562630415,0.0013542213710024953
221291,dct_mid_nontargeted_white_box_eps0.0627_iter5,0.3333333333333334,0.25000000000000006,0.9937513,50.86711630928126,0.9989637732505798,0.9990990161895752,0.10856534540653229,0.004929900169372559,315985,0.0044637476,0.0023898647632449865,0.0023975109215825796,0.002404657658189535
141821,dct_mid_nontargeted_white_box_eps0.0627_iter2,0.06818181818181819,0.060606060606060615,0.9987293,54.08486309065724,0.9998034834861755,0.9998704195022583,0.004616757854819298,0.0003127455711364746,220684,0.0031634748,0.0015589845133945346,0.0015546432696282864,0.0015562932239845395
199310,dct_mid_nontargeted_white_box_eps0.0627_iter5,0.3333333333333334,0.25000000000000006,0.9973662,49.290189046886475,0.9995223879814148,0.9996578097343445,0.007540508639067411,0.0005689859390258789,347753,0.0054692416,0.002866988768801093,0.0029178776312619448,0.002853830810636282
100624,dct_mid_nontargeted_white_box_eps0.0627_iter2,0.08080808080808083,0.07272727272727274,0.997967,54.74586780130218,0.9997307062149048,0.9998375177383423,0.013360204175114632,0.001848757266998291,178596,0.00277883,0.0013561780797317624,0.0013468597317114472,0.0013316305121406913
332570,dct_mid_nontargeted_white_box_eps0.0627_iter10,0.3333333333333334,0.25000000000000006,0.99047524,46.6170451466687,0.998603343963623,0.9990198016166687,0.07368571311235428,0.004072904586791992,378970,0.007163702,0.0035782421473413706,0.0035789860412478447,0.0036124354228377342
117645,dct_mid_nontargeted_white_box_eps0.0627_iter1,0.3333333333333334,0.1666666666666667,0.9986195,58.033991553147416,0.9997348785400391,0.9998858571052551,0.013422822579741478,0.0004735589027404785,326452,0.0021720037,0.0012539855670183897,0.0012540071038529277,0.0012540094321593642
202228,dct_mid_nontargeted_white_box_eps0.0627_iter1,0.5000000000000001,0.20000000000000004,0.99873704,58.050846311762015,0.9997820854187012,0.9998717904090881,0.00881010852754116,0.0006307363510131836,302878,0.0021662463,0.0012499891454353929,0.001250546076335013,0.0012469079811125994
403565,dct_mid_nontargeted_white_box_eps0.0627_iter14,0.5000000000000001,0.3333333333333334,0.9907034,43.36796481784886,0.9978375434875488,0.9989233613014221,0.03122025355696678,0.002831697463989258,394513,0.010675523,0.00536937965080142,0.005418743938207626,0.005426929797977209
441586,dct_mid_nontargeted_white_box_eps0.0627_iter11,0.18181818181818185,0.1717171717171717,0.9874377,44.17433392713932,0.997605562210083,0.9985170364379883,0.03549781069159508,0.0026119351387023926,394089,0.009769973,0.005077586974948645,0.005015403497964144,0.005074864719063044
97679,dct_mid_nontargeted_white_box_eps0.0627_iter4,0.3090909090909092,0.25000000000000006,0.9962631,50.94424269689125,0.9991607069969177,0.999650776386261,0.023453691974282265,0.001998305320739746,328179,0.0045277462,0.002182307653129101,0.002219107002019882,0.0022249966859817505
485802,dct_mid_nontargeted_white_box_eps0.0627_iter4,0.5000000000000001,0.3333333333333334,0.99387187,51.982842320875704,0.9989346265792847,0.9993010759353638,0.10768281668424606,0.007176876068115234,275198,0.0039251405,0.0018915761029347777,0.001888326252810657,0.0018877233378589153
99054,dct_mid_nontargeted_white_box_eps0.0627_iter4,0.23636363636363641,0.19696969696969702,0.99603766,50.335669074836545,0.99925297498703,0.9996260404586792,0.029553109779953957,0.002097487449645996,330747,0.004878091,0.0024149788077920675,0.002417880343273282,0.002436211798340082
570539,dct_mid_nontargeted_white_box_eps0.0627_iter1,0.13636363636363638,0.125,0.9992764,58.09479636804538,0.9998998045921326,0.9999414086341858,0.0032082991674542427,0.0005643367767333984,275586,0.0021547934,0.001249802066013217,0.0012396445963531733,0.0012202730868011713
158548,dct_mid_nontargeted_white_box_eps0.0627_iter19,0.18181818181818185,0.09595959595959597,0.99061364,44.106648946417096,0.9980008602142334,0.9985620975494385,0.022353526204824448,0.003650486469268799,394111,0.009719185,0.004974309355020523,0.005009574815630913,0.005005260929465294
176606,dct_mid_nontargeted_white_box_eps0.0627_iter9,0.25000000000000006,0.20000000000000004,0.9965976,46.964517806611504,0.9993394613265991,0.9994277358055115,0.010584576986730099,0.0009058713912963867,380387,0.0070951884,0.003679543500766158,0.003698797896504402,0.003660367103293538
559956,dct_mid_nontargeted_white_box_eps0.0627_iter1,0.1515151515151515,0.14285714285714288,0.99952674,58.036243050337355,0.9999173879623413,0.9999489784240723,0.0016675881342962384,7.337331771850586e-05,317070,0.0021713823,0.0012538623996078968,0.0012539197923615575,0.0012523019686341286
11197,dct_mid_nontargeted_white_box_eps0.0627_iter2,0.4199134199134199,0.36742424242424243,0.9983242,53.95835238157361,0.9996945858001709,0.9998316168785095,0.009238246828317642,0.00042694807052612305,249236,0.003277256,0.0015995368594303727,0.0016057942993938923,0.0016038556350395083
483667,dct_mid_nontargeted_white_box_eps0.0627_iter12,0.20000000000000004,0.11111111111111109,0.98689216,46.737086303975644,0.9976851344108582,0.9986166954040527,0.06033124774694443,0.005866885185241699,371920,0.0072101145,0.003612172557041049,0.003602942917495966,0.003613624256104231
448810,dct_mid_nontargeted_white_box_eps0.0627_iter7,0.3333333333333334,0.25000000000000006,0.9943848,48.01192208789037,0.9992547035217285,0.9993882775306702,0.022054705768823624,0.0018531084060668945,361552,0.0062474143,0.0032919093500822783,0.0032729695085436106,0.0032914886251091957
375278,dct_mid_nontargeted_white_box_eps0.0627_iter1,0.20000000000000004,0.1666666666666667,0.99927425,58.07602387335719,0.9998832941055298,0.9999370574951172,0.003899393603205681,0.0002167224884033203,310936,0.0021600018,0.0012304044794291258,0.0012495936825871468,0.0012457931879907846
465675,dct_mid_nontargeted_white_box_eps0.0627_iter2,0.13636363636363638,0.1090909090909091,0.9984526,55.017857973623975,0.9996432065963745,0.9999251961708069,0.015354814939200878,0.00042724609375,273330,0.0027198242,0.0012845339952036738,0.0012471555965021253,0.0012524856720119715
240754,dct_mid_nontargeted_white_box_eps0.0627_iter1,0.31818181818181823,0.18181818181818182,0.9995443,58.03524427396755,0.9999227523803711,0.9999631643295288,0.0020798640325665474,0.00013494491577148438,321193,0.0021716612,0.0012533074477687478,0.0012539690360426903,0.0012536607682704926
384468,dct_mid_nontargeted_white_box_eps0.0627_iter6,0.1090909090909091,0.09090909090909093,0.9964804,47.755114167661674,0.9993264079093933,0.9994138479232788,0.01873117871582508,0.0026144981384277344,365914,0.0064803236,0.0032787134405225515,0.0032942674588412046,0.0032934932969510555
186873,dct_mid_nontargeted_white_box_eps0.0627_iter1,0.7727272727272729,0.5151515151515152,0.9992559,58.04769119740618,0.9998791217803955,0.9999571442604065,0.006048113107681274,0.0001226663589477539,330359,0.00216824,0.0012533627450466156,0.0012428173795342445,0.001254005474038422
64462,dct_mid_nontargeted_white_box_eps0.0627_iter10,0.3333333333333334,0.25000000000000006,0.98979235,47.68412431837704,0.9982582926750183,0.9992486834526062,0.04612415283918381,0.0066699981689453125,366950,0.006525593,0.003180420957505703,0.003219146514311433,0.003243978600949049
314182,dct_mid_nontargeted_white_box_eps0.0627_iter6,0.20000000000000004,0.1666666666666667,0.9934785,48.769577564352176,0.9989365935325623,0.9993705153465271,0.05239110440015793,0.0025049448013305664,346151,0.005748778,0.002867563860490918,0.00287725031375885,0.002875871956348419
68387,dct_mid_nontargeted_white_box_eps0.0627_iter4,0.20000000000000004,0.14285714285714288,0.996226,51.67656551141101,0.9993175864219666,0.9996147751808167,0.016169635578989983,0.0008096694946289062,275053,0.004039251,0.001978050684556365,0.0019763002637773752,0.0019785191398113966
345466,dct_mid_nontargeted_white_box_eps0.0627_iter3,0.10822510822510825,0.09090909090909093,0.99812454,52.305335420352684,0.9996722936630249,0.9997795820236206,0.005331816617399454,0.00025469064712524414,306173,0.0039028132,0.0021064002066850662,0.002116019371896982,0.0021073149982839823
118367,dct_mid_nontargeted_white_box_eps0.0627_iter3,0.20000000000000004,0.1666666666666667,0.9970805,52.61458565148737,0.9994959831237793,0.9996911287307739,0.0202573761343956,0.0013595819473266602,295995,0.0037426644,0.0020319423638284206,0.002033744938671589,0.0020248224027454853
163640,dct_mid_nontargeted_white_box_eps0.0627_iter2,0.09090909090909093,0.07954545454545456,0.99901533,53.74034209430005,0.9998001456260681,0.9998474717140198,0.0035665049217641354,0.0008185505867004395,256038,0.003385269,0.001683188253082335,0.0016915719024837017,0.0016836568247526884
1490,dct_mid_nontargeted_white_box_eps0.0627_iter11,0.3333333333333334,0.0,0.9942517,47.55158192776817,0.9986774325370789,0.9997248649597168,0.02882533147931099,0.010083198547363281,393663,0.0066366363,0.003428540425375104,0.003410057630389929,0.0034226281568408012
329456,dct_mid_nontargeted_white_box_eps0.0627_iter8,0.09090909090909093,0.07954545454545454,0.9910547,46.17189227788554,0.9985841512680054,0.9990611672401428,0.036468297243118286,0.0021290183067321777,377022,0.0077932207,0.00390660809352994,0.003950038924813271,0.00395963154733181
252776,dct_mid_nontargeted_white_box_eps0.0627_iter1,0.10909090909090909,0.07954545454545456,0.99898076,58.039831938370185,0.9998424053192139,0.999907374382019,0.008510577492415905,0.000501096248626709,284274,0.0021700375,0.0012524374760687351,0.0012523860204964876,0.0012521520256996155
201072,dct_mid_nontargeted_white_box_eps0.0627_iter1,0.18181818181818185,0.17045454545454547,0.99935204,58.043580033854695,0.9998928904533386,0.9999537467956543,0.004808779805898666,0.0004888176918029785,301106,0.0021690396,0.0012504964834079146,0.0012522217584773898,0.001251006848178804
18150,dct_mid_nontargeted_white_box_eps0.0627_iter8,0.10606060606060604,0.08080808080808083,0.9921786,47.01564393431539,0.9985796213150024,0.9989337921142578,0.02313166670501232,0.00405120849609375,361908,0.006958361,0.0035394642036408186,0.003548444714397192,0.0035418965853750706
518770,dct_mid_nontargeted_white_box_eps0.0627_iter1,0.11111111111111113,0.10227272727272729,0.9990863,58.04321905735898,0.9998435974121094,0.9999188184738159,0.007642064243555069,0.00017249584197998047,290677,0.0021686542,0.001251554349437356,0.0012516145361587405,0.0012508962536230683
201646,dct_mid_nontargeted_white_box_eps0.0627_iter12,0.20000000000000004,0.14285714285714288,0.9880001,46.580487874082415,0.9976639747619629,0.9987413883209229,0.049501337110996246,0.004573047161102295,371241,0.0073090666,0.0036626968067139387,0.003674823325127363,0.0036637461744248867
59044,dct_mid_nontargeted_white_box_eps0.0627_iter2,0.0776029526029526,0.07142857142857144,0.99799186,54.40482133216844,0.9996477961540222,0.9998271465301514,0.01076684519648552,0.0005947351455688477,231492,0.0030393365,0.001441179309040308,0.00145043118391186,0.0014475678326562047
172946,dct_mid_nontargeted_white_box_eps0.0627_iter1,0.09090909090909091,0.07272727272727272,0.99919534,58.03487614460092,0.9998668432235718,0.999941885471344,0.004547504708170891,0.0003631711006164551,316380,0.0021717378,0.0012537944130599499,0.0012538802111521363,0.0012536011636257172
234607,dct_mid_nontargeted_white_box_eps0.0627_iter3,0.3333333333333334,0.25000000000000006,0.9967291,52.22533716208362,0.9994779825210571,0.999732494354248,0.01570451445877552,0.0007258057594299316,320702,0.0039750533,0.0021265344694256783,0.002134379232302308,0.0021327754948288202
532690,dct_mid_nontargeted_white_box_eps0.0627_iter2,0.1818181818181818,0.1272727272727273,0.9982508,54.57111432652617,0.999640166759491,0.9998272657394409,0.006944082211703062,0.0006012916564941406,233729,0.0029712934,0.0013903687940910459,0.0013994770124554634,0.001387438620440662
323895,dct_mid_nontargeted_white_box_eps0.0627_iter14,0.18181818181818185,0.01948051948051948,0.9874963,45.98207139242321,0.997433602809906,0.9985016584396362,0.037169888615608215,0.0018471479415893555,377705,0.007809988,0.0039061594288796186,0.0039176191203296185,0.003922510892152786
384670,dct_mid_nontargeted_white_box_eps0.0627_iter4,0.25000000000000006,0.20000000000000004,0.9965451,51.86405381607359,0.9992632865905762,0.9995731115341187,0.011580335907638073,0.0006563067436218262,268932,0.003942255,0.0019256675150245428,0.0019239112734794617,0.0019236047519370914
50326,dct_mid_nontargeted_white_box_eps0.0627_iter3,0.25000000000000006,0.20000000000000004,0.99718136,52.96603430542924,0.9995262622833252,0.9998048543930054,0.02619488537311554,0.00045603513717651367,322006,0.0036202383,0.0019476008601486683,0.001950180041603744,0.0019434019923210144
46252,dct_mid_nontargeted_white_box_eps0.0627_iter17,0.1666666666666667,0.0,0.99678415,44.4684735295307,0.9991533756256104,0.998852550983429,0.006547966040670872,0.002216041088104248,393528,0.009297052,0.00473875692114234,0.004814324900507927,0.004743846599012613
90284,dct_mid_nontargeted_white_box_eps0.0627_iter12,0.3333333333333334,0.25000000000000006,0.9851567,45.92242699740929,0.9974713325500488,0.9979681372642517,0.06628414988517761,0.006528258323669434,369762,0.007759873,0.003939229995012283,0.003944856114685535,0.003987156320363283
450686,dct_mid_nontargeted_white_box_eps0.0627_iter6,0.3333333333333334,0.25000000000000006,0.9924547,49.444859766485806,0.998663604259491,0.9991912245750427,0.03421953693032265,0.0022798776626586914,324480,0.005245545,0.0026094410568475723,0.0025938015896826982,0.0026201708242297173
5060,dct_mid_nontargeted_white_box_eps0.0627_iter2,0.25000000000000006,0.20000000000000004,0.99897975,54.410460304096844,0.9997820258140564,0.9998062252998352,0.0033490885980427265,0.0007219910621643066,213862,0.0029959956,0.0014468228910118341,0.0014478977536782622,0.001441938686184585
286523,dct_mid_nontargeted_white_box_eps0.0627_iter6,0.25000000000000006,0.20000000000000004,0.9938443,48.7938406621267,0.9991034865379333,0.9993912577629089,0.04133472964167595,0.0036186575889587402,336667,0.0056701405,0.002858960535377264,0.0028599000070244074,0.0028672185726463795
579655,dct_mid_nontargeted_white_box_eps0.0627_iter5,0.12500000000000003,0.11111111111111113,0.9945032,51.075524311519715,0.9993181228637695,0.9997692704200745,0.019750725477933884,0.0006101131439208984,354255,0.004459524,0.0023192609660327435,0.002295752987265587,0.0023101174738258123
297578,dct_mid_nontargeted_white_box_eps0.0627_iter2,0.1666666666666667,0.12987012987012986,0.9975738,54.869421362585705,0.9996845126152039,0.9998722076416016,0.019568782299757004,0.001036226749420166,214632,0.0028421741,0.0013124165125191212,0.0013036754680797458,0.0013191543985158205
458992,dct_mid_nontargeted_white_box_eps0.0627_iter1,0.1666666666666667,0.14285714285714288,0.99934286,58.06978424297717,0.999893069267273,0.9999266862869263,0.0033615734428167343,0.0001735687255859375,279964,0.0021618784,0.0012395739322528243,0.0012504425831139088,0.0012411256320774555
164602,dct_mid_nontargeted_white_box_eps0.0627_iter2,0.38636363636363646,0.1666666666666667,0.99817896,54.532189791579384,0.9996762275695801,0.9997999668121338,0.008478553965687752,0.0006797313690185547,207848,0.0029368408,0.0014052347978577018,0.0014030429301783442,0.001405215123668313
101762,dct_mid_nontargeted_white_box_eps0.0627_iter1,0.3333333333333334,0.25000000000000006,0.9992823,58.03574756153164,0.9998669624328613,0.9999383687973022,0.001963762566447258,9.512901306152344e-05,355910,0.0021714857,0.001253429683856666,0.0012534321285784245,0.0012536431895568967
203317,dct_mid_nontargeted_white_box_eps0.0627_iter3,1.0000000000000002,0.5000000000000001,0.99855834,52.16552783753292,0.9997177124023438,0.999811053276062,0.003827847773209214,0.0002797842025756836,316439,0.00400016,0.0021577198058366776,0.0021443208679556847,0.002145814010873437
569917,dct_mid_nontargeted_white_box_eps0.0627_iter1,0.16969696969696965,0.09523809523809522,0.9993034,58.034056655357716,0.9998621344566345,0.9999104738235474,0.0035371663980185986,0.00021719932556152344,301875,0.002171986,0.001254000118933618,0.001253993366844952,0.0012539868475869298
488270,dct_mid_nontargeted_white_box_eps0.0627_iter9,1.0000000000000002,0.5000000000000001,0.98854846,48.37319172367393,0.997778594493866,0.9987349510192871,0.08649253100156784,0.0076141357421875,362630,0.005993996,0.003127357456833124,0.003121358109638095,0.003125515766441822
67180,dct_mid_nontargeted_white_box_eps0.0627_iter3,0.3333333333333334,0.25000000000000006,0.99920017,52.67493647591106,0.9998055696487427,0.9998381733894348,0.002292793244123459,0.00036716461181640625,340713,0.0037742583,0.002012004842981696,0.0020226130727678537,0.002016162034124136
190923,dct_mid_nontargeted_white_box_eps0.0627_iter2,0.2575757575757576,0.21753246753246755,0.99882364,54.240810906658126,0.9998177289962769,0.9998912811279297,0.004551701247692108,0.0006339550018310547,226830,0.0031004439,0.0014937835512682796,0.0015072592068463564,0.0015074566472321749
150265,dct_mid_nontargeted_white_box_eps0.0627_iter2,0.5000000000000001,0.3896103896103897,0.99827033,54.45265450489764,0.99968022108078,0.9998395442962646,0.00583624979481101,0.0008350610733032227,229723,0.0030216093,0.001422846456989646,0.0014446841087192297,0.0014261864125728607
38048,dct_mid_nontargeted_white_box_eps0.0627_iter3,0.4000000000000001,0.3333333333333334,0.99778,52.35381377885162,0.9995750188827515,0.9997526407241821,0.0114218071103096,0.0006987452507019043,318688,0.0038989275,0.002087945817038417,0.0021099611185491085,0.0020834961906075478
525155,dct_mid_nontargeted_white_box_eps0.0627_iter4,0.3333333333333334,0.25000000000000006,0.99524474,51.73532669624965,0.9991545677185059,0.9995726943016052,0.0580572634935379,0.0021970272064208984,294083,0.0040866924,0.0019587513525038958,0.0019623879343271255,0.0019628535956144333
163314,dct_mid_nontargeted_white_box_eps0.0627_iter7,0.0983016983016983,0.07674144037780402,0.9949425,48.65243473611802,0.9993194341659546,0.9995261430740356,0.024295508861541748,0.002002239227294922,360919,0.005845139,0.0030498511623591185,0.0030748825520277023,0.0030394671484827995
259571,dct_mid_nontargeted_white_box_eps0.0627_iter2,0.16666666666666666,0.1111111111111111,0.9985139,54.560191057864,0.9997466802597046,0.9998564720153809,0.006130872294306755,0.0009157657623291016,201544,0.0029033301,0.0013897380558773875,0.0013991749146953225,0.001399367698468268
561679,dct_mid_nontargeted_white_box_eps0.0627_iter1,1.0000000000000002,0.0,0.99938303,58.122157847217395,0.9999005198478699,0.9999322891235352,0.001911373808979988,0.00011658668518066406,294383,0.0021454804,0.0012327098520472646,0.0012429612688720226,0.0012107607908546925
236166,dct_mid_nontargeted_white_box_eps0.0627_iter2,0.20000000000000004,0.10000000000000002,0.9983442,54.69048178933254,0.999739408493042,0.9998315572738647,0.008884312584996223,0.0004793405532836914,209084,0.0028560439,0.0013629108434543014,0.0013624806888401508,0.0013621816178783774
153529,dct_mid_nontargeted_white_box_eps0.0627_iter5,0.10606060606060608,0.0984848484848485,0.99578446,48.57351403392049,0.9992108345031738,0.9993929266929626,0.013493631035089493,0.0013145804405212402,376108,0.006024908,0.0031394376419484615,0.0032062255777418613,0.0031573716551065445
379800,dct_mid_nontargeted_white_box_eps0.0627_iter5,0.3454545454545455,0.2878787878787879,0.99680096,48.34153562745206,0.9993776082992554,0.9995385408401489,0.007543137762695551,0.0014412999153137207,371126,0.006218799,0.0032727075740695,0.0032863945234566927,0.003280200995504856
253835,dct_mid_nontargeted_white_box_eps0.0627_iter1,0.2070707070707071,0.17171717171717177,0.99935883,58.038217904995335,0.9998708963394165,0.9999372959136963,0.0020781802013516426,0.0005134344100952148,357895,0.0021706985,0.0012523974291980267,0.0012529928935691714,0.0012529726373031735
569565,dct_mid_nontargeted_white_box_eps0.0627_iter2,0.5000000000000001,0.3333333333333334,0.9989526,54.07124277042847,0.9997894167900085,0.9998921155929565,0.004958318546414375,0.0007553696632385254,238712,0.0031971857,0.0015619094483554363,0.0015621916390955448,0.00156290247105062
123131,dct_mid_nontargeted_white_box_eps0.0627_iter7,0.3636363636363637,0.18181818181818185,0.9926823,47.929376947252024,0.9985584020614624,0.99909907579422,0.06548436731100082,0.004105567932128906,376632,0.0063271266,0.0033548662904649973,0.0032811739947646856,0.0031828919891268015
334006,dct_mid_nontargeted_white_box_eps0.0627_iter5,0.4242424242424243,0.38636363636363646,0.99625015,48.97027451520731,0.9993131160736084,0.9996026158332825,0.010534430854022503,0.0005275607109069824,371118,0.0057689017,0.0030484842136502266,0.003008706495165825,0.0030130965169519186
174004,dct_mid_nontargeted_white_box_eps0.0627_iter10,0.5000000000000001,0.3333333333333334,0.997144,46.534883683698105,0.9993578791618347,0.9992991089820862,0.007767809554934502,0.002472221851348877,377112,0.0074192034,0.0037089937832206488,0.0037216132041066885,0.0037191426381468773
87470,dct_mid_nontargeted_white_box_eps0.0627_iter1,0.25000000000000006,0.13636363636363638,0.9994805,58.03463553904878,0.9999076128005981,0.9999507665634155,0.001823697704821825,0.0003991127014160156,326911,0.002171821,0.0012538305018097162,0.0012538080336526036,0.0012538278242573142
9769,dct_mid_nontargeted_white_box_eps0.0627_iter6,0.045454545454545456,0.022727272727272728,0.9974089,47.75984883493771,0.9994710683822632,0.9995038509368896,0.007394570857286453,0.0016284584999084473,372281,0.0065774824,0.0033097388222813606,0.0033119458239525557,0.0032935705967247486
163257,dct_mid_nontargeted_white_box_eps0.0627_iter1,0.11111111111111109,0.05454545454545455,0.99898434,58.111398031305,0.9998390078544617,0.9999145865440369,0.007959023118019104,0.00011324882507324219,296790,0.0021418529,0.0012321285903453827,0.0012307076249271631,0.0012327204458415508
361551,dct_mid_nontargeted_white_box_eps0.0627_iter1,0.09090909090909093,0.08021390374331551,0.99910146,58.03421682900505,0.9998380541801453,0.9999222159385681,0.004658768884837627,0.00040352344512939453,324967,0.002171934,0.0012539626331999898,0.0012539168819785118,0.0012539392337203026
342971,dct_mid_nontargeted_white_box_eps0.0627_iter1,0.5000000000000001,0.3333333333333334,0.9992614,58.04002368223444,0.9998722076416016,0.9999536275863647,0.005994540639221668,0.00018489360809326172,309493,0.0021701658,0.0012516527203842998,0.0012524693738669157,0.001252681715413928
361919,dct_mid_nontargeted_white_box_eps0.0627_iter6,0.14049586776859502,0.13939393939393943,0.99291664,48.228033874793816,0.998613715171814,0.9992364645004272,0.04663306102156639,0.003057122230529785,358705,0.006163095,0.003095452208071947,0.0030702000949531794,0.003099510446190834
138115,dct_mid_nontargeted_white_box_eps0.0627_iter12,0.3333333333333334,0.20000000000000004,0.98681456,47.025238932497444,0.9979724884033203,0.9987759590148926,0.06769365072250366,0.003183722496032715,361014,0.006892598,0.0034469556994736195,0.0034973397850990295,0.0034642834216356277
374369,dct_mid_nontargeted_white_box_eps0.0627_iter2,0.25000000000000006,0.20000000000000004,0.9969887,55.01088109115622,0.9994537830352783,0.9996967911720276,0.040144551545381546,0.001412034034729004,206590,0.002755595,0.0012631742283701897,0.0012571129482239485,0.0012528146617114544
357742,dct_mid_nontargeted_white_box_eps0.0627_iter1,0.25000000000000006,0.20000000000000004,0.9989786,58.049636341769585,0.9997897148132324,0.9999474883079529,0.007160994224250317,0.00016033649444580078,383911,0.0021671965,0.0012495663249865174,0.001249474473297596,0.0012494284892454743
439854,dct_mid_nontargeted_white_box_eps0.0627_iter8,0.17045454545454547,0.04935064935064935,0.9905246,48.674003461002506,0.9985601305961609,0.9991005063056946,0.08045676350593567,0.006747066974639893,337885,0.0057042306,0.0028304955922067165,0.002870716853067279,0.002868683310225606
465836,dct_mid_nontargeted_white_box_eps0.0627_iter4,0.25000000000000006,0.20000000000000004,0.997639,51.487626782376154,0.9996250867843628,0.9997444152832031,0.010684080421924591,0.0016154646873474121,292619,0.0041876724,0.002037575002759695,0.002037749160081148,0.0020355000160634518
414385,dct_mid_nontargeted_white_box_eps0.0627_iter1,0.33939393939393947,0.2828282828282829,0.9988942,58.0443559083642,0.999796986579895,0.9998952150344849,0.0069304280914366245,0.0006271600723266602,306868,0.0021687218,0.0012503170873969793,0.0012510110391303897,0.001251701731234789
322724,dct_mid_nontargeted_white_box_eps0.0627_iter8,0.13636363636363638,0.0909090909090909,0.9910352,48.085433524542,0.9985735416412354,0.9989823698997498,0.07509682327508926,0.0052634477615356445,354335,0.0060540545,0.0030027267057448626,0.0030408529564738274,0.0030704797245562077
579635,dct_mid_nontargeted_white_box_eps0.0627_iter11,0.25000000000000006,0.0,0.9890017,47.353293497964835,0.9979373812675476,0.9991303086280823,0.07468952238559723,0.007336616516113281,372947,0.0067329705,0.003478807397186756,0.0035074055194854736,0.0034969402477145195
295316,dct_mid_nontargeted_white_box_eps0.0627_iter6,0.24242424242424246,0.18181818181818185,0.9941867,49.89994491087646,0.9989039897918701,0.9994315505027771,0.030934877693653107,0.0013892650604248047,317137,0.0049789613,0.002451277105137706,0.0024666108656674623,0.0024619181640446186
223959,dct_mid_nontargeted_white_box_eps0.0627_iter10,0.3333333333333334,0.0,0.9902296,47.59802434734226,0.9982751607894897,0.9991220235824585,0.044864214956760406,0.002315998077392578,362597,0.006530297,0.003249539528042078,0.0032513916958123446,0.0032513521146029234
411817,dct_mid_nontargeted_white_box_eps0.0627_iter1,0.09724025974025975,0.08525733525733527,0.9994321,58.11031850086539,0.9999164342880249,0.9999345541000366,0.0018008509650826454,0.00033777952194213867,313145,0.0021455328,0.0012318560620769858,0.00123370043002069,0.0012309369631111622
215259,dct_mid_nontargeted_white_box_eps0.0627_iter2,0.1666666666666667,0.14285714285714288,0.99792653,54.6513073445896,0.9996732473373413,0.9998170733451843,0.01299302838742733,0.00035119056701660156,195557,0.0028480678,0.0013605998829007149,0.0013746191980317235,0.0013662257697433233
147729,dct_mid_nontargeted_white_box_eps0.0627_iter1,0.17316017316017318,0.15151515151515152,0.9990708,58.039777852201375,0.9998235702514648,0.9999040961265564,0.008230898529291153,0.0005781650543212891,301408,0.002170351,0.0012515857815742493,0.00125337322242558,0.0012520784512162209
579307,dct_mid_nontargeted_white_box_eps0.0627_iter9,0.20000000000000004,0.13636363636363638,0.99137306,46.2139214814367,0.9984043836593628,0.9988377690315247,0.03784246742725372,0.004462122917175293,375699,0.007611736,0.003990446217358112,0.00398551719263196,0.004002959001809359
154425,dct_mid_nontargeted_white_box_eps0.0627_iter7,0.5000000000000001,0.3333333333333334,0.99539423,47.74016765808719,0.9991888999938965,0.9994198679924011,0.010306665673851967,0.0008438825607299805,372244,0.0065160333,0.0033902833238244057,0.0034252600744366646,0.0033947103656828403
432898,dct_mid_nontargeted_white_box_eps0.0627_iter3,0.17364817001180638,0.14754689754689754,0.99697787,52.84345909961766,0.9994246363639832,0.9995995759963989,0.03202756494283676,0.002591729164123535,313788,0.003660097,0.0019714722875505686,0.001976792234927416,0.001979443710297346
404923,dct_mid_nontargeted_white_box_eps0.0627_iter5,0.24242424242424246,0.18181818181818185,0.99736,50.43346400982165,0.9993677139282227,0.9995427131652832,0.008551770821213722,0.0005311965942382812,339086,0.004750881,0.0025167695712298155,0.0025149306748062372,0.002517497166991234
130586,dct_mid_nontargeted_white_box_eps0.0627_iter4,0.5000000000000001,0.3333333333333334,0.9978067,50.54687115585907,0.9995591640472412,0.9995750784873962,0.035242751240730286,0.002158939838409424,340851,0.0046008574,0.0023116525262594223,0.0023228779900819063,0.0023279013112187386
163057,dct_mid_nontargeted_white_box_eps0.0627_iter2,0.13118686868686869,0.10999770431588614,0.9986314,54.60501568847224,0.9996952414512634,0.9998328685760498,0.0070496066473424435,0.0008459091186523438,224185,0.0029208171,0.0013810693053528666,0.0013938021147623658,0.0013732195366173983
67406,dct_mid_nontargeted_white_box_eps0.0627_iter10,0.3333333333333334,0.21212121212121215,0.987202,47.68476887878526,0.9976038932800293,0.9979759454727173,0.11463233828544617,0.007445812225341797,358038,0.0064338003,0.0032089988235384226,0.0032086861319839954,0.003229728899896145
290179,dct_mid_nontargeted_white_box_eps0.0627_iter1,0.07954545454545456,0.0,0.9993771,58.03638428613684,0.9998909831047058,0.9999482035636902,0.0029372123535722494,0.0001933574676513672,345081,0.0021712726,0.0012532080290839076,0.0012533115223050117,0.0012534377165138721
248752,dct_mid_nontargeted_white_box_eps0.0627_iter13,0.3333333333333334,0.25000000000000006,0.9860199,46.76522869032674,0.9977158308029175,0.9989922642707825,0.10948120057582855,0.0038712620735168457,377282,0.0071843932,0.0037274116184562445,0.0037338240072131157,0.0037241026293486357
54593,dct_mid_nontargeted_white_box_eps0.0627_iter3,0.13419913419913423,0.12121212121212123,0.99915427,51.59990537264564,0.9998056888580322,0.9998279213905334,0.0020587770268321037,0.00046050548553466797,327503,0.0043185796,0.0023026946000754833,0.002326171612367034,0.002323590451851487
137294,dct_mid_nontargeted_white_box_eps0.0627_iter3,0.1090909090909091,0.09090909090909093,0.9966983,51.82470929762214,0.9994180202484131,0.9996234774589539,0.022140702232718468,0.0007517337799072266,312110,0.004173801,0.0022441886831074953,0.002251899568364024,0.0022465370129793882
410880,dct_mid_nontargeted_white_box_eps0.0627_iter1,0.17045454545454547,0.14772727272727276,0.9993966,58.08422254575063,0.9999061822891235,0.9999432563781738,0.0024201064370572567,0.00012493133544921875,315933,0.0021554602,0.0012418186524882913,0.0012433230876922607,0.0012336241779848933
311180,dct_mid_nontargeted_white_box_eps0.0627_iter7,0.3333333333333334,0.25000000000000006,0.9948585,49.280971422624596,0.9991605281829834,0.9994465112686157,0.01858997344970703,0.001791834831237793,346994,0.0053833,0.00283854641020298,0.00283390493132174,0.002837624866515398
349184,dct_mid_nontargeted_white_box_eps0.0627_iter1,0.10545454545454547,0.09818181818181819,0.99964195,58.05650349246348,0.9999396800994873,0.9999412298202515,0.001347636105492711,0.0001729130744934082,320430,0.0021644556,0.0012476060073822737,0.0012470934307202697,0.0012478737626224756
74058,dct_mid_nontargeted_white_box_eps0.0627_iter9,0.18181818181818182,0.1681818181818182,0.9955216,48.15548977115303,0.9991298913955688,0.9996837973594666,0.024257441982626915,0.0015746355056762695,395189,0.0061878627,0.0032087108120322227,0.0030747968703508377,0.0031656655482947826
210273,dct_mid_nontargeted_white_box_eps0.0627_iter1,0.3328925619834711,0.2909090909090909,0.9984114,58.63912074244677,0.999894380569458,0.9999377727508545,0.0034380541183054447,0.0003064274787902832,252760,0.00197671,0.0010906720999628305,0.0010903652291744947,0.0010916838655248284
446651,dct_mid_nontargeted_white_box_eps0.0627_iter1,0.27272727272727276,0.07272727272727272,0.9989514,58.28402055687199,0.9998822212219238,0.9999362826347351,0.004926598630845547,0.00037795305252075195,286924,0.0020814762,0.0011835299665108323,0.0011834772303700447,0.001184564782306552
194875,dct_mid_nontargeted_white_box_eps0.0627_iter1,0.10489510489510491,0.08484848484848487,0.9992979,58.091126550274666,0.9998968839645386,0.9999359250068665,0.0030795647762715816,0.00019562244415283203,282190,0.0021529752,0.0012373722856864333,0.0012384006986394525,0.0012371037155389786
52017,dct_mid_nontargeted_white_box_eps0.0627_iter6,0.5000000000000001,0.3333333333333334,0.99085313,49.99344780944838,0.9984127283096313,0.9976415634155273,0.12656238675117493,0.01832711696624756,309208,0.004887922,0.0024348022416234016,0.0024219155311584473,0.0024239313788712025
336309,dct_mid_nontargeted_white_box_eps0.0627_iter3,1.0000000000000002,0.5000000000000001,0.99548656,53.23726939075119,0.9992411136627197,0.9995185136795044,0.05589847266674042,0.0041887760162353516,297199,0.0034736078,0.0018874012166634202,0.0018861853750422597,0.001885398873127997
227478,dct_mid_nontargeted_white_box_eps0.0627_iter9,0.13636363636363638,0.1090909090909091,0.9975736,48.22838531807556,0.9994280338287354,0.9997326135635376,0.00928165577352047,0.0006528496742248535,394348,0.006128335,0.00318897794932127,0.0031278880778700113,0.0032141664996743202
339870,dct_mid_nontargeted_white_box_eps0.0627_iter5,0.13636363636363635,0.0909090909090909,0.994809,50.24631517971471,0.9991028308868408,0.9995694160461426,0.02887246012687683,0.0033139586448669434,343805,0.0048857243,0.002577883191406727,0.0025768373161554337,0.002577145118266344
327601,dct_mid_nontargeted_white_box_eps0.0627_iter2,0.20000000000000004,0.1666666666666667,0.99817824,54.286355744561554,0.9997000694274902,0.9998347163200378,0.016855744644999504,0.0011690855026245117,219497,0.0030736565,0.0014906303258612752,0.0014867079444229603,0.0014828324783593416
255749,dct_mid_nontargeted_white_box_eps0.0627_iter1,0.8636363636363638,0.6666666666666669,0.99830717,58.77676787470155,0.9997949600219727,0.9999499320983887,0.0044097900390625,0.0008894205093383789,278848,0.0019625265,0.0010570198064669967,0.0010566951241344213,0.0010569216683506966
8762,dct_mid_nontargeted_white_box_eps0.0627_iter2,0.7272727272727275,0.7103896103896106,0.9970729,55.01479227335292,0.9994797706604004,0.9995787143707275,0.03291799873113632,0.0013967156410217285,182661,0.0026792097,0.001262514851987362,0.0012543272459879518,0.0012588490499183536
526392,dct_mid_nontargeted_white_box_eps0.0627_iter7,0.24242424242424246,0.18181818181818185,0.993196,48.07527267729167,0.9990035891532898,0.9994494915008545,0.04157039523124695,0.0024111270904541016,369822,0.006260835,0.0032463751267641783,0.003280608681961894,0.0032700339797884226
580757,dct_mid_nontargeted_white_box_eps0.0627_iter4,0.5000000000000001,0.0,0.99722,51.09545646395516,0.9995294809341431,0.9997368454933167,0.007486541755497456,0.0004145503044128418,303388,0.0044006407,0.0021566885989159346,0.0021537847351282835,0.002162013668566942
165039,dct_mid_nontargeted_white_box_eps0.0627_iter1,0.6148415977961433,0.5703914141414143,0.9993177,58.05811461725363,0.9998874664306641,0.9999400973320007,0.002745997626334429,0.0005021095275878906,319416,0.0021648654,0.00124229840002954,0.0012499672593548894,0.0012489291839301586
148719,dct_mid_nontargeted_white_box_eps0.0627_iter4,0.5151515151515152,0.4848484848484849,0.9983093,49.64875067161212,0.999666690826416,0.9997097253799438,0.003620182629674673,0.0002650618553161621,345865,0.005323227,0.0026828041300177574,0.0027251902502030134,0.0026914000045508146
108440,dct_mid_nontargeted_white_box_eps0.0627_iter12,1.0000000000000002,0.5000000000000001,0.9876504,46.720813117791984,0.9982731342315674,0.9991694092750549,0.04298271983861923,0.0026776790618896484,368724,0.0072579426,0.0035418551415205,0.003569258376955986,0.0036518066190183163
489842,dct_mid_nontargeted_white_box_eps0.0627_iter1,0.14797789929368874,0.14373081463990559,0.9997392,58.04676766482761,0.9999436140060425,0.9999748468399048,0.0005620714509859681,3.802776336669922e-05,407030,0.0021681048,0.0012503062607720494,0.001250358414836228,0.0012502936879172921
423229,dct_mid_nontargeted_white_box_eps0.0627_iter1,0.4000000000000001,0.28571428571428575,0.9997012,58.05958809782393,0.9999436736106873,0.999970018863678,0.002169128507375717,0.00011080503463745117,339815,0.0021637517,0.001248565036803484,0.0012474656105041504,0.0012438896810635924
323828,dct_mid_nontargeted_white_box_eps0.0627_iter1,0.03636363636363636,0.0,0.99971896,58.07083558434186,0.999946117401123,0.9999712705612183,0.000656247662845999,0.00019180774688720703,360139,0.0021604616,0.001244327169843018,0.0012425503227859735,0.0012433796655386686
334555,dct_mid_nontargeted_white_box_eps0.0627_iter2,0.27578671328671334,0.15850815850815853,0.9986345,53.95138899204341,0.9997678995132446,0.9998360872268677,0.0033769961446523666,0.00018906593322753906,237209,0.0032578132,0.0016000100877135992,0.0016132646705955267,0.00160432537086308
196759,dct_mid_nontargeted_white_box_eps0.0627_iter1,0.6666666666666669,0.4000000000000001,0.99902815,58.09494356264935,0.9998371601104736,0.9999065399169922,0.0058439127169549465,0.0002586841583251953,293303,0.0021493926,0.0012353132478892803,0.001236274722032249,0.0012380117550492287
61418,dct_mid_nontargeted_white_box_eps0.0627_iter25,0.11688311688311691,0.10227272727272729,0.9888161,43.8455220216113,0.997546911239624,0.9992440938949585,0.04017304256558418,0.0018845200538635254,400939,0.010140271,0.005179442930966616,0.005147384479641914,0.005178961902856827
526751,dct_mid_nontargeted_white_box_eps0.0627_iter12,0.06060606060606061,0.0,0.9893766,44.81678337439965,0.9976364970207214,0.9987751245498657,0.05556594580411911,0.007094323635101318,386226,0.008977164,0.00454596895724535,0.004508172627538443,0.004551302175968885
277020,dct_mid_nontargeted_white_box_eps0.0627_iter1,0.09090909090909093,0.08080808080808083,0.9984123,58.539652575288244,0.9998375773429871,0.9999303817749023,0.006889099255204201,0.0005040168762207031,265089,0.0019987728,0.001114815124310553,0.0011152219958603382,0.0011185131734237075
183716,dct_mid_nontargeted_white_box_eps0.0627_iter2,0.3333333333333334,0.25000000000000006,0.9983556,54.52747875910377,0.9997509717941284,0.9998210668563843,0.006269095465540886,0.00045311450958251953,191711,0.002900796,0.001408845535479486,0.00141149724368006,0.0014106238959357142
271997,dct_mid_nontargeted_white_box_eps0.0627_iter16,0.20000000000000004,0.0,0.9834525,45.99823831081817,0.9971570372581482,0.9986327290534973,0.0902443379163742,0.010337769985198975,380969,0.0078698555,0.003934485372155905,0.003930211532860994,0.003943910822272301
8532,dct_mid_nontargeted_white_box_eps0.0627_iter3,0.3333333333333334,0.25000000000000006,0.9965624,52.957510652387256,0.9994440078735352,0.9996551871299744,0.03920001536607742,0.002626776695251465,305683,0.0036034149,0.0019463622011244297,0.0019513514125719666,0.0019503920339047909
390555,dct_mid_nontargeted_white_box_eps0.0627_iter1,0.1547065623770169,0.1497569275644142,0.99973696,58.03960758089437,0.9999536871910095,0.9999735951423645,0.0005783154629170895,6.55055046081543e-05,394813,0.002170399,0.001251444686204195,0.001252730144187808,0.0012529854429885745
68409,dct_mid_nontargeted_white_box_eps0.0627_iter2,0.09727272727272727,0.08051948051948053,0.99946064,54.92762812027575,0.9999021291732788,0.999944806098938,0.0012899076100438833,0.00039464235305786133,252914,0.0028050828,0.0012813616776838899,0.00127768749371171,0.0012940225424245
2299,dct_mid_nontargeted_white_box_eps0.0627_iter4,0.18953486600545424,0.14496312758344843,0.99903154,51.99550199678471,0.9998582601547241,0.999906599521637,0.002308249706402421,0.00011223554611206055,318434,0.0039343946,0.0018973760306835175,0.0018679823260754347,0.0018898129928857088
11051,dct_mid_nontargeted_white_box_eps0.0627_iter10,0.18181818181818185,0.13636363636363638,0.98718137,47.14690590840968,0.9979019165039062,0.9987913370132446,0.09048536419868469,0.009243130683898926,365679,0.0068622376,0.0034416127018630505,0.003419947810471058,0.00343791744671762
360960,dct_mid_nontargeted_white_box_eps0.0627_iter2,0.09848484848484848,0.08116883116883117,0.9974661,54.87482717890876,0.9996457099914551,0.99978107213974,0.019870005548000336,0.0013919472694396973,168917,0.0026913462,0.0013045636005699635,0.0013059028424322605,0.001309134648181498
421455,dct_mid_nontargeted_white_box_eps0.0627_iter4,0.3333333333333334,0.1666666666666667,0.9959547,51.52132357328299,0.999297559261322,0.9996722340583801,0.029941055923700333,0.0021740198135375977,308722,0.0042120474,0.0020218684803694487,0.0020240438170731068,0.0020449445582926273
504589,dct_mid_nontargeted_white_box_eps0.0627_iter3,0.20000000000000004,0.1666666666666667,0.99856097,52.87664598285478,0.9997259974479675,0.999847412109375,0.008225573226809502,0.000983119010925293,342165,0.0036712694,0.0019756502006202936,0.001973576843738556,0.0019357545534148812
23034,dct_mid_nontargeted_white_box_eps0.0627_iter4,0.25000000000000006,0.16666666666666663,0.99771863,50.530346529196855,0.9995955228805542,0.9997848272323608,0.01033020205795765,0.001444697380065918,325024,0.0047548916,0.0023490518797188997,0.002360389567911625,0.002359000500291586
141671,dct_mid_nontargeted_white_box_eps0.0627_iter1,0.10454545454545455,0.07323232323232325,0.9995366,58.03533415738052,0.9998967051506042,0.9999780058860779,0.000981912948191166,8.112192153930664e-05,407147,0.0021715956,0.0012536569265648723,0.0012535832356661558,0.0012536293361335993
506656,dct_mid_nontargeted_white_box_eps0.0627_iter5,0.4000000000000001,0.25000000000000006,0.9949682,49.71162848101092,0.9990167021751404,0.9995400309562683,0.02220957726240158,0.0018870234489440918,368179,0.0052458732,0.0027279844507575035,0.0027595695573836565,0.0027585732750594616
272566,dct_mid_nontargeted_white_box_eps0.0627_iter3,0.12500000000000003,0.07727272727272726,0.99926233,50.6129478867546,0.9998414516448975,0.9998214840888977,0.0014479946112260222,0.00046378374099731445,325139,0.0049181655,0.0026628361083567142,0.0026783007197082043,0.002648463472723961
424551,dct_mid_nontargeted_white_box_eps0.0627_iter1,0.25000000000000006,0.20000000000000004,0.99914765,58.03490607467745,0.9998205900192261,0.9999364018440247,0.004625373985618353,0.00023639202117919922,356293,0.0021717302,0.001253616064786911,0.0012537739239633083,0.0012538210721686482
341719,dct_mid_nontargeted_white_box_eps0.0627_iter2,0.20454545454545459,0.19696969696969702,0.9985965,54.173531540119015,0.9997119903564453,0.9998841881752014,0.00770934484899044,0.00048828125,253362,0.0031737443,0.0015177124878391623,0.0015288443537428975,0.0015291367890313268
72795,dct_mid_nontargeted_white_box_eps0.0627_iter1,0.13898496037533473,0.12559687786960513,0.999662,58.052266919863634,0.9999337196350098,0.9999603629112244,0.001053741667419672,0.00011712312698364258,324647,0.0021660847,0.0012477472191676497,0.0012499034637585282,0.001248593325726688
43816,dct_mid_nontargeted_white_box_eps0.0627_iter10,0.12500000000000003,0.11038961038961037,0.9944002,46.45439134882136,0.9988534450531006,0.998871922492981,0.014738315716385841,0.0018642544746398926,367150,0.007355347,0.003725130809471011,0.0037305522710084915,0.0037162897642701864
455555,dct_mid_nontargeted_white_box_eps0.0627_iter26,0.1666666666666667,0.14285714285714288,0.9775458,43.55705104016934,0.9968196749687195,0.9988904595375061,0.049882881343364716,0.002611696720123291,395974,0.010479208,0.005196390673518181,0.0051588076166808605,0.005285871215164661
30504,dct_mid_nontargeted_white_box_eps0.0627_iter1,0.20000000000000004,0.1666666666666667,0.9994592,58.03815009504235,0.9999100565910339,0.9999570250511169,0.0018514085095375776,0.0001800060272216797,330083,0.0021707811,0.0012520095333456993,0.001253114896826446,0.001253292546607554
473118,dct_mid_nontargeted_white_box_eps0.0627_iter1,0.14285714285714288,0.12500000000000003,0.999203,58.07277095336954,0.9998668432235718,0.9999464154243469,0.004528369754552841,0.00017064809799194336,311868,0.0021613522,0.0012209604028612375,0.0012537183938547969,0.0012539176968857646
97278,dct_mid_nontargeted_white_box_eps0.0627_iter1,0.3333333333333334,0.25000000000000006,0.9992611,58.14732823350782,0.999868631362915,0.9999322295188904,0.0030089225620031357,0.00019043684005737305,313038,0.0021313927,0.001218293560668826,0.0012177214957773685,0.0012290830491110682
567640,dct_mid_nontargeted_white_box_eps0.0627_iter4,0.2575757575757576,0.2181818181818182,0.9959726,49.823920308323565,0.9993500709533691,0.9995117783546448,0.011878596618771553,0.0013590455055236816,324560,0.005136827,0.0026276742573827505,0.0026447882410138845,0.0026164893060922623
532493,dct_mid_nontargeted_white_box_eps0.0627_iter10,0.3333333333333334,0.25000000000000006,0.9969005,47.59138003336555,0.9992615580558777,0.9995115399360657,0.008425913751125336,0.002567470073699951,370940,0.0066100215,0.003252399852499366,0.003259495599195361,0.0032465639524161816
410456,dct_mid_nontargeted_white_box_eps0.0627_iter3,0.20000000000000004,0.16363636363636366,0.99799174,51.516225589135026,0.9996389746665955,0.9997724294662476,0.004353115800768137,0.0009360313415527344,327745,0.004362316,0.0023380822967737913,0.002350656781345606,0.0023437747731804848
441286,dct_mid_nontargeted_white_box_eps0.0627_iter1,0.3333333333333334,0.25000000000000006,0.99933547,58.038088831990315,0.9998723864555359,0.9999350309371948,0.0034905457869172096,0.0002263784408569336,318519,0.0021707758,0.0012526976643130183,0.0012532728724181652,0.0012525005731731653
279541,dct_mid_nontargeted_white_box_eps0.0627_iter14,0.12500000000000003,0.0,0.9888553,44.33241650729185,0.9981047511100769,0.9989168047904968,0.04614175483584404,0.006607532501220703,389028,0.009465419,0.0047960844822227955,0.004792966414242983,0.004775198642164469
885,dct_mid_nontargeted_white_box_eps0.0627_iter1,0.207396331738437,0.18650793650793654,0.99871343,58.03655949207104,0.9997706413269043,0.9998682141304016,0.015251880511641502,0.0007349252700805664,302046,0.0021712037,0.0012529570376500487,0.001253240741789341,0.0012536149006336927
229849,dct_mid_nontargeted_white_box_eps0.0627_iter2,0.08933080808080807,0.08008658008658008,0.99876624,53.58838398455789,0.9998254776000977,0.9999061822891235,0.004831531550735235,0.0005956888198852539,255733,0.0034578056,0.0017431811429560184,0.0017494690837338567,0.0017451398307457566
39551,dct_mid_nontargeted_white_box_eps0.0627_iter2,0.20000000000000004,0.1666666666666667,0.9978195,54.85985534441575,0.9995793104171753,0.999793291091919,0.008224239572882652,0.0006315112113952637,195015,0.002760379,0.0013066137908026576,0.0013034933945164084,0.001299446215853095
193348,dct_mid_nontargeted_white_box_eps0.0627_iter10,0.5000000000000001,0.25000000000000006,0.98795986,47.92142721308831,0.9979541301727295,0.9989643692970276,0.09586179256439209,0.005236625671386719,352647,0.0062438957,0.0031303511932492256,0.003123075934126973,0.0031284464057534933
341681,dct_mid_nontargeted_white_box_eps0.0627_iter3,0.25000000000000006,0.20000000000000004,0.9963375,53.10688464068319,0.9993375539779663,0.9996963739395142,0.02374144271016121,0.001265883445739746,305776,0.0035415653,0.0019119768403470516,0.0019165074918419123,0.0019131943117827177
83172,dct_mid_nontargeted_white_box_eps0.0627_iter11,0.1666666666666667,0.1272727272727273,0.98711324,47.071577106563616,0.9976845979690552,0.9984617829322815,0.07547353208065033,0.005476593971252441,367502,0.0068579298,0.0035908957943320274,0.003572475863620639,0.00360981491394341
343524,dct_mid_nontargeted_white_box_eps0.0627_iter5,0.25000000000000006,0.20000000000000004,0.99375767,50.56005969712924,0.9988346099853516,0.9994189739227295,0.03202127665281296,0.0018401145935058594,344968,0.0047152303,0.002480137627571821,0.002476112451404333,0.002481343224644661
388056,dct_mid_nontargeted_white_box_eps0.0627_iter6,0.10606060606060608,0.09090909090909093,0.9961502,47.31517338016435,0.99931401014328,0.9993740916252136,0.008928131312131882,0.0009870529174804688,367066,0.00686459,0.0035022941883653402,0.0035349170211702585,0.0035187620669603348
235836,dct_mid_nontargeted_white_box_eps0.0627_iter15,0.1666666666666667,0.08333333333333336,0.9915736,42.15378574125937,0.9985493421554565,0.9981397986412048,0.022748742252588272,0.00524592399597168,401075,0.0123129515,0.00631361547857523,0.006461784243583679,0.006355124060064554
343218,dct_mid_nontargeted_white_box_eps0.0627_iter1,0.21212121212121215,0.18181818181818185,0.9990259,58.03559147769726,0.9998258352279663,0.9999336004257202,0.005613499321043491,0.000650942325592041,312757,0.0021715132,0.0012534884735941887,0.001253634225577116,0.0012535193236544728
205105,dct_mid_nontargeted_white_box_eps0.0627_iter2,0.3333333333333334,0.25000000000000006,0.99779063,54.873831673073035,0.9996020197868347,0.9997946619987488,0.014461033046245575,0.0010590553283691406,190657,0.0027676888,0.0013044397346675396,0.0013029485708102584,0.0013083452358841896
513283,dct_mid_nontargeted_white_box_eps0.0627_iter2,0.06818181818181819,0.0,0.9979555,54.69128804495262,0.999701738357544,0.9998058080673218,0.01858876645565033,0.00045931339263916016,180911,0.0027872035,0.0013552634045481682,0.0013570204610005021,0.001353157451376319
308531,dct_mid_nontargeted_white_box_eps0.0627_iter1,0.25000000000000006,0.20000000000000004,0.999571,58.15128421840364,0.9999212026596069,0.9999553561210632,0.001791201182641089,0.00010246038436889648,339339,0.002134188,0.0012273824540898204,0.0012271641753613949,0.0012072360841557384
497599,dct_mid_nontargeted_white_box_eps0.0627_iter3,0.13636363636363638,0.1090909090909091,0.9970732,52.87585386308139,0.9995397925376892,0.9997678995132446,0.01665475219488144,0.0017312169075012207,310219,0.0036485596,0.0019674068316817284,0.0019730532076209784,0.0019654054194688797
167486,dct_mid_nontargeted_white_box_eps0.0627_iter3,0.30303030303030304,0.2272727272727273,0.9974467,51.89768922359931,0.9995495676994324,0.9997061491012573,0.010325498878955841,0.0014562606811523438,294514,0.004108237,0.0022362961899489164,0.002227890072390437,0.0021737562492489815
191013,dct_mid_nontargeted_white_box_eps0.0627_iter1,0.5454545454545455,0.4545454545454547,0.99922055,58.04133421472994,0.9998654127120972,0.9999304413795471,0.006321006454527378,0.00045800209045410156,297946,0.0021699432,0.0012523123295977712,0.0012536547146737576,0.0012496947310864925
163562,dct_mid_nontargeted_white_box_eps0.0627_iter11,0.3333333333333334,0.1666666666666667,0.98814625,46.78512562278766,0.998100996017456,0.9987577199935913,0.08704172819852829,0.005662798881530762,366378,0.00706193,0.0037248199805617332,0.003720886306837201,0.0037302959244698286
232563,dct_mid_nontargeted_white_box_eps0.0627_iter3,0.19318181818181815,0.10000000000000002,0.99715,52.38480161671931,0.9993810057640076,0.9998008012771606,0.01712951622903347,0.0007905364036560059,363141,0.003897822,0.002071836031973362,0.0021091981325298548,0.002071517053991556
520910,dct_mid_nontargeted_white_box_eps0.0627_iter1,0.1666666666666667,0.14285714285714288,0.9987566,58.039189514552525,0.9997953772544861,0.9998636841773987,0.020564977079629898,0.0015967488288879395,310772,0.0021704794,0.0012508209329098463,0.0012527863727882504,0.0012538825394585729
131273,dct_mid_nontargeted_white_box_eps0.0627_iter5,0.5000000000000001,0.1666666666666667,0.9955587,50.70499913989559,0.9991662502288818,0.999517023563385,0.019005149602890015,0.0016960501670837402,350190,0.0046431203,0.0024375806096941233,0.002448686631396413,0.002442573430016637
472375,dct_mid_nontargeted_white_box_eps0.0627_iter3,0.25000000000000006,0.20000000000000004,0.99735546,52.236674701859265,0.9996389150619507,0.9997643232345581,0.023146696388721466,0.0013628602027893066,316780,0.003937999,0.002134578302502632,0.00200424506329,0.0021569435484707355
17436,dct_mid_nontargeted_white_box_eps0.0627_iter18,0.20000000000000004,0.1666666666666667,0.9882243,44.75423728612861,0.9973390102386475,0.9993066787719727,0.044961120933294296,0.0027272701263427734,391181,0.0091146575,0.004539868328720331,0.004511168226599693,0.004616816993802786
177934,dct_mid_nontargeted_white_box_eps0.0627_iter2,0.4242424242424243,0.31818181818181823,0.9989223,53.6184440151235,0.9997963309288025,0.999866783618927,0.0080077163875103,0.0005654096603393555,266222,0.0034514992,0.0017627052729949355,0.0017265251372009516,0.001724290195852518
571718,dct_mid_nontargeted_white_box_eps0.0627_iter2,0.14285714285714288,0.034090909090909095,0.99897486,53.925281487875324,0.9998394846916199,0.9999027848243713,0.003434880403801799,0.00019288063049316406,267509,0.003302071,0.0015860626008361578,0.0016103547532111406,0.001651700004003942
135673,dct_mid_nontargeted_white_box_eps0.0627_iter2,1.0000000000000002,0.3333333333333334,0.9975548,55.002758810741376,0.9994980096817017,0.9990009069442749,0.017376653850078583,0.0014603137969970703,170721,0.0026328007,0.0012605309020727873,0.0012612843420356512,0.001258351025171578
134886,dct_mid_nontargeted_white_box_eps0.0627_iter2,0.2545454545454546,0.18181818181818185,0.9973406,54.95164990194115,0.9994722604751587,0.999703586101532,0.033692024648189545,0.0012941360473632812,217164,0.002792463,0.0012763133272528648,0.0012771146139129996,0.0012715532211586833
289222,dct_mid_nontargeted_white_box_eps0.0627_iter3,0.34090909090909094,0.09090909090909091,0.9972889,52.77127437230241,0.9995958805084229,0.9997606873512268,0.014370685443282127,0.0005509853363037109,297510,0.0036743951,0.001994495512917638,0.0019949576817452908,0.0019908526446670294
372819,dct_mid_nontargeted_white_box_eps0.0627_iter4,0.14285714285714288,0.12500000000000003,0.99935865,50.95146268955041,0.9998144507408142,0.9997864961624146,0.0012315151980146766,0.00023663043975830078,316770,0.004506284,0.0022019166499376297,0.0022109728306531906,0.0022099276538938284
310072,dct_mid_nontargeted_white_box_eps0.0627_iter1,0.20000000000000004,0.1666666666666667,0.9995534,58.20036124920993,0.9999246597290039,0.9999486804008484,0.0016462014755234122,9.679794311523438e-05,318888,0.0021088682,0.0012066502822563052,0.0012061640154570341,0.0012078259605914354
87144,dct_mid_nontargeted_white_box_eps0.0627_iter5,0.3090909090909092,0.2575757575757576,0.99651265,48.05533750630866,0.9994224309921265,0.9994997382164001,0.009573274292051792,0.0010200142860412598,375513,0.0064215995,0.0033668719697743654,0.003426774637773633,0.0034080541227012873
430875,dct_mid_nontargeted_white_box_eps0.0627_iter11,0.31818181818181823,0.0,0.9836537,47.58141273903248,0.9972679018974304,0.997938871383667,0.18556879460811615,0.015906691551208496,353975,0.006411942,0.0034086843952536583,0.0033985543996095657,0.003416153136640787
60347,dct_mid_nontargeted_white_box_eps0.0627_iter12,0.3333333333333334,0.0,0.9962415,45.68147017178041,0.9992448091506958,0.9993405938148499,0.009821664541959763,0.003533601760864258,384729,0.008206447,0.004090903326869011,0.004141960293054581,0.00410710321739316
42070,dct_mid_nontargeted_white_box_eps0.0627_iter2,0.8333333333333336,0.6250000000000002,0.99848574,54.33924529577055,0.9997516870498657,0.9998658895492554,0.00503698131069541,0.0004943609237670898,244061,0.0030802293,0.0014602201990783215,0.0014796449104323983,0.0014682876644656062
420916,dct_mid_nontargeted_white_box_eps0.0627_iter1,0.25000000000000006,0.20000000000000004,0.99956894,58.04817262195662,0.9999222755432129,0.9999449849128723,0.001346865203231573,8.559226989746094e-05,309214,0.0021675555,0.0012508210493251681,0.0012498347787186503,0.0012491155648604035
296224,dct_mid_nontargeted_white_box_eps0.0627_iter1,0.5151515151515152,0.3863636363636364,0.9993283,58.11281887120678,0.9998869895935059,0.9999537467956543,0.0027629858814179897,0.0001329183578491211,347724,0.0021484983,0.0012259611394256353,0.0012423736043274403,0.0012260249350219965
439715,dct_mid_nontargeted_white_box_eps0.0627_iter4,0.10389610389610392,0.10009182736455464,0.99852175,49.768677452232744,0.9997115135192871,0.999670147895813,0.0051902784034609795,0.0008389949798583984,341042,0.0052374904,0.002652691677212715,0.002660119906067848,0.002657754812389612
389566,dct_mid_nontargeted_white_box_eps0.0627_iter2,0.3333333333333334,0.20000000000000004,0.9983742,54.696379088796036,0.999689519405365,0.9998663663864136,0.009143415838479996,0.0005408525466918945,243779,0.0029170064,0.0013548642164096236,0.0013576409546658397,0.001347595127299428
78843,dct_mid_nontargeted_white_box_eps0.0627_iter5,0.27272727272727276,0.18181818181818185,0.99705034,49.79816545975679,0.9993917346000671,0.9995602369308472,0.01112376432865858,0.0012807250022888184,344881,0.0051357765,0.0027154639828950167,0.0027190723922103643,0.0027190784458070993
225532,dct_mid_nontargeted_white_box_eps0.0627_iter1,0.048484848484848485,0.045454545454545456,0.99887204,58.0377376192596,0.9998213648796082,0.999894917011261,0.008875155821442604,0.0008047819137573242,278210,0.0021709686,0.0012526848586276174,0.0012539374874904752,0.0012521520256996155
395633,dct_mid_nontargeted_white_box_eps0.0627_iter1,0.6363636363636365,0.5000000000000001,0.99909085,58.03559207369267,0.9998170137405396,0.9999266266822815,0.008487192913889885,0.0004099607467651367,340354,0.002171524,0.00125330057926476,0.001253501046448946,0.0012538247974589467
419096,dct_mid_nontargeted_white_box_eps0.0627_iter1,1.0000000000000002,0.3333333333333334,0.9991672,58.03465754503663,0.9998721480369568,0.9999493956565857,0.010325100272893906,0.0007930994033813477,323659,0.002171817,0.0012538869632408023,0.0012536566937342286,0.0012539023300632834
466125,dct_mid_nontargeted_white_box_eps0.0627_iter7,0.0909090909090909,0.07070707070707072,0.99206287,47.837586889138,0.9988157749176025,0.9991782903671265,0.031422823667526245,0.0027152299880981445,363237,0.0063769855,0.003355431603267789,0.003374220337718725,0.003322977339848876
414795,dct_mid_nontargeted_white_box_eps0.0627_iter2,0.16363636363636366,0.16103896103896106,0.99906474,54.00817583127111,0.9998140335083008,0.9998722672462463,0.0021643582731485367,0.00015723705291748047,248453,0.0032414242,0.0015791725600138307,0.0015939222648739815,0.0015811799094080925
508101,dct_mid_nontargeted_white_box_eps0.0627_iter8,0.40909090909090917,0.30909090909090914,0.99159986,48.73855257621118,0.9984167814254761,0.9994562268257141,0.08512342721223831,0.005329430103302002,350696,0.005766223,0.002830896293744445,0.0028320990968495607,0.0028376395348459482
338624,dct_mid_nontargeted_white_box_eps0.0627_iter11,0.14285714285714285,0.12500000000000003,0.99325323,45.49970218498653,0.9987131357192993,0.9992438554763794,0.02296929806470871,0.0019036531448364258,389939,0.00838625,0.004293474368751049,0.004288092255592346,0.004307928495109081
378454,dct_mid_nontargeted_white_box_eps0.0627_iter7,0.25000000000000006,0.20000000000000004,0.9932516,49.2536741792567,0.9986077547073364,0.9995483756065369,0.07671692967414856,0.008115589618682861,362580,0.005455258,0.0028430582024157047,0.0028516126330941916,0.002845378592610359
476215,dct_mid_nontargeted_white_box_eps0.0627_iter10,0.3333333333333334,0.25000000000000006,0.99172306,47.670136519702055,0.9981156587600708,0.9995128512382507,0.021395988762378693,0.002310812473297119,372074,0.006524797,0.0031949589028954506,0.003216963727027178,0.003270460059866309
247917,dct_mid_nontargeted_white_box_eps0.0627_iter4,0.24393939393939398,0.24173553719008262,0.9967188,49.81346863025622,0.9994393587112427,0.9996027946472168,0.013511533848941326,0.0013234615325927734,333611,0.0051810374,0.0026338689494878054,0.0026545473374426365,0.0026297620497643948
439522,dct_mid_nontargeted_white_box_eps0.0627_iter1,0.5000000000000001,0.25000000000000006,0.99872845,58.05390020673477,0.9997496008872986,0.9998924732208252,0.009060388430953026,0.0003103017807006836,361817,0.0021662058,0.0012521813623607159,0.0012513488763943315,0.001241267193108797
26690,dct_mid_nontargeted_white_box_eps0.0627_iter4,0.1272727272727273,0.09090909090909091,0.99523383,51.15314062481113,0.9992877840995789,0.9995965957641602,0.02516430988907814,0.0015180706977844238,285668,0.004316123,0.0021339906379580498,0.002141401171684265,0.0021356604993343353
176901,dct_mid_nontargeted_white_box_eps0.0627_iter1,0.21212121212121215,0.15909090909090912,0.99903584,58.035027397679606,0.999803900718689,0.999923050403595,0.006349110044538975,0.0002294778823852539,341358,0.0021716785,0.001253769383765757,0.0012537050060927868,0.001253625494427979
334767,dct_mid_nontargeted_white_box_eps0.0627_iter9,0.27272727272727276,0.20454545454545459,0.99686605,46.92794039125343,0.9994969367980957,0.9996233582496643,0.0061609442345798016,0.0007828474044799805,385165,0.0071489317,0.0036483139265328646,0.0036533880047500134,0.003694562241435051
301563,dct_mid_nontargeted_white_box_eps0.0627_iter10,0.12500000000000003,0.10606060606060608,0.9896955,47.58565714827934,0.9978262782096863,0.9989962577819824,0.0529048889875412,0.003678739070892334,370436,0.006619845,0.0032467434648424387,0.003266020445153117,0.0032640397548675537
86755,dct_mid_nontargeted_white_box_eps0.0627_iter1,0.09090909090909093,0.07792207792207793,0.9991062,58.041288423193755,0.9998047351837158,0.9999302625656128,0.004786659963428974,0.0008588433265686035,361782,0.0021698265,0.0012522810138761997,0.0012522690230980515,0.0012511423556134105
420281,dct_mid_nontargeted_white_box_eps0.0627_iter3,0.5000000000000001,0.4545454545454545,0.99721813,52.63691313623954,0.9995616674423218,0.9997429251670837,0.013088762760162354,0.0008717775344848633,307267,0.0037566277,0.0020294436253607273,0.0020266540814191103,0.0020223306491971016
77460,dct_mid_nontargeted_white_box_eps0.0627_iter1,0.0735930735930736,0.045454545454545456,0.99915075,58.03977284651285,0.9998630285263062,0.9999113082885742,0.005007641389966011,0.00017648935317993164,282342,0.002170313,0.0012522797333076596,0.0012532665859907866,0.0012514537665992975
14439,dct_mid_nontargeted_white_box_eps0.0627_iter1,0.11030527913644796,0.0954840613931523,0.99974984,58.15212038662651,0.9999491572380066,0.9999458193778992,0.0003316671936772764,3.063678741455078e-05,280348,0.0021396049,0.0012383711291477084,0.0012516491115093231,0.0011710621183738112
447314,dct_mid_nontargeted_white_box_eps0.0627_iter2,0.15151515151515152,0.13636363636363638,0.9977536,54.84405972849099,0.9995874166488647,0.9997523427009583,0.01492119301110506,0.0011889338493347168,199147,0.0027830664,0.0013083468656986952,0.001309399725869298,0.0013051098212599754
181303,dct_mid_nontargeted_white_box_eps0.0627_iter1,0.1666666666666667,0.0,0.99964684,58.04794402186761,0.9999196529388428,0.9999650120735168,0.000984793994575739,0.00024437904357910156,345518,0.0021676363,0.001250909874215722,0.0012504655169323087,0.0012485879706218839
58350,dct_mid_nontargeted_white_box_eps0.0627_iter4,0.12500000000000003,0.11111111111111113,0.99420905,50.67914357769016,0.9992181062698364,0.9995019435882568,0.03215992823243141,0.0008370280265808105,288078,0.0045579467,0.002282805973663926,0.0023001632653176785,0.002284100279211998
26465,dct_mid_nontargeted_white_box_eps0.0627_iter9,0.11111111111111113,0.06250000000000001,0.98993444,48.01492502350257,0.9983014464378357,0.9990326762199402,0.0731320008635521,0.00363844633102417,370103,0.0062584244,0.003250607056543231,0.0032646548934280872,0.003248128341510892
380913,dct_mid_nontargeted_white_box_eps0.0627_iter14,0.08181818181818182,0.07584415584415585,0.98845434,44.28993430860206,0.9986063838005066,0.9989156723022461,0.03416574373841286,0.0028296709060668945,387667,0.009513777,0.004765977151691914,0.004861694760620594,0.00480323052033782
32887,dct_mid_nontargeted_white_box_eps0.0627_iter10,0.20000000000000004,0.1666666666666667,0.9950387,47.378728751364605,0.9991543292999268,0.9995700716972351,0.019682280719280243,0.0019561052322387695,371075,0.006760207,0.003314577741548419,0.0034085738006979227,0.0033311506267637014
213035,dct_mid_nontargeted_white_box_eps0.0627_iter2,0.045454545454545456,0.022727272727272728,0.9975706,54.82637876539923,0.9995682239532471,0.9997820854187012,0.020595215260982513,0.0015109777450561523,206100,0.0028327657,0.001320020528510213,0.0013206201838329434,0.0013198148226365447
399205,dct_mid_nontargeted_white_box_eps0.0627_iter3,0.31565656565656575,0.2971861471861472,0.9988118,50.878970466871074,0.9997783899307251,0.9997788667678833,0.0026452436577528715,0.0003151893615722656,301738,0.004721391,0.002563025336712599,0.0025642155669629574,0.0025667508598417044
334399,dct_mid_nontargeted_white_box_eps0.0627_iter5,0.1272727272727273,0.07272727272727272,0.9934699,49.96913204775116,0.9989363551139832,0.9993626475334167,0.0460006445646286,0.0029708147048950195,344818,0.005012338,0.0026373115833848715,0.002623362001031637,0.002604532055556774
169996,dct_mid_nontargeted_white_box_eps0.0627_iter3,0.6868686868686869,0.6363636363636365,0.99799156,51.58711545607965,0.9996564388275146,0.9997521638870239,0.005430072546005249,0.00029212236404418945,340083,0.0043314104,0.0023210286162793636,0.0023282808251678944,0.00231840368360281
226417,dct_mid_nontargeted_white_box_eps0.0627_iter1,0.5823863636363638,0.5482954545454546,0.99962276,58.04543594234762,0.9999393820762634,0.9999628067016602,0.0012067556381225586,8.767843246459961e-05,336084,0.0021683055,0.001250458532012999,0.0012502535246312618,0.001251407666131854
481573,dct_mid_nontargeted_white_box_eps0.0627_iter8,0.3333333333333334,0.25000000000000006,0.9881103,47.15616790412624,0.9985862970352173,0.9993387460708618,0.0400550551712513,0.0026441216468811035,355074,0.006871508,0.0033544618636369705,0.0034561632201075554,0.0034692753106355667
123480,dct_mid_nontargeted_white_box_eps0.0627_iter9,0.25000000000000006,0.18181818181818185,0.9884979,48.182112301917535,0.9978972673416138,0.9986238479614258,0.08747054636478424,0.010181903839111328,366004,0.0061278776,0.0031822400633245707,0.0031964960508048534,0.0031935207080096006
274687,dct_mid_nontargeted_white_box_eps0.0627_iter1,0.3333333333333334,0.25000000000000006,0.999547,58.04756618050288,0.9999083280563354,0.9999358654022217,0.0014211416710168123,0.0001647472381591797,317370,0.002168108,0.001250480767339468,0.0012503633042797446,0.0012494460679590702
493286,dct_mid_nontargeted_white_box_eps0.0627_iter2,0.3863636363636364,0.37121212121212127,0.9983302,54.034586303833755,0.9997272491455078,0.9998131394386292,0.005886364262551069,0.00018322467803955078,215010,0.0031731604,0.0015758988447487354,0.001577290939167142,0.0015755625208839774
345027,dct_mid_nontargeted_white_box_eps0.0627_iter1,0.11660353535353536,0.11580086580086581,0.9991143,58.03985980581216,0.9998080134391785,0.9999217987060547,0.004269950091838837,0.00024968385696411133,333906,0.0021702184,0.0012515800772234797,0.0012522782199084759,0.0012530520325526595
279887,dct_mid_nontargeted_white_box_eps0.0627_iter6,0.022727272727272728,0.0,0.99353147,47.154766941182416,0.998961329460144,0.9993454217910767,0.0311653520911932,0.0019205212593078613,372627,0.0070380545,0.003570537781342864,0.0036184818018227816,0.0036176047287881374
230008,dct_mid_nontargeted_white_box_eps0.0627_iter2,0.8484848484848486,0.5151515151515152,0.9993021,53.92853877491436,0.9998962879180908,0.9998773336410522,0.001830164110288024,0.00011211633682250977,241575,0.0032783025,0.0016147344140335917,0.0016224822029471397,0.0016073912847787142
284698,dct_mid_nontargeted_white_box_eps0.0627_iter1,0.3333333333333334,0.25000000000000006,0.9994993,58.11044025949003,0.9999115467071533,0.9999563097953796,0.004269187804311514,0.0004572272300720215,325432,0.0021464592,0.0012359477113932371,0.001237342250533402,0.001223105937242508
102356,dct_mid_nontargeted_white_box_eps0.0627_iter5,0.25000000000000006,0.20000000000000004,0.99447346,49.3921243682853,0.9990482330322266,0.9993807077407837,0.03214985504746437,0.0016639232635498047,347752,0.005398683,0.0028538766782730818,0.0028668479062616825,0.002864805981516838
323709,dct_mid_nontargeted_white_box_eps0.0627_iter8,1.0000000000000002,0.0,0.99106836,48.57199704350823,0.9983572959899902,0.9988111853599548,0.07463732361793518,0.004092037677764893,337142,0.005763719,0.002892905380576849,0.0028909160755574703,0.0029041662346571684
33114,dct_mid_nontargeted_white_box_eps0.0627_iter4,0.3333333333333334,0.25000000000000006,0.9952772,51.21785381832129,0.999107837677002,0.9995836615562439,0.04823724552989006,0.002682983875274658,299670,0.0043341764,0.0021173281129449606,0.0021238746121525764,0.0021212950814515352
8690,dct_mid_nontargeted_white_box_eps0.0627_iter8,0.1272727272727273,0.11363636363636363,0.9933924,46.406887511680786,0.9988777041435242,0.9990870952606201,0.028205864131450653,0.003119349479675293,371172,0.007403835,0.00379792507737875,0.0037915727589279413,0.0038337588775902987
381639,dct_mid_nontargeted_white_box_eps0.0627_iter7,0.24772727272727277,0.21461038961038964,0.9945187,46.413703532253635,0.9990467429161072,0.9990873336791992,0.014696858823299408,0.0024053454399108887,376334,0.007492059,0.003965340554714203,0.0039642583578825,0.00396376010030508
284445,dct_mid_nontargeted_white_box_eps0.0627_iter2,0.3388429752066116,0.26406926406926406,0.9983856,53.94812253481655,0.9997155070304871,0.9998421669006348,0.01100517250597477,0.0007258057594299316,252072,0.0032782748,0.0016108135459944606,0.0016137792263180017,0.0015975289279595017
468124,dct_mid_nontargeted_white_box_eps0.0627_iter18,0.25000000000000006,0.20000000000000004,0.9895549,44.60456494735577,0.9981275796890259,0.9985089302062988,0.024464163929224014,0.004539430141448975,385437,0.009101548,0.004605139140039682,0.004610027652233839,0.004610249772667885
187144,dct_mid_nontargeted_white_box_eps0.0627_iter1,0.11818181818181821,0.10743801652892565,0.9993043,58.255572548597385,0.9998697638511658,0.9999282956123352,0.0038680722936987877,0.00015103816986083984,341402,0.0020963983,0.001197558012790978,0.0011960383271798491,0.00118129956535995
273198,dct_mid_nontargeted_white_box_eps0.0627_iter2,0.4000000000000001,0.3272727272727273,0.9990332,54.26836126733014,0.9998300075531006,0.9998753070831299,0.002951459027826786,9.524822235107422e-05,233163,0.0031045314,0.0014862079406157136,0.0015043579041957855,0.0014889389276504517
417779,dct_mid_nontargeted_white_box_eps0.0627_iter3,0.5272727272727273,0.43939393939393945,0.99813527,52.30008335398398,0.999591588973999,0.9997454881668091,0.004729152657091618,0.00041997432708740234,335596,0.00394989,0.0021103648468852043,0.0021177201997488737,0.0021138107404112816
447342,dct_mid_nontargeted_white_box_eps0.0627_iter3,0.5534238488783945,0.5422077922077922,0.9987474,51.245183083866394,0.9997751116752625,0.9998341202735901,0.0030526770278811455,0.0002536773681640625,337265,0.004533318,0.002430897206068039,0.0024305053520947695,0.002430235967040062
490125,dct_mid_nontargeted_white_box_eps0.0627_iter9,0.20000000000000004,0.10000000000000002,0.9934502,46.92448817154647,0.9988487958908081,0.9992600083351135,0.024135135114192963,0.001778244972229004,383480,0.007151248,0.003701102454215288,0.0036644916981458664,0.0036760172806680202
183675,dct_mid_nontargeted_white_box_eps0.0627_iter2,0.3333333333333334,0.25000000000000006,0.9989826,54.470564093508436,0.9997982382774353,0.9998741149902344,0.0038587073795497417,0.00033211708068847656,206770,0.0029532758,0.001422507339157164,0.0014247818617150187,0.0014262013137340546
532058,dct_mid_nontargeted_white_box_eps0.0627_iter2,0.12500000000000003,0.11111111111111113,0.9979587,54.72763300562684,0.9996746778488159,0.999790370464325,0.01224335003644228,0.0007153749465942383,182279,0.00276535,0.001345546217635274,0.0013461053604260087,0.0013420225586742163
214200,dct_mid_nontargeted_white_box_eps0.0627_iter9,0.15909090909090912,0.12121212121212122,0.99066526,45.05214272302736,0.9985189437866211,0.9985737204551697,0.02151409536600113,0.0036259889602661133,390007,0.0088918675,0.0046659898944199085,0.004578649532049894,0.004627810325473547
578093,dct_mid_nontargeted_white_box_eps0.0627_iter1,0.6363636363636365,0.5000000000000001,0.99955577,58.04270096804175,0.9999192953109741,0.9999614953994751,0.0012900170404464006,0.00012826919555664062,367800,0.002169379,0.0012526970822364092,0.0012511505046859384,0.0012506538769230247
369751,dct_mid_nontargeted_white_box_eps0.0627_iter1,0.14285714285714288,0.12500000000000003,0.99956447,58.049644440799135,0.9999221563339233,0.9999462366104126,0.0025809709914028645,0.0001195073127746582,301810,0.0021674715,0.0012504534097388387,0.0012522488832473755,0.0012457937700673938
429011,dct_mid_nontargeted_white_box_eps0.0627_iter6,0.1666666666666667,0.14285714285714288,0.99402934,48.272717261826145,0.9989527463912964,0.9993332624435425,0.029146939516067505,0.0016838312149047852,352443,0.0060944958,0.0030691130086779594,0.0030573178082704544,0.0030794658232480288
301061,dct_mid_nontargeted_white_box_eps0.0627_iter9,0.20000000000000004,0.10000000000000002,0.9937064,47.411405120341385,0.9989873170852661,0.9994210004806519,0.026886604726314545,0.001969456672668457,382203,0.006764906,0.0034504022914916277,0.003532212693244219,0.003478867467492819
105264,dct_mid_nontargeted_white_box_eps0.0627_iter1,0.27272727272727276,0.268939393939394,0.9991989,58.08241987692508,0.999841570854187,0.9999249577522278,0.005274021066725254,0.0003910660743713379,343575,0.0021584341,0.001244353479705751,0.0012247965205460787,0.0012511515524238348
370711,dct_mid_nontargeted_white_box_eps0.0627_iter1,0.3333333333333334,0.25000000000000006,0.9998083,58.05297079619752,0.9999641180038452,0.9999595880508423,0.0004270369536243379,6.4849853515625e-05,309754,0.002165769,0.0012486540945246816,0.001249023131094873,0.0012479543220251799
25393,dct_mid_nontargeted_white_box_eps0.0627_iter3,0.2272727272727273,0.18181818181818182,0.9965728,52.718437939097555,0.9993910193443298,0.9996482729911804,0.018830303102731705,0.001943349838256836,312226,0.003725944,0.0020089868921786547,0.002006223890930414,0.0019997910130769014
471087,dct_mid_nontargeted_white_box_eps0.0627_iter10,0.3333333333333334,0.20000000000000004,0.9980641,47.85839268044397,0.9995222091674805,0.9997383952140808,0.008940499275922775,0.0003120899200439453,371705,0.006372165,0.0031586620025336742,0.0031033519189804792,0.0031916240695863962
106757,dct_mid_nontargeted_white_box_eps0.0627_iter2,0.05454545454545455,0.0,0.99889535,54.72866151969179,0.999771237373352,0.9998735785484314,0.00404218677431345,0.000425875186920166,217054,0.0028689518,0.0013392005348578095,0.0013410289539024234,0.0013464062940329313
183648,dct_mid_nontargeted_white_box_eps0.0627_iter4,0.20000000000000004,0.1666666666666667,0.9975829,50.44753467293636,0.999512791633606,0.9997115135192871,0.007908946834504604,0.0009174942970275879,334116,0.0048307898,0.002389693632721901,0.002383812330663204,0.002379358047619462
358525,dct_mid_nontargeted_white_box_eps0.0627_iter1,0.25000000000000006,0.1666666666666667,0.9992962,58.22081790842904,0.9998964071273804,0.9999337196350098,0.004497766029089689,0.0002143383026123047,286931,0.002097022,0.0012024170719087124,0.0012008518679067492,0.001200339524075389
519688,dct_mid_nontargeted_white_box_eps0.0627_iter1,0.5000000000000001,0.0,0.99896747,58.03439363189595,0.9998189210891724,0.99991774559021,0.01075683906674385,0.00032007694244384766,315452,0.0021718957,0.0012537098955363035,0.001253995462320745,0.001253983355127275
130699,dct_mid_nontargeted_white_box_eps0.0627_iter4,0.5548340548340549,0.5227272727272728,0.997535,50.874326955907996,0.9995269775390625,0.9996858239173889,0.007991541177034378,0.0007880926132202148,306849,0.004516294,0.0022300321143120527,0.0022381881717592478,0.002229852369055152
405249,dct_mid_nontargeted_white_box_eps0.0627_iter1,0.18181818181818185,0.15151515151515146,0.99950296,58.06013619152818,0.9999182224273682,0.999951958656311,0.002087206346914172,0.00025832653045654297,290896,0.0021633795,0.0012469174107536674,0.001249111839570105,0.0012434195959940553
235784,dct_mid_nontargeted_white_box_eps0.0627_iter4,0.3333333333333334,0.25000000000000006,0.99632955,51.64992974927191,0.9992852210998535,0.9995375871658325,0.031458307057619095,0.0024803876876831055,295649,0.0040977453,0.0019742699805647135,0.001978385029360652,0.0019964897073805332
537506,dct_mid_nontargeted_white_box_eps0.0627_iter1,0.15151515151515152,0.13636363636363638,0.9992935,58.059653728035734,0.9999048709869385,0.9999426007270813,0.004424727521836758,0.00022906064987182617,282783,0.002162643,0.0012433544034138322,0.0012482928577810526,0.0012482097372412682
119445,dct_mid_nontargeted_white_box_eps0.0627_iter4,0.14285714285714288,0.1272727272727273,0.99859285,50.8554561153953,0.9996947646141052,0.9997711777687073,0.003854708280414343,0.00033533573150634766,328435,0.0046015903,0.0022397630382329226,0.0022600966040045023,0.0022490888368338346
507015,dct_mid_nontargeted_white_box_eps0.0627_iter5,0.25000000000000006,0.20000000000000004,0.99768305,50.03175432893583,0.9994513392448425,0.9996724128723145,0.005215550772845745,0.0009016990661621094,364806,0.0050514922,0.002638895995914936,0.002646368695423007,0.002644177759066224
173830,dct_mid_nontargeted_white_box_eps0.0627_iter4,0.3333333333333334,0.25000000000000006,0.995461,51.561610298052045,0.9992324113845825,0.999650776386261,0.02554922178387642,0.002160966396331787,303560,0.004193658,0.002012749668210745,0.0020209818612784147,0.002013040240854025
373315,dct_mid_nontargeted_white_box_eps0.0627_iter1,0.3333333333333334,0.20000000000000004,0.9990907,58.03635926500622,0.9997856616973877,0.9999510049819946,0.005498682614415884,0.00013250112533569336,402347,0.002171277,0.0012533636763691902,0.001253314665518701,0.001253311289474368
13546,dct_mid_nontargeted_white_box_eps0.0627_iter18,0.1666666666666667,0.14285714285714288,0.98872,43.60295726525021,0.9978151321411133,0.9984897971153259,0.02792520821094513,0.003958582878112793,392841,0.01027375,0.005130112636834383,0.005224918946623802,0.00517590157687664
67310,dct_mid_nontargeted_white_box_eps0.0627_iter3,0.27272727272727276,0.20454545454545459,0.99793625,51.52786539887974,0.9995816946029663,0.9998002648353577,0.008442328311502934,0.001340627670288086,335853,0.004362618,0.0023325420916080475,0.002351162489503622,0.0023374645970761776
125936,dct_mid_nontargeted_white_box_eps0.0627_iter1,0.14285714285714288,0.12500000000000003,0.9994444,58.09257842986866,0.9999247789382935,0.9999484419822693,0.0021413625217974186,0.00015217065811157227,292873,0.0021544662,0.0012442583683878183,0.0012467658380046487,0.0012206045212224126
128476,dct_mid_nontargeted_white_box_eps0.0627_iter14,0.09090909090909093,0.07792207792207793,0.98965853,44.30260503933446,0.9983924627304077,0.9985734820365906,0.031525321304798126,0.00474393367767334,384607,0.009423085,0.004808635916560888,0.004852407146245241,0.00479032751172781
414034,dct_mid_nontargeted_white_box_eps0.0627_iter1,0.1666666666666667,0.14285714285714288,0.99919415,58.03627209662068,0.9998677968978882,0.9999335408210754,0.006895880680531263,0.0002776980400085449,290733,0.0021713236,0.0012535296846181154,0.0012536054709926248,0.0012529301457107067
99182,dct_mid_nontargeted_white_box_eps0.0627_iter15,0.20000000000000004,0.0,0.9807153,44.96559030958761,0.9974707961082458,0.998787522315979,0.06658653914928436,0.00560152530670166,387503,0.008897434,0.004496969748288393,0.0045700580812990665,0.004512218292802572
351823,dct_mid_nontargeted_white_box_eps0.0627_iter2,0.3333333333333334,0.25000000000000006,0.9986791,54.75934592437082,0.9997678995132446,0.9998648762702942,0.005402362905442715,0.00028014183044433594,196021,0.0028084912,0.0013334532268345356,0.0013330759247764945,0.0013317418051883578
65736,dct_mid_nontargeted_white_box_eps0.0627_iter11,0.20000000000000004,0.14285714285714288,0.9839008,47.08023798056275,0.9970909357070923,0.9980170726776123,0.14770373702049255,0.012669503688812256,373519,0.006893812,0.003582628443837166,0.0035709277726709843,0.0035965971183031797
1000,dct_mid_nontargeted_white_box_eps0.0627_iter9,0.14285714285714288,0.1308539944903581,0.99157673,44.07506980663599,0.998550295829773,0.9987252950668335,0.02383541688323021,0.00561368465423584,393813,0.010007255,0.005290806293487549,0.005260891746729612,0.00527269346639514
559543,dct_mid_nontargeted_white_box_eps0.0627_iter8,0.10000000000000002,0.07692307692307694,0.99085873,47.44636805292426,0.9985188245773315,0.9991075396537781,0.06049547344446182,0.008972525596618652,358965,0.006625425,0.0033498434349894524,0.003338523441925645,0.003314549569040537
185890,dct_mid_nontargeted_white_box_eps0.0627_iter6,0.1090909090909091,0.10454545454545454,0.9944823,47.09361795592426,0.9989210963249207,0.9993098974227905,0.01990792527794838,0.004707932472229004,378476,0.0071489126,0.0036897927056998014,0.0036294697783887386,0.0036201777402311563
129492,dct_mid_nontargeted_white_box_eps0.0627_iter1,0.12500000000000003,0.11363636363636362,0.9992011,58.044013604896094,0.9998459815979004,0.9999213218688965,0.0036662528291344643,0.00028645992279052734,316967,0.0021690945,0.0012529365485534072,0.0012522046454250813,0.0012482235906645656
410510,dct_mid_nontargeted_white_box_eps0.0627_iter1,0.20000000000000004,0.1666666666666667,0.998831,58.063930004436756,0.9997891187667847,0.9998627305030823,0.007731428369879723,0.0006248950958251953,289699,0.0021625184,0.0012419247068464756,0.0012468845816329122,0.0012473949464038014
39951,dct_mid_nontargeted_white_box_eps0.0627_iter7,0.07272727272727272,0.06060606060606061,0.99193054,48.05075733749958,0.9986603260040283,0.9991488456726074,0.041352882981300354,0.003157973289489746,361739,0.0062162154,0.0032519337255507708,0.003263248596340418,0.003279173281043768
306700,dct_mid_nontargeted_white_box_eps0.0627_iter10,0.11111111111111113,0.10000000000000002,0.991316,46.98183991455002,0.998485803604126,0.9991998672485352,0.0349825918674469,0.0013552308082580566,360165,0.0069300653,0.0035125967115163803,0.0035163231659680605,0.0034997803159058094
334309,dct_mid_nontargeted_white_box_eps0.0627_iter1,0.25,0.20833333333333334,0.99946624,58.09310072834292,0.9999212026596069,0.9999485015869141,0.0019200148526579142,0.00027441978454589844,296301,0.0021535486,0.0012348891468718648,0.0012453527888283134,0.0012309366138651967
413552,dct_mid_nontargeted_white_box_eps0.0627_iter1,0.18181818181818185,0.13636363636363638,0.9989459,58.05800658255623,0.9998318552970886,0.9998976588249207,0.007622294593602419,0.00046688318252563477,297085,0.0021630996,0.0012489660875871778,0.0012478736462071538,0.0012444352032616735
89556,dct_mid_nontargeted_white_box_eps0.0627_iter1,0.12247474747474744,0.10942760942760939,0.99953336,58.18850309770936,0.9999176859855652,0.9999603033065796,0.0015181074850261211,0.00020778179168701172,368988,0.0021213114,0.0012102313339710236,0.0012104851193726063,0.0012098178267478943
86220,dct_mid_nontargeted_white_box_eps0.0627_iter9,0.6363636363636365,0.6000000000000002,0.9923174,45.19624009822739,0.9987556338310242,0.9990687370300293,0.030822718515992165,0.003419041633605957,388297,0.0086715305,0.004565488547086716,0.00454785255715251,0.004431730601936579
17178,dct_mid_nontargeted_white_box_eps0.0627_iter3,0.3333333333333334,0.25000000000000006,0.99869555,51.953303025959976,0.9997057914733887,0.9997974038124084,0.00487860944122076,0.0005165934562683105,327101,0.0041076066,0.0021992295514792204,0.0022190900053828955,0.0021953382529318333
507975,dct_mid_nontargeted_white_box_eps0.0627_iter1,0.25000000000000006,0.20000000000000004,0.9996365,58.06441296698842,0.9999450445175171,0.9999609589576721,0.0010747743071988225,5.4001808166503906e-05,302053,0.002161799,0.001245480845682323,0.0012449327623471618,0.0012453519739210606
314177,dct_mid_nontargeted_white_box_eps0.0627_iter1,0.3333333333333334,0.25000000000000006,0.9990077,58.04670242747935,0.9998008012771606,0.9998810291290283,0.004960461053997278,0.0006398558616638184,316438,0.0021682635,0.001251824083738029,0.0012521024327725172,0.0012471259105950594
313182,dct_mid_nontargeted_white_box_eps0.0627_iter1,0.5030303030303032,0.48363636363636375,0.9994778,58.55921495872687,0.9999284744262695,0.9999437928199768,0.004423666279762983,6.145238876342773e-05,336301,0.001999933,0.0011362832738086581,0.0010945574613288045,0.0011026401771232486
538364,dct_mid_nontargeted_white_box_eps0.0627_iter2,0.31428571428571433,0.25,0.99844235,53.71212953316351,0.999731719493866,0.9998255968093872,0.0050378842279314995,0.0002630949020385742,244025,0.00338745,0.0017002004897221923,0.0017018317012116313,0.0016883299686014652
149406,dct_mid_nontargeted_white_box_eps0.0627_iter5,1.0000000000000002,0.3333333333333334,0.99663883,49.595506159470204,0.9994603395462036,0.9995375871658325,0.00909283384680748,0.0005170702934265137,347735,0.005272829,0.0027901276480406523,0.002788687590509653,0.0027919025160372257
180383,dct_mid_nontargeted_white_box_eps0.0627_iter3,0.14285714285714288,0.12500000000000003,0.9970347,52.399997922041464,0.9995459318161011,0.9996920824050903,0.012315084226429462,0.0011383295059204102,296856,0.0038473317,0.002082777675241232,0.0020921891555190086,0.0020850745495408773
449996,dct_mid_nontargeted_white_box_eps0.0627_iter1,0.393939393939394,0.32323232323232326,0.998938,58.03877234766666,0.9997991919517517,0.9999221563339233,0.014574921689927578,0.0008330941200256348,284530,0.0021704896,0.0012520222226157784,0.0012530302628874779,0.0012528009247034788
103548,dct_mid_nontargeted_white_box_eps0.0627_iter4,0.3333333333333334,0.25000000000000006,0.99855834,51.14836644294903,0.9996849894523621,0.9997879862785339,0.004593956284224987,0.0007802248001098633,313091,0.0044095693,0.0021423751022666693,0.002145354403182864,0.002145937876775861
15338,dct_mid_nontargeted_white_box_eps0.0627_iter3,0.27272727272727276,0.09090909090909093,0.9985612,52.15341608489279,0.9997192621231079,0.999810516834259,0.003986408468335867,0.0005366206169128418,350454,0.0040312363,0.002138810930773616,0.0021376016084104776,0.002148727187886834
512564,dct_mid_nontargeted_white_box_eps0.0627_iter1,0.3272727272727273,0.3090909090909092,0.99952865,58.10191522863864,0.9999271631240845,0.9999604821205139,0.0021527723874896765,0.00015676021575927734,342968,0.0021513598,0.0012398092076182365,0.0012429504422470927,0.00122088473290205
336658,dct_mid_nontargeted_white_box_eps0.0627_iter2,0.34090909090909094,0.31818181818181823,0.99786264,54.43334753420959,0.9996477961540222,0.9998098611831665,0.010018833912909031,0.0007615089416503906,196728,0.0029619113,0.00142294866964221,0.0014498315285891294,0.0014544742880389094
568439,dct_mid_nontargeted_white_box_eps0.0627_iter5,0.33939393939393947,0.2545454545454546,0.99591035,48.015004872432684,0.9992173910140991,0.999464750289917,0.012539251707494259,0.0011371970176696777,374761,0.0064772367,0.0034243036061525345,0.0034330410417169333,0.003409840865060687
372317,dct_mid_nontargeted_white_box_eps0.0627_iter5,0.25000000000000006,0.20000000000000004,0.99637145,49.541328023452266,0.9993600845336914,0.9996239542961121,0.010157812386751175,0.0005077719688415527,348284,0.0052931355,0.002790563739836216,0.0028090255800634623,0.00280821043998003
476704,dct_mid_nontargeted_white_box_eps0.0627_iter1,0.3352272727272728,0.3267045454545455,0.9991689,58.05531294230592,0.9998618960380554,0.9999281764030457,0.007842855527997017,0.00037020444869995117,317332,0.0021651683,0.0012490771478042006,0.001249512191861868,0.001244999235495925
260266,dct_mid_nontargeted_white_box_eps0.0627_iter5,0.5000000000000001,0.3636363636363637,0.9946168,50.47787276293005,0.9989498853683472,0.9993792772293091,0.029960181564092636,0.0013097524642944336,342917,0.0047526313,0.0025019212625920773,0.0025036977604031563,0.002511851256713271
177893,dct_mid_nontargeted_white_box_eps0.0627_iter1,0.7272727272727274,0.7000000000000002,0.9994106,58.45974367111566,0.9999072551727295,0.9999312162399292,0.0025419602170586586,0.0003306865692138672,321162,0.0020211763,0.0011365539394319057,0.001136539620347321,0.0011376141337677836
315450,dct_mid_nontargeted_white_box_eps0.0627_iter4,0.30909090909090914,0.27792207792207796,0.99565506,50.19514678164743,0.9992893934249878,0.999527096748352,0.02519487962126732,0.0022317171096801758,326691,0.0048941914,0.0024665927048772573,0.002475830726325512,0.002480584429576993
171050,dct_mid_nontargeted_white_box_eps0.0627_iter1,0.5000000000000001,0.3333333333333334,0.9992728,58.131292995317956,0.9998790621757507,0.9999323487281799,0.002739495597779751,0.0002614259719848633,304517,0.0021437898,0.0012082402827218175,0.001216896460391581,0.0012535443529486656
243867,dct_mid_nontargeted_white_box_eps0.0627_iter3,0.3090909090909092,0.20000000000000004,0.99644583,52.764287880465034,0.9994007349014282,0.9996306300163269,0.02323230355978012,0.001490950584411621,319394,0.0036997497,0.001983811380341649,0.001977077918127179,0.001979283057153225
263594,dct_mid_nontargeted_white_box_eps0.0627_iter1,0.1954545454545455,0.1767676767676768,0.9994517,58.11349286786892,0.999910831451416,0.9999458193778992,0.0018824143335223198,0.00016808509826660156,309476,0.002147977,0.0012457559350878,0.0012216974282637239,0.001226319931447506
147725,dct_mid_nontargeted_white_box_eps0.0627_iter2,0.5113636363636365,0.5,0.998517,54.6070620101569,0.9997007250785828,0.9998375177383423,0.004195891320705414,0.0005172491073608398,226957,0.0029474667,0.0013847429072484374,0.0013863790081813931,0.001373915234580636
88432,dct_mid_nontargeted_white_box_eps0.0627_iter1,0.6590909090909092,0.5272727272727273,0.9996055,58.07317288644833,0.9999319314956665,0.9999508261680603,0.0012344862334430218,0.00010448694229125977,313792,0.002159092,0.0012401106068864465,0.0012451127404347062,0.0012430206406861544
138979,dct_mid_nontargeted_white_box_eps0.0627_iter2,0.5000000000000001,0.3636363636363637,0.9982419,54.203234009519115,0.9997353553771973,0.9998241066932678,0.007873289287090302,0.00044858455657958984,226595,0.0031213684,0.0015175523003563285,0.001517722848802805,0.0015130320098251104
100283,dct_mid_nontargeted_white_box_eps0.0627_iter3,0.1272727272727273,0.11212121212121212,0.9975923,52.505735876095095,0.9995594024658203,0.9997586607933044,0.009371211752295494,0.0006969571113586426,292762,0.0037866489,0.002056548371911049,0.0020601628348231316,0.00205874047242105
563653,dct_mid_nontargeted_white_box_eps0.0627_iter8,0.30176767676767685,0.28051948051948056,0.9926856,45.28370297747341,0.998631477355957,0.9990434050559998,0.03189249709248543,0.0036902427673339844,379641,0.0085922,0.004422882106155157,0.004466101061552763,0.00443392526358366
345361,dct_mid_nontargeted_white_box_eps0.0627_iter5,0.0202020202020202,0.016528925619834708,0.9959783,48.51487383964043,0.9992984533309937,0.999470591545105,0.01094049122184515,0.0015723705291748047,359850,0.006032147,0.0031859574373811483,0.003239654703065753,0.0031926322262734175
73702,dct_mid_nontargeted_white_box_eps0.0627_iter4,0.20000000000000004,0.14285714285714288,0.9962725,49.85958751886684,0.9994242191314697,0.9995895624160767,0.015714013949036598,0.0008065104484558105,334318,0.005153585,0.002596548991277814,0.0026231997180730104,0.002618374302983284
86483,dct_mid_nontargeted_white_box_eps0.0627_iter3,0.5151515151515152,0.4242424242424243,0.99849844,52.23858497478935,0.9997737407684326,0.9998049736022949,0.006252119317650795,0.00018960237503051758,312459,0.0039573377,0.002134671900421381,0.0021216748282313347,0.0021232888102531433
521141,dct_mid_nontargeted_white_box_eps0.0627_iter1,0.6030303030303031,0.6000000000000001,0.9994638,58.16193502912362,0.9999024271965027,0.9999514818191528,0.0021654199808835983,0.00016349554061889648,336505,0.002127534,0.0012217750772833824,0.0012154766591265798,0.0012155595468357205
61268,dct_mid_nontargeted_white_box_eps0.0627_iter5,0.44318181818181823,0.3545454545454546,0.9951272,49.8428230139045,0.9991788864135742,0.999518632888794,0.02815442904829979,0.0024423599243164062,360131,0.005102365,0.002656953874975443,0.0026655823457986116,0.0026295736897736788
393093,dct_mid_nontargeted_white_box_eps0.0627_iter4,0.5454545454545455,0.4696969696969698,0.99747103,49.92927347522317,0.9996212720870972,0.9996962547302246,0.009619135409593582,0.0009244680404663086,352631,0.0051401947,0.002584803616628051,0.002576573984697461,0.0025790566578507423
493566,dct_mid_nontargeted_white_box_eps0.0627_iter4,0.18181818181818185,0.13636363636363638,0.99810743,50.617613777384626,0.9996902942657471,0.9997662901878357,0.004850815050303936,0.0004830360412597656,314989,0.0046754326,0.0023237012792378664,0.0023325609508901834,0.002326395595446229
198510,dct_mid_nontargeted_white_box_eps0.0627_iter1,0.25000000000000006,0.20000000000000004,0.99918073,58.373524065932045,0.9998413324356079,0.9999291896820068,0.006741392891854048,0.0004756450653076172,323926,0.0020654853,0.0011384687386453152,0.0011785441311076283,0.0011620906880125403
126592,dct_mid_nontargeted_white_box_eps0.0627_iter3,0.27272727272727276,0.26767676767676774,0.9973051,51.66690623518996,0.9995002746582031,0.9996930956840515,0.01877639628946781,0.0013056397438049316,304972,0.0042380057,0.0022913143038749695,0.0023010428994894028,0.002288367133587599
416269,dct_mid_nontargeted_white_box_eps0.0627_iter1,0.5000000000000001,0.25000000000000006,0.99930686,58.11028826999774,0.9998731017112732,0.9999523162841797,0.005436262581497431,0.00019317865371704102,310965,0.0021477856,0.0012369229225441813,0.0012348743621259928,0.0012247307458892465
133567,dct_mid_nontargeted_white_box_eps0.0627_iter2,1.0000000000000002,0.6666666666666669,0.99874,54.20427782045604,0.9997872114181519,0.999853253364563,0.004650237038731575,0.0002734661102294922,227656,0.0031130423,0.001515248673968017,0.0015199407935142517,0.0015163957141339779
521052,dct_mid_nontargeted_white_box_eps0.0627_iter8,0.20000000000000004,0.1666666666666667,0.99599004,46.421671572736265,0.9991403818130493,0.9993594884872437,0.009215489029884338,0.0014318227767944336,384857,0.007650615,0.0038143000565469265,0.003923064097762108,0.0038173887878656387
415990,dct_mid_nontargeted_white_box_eps0.0627_iter12,0.13636363636363638,0.09090909090909093,0.99036354,46.28129438357303,0.9979356527328491,0.9990624189376831,0.08042974770069122,0.009271979331970215,379134,0.007610291,0.003753252327442169,0.0038879469502717257,0.0037828278727829456
460147,dct_mid_nontargeted_white_box_eps0.0627_iter2,0.14350016866250634,0.13766233766233768,0.9984369,53.81745406477661,0.9997454881668091,0.9998736381530762,0.007605808787047863,0.0007358789443969727,253803,0.0033462332,0.0016630537575110793,0.0016621713293716311,0.00165285705588758
190140,dct_mid_nontargeted_white_box_eps0.0627_iter2,0.38636363636363646,0.3090909090909092,0.99847436,54.55295436294362,0.9997407793998718,0.9998666644096375,0.009256874211132526,0.0002809762954711914,215649,0.0029473929,0.0013990083243697882,0.0013973629102110863,0.0013973766472190619
456015,dct_mid_nontargeted_white_box_eps0.0627_iter5,0.25000000000000006,0.20000000000000004,0.99483687,50.41545336164941,0.9990541338920593,0.9995723962783813,0.027371644973754883,0.0011397004127502441,352065,0.004813927,0.002531651174649596,0.0025211607571691275,0.0025240934919565916
547886,dct_mid_nontargeted_white_box_eps0.0627_iter2,0.18181818181818185,0.14545454545454548,0.99763566,54.8498475792763,0.9995685815811157,0.9998056888580322,0.02087421342730522,0.0008885860443115234,208992,0.002814596,0.001306010177358985,0.0013086707331240177,0.0013009905815124512
69356,dct_mid_nontargeted_white_box_eps0.0627_iter1,0.12500000000000003,0.12175324675324678,0.99974865,58.08494022737569,0.9999520182609558,0.9999579191207886,0.0006217281916178763,0.00018531084060668945,320266,0.0021546958,0.0012400064151734114,0.0012409747578203678,0.0012371771736070514
162415,dct_mid_nontargeted_white_box_eps0.0627_iter8,0.5000000000000001,0.25000000000000006,0.9922166,47.99288742669283,0.9987266063690186,0.9991565942764282,0.03754962235689163,0.0021839141845703125,354867,0.0062438967,0.003093102015554905,0.0031575090251863003,0.0031143808737397194
274708,dct_mid_nontargeted_white_box_eps0.0627_iter4,0.20454545454545459,0.1545454545454546,0.99436355,51.7234865787878,0.9989168047904968,0.9995015859603882,0.05402001366019249,0.0034918785095214844,294129,0.004065539,0.0019608966540545225,0.001963311340659857,0.0019720608834177256
377113,dct_mid_nontargeted_white_box_eps0.0627_iter1,0.06818181818181818,0.045454545454545456,0.9996516,58.04211604228001,0.9999350309371948,0.9999489188194275,0.0011487253941595554,0.00011718273162841797,314223,0.002169709,0.00125370011664927,0.0012478962307795882,0.0012534011621028185
430377,dct_mid_nontargeted_white_box_eps0.0627_iter4,0.3333333333333334,0.20000000000000004,0.9957965,51.67799766437962,0.9992145895957947,0.9996371865272522,0.017354130744934082,0.0009786486625671387,296776,0.004117067,0.001973950769752264,0.0019817999564111233,0.001975144725292921
512776,dct_mid_nontargeted_white_box_eps0.0627_iter8,0.3333333333333334,0.25000000000000006,0.9873604,47.75850711870038,0.9988254308700562,0.9991782903671265,0.04728365316987038,0.005708813667297363,327296,0.006289096,0.003175069112330675,0.003173352451995015,0.0031861038878560066
95155,dct_mid_nontargeted_white_box_eps0.0627_iter14,0.3333333333333334,0.31515151515151524,0.99043566,46.021082544837384,0.9979082942008972,0.9988810420036316,0.027109112590551376,0.0022266507148742676,382935,0.007873315,0.003924272954463959,0.0038905972614884377,0.0038957626093178988
184978,dct_mid_nontargeted_white_box_eps0.0627_iter25,0.3333333333333334,0.25000000000000006,0.98189956,43.88296106020051,0.9965028166770935,0.9988246560096741,0.0531790629029274,0.006188690662384033,399224,0.0101093175,0.005116160959005356,0.0051042973063886166,0.005144355818629265
199055,dct_mid_nontargeted_white_box_eps0.0627_iter3,0.3333333333333334,0.25000000000000006,0.99850553,52.19968071867761,0.9997047185897827,0.9998176693916321,0.006768637336790562,0.0003656148910522461,338682,0.004004848,0.0021351578179746866,0.0021475949324667454,0.002142000710591674
431848,dct_mid_nontargeted_white_box_eps0.0627_iter8,0.18181818181818185,0.13636363636363638,0.9930213,48.89045558329305,0.9989845752716064,0.9996480941772461,0.01924293488264084,0.0013276338577270508,355002,0.0056865257,0.002792288549244404,0.002772566396743059,0.002772974083200097
128699,dct_mid_nontargeted_white_box_eps0.0627_iter12,0.1272727272727273,0.11363636363636365,0.98516464,45.25312036181917,0.9976290464401245,0.9984948039054871,0.11465735733509064,0.009771466255187988,379410,0.008437126,0.004261740017682314,0.004265703726559877,0.004304143600165844
176799,dct_mid_nontargeted_white_box_eps0.0627_iter16,0.09090909090909093,0.0909090909090909,0.9912817,43.30364821101338,0.9985718131065369,0.998665988445282,0.021416252478957176,0.0034348368644714355,397512,0.010804152,0.005442076362669468,0.00546377943828702,0.0054444302804768085
424521,dct_mid_nontargeted_white_box_eps0.0627_iter1,0.25000000000000006,0.20000000000000004,0.9993797,58.06111663075384,0.9998883605003357,0.9999632239341736,0.0036539211869239807,5.346536636352539e-05,356150,0.0021637871,0.0012446667533367872,0.0012495048576965928,0.0012444370659068227
73946,dct_mid_nontargeted_white_box_eps0.0627_iter1,0.10909090909090909,0.10606060606060608,0.9990239,58.061064217731975,0.9998278021812439,0.9998908042907715,0.00798481609672308,0.0005284547805786133,282766,0.0021641147,0.0012419642880558968,0.0012493006652221084,0.0012473928509280086
230819,dct_mid_nontargeted_white_box_eps0.0627_iter7,0.3333333333333334,0.1666666666666667,0.9959908,49.07139814864656,0.9992768168449402,0.9995444416999817,0.013650498352944851,0.0006866455078125,359449,0.0055652214,0.0029008733108639717,0.0029080635868012905,0.0029096114449203014
82715,dct_mid_nontargeted_white_box_eps0.0627_iter5,0.3333333333333334,0.0,0.9977395,50.61982753607622,0.9995096921920776,0.9997482895851135,0.0051584308966994286,0.00038754940032958984,359003,0.0047162385,0.0024744633119553328,0.002467247424647212,0.0024658034089952707
497344,dct_mid_nontargeted_white_box_eps0.0627_iter3,0.25000000000000006,0.20000000000000004,0.9967265,52.6407124324334,0.9994255304336548,0.9996592998504639,0.02914823219180107,0.0012862086296081543,308537,0.0037510598,0.0020252084359526634,0.002023011911660433,0.0020210265647619963
361147,dct_mid_nontargeted_white_box_eps0.0627_iter2,0.20000000000000004,0.18181818181818185,0.9986014,54.22529313234155,0.9997485876083374,0.9998194575309753,0.00441867858171463,0.0003821849822998047,199982,0.003033529,0.0015061742160469294,0.0015088176587596536,0.0015070931985974312
343706,dct_mid_nontargeted_white_box_eps0.0627_iter2,0.5000000000000001,0.3333333333333334,0.9992511,54.56076270617635,0.9998537302017212,0.999921977519989,0.005598872900009155,0.0006831884384155273,244625,0.0029794597,0.001393368118442595,0.001392501755617559,0.0014009764418005943
199395,dct_mid_nontargeted_white_box_eps0.0627_iter13,0.09848484848484848,0.07235621521335808,0.98476547,46.752215248079324,0.9970371723175049,0.9977622628211975,0.1292538046836853,0.01582503318786621,374147,0.0071552433,0.0037375111132860184,0.003720128908753395,0.0037374752573668957
514797,dct_mid_nontargeted_white_box_eps0.0627_iter2,0.31818181818181823,0.21212121212121215,0.99825066,54.41217242776528,0.9996242523193359,0.9997895359992981,0.00549377640709281,0.00048679113388061523,217740,0.0030029148,0.0014380163047462702,0.0014476007781922817,0.00144877377897501
514586,dct_mid_nontargeted_white_box_eps0.0627_iter1,0.07272727272727272,0.0606060606060606,0.99942493,58.03742286470714,0.9999144077301025,0.9999337792396545,0.003051296342164278,0.0001665949821472168,272714,0.0021710505,0.0012518118601292372,0.0012534443521872163,0.0012538000009953976
279774,dct_mid_nontargeted_white_box_eps0.0627_iter1,0.20000000000000004,0.1878787878787879,0.99945617,58.0378692866547,0.9999024868011475,0.9999362230300903,0.0020968636963516474,8.916854858398438e-05,298864,0.0021707914,0.0012526928912848234,0.001252994523383677,0.0012529839295893908
474078,dct_mid_nontargeted_white_box_eps0.0627_iter3,0.12121212121212123,0.10389610389610392,0.99925023,52.485495434939565,0.9997949600219727,0.9998212456703186,0.0014478231314569712,0.00036656856536865234,322195,0.003838489,0.002061212435364723,0.0020689498633146286,0.002061695558950305
872,dct_mid_nontargeted_white_box_eps0.0627_iter9,0.18181818181818185,0.13636363636363638,0.99557495,47.04076825376006,0.9991433620452881,0.9994236826896667,0.014540105126798153,0.0029718875885009766,380515,0.0070083765,0.0035985263530164957,0.003682965412735939,0.0036105746403336525
32038,dct_mid_nontargeted_white_box_eps0.0627_iter13,0.11111111111111113,0.08333333333333336,0.9609224,46.670357772852256,0.9969267249107361,0.9992247819900513,0.1006188690662384,0.006355166435241699,320285,0.007105887,0.00363256991840899,0.0036602288018912077,0.003563542850315571
261732,dct_mid_nontargeted_white_box_eps0.0627_iter1,0.3333333333333334,0.25000000000000006,0.9991315,58.07302102988493,0.9998394846916199,0.9998870491981506,0.0048966254107654095,0.0002377033233642578,264111,0.002160097,0.001241442165337503,0.0012419241247698665,0.001245003892108798
564091,dct_mid_nontargeted_white_box_eps0.0627_iter4,0.11111111111111113,0.10000000000000002,0.9963861,50.71049101072592,0.9993851184844971,0.9996913075447083,0.01909288391470909,0.00158613920211792,317032,0.004639088,0.0022852669935673475,0.002297287806868553,0.0022896090522408485
280930,dct_mid_nontargeted_white_box_eps0.0627_iter12,0.12500000000000003,0.10000000000000002,0.9839987,44.73826953970218,0.9979488849639893,0.9983909130096436,0.06275122612714767,0.005471289157867432,378214,0.008914627,0.004526901990175247,0.004551511723548174,0.004587125964462757
384136,dct_mid_nontargeted_white_box_eps0.0627_iter2,0.5000000000000001,0.3333333333333334,0.9979508,54.873652533354125,0.9996625185012817,0.9998157620429993,0.012481693178415298,0.0006054043769836426,176633,0.0026988792,0.0012971737887710333,0.0013007591478526592,0.0012967366492375731
173057,dct_mid_nontargeted_white_box_eps0.0627_iter1,0.07548701298701299,0.060606060606060615,0.999304,58.037451590906954,0.9998745918273926,0.9999434351921082,0.00474868668243289,0.0002593994140625,334233,0.0021709192,0.0012529155937954783,0.0012532309629023075,0.0012528725201264024
475572,dct_mid_nontargeted_white_box_eps0.0627_iter4,0.07792207792207793,0.06818181818181819,0.9957683,50.76731482972595,0.9992725253105164,0.9995003342628479,0.02802305668592453,0.0029216408729553223,313763,0.004600212,0.0022675024811178446,0.0022810534574091434,0.0022658586967736483
228214,dct_mid_nontargeted_white_box_eps0.0627_iter1,0.056818181818181816,0.05113636363636364,0.9992183,58.05619424999705,0.999869704246521,0.999932050704956,0.006357926409691572,0.00036460161209106445,287876,0.00216576,0.0012528992956504226,0.0012376721715554595,0.0012522696051746607
183709,dct_mid_nontargeted_white_box_eps0.0627_iter1,0.4467532467532468,0.41818181818181827,0.9992551,58.1824623915503,0.9998676776885986,0.9999281167984009,0.003518525743857026,0.0004470348358154297,340059,0.0021283831,0.00119314668700099,0.0011909534223377705,0.0012514867121353745
57672,dct_mid_nontargeted_white_box_eps0.0627_iter1,0.8572086968758796,0.8448863636363637,0.9996255,58.03455607493113,0.9999344348907471,0.9999558925628662,0.0011059908429160714,9.506940841674805e-05,300264,0.002171846,0.0012538016308099031,0.0012539551826193929,0.0012537850998342037
138639,dct_mid_nontargeted_white_box_eps0.0627_iter5,0.47443181818181823,0.3661616161616162,0.99636173,48.22665572285567,0.9992809295654297,0.9995712041854858,0.011691093444824219,0.0014439821243286133,376849,0.0063266354,0.003344242461025715,0.0033221296034753323,0.0033216101583093405
139099,dct_mid_nontargeted_white_box_eps0.0627_iter1,0.18080808080808086,0.1695075757575758,0.999525,58.037204480049844,0.9999281167984009,0.9999533295631409,0.0014180841390043497,0.0004546046257019043,303795,0.0021710654,0.0012530098902061582,0.0012532302644103765,0.001253011403605342
467511,dct_mid_nontargeted_white_box_eps0.0627_iter7,0.38636363636363646,0.2575757575757576,0.99384564,46.803998493761334,0.9989767074584961,0.9992947578430176,0.01755838841199875,0.0014703869819641113,383144,0.0073010447,0.0038129067979753017,0.0038090585730969906,0.003795628435909748
291791,dct_mid_nontargeted_white_box_eps0.0627_iter5,0.34090909090909094,0.27272727272727276,0.99691993,48.303123119606404,0.9993982315063477,0.9995539784431458,0.01762554794549942,0.0012970566749572754,377106,0.0062147253,0.0032476838678121567,0.003282969817519188,0.003283982165157795
343934,dct_mid_nontargeted_white_box_eps0.0627_iter5,1.0000000000000002,0.5000000000000001,0.9974585,48.151585783189425,0.9995867013931274,0.9995455145835876,0.004812375642359257,0.0009783506393432617,368344,0.0063497927,0.003376489970833063,0.0033681467175483704,0.0033630570396780968
273551,dct_mid_nontargeted_white_box_eps0.0627_iter1,0.5000000000000001,0.31818181818181823,0.99943304,58.04592475597305,0.9998964071273804,0.9999507069587708,0.0019483350915834308,9.548664093017578e-05,318687,0.0021680673,0.0012509217485785484,0.0012507709907367826,0.001250003231689334
513580,dct_mid_nontargeted_white_box_eps0.0627_iter1,1.0000000000000002,0.7500000000000002,0.99890774,58.03407294953025,0.9998313188552856,0.9999040365219116,0.020009532570838928,0.0004220008850097656,286791,0.002171984,0.0012539491290226579,0.0012540093157440424,0.0012539945309981704
213816,dct_mid_nontargeted_white_box_eps0.0627_iter6,0.3333333333333334,0.0,0.9943971,49.289017123310586,0.9991589784622192,0.9994292855262756,0.027856040745973587,0.002839326858520508,329654,0.005363304,0.0026731654070317745,0.0026798949111253023,0.0026882959064096212
101787,dct_mid_nontargeted_white_box_eps0.0627_iter5,1.0000000000000002,0.5000000000000001,0.9945385,51.029246376073885,0.9989604949951172,0.9993266463279724,0.02277557924389839,0.0014449357986450195,332667,0.00445142,0.002350281458348036,0.0023547715973109007,0.002358882687985897
221754,dct_mid_nontargeted_white_box_eps0.0627_iter2,0.32196969696969696,0.3212121212121213,0.9986462,54.2814566847088,0.9997445940971375,0.9998720288276672,0.008474430069327354,0.0004367232322692871,278220,0.0031265123,0.0015005621826276183,0.0015120272291824222,0.0015056661795824766
522751,dct_mid_nontargeted_white_box_eps0.0627_iter3,0.6363636363636365,0.12121212121212122,0.9966437,52.38658760524569,0.9993650317192078,0.999638020992279,0.016923274844884872,0.0015253424644470215,309595,0.0038705638,0.0020843183156102896,0.0020865125115960836,0.0020952450577169657
566436,dct_mid_nontargeted_white_box_eps0.0627_iter1,0.3333333333333334,0.0,0.9994938,58.03997634829908,0.9999147653579712,0.9999446868896484,0.0020320932380855083,0.00046902894973754883,298238,0.0021700368,0.0012526719365268946,0.0012530884705483913,0.0012511074310168624
503841,dct_mid_nontargeted_white_box_eps0.0627_iter11,0.3333333333333334,0.0,0.9917843,46.531972640596486,0.9987406134605408,0.9989379048347473,0.027660885825753212,0.0067726969718933105,384226,0.00744021,0.0038119934033602476,0.0038454902824014425,0.003843806916847825
274272,dct_mid_nontargeted_white_box_eps0.0627_iter2,0.31818181818181823,0.2545454545454546,0.998806,54.29284528711142,0.9997681975364685,0.9998427629470825,0.003131205216050148,0.00018095970153808594,222536,0.0030690595,0.0014778205659240484,0.0014894049381837249,0.0014850384322926402
127092,dct_mid_nontargeted_white_box_eps0.0627_iter3,0.4285714285714287,0.28571428571428575,0.9973853,52.07660558761312,0.9995594024658203,0.9997634887695312,0.013795246370136738,0.001448988914489746,339443,0.0040674717,0.002173195593059063,0.0021723799873143435,0.0021825102157890797
507797,dct_mid_nontargeted_white_box_eps0.0627_iter2,0.15530303030303033,0.13131313131313135,0.9978902,53.90494385985191,0.9996454119682312,0.9997965693473816,0.014386551454663277,0.00046390295028686523,249325,0.003278083,0.001639773603528738,0.0016288855113089085,0.001627326593734324
369675,dct_mid_nontargeted_white_box_eps0.0627_iter3,0.39393939393939403,0.3636363636363637,0.99807405,51.93571393964469,0.999668538570404,0.9998053908348083,0.0050089312717318535,0.0007153153419494629,331855,0.0041324077,0.0021940150763839483,0.002206204691901803,0.0022159088402986526
475387,dct_mid_nontargeted_white_box_eps0.0627_iter1,0.20740850059031882,0.18831168831168835,0.9997713,58.074458376237594,0.9999606013298035,0.9999668598175049,0.00040007481584325433,0.00020134449005126953,336245,0.0021589806,0.0012416053796187043,0.0012426440371200442,0.001242882339283824
70254,dct_mid_nontargeted_white_box_eps0.0627_iter1,0.19624819624819628,0.17402597402597406,0.9994595,58.09010658530517,0.999914824962616,0.9999505281448364,0.0025110458955168724,7.045269012451172e-05,295996,0.002152405,0.0012342368718236685,0.0012404302833601832,0.0012390523916110396
539143,dct_mid_nontargeted_white_box_eps0.0627_iter1,0.3333333333333334,0.20000000000000004,0.99955016,58.05770677236954,0.9999212622642517,0.9999420642852783,0.0012421809369698167,0.00020039081573486328,308181,0.0021646004,0.0012486216146498919,0.0012485779589042068,0.0012443269370123744
508917,dct_mid_nontargeted_white_box_eps0.0627_iter13,0.1545454545454546,0.030303030303030304,0.9852397,43.836271633622985,0.997806191444397,0.9984173774719238,0.04468987137079239,0.006678581237792969,388388,0.010025605,0.005130904261022806,0.005112501792609692,0.00517465453594923
448410,dct_mid_nontargeted_white_box_eps0.0627_iter1,0.02187666135034556,0.019283746556473826,0.9995249,58.07715425749728,0.9999178647994995,0.9999534487724304,0.001686842879280448,0.00029659271240234375,340122,0.002159581,0.0012364534195512533,0.0012357315281406045,0.0012526345672085881
316054,dct_mid_nontargeted_white_box_eps0.0627_iter9,0.19480519480519481,0.18181818181818182,0.9923858,47.18487673360358,0.9984755516052246,0.9992806315422058,0.03043907880783081,0.0031114816665649414,376976,0.0069002374,0.0035593565553426743,0.0035771429538726807,0.003576110117137432
201148,dct_mid_nontargeted_white_box_eps0.0627_iter1,0.25000000000000006,0.20000000000000004,0.99936223,58.05382996575177,0.999875545501709,0.9999561905860901,0.005797342397272587,0.00020551681518554688,309273,0.0021654216,0.0012475927360355854,0.0012488707434386015,0.0012484065955504775
231169,dct_mid_nontargeted_white_box_eps0.0627_iter18,0.3333333333333334,0.20000000000000004,0.9961768,45.33217566732546,0.9991159439086914,0.9995168447494507,0.0242143701761961,0.0015192031860351562,390845,0.0085295895,0.004267827607691288,0.004188742488622665,0.004294656682759523
511999,dct_mid_nontargeted_white_box_eps0.0627_iter4,0.7500000000000002,0.6000000000000002,0.99648094,50.138518719932605,0.9994069933891296,0.9996144771575928,0.018726926296949387,0.0009300708770751953,337008,0.004974389,0.002510655438527465,0.002494699554517865,0.0024969028308987617
444879,dct_mid_nontargeted_white_box_eps0.0627_iter1,1.0000000000000002,0.5000000000000001,0.999609,58.8590794915909,0.9999513030052185,0.9999629259109497,0.004169093910604715,0.00014448165893554688,358082,0.0019052208,0.001037444919347763,0.001036682864651084,0.0010369581868872046
287874,dct_mid_nontargeted_white_box_eps0.0627_iter2,0.14285714285714288,0.12500000000000003,0.9990203,54.03012041653807,0.9998141527175903,0.9998794794082642,0.006737791933119297,0.0004162788391113281,266070,0.0032253254,0.0015992565313354135,0.0015983064658939838,0.001589682069607079
297022,dct_mid_nontargeted_white_box_eps0.0627_iter2,0.5000000000000001,0.25000000000000006,0.9987189,54.8207240158696,0.9996840357780457,0.9999263882637024,0.01783853769302368,0.0006055831909179688,268599,0.0028136345,0.001307269441895187,0.0013132488820701838,0.001324036275036633
407083,dct_mid_nontargeted_white_box_eps0.0627_iter8,0.20000000000000004,0.1666666666666667,0.9918043,48.009344559808426,0.9985684156417847,0.9992798566818237,0.043008141219615936,0.004307866096496582,360182,0.0062646056,0.003096845466643572,0.003132049459964037,0.003103465074673295
212226,dct_mid_nontargeted_white_box_eps0.0627_iter7,0.5000000000000001,0.0,0.99100405,48.657758339365735,0.9986118674278259,0.9991454482078552,0.07358784228563309,0.007277250289916992,354542,0.005780048,0.003055901499465108,0.0030469491612166166,0.0030056226532906294
394206,dct_mid_nontargeted_white_box_eps0.0627_iter2,0.3764423076923078,0.29090909090909095,0.9987715,53.58935232613581,0.9998283386230469,0.9998769760131836,0.004995040129870176,0.0006285905838012695,236289,0.00342654,0.001745671033859253,0.0017461888492107391,0.0017457135254517198
220858,dct_mid_nontargeted_white_box_eps0.0627_iter2,0.2954545454545455,0.28969696969696973,0.99859023,54.553587112456476,0.9997235536575317,0.9998564124107361,0.00640338659286499,0.00035059452056884766,239277,0.0029903024,0.0013859334867447615,0.0014075121143832803,0.0013992136809974909
289741,dct_mid_nontargeted_white_box_eps0.0627_iter3,0.1200413223140496,0.11417202326293235,0.9976105,51.453991138572846,0.9994887113571167,0.9997519850730896,0.012888479977846146,0.0005625486373901367,324224,0.0043966817,0.002365309977903962,0.002368316287174821,0.0023616065736860037
453166,dct_mid_nontargeted_white_box_eps0.0627_iter9,0.3333333333333334,0.25000000000000006,0.9892776,47.09541268663677,0.9982266426086426,0.9988029599189758,0.040323201566934586,0.005505681037902832,367216,0.006850028,0.003603402990847826,0.0035754400305449963,0.003604843048378825
6894,dct_mid_nontargeted_white_box_eps0.0627_iter2,0.5000000000000001,0.3333333333333334,0.9986758,54.69471001452179,0.9997248649597168,0.9998720288276672,0.0059892465360462666,0.0005265474319458008,238462,0.0029111195,0.0013520335778594017,0.0013592055765911937,0.0013638113159686327
161032,dct_mid_nontargeted_white_box_eps0.0627_iter2,0.3333333333333334,0.25000000000000006,0.99871045,54.82142689870875,0.9997140765190125,0.999894917011261,0.005117443855851889,0.0007066726684570312,241678,0.002868104,0.001315954141318798,0.001315911067649722,0.001314808032475412
437239,dct_mid_nontargeted_white_box_eps0.0627_iter4,0.22222222222222227,0.18181818181818185,0.99804115,49.53987707129344,0.9995917081832886,0.9996776580810547,0.0097592668607831,0.0004456043243408203,358898,0.0054465113,0.002731542568653822,0.0027715491596609354,0.002747304504737258
382111,dct_mid_nontargeted_white_box_eps0.0627_iter1,0.22727272727272732,0.17402597402597406,0.9994685,58.038922708573125,0.9999098777770996,0.9999521970748901,0.001663787174038589,0.00015181303024291992,297641,0.0021705888,0.0012513052206486464,0.0012533460976555943,0.0012531159445643425
317433,dct_mid_nontargeted_white_box_eps0.0627_iter4,0.3333333333333334,0.20000000000000004,0.99800825,50.9044028179522,0.9996340274810791,0.9997460842132568,0.005148124881088734,0.0007641911506652832,318445,0.0045413156,0.00220900378189981,0.0022462981287389994,0.002222381765022874
132408,dct_mid_nontargeted_white_box_eps0.0627_iter11,0.20000000000000004,0.14285714285714288,0.99249893,45.44778304709659,0.998501181602478,0.9989305138587952,0.02341672033071518,0.002564728260040283,387135,0.008381538,0.004331283736974001,0.004348437767475843,0.004325260408222675
191288,dct_mid_nontargeted_white_box_eps0.0627_iter3,0.3333333333333334,0.25000000000000006,0.99879545,52.24866454129461,0.9998451471328735,0.9998564124107361,0.0051105814054608345,0.0007311105728149414,305148,0.003938806,0.002118571661412716,0.0021304101683199406,0.0021263742819428444
260106,dct_mid_nontargeted_white_box_eps0.0627_iter1,0.21590909090909088,0.16363636363636366,0.9995244,58.04832560194009,0.9999327659606934,0.9999577403068542,0.0015585018554702401,5.745887756347656e-05,304100,0.002167499,0.0012486750492826104,0.001251623616553843,0.001249340595677495
100510,dct_mid_nontargeted_white_box_eps0.0627_iter1,0.3333333333333334,0.22727272727272724,0.99960357,58.04256020373369,0.9999374151229858,0.9999579787254333,0.0012472972739487886,0.00010114908218383789,301682,0.0021692917,0.0012528239749372005,0.001251987530849874,0.0012498062569648027
441442,dct_mid_nontargeted_white_box_eps0.0627_iter3,0.25000000000000006,0.1666666666666667,0.9986839,52.25100110245475,0.9997791647911072,0.9998384118080139,0.00421113520860672,0.00043582916259765625,309167,0.0039432542,0.0021249628625810146,0.002127968007698655,0.00212666904553771
140270,dct_mid_nontargeted_white_box_eps0.0627_iter2,0.3333333333333334,0.25000000000000006,0.99869996,54.703011711462835,0.9997702836990356,0.999883770942688,0.005007599480450153,0.00020384788513183594,207709,0.0028557344,0.001349663594737649,0.0013494385639205575,0.0013515433529391885
97924,dct_mid_nontargeted_white_box_eps0.0627_iter9,0.10606060606060608,0.10606060606060605,0.99263936,46.25450037394393,0.9986279010772705,0.9993332624435425,0.043262138962745667,0.0036452412605285645,392411,0.0077253147,0.004008375573903322,0.003938876558095217,0.0039365715347230434
331799,dct_mid_nontargeted_white_box_eps0.0627_iter3,0.10389610389610392,0.09090909090909093,0.99730116,51.312555898833494,0.9996116161346436,0.9996951818466187,0.010956263169646263,0.0005537271499633789,283756,0.004414987,0.002418037038296461,0.002411262597888708,0.002401228528469801
326542,dct_mid_nontargeted_white_box_eps0.0627_iter12,0.3333333333333334,0.303030303030303,0.9857497,46.95573402278109,0.9970945119857788,0.9977933168411255,0.0823456346988678,0.006369948387145996,371340,0.0070304256,0.003504026448354125,0.003487414214760065,0.0035055410116910934
94944,dct_mid_nontargeted_white_box_eps0.0627_iter7,0.1666666666666667,0.1272727272727273,0.9943482,48.52225751789682,0.9988287687301636,0.9994679093360901,0.027057792991399765,0.0052675604820251465,378307,0.0059907604,0.00310742505826056,0.0030949320644140244,0.0030915969982743263
151051,dct_mid_nontargeted_white_box_eps0.0627_iter9,0.25000000000000006,0.1666666666666667,0.989019,48.31819819383859,0.9975618124008179,0.99861741065979,0.056938536465168,0.0032182931900024414,373915,0.0061010825,0.003135895822197199,0.00315289874561131,0.0031453329138457775
93717,dct_mid_nontargeted_white_box_eps0.0627_iter1,0.18181818181818185,0.10153482880755609,0.9994708,58.06338689555205,0.9999005794525146,0.9999529123306274,0.0015555578283965588,0.0001811981201171875,359871,0.002162855,0.001247061532922089,0.0012475538533180952,0.0012420427519828081
394510,dct_mid_nontargeted_white_box_eps0.0627_iter4,0.5090909090909091,0.31818181818181823,0.99658495,51.2195368879551,0.9993503093719482,0.9996070861816406,0.012478779070079327,0.0010696053504943848,308352,0.0043639597,0.002115826355293393,0.0021144195925444365,0.002126599894836545
18193,dct_mid_nontargeted_white_box_eps0.0627_iter4,0.20000000000000004,0.1666666666666667,0.9960697,51.193800819764085,0.9992005228996277,0.9995711445808411,0.02277636155486107,0.001954197883605957,308283,0.0043679075,0.0021215921733528376,0.002123097889125347,0.002135306363925338
160728,dct_mid_nontargeted_white_box_eps0.0627_iter1,0.19393939393939394,0.1685841935841936,0.99914575,58.04004471037733,0.9998137354850769,0.9999327063560486,0.010491977445781231,0.0003330707550048828,330835,0.0021701234,0.0012524543562904,0.0012523740297183394,0.0012519375886768103
74200,dct_mid_nontargeted_white_box_eps0.0627_iter11,0.030303030303030304,0.015151515151515152,0.98747975,45.258862712441605,0.9977642893791199,0.9984802007675171,0.051620155572891235,0.005136728286743164,386877,0.008566516,0.00442458875477314,0.004434332717210054,0.0044644721783697605
485130,dct_mid_nontargeted_white_box_eps0.0627_iter4,0.3333333333333334,0.0,0.9953866,51.36576865961885,0.9992772936820984,0.9995289444923401,0.02241501212120056,0.0021371841430664062,278642,0.004195833,0.0020878093782812357,0.002078727586194873,0.002066591288894415
43435,dct_mid_nontargeted_white_box_eps0.0627_iter4,0.3333333333333334,0.28282828282828276,0.9973189,52.02401651773572,0.9994544386863708,0.9996888637542725,0.010784604586660862,0.0010108351707458496,283163,0.003931606,0.0018788750749081373,0.0018756852950900793,0.0018787438748404384
40757,dct_mid_nontargeted_white_box_eps0.0627_iter3,0.20000000000000004,0.1666666666666667,0.9964114,53.042788554223904,0.9993702173233032,0.9996829032897949,0.032502807676792145,0.0016325712203979492,308180,0.00357392,0.0019258985994383693,0.0019235600484535098,0.0019313028315082192
35062,dct_mid_nontargeted_white_box_eps0.0627_iter2,0.5000000000000001,0.1666666666666667,0.99755883,55.02839544047046,0.9996076822280884,0.9998393654823303,0.018794525414705276,0.0025120973587036133,198237,0.0027404414,0.0012691803276538849,0.001248089480213821,0.0012666903203353286
342128,dct_mid_nontargeted_white_box_eps0.0627_iter1,0.07575757575757575,0.07463842975206611,0.99968916,58.04917293724493,0.9999477863311768,0.9999401569366455,0.0008442114340141416,7.426738739013672e-05,306657,0.002167445,0.0012513555120676756,0.0012458889978006482,0.0012516663409769535
35279,dct_mid_nontargeted_white_box_eps0.0627_iter5,0.08333333333333336,0.07692307692307694,0.991702,48.11473333697923,0.9992995262145996,0.9994127154350281,0.020462481305003166,0.0027790069580078125,338760,0.006283933,0.0032753627747297287,0.0032939035445451736,0.003293537301942706
503755,dct_mid_nontargeted_white_box_eps0.0627_iter1,0.3333333333333334,0.25000000000000006,0.9990039,58.04956412152366,0.999825656414032,0.9999130368232727,0.005913971923291683,0.00035750865936279297,306923,0.0021669061,0.001250231871381402,0.0012495397822931409,0.0012487882049754262
320642,dct_mid_nontargeted_white_box_eps0.0627_iter2,0.25000000000000006,0.24242424242424246,0.99822134,54.66948239556538,0.9996951818466187,0.9998362064361572,0.007257256656885147,0.0007773041725158691,216074,0.0028997243,0.0013627379667013884,0.001358692767098546,0.0013666832819581032
235778,dct_mid_nontargeted_white_box_eps0.0627_iter1,0.3333333333333334,0.18181818181818185,0.9989767,58.07378380024677,0.9998432397842407,0.9999046921730042,0.006524927914142609,0.0005263090133666992,284507,0.002160905,0.0012464039027690887,0.0012512810062617064,0.0012300423113629222
494759,dct_mid_nontargeted_white_box_eps0.0627_iter4,0.3333333333333334,0.20000000000000004,0.9945337,51.955654149096716,0.9989930987358093,0.9993010759353638,0.05304635316133499,0.0052710771560668945,280511,0.003951117,0.0018885382451117039,0.001900644158013165,0.0018999099265784025
409542,dct_mid_nontargeted_white_box_eps0.0627_iter7,0.14285714285714288,0.09393939393939393,0.99599344,48.28314591221209,0.9993255138397217,0.999559760093689,0.010419429279863834,0.0007828474044799805,378638,0.0061608995,0.0031891718972474337,0.0031899609602987766,0.0031779517885297537
427055,dct_mid_nontargeted_white_box_eps0.0627_iter1,0.1666666666666667,0.16098484848484854,0.9993699,58.046654363358854,0.9998852610588074,0.9999411702156067,0.0027944776229560375,0.00014978647232055664,335429,0.0021682403,0.0012516732094809413,0.001252477872185409,0.0012469221837818623
119995,dct_mid_nontargeted_white_box_eps0.0627_iter1,0.24848484848484853,0.13636363636363638,0.99904674,58.08758766952822,0.9998382925987244,0.9999127984046936,0.0056865522637963295,0.00026428699493408203,282059,0.0021542397,0.0012365240836516023,0.0012387592578306794,0.0012405780144035816
369323,dct_mid_nontargeted_white_box_eps0.0627_iter7,0.1272727272727273,0.10909090909090909,0.99184376,48.642107844651306,0.9985877871513367,0.9991323351860046,0.03626178950071335,0.0037267208099365234,358715,0.0058035566,0.003041513031348586,0.0030591122340410948,0.003041342133656144
127270,dct_mid_nontargeted_white_box_eps0.0627_iter2,0.1666666666666667,0.16161616161616166,0.9982355,54.4914347065842,0.9997061491012573,0.9998376965522766,0.00780536700040102,0.0005408525466918945,200014,0.0029183321,0.0014160333666950464,0.001420688582584262,0.0014208171050995588
400922,dct_mid_nontargeted_white_box_eps0.0627_iter5,0.1666666666666667,0.0,0.99470276,50.003078048722394,0.99900221824646,0.9994419813156128,0.030730009078979492,0.0019469261169433594,354590,0.0050553475,0.0026489419396966696,0.0026516499929130077,0.0026578691322356462
300039,dct_mid_nontargeted_white_box_eps0.0627_iter3,0.12500000000000003,0.11111111111111113,0.9955171,53.04749820144095,0.9994769096374512,0.999678909778595,0.016953255981206894,0.0007375478744506836,260986,0.003509067,0.0019659390673041344,0.0018247835105285048,0.0017926678992807865
168337,dct_mid_nontargeted_white_box_eps0.0627_iter11,0.25000000000000006,0.1666666666666667,0.99035805,46.38808269490225,0.9982279539108276,0.9988951086997986,0.029783904552459717,0.005838990211486816,382459,0.007538695,0.0038950557354837656,0.0038844028022140265,0.00389071274548769
152771,dct_mid_nontargeted_white_box_eps0.0627_iter13,0.4545454545454546,0.34090909090909094,0.9942219,45.35391694191407,0.9988409876823425,0.9992125034332275,0.013989725150167942,0.0015496015548706055,390073,0.008494604,0.004341281484812498,0.004402263090014458,0.004329409915953875
309391,dct_mid_nontargeted_white_box_eps0.0627_iter3,0.3333333333333333,0.2515151515151515,0.99907607,51.492852727799054,0.9998500347137451,0.9998760223388672,0.0026434571482241154,0.0007364749908447266,327335,0.00438839,0.002355617005378008,0.0023541091941297054,0.0023448565043509007
480944,dct_mid_nontargeted_white_box_eps0.0627_iter1,0.3696969696969698,0.251948051948052,0.9995184,58.03908502127449,0.999912679195404,0.9999483227729797,0.001637849840335548,0.0001786947250366211,333052,0.0021704955,0.0012519403826445341,0.0012529029045253992,0.001252772519364953
502599,dct_mid_nontargeted_white_box_eps0.0627_iter3,0.18181818181818182,0.0,0.997268,52.13550626943846,0.9996017813682556,0.9997816681861877,0.016840102151036263,0.0003914833068847656,338118,0.004035881,0.0021817053202539682,0.002132297493517399,0.002080785809084773
224119,dct_mid_nontargeted_white_box_eps0.0627_iter2,0.09090909090909093,0.013636363636363636,0.99784803,54.79840634719436,0.9995392560958862,0.9998213052749634,0.008832880295813084,0.0011526942253112793,233522,0.0028537551,0.0013117336202412844,0.0013268759939819574,0.0013255015946924686
537964,dct_mid_nontargeted_white_box_eps0.0627_iter14,1.0000000000000002,0.5000000000000001,0.99699026,44.628466382232965,0.9994349479675293,0.9994733929634094,0.007142508868128061,0.002956986427307129,389658,0.009243089,0.004694226663559675,0.004633110482245684,0.004618254490196705
344909,dct_mid_nontargeted_white_box_eps0.0627_iter2,0.5000000000000001,0.3333333333333334,0.998777,54.42157558707279,0.9997906684875488,0.9998454451560974,0.004917810671031475,0.00017637014389038086,216900,0.0029873624,0.001443025772459805,0.0014483507256954908,0.0014402074739336967
140556,dct_mid_nontargeted_white_box_eps0.0627_iter5,0.9090909090909092,0.6818181818181819,0.9951789,48.71753084303788,0.9991997480392456,0.9993891716003418,0.027446188032627106,0.002450287342071533,342344,0.005790325,0.0031020864844322205,0.0031171494629234076,0.003118757624179125
189698,dct_mid_nontargeted_white_box_eps0.0627_iter1,0.5000000000000001,0.0,0.9992399,58.0745910212236,0.9998959302902222,0.9999371767044067,0.003653555642813444,0.00024008750915527344,290660,0.0021602288,0.001244633225724101,0.0012461430160328746,0.0012362555135041475
19109,dct_mid_nontargeted_white_box_eps0.0627_iter2,0.3500582750582751,0.331532104259377,0.9993019,53.64191462308664,0.9998928904533386,0.9998939633369446,0.001503312261775136,0.00010520219802856445,252601,0.0034359798,0.001727375783957541,0.0017265038331970572,0.0017186116892844439
206994,dct_mid_nontargeted_white_box_eps0.0627_iter13,0.3333333333333334,0.25000000000000006,0.99120134,43.92107136876647,0.9982908964157104,0.998310387134552,0.03443686664104462,0.0037616491317749023,394648,0.010012773,0.005160430446267128,0.005208991002291441,0.005179658532142639
67616,dct_mid_nontargeted_white_box_eps0.0627_iter1,0.25961538461538464,0.2573426573426574,0.99971527,58.03700901313,0.9999532699584961,0.9999615550041199,0.0006250835722312331,9.608268737792969e-05,345865,0.0021710175,0.0012533171102404594,0.0012531206011772156,0.0012529888190329075
258793,dct_mid_nontargeted_white_box_eps0.0627_iter2,0.08207070707070707,0.060606060606060615,0.9980345,54.94825170968845,0.999629020690918,0.9997885823249817,0.014453591778874397,0.0012909173965454102,222108,0.0027794356,0.00129358668345958,0.0012854768428951502,0.0012830097693949938
469067,dct_mid_nontargeted_white_box_eps0.0627_iter2,0.1666666666666667,0.14285714285714288,0.9982881,54.85725153255261,0.9996492266654968,0.9998122453689575,0.008009533397853374,0.0007353425025939941,218275,0.0028294527,0.0013054028386250138,0.0013019215548411012,0.0013017995515838265
448256,dct_mid_nontargeted_white_box_eps0.0627_iter3,0.4000000000000001,0.3333333333333334,0.99802905,51.32162996713829,0.9996501803398132,0.9997705221176147,0.009594486095011234,0.0022855401039123535,314077,0.0044615166,0.002413090318441391,0.0024015819653868675,0.0024001733399927616
549390,dct_mid_nontargeted_white_box_eps0.0627_iter1,0.31250000000000006,0.18383838383838386,0.9994884,58.068411129588625,0.9998859167098999,0.9999361038208008,0.00238193292170763,0.00022488832473754883,336609,0.0021602141,0.0012450849171727896,0.0012452955124899745,0.001241962076164782
401991,dct_mid_nontargeted_white_box_eps0.0627_iter3,0.09090909090909093,0.0,0.99835664,52.847376678550475,0.9996684789657593,0.9998019337654114,0.0045526158064603806,0.0005339384078979492,330829,0.0036858288,0.0019743279553949833,0.001977228559553623,0.001973208971321583
201418,dct_mid_nontargeted_white_box_eps0.0627_iter1,0.07076446280991736,0.059400826446280995,0.99918205,58.044357783373,0.9998703002929688,0.9999291896820068,0.0038925507105886936,0.0002878904342651367,300111,0.0021683038,0.0012508979998528957,0.001251148758456111,0.001251028385013342
364102,dct_mid_nontargeted_white_box_eps0.0627_iter2,0.3333333333333334,0.25000000000000006,0.9976409,54.94553295701935,0.9995867609977722,0.9997271299362183,0.026683110743761063,0.0007287263870239258,181866,0.0026938561,0.0012771098408848047,0.0012747220462188125,0.001279916032217443
13291,dct_mid_nontargeted_white_box_eps0.0627_iter2,0.3333333333333334,0.25000000000000006,0.99809474,53.99388713605974,0.9996616244316101,0.9998620748519897,0.020604420453310013,0.0005821585655212402,222898,0.0031953522,0.0015838779509067535,0.0016009839018806815,0.0015857432736083865
440336,dct_mid_nontargeted_white_box_eps0.0627_iter8,0.25000000000000006,0.20454545454545459,0.991757,47.75179418428445,0.9985048174858093,0.9992368221282959,0.08840715885162354,0.006196856498718262,353527,0.0063763475,0.003213966265320778,0.003207942470908165,0.0032049522269517183
488251,dct_mid_nontargeted_white_box_eps0.0627_iter1,0.3090909090909092,0.2181818181818182,0.99925846,58.05808943703788,0.9998698234558105,0.9999439120292664,0.004860583692789078,0.0003383159637451172,326668,0.0021649979,0.0012444923631846905,0.0012498582946136594,0.0012468447675928473
229601,dct_mid_nontargeted_white_box_eps0.0627_iter8,0.20346320346320348,0.18181818181818185,0.99399,47.16463421894346,0.998755931854248,0.9991267323493958,0.022384243085980415,0.003349781036376953,355196,0.006798829,0.003485974157229066,0.003482402302324772,0.003456185571849346
427160,dct_mid_nontargeted_white_box_eps0.0627_iter8,0.21212121212121215,0.15909090909090912,0.9916339,47.485308250142225,0.9986039400100708,0.998951256275177,0.03633574768900871,0.0024487972259521484,350284,0.006509143,0.003298300551250577,0.0033019252587109804,0.0033156145364046097
437205,dct_mid_nontargeted_white_box_eps0.0627_iter2,0.20000000000000004,0.1666666666666667,0.9979828,54.8278314348339,0.9997004866600037,0.999811053276062,0.01258954405784607,0.001238107681274414,173731,0.002713628,0.0012987974332645535,0.001329875085502863,0.0013204833958297968
434204,dct_mid_nontargeted_white_box_eps0.0627_iter5,0.14545454545454548,0.1090909090909091,0.9957876,49.771929780241855,0.999278724193573,0.9995640516281128,0.01715300977230072,0.0016384124755859375,350338,0.005179096,0.0027273311279714108,0.002729973755776882,0.002731087151914835
289417,dct_mid_nontargeted_white_box_eps0.0627_iter1,0.1272727272727273,0.10606060606060608,0.998715,58.03852418860488,0.9997402429580688,0.9999077320098877,0.010559281334280968,0.0006243586540222168,344282,0.0021705306,0.0012523260666057467,0.001252664951607585,0.0012530850945040584
309467,dct_mid_nontargeted_white_box_eps0.0627_iter1,0.25000000000000006,0.13636363636363638,0.9989825,58.03898116338834,0.9997891783714294,0.9999018311500549,0.005798459984362125,0.0004655122756958008,323520,0.0021705513,0.001251368666999042,0.0012529027881100774,0.001253438415005803
473121,dct_mid_nontargeted_white_box_eps0.0627_iter8,0.3333333333333334,0.0,0.9902505,48.41970913724164,0.9984098672866821,0.9990795850753784,0.10031475871801376,0.00683438777923584,342447,0.005888388,0.0029625066090375185,0.002955516567453742,0.0029530490282922983
327605,dct_mid_nontargeted_white_box_eps0.0627_iter1,0.20000000000000004,0.16969696969696965,0.99926025,58.30793743398501,0.9998447895050049,0.999933660030365,0.0029407183174043894,0.00030171871185302734,347291,0.0020807155,0.0011751152342185378,0.0011758344480767846,0.0011810758151113987
451084,dct_mid_nontargeted_white_box_eps0.0627_iter1,0.25000000000000006,0.20000000000000004,0.9992189,58.075785836870054,0.9998528361320496,0.9999217391014099,0.004011545330286026,0.0001043081283569336,320014,0.0021586192,0.0012483011232689023,0.0012451567454263568,0.0012325196294113994
22479,dct_mid_nontargeted_white_box_eps0.0627_iter1,0.25000000000000006,0.1666666666666667,0.9990483,58.03960151121427,0.9998540878295898,0.9999348521232605,0.007946750149130821,0.00039005279541015625,296130,0.002170449,0.0012494316324591637,0.00125376065261662,0.0012539841700345278
243148,dct_mid_nontargeted_white_box_eps0.0627_iter6,0.5000000000000001,0.3333333333333334,0.99381226,49.33947677234759,0.9988734126091003,0.999280571937561,0.025016847997903824,0.002946615219116211,328112,0.0053226016,0.0026433158200234175,0.00265718181617558,0.0026630074717104435
249786,dct_mid_nontargeted_white_box_eps0.0627_iter1,0.19240019240019243,0.18181818181818185,0.9990811,58.05111336218464,0.9998172521591187,0.999924898147583,0.006108748726546764,0.0003794431686401367,304628,0.0021664384,0.0012499935692176223,0.0012492849491536617,0.0012479332508519292
581062,dct_mid_nontargeted_white_box_eps0.0627_iter6,0.25000000000000006,0.1666666666666667,0.9933891,49.87173700284344,0.9988409280776978,0.9994645714759827,0.04895046353340149,0.002813577651977539,331721,0.0050633373,0.002462131204083562,0.0024887812323868275,0.0024717687629163265
185950,dct_mid_nontargeted_white_box_eps0.0627_iter1,0.3333333333333334,0.10000000000000002,0.99901533,58.086057712986225,0.9998281002044678,0.9999319314956665,0.006696881726384163,0.00016498565673828125,326992,0.0021539924,0.0012398433173075318,0.0012399039696902037,0.001237426302395761
44195,dct_mid_nontargeted_white_box_eps0.0627_iter6,0.25000000000000006,0.22222222222222218,0.99316883,49.07712514631865,0.9988353252410889,0.9992864727973938,0.04523564502596855,0.0034943819046020508,337912,0.005522669,0.0027522698510438204,0.0027524458710104227,0.002767242258414626
364126,dct_mid_nontargeted_white_box_eps0.0627_iter2,0.5000000000000001,0.3333333333333334,0.9983403,54.787892356427946,0.9996685981750488,0.9998638033866882,0.008155213668942451,0.0006803274154663086,215785,0.0028394314,0.0013230444164946675,0.0013266444439068437,0.0013223402202129364
354307,dct_mid_nontargeted_white_box_eps0.0627_iter9,0.5000000000000001,0.0,0.9918211,48.37859650492592,0.9988324046134949,0.9993349313735962,0.05050104856491089,0.0033026933670043945,358558,0.0059530367,0.0031116448808461428,0.003109982702881098,0.003102489048615098
170191,dct_mid_nontargeted_white_box_eps0.0627_iter5,0.14285714285714288,0.12500000000000003,0.99538165,50.15718964890589,0.9991284608840942,0.9994310140609741,0.025909356772899628,0.002081155776977539,343408,0.0049290345,0.002602983033284545,0.0026041639503091574,0.002602251246571541
179487,dct_mid_nontargeted_white_box_eps0.0627_iter1,0.13265522356431447,0.10271546635183,0.9993839,58.09281654454115,0.9998967051506042,0.9999380111694336,0.0024451224599033594,0.0002758502960205078,301763,0.0021545137,0.0012236232869327068,0.0012443697778508067,0.0012434220407158136
445999,dct_mid_nontargeted_white_box_eps0.0627_iter2,0.5000000000000001,0.3333333333333334,0.998226,54.98716801701604,0.9996330142021179,0.999903678894043,0.00865144282579422,0.0002557039260864258,268035,0.0027539984,0.0012759878300130367,0.0012597707100212574,0.0012587696546688676
426836,dct_mid_nontargeted_white_box_eps0.0627_iter11,0.3333333333333334,0.0,0.98969084,46.08701558327793,0.9978699684143066,0.998823881149292,0.10130195319652557,0.015538513660430908,381790,0.007753538,0.004017574712634087,0.004027969669550657,0.004030982963740826
557916,dct_mid_nontargeted_white_box_eps0.0627_iter1,0.20000000000000004,0.1666666666666667,0.99877554,58.06814871163376,0.9997855424880981,0.9998618364334106,0.011846770532429218,0.0006765127182006836,274091,0.0021625925,0.0012500311713665724,0.001253266236744821,0.001229270244948566
99024,dct_mid_nontargeted_white_box_eps0.0627_iter11,0.25000000000000006,0.1666666666666667,0.9918616,46.27740410018986,0.9982752203941345,0.9987939596176147,0.021030237898230553,0.0028769969940185547,381220,0.0075966762,0.0039270310662686825,0.003919449169188738,0.00394311361014843
305309,dct_mid_nontargeted_white_box_eps0.0627_iter1,0.31818181818181823,0.21212121212121215,0.9994829,58.0404504083687,0.9998902082443237,0.9999646544456482,0.0017620983999222517,8.875131607055664e-05,395328,0.0021700037,0.0012523399200290442,0.001252265996299684,0.0012518392177298665
311928,dct_mid_nontargeted_white_box_eps0.0627_iter11,0.20000000000000004,0.0,0.99364537,46.95147662332241,0.9989754557609558,0.9992812871932983,0.028536872938275337,0.001531839370727539,374338,0.0070228423,0.0036459725815802813,0.0036588842049241066,0.0036571756936609745
384949,dct_mid_nontargeted_white_box_eps0.0627_iter7,0.14545454545454548,0.1090909090909091,0.9931032,48.40382741807314,0.9985769987106323,0.9994204044342041,0.03361845016479492,0.005702555179595947,377002,0.006050063,0.0031246624421328306,0.003117402084171772,0.0031542726792395115
196141,dct_mid_nontargeted_white_box_eps0.0627_iter2,0.19318181818181823,0.18181818181818185,0.99878025,54.03868810952762,0.9997882843017578,0.9998382925987244,0.0032842489890754223,0.00022017955780029297,209362,0.003150299,0.0015739011578261852,0.0015730283921584487,0.0015755579806864262
136915,dct_mid_nontargeted_white_box_eps0.0627_iter1,0.12500000000000003,0.11111111111111113,0.9992418,58.03978018264875,0.9998730421066284,0.9999252557754517,0.0040054009296,0.0003654360771179199,315089,0.0021702258,0.0012520727468654513,0.0012526714708656073,0.0012522756587713957
533816,dct_mid_nontargeted_white_box_eps0.0627_iter1,0.2010489510489511,0.18181818181818185,0.9995813,58.06436105049613,0.9999348521232605,0.9999562501907349,0.001476865727454424,0.00015157461166381836,319223,0.002162503,0.0012410604394972324,0.001247831736691296,0.0012469198554754257
522889,dct_mid_nontargeted_white_box_eps0.0627_iter8,0.20000000000000004,0.1272727272727273,0.98657733,47.29968398983907,0.9983276724815369,0.9988399744033813,0.054539065808057785,0.004619956016540527,345194,0.006626389,0.0031857199501246214,0.003444634610787034,0.003481105202808976
548246,dct_mid_nontargeted_white_box_eps0.0627_iter32,0.12121212121212123,0.1090909090909091,0.97447133,41.13116941496952,0.9957523345947266,0.9970269203186035,0.06843273341655731,0.01624971628189087,401602,0.013539264,0.006844322197139263,0.006892604287713766,0.006867861375212669
37988,dct_mid_nontargeted_white_box_eps0.0627_iter1,0.20000000000000004,0.14285714285714288,0.99868745,58.03785619885713,0.9997477531433105,0.999842643737793,0.011317940428853035,0.0002967715263366699,296376,0.0021708664,0.0012526143109425902,0.0012528604129329324,0.0012532222317531705
325838,dct_mid_nontargeted_white_box_eps0.0627_iter1,0.09090909090909093,0.08333333333333336,0.9991376,58.043621523463415,0.9998407363891602,0.9999047517776489,0.004524808377027512,0.0004290342330932617,324396,0.0021689066,0.0012509508524090052,0.0012518116272985935,0.001250924775376916
74256,dct_mid_nontargeted_white_box_eps0.0627_iter2,0.09090909090909093,0.08484848484848487,0.9986591,53.760703655077265,0.9997779726982117,0.9998351335525513,0.004877379629760981,0.0006247162818908691,263732,0.0033776788,0.0016727425390854478,0.0016883871285244823,0.0016767738852649927
461751,dct_mid_nontargeted_white_box_eps0.0627_iter4,0.25000000000000006,0.2272727272727273,0.9970483,51.502509710645164,0.9995884895324707,0.999779462814331,0.019668199121952057,0.0010845065116882324,289303,0.004172876,0.002032802440226078,0.002034740289673209,0.0020351200364530087
466986,dct_mid_nontargeted_white_box_eps0.0627_iter2,0.1666666666666667,0.12121212121212119,0.998797,54.237182596153914,0.999842643737793,0.9998958706855774,0.00359885161742568,0.00027567148208618164,240043,0.003124428,0.0015095674898475409,0.0015240933280438185,0.0015138062881305814
465179,dct_mid_nontargeted_white_box_eps0.0627_iter1,0.38636363636363646,0.2575757575757576,0.9989335,58.04354463801559,0.9998323321342468,0.999916672706604,0.008687338791787624,0.00030356645584106445,308691,0.002169192,0.0012492239475250244,0.0012518236180767417,0.0012526974314823747
567197,dct_mid_nontargeted_white_box_eps0.0627_iter1,0.47727272727272735,0.4318181818181819,0.99919534,58.05251181533437,0.9998390078544617,0.9999582171440125,0.006442468613386154,0.00010943412780761719,392142,0.0021663178,0.0012489616638049483,0.0012488332577049732,0.0012482149759307504
498286,dct_mid_nontargeted_white_box_eps0.0627_iter7,0.20000000000000004,0.1666666666666667,0.9946559,48.872342327843974,0.9989901781082153,0.9994566440582275,0.026117604225873947,0.001589953899383545,372551,0.0057406467,0.0029708766378462315,0.002967130858451128,0.0029766897205263376
153217,dct_mid_nontargeted_white_box_eps0.0627_iter5,0.25000000000000006,0.20000000000000004,0.9975238,49.27015938437077,0.999607503414154,0.999661922454834,0.007789004594087601,0.0004994869232177734,351861,0.005494786,0.002900589955970645,0.0029369713738560677,0.0028886660002171993
206487,dct_mid_nontargeted_white_box_eps0.0627_iter6,0.4848484848484849,0.41558441558441567,0.99550766,47.62034059665122,0.9992433786392212,0.9993550181388855,0.01693965494632721,0.0020075440406799316,372402,0.006620121,0.003345381235703826,0.003359426511451602,0.0033474413212388754
565012,dct_mid_nontargeted_white_box_eps0.0627_iter2,0.2954545454545455,0.2727272727272727,0.9984214,54.45265152560009,0.9997565746307373,0.9998372793197632,0.0052842991426587105,0.0009043216705322266,197135,0.002941492,0.0014345156960189342,0.0014311723643913865,0.001429128460586071
542856,dct_mid_nontargeted_white_box_eps0.0627_iter4,0.9090909090909092,0.5757575757575758,0.9968597,50.064351032032526,0.9994957447052002,0.999662458896637,0.011840769089758396,0.0007874965667724609,337873,0.005055642,0.0025489062536507845,0.002528565237298608,0.002520122332498431
427500,dct_mid_nontargeted_white_box_eps0.0627_iter1,0.3333333333333334,0.25000000000000006,0.9997303,58.05558604513549,0.9999486804008484,0.999966561794281,0.0008688340894877911,4.190206527709961e-05,332933,0.002165545,0.0012491318630054593,0.0012481522280722857,0.0012460765428841114
15517,dct_mid_nontargeted_white_box_eps0.0627_iter6,0.18181818181818185,0.15151515151515152,0.99462175,48.105180264559934,0.9990510940551758,0.999479353427887,0.020316090434789658,0.0022394657135009766,364300,0.006284027,0.0031396104022860527,0.003176130587235093,0.003155806101858616
213605,dct_mid_nontargeted_white_box_eps0.0627_iter1,0.8750000000000002,0.7500000000000002,0.99930865,58.076472796549226,0.9998928308486938,0.9999312162399292,0.005182463675737381,0.0001481771469116211,297506,0.0021602334,0.0012528252555057406,0.0012517152354121208,0.0012208548141643405
389532,dct_mid_nontargeted_white_box_eps0.0627_iter5,0.20000000000000004,0.1666666666666667,0.9914685,51.147301003158006,0.9984911680221558,0.9995458722114563,0.042162902653217316,0.003112971782684326,356695,0.0044347253,0.0023036589846014977,0.0023030657321214676,0.00228852778673172
39670,dct_mid_nontargeted_white_box_eps0.0627_iter2,1.0000000000000002,0.5000000000000001,0.9993779,54.168142963780205,0.999889612197876,0.999894917011261,0.00199018232524395,0.0005443096160888672,243952,0.0031565193,0.0015264034736901522,0.001529912231490016,0.0015324727864935994
429718,dct_mid_nontargeted_white_box_eps0.0627_iter5,0.25000000000000006,0.20000000000000004,0.9965847,49.21712284014273,0.9992832541465759,0.999547004699707,0.008933006785809994,0.0011905431747436523,368904,0.0055674086,0.002917588921263814,0.0029489793814718723,0.0028937142342329025
563604,dct_mid_nontargeted_white_box_eps0.0627_iter4,0.3636363636363637,0.3272727272727273,0.9981381,49.68313819261604,0.9996442198753357,0.9996547698974609,0.003211661009117961,0.00048023462295532227,347910,0.0053181374,0.0026908961590379477,0.0026953851338475943,0.0026878563221544027
496722,dct_mid_nontargeted_white_box_eps0.0627_iter1,0.12987012987012989,0.11363636363636365,0.9994264,58.05600299638937,0.9998809695243835,0.9999227523803711,0.007204914465546608,0.000887453556060791,316246,0.0021644218,0.0012480615405365825,0.0012476478004828095,0.0012472985545173287
78565,dct_mid_nontargeted_white_box_eps0.0627_iter3,0.13636363636363638,0.12121212121212123,0.99763584,53.17645001733232,0.999480128288269,0.9998335838317871,0.015988953411579132,0.0005098581314086914,380027,0.0035402733,0.0018874593079090118,0.0019103853264823556,0.0019018398597836494
116439,dct_mid_nontargeted_white_box_eps0.0627_iter5,0.10000000000000002,0.0,0.9966791,48.273311398907836,0.9994568824768066,0.9995183348655701,0.012018641456961632,0.0018749833106994629,360048,0.0062126745,0.003304670564830303,0.0033124617766588926,0.003302015597000718
107851,dct_mid_nontargeted_white_box_eps0.0627_iter3,0.022727272727272728,0.0,0.99813634,53.1932331947369,0.9995991587638855,0.9997301697731018,0.03051198087632656,0.0023900866508483887,340704,0.003442382,0.0017942553386092186,0.0017886788118630648,0.0017931911861523986
274219,dct_mid_nontargeted_white_box_eps0.0627_iter15,0.3333333333333334,0.0,0.98743373,46.2772736849529,0.9973558783531189,0.9992172718048096,0.08619548380374908,0.0028621554374694824,394358,0.0077047735,0.003914509899914265,0.0039499313570559025,0.0039440845139324665
105923,dct_mid_nontargeted_white_box_eps0.0627_iter1,0.22181818181818186,0.2181818181818182,0.9993148,58.03675261351664,0.999870240688324,0.9999381303787231,0.002988885622471571,0.000527501106262207,332957,0.0021711537,0.0012531500542536378,0.0012531888205558062,0.0012532967375591397
166664,dct_mid_nontargeted_white_box_eps0.0627_iter5,0.20000000000000004,0.0,0.99514747,50.08956657811215,0.9990451335906982,0.9995406270027161,0.030841432511806488,0.0019872188568115234,351278,0.004983562,0.002618096536025405,0.00262874155305326,0.0026251287199556828
143961,dct_mid_nontargeted_white_box_eps0.0627_iter1,0.07229765184310638,0.06444805194805195,0.99942803,58.08064502400724,0.9999127388000488,0.9999415874481201,0.0023785755038261414,0.00037491321563720703,290734,0.0021579997,0.0012308363802731037,0.0012413286603987217,0.0012496683048084378
212573,dct_mid_nontargeted_white_box_eps0.0627_iter1,0.4280303030303031,0.40952380952380957,0.999631,58.035215815486566,0.9999277591705322,0.9999514222145081,0.0012492393143475056,0.00028967857360839844,335489,0.0021716387,0.0012535586720332503,0.001253714319318533,0.001253692083992064
319369,dct_mid_nontargeted_white_box_eps0.0627_iter1,0.293939393939394,0.25194805194805203,0.99969596,58.34770498923265,0.9999502897262573,0.9999617338180542,0.00156705966219306,0.00024688243865966797,320783,0.0020598208,0.0011641719611361623,0.0011669243685901165,0.0011687554651871324
252716,dct_mid_nontargeted_white_box_eps0.0627_iter13,0.12121212121212122,0.09090909090909091,0.9898061,45.87597879133664,0.9979146718978882,0.9987317323684692,0.06861180067062378,0.009104251861572266,382978,0.007939195,0.004097352735698223,0.004124244675040245,0.004106476437300444
64868,dct_mid_nontargeted_white_box_eps0.0627_iter2,0.1666666666666667,0.14285714285714288,0.99815816,54.56438157238225,0.9997233748435974,0.9998568296432495,0.012407395988702774,0.0007092952728271484,211108,0.0029368708,0.0013922277139499784,0.001397051033563912,0.001393017009831965
205324,dct_mid_nontargeted_white_box_eps0.0627_iter1,0.42424242424242414,0.2575757575757575,0.999486,58.039728918272644,0.9999162554740906,0.9999552369117737,0.002578840823844075,0.00039398670196533203,320455,0.002170373,0.001250539906322956,0.001252810936421156,0.0012537159491330385
244099,dct_mid_nontargeted_white_box_eps0.0627_iter9,0.3333333333333334,0.0,0.99368125,48.15164946933919,0.9986159205436707,0.9995048642158508,0.05375109985470772,0.014074504375457764,375424,0.006209479,0.0032002830412238836,0.003208140144124627,0.0032097985967993736
50679,dct_mid_nontargeted_white_box_eps0.0627_iter1,0.18181818181818185,0.11363636363636365,0.9991364,58.048469154585824,0.9998354911804199,0.9999205470085144,0.00824020430445671,0.00032132863998413086,311011,0.0021680174,0.0012509733205661178,0.0012538593728095293,0.0012446773471310735
10764,dct_mid_nontargeted_white_box_eps0.0627_iter1,0.5000000000000001,0.3333333333333334,0.99925023,58.05162527838224,0.9998588562011719,0.9999266266822815,0.0031430211383849382,0.0002675056457519531,307586,0.0021663827,0.0012467717751860619,0.001249430701136589,0.0012505974154919386
537827,dct_mid_nontargeted_white_box_eps0.0627_iter11,0.25000000000000006,0.13636363636363638,0.9975421,46.35919093562769,0.999362587928772,0.9993072152137756,0.00453683827072382,0.0007092952728271484,380964,0.007520933,0.003884723875671625,0.003899041097611189,0.0038900915533304214
500270,dct_mid_nontargeted_white_box_eps0.0627_iter6,0.0909090909090909,0.0606060606060606,0.993077,49.95724961758426,0.9987035989761353,0.9995221495628357,0.04446929693222046,0.003453195095062256,342877,0.00505417,0.0024312897585332394,0.002449209336191416,0.002450816100463271
308165,dct_mid_nontargeted_white_box_eps0.0627_iter5,0.20000000000000004,0.1666666666666667,0.9942401,50.156315535319976,0.9989498853683472,0.9993034601211548,0.05236560106277466,0.007393360137939453,334820,0.0048827864,0.0026085220742970705,0.0025959035847336054,0.002577666426077485
544444,dct_mid_nontargeted_white_box_eps0.0627_iter3,0.5000000000000001,0.3333333333333334,0.99625605,53.132666214701416,0.999289870262146,0.9997349977493286,0.02840229868888855,0.0009052157402038574,346020,0.003570464,0.001907499972730875,0.0019061500206589699,0.0019125001272186637
378244,dct_mid_nontargeted_white_box_eps0.0627_iter7,0.1666666666666667,0.14285714285714288,0.9931569,49.176291355659345,0.9985455274581909,0.9995431900024414,0.04345244914293289,0.003960251808166504,378776,0.005527759,0.0028451853431761265,0.002889961237087846,0.0028733438812196255
313562,dct_mid_nontargeted_white_box_eps0.0627_iter1,0.18181818181818185,0.13636363636363638,0.9996119,58.147011766543756,0.9999407529830933,0.9999455809593201,0.0010859586764127016,0.00011086463928222656,302037,0.0021343688,0.001220697071403265,0.001226225751452148,0.0012184573570266366
358195,dct_mid_nontargeted_white_box_eps0.0627_iter7,0.3333333333333334,0.25000000000000006,0.9975001,48.079133157985794,0.9992961883544922,0.9994203448295593,0.006818871945142746,0.0012515783309936523,365278,0.0062345252,0.0032582657877355814,0.0032595982775092125,0.0032655573450028896
253819,dct_mid_nontargeted_white_box_eps0.0627_iter1,0.25000000000000006,0.20000000000000004,0.9995611,58.222681534045776,0.9999186396598816,0.9999637603759766,0.0011241735192015767,0.00014126300811767578,350366,0.002110295,0.0012050769291818142,0.001203314634039998,0.0011936660157516599
278705,dct_mid_nontargeted_white_box_eps0.0627_iter5,0.3090909090909092,0.21212121212121215,0.99656457,48.499028824036365,0.9993590116500854,0.9994397759437561,0.01263625081628561,0.0009862780570983887,364689,0.006054925,0.0032103287521749735,0.0032128733582794666,0.003198975697159767
187990,dct_mid_nontargeted_white_box_eps0.0627_iter2,0.5000000000000001,0.3333333333333334,0.9981634,54.88210189497216,0.9996897578239441,0.9998312592506409,0.0124367605894804,0.001140594482421875,183325,0.0027223462,0.0013002933701500297,0.0012932501267641783,0.0012940455926582217
51938,dct_mid_nontargeted_white_box_eps0.0627_iter8,0.3925619834710744,0.3636363636363637,0.9907224,48.06629892750717,0.9982611536979675,0.9991454482078552,0.07034513354301453,0.0036960244178771973,354279,0.0061868713,0.0030867205932736397,0.0030736506450921297,0.003090865910053253
188296,dct_mid_nontargeted_white_box_eps0.0627_iter2,0.21558441558441563,0.2103896103896104,0.9995363,53.56159407297316,0.999926745891571,0.9999066591262817,0.000983004574663937,7.736682891845703e-05,274725,0.0034878787,0.001748724258504808,0.0017694960115477443,0.00176720367744565
45090,dct_mid_nontargeted_white_box_eps0.0627_iter1,0.2575757575757575,0.09090909090909093,0.9994481,58.122520742500825,0.9999151229858398,0.9999237060546875,0.005220411345362663,0.00042307376861572266,353000,0.0021427218,0.0012311717728152871,0.0012260504299774766,0.001228904235176742
347174,dct_mid_nontargeted_white_box_eps0.0627_iter3,0.3333333333333334,0.11111111111111109,0.99708766,52.65767657117165,0.999448299407959,0.9996750354766846,0.014318553730845451,0.00141066312789917,317076,0.0037545254,0.0020190502982586622,0.002024398185312748,0.0020201406441628933
341196,dct_mid_nontargeted_white_box_eps0.0627_iter4,0.3333333333333334,0.15909090909090912,0.9981908,51.65601496055412,0.999626100063324,0.9997920989990234,0.0052437325939536095,0.00040394067764282227,312082,0.0041336515,0.001983112655580044,0.001979668391868472,0.001981651410460472
439525,dct_mid_nontargeted_white_box_eps0.0627_iter4,0.10000000000000002,0.09090909090909093,0.99595815,49.85949720800943,0.9993612766265869,0.9995856881141663,0.0137794753536582,0.0025638341903686523,338844,0.005184186,0.002624134998768568,0.0026378186885267496,0.002621987834572792
302990,dct_mid_nontargeted_white_box_eps0.0627_iter13,0.20000000000000004,0.0,0.9948762,46.329415895796025,0.9989778399467468,0.9994075298309326,0.014363197609782219,0.001250624656677246,389562,0.0076600676,0.003916365094482899,0.003906867001205683,0.0038955979980528355
262587,dct_mid_nontargeted_white_box_eps0.0627_iter2,0.1666666666666667,0.14285714285714288,0.9977122,54.897624827670164,0.9995526671409607,0.999805748462677,0.02261088415980339,0.0005315542221069336,211113,0.0027927659,0.0012882195878773928,0.0012984670465812087,0.0012861330760642886
107339,dct_mid_nontargeted_white_box_eps0.0627_iter2,0.25000000000000006,0.20000000000000004,0.9977014,54.8949114646271,0.9996387958526611,0.9997714161872864,0.03518062084913254,0.0012974739074707031,165880,0.0026447622,0.001291575375944376,0.0012917389394715428,0.0012948330258950591
511760,dct_mid_nontargeted_white_box_eps0.0627_iter2,0.34090909090909094,0.27272727272727276,0.997309,54.94318140210702,0.9994847178459167,0.9994751214981079,0.05191023647785187,0.0028301477432250977,186146,0.0026989793,0.0012770571047440171,0.001278700539842248,0.0012770184548571706
361730,dct_mid_nontargeted_white_box_eps0.0627_iter1,0.09888682745825604,0.0983016983016983,0.99901676,58.061625475397314,0.9998123049736023,0.9998761415481567,0.005946928169578314,0.0002694129943847656,293374,0.0021633564,0.0012458902783691883,0.0012477634008973837,0.001244502142071724
427077,dct_mid_nontargeted_white_box_eps0.0627_iter17,0.5000000000000001,0.25000000000000006,0.98251086,44.66102993189211,0.9967058897018433,0.9986036419868469,0.07665154337882996,0.007371187210083008,395985,0.009214915,0.004638152662664652,0.0047120689414441586,0.004771280102431774
346968,dct_mid_nontargeted_white_box_eps0.0627_iter12,0.20000000000000004,0.12500000000000003,0.9874487,46.594931876727316,0.9977880716323853,0.9987039566040039,0.08986259996891022,0.009372889995574951,373017,0.0073210453,0.0036550716031342745,0.0036564632318913937,0.003694175975397229
229216,dct_mid_nontargeted_white_box_eps0.0627_iter8,0.3333333333333334,0.2575757575757575,0.993921,46.82592743629379,0.9989227056503296,0.9991027116775513,0.017923329025506973,0.0037248730659484863,369914,0.0071828347,0.0036328041460365057,0.003667012555524707,0.0036300441715866327
563882,dct_mid_nontargeted_white_box_eps0.0627_iter1,0.03896103896103896,0.022727272727272724,0.99891967,58.0966235372661,0.9998375773429871,0.999911367893219,0.010854391381144524,0.0006108283996582031,277663,0.002150176,0.0012254489120095968,0.0012399819679558277,0.0012427335605025291
58705,dct_mid_nontargeted_white_box_eps0.0627_iter3,0.20000000000000004,0.1666666666666667,0.9974923,52.17118100381026,0.9995208978652954,0.9996113181114197,0.005961284507066011,0.000599980354309082,293221,0.0039513963,0.0021458722185343504,0.0021300974767655134,0.0021493001841008663
323263,dct_mid_nontargeted_white_box_eps0.0627_iter1,0.193939393939394,0.16161616161616166,0.9994783,58.0655637608327,0.9999082088470459,0.9999404549598694,0.0015578424790874124,0.00020700693130493164,301588,0.0021627543,0.0012389217736199498,0.0012474829563871026,0.0012483744649216533
248334,dct_mid_nontargeted_white_box_eps0.0627_iter1,0.3395979020979021,0.2713842975206612,0.999741,58.05443442042947,0.999954104423523,0.9999648332595825,0.0007395587163046002,0.00011104345321655273,330199,0.0021651825,0.0012479607248678803,0.0012489265063777566,0.0012474812101572752
400803,dct_mid_nontargeted_white_box_eps0.0627_iter3,0.7727272727272729,0.5151515151515152,0.99840194,52.09294872971231,0.9997405409812927,0.9997907280921936,0.007256984710693359,0.00038444995880126953,320755,0.004042513,0.002165359677746892,0.0021668877452611923,0.002171201864257455
422706,dct_mid_nontargeted_white_box_eps0.0627_iter3,0.4242424242424243,0.3787878787878789,0.9980969,52.153715508648084,0.999636173248291,0.999737560749054,0.007497990969568491,0.000789344310760498,313162,0.003999952,0.002148493891581893,0.0021532136015594006,0.0021532014943659306
78823,dct_mid_nontargeted_white_box_eps0.0627_iter3,0.14285714285714288,0.12500000000000003,0.9987495,51.91646157246845,0.9997345805168152,0.9997481107711792,0.00298795267008245,0.00028204917907714844,313862,0.004122336,0.0022174594923853874,0.0022228851448744535,0.002226458163931966
178982,dct_mid_nontargeted_white_box_eps0.0627_iter1,0.3484848484848485,0.22424242424242422,0.9988063,58.083920149434356,0.9998053312301636,0.9998814463615417,0.01124208141118288,0.000525057315826416,273259,0.0021576097,0.0012517389841377735,0.0012469477951526642,0.0012203571386635303
408696,dct_mid_nontargeted_white_box_eps0.0627_iter1,0.013636363636363637,0.0,0.99932307,58.036232731078236,0.9998793601989746,0.9999270439147949,0.0030342317186295986,0.00022149085998535156,315117,0.0021713357,0.0012533278204500675,0.0012534282868728042,0.001253341557458043
144300,dct_mid_nontargeted_white_box_eps0.0627_iter1,0.5696969696969697,0.47474747474747475,0.99940586,58.06379876061206,0.9999048709869385,0.9999268651008606,0.003436565864831209,0.0001989603042602539,308483,0.0021631196,0.0012505975319072604,0.0012459238059818745,0.001239776611328125
7816,dct_mid_nontargeted_white_box_eps0.0627_iter8,0.446969696969697,0.196969696969697,0.9941718,46.9370355626132,0.9990496039390564,0.9992565512657166,0.019112002104520798,0.0017541050910949707,368224,0.007070828,0.003555325558409095,0.0036184662021696568,0.0035640678834170103
152120,dct_mid_nontargeted_white_box_eps0.0627_iter3,1.0000000000000002,0.5000000000000001,0.9976778,52.21609966942101,0.9996227025985718,0.9997730851173401,0.006075313780456781,0.0001825094223022461,332125,0.0039729257,0.0021228818222880363,0.002153846900910139,0.002131215063855052
308631,dct_mid_nontargeted_white_box_eps0.0627_iter1,0.5000000000000001,0.4979338842975208,0.9996872,58.0589579916297,0.9999488592147827,0.9999567866325378,0.0006812195060774684,7.408857345581055e-05,339844,0.0021643625,0.0012442454462870955,0.0012470673536881804,0.0012491489760577679
5477,dct_mid_nontargeted_white_box_eps0.0627_iter10,0.5454545454545455,0.27272727272727276,0.98888236,46.56579217500226,0.9981450438499451,0.9987674355506897,0.04738213121891022,0.00483173131942749,365912,0.0072562937,0.0036706519313156605,0.003658404340967536,0.0036834413185715675
69138,dct_mid_nontargeted_white_box_eps0.0627_iter3,0.25000000000000006,0.1666666666666667,0.997093,52.84816472350996,0.9994523525238037,0.9996939301490784,0.02400566264986992,0.002635478973388672,322359,0.0036740236,0.0019706361927092075,0.001976887695491314,0.0019762988667935133
432553,dct_mid_nontargeted_white_box_eps0.0627_iter5,0.10000000000000002,0.04761904761904761,0.9952672,49.29133323846766,0.9991455078125,0.9994630217552185,0.024578873068094254,0.003355741500854492,351047,0.0054471917,0.0028716656379401684,0.0028838247526437044,0.002898884704336524
315187,dct_mid_nontargeted_white_box_eps0.0627_iter5,0.6931818181818183,0.6590909090909092,0.99535197,49.14532276351803,0.9991695880889893,0.9995965957641602,0.0265016108751297,0.0017563700675964355,360840,0.005593511,0.0029454000759869814,0.002936783479526639,0.0029472720343619585
76417,dct_mid_nontargeted_white_box_eps0.0627_iter7,0.20000000000000004,0.1666666666666667,0.9944005,48.9545509069971,0.9988781213760376,0.9992364048957825,0.020390203222632408,0.001613616943359375,352383,0.0055970456,0.002942104358226061,0.0029408505652099848,0.0029365301597863436
196843,dct_mid_nontargeted_white_box_eps0.0627_iter5,0.5454545454545455,0.3333333333333334,0.99588615,48.142039839293574,0.999363124370575,0.999380350112915,0.015397731214761734,0.0010513067245483398,360013,0.0062938444,0.0033603343181312084,0.0033690922427922487,0.003367069410160184
138550,dct_mid_nontargeted_white_box_eps0.0627_iter2,0.3333333333333334,0.25000000000000006,0.99886745,54.580602836319734,0.999847412109375,0.9998841881752014,0.002679965225979686,0.00017547607421875,205578,0.002920651,0.0013874678406864405,0.001393572543747723,0.0014085917500779033
439623,dct_mid_nontargeted_white_box_eps0.0627_iter3,0.5000000000000001,0.3333333333333334,0.99774766,51.93987486085155,0.9995970726013184,0.9997562170028687,0.008157772943377495,0.0010431408882141113,329559,0.0041221217,0.0022050943225622177,0.0022142722737044096,0.0022109413985162973
340451,dct_mid_nontargeted_white_box_eps0.0627_iter7,0.3333333333333334,0.25000000000000006,0.99524426,47.372923458650085,0.9991999864578247,0.9994350671768188,0.028557168319821358,0.0036876797676086426,372290,0.006751341,0.0035491706803441048,0.003568600630387664,0.0034932857379317284
436883,dct_mid_nontargeted_white_box_eps0.0627_iter6,0.31818181818181823,0.2909090909090909,0.99479055,46.74410886352197,0.9991593360900879,0.9992666840553284,0.014038993045687675,0.0018260478973388672,377868,0.0074215196,0.0038007863331586123,0.003849223954603076,0.003826434025540948
459500,dct_mid_nontargeted_white_box_eps0.0627_iter2,0.20000000000000004,0.1666666666666667,0.9981443,54.373552249813045,0.9996769428253174,0.9998443722724915,0.011466413736343384,0.0005029439926147461,231568,0.003048738,0.0014554550871253014,0.0014590121572837234,0.0014558251714333892
338718,dct_mid_nontargeted_white_box_eps0.0627_iter4,0.5000000000000001,0.3333333333333334,0.9982489,51.16781495300848,0.9996311664581299,0.9997476935386658,0.008350995369255543,0.00021207332611083984,326394,0.0044235447,0.0021303624380379915,0.0021724305115640163,0.002113094087690115
50165,dct_mid_nontargeted_white_box_eps0.0627_iter2,1.0000000000000002,0.5000000000000001,0.9985161,54.757726264428975,0.9996897578239441,0.9998515844345093,0.006941669620573521,0.0008459091186523438,209008,0.0028326146,0.001334957079961896,0.0013341185403987765,0.0013323965249583125
158956,dct_mid_nontargeted_white_box_eps0.0627_iter4,0.14285714285714288,0.12500000000000003,0.9950604,51.858861690436626,0.9991629123687744,0.9994637966156006,0.0495976060628891,0.001896977424621582,262987,0.0039000046,0.0018972961697727442,0.0019363131141290069,0.0019385601626709104
311883,dct_mid_nontargeted_white_box_eps0.0627_iter1,0.6818181818181819,0.4545454545454546,0.9990387,58.0371568803467,0.9998103380203247,0.9999189972877502,0.008594990707933903,0.0003578662872314453,309412,0.0021709292,0.0012529600644484162,0.0012530284002423286,0.0012532791588455439
431896,dct_mid_nontargeted_white_box_eps0.0627_iter2,0.5000000000000001,0.25000000000000006,0.9985786,54.61689251402142,0.9997302293777466,0.9998515248298645,0.0048613166436553,0.0008659958839416504,208780,0.0029006589,0.001380403758957982,0.0013782111927866936,0.0013738517882302403
442456,dct_mid_nontargeted_white_box_eps0.0627_iter2,0.29220779220779225,0.22077922077922082,0.9987712,54.08556659674154,0.9997895956039429,0.9998632073402405,0.003423280082643032,0.0002652406692504883,247676,0.0032114726,0.0015641807112842798,0.001555772963911295,0.0015527785290032625
79229,dct_mid_nontargeted_white_box_eps0.0627_iter12,0.20000000000000004,0.0,0.9972274,46.91883921438717,0.9990200996398926,0.9994433522224426,0.012303659692406654,0.0014473795890808105,376501,0.007106552,0.003486262634396553,0.0035565451253205538,0.003509203437715769
188439,dct_mid_nontargeted_white_box_eps0.0627_iter5,0.5000000000000001,0.3750000000000001,0.9979238,48.609673175720275,0.9996393918991089,0.9996966123580933,0.006643808446824551,0.0006348490715026855,369181,0.0059948624,0.003155288053676486,0.0031486598309129477,0.003156457794830203
151480,dct_mid_nontargeted_white_box_eps0.0627_iter1,0.15421643864157233,0.11716980833220632,0.9992487,58.03875058070987,0.9998738169670105,0.9999120831489563,0.0022177998907864094,0.00022971630096435547,284756,0.0021706067,0.0012538714800029993,0.001252838410437107,0.001251205219887197
46872,dct_mid_nontargeted_white_box_eps0.0627_iter2,0.19318181818181823,0.14772727272727276,0.9989088,53.91792162207406,0.9997988939285278,0.9998733997344971,0.003287849947810173,0.0001773238182067871,251762,0.003295356,0.0016160570085048676,0.0016214712522923946,0.001619588932953775
289229,dct_mid_nontargeted_white_box_eps0.0627_iter9,0.3333333333333334,0.25000000000000006,0.9873767,47.99274899767183,0.9977220296859741,0.9988029599189758,0.104744553565979,0.010884642601013184,372059,0.0062884,0.003250569337978959,0.0032477143686264753,0.0032607512548565865
281929,dct_mid_nontargeted_white_box_eps0.0627_iter14,0.4000000000000001,0.25000000000000006,0.9844787,42.798206315966276,0.9971513152122498,0.9980002045631409,0.046910449862480164,0.006396353244781494,397215,0.011396331,0.005758622661232948,0.0058897268027067184,0.0058077313005924225
257896,dct_mid_nontargeted_white_box_eps0.0627_iter9,0.3333333333333334,0.25000000000000006,0.99344033,47.83022401618283,0.9988349676132202,0.999103844165802,0.035052113234996796,0.0032430291175842285,363500,0.0063224817,0.0033419602550566196,0.0032967878505587578,0.003288624342530966
179174,dct_mid_nontargeted_white_box_eps0.0627_iter1,0.11688311688311691,0.11525974025974028,0.9995989,58.035890784653496,0.9999189376831055,0.9999502897262573,0.0015483342576771975,0.00011813640594482422,334692,0.0021714196,0.0012536320136860013,0.0012535793939605355,0.0012531598331406713
393115,dct_mid_nontargeted_white_box_eps0.0627_iter2,0.3333333333333334,0.25000000000000006,0.9981018,54.563246674994744,0.9996562004089355,0.9998073577880859,0.016384398564696312,0.0005772709846496582,209313,0.0029168853,0.001391637953929603,0.0013957242481410503,0.0013961594086140394
370813,dct_mid_nontargeted_white_box_eps0.0627_iter2,0.3333333333333334,0.25000000000000006,0.99879867,55.00253964174887,0.999597430229187,0.9999069571495056,0.008055832237005234,0.0003573894500732422,266981,0.0027391328,0.0012607867829501629,0.0012531146639958024,0.0012664995156228542
442746,dct_mid_nontargeted_white_box_eps0.0627_iter13,0.4000000000000001,0.3333333333333334,0.994802,46.10602558691615,0.9990906715393066,0.9992580413818359,0.015075288712978363,0.0020336508750915527,381784,0.0077240164,0.003997511230409145,0.003986229654401541,0.0039984844624996185
381971,dct_mid_nontargeted_white_box_eps0.0627_iter2,0.21818181818181825,0.2163636363636364,0.9992285,53.78937331603245,0.9998562335968018,0.9998809099197388,0.001936666201800108,0.0003592371940612793,244934,0.0033504746,0.0016661520348861814,0.0016708335606381297,0.0016652175690978765
396863,dct_mid_nontargeted_white_box_eps0.0627_iter2,0.18181818181818185,0.13636363636363638,0.99898845,54.21664915436432,0.9998640418052673,0.999903678894043,0.0032528601586818695,0.0002853274345397949,241620,0.0031443774,0.0015149860410019755,0.001526987412944436,0.0015202073846012354
576052,dct_mid_nontargeted_white_box_eps0.0627_iter11,0.25000000000000006,0.20000000000000004,0.99078065,46.870270349451616,0.9981554746627808,0.9990373253822327,0.0426836758852005,0.002637147903442383,381538,0.007159925,0.0036871558986604214,0.0036982863675802946,0.003683924674987793
51712,dct_mid_nontargeted_white_box_eps0.0627_iter7,0.3333333333333334,0.25000000000000006,0.9950118,48.48296765129072,0.9990255236625671,0.9997449517250061,0.040124863386154175,0.0033704042434692383,377584,0.0060227877,0.0031077670864760876,0.0031193443574011326,0.003126400988548994
476770,dct_mid_nontargeted_white_box_eps0.0627_iter1,0.12440191387559808,0.11947767145135567,0.9994429,58.04176194346646,0.9999095797538757,0.999954879283905,0.0031032245606184006,0.00014913082122802734,286905,0.00216976,0.0012493499089032412,0.0012531846296042204,0.001252761809155345
220764,dct_mid_nontargeted_white_box_eps0.0627_iter9,0.3333333333333334,0.25000000000000006,0.9921482,48.178323188786,0.9984085559844971,0.9993627071380615,0.053185947239398956,0.005106627941131592,380546,0.0062029157,0.0031848568469285965,0.0031861616298556328,0.0031985121313482523
312720,dct_mid_nontargeted_white_box_eps0.0627_iter2,0.3333333333333334,0.25000000000000006,0.9978533,54.89988734192839,0.9996300935745239,0.9997975826263428,0.01762673445045948,0.0009486675262451172,186834,0.0027283942,0.0012885886244475842,0.0012930573429912329,0.0012909984216094017
568981,dct_mid_nontargeted_white_box_eps0.0627_iter6,0.20000000000000004,0.1090909090909091,0.99622506,48.467855221461846,0.999284029006958,0.9994892477989197,0.011542117223143578,0.0008904933929443359,353202,0.005979025,0.002989854197949171,0.0030105102341622114,0.0030013814102858305
461009,dct_mid_nontargeted_white_box_eps0.0627_iter4,0.21212121212121215,0.20454545454545459,0.9956484,51.74925543281365,0.9993295073509216,0.9996594786643982,0.05138488858938217,0.0029897689819335938,287201,0.0040572155,0.00194641575217247,0.001971885561943054,0.0019587527494877577
563648,dct_mid_nontargeted_white_box_eps0.0627_iter1,0.17087542087542087,0.16666666666666666,0.99965554,58.06789930612787,0.9999326467514038,0.9999583959579468,0.0006874639075249434,8.970499038696289e-05,327834,0.0021616411,0.0012425546301528811,0.0012451932998374104,0.001245024730451405
532855,dct_mid_nontargeted_white_box_eps0.0627_iter4,0.5000000000000001,0.0,0.9964595,51.69211335268447,0.9992458820343018,0.9996662735939026,0.01443600095808506,0.0021257400512695312,303040,0.0041333097,0.00197015842422843,0.0019894642755389214,0.001971244579181075
38210,dct_mid_nontargeted_white_box_eps0.0627_iter15,0.25000000000000006,0.20000000000000004,0.99371606,45.382872859722326,0.9986171722412109,0.9992386698722839,0.016580987721681595,0.0029593706130981445,395163,0.0085008815,0.004334107041358948,0.004304816946387291,0.004360680468380451
563349,dct_mid_nontargeted_white_box_eps0.0627_iter2,0.5000000000000001,0.1666666666666667,0.99766666,54.77860498430576,0.9995629787445068,0.9997978210449219,0.027964018285274506,0.0032050609588623047,195699,0.0027924655,0.0013264559675008059,0.0013291750801727176,0.0013250703923404217
74457,dct_mid_nontargeted_white_box_eps0.0627_iter2,0.3333333333333334,0.25000000000000006,0.99817294,54.866216155555975,0.9996065497398376,0.9998560547828674,0.015963701531291008,0.0008390545845031738,233718,0.0028442186,0.0012946475762873888,0.0012994945282116532,0.0013068733969703317
190007,dct_mid_nontargeted_white_box_eps0.0627_iter11,0.3333333333333334,0.0,0.9939099,47.217645084435034,0.9987229704856873,0.9993391633033752,0.019214067608118057,0.0028805136680603027,380853,0.006900344,0.0035224694292992353,0.0035574110224843025,0.003560468554496765
177357,dct_mid_nontargeted_white_box_eps0.0627_iter5,0.5000000000000001,0.0,0.9976322,50.30909429663106,0.9995030164718628,0.9997400045394897,0.006655689794570208,0.0010546445846557617,362480,0.0048938766,0.0025590253062546253,0.0025571086443960667,0.00256034336052835
185292,dct_mid_nontargeted_white_box_eps0.0627_iter4,0.3333333333333334,0.25000000000000006,0.9958582,51.72030386167389,0.999343991279602,0.999735414981842,0.04656166210770607,0.0031189918518066406,275823,0.00403447,0.0019631297327578068,0.00197584624402225,0.001970492070540786
493864,dct_mid_nontargeted_white_box_eps0.0627_iter4,0.21212121212121215,0.15909090909090912,0.9955616,51.45360418427683,0.9991428256034851,0.9994937777519226,0.022731389850378036,0.0027962923049926758,295818,0.0042153806,0.002044089836999774,0.002055913908407092,0.002044380409643054
102820,dct_mid_nontargeted_white_box_eps0.0627_iter1,0.3333333333333334,0.25000000000000006,0.99947065,58.21194749220655,0.9999430179595947,0.9999496936798096,0.0012361345579847693,8.571147918701172e-05,281654,0.002106107,0.0012038463028147817,0.0012063797330483794,0.0012007629266008735
51976,dct_mid_nontargeted_white_box_eps0.0627_iter9,0.3333333333333334,0.0,0.9940254,48.56990469426059,0.9989440441131592,0.9993990659713745,0.020565476268529892,0.0024376511573791504,361531,0.0058647604,0.0030504572205245495,0.0030530455987900496,0.0030617958400398493
304812,dct_mid_nontargeted_white_box_eps0.0627_iter10,0.045454545454545456,0.030303030303030304,0.9896496,48.00185971167476,0.9980379939079285,0.9992205500602722,0.0895976722240448,0.011882960796356201,361080,0.0062634675,0.003084409050643444,0.0030833559576421976,0.003111510071903467
55950,dct_mid_nontargeted_white_box_eps0.0627_iter1,0.20000000000000004,0.1666666666666667,0.9991455,58.041495626572996,0.9998496770858765,0.9999532699584961,0.005843131337314844,0.00026482343673706055,315579,0.0021697627,0.0012528911465778947,0.0012517620343714952,0.0012508961372077465
175251,dct_mid_nontargeted_white_box_eps0.0627_iter9,0.5000000000000001,0.3333333333333334,0.99252707,48.07435688672696,0.9986662864685059,0.9992327690124512,0.029118388891220093,0.0020350217819213867,364033,0.0061869305,0.003230640897527337,0.0032384940423071384,0.003222171450033784
368212,dct_mid_nontargeted_white_box_eps0.0627_iter2,0.5000000000000001,0.4000000000000001,0.99859405,54.572282762430746,0.999763011932373,0.9998353719711304,0.004875523038208485,0.0002598762512207031,189581,0.0028593638,0.001393898855894804,0.0013912022113800049,0.0013897439930588007
190637,dct_mid_nontargeted_white_box_eps0.0627_iter1,0.1666666666666667,0.14285714285714288,0.9989231,58.0442092148587,0.99982750415802,0.9999117255210876,0.008709698915481567,0.0007793903350830078,300657,0.0021687495,0.0012522382894530892,0.0012518480652943254,0.0012490871595218778
300341,dct_mid_nontargeted_white_box_eps0.0627_iter3,0.14285714285714288,0.11688311688311691,0.9962507,52.31316719829712,0.9993127584457397,0.999653160572052,0.029042843729257584,0.00208127498626709,329737,0.0039436524,0.002114034490659833,0.0021061634179204702,0.002102734986692667
284743,dct_mid_nontargeted_white_box_eps0.0627_iter1,0.1590909090909091,0.09545454545454544,0.997432,59.53006162085143,0.9998330473899841,0.9999043345451355,0.00914604589343071,0.00031763315200805664,136333,0.0016949519,0.0008965127635747194,0.0008849597070366144,0.000884258421137929
132375,dct_mid_nontargeted_white_box_eps0.0627_iter1,0.23376623376623382,0.17045454545454547,0.99904794,58.09768370122117,0.9998635053634644,0.9999158382415771,0.005847901105880737,0.00020766258239746094,279264,0.0021525912,0.0012503123143687844,0.001228153589181602,0.0012287843273952603
341828,dct_mid_nontargeted_white_box_eps0.0627_iter1,0.25000000000000006,0.20000000000000004,0.9993684,58.04552256511363,0.9998582601547241,0.99996417760849,0.001753909862600267,7.700920104980469e-05,404180,0.00216847,0.001250581699423492,0.0012507532956078649,0.0012506981147453189
546976,dct_mid_nontargeted_white_box_eps0.0627_iter1,0.5000000000000001,0.3333333333333334,0.99905515,58.06580693985736,0.999843955039978,0.9999048709869385,0.006512459833174944,0.0005469322204589844,286072,0.002162628,0.0012452676892280579,0.0012505189515650272,0.0012387930182740092
45596,dct_mid_nontargeted_white_box_eps0.0627_iter6,0.4545454545454547,0.3333333333333334,0.9974408,49.214776920246834,0.9994823932647705,0.9995818734169006,0.008111875504255295,0.0008440017700195312,350143,0.005498831,0.002688182517886162,0.002683657454326749,0.0027151163667440414
232649,dct_mid_nontargeted_white_box_eps0.0627_iter7,0.12500000000000003,0.10000000000000002,0.99227554,48.97106397524545,0.9987771511077881,0.9992707371711731,0.047153737396001816,0.003127574920654297,359332,0.0056174933,0.0029313876293599606,0.002944677835330367,0.0029384249355643988
70774,dct_mid_nontargeted_white_box_eps0.0627_iter2,0.22424242424242427,0.14285714285714288,0.9991553,54.98394611603919,0.9998650550842285,0.9999522566795349,0.001929664402268827,0.00012552738189697266,256672,0.0027252934,0.0012831395724788308,0.0012643018271774054,0.0012753111077472568
172330,dct_mid_nontargeted_white_box_eps0.0627_iter8,0.25000000000000006,0.21212121212121215,0.99502367,46.79042478341813,0.9990732073783875,0.9993108510971069,0.0128872599452734,0.001643836498260498,376757,0.0072688116,0.0036105227191001177,0.0036851614713668823,0.0036617738660424948
193926,dct_mid_nontargeted_white_box_eps0.0627_iter1,0.060606060606060615,0.05454545454545455,0.99935865,58.243008575693,0.9999279379844666,0.9999477863311768,0.001242971047759056,0.0001119375228881836,277458,0.0020931622,0.0011940603144466877,0.0011967403115704656,0.001194458338432014
192699,dct_mid_nontargeted_white_box_eps0.0627_iter2,0.38636363636363646,0.25000000000000006,0.99921256,54.060742347367636,0.9998878240585327,0.9999067783355713,0.002859422704204917,0.000656425952911377,228813,0.0031877693,0.001561210723593831,0.0015736444620415568,0.0015628820983693004
44652,dct_mid_nontargeted_white_box_eps0.0627_iter4,0.25000000000000006,0.0,0.9940596,52.04652122390574,0.99882572889328,0.999572217464447,0.10194213688373566,0.004361987113952637,304140,0.0039510624,0.0018678436754271388,0.0018714680336415768,0.0018749855225905776
575187,dct_mid_nontargeted_white_box_eps0.0627_iter5,0.25000000000000006,0.20000000000000004,0.9959736,49.793358311361644,0.9993214011192322,0.9996711611747742,0.020642034709453583,0.0027593374252319336,361965,0.0051630493,0.0026831573341041803,0.00269171386025846,0.0027099743019789457
319607,dct_mid_nontargeted_white_box_eps0.0627_iter4,0.18181818181818185,0.09090909090909091,0.9961726,50.81140539937518,0.999510645866394,0.9997128844261169,0.00891791470348835,0.0009243488311767578,312299,0.0045964066,0.002240634523332119,0.002238317858427763,0.0022397879511117935
201934,dct_mid_nontargeted_white_box_eps0.0627_iter2,0.45454545454545464,0.43636363636363645,0.9985574,54.09244666021795,0.9997410774230957,0.9998590350151062,0.004983454942703247,0.0004177689552307129,240680,0.0031957107,0.0015566512010991573,0.0015590620459988713,0.00154853833373636
58393,dct_mid_nontargeted_white_box_eps0.0627_iter13,0.09090909090909093,0.027272727272727275,0.9870959,46.91826591602506,0.9980965852737427,0.999332070350647,0.07841391116380692,0.005724847316741943,386571,0.0071373326,0.003634360386058688,0.0036454477813094854,0.0036564620677381754
353180,dct_mid_nontargeted_white_box_eps0.0627_iter6,0.03636363636363636,0.03246753246753247,0.99530286,50.03052786791073,0.9990500807762146,0.9997850060462952,0.02631516382098198,0.0005306601524353027,349584,0.004975689,0.0024500740692019463,0.0023946247529238462,0.0024268319830298424
423519,dct_mid_nontargeted_white_box_eps0.0627_iter1,0.5000000000000001,0.3333333333333334,0.99932814,58.06720138526436,0.999876856803894,0.999931812286377,0.003591923974454403,9.447336196899414e-05,298103,0.0021610933,0.0012458512792363763,0.001247202162630856,0.0012403189903125167
516804,dct_mid_nontargeted_white_box_eps0.0627_iter7,1.0000000000000002,0.5000000000000001,0.9926577,48.33116964440266,0.998748779296875,0.9991874694824219,0.030983492732048035,0.0020086169242858887,356030,0.0060118753,0.003166345413774252,0.00315847247838974,0.003171927062794566
441468,dct_mid_nontargeted_white_box_eps0.0627_iter3,0.6136363636363638,0.2545454545454546,0.998357,52.02286039259539,0.9996494054794312,0.9997611045837402,0.004856439772993326,0.00037997961044311523,346061,0.004094002,0.0021701338700950146,0.0021806037984788418,0.0021755734924227
277005,dct_mid_nontargeted_white_box_eps0.0627_iter1,0.6545454545454547,0.6484848484848487,0.9996896,58.06188385209913,0.999954342842102,0.9999617338180542,0.000736188841983676,0.00016814470291137695,333906,0.002162982,0.0012440807186067104,0.001247255364432931,0.0012466027401387691
484893,dct_mid_nontargeted_white_box_eps0.0627_iter1,0.5000000000000001,0.27272727272727276,0.9995341,58.047180556090304,0.999912440776825,0.9999545216560364,0.0016014502616599202,0.00010067224502563477,356429,0.0021680153,0.0012516952119767666,0.0012509572552517056,0.0012479694560170174
130386,dct_mid_nontargeted_white_box_eps0.0627_iter3,0.4363636363636365,0.40909090909090917,0.9975068,51.90785932019423,0.999579668045044,0.9997379779815674,0.02647392638027668,0.0008088946342468262,321725,0.004106946,0.0022774208337068558,0.0021155732683837414,0.0021295722108334303
221213,dct_mid_nontargeted_white_box_eps0.0627_iter1,1.0000000000000002,0.5454545454545455,0.9996758,58.0656919064744,0.9999208450317383,0.9999728798866272,0.0004805185308214277,6.783008575439453e-05,394138,0.0021627676,0.0012498075375333428,0.001246273168362677,0.0012385976733639836
534639,dct_mid_nontargeted_white_box_eps0.0627_iter4,0.6969696969696971,0.41818181818181827,0.99616987,50.69077775474316,0.9993476867675781,0.9996721744537354,0.012203052639961243,0.0013333559036254883,335326,0.0047046994,0.0023038394283503294,0.0022815032862126827,0.0023101752158254385
106281,dct_mid_nontargeted_white_box_eps0.0627_iter5,0.18181818181818185,0.13636363636363638,0.99864006,49.1331056094471,0.999727725982666,0.9997326135635376,0.0029373907018452883,0.00027573108673095703,371810,0.0056533683,0.002948248293250799,0.002968048444017768,0.002969843801110983
563702,dct_mid_nontargeted_white_box_eps0.0627_iter1,0.5151515151515152,0.38636363636363646,0.99973744,58.064446858577966,0.999947190284729,0.9999714493751526,0.0006641962099820375,9.40561294555664e-05,357240,0.0021627962,0.0012467966880649328,0.001244915765710175,0.0012440214632079005
445722,dct_mid_nontargeted_white_box_eps0.0627_iter9,0.09090909090909093,0.07792207792207793,0.9886758,46.737521266154616,0.9984922409057617,0.9989822506904602,0.052084848284721375,0.007504165172576904,372135,0.007209512,0.0037556495517492294,0.0037626733537763357,0.0037184900138527155
496597,dct_mid_nontargeted_white_box_eps0.0627_iter4,1.0000000000000002,0.7727272727272729,0.99719715,51.83943843098808,0.9994427561759949,0.9997360110282898,0.012348657473921776,0.001911938190460205,307821,0.004059362,0.0019290543859824538,0.0019322895677760243,0.0019250111654400826
389316,dct_mid_nontargeted_white_box_eps0.0627_iter2,0.3333333333333334,0.0,0.9990633,54.30687596774468,0.9998472929000854,0.9998881220817566,0.002695606555789709,0.00032341480255126953,228510,0.0030823157,0.0014741834020242095,0.001485706539824605,0.0014781157951802015
21604,dct_mid_nontargeted_white_box_eps0.0627_iter14,0.1666666666666667,0.14285714285714288,0.9769306,46.14533712969969,0.9964744448661804,0.9972845315933228,0.16792410612106323,0.026128172874450684,374421,0.0077340966,0.0038552510086447,0.0038362627383321524,0.003837157739326358
267940,dct_mid_nontargeted_white_box_eps0.0627_iter6,0.3333333333333334,0.20000000000000004,0.9932084,50.145301180045294,0.998748779296875,0.9994586110115051,0.043960317969322205,0.0027594566345214844,337329,0.0049440465,0.0023801885545253754,0.0023800998460501432,0.0023903553374111652
255536,dct_mid_nontargeted_white_box_eps0.0627_iter1,0.3333333333333334,0.3090909090909092,0.9994476,58.22502897764383,0.9999210238456726,0.9999560117721558,0.0020887721329927444,0.000359952449798584,291572,0.002112417,0.001215458963997662,0.0012268124846741557,0.0011578623671084642
455157,dct_mid_nontargeted_white_box_eps0.0627_iter1,0.14285714285714288,0.12500000000000003,0.99951226,58.034437111958994,0.9999169111251831,0.9999516606330872,0.0014723918866366148,7.176399230957031e-05,318865,0.0021718827,0.0012537746224552393,0.0012539115268737078,0.0012539541348814964
486112,dct_mid_nontargeted_white_box_eps0.0627_iter6,0.3333333333333334,0.25000000000000006,0.99749,49.17758874099257,0.999530017375946,0.9996808767318726,0.008853994309902191,0.0009235143661499023,356112,0.005551571,0.002695727627724409,0.0027359959203749895,0.0027361076790839434
530162,dct_mid_nontargeted_white_box_eps0.0627_iter2,0.24873737373737373,0.15404040404040406,0.9987652,54.06042337669474,0.9997794032096863,0.9998728632926941,0.0039414651691913605,0.001238405704498291,234882,0.003194445,0.001561495242640376,0.0015714168548583984,0.0015638528857380152
266981,dct_mid_nontargeted_white_box_eps0.0627_iter11,0.09974747474747474,0.0962219598583235,0.9907883,44.89569207641865,0.9982663989067078,0.9984695911407471,0.04755314439535141,0.006696939468383789,384653,0.008788463,0.004641229752451181,0.004588095936924219,0.0045733074657619
184611,dct_mid_nontargeted_white_box_eps0.0627_iter3,0.26666666666666666,0.20923520923520922,0.9976422,50.958170202112036,0.9995821714401245,0.9996513724327087,0.0069335512816905975,0.0015155673027038574,322614,0.0046992963,0.002523795934394002,0.0025520219933241606,0.00252601713873446
17029,dct_mid_nontargeted_white_box_eps0.0627_iter4,0.16666666666666663,0.12500000000000003,0.998648,50.86507929791985,0.9997546076774597,0.9997497797012329,0.003475470468401909,0.00045353174209594727,313585,0.0045357533,0.0022227682638913393,0.002247059717774391,0.002231318037956953
163118,dct_mid_nontargeted_white_box_eps0.0627_iter1,0.3333333333333334,0.16666666666666663,0.9987223,58.09559582581977,0.9998054504394531,0.9998650550842285,0.01415969431400299,0.0003936886787414551,259422,0.0021551568,0.0012017046101391315,0.0012539868475869298,0.0012533605331555009
6954,dct_mid_nontargeted_white_box_eps0.0627_iter1,0.3333333333333334,0.25000000000000006,0.9996168,58.05789975800994,0.9999245405197144,0.9999609589576721,0.00558454217389226,0.0001474618911743164,328101,0.0021638414,0.0012476800475269556,0.00124734069686383,0.0012463447637856007
128654,dct_mid_nontargeted_white_box_eps0.0627_iter2,0.3333333333333334,0.25000000000000006,0.9973056,55.01696856398635,0.9995335936546326,0.9995966553688049,0.02747068740427494,0.0009782910346984863,172601,0.002638306,0.0012530067469924688,0.0012577504385262728,0.0012634698068723083
459195,dct_mid_nontargeted_white_box_eps0.0627_iter15,0.3333333333333334,0.31818181818181823,0.9964835,44.6752737869616,0.9994034767150879,0.9995074272155762,0.010506274178624153,0.0023680925369262695,393268,0.009136036,0.004636351950466633,0.004696759395301342,0.0046716053038835526
481582,dct_mid_nontargeted_white_box_eps0.0627_iter1,0.15909090909090912,0.07272727272727272,0.99918956,58.089120249780876,0.9998705387115479,0.9999231696128845,0.0040052225813269615,0.00074005126953125,299904,0.0021528632,0.001236421288922429,0.0012383796274662018,0.0012397817336022854
227898,dct_mid_nontargeted_white_box_eps0.0627_iter7,0.10227272727272729,0.06493506493506494,0.99560994,46.69023032399611,0.9991461634635925,0.9994226098060608,0.014179329387843609,0.0016269683837890625,379892,0.0073879,0.003861067583784461,0.003889587242156267,0.003890763269737363
542127,dct_mid_nontargeted_white_box_eps0.0627_iter1,0.11727272727272728,0.1101041373487194,0.9986673,58.047695394159916,0.9997491240501404,0.9997917413711548,0.010088153183460236,0.0003981590270996094,278371,0.0021678498,0.001252092537470162,0.0012519450392574072,0.0012461296282708645
130579,dct_mid_nontargeted_white_box_eps0.0627_iter7,0.5000000000000001,0.3333333333333334,0.99459815,48.87311618804199,0.9989277720451355,0.9992581605911255,0.01745377667248249,0.002384185791015625,353318,0.0056425845,0.0029675320256501436,0.0029846474062651396,0.0029476687777787447
451043,dct_mid_nontargeted_white_box_eps0.0627_iter12,0.3333333333333334,0.25000000000000006,0.9869709,46.82197749703444,0.9974154233932495,0.9989253282546997,0.10249777138233185,0.007955014705657959,378010,0.007216902,0.0035542792174965143,0.003563939593732357,0.003579165320843458
552842,dct_mid_nontargeted_white_box_eps0.0627_iter7,0.25000000000000006,0.0,0.9934872,49.41749217282656,0.998813807964325,0.999279797077179,0.02033822238445282,0.0007826089859008789,345540,0.005292854,0.00279087177477777,0.0027906594332307577,0.002789759077131748
190841,dct_mid_nontargeted_white_box_eps0.0627_iter7,0.25000000000000006,0.20000000000000004,0.9962216,48.45869167959809,0.9992920756340027,0.9995171427726746,0.010633248835802078,0.0014951229095458984,372342,0.006010673,0.003127375151962042,0.0031155329197645187,0.0031069552060216665
38678,dct_mid_nontargeted_white_box_eps0.0627_iter1,0.07792207792207793,0.06818181818181819,0.9992892,58.176607036915144,0.9998923540115356,0.9999323487281799,0.00403389148414135,0.00021851062774658203,284704,0.002116778,0.0012085408670827746,0.0012162509374320507,0.0012156988959759474
161799,dct_mid_nontargeted_white_box_eps0.0627_iter10,0.09090909090909093,0.07272727272727272,0.9909827,46.66454682677496,0.9981352090835571,0.9988281726837158,0.08983397483825684,0.009836733341217041,376509,0.0071124975,0.003618678543716669,0.0035307249054312706,0.003575635841116309
350148,dct_mid_nontargeted_white_box_eps0.0627_iter7,0.07954545454545456,0.05113636363636364,0.9919874,45.72529363427573,0.9985592365264893,0.998913049697876,0.02518291026353836,0.0030025243759155273,389493,0.008347631,0.004344678018242121,0.0044311657547950745,0.004398379474878311
87476,dct_mid_nontargeted_white_box_eps0.0627_iter3,0.13484848484848486,0.11628787878787882,0.9969137,51.71580739642253,0.999494731426239,0.9996358156204224,0.013116637244820595,0.0012493133544921875,302843,0.004216136,0.0022779142018407583,0.0022866211365908384,0.0022789733484387398
490515,dct_mid_nontargeted_white_box_eps0.0627_iter2,0.25000000000000006,0.20000000000000004,0.9974213,55.00269702220527,0.999500036239624,0.9997848868370056,0.024227915331721306,0.0007783770561218262,210501,0.0027618029,0.001257468480616808,0.001260050805285573,0.00126334885135293
445602,dct_mid_nontargeted_white_box_eps0.0627_iter5,0.21212121212121215,0.18181818181818185,0.9958213,50.27230168341684,0.999133825302124,0.9995529055595398,0.02877223491668701,0.0019144415855407715,365537,0.004879129,0.0025446501094847918,0.002518024994060397,0.0025225793942809105
400044,dct_mid_nontargeted_white_box_eps0.0627_iter10,0.3333333333333334,0.0,0.9920006,47.61268875840051,0.9983102083206177,0.9992339611053467,0.03308634087443352,0.002096235752105713,368324,0.0065822075,0.0032420901115983725,0.0032482179813086987,0.003243387909606099
210230,dct_mid_nontargeted_white_box_eps0.0627_iter1,0.1181818181818182,0.11515151515151514,0.9992499,58.26035568450826,0.9999133944511414,0.9999480247497559,0.002083543222397566,0.00020825862884521484,295620,0.0020910313,0.0011861054226756096,0.0011914108181372285,0.0011934512294828892
80273,dct_mid_nontargeted_white_box_eps0.0627_iter2,0.3333333333333334,0.25000000000000006,0.9978904,54.897285353854876,0.9995664954185486,0.9998099207878113,0.008661143481731415,0.00041288137435913086,216380,0.0028008542,0.001289419480599463,0.001287757302634418,0.0012972390977665782
193429,dct_mid_nontargeted_white_box_eps0.0627_iter1,0.3333333333333334,0.25000000000000006,0.999499,58.055116255189596,0.9998895525932312,0.9999526143074036,0.0014124858425930142,9.655952453613281e-05,346793,0.0021654402,0.0012455981923267245,0.0012503145262598991,0.0012478262651711702
69224,dct_mid_nontargeted_white_box_eps0.0627_iter2,0.12500000000000003,0.11111111111111113,0.9981664,54.68805147925549,0.9997066259384155,0.9998349547386169,0.011281848885118961,0.0004482865333557129,215083,0.0028829467,0.001348277903161943,0.0013605665881186724,0.0013561152154579759
187362,dct_mid_nontargeted_white_box_eps0.0627_iter8,0.3333333333333334,0.25000000000000006,0.9922779,48.627310874840994,0.9986726641654968,0.9993347525596619,0.043368805199861526,0.004140019416809082,352152,0.0058338083,0.0028720623813569546,0.002871195087209344,0.002873616758733988
21879,dct_mid_nontargeted_white_box_eps0.0627_iter4,0.24242424242424246,0.14545454545454548,0.99839544,50.920543574771884,0.9996654987335205,0.999768853187561,0.004262571223080158,0.00023257732391357422,312675,0.0045137657,0.002214719308540225,0.0022168911527842283,0.0022063450887799263
252701,dct_mid_nontargeted_white_box_eps0.0627_iter5,0.5000000000000001,0.27272727272727276,0.9977265,50.18649170033037,0.9995471835136414,0.9996938705444336,0.005723472218960524,0.0007482767105102539,351941,0.0049458276,0.002597167855128646,0.0025996079202741385,0.002595414873212576
398203,dct_mid_nontargeted_white_box_eps0.0627_iter4,0.20538720538720537,0.15404040404040403,0.9974813,49.36739091782847,0.99965500831604,0.9996436238288879,0.008661609143018723,0.0004948973655700684,349808,0.0055122823,0.002820543246343732,0.0028280692640691996,0.0028292518109083176
518326,dct_mid_nontargeted_white_box_eps0.0627_iter1,0.1090909090909091,0.0,0.99951583,58.06750342153628,0.9999197721481323,0.9999563694000244,0.001704910071566701,0.00013136863708496094,322487,0.0021614295,0.0012460469733923674,0.0012445799075067043,0.0012424951419234276
96427,dct_mid_nontargeted_white_box_eps0.0627_iter3,0.25000000000000006,0.20000000000000004,0.99663043,52.70927528287186,0.9994430541992188,0.9996563792228699,0.019603554159402847,0.0007718205451965332,291903,0.0036940437,0.0020117072854191065,0.0020114027429372072,0.0019913306459784508
189775,dct_mid_nontargeted_white_box_eps0.0627_iter1,0.09923409923409923,0.0906926406926407,0.9991682,58.0470388994124,0.9998656511306763,0.9999520182609558,0.005776104051619768,0.0004156827926635742,299658,0.0021678815,0.0012505914783105254,0.001249023713171482,0.001251109642907977
359540,dct_mid_nontargeted_white_box_eps0.0627_iter17,0.11688311688311691,0.060606060606060594,0.9960601,45.50440979378611,0.9991402626037598,0.9992398619651794,0.006761866621673107,0.0013865828514099121,388135,0.008318823,0.0042526875622570515,0.0042776623740792274,0.004278843756765127
425925,dct_mid_nontargeted_white_box_eps0.0627_iter1,0.11255411255411256,0.10227272727272728,0.99923295,58.04816514092735,0.9998466968536377,0.9999282956123352,0.008242225274443626,0.0005035400390625,303946,0.0021677935,0.0012507805367931724,0.0012500733137130737,0.0012488983338698745
174371,dct_mid_nontargeted_white_box_eps0.0627_iter6,0.15454545454545457,0.14545454545454548,0.9962149,46.608182850519945,0.9994080066680908,0.99947190284729,0.012636098079383373,0.0016703605651855469,380576,0.0075309644,0.003889842424541712,0.003918150905519724,0.0038822507485747337
168883,dct_mid_nontargeted_white_box_eps0.0627_iter1,0.13636363636363638,0.1090909090909091,0.99962944,58.04844764266985,0.9999322295188904,0.9999509453773499,0.001276638824492693,0.00012630224227905273,301609,0.002167635,0.001252581481821835,0.0012501217424869537,0.0012468296336010098
356424,dct_mid_nontargeted_white_box_eps0.0627_iter3,0.09848484848484851,0.08624708624708625,0.9968491,52.03190404122121,0.999466598033905,0.9996899962425232,0.020742038264870644,0.002831399440765381,327042,0.004054283,0.002163301222026348,0.0021666144020855427,0.002159706549718976
492077,dct_mid_nontargeted_white_box_eps0.0627_iter1,0.20227272727272733,0.18279220779220784,0.9994131,58.219100967308606,0.999884307384491,0.9999505281448364,0.0038311497773975134,0.0002707242965698242,344694,0.0021065203,0.0012007865589112043,0.0012014812091365457,0.0012027878547087312
561256,dct_mid_nontargeted_white_box_eps0.0627_iter8,0.25000000000000006,0.20000000000000004,0.9920315,46.50357680953837,0.9986895322799683,0.9989892244338989,0.027726588770747185,0.003984272480010986,375365,0.0074753417,0.0037955669686198235,0.003810213878750801,0.0038024112582206726
357737,dct_mid_nontargeted_white_box_eps0.0627_iter14,0.2909090909090909,0.27272727272727276,0.9916759,41.43896307447123,0.9982767105102539,0.9979871511459351,0.016572456806898117,0.0029554367065429688,400376,0.0133683495,0.006903114728629589,0.006952038500458002,0.006901233922690153
365642,dct_mid_nontargeted_white_box_eps0.0627_iter1,0.3333333333333334,0.25000000000000006,0.9989093,58.03553866997045,0.9997378587722778,0.9999520182609558,0.004554882645606995,0.0001963973045349121,404464,0.0021715376,0.001253561582416296,0.001253579743206501,0.001253561582416296
410878,dct_mid_nontargeted_white_box_eps0.0627_iter4,0.25000000000000006,0.20000000000000004,0.99672985,50.821455829120026,0.9993862509727478,0.9996803998947144,0.013431763276457787,0.0008895397186279297,321495,0.0045930087,0.002243275521323085,0.002256087027490139,0.002261508721858263
48924,dct_mid_nontargeted_white_box_eps0.0627_iter11,0.25000000000000006,0.0,0.99593204,46.494624821424615,0.9990417957305908,0.9992644190788269,0.010486643761396408,0.0019521117210388184,386759,0.0075052185,0.0038400485645979643,0.0038543702103197575,0.0038401067722588778
459634,dct_mid_nontargeted_white_box_eps0.0627_iter5,0.38636363636363646,0.3090909090909092,0.99560213,50.16617241868752,0.9991012811660767,0.9995028376579285,0.02496260404586792,0.0023022890090942383,345986,0.004934229,0.002588896080851555,0.0026115933433175087,0.002601051004603505
488385,dct_mid_nontargeted_white_box_eps0.0627_iter3,0.27272727272727276,0.18181818181818185,0.998436,52.13730305855421,0.9996816515922546,0.9998153448104858,0.0038259781431406736,0.00029283761978149414,359427,0.0040432797,0.0021487839985638857,0.0021593435667455196,0.0021649443078786135
520009,dct_mid_nontargeted_white_box_eps0.0627_iter2,0.42857142857142866,0.3896103896103897,0.9986942,54.03976841709894,0.9997467398643494,0.9998739361763,0.008423199877142906,0.00024455785751342773,261812,0.0032226099,0.0016014291904866695,0.0015928084030747414,0.0015564517816528678
362682,dct_mid_nontargeted_white_box_eps0.0627_iter7,0.8484848484848486,0.5984848484848485,0.993573,46.5981691129927,0.9989457130432129,0.9991673231124878,0.01436326652765274,0.0020146965980529785,384655,0.0075192275,0.003927865065634251,0.003917436581104994,0.003915410488843918
396518,dct_mid_nontargeted_white_box_eps0.0627_iter1,0.5000000000000001,0.3333333333333334,0.9994449,58.23585784379599,0.9999154806137085,0.9999576807022095,0.0018941382877528667,0.00016951560974121094,308469,0.0021086736,0.001194068230688572,0.0012120731407776475,0.0011850408045575023
410712,dct_mid_nontargeted_white_box_eps0.0627_iter4,0.10909090909090909,0.0,0.9934013,51.33944353449594,0.999532163143158,0.9996770024299622,0.021881116554141045,0.0014185905456542969,251486,0.0041529355,0.002110822591930628,0.002087183063849807,0.0020204356405884027
474164,dct_mid_nontargeted_white_box_eps0.0627_iter1,0.3750000000000001,0.12500000000000003,0.9992762,58.09662164771035,0.9998871684074402,0.9999430179595947,0.004062374588102102,0.00013935565948486328,328754,0.0021498424,0.0012358594685792923,0.0012370989425107837,0.001235207193531096
356612,dct_mid_nontargeted_white_box_eps0.0627_iter2,0.6679035250463823,0.6655844155844156,0.99874467,53.924041333268775,0.9997584819793701,0.9998820424079895,0.004334236029535532,0.000344693660736084,260978,0.0032920053,0.0016079628840088844,0.0016223108395934105,0.00161748006939888
435206,dct_mid_nontargeted_white_box_eps0.0627_iter1,0.23051948051948057,0.19480519480519481,0.999561,59.69765819547924,0.9999479055404663,0.9932252168655396,0.002851232886314392,0.0018706321716308594,293554,0.0015757934,0.0008494825451634824,0.0008571211947128177,0.0008581801666878164
61960,dct_mid_nontargeted_white_box_eps0.0627_iter3,0.5000000000000001,0.3333333333333334,0.9979038,52.901559271757854,0.9995877146720886,0.9997592568397522,0.007980449125170708,0.0012437701225280762,331281,0.0036611832,0.0019572346936911345,0.0019681586418300867,0.0019618505612015724
477689,dct_mid_nontargeted_white_box_eps0.0627_iter9,0.5000000000000001,0.3333333333333334,0.99095017,47.41083198581733,0.9989578127861023,0.9991053342819214,0.028043434023857117,0.004051864147186279,361296,0.0066264584,0.0033832360059022903,0.0033939883578568697,0.0034100115299224854
258541,dct_mid_nontargeted_white_box_eps0.0627_iter1,0.25000000000000006,0.20000000000000004,0.99883264,58.094297452112976,0.9998153448104858,0.9998793005943298,0.007975617423653603,0.0003876686096191406,275778,0.0021554297,0.0012536122230812907,0.001251331064850092,0.0012052023084834218
510329,dct_mid_nontargeted_white_box_eps0.0627_iter2,0.14285714285714288,0.12500000000000003,0.99872714,54.141711657483775,0.999747633934021,0.9998636841773987,0.006085793487727642,0.0005793571472167969,263779,0.0031974413,0.0015482098096981645,0.0015459120040759444,0.0015347067965194583
308328,dct_mid_nontargeted_white_box_eps0.0627_iter5,0.14545454545454548,0.12121212121212123,0.9951578,48.83425153147432,0.9991878867149353,0.9994024038314819,0.01716717518866062,0.0014328360557556152,359632,0.0058094948,0.0030545732006430626,0.003082516836002469,0.0030826099682599306
339823,dct_mid_nontargeted_white_box_eps0.0627_iter12,0.25000000000000006,0.16666666666666663,0.98487264,44.92377351672231,0.9972771406173706,0.9984877109527588,0.07149787247180939,0.004685878753662109,381539,0.008835706,0.004508036654442549,0.00440662307664752,0.004451889544725418
55150,dct_mid_nontargeted_white_box_eps0.0627_iter1,0.23784786641929503,0.22770562770562774,0.99936914,58.068643815400094,0.9999006986618042,0.999946653842926,0.0031951561104506254,3.9517879486083984e-05,322061,0.0021605594,0.0012427691835910082,0.001243859063833952,0.0012454998213797808
323799,dct_mid_nontargeted_white_box_eps0.0627_iter2,0.3030303030303031,0.27272727272727276,0.99926454,54.14691549515752,0.9998522996902466,0.9998664259910583,0.001660376088693738,0.0006464123725891113,219392,0.00312208,0.0015307642752304673,0.0015380778349936008,0.0015360964462161064
352582,dct_mid_nontargeted_white_box_eps0.0627_iter9,0.20000000000000004,0.14285714285714288,0.99290496,47.57723729786634,0.9989444613456726,0.9994425773620605,0.040952228009700775,0.0041814446449279785,369752,0.0065599866,0.0034173515159636736,0.0034211380407214165,0.003419501706957817
12748,dct_mid_nontargeted_white_box_eps0.0627_iter5,0.18181818181818185,0.13636363636363638,0.9957516,49.92365540631895,0.9992437362670898,0.9995598196983337,0.015026051551103592,0.003276526927947998,353727,0.00509187,0.0026659027207642794,0.002691918984055519,0.0026720212772488594
60886,dct_mid_nontargeted_white_box_eps0.0627_iter1,0.4207128099173554,0.4174039863879436,0.9991358,58.046821983098205,0.9998455047607422,0.9999281764030457,0.003191474825143814,0.00020045042037963867,290238,0.0021677727,0.001250891829840839,0.0012498475844040513,0.001250206958502531
8844,dct_mid_nontargeted_white_box_eps0.0627_iter1,0.12121212121212122,0.09090909090909091,0.9991115,58.03743454952631,0.999864935874939,0.9999212622642517,0.007267872802913189,0.00015795230865478516,302806,0.0021709925,0.0012537356233224273,0.001253599184565246,0.0012517098803073168
108495,dct_mid_nontargeted_white_box_eps0.0627_iter4,0.5000000000000001,0.3333333333333334,0.996394,51.10346598453493,0.999414324760437,0.9996219873428345,0.015199867077171803,0.0007948875427246094,280553,0.0043058926,0.0021523323375731707,0.002160440431907773,0.0021593354176729918
438955,dct_mid_nontargeted_white_box_eps0.0627_iter6,0.0909090909090909,0.06818181818181818,0.99455476,47.11361959160192,0.9991070628166199,0.9992771744728088,0.03446382284164429,0.0021776556968688965,376155,0.0070153135,0.003626179415732622,0.0035992381162941456,0.0035614550579339266
489924,dct_mid_nontargeted_white_box_eps0.0627_iter1,0.3333333333333334,0.0,0.9990313,58.03399290921139,0.9998183250427246,0.9999001026153564,0.008256536908447742,0.0007087588310241699,297475,0.0021720058,0.0012540142051875591,0.0012540094321593642,0.0012540007010102272
15597,dct_mid_nontargeted_white_box_eps0.0627_iter11,0.1666666666666667,0.14285714285714288,0.98795766,46.92523433670276,0.9978396892547607,0.9989466667175293,0.06633077561855316,0.004826605319976807,377376,0.00708062,0.0036651473492383957,0.003649425460025668,0.0036737495101988316
528314,dct_mid_nontargeted_white_box_eps0.0627_iter4,0.15656565656565657,0.12922077922077924,0.99611014,50.846698928389955,0.999323308467865,0.9995701909065247,0.01890583336353302,0.0018796324729919434,303147,0.00451906,0.0022189782466739416,0.0022392685059458017,0.002255344297736883
72281,dct_mid_nontargeted_white_box_eps0.0627_iter9,0.3333333333333334,0.25000000000000006,0.99186593,47.78978644134501,0.9987268447875977,0.9992091655731201,0.036120496690273285,0.0036295056343078613,371194,0.0064348574,0.0033131425734609365,0.0033589033409953117,0.0033363644033670425
AVERAGE,summary,52.5218,0.9993,0.9996,0.0201,0.0018,319370.3872,0.0044,0.0023,0.0023,0.0023
