image_id,variant,map_original,map_adversarial,SSIM,PSNR,MS-SSIM,FSIM,LPIPS,DISTS,L0,L2
397133,dct_mid_nontargeted_white_box_eps0.0627_iter1,0.29752066115702486,0.26818181818181824,0.9990494,58.046447755189405,0.9998151063919067,0.9999302625656128,0.015470470301806927,0.0002932548522949219,325181,0.0021683206,0.0012520443415269256,0.0012517002178356051,0.0012475323164835572
37777,dct_mid_nontargeted_white_box_eps0.0627_iter2,0.6704545454545456,0.6666666666666669,0.9968617,54.13769899209945,0.9993244409561157,0.9989315271377563,0.09035886824131012,0.0039598941802978516,227976,0.0031569344,0.0015815539518371224,0.001514592207968235,0.0015173747669905424
252219,dct_mid_nontargeted_white_box_eps0.0627_iter2,0.6000000000000002,0.5714285714285715,0.997397,53.39641133141632,0.999529242515564,0.999803364276886,0.05550020933151245,0.0016372203826904297,264210,0.003560031,0.0017946287989616394,0.001798919984139502,0.0018884092569351196
87038,dct_mid_nontargeted_white_box_eps0.0627_iter2,0.6190476190476192,0.5269209956709957,0.99707097,53.31608906184448,0.999321460723877,0.9996293187141418,0.06363553553819656,0.0013414621353149414,285095,0.0036096037,0.0018741254461929202,0.0018389832694083452,0.0018613645806908607
174482,dct_mid_nontargeted_white_box_eps0.0627_iter4,0.38068181818181823,0.29174397031539895,0.99402744,49.15195847439741,0.9986199736595154,0.9995914101600647,0.10507375001907349,0.0031211376190185547,367525,0.0057174093,0.0030128564685583115,0.00285156536847353,0.0029805267695337534
403385,dct_mid_nontargeted_white_box_eps0.0627_iter2,1.0000000000000002,0.5000000000000001,0.9972248,53.857795127233736,0.9994316101074219,0.9994882941246033,0.03999004885554314,0.00392758846282959,248314,0.0033117952,0.001629167702049017,0.0016267034225165844,0.001664843875914812
6818,dct_mid_nontargeted_white_box_eps0.0627_iter2,1.0000000000000002,0.3333333333333334,0.99719864,54.05924276092793,0.9994024038314819,0.9996220469474792,0.047661446034908295,0.0013426542282104492,241652,0.0032156685,0.001596563495695591,0.001533921342343092,0.0015678564086556435
480985,dct_mid_nontargeted_white_box_eps0.0627_iter2,0.46363636363636374,0.4303030303030304,0.99813443,53.794735858093446,0.9996464252471924,0.9998191595077515,0.036584071815013885,0.0006898641586303711,262635,0.003330142,0.0016841014148667455,0.0016300107818096876,0.0016966013936325908
331352,dct_mid_nontargeted_white_box_eps0.0627_iter6,0.5000000000000001,0.4000000000000001,0.9903962,48.48307121985722,0.9979947805404663,0.9990057349205017,0.12379749119281769,0.012131810188293457,348750,0.0059226383,0.003025640035048127,0.0029205093160271645,0.002984199905768037
296649,dct_mid_nontargeted_white_box_eps0.0627_iter1,0.31818181818181823,0.29545454545454547,0.9991839,58.064381766304564,0.9998354911804199,0.999940812587738,0.012342620640993118,0.0004253983497619629,339524,0.0021619378,0.0012458421988412738,0.0012454995885491371,0.0012444709427654743
386912,dct_mid_nontargeted_white_box_eps0.0627_iter15,0.1666666666666667,0.15514520202020204,0.9766383,41.167082636536385,0.9955635070800781,0.9975574612617493,0.12939691543579102,0.02531754970550537,401508,0.013670325,0.007137779146432877,0.007002620026469231,0.007124540861696005
502136,dct_mid_nontargeted_white_box_eps0.0627_iter4,1.0000000000000002,0.6666666666666669,0.9945279,49.870195903721225,0.9993741512298584,0.9995805025100708,0.04424365982413292,0.002821803092956543,337333,0.0051875245,0.0026231862138956785,0.002586825517937541,0.0025954339653253555
491497,dct_mid_nontargeted_white_box_eps0.0627_iter8,0.25000000000000006,0.24170274170274178,0.9880113,46.10616728106382,0.9976221919059753,0.9988754391670227,0.12384357303380966,0.012579679489135742,375075,0.007766175,0.004017896484583616,0.003883877769112587,0.0039723943918943405
184791,dct_mid_nontargeted_white_box_eps0.0627_iter2,0.5454545454545455,0.4545454545454546,0.9977402,54.25148214063344,0.9995853900909424,0.9997090101242065,0.04569768160581589,0.002311885356903076,225381,0.003094688,0.0014746172819286585,0.001520004472695291,0.0015014457749202847
348881,dct_mid_nontargeted_white_box_eps0.0627_iter2,0.27272727272727276,0.2575757575757576,0.99766976,54.0812350679918,0.9995253086090088,0.9997432231903076,0.04417877644300461,0.0015042424201965332,259727,0.0032133893,0.0015789229655638337,0.0015536020509898663,0.0015594721771776676
522713,dct_mid_nontargeted_white_box_eps0.0627_iter5,0.41666666666666674,0.36000000000000004,0.99014884,47.73676569666392,0.9974499940872192,0.9987406730651855,0.11119958758354187,0.014774441719055176,384155,0.006719591,0.003500026185065508,0.0034790276549756527,0.0036761441733688116
181666,dct_mid_nontargeted_white_box_eps0.0627_iter2,0.5454545454545455,0.4242424242424243,0.9969604,53.39673214502392,0.9992964267730713,0.999661386013031,0.06965216994285583,0.003575146198272705,274643,0.0035590306,0.0018577512819319963,0.0017889917362481356,0.0018320371164008975
17627,dct_mid_nontargeted_white_box_eps0.0627_iter1,0.4545454545454546,0.3090909090909092,0.99899405,58.044940504089965,0.9997870922088623,0.9999038577079773,0.013195374980568886,0.0003685951232910156,331823,0.0021688144,0.0012476610718294978,0.001252764486707747,0.001252148300409317
143931,dct_mid_nontargeted_white_box_eps0.0627_iter8,0.5000000000000001,0.4000000000000001,0.9870138,45.93302921843418,0.997255802154541,0.9977759718894958,0.11751443147659302,0.0171658992767334,383429,0.008051775,0.004108689725399017,0.004060504958033562,0.004119928926229477
303818,dct_mid_nontargeted_white_box_eps0.0627_iter3,0.47272727272727283,0.41558441558441567,0.9973591,51.1856975413198,0.9993082284927368,0.9997618794441223,0.03975973650813103,0.002065002918243408,355053,0.004540345,0.0024937372654676437,0.002415427938103676,0.0024608697276562452
463730,dct_mid_nontargeted_white_box_eps0.0627_iter9,0.3072727272727273,0.2752005347593583,0.98164916,43.7399317925031,0.9958733320236206,0.9982424974441528,0.1685701459646225,0.01966041326522827,396760,0.010369391,0.0055328309535980225,0.00532035157084465,0.00547255203127861
460347,dct_mid_nontargeted_white_box_eps0.0627_iter5,0.8484848484848486,0.6363636363636365,0.98922795,47.20508315630568,0.9972022771835327,0.9983389377593994,0.11771584302186966,0.01192551851272583,386164,0.007176077,0.004024459049105644,0.0037545158993452787,0.0037354424130171537
322864,dct_mid_nontargeted_white_box_eps0.0627_iter1,0.9090909090909093,0.7727272727272728,0.99893695,58.04408216862836,0.9997912645339966,0.9998844265937805,0.021848905831575394,0.0005283355712890625,316718,0.002169204,0.0012534386478364468,0.00125357776414603,0.0012462991289794445
153299,dct_mid_nontargeted_white_box_eps0.0627_iter4,1.0000000000000002,0.5000000000000001,0.9963453,49.00529633939047,0.9994652271270752,0.9997393488883972,0.019549887627363205,0.0007631778717041016,363085,0.0058054747,0.002996517810970545,0.0029884669929742813,0.0029954342171549797
308394,dct_mid_nontargeted_white_box_eps0.0627_iter1,0.4000000000000001,0.3333333333333334,0.99877006,58.19550450137453,0.9997737407684326,0.999768853187561,0.02913653291761875,0.0013000965118408203,292179,0.0021152871,0.0012241301592439413,0.0012000424321740866,0.0012005413882434368
456496,dct_mid_nontargeted_white_box_eps0.0627_iter7,0.6666666666666669,0.5000000000000001,0.9888921,45.62888717448498,0.9974168539047241,0.9987918138504028,0.1278105229139328,0.023488640785217285,391640,0.008435585,0.004487857688218355,0.004362503997981548,0.00443810410797596
41888,dct_mid_nontargeted_white_box_eps0.0627_iter2,0.31818181818181823,0.0,0.99821407,53.72488081907512,0.999553918838501,0.9998811483383179,0.03185880184173584,0.0008478164672851562,300090,0.0034154986,0.0017176548717543483,0.0016484638908877969,0.00170739961322397
184321,dct_mid_nontargeted_white_box_eps0.0627_iter2,1.0000000000000002,0.5000000000000001,0.9975578,53.58893480089517,0.9994567632675171,0.9996846914291382,0.044215843081474304,0.000993490219116211,268873,0.0034657947,0.0017625554464757442,0.0017309279646724463,0.0017415439942851663
565778,dct_mid_nontargeted_white_box_eps0.0627_iter1,0.3787878787878789,0.3636363636363637,0.99925,58.05654713092537,0.9998269081115723,0.9999663829803467,0.008244290947914124,0.00012052059173583984,358509,0.00216424,0.0012464713072404265,0.0012479465221986175,0.0012481440789997578
297343,dct_mid_nontargeted_white_box_eps0.0627_iter3,1.0000000000000002,0.3333333333333334,0.995023,51.9977372117464,0.9988926649093628,0.9978067278862,0.09548259526491165,0.005933046340942383,319857,0.00407657,0.0022079271730035543,0.0021806182339787483,0.00220673275180161
336587,dct_mid_nontargeted_white_box_eps0.0627_iter1,0.3333333333333334,0.25000000000000006,0.9992242,58.04121991148519,0.9998287558555603,0.9999366998672485,0.007826142013072968,0.0003641843795776367,352726,0.002169951,0.0012537521542981267,0.0012528614606708288,0.0012491790112107992
122745,dct_mid_nontargeted_white_box_eps0.0627_iter3,1.0000000000000002,0.5000000000000001,0.98426914,52.68215726295331,0.9980704188346863,0.966230034828186,0.16731080412864685,0.019203543663024902,124511,0.0033846968,0.0018484484171494842,0.001802224200218916,0.001801700796931982
219578,dct_mid_nontargeted_white_box_eps0.0627_iter13,0.18181818181818185,0.16666666666666669,0.9799523,42.671590430840716,0.995184600353241,0.9978345632553101,0.15247811377048492,0.019422829151153564,399541,0.011563521,0.0060699936002492905,0.005866651423275471,0.006047538015991449
555705,dct_mid_nontargeted_white_box_eps0.0627_iter1,1.0000000000000002,0.5000000000000001,0.9989465,58.07096692424239,0.999786376953125,0.9999234676361084,0.022020362317562103,0.0002199411392211914,325543,0.0021585603,0.0012466785265132785,0.0012432154035195708,0.00124026695266366
443303,dct_mid_nontargeted_white_box_eps0.0627_iter2,0.6666666666666669,0.5000000000000001,0.9970243,54.12454688866021,0.9993805289268494,0.999492883682251,0.06284716725349426,0.003364861011505127,228613,0.0031608052,0.0015592058189213276,0.001514839706942439,0.001553359441459179
500663,dct_mid_nontargeted_white_box_eps0.0627_iter3,0.6363636363636365,0.303030303030303,0.99547577,51.21952319934428,0.9989532232284546,0.9992912411689758,0.07008914649486542,0.004803061485290527,345786,0.004539636,0.0024590352550148964,0.002422459190711379,0.0024498566053807735
418281,dct_mid_nontargeted_white_box_eps0.0627_iter3,0.5000000000000001,0.3333333333333334,0.9959062,50.54022551867817,0.9990741610527039,0.9996680617332458,0.07635252177715302,0.0035028457641601562,342131,0.004968612,0.0027468339540064335,0.0026716964785009623,0.0026826101820915937
25560,dct_mid_nontargeted_white_box_eps0.0627_iter2,0.7500000000000002,0.6666666666666669,0.99731284,54.09976752632428,0.9994827508926392,0.999651312828064,0.05166688561439514,0.001689612865447998,226919,0.0031638623,0.0015719917137175798,0.001538036740384996,0.00154429255053401
403817,dct_mid_nontargeted_white_box_eps0.0627_iter1,0.25000000000000006,0.1666666666666667,0.9987685,58.19660604173858,0.9997689127922058,0.9997729063034058,0.024833500385284424,0.0005775690078735352,303866,0.00212193,0.001238039112649858,0.0012247714912518859,0.0011609785724431276
85329,dct_mid_nontargeted_white_box_eps0.0627_iter8,1.0000000000000002,0.6666666666666669,0.9839441,46.934025205464714,0.9963588714599609,0.9876068234443665,0.24289968609809875,0.07165896892547607,358686,0.0069741933,0.003646576078608632,0.0034428501967340708,0.0035509192384779453
329323,dct_mid_nontargeted_white_box_eps0.0627_iter1,0.5909090909090908,0.15507756132756131,0.99907637,58.0419143683863,0.9998235106468201,0.9999385476112366,0.012950298376381397,0.00033777952194213867,324709,0.0021695404,0.0012519528390839696,0.0012513281544670463,0.0012519003357738256
239274,dct_mid_nontargeted_white_box_eps0.0627_iter1,0.7272727272727274,0.7142857142857144,0.9994746,58.05336400220141,0.9998947381973267,0.9999468922615051,0.0029938777443021536,8.296966552734375e-05,356167,0.0021665457,0.0012447427725419402,0.0012484454782679677,0.001252099173143506
286994,dct_mid_nontargeted_white_box_eps0.0627_iter3,1.0000000000000002,0.5000000000000001,0.9957668,50.46136967041731,0.9990202784538269,0.9996327757835388,0.06061675399541855,0.0029016733169555664,358951,0.0050307494,0.0027342094108462334,0.002700716257095337,0.0027645961381495
511321,dct_mid_nontargeted_white_box_eps0.0627_iter2,0.5454545454545455,0.3181818181818182,0.9973812,53.48991237080945,0.9994063377380371,0.9997332096099854,0.05114082619547844,0.0015221834182739258,289478,0.0035221789,0.0018143935594707727,0.0017252793768420815,0.001816641422919929
314294,dct_mid_nontargeted_white_box_eps0.0627_iter3,0.5454545454545455,0.21212121212121207,0.9964063,51.21632615059889,0.9990682601928711,0.999824583530426,0.08439254760742188,0.002416551113128662,368407,0.0045562005,0.0024825853761285543,0.0023806667886674404,0.002471074927598238
233771,dct_mid_nontargeted_white_box_eps0.0627_iter11,0.27272727272727276,0.24970120788302613,0.9799145,43.234510722024226,0.9976076483726501,0.9980779886245728,0.09024402499198914,0.015095114707946777,379926,0.01068816,0.005596914328634739,0.005597731564193964,0.005644757300615311
475779,dct_mid_nontargeted_white_box_eps0.0627_iter9,1.0000000000000002,0.5000000000000001,0.99238557,44.59538618132491,0.9978357553482056,0.9992989897727966,0.07618443667888641,0.017275333404541016,398796,0.009462107,0.005038186442106962,0.004887832328677177,0.0048973895609378815
301867,dct_mid_nontargeted_white_box_eps0.0627_iter1,0.8787878787878789,0.7272727272727273,0.99928564,58.05510737392082,0.9998661279678345,0.9999548196792603,0.007401724345982075,0.0002701282501220703,336769,0.0021641385,0.0012477310374379158,0.0012482504826039076,0.0012478179996833205
312421,dct_mid_nontargeted_white_box_eps0.0627_iter1,0.5163636363636364,0.4696969696969698,0.99893165,58.191788062650716,0.9997812509536743,0.9998133778572083,0.030280670151114464,0.0013750195503234863,317138,0.002115062,0.0012093479745090008,0.0012087230570614338,0.0012097239959985018
185250,dct_mid_nontargeted_white_box_eps0.0627_iter4,0.6969696969696971,0.6363636363636365,0.9957466,49.207266483108654,0.9989229440689087,0.9996009469032288,0.08725425601005554,0.0037949085235595703,362719,0.0056188125,0.0029711583629250526,0.0027890289202332497,0.002881778171285987
356427,dct_mid_nontargeted_white_box_eps0.0627_iter2,0.31818181818181823,0.2545454545454546,0.99797755,53.34951815606889,0.9995233416557312,0.9998300671577454,0.049865543842315674,0.0009324550628662109,301769,0.0036117611,0.0018667399417608976,0.001809589914046228,0.0018569262465462089
572517,dct_mid_nontargeted_white_box_eps0.0627_iter7,0.5000000000000001,0.4000000000000001,0.99044806,46.207000434508444,0.9975274801254272,0.9993025064468384,0.11454340815544128,0.01117706298828125,392554,0.007876059,0.004211227409541607,0.004019199404865503,0.004135972820222378
270244,dct_mid_nontargeted_white_box_eps0.0627_iter5,1.0000000000000002,0.5000000000000001,0.9936571,48.82970020406206,0.9986156225204468,0.9994548559188843,0.09652431309223175,0.006691694259643555,366180,0.005786695,0.0031092644203454256,0.003003597492352128,0.003063975600525737
516316,dct_mid_nontargeted_white_box_eps0.0627_iter4,0.5000000000000001,0.3333333333333334,0.99529856,49.179250997895664,0.9988975524902344,0.9995409250259399,0.05876846984028816,0.0016224980354309082,363542,0.005668138,0.0029715693090111017,0.00283352704718709,0.0028949924744665623
125211,dct_mid_nontargeted_white_box_eps0.0627_iter2,1.0000000000000002,0.5000000000000001,0.9979103,53.21064997922241,0.9995808601379395,0.9998221397399902,0.037658318877220154,0.000845789909362793,313174,0.0036712983,0.0019144087564200163,0.0018844850128516555,0.001928539015352726
562121,dct_mid_nontargeted_white_box_eps0.0627_iter1,0.5454545454545454,0.31818181818181823,0.9990943,58.03864315376502,0.999817967414856,0.9999414682388306,0.010149715468287468,0.00022780895233154297,339938,0.0021707052,0.0012516342103481293,0.0012536552967503667,0.0012527212966233492
360661,dct_mid_nontargeted_white_box_eps0.0627_iter6,1.0000000000000002,0.6666666666666669,0.9853254,46.395294400431766,0.9966777563095093,0.9978794455528259,0.17319253087043762,0.023825347423553467,386533,0.007790489,0.0040911235846579075,0.003918850794434547,0.0040737297385931015
16228,dct_mid_nontargeted_white_box_eps0.0627_iter10,0.4242424242424243,0.3358717040535223,0.9804459,43.2627297318907,0.9957277178764343,0.9985350966453552,0.17687372863292694,0.021139204502105713,393580,0.010876171,0.005689561832696199,0.005453141871839762,0.005753409117460251
382088,dct_mid_nontargeted_white_box_eps0.0627_iter2,1.0000000000000002,0.5000000000000001,0.9977386,53.849048561013824,0.9994995594024658,0.9998718500137329,0.05407238379120827,0.0009859204292297363,260193,0.003324982,0.001658924389630556,0.0016249690670520067,0.0016466806409880519
266409,dct_mid_nontargeted_white_box_eps0.0627_iter5,0.6666666666666669,0.5000000000000001,0.99054617,48.534292946512934,0.9979340434074402,0.9985875487327576,0.12119215726852417,0.014796614646911621,369544,0.0060579134,0.003252539550885558,0.0031176579650491476,0.0032052064780145884
430961,dct_mid_nontargeted_white_box_eps0.0627_iter4,0.8484848484848486,0.6742424242424243,0.9927955,49.91337411350454,0.998487651348114,0.9988401532173157,0.11830475181341171,0.01408374309539795,333067,0.0051166667,0.002625491935759783,0.002558482810854912,0.0025833002291619778
80671,dct_mid_nontargeted_white_box_eps0.0627_iter2,1.0000000000000002,0.5000000000000001,0.9965677,53.961590860950885,0.9992627501487732,0.9987501502037048,0.082622230052948,0.004135489463806152,226481,0.0032076375,0.001630603801459074,0.0015778295928612351,0.0015959138981997967
577539,dct_mid_nontargeted_white_box_eps0.0627_iter10,0.3333333333333334,0.3267045454545455,0.9829292,44.218682464070476,0.9970163106918335,0.9981052875518799,0.15961723029613495,0.01536095142364502,378672,0.009485237,0.004964210093021393,0.004798957612365484,0.004858532454818487
104612,dct_mid_nontargeted_white_box_eps0.0627_iter1,0.2727272727272727,0.18181818181818182,0.999237,58.04342139202305,0.9998582601547241,0.9999489784240723,0.0096214534714818,0.0004799962043762207,320812,0.002169373,0.0012532862601801753,0.0012489069486036897,0.0012516936985775828
476258,dct_mid_nontargeted_white_box_eps0.0627_iter8,1.0000000000000002,0.6666666666666669,0.9865393,46.56438152673586,0.9967297315597534,0.9976546764373779,0.18412120640277863,0.029513001441955566,374593,0.0074151075,0.003907701466232538,0.00357098993845284,0.0038073703180998564
448365,dct_mid_nontargeted_white_box_eps0.0627_iter1,0.6666666666666669,0.5000000000000001,0.9989554,58.044717078597984,0.999778151512146,0.9998995065689087,0.019000139087438583,0.0004712343215942383,329585,0.0021688147,0.001251670066267252,0.0012528798542916775,0.001248201704584062
35197,dct_mid_nontargeted_white_box_eps0.0627_iter5,1.0000000000000002,0.6666666666666669,0.9910388,48.623049771943634,0.9981225728988647,0.9983143210411072,0.12586508691310883,0.004560589790344238,362378,0.005932056,0.003237012540921569,0.003015880472958088,0.0031871728133410215
349860,dct_mid_nontargeted_white_box_eps0.0627_iter5,0.6363636363636365,0.5656565656565656,0.9883587,48.389578671722745,0.9974391460418701,0.9974955320358276,0.18450602889060974,0.02064824104309082,368868,0.0061194324,0.003307242877781391,0.0031555863097310066,0.00327036390081048
180135,dct_mid_nontargeted_white_box_eps0.0627_iter4,1.0000000000000002,0.6666666666666669,0.9860401,50.64118057625673,0.9984855055809021,0.9948037266731262,0.133071631193161,0.011567354202270508,243685,0.0043968083,0.0023144762963056564,0.002184611512348056,0.0022651550825685263
486438,dct_mid_nontargeted_white_box_eps0.0627_iter5,1.0000000000000002,0.7500000000000002,0.99209523,49.188073251263766,0.9985434412956238,0.998957633972168,0.12373633682727814,0.007222533226013184,350399,0.005470522,0.002960260258987546,0.0028683720156550407,0.002920964965596795
109798,dct_mid_nontargeted_white_box_eps0.0627_iter1,0.5000000000000001,0.25000000000000006,0.9988404,58.08246509688839,0.9997830390930176,0.9998623132705688,0.031181154772639275,0.0011091232299804688,298636,0.0021530797,0.0012429703492671251,0.0012428341433405876,0.0012344809947535396
370677,dct_mid_nontargeted_white_box_eps0.0627_iter2,0.5000000000000001,0.4257964257964259,0.9974695,53.47915253552834,0.9995211958885193,0.9998073577880859,0.058055177330970764,0.0023221969604492188,248690,0.0034923959,0.0018227137625217438,0.0017499178647994995,0.0017996904207393527
238866,dct_mid_nontargeted_white_box_eps0.0627_iter8,0.5454545454545454,0.29210113842600227,0.99186754,45.85377615588062,0.9982525110244751,0.9990313649177551,0.11155456304550171,0.011770963668823242,372344,0.007956954,0.004099844954907894,0.004021608270704746,0.00403427192941308
369370,dct_mid_nontargeted_white_box_eps0.0627_iter2,0.31818181818181823,0.2575757575757576,0.9980586,54.301081738584365,0.9996501803398132,0.9998549222946167,0.043242450803518295,0.0016137957572937012,217292,0.0030482851,0.001491366303525865,0.0014666703063994646,0.0014873620821163058
502737,dct_mid_nontargeted_white_box_eps0.0627_iter7,0.25000000000000006,0.22077922077922082,0.9891205,47.69462741086577,0.9979453086853027,0.9984027743339539,0.12372481822967529,0.005872666835784912,368751,0.006481769,0.0034509769175201654,0.003359629539772868,0.003384554060176015
515579,dct_mid_nontargeted_white_box_eps0.0627_iter1,0.3272727272727273,0.27272727272727276,0.999073,58.06033296298443,0.9998397827148438,0.999927282333374,0.020755533128976822,0.0004992485046386719,288986,0.002160956,0.0012464445317164063,0.0012464658357203007,0.001246380154043436
515445,dct_mid_nontargeted_white_box_eps0.0627_iter3,0.6818181818181819,0.48989898989899006,0.99531394,51.01608614719129,0.9989377856254578,0.9992695450782776,0.08274168521165848,0.007381081581115723,329588,0.0046470817,0.0024764644913375378,0.0025091669522225857,0.002565448870882392
173383,dct_mid_nontargeted_white_box_eps0.0627_iter1,0.3750000000000001,0.3000000000000001,0.99891406,58.04849126054695,0.9998008608818054,0.9999167919158936,0.01647953875362873,0.00040030479431152344,320817,0.0021678198,0.0012498768046498299,0.0012525805504992604,0.0012470477959141135
438862,dct_mid_nontargeted_white_box_eps0.0627_iter5,0.6060606060606062,0.5136363636363637,0.9926496,47.12516458714673,0.9981900453567505,0.9992997646331787,0.10238982737064362,0.007814109325408936,389722,0.0072325254,0.003970333840698004,0.003767975838854909,0.0038368890527635813
180560,dct_mid_nontargeted_white_box_eps0.0627_iter3,1.0000000000000002,0.4000000000000001,0.99590796,52.311396104021064,0.9991805553436279,0.9990873336791992,0.0924292579293251,0.004753410816192627,295596,0.0038787776,0.0021325990092009306,0.002094682538881898,0.0021004837471991777
39956,dct_mid_nontargeted_white_box_eps0.0627_iter1,1.0000000000000002,0.3333333333333334,0.9989484,58.15409696474215,0.9998029470443726,0.9998729825019836,0.018468400463461876,0.00045865774154663086,310385,0.0021315,0.001235097530297935,0.0012198593467473984,0.0012044738978147507
321214,dct_mid_nontargeted_white_box_eps0.0627_iter1,0.6666666666666669,0.5000000000000001,0.9987955,58.03648852419708,0.9997706413269043,0.9997707605361938,0.02397788316011429,0.0004856586456298828,285896,0.0021713024,0.001253726426512003,0.0012535612331703305,0.0012526026694104075
474028,dct_mid_nontargeted_white_box_eps0.0627_iter3,0.9090909090909093,0.8598484848484851,0.9965381,50.52974212560269,0.9992038607597351,0.9997369647026062,0.06916312128305435,0.002231895923614502,347619,0.004957294,0.002745430450886488,0.002637653611600399,0.0027292463928461075
66523,dct_mid_nontargeted_white_box_eps0.0627_iter5,1.0000000000000002,0.25000000000000006,0.9929698,49.30455131861467,0.9984063506126404,0.9991257190704346,0.08283772319555283,0.007817625999450684,365032,0.0054968353,0.002919785911217332,0.002859432715922594,0.002896989230066538
355257,dct_mid_nontargeted_white_box_eps0.0627_iter4,0.25000000000000006,0.0,0.99385625,49.80201960927875,0.9987815618515015,0.9991046190261841,0.09639723598957062,0.0054354071617126465,337836,0.005183707,0.002663854043930769,0.0025471686385571957,0.0026449570432305336
142092,dct_mid_nontargeted_white_box_eps0.0627_iter1,1.0000000000000002,0.3333333333333334,0.999173,58.036423374521426,0.9998481273651123,0.9999383091926575,0.011400800198316574,0.0003727078437805176,326875,0.002171283,0.0012537215370684862,0.00125351850874722,0.0012526974314823747
63154,dct_mid_nontargeted_white_box_eps0.0627_iter1,0.5000000000000001,0.25000000000000006,0.99905425,58.034509685367226,0.9997777342796326,0.9999321103096008,0.009863907471299171,0.0002162456512451172,364200,0.0021718428,0.0012538291048258543,0.0012538597220554948,0.0012538897572085261
199551,dct_mid_nontargeted_white_box_eps0.0627_iter1,0.5000000000000001,0.3333333333333334,0.9989516,58.03829995201074,0.9997894763946533,0.9998996257781982,0.024486761540174484,0.0005689263343811035,314878,0.0021708147,0.001253052381798625,0.0012535270070657134,0.0012517344439402223
514508,dct_mid_nontargeted_white_box_eps0.0627_iter1,0.5000000000000001,0.20000000000000004,0.999204,58.03585240548013,0.9998612403869629,0.9999473690986633,0.008118489757180214,0.00011605024337768555,327483,0.002171494,0.0012525749625638127,0.0012538469163700938,0.00125400151591748
473237,dct_mid_nontargeted_white_box_eps0.0627_iter4,0.6666666666666669,0.6250000000000002,0.9940985,50.92277697200494,0.9987995028495789,0.9989028573036194,0.12797777354717255,0.00993812084197998,291597,0.004431446,0.0022617257200181484,0.0021830815821886063,0.002207286423072219
206027,dct_mid_nontargeted_white_box_eps0.0627_iter3,0.31818181818181823,0.2545454545454546,0.99607724,51.734062069048875,0.9992896914482117,0.9994935989379883,0.062094420194625854,0.003452479839324951,313585,0.0041927774,0.002311157528311014,0.0022488408721983433,0.00227173138409853
78915,dct_mid_nontargeted_white_box_eps0.0627_iter8,0.7272727272727275,0.5983471074380167,0.9884979,44.387450964131425,0.9970154762268066,0.9986404776573181,0.08502233773469925,0.005091607570648193,390306,0.009669945,0.005106785334646702,0.004862623289227486,0.005039805080741644
551215,dct_mid_nontargeted_white_box_eps0.0627_iter6,0.5000000000000001,0.3750000000000001,0.99321026,47.4364424747897,0.9981510639190674,0.9992943406105042,0.06841506063938141,0.0024875998497009277,377963,0.0068527265,0.0035119112581014633,0.003396977437660098,0.0034722231794148684
544519,dct_mid_nontargeted_white_box_eps0.0627_iter2,1.0000000000000002,0.7500000000000002,0.9972782,54.19040239076089,0.9994465112686157,0.9995254874229431,0.07896904647350311,0.002318441867828369,225238,0.0031114602,0.0015055389376357198,0.0015065609477460384,0.0015470549697056413
96493,dct_mid_nontargeted_white_box_eps0.0627_iter8,0.3333333333333334,0.25000000000000006,0.9879987,46.30993927057255,0.9970420598983765,0.9985331296920776,0.12079952657222748,0.011894643306732178,378301,0.007657011,0.003939458634704351,0.0037934272550046444,0.0038667127955704927
23899,dct_mid_nontargeted_white_box_eps0.0627_iter1,0.15151515151515152,0.14393939393939392,0.9986944,58.03834058005725,0.9997339248657227,0.9996848702430725,0.035752370953559875,0.000950932502746582,312572,0.0021706063,0.0012529549421742558,0.0012527042999863625,0.0012526278151199222
340175,dct_mid_nontargeted_white_box_eps0.0627_iter5,0.4204545454545455,0.41900826446281003,0.99095464,47.6351230655675,0.9980181455612183,0.9991005063056946,0.1266019642353058,0.014445006847381592,380210,0.006730725,0.003682274604216218,0.0035039966460317373,0.0035769850946962833
578500,dct_mid_nontargeted_white_box_eps0.0627_iter3,0.46060606060606074,0.4127272727272727,0.9940362,50.80915119340118,0.9986831545829773,0.9967103004455566,0.14797425270080566,0.008788466453552246,327378,0.004760956,0.002677729120478034,0.0024835250806063414,0.0026191517245024443
366141,dct_mid_nontargeted_white_box_eps0.0627_iter1,0.5000000000000001,0.4000000000000001,0.9988399,58.04251506553483,0.9997832179069519,0.99986732006073,0.017970189452171326,0.0005671977996826172,317966,0.0021694773,0.0012514212867245078,0.0012529735686257482,0.0012502633035182953
57597,dct_mid_nontargeted_white_box_eps0.0627_iter4,0.2575757575757576,0.20981246026700573,0.993859,49.15479152396589,0.998641848564148,0.9993487596511841,0.08732231706380844,0.0038183927536010742,355784,0.005650244,0.0029644640162587166,0.0028448710218071938,0.0029271221719682217
559842,dct_mid_nontargeted_white_box_eps0.0627_iter2,0.562937062937063,0.5413223140495868,0.9979949,53.14140462605249,0.999555766582489,0.9998551607131958,0.05074919015169144,0.0010434389114379883,297018,0.0037047984,0.001974289072677493,0.0018769021844491363,0.0019520637579262257
434230,dct_mid_nontargeted_white_box_eps0.0627_iter1,0.10606060606060606,0.09932659932659932,0.9992364,58.04001989282324,0.9998471140861511,0.9999746084213257,0.014157491736114025,0.0003399848937988281,334795,0.0021703227,0.0012526827631518245,0.0012539869640022516,0.0012501573655754328
428454,dct_mid_nontargeted_white_box_eps0.0627_iter8,0.7500000000000002,0.5545454545454547,0.982058,44.88873759337109,0.9956430196762085,0.9970559477806091,0.20477496087551117,0.0330730676651001,390454,0.009156154,0.004847935866564512,0.004551219288259745,0.004695825278759003
399462,dct_mid_nontargeted_white_box_eps0.0627_iter5,1.0000000000000002,0.6666666666666669,0.9940844,48.17806873310416,0.9987525343894958,0.9995332360267639,0.08916488289833069,0.004441976547241211,374940,0.006272477,0.003440236672759056,0.00320890243165195,0.00334954378195107
261061,dct_mid_nontargeted_white_box_eps0.0627_iter1,0.25000000000000006,0.20000000000000004,0.9990301,58.052331451121745,0.9998114109039307,0.9999317526817322,0.019597172737121582,0.00031322240829467773,314019,0.0021661194,0.0012471224181354046,0.0012508410727605224,0.0012482362799346447
168330,dct_mid_nontargeted_white_box_eps0.0627_iter2,0.8484848484848486,0.7500000000000002,0.99719095,53.84637885800443,0.9993695020675659,0.9997413158416748,0.06962954998016357,0.0017346739768981934,258733,0.0033427437,0.0016657437663525343,0.001632603583857417,0.001635309774428606
383384,dct_mid_nontargeted_white_box_eps0.0627_iter6,0.38636363636363646,0.33962703962703966,0.99077445,46.85050881128515,0.9976406097412109,0.9986563920974731,0.14226213097572327,0.013705551624298096,371382,0.0072374986,0.003873218083754182,0.0035865793470293283,0.003691470017656684
342006,dct_mid_nontargeted_white_box_eps0.0627_iter3,0.5000000000000001,0.28030303030303033,0.99448615,50.644591937846116,0.9985525012016296,0.9993524551391602,0.07200159877538681,0.004774928092956543,362051,0.004909558,0.0026974957436323166,0.0025959431659430265,0.002680212492123246
217285,dct_mid_nontargeted_white_box_eps0.0627_iter10,0.6818181818181819,0.6800432900432901,0.9845007,42.66488615970232,0.9968045949935913,0.998505175113678,0.12838630378246307,0.02644515037536621,388697,0.011537155,0.0061631472781300545,0.0058563705533742905,0.006052015814930201
236412,dct_mid_nontargeted_white_box_eps0.0627_iter1,0.5000000000000001,0.3333333333333334,0.9992458,58.040496384782514,0.9998390674591064,0.99994295835495,0.007493962533771992,0.0001773238182067871,340847,0.002170149,0.0012531253742054105,0.001251489040441811,0.001251789042726159
524456,dct_mid_nontargeted_white_box_eps0.0627_iter1,0.5090909090909091,0.4242424242424243,0.99923944,58.051917213465245,0.9998511075973511,0.9999339580535889,0.010293197818100452,0.0003122091293334961,326052,0.002166235,0.0012514333939179778,0.001248160726390779,0.0012469467474147677
153343,dct_mid_nontargeted_white_box_eps0.0627_iter2,1.0000000000000002,0.3333333333333334,0.997876,53.75981534195772,0.9995437860488892,0.9997615814208984,0.04444066435098648,0.0008007287979125977,259679,0.0033668461,0.0016810883535072207,0.0016738842241466045,0.0016819353913888335
95786,dct_mid_nontargeted_white_box_eps0.0627_iter1,0.42424242424242414,0.33333333333333326,0.99865,58.03580420444235,0.9997222423553467,0.9997742176055908,0.03815588355064392,0.000685274600982666,306709,0.002171361,0.0012536613503471017,0.0012533223489299417,0.0012534877751022577
326541,dct_mid_nontargeted_white_box_eps0.0627_iter3,0.4343434343434344,0.37500000000000006,0.99554783,51.89986300367093,0.9990279078483582,0.9993477463722229,0.10817211866378784,0.005405426025390625,328715,0.004127398,0.0022750445641577244,0.00218325387686491,0.0022009441163390875
213086,dct_mid_nontargeted_white_box_eps0.0627_iter4,0.5000000000000001,0.3750000000000001,0.99404216,50.02204182985927,0.9988400340080261,0.9992668032646179,0.07841561734676361,0.006216108798980713,335197,0.0050549377,0.002559031592682004,0.0025058218743652105,0.002556523773819208
231339,dct_mid_nontargeted_white_box_eps0.0627_iter4,0.5000000000000001,0.25000000000000006,0.9930951,49.115790011657474,0.9985501766204834,0.9993591904640198,0.07446879148483276,0.0025450587272644043,364928,0.0057408717,0.0030322992242872715,0.002818820532411337,0.0029902877286076546
508730,dct_mid_nontargeted_white_box_eps0.0627_iter5,0.20000000000000004,0.17171717171717177,0.99309564,48.23750289154853,0.9984965324401855,0.9989141225814819,0.0745396688580513,0.011592507362365723,369180,0.006247651,0.003334040753543377,0.0033002898562699556,0.003317213151603937
550426,dct_mid_nontargeted_white_box_eps0.0627_iter1,1.0000000000000002,0.5000000000000001,0.9990258,58.06583025329374,0.999809741973877,0.9999237656593323,0.00953177735209465,0.000247955322265625,329767,0.0021630123,0.001248074579052627,0.001250520464964211,0.0012359718093648553
368294,dct_mid_nontargeted_white_box_eps0.0627_iter1,0.5000000000000001,0.3333333333333334,0.9990511,58.13146225526041,0.9998189806938171,0.9999343156814575,0.013405973091721535,0.0002695322036743164,322554,0.002137045,0.0012326159048825502,0.0012262007221579552,0.0012197428150102496
171190,dct_mid_nontargeted_white_box_eps0.0627_iter10,0.37110389610389616,0.3582259375362824,0.9787576,43.591389623291825,0.9959735870361328,0.9968321323394775,0.14971131086349487,0.0235825777053833,386216,0.010302728,0.005452945828437805,0.0052285147830843925,0.005352044012397528
301135,dct_mid_nontargeted_white_box_eps0.0627_iter5,0.4533648170011807,0.40696218382168803,0.9942493,47.319559260228786,0.9986464381217957,0.9994933605194092,0.08012810349464417,0.003969728946685791,386929,0.0070119817,0.0037937609013170004,0.003695395542308688,0.003697941079735756
580294,dct_mid_nontargeted_white_box_eps0.0627_iter4,0.19480519480519481,0.1464646464646465,0.99371606,49.48410719447001,0.9987058639526367,0.9994006752967834,0.09387437254190445,0.006003737449645996,357224,0.0054705357,0.0027941560838371515,0.0027428085450083017,0.0027863141149282455
494869,dct_mid_nontargeted_white_box_eps0.0627_iter5,0.5000000000000001,0.4343434343434345,0.9920972,47.76257421911998,0.9982980489730835,0.9989703297615051,0.09715099632740021,0.005020856857299805,375206,0.006586867,0.0035989731550216675,0.0034174174070358276,0.00352639053016901
33638,dct_mid_nontargeted_white_box_eps0.0627_iter2,0.25000000000000006,0.1666666666666667,0.99683255,53.71692721808763,0.9993640780448914,0.9994975328445435,0.07242351025342941,0.002051830291748047,242817,0.0033725055,0.001737818238325417,0.001692321733571589,0.0016628355951979756
329219,dct_mid_nontargeted_white_box_eps0.0627_iter1,0.3506493506493507,0.28409090909090917,0.9989934,58.034257377598706,0.9997987747192383,0.9999206066131592,0.011925404891371727,0.0004849433898925781,329873,0.002171932,0.0012539103627204895,0.001253955764696002,0.00125395436771214
34873,dct_mid_nontargeted_white_box_eps0.0627_iter2,0.20454545454545459,0.20000000000000004,0.997035,53.52305641864718,0.9993631839752197,0.999522864818573,0.057466816157102585,0.0017429590225219727,264837,0.003496162,0.001780978636816144,0.001766546512953937,0.0017674011178314686
186980,dct_mid_nontargeted_white_box_eps0.0627_iter17,0.2545454545454546,0.24641148325358855,0.96809894,40.45930948481448,0.9940727949142456,0.9965866208076477,0.17863056063652039,0.0229189395904541,402589,0.01473158,0.007761229760944843,0.007566663436591625,0.007705554366111755
127182,dct_mid_nontargeted_white_box_eps0.0627_iter11,0.4285714285714287,0.40909090909090917,0.975532,44.05969800147989,0.9947911500930786,0.9965853095054626,0.2006702423095703,0.03648829460144043,394972,0.009850868,0.0052062529139220715,0.005044252146035433,0.005107247736304998
356387,dct_mid_nontargeted_white_box_eps0.0627_iter1,0.34090909090909094,0.2890909090909091,0.99912137,58.03752117268979,0.9998219013214111,0.9999148845672607,0.017004555091261864,0.0004278421401977539,327896,0.0021710286,0.0012517923023551702,0.001253337599337101,0.0012538577429950237
367680,dct_mid_nontargeted_white_box_eps0.0627_iter5,0.781818181818182,0.576714513556619,0.9914816,47.6868935862803,0.9982582926750183,0.9992284178733826,0.10356660187244415,0.009853720664978027,379146,0.0067165266,0.003619888797402382,0.0035196549724787474,0.003573584370315075
263796,dct_mid_nontargeted_white_box_eps0.0627_iter1,1.0000000000000002,0.0,0.9993634,58.03709930142883,0.9998674392700195,0.9999635219573975,0.005070806015282869,0.00033605098724365234,348038,0.0021711094,0.0012530271196737885,0.0012533958069980145,0.001252923160791397
117425,dct_mid_nontargeted_white_box_eps0.0627_iter1,0.5194805194805195,0.4040404040404041,0.99887794,58.048368874053466,0.999763011932373,0.9998319745063782,0.03133687376976013,0.0004025697708129883,317092,0.0021676503,0.0012523606419563293,0.0012517747236415744,0.0012454795651137829
365387,dct_mid_nontargeted_white_box_eps0.0627_iter8,0.5000000000000001,0.3750000000000001,0.98617405,47.29381435253238,0.9971742630004883,0.9977720975875854,0.17580975592136383,0.022350549697875977,363481,0.0067619355,0.003456470323726535,0.003312526736408472,0.003399262670427561
487583,dct_mid_nontargeted_white_box_eps0.0627_iter2,0.5000000000000001,0.3333333333333334,0.9970234,54.00230805792114,0.999360203742981,0.9993215203285217,0.07541009783744812,0.0026597976684570312,232998,0.0032163223,0.0016072621801868081,0.0015502104070037603,0.0016022245399653912
504711,dct_mid_nontargeted_white_box_eps0.0627_iter7,1.0000000000000002,0.6666666666666669,0.9910442,47.3879258596058,0.9982146620750427,0.9988329410552979,0.11637532711029053,0.014194786548614502,369924,0.0067213797,0.0036090619396418333,0.0034703302662819624,0.00348448078148067
363840,dct_mid_nontargeted_white_box_eps0.0627_iter8,0.4204545454545455,0.40530303030303044,0.9858845,45.011013440572924,0.9972976446151733,0.9978868365287781,0.1295471042394638,0.015182137489318848,385770,0.008885192,0.004650644026696682,0.00436610821634531,0.004668192006647587
214720,dct_mid_nontargeted_white_box_eps0.0627_iter1,0.6753246753246753,0.5555555555555557,0.99911577,58.06460384110554,0.9998313784599304,0.9999251961708069,0.011662236414849758,0.00024580955505371094,330766,0.0021619296,0.0012436965480446815,0.0012471242807805538,0.0012447860790416598
379453,dct_mid_nontargeted_white_box_eps0.0627_iter7,1.0000000000000002,0.3333333333333334,0.98712105,48.87075671685473,0.9968457221984863,0.9948408603668213,0.15508025884628296,0.01485133171081543,341872,0.0055952724,0.003013280685991049,0.0029568844474852085,0.0029548127204179764
311295,dct_mid_nontargeted_white_box_eps0.0627_iter9,0.590909090909091,0.3257575757575758,0.97986627,44.093207551499674,0.9943280220031738,0.9978989362716675,0.17580795288085938,0.03181666135787964,400688,0.010089991,0.005333832930773497,0.00505169527605176,0.005402029026299715
29393,dct_mid_nontargeted_white_box_eps0.0627_iter2,0.6818181818181819,0.34090909090909094,0.99828243,54.04233653032556,0.9996774196624756,0.999870240688324,0.03850657492876053,0.0016536712646484375,242535,0.0032066568,0.0015872697113081813,0.0015563409542664886,0.001577327842824161
278848,dct_mid_nontargeted_white_box_eps0.0627_iter1,0.6590909090909092,0.5818181818181818,0.99906206,58.13704476166771,0.9998331069946289,0.9998539686203003,0.016769709065556526,0.0005550384521484375,274240,0.0021285198,0.0012245618272572756,0.0012246201513335109,0.0012246444821357727
166391,dct_mid_nontargeted_white_box_eps0.0627_iter1,0.6796536796536797,0.6114718614718615,0.9986443,58.03416897913161,0.9997045397758484,0.9998471140861511,0.018868064507842064,0.00044614076614379883,334461,0.0021719572,0.0012539081508293748,0.0012539831222966313,0.0012539986055344343
48153,dct_mid_nontargeted_white_box_eps0.0627_iter2,0.5000000000000001,0.3333333333333334,0.9982703,53.63303458673647,0.9996476173400879,0.9998283982276917,0.037266504019498825,0.0007564425468444824,251933,0.003416254,0.0017361327772960067,0.0017096749506890774,0.001737672253511846
295713,dct_mid_nontargeted_white_box_eps0.0627_iter1,0.7662337662337665,0.6675324675324676,0.99911165,58.038274568803494,0.9998131990432739,0.999937117099762,0.010077504441142082,0.0004886984825134277,338704,0.0021707742,0.0012530332896858454,0.0012530300300568342,0.001252267393283546
223130,dct_mid_nontargeted_white_box_eps0.0627_iter7,1.0000000000000002,0.5000000000000001,0.9911879,46.59843424012941,0.9976660013198853,0.9991518259048462,0.12303533405065536,0.008831620216369629,385988,0.0074413945,0.003997164312750101,0.003767329500988126,0.003918337635695934
273132,dct_mid_nontargeted_white_box_eps0.0627_iter2,0.3333333333333334,0.10000000000000002,0.9981926,54.0536037710994,0.9996950626373291,0.9998179078102112,0.013029531575739384,0.0005920529365539551,227227,0.003187418,0.0015639381017535925,0.0015705986879765987,0.0015690891304984689
198960,dct_mid_nontargeted_white_box_eps0.0627_iter4,1.0000000000000002,0.25000000000000006,0.9951994,48.65599268106976,0.9986963272094727,0.9997822046279907,0.08109358698129654,0.0036790966987609863,381081,0.0061120433,0.0032248678617179394,0.003116158302873373,0.0031649009324610233
344059,dct_mid_nontargeted_white_box_eps0.0627_iter6,1.0000000000000002,0.5000000000000001,0.9907443,47.351299632840316,0.9975914359092712,0.9991062879562378,0.12154872715473175,0.010645747184753418,376366,0.0068931426,0.003603048389777541,0.0033929410856217146,0.003471759147942066
410428,dct_mid_nontargeted_white_box_eps0.0627_iter1,0.5454545454545455,0.30454545454545456,0.9991732,58.04141269028035,0.9998334646224976,0.9999414682388306,0.012569691054522991,0.00018775463104248047,337702,0.0021697017,0.0012526705395430326,0.0012532216496765614,0.0012497251154854894
87875,dct_mid_nontargeted_white_box_eps0.0627_iter4,1.0000000000000002,0.5000000000000001,0.99633074,49.602091534389416,0.9992969036102295,0.9996196627616882,0.052970901131629944,0.0046749114990234375,347584,0.0053492854,0.002772958017885685,0.0026882842648774385,0.002686598803848028
450758,dct_mid_nontargeted_white_box_eps0.0627_iter3,1.0000000000000002,0.5000000000000001,0.99609774,51.022583975989846,0.9990567564964294,0.9995622634887695,0.054324790835380554,0.003793776035308838,350656,0.004656805,0.0025355922989547253,0.0024845905136317015,0.0025251435581594706
460160,dct_mid_nontargeted_white_box_eps0.0627_iter2,1.0000000000000002,0.5000000000000001,0.9982293,54.05070956605513,0.9995585680007935,0.9998941421508789,0.03107937052845955,0.0007632970809936523,272109,0.003235223,0.0015779344830662012,0.0015526008792221546,0.0015762128168717027
458109,dct_mid_nontargeted_white_box_eps0.0627_iter4,0.5000000000000001,0.38636363636363646,0.99571514,49.51540462957407,0.9992331862449646,0.9995041489601135,0.06382125616073608,0.005460500717163086,345354,0.0053929714,0.0027713412418961525,0.00270220753736794,0.0027592249680310488
30675,dct_mid_nontargeted_white_box_eps0.0627_iter5,1.0000000000000002,0.5000000000000001,0.9916852,48.31325201029834,0.998043954372406,0.9984380602836609,0.15390849113464355,0.01547306776046753,372810,0.0061857444,0.0033186825457960367,0.003215401666238904,0.0032893698662519455
566524,dct_mid_nontargeted_white_box_eps0.0627_iter2,0.6818181818181819,0.4545454545454546,0.9975117,53.337188774165014,0.9994306564331055,0.9998173713684082,0.04052199423313141,0.0006413459777832031,293997,0.0036138766,0.0018517454154789448,0.0018127727089449763,0.0018831322668120265
338428,dct_mid_nontargeted_white_box_eps0.0627_iter3,0.31818181818181823,0.21212121212121215,0.99590904,50.929635620895375,0.9990934133529663,0.9997278451919556,0.09768891334533691,0.0027433037757873535,332823,0.004696934,0.0026278700679540634,0.0024466118775308132,0.0025357636623084545
166277,dct_mid_nontargeted_white_box_eps0.0627_iter2,0.6818181818181819,0.6666666666666669,0.99786305,54.09491509611876,0.99955153465271,0.9996713399887085,0.04567386209964752,0.0007147789001464844,241805,0.003160281,0.0015733748441562057,0.001524579245597124,0.0015643350780010223
476415,dct_mid_nontargeted_white_box_eps0.0627_iter3,0.5000000000000001,0.4444444444444445,0.9940203,52.46751276362672,0.9989964962005615,0.9986838698387146,0.10453368723392487,0.006946980953216553,269360,0.0037576004,0.0020486286375671625,0.0020328848622739315,0.0020279008895158768
292082,dct_mid_nontargeted_white_box_eps0.0627_iter1,0.4242424242424243,0.31818181818181823,0.9993012,58.03429490805811,0.9998793601989746,0.9999309778213501,0.005625586025416851,0.00038230419158935547,319833,0.0021719157,0.0012539676390588284,0.0012538819573819637,0.0012539061717689037
360137,dct_mid_nontargeted_white_box_eps0.0627_iter2,1.0000000000000002,0.5000000000000001,0.99787927,53.829962425484666,0.9996408224105835,0.9998208284378052,0.0076319570653140545,0.0004208087921142578,224898,0.0033238383,0.0015594575088471174,0.001723470282740891,0.0017081722617149353
122046,dct_mid_nontargeted_white_box_eps0.0627_iter3,0.6666666666666669,0.5000000000000001,0.99588126,51.43835607142444,0.9991013407707214,0.9994978308677673,0.06696715950965881,0.00250321626663208,312590,0.0043631187,0.0024043149314820766,0.0023276368156075478,0.0023763906210660934
352684,dct_mid_nontargeted_white_box_eps0.0627_iter3,1.0000000000000002,0.9818181818181819,0.9942724,50.975631613254876,0.9987680912017822,0.999271035194397,0.07297463715076447,0.00410616397857666,329733,0.004661558,0.002577534643933177,0.0024562852922827005,0.002564825816079974
512836,dct_mid_nontargeted_white_box_eps0.0627_iter5,0.6363636363636365,0.48484848484848486,0.99291605,48.73902623699494,0.9984208941459656,0.9993886351585388,0.0754014104604721,0.002809882164001465,373545,0.00591273,0.003111607627943158,0.0031087875831872225,0.0031257790978997946
8021,dct_mid_nontargeted_white_box_eps0.0627_iter2,0.6666666666666669,0.5000000000000001,0.99727106,54.18278891953073,0.9994378089904785,0.9994099140167236,0.05167091637849808,0.0031927824020385742,206212,0.003090471,0.0015325071290135384,0.0015342585975304246,0.0015104493359103799
107226,dct_mid_nontargeted_white_box_eps0.0627_iter1,0.5941558441558443,0.5852272727272727,0.99907833,58.0702228101077,0.9998213648796082,0.9999138712882996,0.01028477679938078,0.00015604496002197266,316189,0.002162066,0.001253854134120047,0.001253897207789123,0.0012230337597429752
84477,dct_mid_nontargeted_white_box_eps0.0627_iter3,1.0000000000000002,0.7500000000000002,0.99466753,51.12749878748134,0.9987505674362183,0.9992912411689758,0.1035681664943695,0.004158377647399902,327961,0.004584154,0.0024878904223442078,0.0024379403330385685,0.00249113910831511
562243,dct_mid_nontargeted_white_box_eps0.0627_iter4,1.0000000000000002,0.6666666666666669,0.9934979,50.584556973623094,0.9987558126449585,0.9990084171295166,0.10176219791173935,0.004468858242034912,290062,0.004590512,0.0023642710875719786,0.002293165074661374,0.002357696183025837
181859,dct_mid_nontargeted_white_box_eps0.0627_iter6,0.3333333333333334,0.20000000000000004,0.98847693,47.622469101402956,0.9976214170455933,0.9978017807006836,0.14354006946086884,0.0096510648727417,354595,0.0065313512,0.0034300677943974733,0.003261554054915905,0.0033548257779330015
177015,dct_mid_nontargeted_white_box_eps0.0627_iter2,0.6000000000000002,0.3333333333333334,0.9982731,53.838811242480716,0.9995737075805664,0.9997748136520386,0.036268528550863266,0.0011056065559387207,261477,0.003332026,0.0016675436636433005,0.0016344087198376656,0.0016432787524536252
292236,dct_mid_nontargeted_white_box_eps0.0627_iter1,0.6666666666666669,0.5000000000000001,0.9989488,58.04183992467511,0.9997991323471069,0.9999056458473206,0.02564259059727192,0.0003026723861694336,298113,0.0021696615,0.0012518325820565224,0.0012507442152127624,0.0012526815989986062
121506,dct_mid_nontargeted_white_box_eps0.0627_iter1,0.3181818181818183,0.31168831168831174,0.99894524,58.323276139440324,0.9998876452445984,0.9999250769615173,0.006151536013931036,0.0009850263595581055,263078,0.0020612886,0.0011741905473172665,0.001171422773040831,0.001173997181467712
288042,dct_mid_nontargeted_white_box_eps0.0627_iter1,0.6666666666666669,0.5000000000000001,0.99917436,58.0674301554364,0.999820351600647,0.999931275844574,0.010978913865983486,0.0002206563949584961,344406,0.0021617413,0.0012466099578887224,0.0012505650520324707,0.0012360105756670237
453860,dct_mid_nontargeted_white_box_eps0.0627_iter6,1.0000000000000002,0.3333333333333334,0.9921829,47.943487322613706,0.9980626106262207,0.9949561953544617,0.13780540227890015,0.023772120475769043,347222,0.0060883267,0.003220810554921627,0.003049059771001339,0.0031220547389239073
500257,dct_mid_nontargeted_white_box_eps0.0627_iter9,0.27272727272727276,0.2637445887445887,0.9872132,45.22274830160332,0.9975880980491638,0.9986375570297241,0.1255071759223938,0.015311062335968018,388837,0.008595567,0.004617257043719292,0.004341610241681337,0.004483119118958712
113403,dct_mid_nontargeted_white_box_eps0.0627_iter4,0.5000000000000001,0.20000000000000004,0.99504495,50.19155465050009,0.9990314245223999,0.9995790123939514,0.07385949045419693,0.00266265869140625,332788,0.004964756,0.002545212861150503,0.002440377837046981,0.002481834962964058
125062,dct_mid_nontargeted_white_box_eps0.0627_iter1,0.6363636363636365,0.5454545454545455,0.9989271,58.18011778952014,0.9998226165771484,0.9999288320541382,0.02110937237739563,0.0008362531661987305,286197,0.0021169358,0.0012154359137639403,0.0012173699215054512,0.001204757485538721
375015,dct_mid_nontargeted_white_box_eps0.0627_iter2,1.0000000000000002,0.5000000000000001,0.9976588,54.495415237281684,0.9995027780532837,0.9997844099998474,0.06461255252361298,0.001644909381866455,220233,0.0029625476,0.0014398848870769143,0.0013942379737272859,0.001414562575519085
334719,dct_mid_nontargeted_white_box_eps0.0627_iter4,0.20454545454545459,0.18831168831168835,0.99470145,49.70972874410559,0.99872225522995,0.9996336102485657,0.09386962652206421,0.0030362606048583984,353240,0.005308674,0.002727929037064314,0.002615706529468298,0.0027080026920884848
134112,dct_mid_nontargeted_white_box_eps0.0627_iter2,0.6666666666666669,0.5000000000000001,0.9974284,54.15510546411654,0.9994709491729736,0.9997051954269409,0.057789258658885956,0.0027498602867126465,224054,0.003123433,0.0015560080064460635,0.001511142821982503,0.0015291189774870872
283520,dct_mid_nontargeted_white_box_eps0.0627_iter3,1.0000000000000002,0.5000000000000001,0.99692696,50.93956260536871,0.9991918802261353,0.9998059272766113,0.06158910691738129,0.0017037391662597656,365092,0.004713766,0.0025741667486727238,0.002481025643646717,0.00258289510384202
31269,dct_mid_nontargeted_white_box_eps0.0627_iter7,1.0000000000000002,0.5000000000000001,0.99016476,44.95346768925326,0.9973646998405457,0.9991568922996521,0.09607847779989243,0.01174008846282959,399035,0.0091749085,0.004910234361886978,0.004715803079307079,0.004905551206320524
319721,dct_mid_nontargeted_white_box_eps0.0627_iter3,0.8181818181818183,0.6666666666666669,0.9962492,51.13468455127279,0.9992157816886902,0.9996108412742615,0.05428890883922577,0.00174713134765625,333911,0.00458562,0.002504215342923999,0.002440431620925665,0.002474274020642042
347265,dct_mid_nontargeted_white_box_eps0.0627_iter3,1.0000000000000002,0.5000000000000001,0.9965431,51.24438837645335,0.9991323351860046,0.9997663497924805,0.058157891035079956,0.000736236572265625,364167,0.004528594,0.0024867572356015444,0.0023739957250654697,0.002448340645059943
414170,dct_mid_nontargeted_white_box_eps0.0627_iter8,0.5454545454545455,0.5090909090909091,0.9884529,45.3051920479865,0.9972896575927734,0.9989920258522034,0.11500860750675201,0.009020388126373291,388828,0.008661158,0.0044587342999875546,0.004277697764337063,0.004509221762418747
231508,dct_mid_nontargeted_white_box_eps0.0627_iter15,0.13636363636363638,0.12894703335879806,0.9781203,41.53547243191936,0.9955934286117554,0.9978282451629639,0.1613330841064453,0.02181863784790039,398505,0.012837075,0.006832593120634556,0.006556330714374781,0.006672328338027
389381,dct_mid_nontargeted_white_box_eps0.0627_iter7,0.1666666666666667,0.14285714285714288,0.9923449,45.140393341781966,0.9982439279556274,0.9991917014122009,0.05165218189358711,0.007093071937561035,394158,0.009002177,0.0047410218976438046,0.004737971816211939,0.004754906985908747
118921,dct_mid_nontargeted_white_box_eps0.0627_iter8,0.7727272727272729,0.38636363636363646,0.9843483,45.713329424072064,0.9964091181755066,0.9980404376983643,0.1588365137577057,0.021441340446472168,385390,0.008259229,0.004281987901777029,0.004060089122503996,0.004242580849677324
21503,dct_mid_nontargeted_white_box_eps0.0627_iter1,0.5000000000000001,0.3333333333333334,0.99895287,58.04886894318184,0.9997989535331726,0.9998818635940552,0.020242245867848396,0.0006375312805175781,318760,0.0021678098,0.001252256683073938,0.0012522090692073107,0.001244708546437323
785,dct_mid_nontargeted_white_box_eps0.0627_iter4,1.0000000000000002,0.6666666666666669,0.9917836,49.483998155598,0.9981250166893005,0.9977123141288757,0.1213444322347641,0.008508265018463135,347647,0.005422283,0.0027975731063634157,0.00271151727065444,0.0027880435809493065
261982,dct_mid_nontargeted_white_box_eps0.0627_iter5,0.6666666666666669,0.590909090909091,0.9932537,48.98814172705228,0.9986292719841003,0.9988831281661987,0.08595086634159088,0.010207653045654297,355990,0.005670302,0.0030330491717904806,0.002968437038362026,0.002992121037095785
99242,dct_mid_nontargeted_white_box_eps0.0627_iter3,1.0000000000000002,0.6666666666666669,0.9940154,51.67852029773627,0.9986509084701538,0.9980603456497192,0.1139773279428482,0.006207942962646484,325933,0.004259971,0.00229516439139843,0.002229277975857258,0.00236044405028224
314709,dct_mid_nontargeted_white_box_eps0.0627_iter2,1.0000000000000002,0.6666666666666669,0.9971767,54.27674344233657,0.9993643760681152,0.99943608045578,0.07031762599945068,0.001952052116394043,232874,0.0030998855,0.0015110011445358396,0.0014575422974303365,0.0014995154924690723
460494,dct_mid_nontargeted_white_box_eps0.0627_iter10,0.3766233766233767,0.37500000000000006,0.9784322,43.591875054240944,0.9960885047912598,0.998003363609314,0.17014279961585999,0.016247034072875977,388787,0.010367216,0.005560019984841347,0.005159978289157152,0.005221789702773094
339442,dct_mid_nontargeted_white_box_eps0.0627_iter3,0.6666666666666669,0.5000000000000001,0.9954086,51.99735381688804,0.9991323351860046,0.9993411898612976,0.05912194401025772,0.004843473434448242,302042,0.0040559103,0.0022295801900327206,0.0021764286793768406,0.002164234407246113
541055,dct_mid_nontargeted_white_box_eps0.0627_iter11,0.21818181818181823,0.21645021645021648,0.9771905,43.06048340902783,0.9944202899932861,0.996658205986023,0.19926932454109192,0.039475321769714355,399401,0.011063036,0.006002040579915047,0.005538450088351965,0.005685543641448021
409475,dct_mid_nontargeted_white_box_eps0.0627_iter2,1.0000000000000002,0.5000000000000001,0.99704766,53.57268045504376,0.9993896484375,0.999664843082428,0.048163048923015594,0.0013675689697265625,266679,0.0034584932,0.0017760907066985965,0.001732703298330307,0.001745823072269559
464786,dct_mid_nontargeted_white_box_eps0.0627_iter3,0.5000000000000001,0.3333333333333334,0.9957924,52.19757157588164,0.9991447329521179,0.9994553327560425,0.09087616205215454,0.008022665977478027,310521,0.0039527128,0.0021688840351998806,0.0021213223226368427,0.002135432092472911
378605,dct_mid_nontargeted_white_box_eps0.0627_iter1,0.6666666666666669,0.6363636363636365,0.99881774,58.04050950133178,0.9997638463973999,0.9998014569282532,0.02375822886824608,0.00016820430755615234,314672,0.0021701695,0.0012532968539744616,0.0012533414410427213,0.0012497551506385207
331817,dct_mid_nontargeted_white_box_eps0.0627_iter1,0.25619834710743805,0.21678321678321683,0.9992943,58.0683323409627,0.9998733401298523,0.9999518394470215,0.00957154668867588,0.00015664100646972656,322495,0.0021618658,0.0012420084094628692,0.0012489657383412123,0.0012414348311722279
218091,dct_mid_nontargeted_white_box_eps0.0627_iter2,0.5151515151515152,0.4285714285714287,0.9970436,53.807781678737456,0.9993974566459656,0.9995213150978088,0.06781360507011414,0.0037338733673095703,233169,0.003300504,0.0017025046981871128,0.001623261021450162,0.0016526218969374895
578545,dct_mid_nontargeted_white_box_eps0.0627_iter2,0.7500000000000002,0.5000000000000001,0.99766856,53.89103091371187,0.9995207786560059,0.999778687953949,0.044306643307209015,0.0016651153564453125,246423,0.003303487,0.001617424306459725,0.0016620515380054712,0.0016035442240536213
363207,dct_mid_nontargeted_white_box_eps0.0627_iter1,0.4787878787878788,0.4545454545454546,0.999073,58.03788882953263,0.9998005628585815,0.9999132752418518,0.010881580412387848,0.0007140636444091797,341537,0.0021708598,0.0012526412028819323,0.0012530935928225517,0.0012529357336461544
372577,dct_mid_nontargeted_white_box_eps0.0627_iter5,1.0000000000000002,0.6666666666666669,0.99287444,48.880888928271744,0.9984203577041626,0.9989948868751526,0.08439658582210541,0.008542060852050781,362251,0.005764654,0.003102203831076622,0.002971815876662731,0.0030874558724462986
212166,dct_mid_nontargeted_white_box_eps0.0627_iter2,1.0000000000000002,0.20000000000000004,0.99754024,54.10421654467085,0.9995542764663696,0.9997354745864868,0.02574934810400009,0.001209855079650879,206724,0.003096739,0.001551735564135015,0.0015520058805122972,0.001551906461827457
172571,dct_mid_nontargeted_white_box_eps0.0627_iter5,0.5151515151515152,0.4285714285714287,0.99239224,48.27024776527662,0.9983780384063721,0.9990477561950684,0.13507571816444397,0.010459840297698975,370367,0.006160063,0.0033809843007475138,0.0031960674095898867,0.0032645321916788816
294831,dct_mid_nontargeted_white_box_eps0.0627_iter1,0.6666666666666669,0.5714285714285715,0.9987665,58.03441629446947,0.9997624158859253,0.9998659491539001,0.025886295363307,0.0004087090492248535,314010,0.0021718899,0.001253952388651669,0.0012539471499621868,0.0012537838192656636
84431,dct_mid_nontargeted_white_box_eps0.0627_iter1,1.0000000000000002,0.4000000000000001,0.99877167,58.03540571683964,0.9997525215148926,0.999875009059906,0.025719499215483665,0.00039899349212646484,316847,0.0021716154,0.001254005474038422,0.0012534895213320851,0.00125332351308316
323355,dct_mid_nontargeted_white_box_eps0.0627_iter2,1.0000000000000002,0.28571428571428575,0.9977953,53.81922637766908,0.9995888471603394,0.9997825026512146,0.03249288722872734,0.0011734962463378906,235262,0.0032993637,0.0016702552093192935,0.0016322546871379018,0.0016630009049549699
355325,dct_mid_nontargeted_white_box_eps0.0627_iter1,0.5194805194805195,0.5064935064935066,0.99926233,58.04220158536552,0.9998642206192017,0.999950110912323,0.006411773152649403,0.0001544952392578125,319172,0.0021696887,0.0012536155991256237,0.001252265996299684,0.0012490549124777317
100582,dct_mid_nontargeted_white_box_eps0.0627_iter1,0.3333333333333334,0.25000000000000006,0.9991911,58.071640224562856,0.9998464584350586,0.9999554753303528,0.015635743737220764,0.0001571178436279297,319343,0.0021616488,0.0012396873207762837,0.0012535915011540055,0.001236290205270052
4495,dct_mid_nontargeted_white_box_eps0.0627_iter2,1.0000000000000002,0.8333333333333335,0.99730295,54.201289501713106,0.999466598033905,0.9995850324630737,0.049264296889305115,0.001405954360961914,223132,0.0031034276,0.0015314141055569053,0.0014897565124556422,0.0015251918230205774
9483,dct_mid_nontargeted_white_box_eps0.0627_iter1,0.5606060606060608,0.4805194805194807,0.9990577,58.03550151383039,0.9998058080673218,0.9998001456260681,0.013310982845723629,0.0005329251289367676,322464,0.0021715825,0.0012532967375591397,0.001253776834346354,0.0012536573922261596
326082,dct_mid_nontargeted_white_box_eps0.0627_iter1,0.5050505050505052,0.45757575757575764,0.99885446,58.08767836352614,0.9997548460960388,0.9997973442077637,0.028761975467205048,0.001142263412475586,321027,0.0021543705,0.0012410830240696669,0.0012399741681292653,0.0012347695883363485
398237,dct_mid_nontargeted_white_box_eps0.0627_iter1,0.25000000000000006,0.20000000000000004,0.999485,58.043632266324714,0.9998683929443359,0.9999565482139587,0.010168556123971939,0.00023698806762695312,359632,0.002169308,0.0012490268563851714,0.0012528124498203397,0.0012518736766651273
507223,dct_mid_nontargeted_white_box_eps0.0627_iter3,0.9090909090909092,0.7045454545454547,0.99747294,51.03173222893328,0.9995454549789429,0.9997863173484802,0.03666190057992935,0.0006024837493896484,331781,0.0046195257,0.002548821968957782,0.002467297948896885,0.002505616517737508
239537,dct_mid_nontargeted_white_box_eps0.0627_iter7,1.0000000000000002,0.7500000000000002,0.99104935,46.42936761350072,0.9971939325332642,0.998920202255249,0.10471749305725098,0.01380687952041626,390004,0.007659512,0.004113177303224802,0.00386505713686347,0.004014630801975727
11813,dct_mid_nontargeted_white_box_eps0.0627_iter1,0.5000000000000001,0.25000000000000006,0.99878937,58.03638446141542,0.9997457265853882,0.9998328685760498,0.030059076845645905,0.0004158616065979004,318429,0.002171222,0.0012534408597275615,0.0012533330591395497,0.001253192313015461
281414,dct_mid_nontargeted_white_box_eps0.0627_iter1,1.0000000000000002,0.7500000000000002,0.9992005,58.04427711892636,0.9998399615287781,0.9999397993087769,0.008764486759901047,0.00022542476654052734,330060,0.002169132,0.001250883680768311,0.0012530640233308077,0.0012492010137066245
537991,dct_mid_nontargeted_white_box_eps0.0627_iter1,0.7500000000000002,0.5909090909090909,0.9991161,58.040535940207214,0.9998244047164917,0.999923825263977,0.008965671062469482,0.00018268823623657227,330719,0.0021700356,0.001252046786248684,0.0012523916084319353,0.001251943758688867
321333,dct_mid_nontargeted_white_box_eps0.0627_iter2,0.6666666666666669,0.46212121212121215,0.9976565,54.19894087051248,0.9995098114013672,0.9998252391815186,0.06492000073194504,0.0014480352401733398,232249,0.0031213416,0.0015510310186073184,0.0014842594973742962,0.0015135143185034394
521282,dct_mid_nontargeted_white_box_eps0.0627_iter2,1.0000000000000002,0.5000000000000001,0.996679,53.94188316301245,0.9992684721946716,0.998801589012146,0.09186329692602158,0.005800187587738037,226273,0.003244845,0.0016207306180149317,0.0016081848880276084,0.0016000434989109635
108026,dct_mid_nontargeted_white_box_eps0.0627_iter3,0.3333333333333334,0.3000000000000001,0.992639,52.001120138664874,0.9990220069885254,0.9983614087104797,0.09697429090738297,0.008968591690063477,257146,0.004000652,0.002226408803835511,0.0020864030811935663,0.002078478457406163
243204,dct_mid_nontargeted_white_box_eps0.0627_iter1,0.25000000000000006,0.20000000000000004,0.9990168,58.035034697648264,0.9997997283935547,0.9998849034309387,0.00844655092805624,0.0006805658340454102,333810,0.0021717167,0.001253324095159769,0.0012539756717160344,0.0012538372538983822
177935,dct_mid_nontargeted_white_box_eps0.0627_iter8,0.2954545454545455,0.288888888888889,0.98714495,46.14224992268544,0.9971387386322021,0.9987668991088867,0.103973887860775,0.010786652565002441,383360,0.007858732,0.004037848673760891,0.0038970664609223604,0.003996206913143396
38829,dct_mid_nontargeted_white_box_eps0.0627_iter1,0.590909090909091,0.47272727272727283,0.99910545,58.133335968198374,0.9998373985290527,0.9999459981918335,0.014329327270388603,0.00017392635345458984,319621,0.0021400359,0.001223637955263257,0.001236584153957665,0.001216752571053803
397327,dct_mid_nontargeted_white_box_eps0.0627_iter3,1.0000000000000002,0.6666666666666669,0.99454355,51.91298148599473,0.9987365007400513,0.9957478642463684,0.11497003585100174,0.014787435531616211,317488,0.0041293297,0.002265308517962694,0.0021791975013911724,0.002226963872089982
501523,dct_mid_nontargeted_white_box_eps0.0627_iter7,0.5000000000000001,0.35714285714285726,0.98858976,47.039766818469474,0.9977207183837891,0.998394787311554,0.1212160587310791,0.009903430938720703,374234,0.0070343106,0.0037709048483520746,0.003627758240327239,0.003712157718837261
555050,dct_mid_nontargeted_white_box_eps0.0627_iter2,0.5714285714285715,0.5492424242424243,0.9974479,53.50865735116895,0.9994891881942749,0.9998244643211365,0.0661269873380661,0.001685500144958496,263667,0.0035002015,0.0018077704589813948,0.001742762979120016,0.0017832975136116147
376442,dct_mid_nontargeted_white_box_eps0.0627_iter8,0.5000000000000001,0.4000000000000001,0.9873603,48.02940436557611,0.9973678588867188,0.997603714466095,0.1536521315574646,0.018375515937805176,352177,0.006195679,0.0031329202465713024,0.0030661930795758963,0.0031006464269012213
187243,dct_mid_nontargeted_white_box_eps0.0627_iter4,0.6666666666666669,0.5000000000000001,0.9939272,49.333473468725224,0.9987126588821411,0.9991573691368103,0.0848112553358078,0.004679441452026367,359602,0.005512135,0.002866744762286544,0.0027352909091860056,0.0028449916280806065
356347,dct_mid_nontargeted_white_box_eps0.0627_iter5,0.27272727272727276,0.19444444444444442,0.9926266,49.191230135863826,0.9986209869384766,0.999156653881073,0.1082012727856636,0.010718286037445068,347698,0.005497177,0.002968716900795698,0.00290092546492815,0.0029063404072076082
293044,dct_mid_nontargeted_white_box_eps0.0627_iter1,0.4000000000000001,0.24000000000000005,0.998831,58.03454649427018,0.9997469782829285,0.9999029040336609,0.03685937076807022,0.0007121562957763672,306612,0.0021718526,0.001253980677574873,0.0012539646122604609,0.0012536286376416683
560279,dct_mid_nontargeted_white_box_eps0.0627_iter1,1.0000000000000002,0.4000000000000001,0.9991266,58.03622065992718,0.999846875667572,0.9998964071273804,0.007875851355493069,0.00038361549377441406,295319,0.002171392,0.0012539832387119532,0.001252089743502438,0.0012540105963125825
42276,dct_mid_nontargeted_white_box_eps0.0627_iter1,1.0000000000000002,0.4000000000000001,0.99902564,58.051030090900475,0.9998199939727783,0.9999138712882996,0.013737151399254799,0.0003585219383239746,318370,0.0021671748,0.0012511414242908359,0.0012458921410143375,0.0012502711033448577
534827,dct_mid_nontargeted_white_box_eps0.0627_iter4,0.5151515151515152,0.2878787878787879,0.9950045,50.20078950863541,0.9990240931510925,0.9993034601211548,0.07312791794538498,0.0028967857360839844,345934,0.0048789177,0.002451710868626833,0.0024435597006231546,0.002456623362377286
190756,dct_mid_nontargeted_white_box_eps0.0627_iter5,1.0000000000000002,0.6666666666666669,0.9899911,48.940166347359934,0.9977836012840271,0.9943846464157104,0.19258201122283936,0.024522721767425537,354786,0.00570068,0.003049210412427783,0.0029719960875809193,0.0030757510103285313
482917,dct_mid_nontargeted_white_box_eps0.0627_iter1,0.4000000000000001,0.3333333333333334,0.9988983,58.03989153252691,0.9997915029525757,0.9998607635498047,0.021831724792718887,0.0005587339401245117,315752,0.0021702284,0.0012530225794762373,0.0012527615763247013,0.0012511616805568337
300659,dct_mid_nontargeted_white_box_eps0.0627_iter7,1.0000000000000002,0.5000000000000001,0.98147506,46.393039611432094,0.9958153963088989,0.9931610226631165,0.2307567000389099,0.04621613025665283,384903,0.00765763,0.0041300589218735695,0.003873167559504509,0.0040624733082950115
199977,dct_mid_nontargeted_white_box_eps0.0627_iter5,1.0000000000000002,0.5000000000000001,0.9893291,49.37764237761261,0.9975118637084961,0.9936743378639221,0.1843225508928299,0.027475059032440186,341828,0.005353756,0.002869789255782962,0.0028225244022905827,0.002887631766498089
442480,dct_mid_nontargeted_white_box_eps0.0627_iter3,0.6666666666666669,0.5909090909090909,0.9951797,51.27128049441839,0.998889684677124,0.999015748500824,0.0875665470957756,0.003760397434234619,332679,0.004511783,0.0024560445453971624,0.0023908286821097136,0.002432851819321513
384350,dct_mid_nontargeted_white_box_eps0.0627_iter1,1.0000000000000002,0.5454545454545455,0.9988518,58.046101958553194,0.9997639656066895,0.9998798966407776,0.01502455398440361,0.0006665587425231934,329761,0.0021679325,0.0012513831024989486,0.0012503411853685975,0.001249828957952559
383621,dct_mid_nontargeted_white_box_eps0.0627_iter2,1.0000000000000002,0.5000000000000001,0.9965865,54.517050858876594,0.9992340803146362,0.9984486103057861,0.09986911714076996,0.0044203996658325195,214216,0.0029454615,0.0014225473860278726,0.0013909116387367249,0.0014140791026875377
189828,dct_mid_nontargeted_white_box_eps0.0627_iter4,1.0000000000000002,0.3333333333333334,0.9916144,49.61263054052925,0.9981193542480469,0.9983716607093811,0.11139152199029922,0.01770186424255371,341309,0.005344467,0.0027605085633695126,0.00269944011233747,0.0027606505900621414
412894,dct_mid_nontargeted_white_box_eps0.0627_iter2,0.5518939393939395,0.4660809778456838,0.99772716,53.76508957828251,0.999546229839325,0.9997510313987732,0.04539055749773979,0.0012651681900024414,257892,0.003364049,0.0017274559941142797,0.0016101868823170662,0.0016954982420429587
537153,dct_mid_nontargeted_white_box_eps0.0627_iter4,0.5000000000000001,0.3333333333333334,0.9930582,49.33027067293027,0.99824059009552,0.9991569519042969,0.11251867562532425,0.010936558246612549,357310,0.0055543315,0.0029466054402291775,0.0027274182066321373,0.002818278269842267
361103,dct_mid_nontargeted_white_box_eps0.0627_iter7,0.2846320346320347,0.2342657342657343,0.9870512,45.27378972524038,0.997306764125824,0.9989207983016968,0.12834231555461884,0.01316910982131958,391389,0.008803289,0.004709010012447834,0.004571872763335705,0.004647595342248678
392722,dct_mid_nontargeted_white_box_eps0.0627_iter3,0.5272727272727273,0.4696969696969698,0.9947653,50.259202642419524,0.9986559748649597,0.9995996356010437,0.0848553329706192,0.0035291314125061035,362574,0.005173657,0.002842723159119487,0.0027664625085890293,0.002844601171091199
338560,dct_mid_nontargeted_white_box_eps0.0627_iter7,0.7272727272727275,0.5060606060606061,0.9871834,45.54857688920574,0.9971226453781128,0.9984936118125916,0.10366734117269516,0.007123231887817383,392149,0.008528985,0.004572222009301186,0.0044293939135968685,0.004467368591576815
264535,dct_mid_nontargeted_white_box_eps0.0627_iter1,0.6666666666666669,0.5000000000000001,0.99967855,58.07569345689183,0.9999553561210632,0.999962329864502,0.002492013154551387,0.0002422332763671875,339515,0.0021590185,0.0012380880070850253,0.001237224438227713,0.0012507719220593572
295231,dct_mid_nontargeted_white_box_eps0.0627_iter2,0.7272727272727274,0.6493506493506495,0.9985807,53.65380430664289,0.9997261762619019,0.999886691570282,0.036151718348264694,0.0008968114852905273,251614,0.0034017114,0.0017295926809310913,0.001713234931230545,0.001715010730549693
154947,dct_mid_nontargeted_white_box_eps0.0627_iter2,1.0000000000000002,0.5000000000000001,0.9983518,53.75565065931469,0.9995705485343933,0.9998371005058289,0.05438777059316635,0.0030985474586486816,263231,0.0033532868,0.0016760050784796476,0.0016721166903153062,0.0016896320739760995
212559,dct_mid_nontargeted_white_box_eps0.0627_iter2,0.9090909090909093,0.5000000000000001,0.99860454,53.5646036762267,0.9997355341911316,0.9998435378074646,0.019319040700793266,0.0008880496025085449,283764,0.0034821068,0.0017594106029719114,0.001720608677715063,0.001786795211955905
458755,dct_mid_nontargeted_white_box_eps0.0627_iter3,0.5454545454545455,0.5227272727272728,0.997354,51.136472219276854,0.9994199275970459,0.9997799396514893,0.045958422124385834,0.0029398202896118164,345810,0.0045750584,0.002497198060154915,0.002441608114168048,0.002476598136126995
104782,dct_mid_nontargeted_white_box_eps0.0627_iter4,1.0000000000000002,0.5000000000000001,0.99406886,50.66703127150858,0.9986464381217957,0.9981639385223389,0.09765829890966415,0.012672483921051025,306624,0.0046117255,0.002356077078729868,0.0022532131988555193,0.002302880398929119
315257,dct_mid_nontargeted_white_box_eps0.0627_iter3,0.5000000000000001,0.3333333333333334,0.9961031,51.77656246473959,0.9992426633834839,0.9995229840278625,0.07608364522457123,0.00298309326171875,319622,0.0041915597,0.002273537451401353,0.0022394380066543818,0.0022799770813435316
130599,dct_mid_nontargeted_white_box_eps0.0627_iter1,0.5000000000000001,0.3333333333333334,0.99923784,58.03768811411713,0.9998286962509155,0.999955415725708,0.008035704493522644,0.00012302398681640625,359106,0.0021709607,0.0012526250211521983,0.0012534463312476873,0.001252759830094874
227187,dct_mid_nontargeted_white_box_eps0.0627_iter2,0.8181818181818183,0.590909090909091,0.9981474,53.50501725148537,0.9996125102043152,0.9998863339424133,0.03655005246400833,0.001186072826385498,282965,0.0035190252,0.0017796993488445878,0.001753497403115034,0.0018044839380308986
151662,dct_mid_nontargeted_white_box_eps0.0627_iter1,0.5454545454545455,0.27272727272727276,0.99947834,58.0660683319898,0.9998745918273926,0.9999656677246094,0.004550352692604065,0.00010329484939575195,377632,0.0021618544,0.0012441430008038878,0.0012460410362109542,0.0012441608123481274
523811,dct_mid_nontargeted_white_box_eps0.0627_iter6,1.0000000000000002,0.20000000000000004,0.9901685,48.03993785222302,0.9979739189147949,0.9991292953491211,0.12279638648033142,0.01617884635925293,367845,0.0063581653,0.0031922152265906334,0.003127978416159749,0.003237433498725295
456559,dct_mid_nontargeted_white_box_eps0.0627_iter1,1.0000000000000002,0.6666666666666669,0.99871016,58.034023174350004,0.9997296333312988,0.9997744560241699,0.021666385233402252,0.0005583763122558594,331210,0.0021719972,0.0012540057068690658,0.0012539986055344343,0.0012539854506030679
101068,dct_mid_nontargeted_white_box_eps0.0627_iter1,1.0000000000000002,0.6666666666666669,0.99910384,58.03425413198427,0.9998099207878113,0.9999158978462219,0.012904130853712559,0.00020802021026611328,341712,0.0021719313,0.0012539332965388894,0.0012539142044261098,0.0012539613526314497
140640,dct_mid_nontargeted_white_box_eps0.0627_iter2,0.5090909090909091,0.5075757575757577,0.9971549,53.40212627325613,0.9994122385978699,0.9997052550315857,0.06104743853211403,0.0019233226776123047,266127,0.0035476314,0.0018496918492019176,0.001773944590240717,0.0018421367276459932
516708,dct_mid_nontargeted_white_box_eps0.0627_iter2,1.0000000000000002,0.5000000000000001,0.9972705,53.572493608782345,0.9994817972183228,0.999660849571228,0.04807651787996292,0.0012364983558654785,261847,0.0034599209,0.0017909789457917213,0.0017167766345664859,0.00175285036675632
544605,dct_mid_nontargeted_white_box_eps0.0627_iter2,1.0000000000000002,0.5000000000000001,0.99849004,54.031480686551646,0.9996423125267029,0.9999058842658997,0.03278082609176636,0.0011769533157348633,268062,0.0032558853,0.0015793927013874054,0.00157078611664474,0.0015775057254359126
385190,dct_mid_nontargeted_white_box_eps0.0627_iter3,0.21212121212121215,0.18749999999999994,0.99629354,50.94255931390219,0.9992956519126892,0.9996054768562317,0.062087565660476685,0.0026466846466064453,333448,0.00470389,0.002580202417448163,0.0024841083213686943,0.002570829587057233
338986,dct_mid_nontargeted_white_box_eps0.0627_iter2,0.8181818181818183,0.5454545454545455,0.99707335,53.82427899070939,0.9993270635604858,0.9995143413543701,0.055998481810092926,0.0012136101722717285,266976,0.0033576384,0.0016759337158873677,0.0016258565010502934,0.0016576949274167418
53994,dct_mid_nontargeted_white_box_eps0.0627_iter3,0.6818181818181819,0.40909090909090917,0.99646276,50.87215273784871,0.9992315173149109,0.999695360660553,0.05084826797246933,0.001752614974975586,342196,0.004745262,0.0025946288369596004,0.0025454270653426647,0.0025680777616798878
61171,dct_mid_nontargeted_white_box_eps0.0627_iter4,0.12121212121212122,0.11363636363636363,0.99599504,48.8868368850258,0.9990522861480713,0.9995133280754089,0.06075696647167206,0.006124615669250488,369249,0.0058702584,0.003067639423534274,0.002975325332954526,0.0030457887332886457
314034,dct_mid_nontargeted_white_box_eps0.0627_iter5,0.5818181818181818,0.34293831168831174,0.9950517,47.209632752681074,0.9987432956695557,0.9995329976081848,0.0641823261976242,0.005792737007141113,388453,0.007135065,0.003864366328343749,0.0037705900613218546,0.003821859136223793
291490,dct_mid_nontargeted_white_box_eps0.0627_iter1,0.5000000000000001,0.3333333333333334,0.99886733,58.04770394226426,0.9997693300247192,0.9998030066490173,0.035951003432273865,0.0005452632904052734,300776,0.0021678356,0.0012495421105995774,0.0012485681800171733,0.0012520822929218411
152740,dct_mid_nontargeted_white_box_eps0.0627_iter1,0.7777495232040688,0.7758264462809918,0.99907845,58.034967688463155,0.9997918009757996,0.9999594688415527,0.015404332429170609,0.0002651214599609375,354223,0.0021717274,0.001253702910616994,0.001253805705346167,0.0012536910362541676
24919,dct_mid_nontargeted_white_box_eps0.0627_iter3,1.0000000000000002,0.5000000000000001,0.99549025,51.60554529214231,0.9989952445030212,0.9993600249290466,0.09768067300319672,0.006174623966217041,336281,0.0043006884,0.002347044413909316,0.002281636232510209,0.002325274981558323
79837,dct_mid_nontargeted_white_box_eps0.0627_iter2,0.2727272727272727,0.1112012987012987,0.99660057,53.781665425814545,0.9992130994796753,0.9986004829406738,0.07483550161123276,0.0031402111053466797,251071,0.0033435908,0.0017015347257256508,0.0016192975454032421,0.0016872695414349437
21903,dct_mid_nontargeted_white_box_eps0.0627_iter1,1.0000000000000002,0.6666666666666669,0.9993603,58.10796475701914,0.9998669624328613,0.9999634027481079,0.0064189014956355095,0.0002981424331665039,346295,0.0021507123,0.0012501833261922002,0.0012292186729609966,0.0012191083515062928
564133,dct_mid_nontargeted_white_box_eps0.0627_iter2,0.5454545454545455,0.31818181818181823,0.9968893,53.27324604396662,0.9991858005523682,0.9993131756782532,0.0692068487405777,0.0023704171180725098,315300,0.003655353,0.0018955625128000975,0.0018545957282185555,0.0018793949857354164
337055,dct_mid_nontargeted_white_box_eps0.0627_iter2,1.0000000000000002,0.6666666666666669,0.99815935,54.12039173743174,0.9995596408843994,0.9998712539672852,0.048811666667461395,0.0011112093925476074,262296,0.0031839516,0.0015513129765167832,0.0015277250204235315,0.0015532459365203977
110638,dct_mid_nontargeted_white_box_eps0.0627_iter7,1.0000000000000002,0.3333333333333334,0.9911291,46.783999748210235,0.9978395700454712,0.9990086555480957,0.10685420036315918,0.013196349143981934,382622,0.007285011,0.00397761445492506,0.003707002615556121,0.003814925905317068
34139,dct_mid_nontargeted_white_box_eps0.0627_iter2,0.5000000000000001,0.4000000000000001,0.99801344,53.73748292144096,0.9996176958084106,0.999800980091095,0.039779480546712875,0.0012246370315551758,254157,0.0033718273,0.0016929495614022017,0.0016776503762230277,0.0016924700466915965
80340,dct_mid_nontargeted_white_box_eps0.0627_iter1,0.44155844155844165,0.41761363636363646,0.99920034,58.04083555716426,0.9998228549957275,0.9999351501464844,0.011913882568478584,0.0003179311752319336,347855,0.0021700626,0.0012528053484857082,0.0012528023216873407,0.001250511733815074
83113,dct_mid_nontargeted_white_box_eps0.0627_iter2,1.0000000000000002,0.8484848484848483,0.99813205,53.80599320094291,0.9995983839035034,0.9998520612716675,0.0406598299741745,0.0015414953231811523,278050,0.0033625215,0.0016558562638238072,0.001658027176745236,0.001666426775045693
173033,dct_mid_nontargeted_white_box_eps0.0627_iter2,1.0000000000000002,0.3333333333333334,0.99768347,54.48715869302436,0.9995535612106323,0.9996901154518127,0.03766487538814545,0.0012135505676269531,214145,0.0029695,0.0014395968755707145,0.0014045101124793291,0.001416170154698193
255664,dct_mid_nontargeted_white_box_eps0.0627_iter7,1.0000000000000002,0.6666666666666669,0.99450463,45.93762357914607,0.9987260103225708,0.9995066523551941,0.07271157205104828,0.009545743465423584,388722,0.008058497,0.004336226265877485,0.0041923923417925835,0.004258711822330952
72813,dct_mid_nontargeted_white_box_eps0.0627_iter2,0.6666666666666669,0.6000000000000002,0.99762535,54.15746549734954,0.9994320869445801,0.9994326233863831,0.05136265233159065,0.003184199333190918,216546,0.00310919,0.0015447698533535004,0.0014968984760344028,0.0015515866689383984
545129,dct_mid_nontargeted_white_box_eps0.0627_iter3,1.0000000000000002,0.3333333333333334,0.9963158,51.15196908550959,0.9991408586502075,0.9997640252113342,0.05488847941160202,0.0010008811950683594,345046,0.0045765927,0.0024987654760479927,0.0024384912103414536,0.0024712737649679184
546011,dct_mid_nontargeted_white_box_eps0.0627_iter8,1.0000000000000002,0.5000000000000001,0.9889796,44.37348949040899,0.9973993301391602,0.9992175698280334,0.12551751732826233,0.016737759113311768,392668,0.009706166,0.005138959735631943,0.004918206017464399,0.004993279464542866
121031,dct_mid_nontargeted_white_box_eps0.0627_iter5,0.8636363636363638,0.5757575757575758,0.99467593,46.987688450559155,0.9984679222106934,0.999595582485199,0.0721740648150444,0.004838168621063232,396257,0.007378898,0.0039962842129170895,0.0038678660057485104,0.003981125541031361
172547,dct_mid_nontargeted_white_box_eps0.0627_iter2,0.4545454545454546,0.2272727272727273,0.9975404,53.306622508612485,0.9994537234306335,0.9998041391372681,0.04255565255880356,0.000914454460144043,287536,0.003615605,0.0018716305494308472,0.0018495832337066531,0.0018663416849449277
369081,dct_mid_nontargeted_white_box_eps0.0627_iter2,1.0000000000000002,0.5000000000000001,0.99658316,53.18573261252742,0.9991962909698486,0.999555230140686,0.06985152512788773,0.001825094223022461,299547,0.003683363,0.0019482879433780909,0.0018691584700718522,0.0019266329472884536
509131,dct_mid_nontargeted_white_box_eps0.0627_iter3,0.15909090909090912,0.11111111111111113,0.9950642,52.13917770126115,0.9990723133087158,0.9989657998085022,0.10976092517375946,0.008415162563323975,301545,0.0039759823,0.0021960788872092962,0.00213980907574296,0.0021268585696816444
578922,dct_mid_nontargeted_white_box_eps0.0627_iter4,0.2575757575757576,0.23076923076923084,0.9944999,49.34081685687448,0.9991074800491333,0.99934983253479,0.023009998723864555,0.001858055591583252,347711,0.0055336272,0.002898365492001176,0.002800556132569909,0.0027781673707067966
464089,dct_mid_nontargeted_white_box_eps0.0627_iter2,0.7727272727272729,0.7090909090909092,0.9980734,53.02303724768531,0.9995297789573669,0.9998571276664734,0.03322199732065201,0.0006962418556213379,314151,0.0037782087,0.0020323714707046747,0.0019368394277989864,0.001994664315134287
453708,dct_mid_nontargeted_white_box_eps0.0627_iter1,0.5454545454545455,0.3602693602693603,0.9989309,58.08303356535491,0.9997949600219727,0.9998745918273926,0.028698507696390152,0.0006959438323974609,311234,0.002154346,0.001238031079992652,0.001240538083948195,0.0012412384385243058
177714,dct_mid_nontargeted_white_box_eps0.0627_iter2,0.5151515151515152,0.44949494949494956,0.9967601,54.01946887378996,0.9995724558830261,0.9998064637184143,0.07102322578430176,0.002054870128631592,214480,0.0031865356,0.001641364418901503,0.0015600371407344937,0.0015743259573355317
459887,dct_mid_nontargeted_white_box_eps0.0627_iter1,0.5000000000000001,0.3333333333333334,0.9991951,58.03599953267317,0.9998598098754883,0.9999405145645142,0.008633077144622803,0.0003650188446044922,314773,0.0021714463,0.0012535786954686046,0.0012538029113784432,0.0012529164087027311
261116,dct_mid_nontargeted_white_box_eps0.0627_iter4,0.30303030303030304,0.2803030303030303,0.9947732,49.887095150577345,0.9990290403366089,0.9994021654129028,0.07358875870704651,0.003525853157043457,326765,0.005087203,0.002639025216922164,0.002540278248488903,0.002580344444140792
396274,dct_mid_nontargeted_white_box_eps0.0627_iter4,1.0000000000000002,0.5000000000000001,0.9960597,49.59181165477603,0.9991382360458374,0.9997418522834778,0.05513671040534973,0.005401015281677246,354634,0.005377962,0.002783611649647355,0.0026820311322808266,0.0027216828893870115
29640,dct_mid_nontargeted_white_box_eps0.0627_iter4,0.18636363636363637,0.17922077922077922,0.9949841,49.14942627374096,0.9990657567977905,0.9994484186172485,0.08727370947599411,0.005721867084503174,341330,0.005585065,0.002958987606689334,0.0028445625212043524,0.0028981321956962347
141328,dct_mid_nontargeted_white_box_eps0.0627_iter15,0.13636363636363638,0.11580086580086582,0.97511274,40.30665151188185,0.9959505796432495,0.9979893565177917,0.13790787756443024,0.023095011711120605,401980,0.015104076,0.008080055937170982,0.007919208146631718,0.00766345439478755
308430,dct_mid_nontargeted_white_box_eps0.0627_iter3,0.23636363636363641,0.02624257462967141,0.99691457,50.945733819811224,0.9994694590568542,0.999737024307251,0.048197317868471146,0.002166569232940674,321269,0.004668026,0.0025847170036286116,0.002518613589927554,0.0025141555815935135
43314,dct_mid_nontargeted_white_box_eps0.0627_iter6,0.4545454545454546,0.34090909090909094,0.9891975,48.2651233524254,0.9984037280082703,0.9991459250450134,0.09607294201850891,0.010234653949737549,351786,0.0061452347,0.003109157318249345,0.0030160655733197927,0.003089734585955739
273715,dct_mid_nontargeted_white_box_eps0.0627_iter5,0.5000000000000001,0.3333333333333334,0.9874758,47.66147458032477,0.9977415800094604,0.9987173080444336,0.11311697959899902,0.009112238883972168,372667,0.0067392816,0.0035982728004455566,0.003493219381198287,0.0036239856854081154
475064,dct_mid_nontargeted_white_box_eps0.0627_iter2,0.8181818181818183,0.5000000000000001,0.99759525,53.85325424335122,0.9995395541191101,0.9997549653053284,0.060106582939624786,0.0034503936767578125,234269,0.0032853587,0.0016921726055443287,0.0016129454597830772,0.0016284637385979295
137246,dct_mid_nontargeted_white_box_eps0.0627_iter1,0.3636363636363637,0.31818181818181823,0.99895614,58.041056172044335,0.999792218208313,0.9998993277549744,0.027399420738220215,0.00037676095962524414,313382,0.0021697928,0.0012526363134384155,0.0012515124399214983,0.0012517818249762058
15079,dct_mid_nontargeted_white_box_eps0.0627_iter3,1.0000000000000002,0.6666666666666669,0.99257493,52.451203187047604,0.9992040991783142,0.9990882277488708,0.10360123217105865,0.005452752113342285,239545,0.0037235874,0.002034628763794899,0.001976844621822238,0.001970208017155528
296284,dct_mid_nontargeted_white_box_eps0.0627_iter2,0.13636363636363635,0.0909090909090909,0.9980623,54.376763540758546,0.9996333122253418,0.9998116493225098,0.04032924398779869,0.0016185641288757324,219789,0.0030197846,0.001463399501517415,0.0014386579860001802,0.0014646182535216212
226147,dct_mid_nontargeted_white_box_eps0.0627_iter2,0.4125874125874127,0.4060606060606061,0.9975441,53.715687106673414,0.9995424151420593,0.9997742176055908,0.04054872691631317,0.0008099079132080078,250060,0.0033748264,0.001733338343910873,0.0016561710508540273,0.0016970103606581688
226903,dct_mid_nontargeted_white_box_eps0.0627_iter1,0.3295454545454546,0.27272727272727276,0.99910474,58.15169913252487,0.9998311400413513,0.9999146461486816,0.012238143011927605,0.0003389120101928711,324887,0.0021312085,0.0012262420495972037,0.0012182911159470677,0.001216910663060844
127517,dct_mid_nontargeted_white_box_eps0.0627_iter3,0.45454545454545464,0.398989898989899,0.9965267,50.48969465234558,0.9992989301681519,0.9996469020843506,0.05181223526597023,0.003491222858428955,329998,0.0049740374,0.002743436023592949,0.0026847708504647017,0.002711922861635685
162092,dct_mid_nontargeted_white_box_eps0.0627_iter1,0.32124125874125875,0.26806526806526804,0.99908084,58.12094315764283,0.9998321533203125,0.9999128580093384,0.010615498758852482,0.0007198452949523926,296990,0.002144433,0.0012411047937348485,0.0012309364974498749,0.0012154290452599525
366611,dct_mid_nontargeted_white_box_eps0.0627_iter1,1.0000000000000002,0.6666666666666669,0.9994671,58.06180386829524,0.9998704195022583,0.9999632835388184,0.0066960821859538555,0.00015884637832641602,371208,0.0021635313,0.001246389001607895,0.0012424765154719353,0.001249168999493122
263969,dct_mid_nontargeted_white_box_eps0.0627_iter2,0.8863636363636365,0.8000000000000002,0.9968395,53.80912431635322,0.9996840953826904,0.9997847080230713,0.024255702272057533,0.0013058781623840332,222894,0.0033081183,0.0016758330166339874,0.0016763064777478576,0.0016697607934474945
551439,dct_mid_nontargeted_white_box_eps0.0627_iter2,0.6666666666666669,0.6000000000000002,0.9971695,53.828361159093426,0.9994770884513855,0.9996851086616516,0.06178576499223709,0.0020780563354492188,237160,0.0033024675,0.0017018408980220556,0.0016232450725510716,0.0016430388204753399
474167,dct_mid_nontargeted_white_box_eps0.0627_iter2,0.5272727272727273,0.40779220779220793,0.99738145,53.6837208670168,0.9994558095932007,0.9997228384017944,0.06078416109085083,0.0014267563819885254,251950,0.00339801,0.0017206455813720822,0.0017025400884449482,0.00170095672365278
159458,dct_mid_nontargeted_white_box_eps0.0627_iter2,1.0000000000000002,0.7500000000000002,0.9976824,54.01770030004093,0.9995111227035522,0.9995967149734497,0.04236375913023949,0.0016919374465942383,239238,0.003221778,0.0016066539101302624,0.001572040026076138,0.0015643462538719177
554735,dct_mid_nontargeted_white_box_eps0.0627_iter2,1.0000000000000002,0.6666666666666669,0.9973581,54.31490947847244,0.9994901418685913,0.9996522068977356,0.05663909763097763,0.0011382102966308594,208220,0.0030169657,0.0014852125896140933,0.0014597836416214705,0.001484260312281549
386352,dct_mid_nontargeted_white_box_eps0.0627_iter2,0.6030303030303031,0.4772727272727274,0.99759465,53.803389520470915,0.9995675086975098,0.9998114705085754,0.05582461878657341,0.0013835430145263672,234478,0.0033086308,0.001683621434494853,0.0016222845297306776,0.0016777032287791371
173004,dct_mid_nontargeted_white_box_eps0.0627_iter18,0.4431818181818183,0.3881118881118881,0.9702816,40.26552444774062,0.9945630431175232,0.996282160282135,0.1533568799495697,0.0254095196723938,402560,0.015168468,0.007930271327495575,0.0076589155942201614,0.007778770290315151
311394,dct_mid_nontargeted_white_box_eps0.0627_iter3,1.0000000000000002,0.6666666666666669,0.99598664,51.24261988707233,0.9991166591644287,0.9993913173675537,0.06466853618621826,0.002234160900115967,325525,0.004505173,0.002442632569000125,0.002424000296741724,0.002444053301587701
578489,dct_mid_nontargeted_white_box_eps0.0627_iter2,0.590909090909091,0.5064935064935066,0.99742526,53.64985252485036,0.9995150566101074,0.9996780157089233,0.0458105131983757,0.0018388032913208008,248742,0.0034065999,0.0017473420593887568,0.0017026382265612483,0.001716687809675932
189310,dct_mid_nontargeted_white_box_eps0.0627_iter2,1.0000000000000002,0.3333333333333334,0.99701804,53.855672489076895,0.9993836879730225,0.9992297291755676,0.05522037297487259,0.0034058690071105957,227775,0.0032853368,0.0016656221123412251,0.001644840813241899,0.0016293588560074568
491366,dct_mid_nontargeted_white_box_eps0.0627_iter2,0.3333333333333334,0.22222222222222227,0.9971258,53.90155264434316,0.9994117617607117,0.9995660781860352,0.05524451285600662,0.0031516551971435547,238807,0.0032712617,0.0016584689728915691,0.0015843636356294155,0.0016287215985357761
448076,dct_mid_nontargeted_white_box_eps0.0627_iter3,0.4285714285714287,0.4000000000000001,0.9952319,50.89793486060829,0.9990925192832947,0.9994435906410217,0.06540755182504654,0.0018547773361206055,320027,0.004700953,0.0025698987301439047,0.0025278041139245033,0.0025732184294611216
293804,dct_mid_nontargeted_white_box_eps0.0627_iter3,0.5000000000000001,0.4000000000000001,0.9941068,51.26480086016339,0.998771607875824,0.998710036277771,0.10807830840349197,0.007233858108520508,311960,0.0044846563,0.002484524855390191,0.0023774427827447653,0.0024240524508059025
221291,dct_mid_nontargeted_white_box_eps0.0627_iter3,1.0000000000000002,0.6666666666666669,0.99432606,51.58188326216678,0.9986666440963745,0.99678635597229,0.11969036608934402,0.007235229015350342,323616,0.004293237,0.002387859858572483,0.0022432038094848394,0.0023450199514627457
141821,dct_mid_nontargeted_white_box_eps0.0627_iter1,0.8863636363636365,0.6666666666666669,0.99923056,58.034257892122376,0.9998549818992615,0.9999558925628662,0.009846141561865807,0.0005388855934143066,330915,0.002171933,0.0012539972085505724,0.001253986032679677,0.001253820606507361
410650,dct_mid_nontargeted_white_box_eps0.0627_iter5,0.6704545454545456,0.5843394988849535,0.9913919,47.475648121952226,0.9982737898826599,0.9992180466651917,0.09045127034187317,0.009089469909667969,375659,0.0068336236,0.00369779160246253,0.0035803329665213823,0.0037292197812348604
199310,dct_mid_nontargeted_white_box_eps0.0627_iter3,1.0000000000000002,0.6666666666666669,0.99685067,51.29206013122289,0.9992862939834595,0.999706506729126,0.06277064979076385,0.002106010913848877,328420,0.00447429,0.0024314471520483494,0.0023902240209281445,0.0023910359013825655
323151,dct_mid_nontargeted_white_box_eps0.0627_iter1,0.6000000000000002,0.5714285714285715,0.9991121,58.16313887694416,0.9998230934143066,0.9999099969863892,0.015437980182468891,0.00027930736541748047,324840,0.0021337443,0.0012501553865149617,0.0012062432942911983,0.0011954117799177766
89648,dct_mid_nontargeted_white_box_eps0.0627_iter1,0.42323232323232335,0.3714285714285715,0.9989535,58.04024452752762,0.9998059272766113,0.9999198317527771,0.017170127481222153,0.0009933710098266602,317615,0.0021700473,0.0012523612240329385,0.0012523233890533447,0.0012519493466243148
219283,dct_mid_nontargeted_white_box_eps0.0627_iter3,0.3333333333333334,0.22222222222222227,0.9955681,52.278275350863304,0.999154269695282,0.9994208216667175,0.06918895244598389,0.008763909339904785,266760,0.0038483175,0.002116435905918479,0.00211539794690907,0.0021159551106393337
471869,dct_mid_nontargeted_white_box_eps0.0627_iter6,0.3333333333333334,0.25000000000000006,0.99308866,48.0475434317174,0.9986480474472046,0.9992982149124146,0.06529085338115692,0.006889700889587402,359490,0.006294297,0.0031997361220419407,0.003138473955914378,0.003180080559104681
520264,dct_mid_nontargeted_white_box_eps0.0627_iter4,0.5584415584415586,0.4793388429752067,0.993849,49.44833154697237,0.9988169074058533,0.9990509748458862,0.08185622096061707,0.007993459701538086,349350,0.005441648,0.0028373808600008488,0.0027214977890253067,0.0027787440922111273
111179,dct_mid_nontargeted_white_box_eps0.0627_iter3,1.0000000000000002,0.5000000000000001,0.9942152,50.67581681869602,0.9985613822937012,0.9993945956230164,0.083084836602211,0.004544436931610107,348122,0.004892992,0.002714431844651699,0.0025574294850230217,0.002666343469172716
151000,dct_mid_nontargeted_white_box_eps0.0627_iter2,0.2181818181818182,0.18181818181818185,0.9972797,53.711734654803976,0.999463677406311,0.9997119903564453,0.06384986639022827,0.003140389919281006,246498,0.0033692338,0.0017290441319346428,0.0016613883199170232,0.0017009415896609426
100624,dct_mid_nontargeted_white_box_eps0.0627_iter2,0.25000000000000006,0.18181818181818185,0.99701923,53.77145923114149,0.9994648694992065,0.9997007250785828,0.07376989722251892,0.0030356645584106445,222369,0.00331117,0.0017084821593016386,0.0016518018674105406,0.0016688815085217357
332570,dct_mid_nontargeted_white_box_eps0.0627_iter7,1.0000000000000002,0.7500000000000002,0.9902583,47.36959887863101,0.9981462955474854,0.998079776763916,0.12090510874986649,0.011553525924682617,365518,0.0065088584,0.0034204525873064995,0.003358466550707817,0.0034436616115272045
57238,dct_mid_nontargeted_white_box_eps0.0627_iter8,0.6666666666666669,0.5000000000000001,0.9832263,46.85310553060283,0.9963061809539795,0.9949926733970642,0.17964866757392883,0.031847596168518066,368086,0.007128617,0.0037353935185819864,0.003523079212754965,0.003557867370545864
502732,dct_mid_nontargeted_white_box_eps0.0627_iter4,1.0000000000000002,0.3333333333333334,0.9953783,50.78032444780973,0.999022364616394,0.9993920922279358,0.05955827236175537,0.0033141374588012695,314242,0.0045773867,0.0022867685183882713,0.0022239037789404392,0.0022582607343792915
135561,dct_mid_nontargeted_white_box_eps0.0627_iter7,0.3246753246753248,0.2902097902097903,0.9861563,46.47764324471851,0.9971344470977783,0.998040497303009,0.14213374257087708,0.019892334938049316,384028,0.0075869113,0.00405675545334816,0.0039030006155371666,0.003979040309786797
173044,dct_mid_nontargeted_white_box_eps0.0627_iter2,1.0000000000000002,0.5000000000000001,0.99693364,53.14897498302574,0.9992713928222656,0.9997473359107971,0.06816529482603073,0.0016104578971862793,310256,0.0037098897,0.001967987045645714,0.0018483519088476896,0.0019779179710894823
168458,dct_mid_nontargeted_white_box_eps0.0627_iter1,0.5000000000000001,0.25000000000000006,0.9990065,58.03701514826887,0.9997687339782715,0.9998409748077393,0.008064832538366318,0.000512540340423584,342806,0.0021711425,0.0012530859094113111,0.00125321582891047,0.0012531097745522857
512194,dct_mid_nontargeted_white_box_eps0.0627_iter1,1.0000000000000002,0.5000000000000001,0.99925834,58.15454758969153,0.9998692274093628,0.9999419450759888,0.009380771778523922,0.0001894235610961914,322658,0.0021346333,0.0012156639713793993,0.0012295382330194116,0.0012138319434598088
370042,dct_mid_nontargeted_white_box_eps0.0627_iter2,0.6450077700077699,0.3320707070707071,0.9975715,53.651598138760576,0.9994466304779053,0.9998475313186646,0.06718568503856659,0.0014491677284240723,280506,0.0034420278,0.00173864234238863,0.0016723636072129011,0.0017493214691057801
189436,dct_mid_nontargeted_white_box_eps0.0627_iter1,0.25000000000000006,0.20000000000000004,0.99883014,58.04100242092049,0.99978107213974,0.9998564124107361,0.014892015606164932,0.0007120966911315918,312506,0.0021695085,0.0012521008029580116,0.0012517073191702366,0.001252153655514121
533958,dct_mid_nontargeted_white_box_eps0.0627_iter1,1.0000000000000002,0.5000000000000001,0.99909097,58.040108013276985,0.9998382329940796,0.9999208450317383,0.011319359764456749,0.00021392107009887695,315567,0.0021703027,0.001252052141353488,0.0012506514322012663,0.001254006172530353
117645,dct_mid_nontargeted_white_box_eps0.0627_iter3,0.5000000000000001,0.3333333333333334,0.99519616,52.690679461246354,0.9988700151443481,0.9990622401237488,0.08822043240070343,0.005018115043640137,332871,0.0037570102,0.0020231769885867834,0.001985392766073346,0.002031709998846054
221708,dct_mid_nontargeted_white_box_eps0.0627_iter1,0.24675324675324678,0.21590909090909094,0.9990621,58.06703782333456,0.9998272657394409,0.9999054670333862,0.007757104001939297,0.0002480745315551758,316367,0.0021615995,0.0012496721465140581,0.0012493026442825794,0.0012345492141321301
202228,dct_mid_nontargeted_white_box_eps0.0627_iter2,0.5000000000000001,0.25000000000000006,0.9968441,54.23865907280346,0.9993325471878052,0.9994646906852722,0.05479101836681366,0.00255507230758667,234647,0.0031074947,0.0015248650452122092,0.0014622599119320512,0.0015223165974020958
403565,dct_mid_nontargeted_white_box_eps0.0627_iter1,0.6666666666666669,0.5000000000000001,0.99918365,58.09839110224644,0.9998142123222351,0.9999482035636902,0.0077309152111411095,0.00010472536087036133,353565,0.0021530457,0.0012346252333372831,0.0012426135363057256,0.001229427638463676
211042,dct_mid_nontargeted_white_box_eps0.0627_iter1,0.5000000000000001,0.3333333333333334,0.9990787,58.04385688982569,0.9998220801353455,0.9999434351921082,0.008315295912325382,0.0003942251205444336,324976,0.0021691618,0.0012528980150818825,0.0012518373550847173,0.00124877889174968
492878,dct_mid_nontargeted_white_box_eps0.0627_iter10,0.12121212121212119,0.11558441558441561,0.9811414,44.4094934363305,0.9973856806755066,0.9983382225036621,0.07721972465515137,0.006921589374542236,375979,0.009355904,0.0047528790310025215,0.004852858372032642,0.004829911980777979
441586,dct_mid_nontargeted_white_box_eps0.0627_iter1,0.5090909090909091,0.4242424242424243,0.9990182,58.049151634114374,0.9997989535331726,0.9999170899391174,0.011303961277008057,0.0003052949905395508,339935,0.0021677439,0.0012441426515579224,0.001251919544301927,0.0012528562219813466
547816,dct_mid_nontargeted_white_box_eps0.0627_iter9,0.3333333333333334,0.22222222222222227,0.9816806,45.370110612532024,0.9961462020874023,0.9964141249656677,0.16842025518417358,0.020870983600616455,385266,0.008490755,0.004514711908996105,0.004357446916401386,0.004484253004193306
306733,dct_mid_nontargeted_white_box_eps0.0627_iter3,0.38636363636363646,0.3090909090909092,0.994415,51.15777895084576,0.9988794326782227,0.9985366463661194,0.09829100966453552,0.00936591625213623,314820,0.004551131,0.0024869684129953384,0.0024292392190545797,0.002481248928233981
530099,dct_mid_nontargeted_white_box_eps0.0627_iter8,0.5000000000000001,0.4000000000000001,0.9850717,47.29368372479661,0.9966630339622498,0.992303729057312,0.2338183969259262,0.046977877616882324,349971,0.006658836,0.0034371349029242992,0.003340607974678278,0.0034143002703785896
97679,dct_mid_nontargeted_white_box_eps0.0627_iter2,0.38636363636363646,0.36969696969696975,0.99727035,53.55837286966856,0.9993607997894287,0.9995967149734497,0.06085610389709473,0.0012443065643310547,279433,0.0034824533,0.0017669727094471455,0.0017274608835577965,0.0017773605650290847
564127,dct_mid_nontargeted_white_box_eps0.0627_iter1,1.0000000000000002,0.5000000000000001,0.9988623,58.04457465805088,0.9997667074203491,0.9998535513877869,0.014102570712566376,0.0010680556297302246,320314,0.0021684987,0.0012519311858341098,0.0012518113944679499,0.0012491588713601232
251065,dct_mid_nontargeted_white_box_eps0.0627_iter1,1.0000000000000002,0.5000000000000001,0.99883413,58.05281496231113,0.9997810125350952,0.9998434782028198,0.017395248636603355,0.000622868537902832,297668,0.002166158,0.0012527507496997714,0.0012527384096756577,0.0012402836000546813
3845,dct_mid_nontargeted_white_box_eps0.0627_iter13,0.3116883116883118,0.2865013774104683,0.97431165,42.364597559750614,0.9953328371047974,0.9979066848754883,0.15845660865306854,0.02210181951522827,399006,0.011949128,0.006351117044687271,0.0061769308522343636,0.006177318748086691
138819,dct_mid_nontargeted_white_box_eps0.0627_iter1,1.0000000000000002,0.5000000000000001,0.99913067,58.034254723055874,0.999811053276062,0.9999203085899353,0.013610625639557838,0.00045371055603027344,340234,0.0021719327,0.0012539442395791411,0.0012539696181192994,0.0012539082672446966
205834,dct_mid_nontargeted_white_box_eps0.0627_iter2,1.0000000000000002,0.6666666666666669,0.99787164,54.167015907481414,0.9995276927947998,0.9997937679290771,0.058556411415338516,0.0007300376892089844,241682,0.0031389915,0.0015477979322895408,0.0015273018507286906,0.0015097515424713492
348708,dct_mid_nontargeted_white_box_eps0.0627_iter9,0.3333333333333334,0.29166666666666674,0.9853716,46.08559033871336,0.9968725442886353,0.9978811740875244,0.16443321108818054,0.019164681434631348,377162,0.0077159493,0.0041345153003931046,0.003997471183538437,0.003994624596089125
166521,dct_mid_nontargeted_white_box_eps0.0627_iter3,0.3333333333333334,0.28571428571428575,0.9949921,51.28481386020117,0.9989563822746277,0.9991713762283325,0.10302437841892242,0.005194664001464844,317558,0.004461623,0.0024421298876404762,0.002380599267780781,0.0024417450185865164
485802,dct_mid_nontargeted_white_box_eps0.0627_iter3,1.0000000000000002,0.5000000000000001,0.99312717,51.611132473871486,0.9982659816741943,0.9966644644737244,0.16622495651245117,0.0193709135055542,325275,0.0043004286,0.002365862252190709,0.0022406303323805332,0.0023421444930136204
99054,dct_mid_nontargeted_white_box_eps0.0627_iter6,0.39393939393939403,0.2175324675324675,0.9897439,47.0515230836267,0.997743546962738,0.9985409379005432,0.14255428314208984,0.008725166320800781,370152,0.0070639295,0.0036955189425498247,0.003473419463261962,0.003660058369860053
22969,dct_mid_nontargeted_white_box_eps0.0627_iter4,1.0000000000000002,0.5000000000000001,0.99558955,48.95121712224966,0.9989320635795593,0.9996866583824158,0.05868010222911835,0.003310859203338623,368475,0.005849619,0.0030990741215646267,0.002947827335447073,0.002992454217746854
570539,dct_mid_nontargeted_white_box_eps0.0627_iter2,0.13636363636363635,0.10227272727272727,0.9978201,54.20891102097351,0.9996106028556824,0.9997594356536865,0.0372709259390831,0.0017554759979248047,220621,0.0030911576,0.0015452451771125197,0.0014901971444487572,0.0015073164831846952
278353,dct_mid_nontargeted_white_box_eps0.0627_iter4,1.0000000000000002,0.5000000000000001,0.9980162,49.727339757096146,0.9995996952056885,0.9997599720954895,0.011417776346206665,0.0010244250297546387,351730,0.0052799415,0.0026626545004546642,0.002673388458788395,0.0026776688173413277
158548,dct_mid_nontargeted_white_box_eps0.0627_iter3,0.3454545454545455,0.2878787878787879,0.99687314,50.939231071686415,0.999251127243042,0.9996752142906189,0.048481546342372894,0.0022853612899780273,347960,0.0046952274,0.0025584595277905464,0.002511406783014536,0.0025684714782983065
461405,dct_mid_nontargeted_white_box_eps0.0627_iter6,1.0000000000000002,0.5000000000000001,0.99038965,46.490465442095115,0.9979100227355957,0.9994564056396484,0.12491891533136368,0.011597394943237305,377607,0.0075931605,0.0040069688111543655,0.003851409303024411,0.003928318154066801
176606,dct_mid_nontargeted_white_box_eps0.0627_iter3,0.7500000000000002,0.6000000000000002,0.9972573,51.092187242281575,0.9993854761123657,0.9997837543487549,0.044058602303266525,0.0010398626327514648,354031,0.004615256,0.002501056296750903,0.0024646164383739233,0.0025006148498505354
44699,dct_mid_nontargeted_white_box_eps0.0627_iter9,1.0000000000000002,0.3333333333333334,0.982208,44.37301842422392,0.995343804359436,0.9981442093849182,0.1515621542930603,0.023208796977996826,398394,0.009725035,0.005149009637534618,0.005009905900806189,0.005069405306130648
559956,dct_mid_nontargeted_white_box_eps0.0627_iter3,0.6363636363636365,0.5363636363636365,0.9967756,51.09028937746602,0.999335765838623,0.9997367262840271,0.05019710958003998,0.0035376548767089844,336352,0.0046070497,0.0025065424852073193,0.002472806954756379,0.0024941740557551384
11197,dct_mid_nontargeted_white_box_eps0.0627_iter4,0.6000000000000001,0.5238095238095238,0.9930025,48.86499208367941,0.998429000377655,0.9991644620895386,0.10797297209501266,0.01078808307647705,365963,0.005906775,0.0030911434441804886,0.002982235047966242,0.0030890691559761763
483667,dct_mid_nontargeted_white_box_eps0.0627_iter1,0.6666666666666669,0.5000000000000001,0.99879426,58.036699981857076,0.9997612833976746,0.9998385906219482,0.016213208436965942,0.0003883838653564453,316444,0.0021711644,0.0012534282868728042,0.001253467402420938,0.0012528083752840757
448810,dct_mid_nontargeted_white_box_eps0.0627_iter2,1.0000000000000002,0.5000000000000001,0.9974769,53.49248690666769,0.9995033144950867,0.9996797442436218,0.045675426721572876,0.004212737083435059,258175,0.003520994,0.0017820749199017882,0.0017876310739666224,0.0017827711999416351
724,dct_mid_nontargeted_white_box_eps0.0627_iter4,0.3333333333333334,0.25000000000000006,0.9939231,49.57765912288131,0.9987645149230957,0.9993413686752319,0.07377209514379501,0.0036727190017700195,354900,0.005400928,0.0027988054789602757,0.002688478911295533,0.0027295826002955437
51961,dct_mid_nontargeted_white_box_eps0.0627_iter3,1.0000000000000002,0.5000000000000001,0.997315,51.718441956735816,0.9994146823883057,0.9997639656066895,0.057415083050727844,0.0019354820251464844,339966,0.0042509707,0.0023122294805943966,0.0022371846716850996,0.002268989570438862
375278,dct_mid_nontargeted_white_box_eps0.0627_iter2,0.3090909090909092,0.26406926406926406,0.9976589,54.22370471172543,0.9995262622833252,0.9997352957725525,0.05587390437722206,0.0030617713928222656,231554,0.0030906713,0.0015343152917921543,0.0014731426490470767,0.00151725800242275
302165,dct_mid_nontargeted_white_box_eps0.0627_iter1,0.5454545454545455,0.49999999999999994,0.9993241,58.068387603907034,0.9998651742935181,0.9999518394470215,0.00760121364146471,0.0002570152282714844,347063,0.0021603962,0.0012453077360987663,0.0012445267057046294,0.0012425306485965848
131131,dct_mid_nontargeted_white_box_eps0.0627_iter1,1.0000000000000002,0.3333333333333334,0.99898934,58.05116537333472,0.9998136758804321,0.999893069267273,0.013633469119668007,0.0004093050956726074,338932,0.0021669012,0.0012481181183829904,0.001250009867362678,0.0012490489752963185
98839,dct_mid_nontargeted_white_box_eps0.0627_iter3,0.3333333333333334,0.28571428571428575,0.99605256,51.57955862801036,0.9992114901542664,0.9995659589767456,0.0563722662627697,0.0030916333198547363,327897,0.0043189037,0.0023537972010672092,0.002289720345288515,0.002329624490812421
402992,dct_mid_nontargeted_white_box_eps0.0627_iter9,0.9669421487603305,0.5000000000000001,0.98957396,43.09077426703656,0.9974678754806519,0.9988775849342346,0.09224808216094971,0.015285611152648926,401023,0.011330958,0.00607698131352663,0.005805236287415028,0.006064844783395529
240754,dct_mid_nontargeted_white_box_eps0.0627_iter1,0.6363636363636365,0.31818181818181823,0.999162,58.03495071687921,0.9998297095298767,0.9999545812606812,0.011632224544882774,0.0003113746643066406,334753,0.002171743,0.001253471476957202,0.0012539818417280912,0.0012537550646811724
21167,dct_mid_nontargeted_white_box_eps0.0627_iter3,0.6666666666666669,0.5696969696969697,0.9945736,51.90435081062893,0.9988313913345337,0.9980853199958801,0.10972435772418976,0.008792638778686523,307145,0.004105664,0.002263477072119713,0.00217798026278615,0.002237728564068675
384468,dct_mid_nontargeted_white_box_eps0.0627_iter2,0.9090909090909092,0.7500000000000002,0.998214,53.52434274137153,0.999638557434082,0.999843180179596,0.03872169181704521,0.0010447502136230469,285979,0.0034993964,0.0018015472451224923,0.0017484097043052316,0.0017789744306355715
253742,dct_mid_nontargeted_white_box_eps0.0627_iter7,0.38181818181818195,0.36707988980716255,0.9908708,44.57608566935319,0.9977834224700928,0.9989625215530396,0.07811792939901352,0.005721032619476318,398942,0.009616363,0.005187266040593386,0.005003452301025391,0.0051114922389388084
186873,dct_mid_nontargeted_white_box_eps0.0627_iter1,0.31818181818181823,0.23863636363636367,0.9992304,58.04735908822509,0.9998551607131958,0.9999402761459351,0.008674658834934235,0.00024056434631347656,316523,0.002168332,0.0012538953451439738,0.0012425723252817988,0.0012540052412077785
82180,dct_mid_nontargeted_white_box_eps0.0627_iter1,0.5000000000000001,0.3333333333333334,0.9991725,58.03778451570344,0.9998276233673096,0.9999595284461975,0.010031117126345634,0.00013256072998046875,339770,0.0021708887,0.0012534984853118658,0.001253230031579733,0.0012520209420472383
446522,dct_mid_nontargeted_white_box_eps0.0627_iter1,0.25000000000000006,0.20000000000000004,0.9989943,58.04268069320089,0.9998100996017456,0.9998922348022461,0.012415552511811256,0.0008063316345214844,324125,0.002169168,0.0012521753087639809,0.0012522467877715826,0.00125009601470083
552902,dct_mid_nontargeted_white_box_eps0.0627_iter7,1.0000000000000002,0.5000000000000001,0.9939769,46.650842488004926,0.9984073042869568,0.9995456337928772,0.09160097688436508,0.011866450309753418,387449,0.007425964,0.0039967442862689495,0.003754593664780259,0.0039099957793951035
125405,dct_mid_nontargeted_white_box_eps0.0627_iter5,1.0000000000000002,0.6666666666666669,0.9934451,47.55708313431299,0.9984559416770935,0.9994639158248901,0.09890271723270416,0.003756701946258545,386827,0.006861176,0.0037188760470598936,0.0035404786467552185,0.003671822138130665
110211,dct_mid_nontargeted_white_box_eps0.0627_iter2,1.0000000000000002,0.5000000000000001,0.9976163,53.58730152049874,0.9993917942047119,0.9998882412910461,0.06546689569950104,0.000579535961151123,297228,0.0034753534,0.0017571273492649198,0.0017309277318418026,0.0017489370657131076
16010,dct_mid_nontargeted_white_box_eps0.0627_iter3,0.18181818181818185,0.07792207792207793,0.99643534,50.78050629361748,0.9990912675857544,0.9995651841163635,0.05989046394824982,0.004612088203430176,362258,0.0048113978,0.002623605076223612,0.0025658360682427883,0.0026259226724505424
64462,dct_mid_nontargeted_white_box_eps0.0627_iter4,1.0000000000000002,0.5000000000000001,0.99331236,50.2519883069217,0.9986373782157898,0.9987459182739258,0.09244866669178009,0.013200640678405762,327121,0.0049148705,0.0024724442046135664,0.0024325891863554716,0.0024695664178580046
314182,dct_mid_nontargeted_white_box_eps0.0627_iter1,0.6969696969696971,0.5227272727272728,0.99891895,58.036518144097,0.9997873306274414,0.9998613595962524,0.01588181033730507,0.00034040212631225586,316820,0.0021712342,0.0012537769507616758,0.0012533804401755333,0.0012526885839179158
248980,dct_mid_nontargeted_white_box_eps0.0627_iter2,0.18181818181818182,0.15151515151515152,0.9978852,53.50735582525763,0.999607264995575,0.9998413324356079,0.042760174721479416,0.0009775161743164062,257186,0.0034829965,0.0017998276744037867,0.00174996058922261,0.0017845778493210673
68387,dct_mid_nontargeted_white_box_eps0.0627_iter2,0.8484848484848486,0.6363636363636365,0.9971245,53.635991104175275,0.9994155764579773,0.9997758269309998,0.04867052286863327,0.0011581778526306152,258211,0.0034290603,0.0017458501970395446,0.0016884979559108615,0.0017446730053052306
345466,dct_mid_nontargeted_white_box_eps0.0627_iter4,0.5000000000000001,0.44444444444444453,0.99452233,49.39015105714609,0.9988791942596436,0.9995264410972595,0.06364719569683075,0.004305899143218994,354814,0.005519056,0.002877049380913377,0.00274788704700768,0.002848871750757098
352900,dct_mid_nontargeted_white_box_eps0.0627_iter1,0.5606060606060607,0.44848484848484854,0.9989744,58.06061641670145,0.9998122453689575,0.9999103546142578,0.01859784498810768,0.00040531158447265625,313071,0.0021646917,0.0012537867296487093,0.0012538069859147072,0.0012314481427893043
118367,dct_mid_nontargeted_white_box_eps0.0627_iter3,0.5000000000000001,0.31168831168831174,0.995974,51.98162979853915,0.9991862773895264,0.9994133710861206,0.08645669370889664,0.0022426247596740723,314914,0.004070498,0.0022344926837831736,0.0021746880374848843,0.0021959280129522085
113235,dct_mid_nontargeted_white_box_eps0.0627_iter8,0.5000000000000001,0.4761904761904763,0.9891143,44.61726464028089,0.9974333047866821,0.9988347887992859,0.10204162448644638,0.014241218566894531,393676,0.009488211,0.004983013961464167,0.0047939433716237545,0.004916605073958635
311303,dct_mid_nontargeted_white_box_eps0.0627_iter3,0.46753246753246763,0.39393939393939403,0.99568343,51.394396889074045,0.9991151094436646,0.9994919300079346,0.07891853153705597,0.005170702934265137,319320,0.0044090664,0.0024133273400366306,0.0023620480205863714,0.0023687516804784536
163640,dct_mid_nontargeted_white_box_eps0.0627_iter4,0.5000000000000001,0.44444444444444453,0.9952633,49.17464706873484,0.9988909959793091,0.9994706511497498,0.06862658262252808,0.0067789554595947266,362618,0.0056805927,0.0029665047768503428,0.00284545193426311,0.002927845809608698
1490,dct_mid_nontargeted_white_box_eps0.0627_iter5,0.5000000000000001,0.3333333333333334,0.99171036,48.55846364655295,0.9978176951408386,0.9979498386383057,0.17627064883708954,0.031471848487854004,376275,0.006035253,0.0032520019449293613,0.003090489190071821,0.003197538899257779
329456,dct_mid_nontargeted_white_box_eps0.0627_iter2,0.20454545454545459,0.13636363636363638,0.9972539,53.35753337428065,0.9994236826896667,0.9997357726097107,0.06326577067375183,0.0017099380493164062,273090,0.0035771104,0.0018671384314075112,0.001809532754123211,0.0018528710352256894
570471,dct_mid_nontargeted_white_box_eps0.0627_iter1,0.44155844155844165,0.4025974025974027,0.99905086,58.10857291370801,0.9998390674591064,0.9999279975891113,0.010474340990185738,0.00034439563751220703,316885,0.002144876,0.0012366751907393336,0.001232907990925014,0.0012283973628655076
88269,dct_mid_nontargeted_white_box_eps0.0627_iter2,1.0000000000000002,0.7500000000000002,0.9977124,53.712966136594076,0.9995430707931519,0.9997930526733398,0.04080355912446976,0.001058340072631836,251163,0.0033715207,0.001731600146740675,0.0016948028933256865,0.0016691252822056413
260470,dct_mid_nontargeted_white_box_eps0.0627_iter7,0.24350649350649353,0.1886230728335992,0.9893518,45.86813570399487,0.998001217842102,0.9990224838256836,0.13699162006378174,0.015559196472167969,379471,0.008018399,0.004372237250208855,0.004173981957137585,0.004201272502541542
193494,dct_mid_nontargeted_white_box_eps0.0627_iter1,1.0000000000000002,0.5000000000000001,0.9991779,58.043884716851494,0.9998300075531006,0.9999566078186035,0.007661405019462109,0.00012129545211791992,338785,0.002169093,0.0012506425846368074,0.0012507658684626222,0.001252076355740428
252776,dct_mid_nontargeted_white_box_eps0.0627_iter1,0.3333333333333334,0.25000000000000006,0.9988032,58.037600619901454,0.999751091003418,0.999845027923584,0.025765113532543182,0.0004532933235168457,320095,0.002170911,0.0012530230451375246,0.0012531408574432135,0.0012527576182037592
201072,dct_mid_nontargeted_white_box_eps0.0627_iter2,0.9415584415584417,0.8847402597402598,0.9974486,53.611139290096254,0.9994425773620605,0.9997945427894592,0.06629399955272675,0.0017123222351074219,264119,0.0034443077,0.0018053380772471428,0.001673749997280538,0.001729679061099887
18150,dct_mid_nontargeted_white_box_eps0.0627_iter5,0.3636363636363637,0.3223140495867769,0.99206114,47.90006979035251,0.998386025428772,0.9991306066513062,0.07952463626861572,0.008653640747070312,373369,0.0065165777,0.0034948857501149178,0.0034288926981389523,0.0034936503507196903
337498,dct_mid_nontargeted_white_box_eps0.0627_iter4,0.7878787878787881,0.590909090909091,0.9943654,49.00104775121399,0.9990215301513672,0.9994370341300964,0.0672864243388176,0.004830718040466309,357528,0.005769303,0.0030897674150764942,0.002894029952585697,0.0029528446029871702
521405,dct_mid_nontargeted_white_box_eps0.0627_iter2,0.5000000000000001,0.25000000000000006,0.9976147,53.84776738623161,0.9994825124740601,0.9997665286064148,0.051224566996097565,0.0011586546897888184,250445,0.0033143926,0.001672158483415842,0.0016187544679269195,0.00164131133351475
518770,dct_mid_nontargeted_white_box_eps0.0627_iter2,0.47727272727272735,0.3454545454545455,0.99716324,53.78903967832795,0.9994206428527832,0.9996656775474548,0.055952176451683044,0.0019336938858032227,247404,0.0033355197,0.0016825657803565264,0.0016387972282245755,0.0016782341990619898
201646,dct_mid_nontargeted_white_box_eps0.0627_iter13,0.20000000000000004,0.18181818181818185,0.9737186,43.765485897178486,0.9939537048339844,0.9946485757827759,0.21514466404914856,0.03998744487762451,393971,0.010101093,0.00531065184623003,0.00510523933917284,0.005325192119926214
36936,dct_mid_nontargeted_white_box_eps0.0627_iter3,0.5029515938606849,0.47377622377622386,0.99567765,51.14273060518794,0.9990784525871277,0.9995208382606506,0.08850428462028503,0.0039730072021484375,324166,0.0045552975,0.002518272027373314,0.002430972643196583,0.0024616033770143986
59044,dct_mid_nontargeted_white_box_eps0.0627_iter1,0.18181818181818182,0.14962121212121213,0.9988807,58.03767762981267,0.9997825622558594,0.999845027923584,0.022594764828681946,0.0010433197021484375,315260,0.002170925,0.001253020018339157,0.0012533442350104451,0.0012524956837296486
172946,dct_mid_nontargeted_white_box_eps0.0627_iter9,0.1590909090909091,0.06754577864203533,0.984633,45.00692164688915,0.9970923662185669,0.9982950687408447,0.1521667242050171,0.01597517728805542,386457,0.008721552,0.004669668152928352,0.004469825886189938,0.0045903874561190605
234607,dct_mid_nontargeted_white_box_eps0.0627_iter2,0.6818181818181819,0.5454545454545455,0.99737597,54.20806306890624,0.9995037913322449,0.9997134208679199,0.04744824022054672,0.0012165307998657227,224174,0.0030950487,0.0015240440843626857,0.0014973720535635948,0.0015191382262855768
532690,dct_mid_nontargeted_white_box_eps0.0627_iter5,0.3333333333333334,0.30909090909090914,0.9923327,48.2636632844331,0.9982565641403198,0.9988976716995239,0.0775778591632843,0.0062795281410217285,368806,0.0062457267,0.003349708393216133,0.0032886203844100237,0.003311366541311145
323895,dct_mid_nontargeted_white_box_eps0.0627_iter4,0.7727272727272729,0.38636363636363646,0.9942994,50.339114548309574,0.9985970258712769,0.9992213249206543,0.06934896111488342,0.004273653030395508,336981,0.004906326,0.0024974318221211433,0.002335397992283106,0.002479325048625469
384670,dct_mid_nontargeted_white_box_eps0.0627_iter6,0.6666666666666669,0.5000000000000001,0.99046105,48.04058904870482,0.9975124597549438,0.9988943934440613,0.09780240058898926,0.006625473499298096,364925,0.0063157617,0.003202883992344141,0.0031696895603090525,0.003164224326610565
50326,dct_mid_nontargeted_white_box_eps0.0627_iter3,0.25000000000000006,0.1666666666666667,0.99593335,52.09130626457878,0.9991635084152222,0.9995184540748596,0.07199648767709732,0.0038281679153442383,312057,0.0040178564,0.0021923936437815428,0.0021627102978527546,0.0021612776909023523
205542,dct_mid_nontargeted_white_box_eps0.0627_iter1,1.0000000000000002,0.5000000000000001,0.9992841,58.03859217911032,0.9998574256896973,0.9999667406082153,0.00673655467107892,0.00039446353912353516,340653,0.0021706074,0.0012523160548880696,0.0012525235069915652,0.001253220485523343
217957,dct_mid_nontargeted_white_box_eps0.0627_iter2,1.0000000000000002,0.5000000000000001,0.9982652,53.76345369318277,0.9996365308761597,0.9998565316200256,0.03405178710818291,0.0005540847778320312,289868,0.0033699824,0.0016969986027106643,0.0016795366536825895,0.0016851674299687147
162035,dct_mid_nontargeted_white_box_eps0.0627_iter3,0.6818181818181819,0.41818181818181827,0.9961324,51.804851236696116,0.999174952507019,0.9995145201683044,0.06586524844169617,0.00527578592300415,321082,0.0041898005,0.00226877280510962,0.002253396902233362,0.0022463412024080753
415727,dct_mid_nontargeted_white_box_eps0.0627_iter3,0.25000000000000006,0.23863636363636365,0.99615544,51.19359537258176,0.9993037581443787,0.9996196627616882,0.060802023857831955,0.0023746490478515625,315848,0.004512467,0.0024841974955052137,0.00242768507450819,0.0024456167593598366
182021,dct_mid_nontargeted_white_box_eps0.0627_iter3,0.5454545454545455,0.40909090909090917,0.99411964,51.750333474347016,0.9986817240715027,0.9989368915557861,0.1407124102115631,0.007490992546081543,318250,0.004218522,0.0023100527469068766,0.00221702316775918,0.0022913662251085043
90284,dct_mid_nontargeted_white_box_eps0.0627_iter5,1.0000000000000002,0.5000000000000001,0.9913586,48.60350946614499,0.9984232187271118,0.9986048936843872,0.06925471127033234,0.0035753250122070312,346979,0.005909983,0.0031317577231675386,0.0031672907061874866,0.0032203393056988716
286553,dct_mid_nontargeted_white_box_eps0.0627_iter10,0.5151515151515151,0.4862258953168045,0.9810982,43.7121858651573,0.996179461479187,0.9977434277534485,0.1463581919670105,0.02082967758178711,391770,0.010271873,0.005367642734199762,0.005169021897017956,0.005321043077856302
488736,dct_mid_nontargeted_white_box_eps0.0627_iter3,1.0000000000000002,0.3333333333333334,0.997282,51.05058405506065,0.9994320273399353,0.9997488260269165,0.05105658620595932,0.004291713237762451,339424,0.004645628,0.002499183639883995,0.002486086217686534,0.0025212911423295736
63602,dct_mid_nontargeted_white_box_eps0.0627_iter1,0.6666666666666669,0.5227272727272728,0.99871343,58.04729907860839,0.9997419118881226,0.9997430443763733,0.02696879766881466,0.0007023811340332031,303757,0.0021681627,0.0012508657528087497,0.0012521774042397738,0.001247488078661263
383386,dct_mid_nontargeted_white_box_eps0.0627_iter1,0.5000000000000001,0.25000000000000006,0.9993054,58.03545176477445,0.999843955039978,0.9999356269836426,0.008627517148852348,0.0001506209373474121,356309,0.0021715863,0.0012539055896922946,0.0012536776484921575,0.0012531834654510021
450686,dct_mid_nontargeted_white_box_eps0.0627_iter5,1.0000000000000002,0.6666666666666669,0.9921095,49.49090701990385,0.998400866985321,0.99886155128479,0.09142422676086426,0.004155397415161133,349545,0.0053199693,0.002838949905708432,0.0028031605761498213,0.0028149026911705732
5060,dct_mid_nontargeted_white_box_eps0.0627_iter2,1.0000000000000002,0.4000000000000001,0.9979643,53.373916129680794,0.9995125532150269,0.9997656941413879,0.032002709805965424,0.0006309747695922852,288466,0.003592114,0.0018590454710647464,0.0018027260666713119,0.0018409877084195614
286523,dct_mid_nontargeted_white_box_eps0.0627_iter3,1.0000000000000002,0.6666666666666669,0.99598414,51.47913090216866,0.9992591738700867,0.999383270740509,0.05888150632381439,0.006016135215759277,312128,0.004357304,0.002394030336290598,0.0023226633202284575,0.002342846477404237
120420,dct_mid_nontargeted_white_box_eps0.0627_iter5,0.5272727272727273,0.4799291617473437,0.994585,47.624335660753026,0.998935878276825,0.9995036721229553,0.06883178651332855,0.003467559814453125,382357,0.0067608627,0.0036581598687916994,0.003530279966071248,0.003606126643717289
579655,dct_mid_nontargeted_white_box_eps0.0627_iter3,0.5404040404040406,0.5173160173160174,0.99519545,51.6911608621194,0.9992407560348511,0.9993347525596619,0.09433653950691223,0.009206652641296387,263849,0.0041448586,0.0022943257354199886,0.0022461896296590567,0.0022564271930605173
117908,dct_mid_nontargeted_white_box_eps0.0627_iter1,0.7045454545454547,0.6909090909090911,0.9988017,58.03406933192264,0.9997660517692566,0.9998504519462585,0.023251067847013474,0.00047212839126586914,312748,0.0021719858,0.001253995462320745,0.0012540020979940891,0.00125397858209908
550322,dct_mid_nontargeted_white_box_eps0.0627_iter1,0.5227272727272728,0.41818181818181827,0.9991977,58.10434581974615,0.9998359084129333,0.9999414086341858,0.009836956858634949,0.0001207590103149414,330165,0.0021523694,0.0012488758657127619,0.0012491067172959447,0.0012036095140501857
218362,dct_mid_nontargeted_white_box_eps0.0627_iter1,0.31818181818181823,0.21212121212121215,0.99871093,58.27690162163925,0.9998030662536621,0.9998617172241211,0.02191157639026642,0.0006406307220458984,288258,0.002084116,0.0011985134333372116,0.001193164149299264,0.0011657312279567122
213224,dct_mid_nontargeted_white_box_eps0.0627_iter2,0.7878787878787881,0.590909090909091,0.99736613,53.50844844235873,0.9994735717773438,0.9997627139091492,0.06007855013012886,0.0016568899154663086,259242,0.0034975763,0.0017980384873226285,0.0017582946456968784,0.0017777872271835804
297578,dct_mid_nontargeted_white_box_eps0.0627_iter5,0.7500000000000002,0.6454545454545455,0.98966074,48.964950347860295,0.9980438947677612,0.9982856512069702,0.17530414462089539,0.02141207456588745,345585,0.0056355204,0.0030709118582308292,0.0029292784165591,0.0029845458921045065
458992,dct_mid_nontargeted_white_box_eps0.0627_iter3,0.6000000000000002,0.4285714285714287,0.99619514,50.898678440775896,0.999265193939209,0.9995880126953125,0.05385787785053253,0.0020842552185058594,314319,0.004685706,0.0025738044641911983,0.002529436955228448,0.002562030218541622
164602,dct_mid_nontargeted_white_box_eps0.0627_iter2,0.5151515151515152,0.41818181818181827,0.99746656,53.916143817654486,0.9995004534721375,0.9997572302818298,0.04339345544576645,0.0013862252235412598,245655,0.003275024,0.0016303069423884153,0.001597617520019412,0.0016274367226287723
440475,dct_mid_nontargeted_white_box_eps0.0627_iter7,0.3,0.27948922735019,0.9872001,45.64518167053742,0.9974645972251892,0.9986013770103455,0.12968559563159943,0.015160143375396729,389855,0.008376704,0.004523871932178736,0.004304132424294949,0.004396653268486261
101762,dct_mid_nontargeted_white_box_eps0.0627_iter3,1.0000000000000002,0.5000000000000001,0.996183,51.51391416613024,0.99918532371521,0.9996252655982971,0.053654350340366364,0.0025659799575805664,338607,0.0043688114,0.0023591280914843082,0.002326315501704812,0.0023556984961032867
557501,dct_mid_nontargeted_white_box_eps0.0627_iter1,1.0000000000000002,0.5000000000000001,0.9989019,58.0343918700014,0.9997978210449219,0.9998657703399658,0.015839556232094765,0.0004163384437561035,314243,0.0021718887,0.0012539551826193929,0.0012538926675915718,0.0012538493610918522
203317,dct_mid_nontargeted_white_box_eps0.0627_iter2,1.0000000000000002,0.5000000000000001,0.99834853,53.999451992902934,0.9996614456176758,0.9998764395713806,0.01999511942267418,0.0003204941749572754,258113,0.003256735,0.0015827397583052516,0.00159027602057904,0.0015896803233772516
368940,dct_mid_nontargeted_white_box_eps0.0627_iter2,1.0000000000000002,0.25000000000000006,0.9974163,54.12818701688552,0.9994714260101318,0.9994768500328064,0.04571962356567383,0.0028558969497680664,233997,0.0031661133,0.0015570983523502946,0.0015342256519943476,0.00153250468429178
569917,dct_mid_nontargeted_white_box_eps0.0627_iter3,0.5000000000000001,0.4000000000000001,0.99621874,51.446096165453085,0.9991558790206909,0.999542772769928,0.052627310156822205,0.002403438091278076,327325,0.004394304,0.002402856480330229,0.0023294987622648478,0.002376136602833867
144798,dct_mid_nontargeted_white_box_eps0.0627_iter10,0.25000000000000006,0.23076923076923084,0.9802616,45.89206001197184,0.9958705306053162,0.993887722492218,0.20944666862487793,0.04665803909301758,372971,0.0078541525,0.004092344082891941,0.0038766623474657536,0.004019120242446661
284623,dct_mid_nontargeted_white_box_eps0.0627_iter2,0.4000000000000001,0.3333333333333334,0.99774027,53.83003152480228,0.9994863867759705,0.9997739791870117,0.05375358462333679,0.0008233189582824707,263589,0.0033331814,0.0016657902160659432,0.001627276069484651,0.0016598221845924854
520301,dct_mid_nontargeted_white_box_eps0.0627_iter1,1.0000000000000002,0.5000000000000001,0.99908894,58.05162957567248,0.9998183250427246,0.9999037384986877,0.011931585147976875,0.00024330615997314453,327188,0.002165431,0.0012489624787122011,0.001249017077498138,0.0012488176580518484
127987,dct_mid_nontargeted_white_box_eps0.0627_iter1,0.3333333333333334,0.22077922077922082,0.9988632,58.10453756352085,0.9997962713241577,0.9999052286148071,0.02166701853275299,0.0006430149078369141,305284,0.0021475242,0.0012379400432109833,0.0012362453853711486,0.0012272346066311002
63740,dct_mid_nontargeted_white_box_eps0.0627_iter2,0.5974025974025975,0.49363636363636376,0.99742633,53.413931823126575,0.9995294809341431,0.9997645616531372,0.0465453639626503,0.0017145872116088867,270103,0.0035617414,0.0018453907687216997,0.0018029211787506938,0.0018046164186671376
36494,dct_mid_nontargeted_white_box_eps0.0627_iter4,0.1857864357864358,0.1660303991368649,0.9937225,48.90706169478286,0.998966634273529,0.99953293800354,0.08310054242610931,0.005565047264099121,352619,0.0058082584,0.0031160779763013124,0.002909089671447873,0.002985189203172922
210032,dct_mid_nontargeted_white_box_eps0.0627_iter8,0.18181818181818185,0.17056277056277058,0.9871888,45.506919859997616,0.9974249601364136,0.9989863634109497,0.14941823482513428,0.009300827980041504,382035,0.00838595,0.004399588797241449,0.004151536617428064,0.004305906128138304
488270,dct_mid_nontargeted_white_box_eps0.0627_iter1,1.0000000000000002,0.5000000000000001,0.99862105,58.03546397475695,0.9996745586395264,0.9990081787109375,0.041542552411556244,0.0016856789588928223,291001,0.0021715828,0.0012533464469015598,0.0012537020957097411,0.0012536990689113736
67180,dct_mid_nontargeted_white_box_eps0.0627_iter2,1.0000000000000002,0.5000000000000001,0.99864024,54.026018259837215,0.9996672868728638,0.9998902678489685,0.024098996073007584,0.0006099939346313477,277028,0.0032318924,0.0015959973679855466,0.0015577941667288542,0.001580213662236929
64359,dct_mid_nontargeted_white_box_eps0.0627_iter3,1.0000000000000002,0.6666666666666669,0.99566156,51.218152251646714,0.9990400671958923,0.9996511340141296,0.07585390657186508,0.0036630630493164062,335813,0.004531297,0.002496614120900631,0.0023959206882864237,0.002446956466883421
126226,dct_mid_nontargeted_white_box_eps0.0627_iter3,0.24242424242424243,0.19636363636363638,0.9962446,51.36131667344301,0.9992284774780273,0.9994275569915771,0.05516893416643143,0.002566039562225342,321028,0.004433162,0.0024214976001530886,0.0023602345027029514,0.002393278991803527
190923,dct_mid_nontargeted_white_box_eps0.0627_iter2,0.38636363636363646,0.340909090909091,0.9978754,53.661628501647996,0.9995846748352051,0.999851405620575,0.03983446583151817,0.0007219314575195312,264109,0.0034185715,0.001734995050355792,0.0016827606596052647,0.0017306627705693245
150265,dct_mid_nontargeted_white_box_eps0.0627_iter3,0.6666666666666669,0.6000000000000002,0.9958872,51.37376022392834,0.9990804195404053,0.9994116425514221,0.055715180933475494,0.002166450023651123,321078,0.0044352333,0.0024156603030860424,0.00236146105453372,0.002395002171397209
216739,dct_mid_nontargeted_white_box_eps0.0627_iter3,0.8181818181818183,0.6272727272727274,0.99451345,51.24613183351369,0.9987351298332214,0.9982704520225525,0.10503558069467545,0.0026839375495910645,334501,0.0045290915,0.002457425696775317,0.0024048464838415384,0.002446911297738552
38048,dct_mid_nontargeted_white_box_eps0.0627_iter2,0.7500000000000002,0.6000000000000002,0.99709684,53.64927339575245,0.9993393421173096,0.9995110034942627,0.07664670050144196,0.0013965368270874023,259066,0.0034236559,0.0017498205415904522,0.0016749080969020724,0.001738408929668367
354829,dct_mid_nontargeted_white_box_eps0.0627_iter3,1.0000000000000002,0.6666666666666669,0.99649876,52.30623081230653,0.9992876052856445,0.9995354413986206,0.06256371736526489,0.0031276941299438477,327159,0.003934226,0.0021222822833806276,0.002120709279552102,0.0020938580855727196
525155,dct_mid_nontargeted_white_box_eps0.0627_iter3,0.5000000000000001,0.12500000000000003,0.9950752,51.99007256910942,0.9989327788352966,0.998956561088562,0.12509970366954803,0.007177829742431641,312810,0.0040695043,0.0022310479544103146,0.002164306119084358,0.0022072733845561743
163314,dct_mid_nontargeted_white_box_eps0.0627_iter3,0.13636363636363638,0.09074042840276605,0.9961799,51.492727634415054,0.9992740154266357,0.9996152520179749,0.07146622240543365,0.0047272443771362305,323955,0.0043558246,0.0024004096630960703,0.002294560894370079,0.002365086693316698
259571,dct_mid_nontargeted_white_box_eps0.0627_iter6,0.5151515151515152,0.5140115267507612,0.9886736,47.50472051976898,0.9974106550216675,0.9986725449562073,0.1595999300479889,0.01953566074371338,369947,0.0067327195,0.003479034872725606,0.003297870745882392,0.0034548405092209578
561679,dct_mid_nontargeted_white_box_eps0.0627_iter4,1.0000000000000002,0.25000000000000006,0.9945531,49.62327455245788,0.998955249786377,0.9994038343429565,0.0726337879896164,0.006018996238708496,349643,0.0053723184,0.0027451917994767427,0.002746900310739875,0.0026782976929098368
153529,dct_mid_nontargeted_white_box_eps0.0627_iter3,0.5681818181818183,0.409090909090909,0.99644166,50.916804302496885,0.9992244243621826,0.999582827091217,0.046576134860515594,0.001435399055480957,342745,0.0047100103,0.002568374387919903,0.0025177416391670704,0.002564680762588978
473015,dct_mid_nontargeted_white_box_eps0.0627_iter3,0.2727272727272727,0.25,0.9954603,51.38974975210732,0.999005913734436,0.999460756778717,0.08389763534069061,0.006688475608825684,322863,0.0044193636,0.002441254211589694,0.0023305227514356375,0.0023816912434995174
379800,dct_mid_nontargeted_white_box_eps0.0627_iter1,0.7575757575757578,0.4545454545454546,0.9993472,58.05850870408829,0.9998608827590942,0.999948263168335,0.006504676304757595,0.0001849532127380371,354565,0.0021648414,0.0012482499005272985,0.0012480402365326881,0.001244568033143878
253835,dct_mid_nontargeted_white_box_eps0.0627_iter12,0.34848484848484856,0.3415977961432508,0.9753697,42.29943518332004,0.9939302206039429,0.9966434240341187,0.1534503996372223,0.023287057876586914,401445,0.012250469,0.006254144944250584,0.006215383298695087,0.00638513034209609
34071,dct_mid_nontargeted_white_box_eps0.0627_iter1,1.0000000000000002,0.5000000000000001,0.99849385,58.11563764637857,0.9996832609176636,0.9992013573646545,0.050596147775650024,0.002876758575439453,272000,0.0021495218,0.001235402305610478,0.0012026737676933408,0.001253908034414053
36861,dct_mid_nontargeted_white_box_eps0.0627_iter1,1.0000000000000002,0.5000000000000001,0.99920225,58.03693885581906,0.9998189806938171,0.9999243021011353,0.005956349428743124,0.00010657310485839844,352225,0.0021711704,0.0012521462049335241,0.001253480208106339,0.0012538597220554948
569565,dct_mid_nontargeted_white_box_eps0.0627_iter2,0.5000000000000001,0.25000000000000006,0.9976184,53.33737492445226,0.9994227290153503,0.9998408555984497,0.052391357719898224,0.0008996129035949707,305441,0.003609267,0.0018709548749029636,0.0018392136553302407,0.001838014111854136
219271,dct_mid_nontargeted_white_box_eps0.0627_iter1,0.10303030303030303,0.059573002754820935,0.99901813,58.03420165012209,0.9997822046279907,0.9999211430549622,0.011121770367026329,0.0005832910537719727,342865,0.0021719472,0.0012539601884782314,0.0012539357412606478,0.0012539540184661746
205647,dct_mid_nontargeted_white_box_eps0.0627_iter3,1.0000000000000002,0.5000000000000001,0.9953062,51.397016622717956,0.9988312721252441,0.9994966983795166,0.08405157178640366,0.002368748188018799,353515,0.004438153,0.0024270738940685987,0.002345764311030507,0.0023818800691515207
460841,dct_mid_nontargeted_white_box_eps0.0627_iter1,0.5000000000000001,0.3333333333333334,0.99867076,58.03461882237325,0.9997112154960632,0.9997351765632629,0.029058465734124184,0.00041866302490234375,320414,0.0021718228,0.0012538344599306583,0.0012538874289020896,0.0012537830043584108
123131,dct_mid_nontargeted_white_box_eps0.0627_iter1,0.27272727272727276,0.0909090909090909,0.99890393,58.19235296233046,0.9997615814208984,0.999738872051239,0.019581235945224762,0.00043517351150512695,334812,0.0021251843,0.0012454006355255842,0.0012163702631369233,0.0011655540438368917
334006,dct_mid_nontargeted_white_box_eps0.0627_iter4,0.6363636363636365,0.6000000000000002,0.994606,49.499169966064585,0.9987548589706421,0.9995028972625732,0.08444029092788696,0.004565298557281494,360132,0.0054676062,0.002833549864590168,0.002714227419346571,0.002790481550619006
511599,dct_mid_nontargeted_white_box_eps0.0627_iter1,0.20292207792207792,0.2012987012987013,0.99922484,58.03460582532207,0.9998313188552856,0.9999420046806335,0.007959248498082161,7.855892181396484e-05,342413,0.0021718254,0.0012538796290755272,0.001253887894563377,0.0012537282891571522
174004,dct_mid_nontargeted_white_box_eps0.0627_iter1,1.0000000000000002,0.5000000000000001,0.9994572,58.058130639319344,0.9998751878738403,0.9999625086784363,0.0048996321856975555,0.00010633468627929688,360444,0.0021638453,0.00124746176879853,0.001246719853952527,0.0012470126384869218
519764,dct_mid_nontargeted_white_box_eps0.0627_iter1,0.3333333333333334,0.25000000000000006,0.99875355,58.09721789445673,0.9997636675834656,0.9997994899749756,0.02799054980278015,0.0011451244354248047,297176,0.0021536008,0.0012429743073880672,0.0012524307239800692,0.0012122702319175005
137576,dct_mid_nontargeted_white_box_eps0.0627_iter3,0.2272727272727273,0.17171717171717174,0.99797744,51.44232614271574,0.9995803236961365,0.9998141527175903,0.02038232982158661,0.0007424354553222656,348302,0.004403117,0.0023667982313781977,0.002363590057939291,0.0023760590702295303
87470,dct_mid_nontargeted_white_box_eps0.0627_iter7,0.4848484848484849,0.4018181818181819,0.9891543,45.74399005777458,0.9976222515106201,0.9989762306213379,0.1045917272567749,0.012061774730682373,390731,0.0083059,0.004439725074917078,0.004297058098018169,0.004383774008601904
9769,dct_mid_nontargeted_white_box_eps0.0627_iter1,0.7878787878787881,0.590909090909091,0.999413,58.04711069028365,0.9998672008514404,0.9999563694000244,0.006835269276052713,9.274482727050781e-05,362156,0.0021681862,0.001250400790013373,0.0012503149919211864,0.0012499747099354863
558114,dct_mid_nontargeted_white_box_eps0.0627_iter4,0.27272727272727276,0.19818566095740012,0.9950946,49.14852216838503,0.9990946054458618,0.99949049949646,0.06276702880859375,0.005103588104248047,349481,0.005636711,0.002970936242491007,0.0028522545471787453,0.0029170471243560314
205776,dct_mid_nontargeted_white_box_eps0.0627_iter1,1.0000000000000002,0.3333333333333334,0.9990762,58.03845412293218,0.999809205532074,0.9999294877052307,0.01439688354730606,0.0002002716064453125,335337,0.0021706196,0.0012529157102108002,0.001253019436262548,0.001252250629477203
163257,dct_mid_nontargeted_white_box_eps0.0627_iter2,0.25000000000000006,0.20000000000000004,0.996991,53.972166435170706,0.9993945956230164,0.9995131492614746,0.06958785653114319,0.0013707280158996582,228673,0.0032344363,0.0016280858544632792,0.0015698712086305022,0.0016028909012675285
475678,dct_mid_nontargeted_white_box_eps0.0627_iter1,0.9015151515151517,0.8785759694850603,0.99918056,58.0539266353761,0.999858021736145,0.9999297857284546,0.011105980724096298,0.00017189979553222656,323801,0.0021662028,0.0012449147179722786,0.001251302077434957,0.0012485955376178026
85478,dct_mid_nontargeted_white_box_eps0.0627_iter4,0.5000000000000001,0.20000000000000004,0.9948316,50.192122704394215,0.998810887336731,0.9996348023414612,0.10085807740688324,0.004270613193511963,340891,0.004992307,0.002521093701943755,0.002461526542901993,0.0024869295302778482
318080,dct_mid_nontargeted_white_box_eps0.0627_iter5,1.0000000000000002,0.5000000000000001,0.9946479,48.79043861261018,0.9988033175468445,0.9996308088302612,0.07127802073955536,0.004039585590362549,375899,0.0058832876,0.0031315325759351254,0.00307238707318902,0.0030975318513810635
361551,dct_mid_nontargeted_white_box_eps0.0627_iter2,0.6363636363636365,0.5454545454545455,0.9971165,53.453504833427544,0.9994015693664551,0.9997155070304871,0.044070765376091,0.0014389753341674805,272127,0.0035321086,0.001827289815992117,0.0017580048879608512,0.0018152929842472076
236784,dct_mid_nontargeted_white_box_eps0.0627_iter5,1.0000000000000002,0.6666666666666669,0.99515086,49.127242279140084,0.9990069270133972,0.9988834857940674,0.06628800928592682,0.011261343955993652,358444,0.0055937874,0.00297844922170043,0.0029512732289731503,0.002948836889117956
92839,dct_mid_nontargeted_white_box_eps0.0627_iter1,1.0000000000000002,0.5000000000000001,0.999145,58.042551740018354,0.9998310804367065,0.9999313950538635,0.009485756978392601,0.0002116560935974121,334767,0.0021696424,0.0012471667723730206,0.0012536895228549838,0.0012537806760519743
42296,dct_mid_nontargeted_white_box_eps0.0627_iter6,0.3333333333333334,0.1515151515151515,0.99285764,48.23869149196738,0.9984003901481628,0.9993894696235657,0.10461888462305069,0.005463659763336182,361149,0.006159118,0.0031396031845360994,0.0030067351181060076,0.0031033095438033342
560266,dct_mid_nontargeted_white_box_eps0.0627_iter3,1.0000000000000002,0.5000000000000001,0.9971402,51.36114864026254,0.9992625713348389,0.9998000264167786,0.06492410600185394,0.0017534494400024414,358749,0.004463556,0.0024070274084806442,0.0023617432452738285,0.002424214268103242
486479,dct_mid_nontargeted_white_box_eps0.0627_iter3,0.5000000000000001,0.3333333333333334,0.99631244,51.73811464740701,0.9992232322692871,0.9997307062149048,0.06608620285987854,0.003473639488220215,312549,0.0042120847,0.0022962954826653004,0.0022875533904880285,0.0022458641324192286
127955,dct_mid_nontargeted_white_box_eps0.0627_iter7,1.0000000000000002,0.5000000000000001,0.99294376,47.515094308083256,0.9981390833854675,0.9993417263031006,0.10159711539745331,0.009217143058776855,385567,0.0067260577,0.003541672835126519,0.0034644051920622587,0.0035136393271386623
307658,dct_mid_nontargeted_white_box_eps0.0627_iter4,1.0000000000000002,0.5000000000000001,0.9977967,50.91376349709469,0.9995378255844116,0.9997222423553467,0.01645425334572792,0.0012116432189941406,318548,0.0045365477,0.0022600721567869186,0.002263060538098216,0.0022566798143088818
417465,dct_mid_nontargeted_white_box_eps0.0627_iter1,1.0000000000000002,0.5000000000000001,0.99904794,58.05133332155953,0.9997956156730652,0.9999231696128845,0.014170262962579727,0.00025957822799682617,334294,0.0021651012,0.0012495210394263268,0.001249134773388505,0.0012484027538448572
342971,dct_mid_nontargeted_white_box_eps0.0627_iter3,1.0000000000000002,0.5000000000000001,0.995358,51.73832110046499,0.9988417029380798,0.9933411478996277,0.12042581290006638,0.002864241600036621,335148,0.004220742,0.002337680198252201,0.00219014473259449,0.002300063380971551
11760,dct_mid_nontargeted_white_box_eps0.0627_iter5,1.0000000000000002,0.5000000000000001,0.9946436,47.46737237892263,0.9984990358352661,0.9996262192726135,0.08094000816345215,0.00633084774017334,394222,0.00693488,0.003776639001443982,0.0036271545104682446,0.003665471449494362
69106,dct_mid_nontargeted_white_box_eps0.0627_iter3,0.7272727272727274,0.5000000000000001,0.9956129,50.82386491545024,0.9989041090011597,0.9997101426124573,0.07350435107946396,0.0013630390167236328,352104,0.004787507,0.0026144853327423334,0.002549102995544672,0.0026053187903016806
70158,dct_mid_nontargeted_white_box_eps0.0627_iter10,1.0000000000000002,0.3333333333333334,0.9904251,43.67082080760021,0.997580885887146,0.9989175796508789,0.1037103533744812,0.009077727794647217,392420,0.010363512,0.005397382192313671,0.005103021394461393,0.005430267658084631
176634,dct_mid_nontargeted_white_box_eps0.0627_iter2,1.0000000000000002,0.5000000000000001,0.9983247,53.62466377465546,0.9996734857559204,0.9998860359191895,0.03690405189990997,0.0011603832244873047,270481,0.003437374,0.0017377403564751148,0.0017173266969621181,0.001740895095281303
281447,dct_mid_nontargeted_white_box_eps0.0627_iter3,1.0000000000000002,0.909090909090909,0.995817,50.816056341569436,0.9990782737731934,0.9996851086616516,0.08731358498334885,0.003439784049987793,338451,0.004787121,0.002626358065754175,0.0025571826845407486,0.0025920183397829533
552371,dct_mid_nontargeted_white_box_eps0.0627_iter1,0.5454545454545455,0.27272727272727276,0.99913126,58.08038726542868,0.99982750415802,0.9999405145645142,0.01877599023282528,0.000186920166015625,325462,0.00215629,0.0012443679152056575,0.0012435424141585827,0.0012341608526185155
361919,dct_mid_nontargeted_white_box_eps0.0627_iter3,0.24242424242424246,0.1954545454545455,0.9949923,50.99382207473751,0.9988531470298767,0.9992581009864807,0.09372229874134064,0.003921031951904297,332379,0.0046428437,0.0025821751914918423,0.0024707913398742676,0.0025251281913369894
138115,dct_mid_nontargeted_white_box_eps0.0627_iter2,1.0000000000000002,0.5000000000000001,0.9971134,54.40286312854434,0.9994418025016785,0.9995474219322205,0.06445560604333878,0.0018943548202514648,195488,0.002954827,0.0014610972721129656,0.0014563845470547676,0.001431184122338891
114871,dct_mid_nontargeted_white_box_eps0.0627_iter2,0.5000000000000001,0.3333333333333334,0.9969966,54.429914491268036,0.9993816614151001,0.9989442229270935,0.07477615028619766,0.0036313533782958984,209350,0.0029810823,0.0014452796895056963,0.001430393778719008,0.001438311766833067
374369,dct_mid_nontargeted_white_box_eps0.0627_iter4,1.0000000000000002,0.5000000000000001,0.9915286,50.348281575144604,0.9981303215026855,0.9972819089889526,0.15115372836589813,0.014645636081695557,322762,0.0048377253,0.0025217842776328325,0.0023578896652907133,0.0024012415669858456
123213,dct_mid_nontargeted_white_box_eps0.0627_iter7,0.7272727272727273,0.6195286195286197,0.98741084,45.83048932800483,0.9970969557762146,0.998620331287384,0.1435208022594452,0.016232013702392578,387902,0.008169886,0.0044356524012982845,0.004155874717980623,0.004330754745751619
357742,dct_mid_nontargeted_white_box_eps0.0627_iter1,1.0000000000000002,0.6666666666666669,0.9987822,58.0428539097624,0.9997321963310242,0.999487578868866,0.022977860644459724,0.0005481243133544922,332840,0.0021693471,0.0012512261746451259,0.001251725247129798,0.001251400914043188
439854,dct_mid_nontargeted_white_box_eps0.0627_iter1,0.6590909090909092,0.5454545454545455,0.9986596,58.04769059048594,0.9997267723083496,0.9997446537017822,0.02278505638241768,0.0006399750709533691,319075,0.002167988,0.0012441989965736866,0.0012527122162282467,0.0012532859109342098
465836,dct_mid_nontargeted_white_box_eps0.0627_iter5,0.5454545454545455,0.5000000000000001,0.9932928,48.70474170088237,0.9986540079116821,0.9993687272071838,0.08585427701473236,0.00771409273147583,370027,0.005918592,0.0031766456086188555,0.003075928892940283,0.003110524034127593
414385,dct_mid_nontargeted_white_box_eps0.0627_iter3,0.8484848484848486,0.8424242424242426,0.9949755,51.602806760160604,0.9989171028137207,0.9988638162612915,0.0756504237651825,0.003235459327697754,333625,0.004309124,0.0023303255438804626,0.002276147250086069,0.002346229739487171
322724,dct_mid_nontargeted_white_box_eps0.0627_iter3,1.0000000000000002,0.6666666666666669,0.994459,51.21850673798715,0.9987620115280151,0.9989740252494812,0.09442591667175293,0.005753457546234131,337371,0.0044899695,0.0024226298555731773,0.0023600440472364426,0.0024148481898009777
320664,dct_mid_nontargeted_white_box_eps0.0627_iter3,0.4000000000000001,0.3571428571428572,0.9962184,51.263115912425015,0.9992395639419556,0.999678909778595,0.05854606628417969,0.001163184642791748,334438,0.004501523,0.002445224905386567,0.0023981533013284206,0.002437231130897999
481390,dct_mid_nontargeted_white_box_eps0.0627_iter5,0.14545454545454548,0.14393939393939395,0.99406654,47.0102183406427,0.9987553954124451,0.9993550777435303,0.06284715980291367,0.004223823547363281,384600,0.0072797923,0.0039434111677110195,0.0038213846273720264,0.003956011962145567
276434,dct_mid_nontargeted_white_box_eps0.0627_iter1,0.3090909090909092,0.2575757575757576,0.99894613,58.057573322002426,0.9998005628585815,0.9998898506164551,0.01760346069931984,0.0003165602684020996,320742,0.0021652654,0.0012430499773472548,0.0012512934627011418,0.0012473254464566708
579635,dct_mid_nontargeted_white_box_eps0.0627_iter5,1.0000000000000002,0.7500000000000002,0.98924917,48.119861538980075,0.9972955584526062,0.9976474046707153,0.1560135930776596,0.018359899520874023,377796,0.0064064874,0.003402036614716053,0.003359962720423937,0.003407582640647888
295316,dct_mid_nontargeted_white_box_eps0.0627_iter4,0.5,0.4545454545454546,0.9916368,48.95412821506902,0.9979658126831055,0.9989275932312012,0.09838807582855225,0.010831236839294434,369886,0.005874319,0.0029612137004733086,0.002973714144900441,0.0031197653152048588
571313,dct_mid_nontargeted_white_box_eps0.0627_iter4,0.5000000000000001,0.4615384615384616,0.993437,49.880850379827194,0.9986625909805298,0.9989558458328247,0.0970359742641449,0.005588173866271973,340788,0.0051599406,0.002649263245984912,0.0025273580104112625,0.0026373788714408875
183127,dct_mid_nontargeted_white_box_eps0.0627_iter6,1.0000000000000002,0.6666666666666669,0.9895039,47.96866845804623,0.997471809387207,0.998448371887207,0.14150595664978027,0.027246594429016113,365691,0.006388447,0.0032524741254746914,0.0031500658951699734,0.0032113632187247276
115898,dct_mid_nontargeted_white_box_eps0.0627_iter7,1.0000000000000002,0.5000000000000001,0.9911291,46.36285280132892,0.9977890849113464,0.9991758465766907,0.10894186794757843,0.01275777816772461,392205,0.0077402717,0.00405582832172513,0.003956776112318039,0.004107293672859669
146358,dct_mid_nontargeted_white_box_eps0.0627_iter4,0.6931818181818183,0.6625000000000001,0.9937396,49.54999947113684,0.9987233877182007,0.999153733253479,0.10972008109092712,0.0051691532135009766,348253,0.005378154,0.002800584537908435,0.0026459945365786552,0.002753607928752899
329542,dct_mid_nontargeted_white_box_eps0.0627_iter1,0.3333333333333334,0.25000000000000006,0.9990856,58.034807591585256,0.9998446702957153,0.9999034404754639,0.010238277725875378,0.0006080865859985352,284422,0.0021717814,0.0012537367874756455,0.0012535747373476624,0.0012540079187601805
189752,dct_mid_nontargeted_white_box_eps0.0627_iter1,0.5795454545454546,0.5170454545454546,0.99918556,58.04569893133771,0.999849259853363,0.999940812587738,0.00987456738948822,0.00020998716354370117,331980,0.0021686945,0.0012519435258582234,0.0012525090714916587,0.0012474600225687027
290163,dct_mid_nontargeted_white_box_eps0.0627_iter4,0.3454545454545455,0.318939393939394,0.99389666,49.29496191262105,0.9989320039749146,0.9993440508842468,0.06436660885810852,0.0022737979888916016,351413,0.0055596144,0.002869333839043975,0.002835314953699708,0.002845054492354393
91406,dct_mid_nontargeted_white_box_eps0.0627_iter1,0.393939393939394,0.3887445887445888,0.99891883,58.044593284997205,0.9997864961624146,0.9999091029167175,0.01700012758374214,0.0011034011840820312,323903,0.002168932,0.0012506054481491446,0.0012513723922893405,0.001250894507393241
322352,dct_mid_nontargeted_white_box_eps0.0627_iter4,0.5818181818181819,0.24603174603174605,0.99507284,49.31126211293892,0.9990265369415283,0.9994228482246399,0.06894318759441376,0.0037804841995239258,354048,0.005546605,0.0028933880385011435,0.0027761615347117186,0.0028519812040030956
223959,dct_mid_nontargeted_white_box_eps0.0627_iter2,1.0000000000000002,0.6666666666666669,0.9974615,54.29466537836065,0.9994804859161377,0.9997419714927673,0.0473003126680851,0.001110076904296875,222598,0.0030671584,0.0014983289875090122,0.001475258613936603,0.0014772394206374884
326248,dct_mid_nontargeted_white_box_eps0.0627_iter3,0.20454545454545456,0.19699675324675328,0.9961848,50.89984033807181,0.9992672801017761,0.9996471405029297,0.07080527395009995,0.0038738250732421875,329430,0.004697386,0.0026125898584723473,0.0024922217708081007,0.002570095006376505
218439,dct_mid_nontargeted_white_box_eps0.0627_iter2,0.5303030303030304,0.3535353535353536,0.9979941,53.72834074697528,0.9996098279953003,0.9998245239257812,0.03402293100953102,0.0011627674102783203,254985,0.0033526786,0.0017134513473138213,0.0016595014603808522,0.0017008306458592415
453722,dct_mid_nontargeted_white_box_eps0.0627_iter2,0.6666666666666669,0.5000000000000001,0.9976674,53.6370336625255,0.9994950294494629,0.9998231530189514,0.051864832639694214,0.0014284849166870117,276753,0.003453011,0.0017315872246399522,0.0017126834718510509,0.0017363117076456547
293625,dct_mid_nontargeted_white_box_eps0.0627_iter16,0.2575757575757576,0.2454545454545455,0.9695918,42.68083928550514,0.9939658045768738,0.9958187341690063,0.21011598408222198,0.039130568504333496,396320,0.011396931,0.005874088034033775,0.005689090583473444,0.005838204175233841
411817,dct_mid_nontargeted_white_box_eps0.0627_iter1,0.9545454545454548,0.9517045454545456,0.99919534,58.09607097409539,0.9998583197593689,0.9999302625656128,0.009468749165534973,0.0006246566772460938,326361,0.002151159,0.0012360375840216875,0.0012382927816361189,0.0012343194102868438
546964,dct_mid_nontargeted_white_box_eps0.0627_iter1,0.45454545454545464,0.33116883116883117,0.9992995,58.06459074350357,0.9998699426651001,0.9999516606330872,0.0068391356617212296,0.00023418664932250977,335411,0.002163451,0.0012491707457229495,0.0012355948565527797,0.0012508592335507274
215259,dct_mid_nontargeted_white_box_eps0.0627_iter5,0.4848484848484849,0.3636363636363637,0.9907095,48.54355106363521,0.9981212615966797,0.9986338019371033,0.12645108997821808,0.00747835636138916,358821,0.0059524453,0.00324064283631742,0.0031099235638976097,0.003173079574480653
573094,dct_mid_nontargeted_white_box_eps0.0627_iter1,0.4285714285714287,0.31818181818181823,0.9989428,58.05509236709189,0.9998003840446472,0.9998806118965149,0.013816522434353828,0.0008850693702697754,321036,0.002164335,0.0012475134572014213,0.0012472260277718306,0.0012490603839978576
560011,dct_mid_nontargeted_white_box_eps0.0627_iter10,0.3333333333333334,0.28571428571428575,0.9814949,46.84469070052703,0.9959785342216492,0.9880030155181885,0.2925163209438324,0.06564998626708984,362187,0.0070215547,0.003638959489762783,0.003436747705563903,0.0035643898881971836
38576,dct_mid_nontargeted_white_box_eps0.0627_iter2,0.8484848484848486,0.7828282828282829,0.9969938,53.71871158231957,0.9994678497314453,0.9994521737098694,0.07255876064300537,0.002501547336578369,213335,0.003297577,0.0017113150097429752,0.0016745526809245348,0.0016972629819065332
147729,dct_mid_nontargeted_white_box_eps0.0627_iter1,0.8181818181818183,0.5411255411255412,0.998811,58.03456606913289,0.9997445344924927,0.9996817708015442,0.031134359538555145,0.0015447735786437988,311363,0.0021718454,0.0012537934817373753,0.0012539711315184832,0.0012537911534309387
579307,dct_mid_nontargeted_white_box_eps0.0627_iter3,0.5151515151515152,0.38636363636363646,0.9963946,51.81679580258374,0.9992374777793884,0.9994922280311584,0.059164490550756454,0.0016172528266906738,329368,0.004176683,0.0022622705437242985,0.0022281475830823183,0.0022663832642138004
154425,dct_mid_nontargeted_white_box_eps0.0627_iter5,1.0000000000000002,0.6666666666666669,0.993582,48.08655904701958,0.998590350151062,0.9993019104003906,0.08877761662006378,0.010639667510986328,377994,0.0063586365,0.003452204866334796,0.003289323765784502,0.003354012966156006
432898,dct_mid_nontargeted_white_box_eps0.0627_iter8,0.1772727272727273,0.16570466570466572,0.9839569,45.463279884602485,0.9963774681091309,0.9976784586906433,0.14552968740463257,0.0226668119430542,385303,0.008457558,0.0043664840050041676,0.004274736624211073,0.004379103891551495
404923,dct_mid_nontargeted_white_box_eps0.0627_iter2,1.0000000000000002,0.3454545454545455,0.9979903,53.6349976828535,0.9994831085205078,0.9997618794441223,0.0433221235871315,0.000666499137878418,267270,0.0034407994,0.0017469108570367098,0.0016982165398076177,0.0017349262489005923
130586,dct_mid_nontargeted_white_box_eps0.0627_iter6,1.0000000000000002,0.6666666666666669,0.9914634,46.96832920680056,0.9979060888290405,0.9982250332832336,0.1287860870361328,0.0064781904220581055,376742,0.0070658433,0.003693818347528577,0.0034516488667577505,0.003658195026218891
163057,dct_mid_nontargeted_white_box_eps0.0627_iter8,0.3203463203463204,0.26742470492470494,0.9861606,44.71429240908453,0.9964055418968201,0.9979254603385925,0.13123252987861633,0.02801060676574707,390331,0.009272,0.004842783324420452,0.00470414012670517,0.004817137960344553
7511,dct_mid_nontargeted_white_box_eps0.0627_iter9,0.27272727272727276,0.2121212121212121,0.9839167,44.617700318732545,0.9961609840393066,0.9981783628463745,0.11814950406551361,0.019723236560821533,394145,0.009342519,0.00490829162299633,0.004776970949023962,0.004913241136819124
67406,dct_mid_nontargeted_white_box_eps0.0627_iter9,1.0000000000000002,0.4000000000000001,0.9789365,45.68749040723277,0.994972825050354,0.9836912155151367,0.23926495015621185,0.0488165020942688,385287,0.008184896,0.00440260162577033,0.004068760201334953,0.0043258159421384335
290179,dct_mid_nontargeted_white_box_eps0.0627_iter3,0.2575757575757576,0.22077922077922082,0.99536294,50.6575435859531,0.9989004135131836,0.9996205568313599,0.08242424577474594,0.005057156085968018,356289,0.004891199,0.002681547310203314,0.00258225598372519,0.0026973814237862825
248752,dct_mid_nontargeted_white_box_eps0.0627_iter2,0.7500000000000002,0.3333333333333334,0.99738103,54.646520391275544,0.999466598033905,0.9996976852416992,0.05254870280623436,0.001740574836730957,200660,0.0028640153,0.001388213480822742,0.0013546716654673219,0.0013605031417682767
54593,dct_mid_nontargeted_white_box_eps0.0627_iter9,0.46464646464646475,0.3925619834710744,0.9883297,43.743879069909106,0.9968361258506775,0.9986884593963623,0.11643604934215546,0.0154799222946167,400083,0.01038385,0.00548560032621026,0.005406683310866356,0.005437091458588839
116208,dct_mid_nontargeted_white_box_eps0.0627_iter10,0.3766233766233767,0.3712121212121212,0.9846761,42.840488841721694,0.9971489906311035,0.9983813762664795,0.11556097865104675,0.014135181903839111,394989,0.011466209,0.006023596506565809,0.005857968237251043,0.0059811025857925415
340697,dct_mid_nontargeted_white_box_eps0.0627_iter3,0.71900826446281,0.6787140310669723,0.99663824,51.30495396936866,0.9993759989738464,0.9997235536575317,0.061047762632369995,0.0034853219985961914,320008,0.004441131,0.0024505723267793655,0.0023806311655789614,0.0024081391748040915
450303,dct_mid_nontargeted_white_box_eps0.0627_iter2,0.6753246753246754,0.6250000000000001,0.9968531,53.41610510414911,0.9993970394134521,0.9996019601821899,0.05814274773001671,0.003156900405883789,255836,0.0035363839,0.0018280845833942294,0.0017995312809944153,0.0018206062959507108
494427,dct_mid_nontargeted_white_box_eps0.0627_iter1,0.5000000000000001,0.3333333333333334,0.99884194,58.04207445823364,0.9997682571411133,0.9997820854187012,0.024966802448034286,0.0009557604789733887,300981,0.0021697618,0.001249738852493465,0.001253648428246379,0.0012516428250819445
137294,dct_mid_nontargeted_white_box_eps0.0627_iter3,0.27272727272727276,0.1333333333333333,0.99554497,51.28904454862831,0.9990994334220886,0.9994568228721619,0.0869048684835434,0.00465625524520874,322194,0.0044569136,0.0024582380428910255,0.002365619409829378,0.002436873270198703
410880,dct_mid_nontargeted_white_box_eps0.0627_iter2,0.3333333333333334,0.28571428571428575,0.9976571,53.70397844541667,0.9995555877685547,0.9997720122337341,0.04464901238679886,0.0012819766998291016,248925,0.0033858812,0.0017268045339733362,0.0016780452569946647,0.0016956430627033114
91654,dct_mid_nontargeted_white_box_eps0.0627_iter4,0.3333333333333334,0.0,0.99463487,50.26439953180191,0.9990193247795105,0.9993340373039246,0.06537759304046631,0.005954265594482422,320556,0.0048649386,0.0024872543290257454,0.0024204268120229244,0.0024388227611780167
181796,dct_mid_nontargeted_white_box_eps0.0627_iter1,0.46753246753246763,0.44318181818181823,0.99889374,58.038976525196595,0.9997752904891968,0.9999175667762756,0.0150716258212924,0.00032907724380493164,332706,0.0021705802,0.0012534135021269321,0.0012530552921816707,0.0012512609828263521
2431,dct_mid_nontargeted_white_box_eps0.0627_iter1,0.6233766233766235,0.5454545454545455,0.9988448,58.03505129174917,0.999779224395752,0.9998654723167419,0.023149194195866585,0.0008922815322875977,303522,0.0021716834,0.0012534908019006252,0.0012539023300632834,0.001253727707080543
349184,dct_mid_nontargeted_white_box_eps0.0627_iter3,0.15656565656565655,0.12987012987012989,0.99701023,51.33957533364273,0.9993812441825867,0.9996827244758606,0.05981196463108063,0.0011374354362487793,338921,0.004448911,0.002451407490298152,0.0023523522540926933,0.0024038550909608603
298396,dct_mid_nontargeted_white_box_eps0.0627_iter3,0.28099173553719015,0.2797202797202798,0.9964153,50.55328796742227,0.9992483854293823,0.9997116923332214,0.05286649614572525,0.002083718776702881,340868,0.0049565276,0.0027209180407226086,0.0026592558715492487,0.0026986117009073496
472046,dct_mid_nontargeted_white_box_eps0.0627_iter2,0.393939393939394,0.3223140495867769,0.9966287,53.098727697251235,0.9993083477020264,0.9996821284294128,0.07189959287643433,0.0035195350646972656,281129,0.0037311295,0.0019721260759979486,0.0019283619476482272,0.001960775116458535
74058,dct_mid_nontargeted_white_box_eps0.0627_iter3,0.32386363636363635,0.31060606060606066,0.9964022,51.03778985901984,0.999250590801239,0.9995474219322205,0.08328024297952652,0.006047487258911133,318276,0.0045684935,0.0025096649769693613,0.0024308220017701387,0.0024879409465938807
58029,dct_mid_nontargeted_white_box_eps0.0627_iter3,1.0000000000000002,0.5000000000000001,0.995038,51.91849681665626,0.9990260004997253,0.998991847038269,0.07824108004570007,0.007524967193603516,310559,0.0041084657,0.002241530455648899,0.0021920097060501575,0.0022315906826406717
134096,dct_mid_nontargeted_white_box_eps0.0627_iter6,0.3333333333333334,0.29220779220779225,0.9915833,47.37180600075848,0.9982231855392456,0.9989075064659119,0.09217002987861633,0.009582757949829102,363133,0.0067936443,0.003547893138602376,0.003417839063331485,0.0034501224290579557
111951,dct_mid_nontargeted_white_box_eps0.0627_iter1,0.6666666666666669,0.5000000000000001,0.99886996,58.11241810676029,0.9997997283935547,0.9998838901519775,0.018209777772426605,0.00031936168670654297,294561,0.0021505873,0.0012207290856167674,0.001253481488674879,0.0012205020757392049
103585,dct_mid_nontargeted_white_box_eps0.0627_iter2,1.0000000000000002,0.7500000000000002,0.9963266,53.52239273344503,0.9992513060569763,0.9993964433670044,0.07532154023647308,0.0026192665100097656,248055,0.0034774297,0.001807027030736208,0.0017385827377438545,0.001771755050867796
210273,dct_mid_nontargeted_white_box_eps0.0627_iter10,0.3801652892561984,0.37467985096443596,0.96528226,43.96379548176449,0.9959945678710938,0.9973176121711731,0.18721364438533783,0.031101107597351074,367105,0.00978943,0.005170745309442282,0.004835824482142925,0.004990444052964449
446651,dct_mid_nontargeted_white_box_eps0.0627_iter2,0.8787878787878789,0.8030303030303031,0.9968562,53.81387065853582,0.9994990229606628,0.99970543384552,0.06320265680551529,0.0014327764511108398,227585,0.0032917792,0.0017198894638568163,0.0016086739487946033,0.0016623490955680609
194875,dct_mid_nontargeted_white_box_eps0.0627_iter14,0.24242424242424246,0.2322384404199068,0.9733365,41.254504762167834,0.9956027865409851,0.9968158602714539,0.1142098605632782,0.010648012161254883,397066,0.013497014,0.007011165842413902,0.006883795373141766,0.007080834358930588
52017,dct_mid_nontargeted_white_box_eps0.0627_iter11,0.5000000000000001,0.33333333333333337,0.97585106,45.66107728640722,0.9944406747817993,0.9772465229034424,0.3117499053478241,0.0634009838104248,384812,0.008163359,0.004396191332489252,0.004156260285526514,0.004188863560557365
336309,dct_mid_nontargeted_white_box_eps0.0627_iter4,1.0000000000000002,0.5000000000000001,0.9930787,51.37743792938253,0.9984569549560547,0.9976596236228943,0.13206155598163605,0.01691824197769165,297501,0.0042470936,0.002077181125059724,0.002042930806055665,0.0020770286209881306
227478,dct_mid_nontargeted_white_box_eps0.0627_iter1,0.2272727272727273,0.18181818181818182,0.99942046,58.04236074019866,0.9998752474784851,0.9999583959579468,0.006579756736755371,0.0005103349685668945,343431,0.0021694647,0.001252413960173726,0.0012523955665528774,0.0012499891454353929
339870,dct_mid_nontargeted_white_box_eps0.0627_iter2,0.7727272727272729,0.38636363636363646,0.99740213,54.28265449543861,0.9994707107543945,0.9994800686836243,0.060604605823755264,0.0039261579513549805,217233,0.0030530405,0.0014894981868565083,0.0014804014936089516,0.0014923842390999198
80666,dct_mid_nontargeted_white_box_eps0.0627_iter5,0.5000000000000001,0.3750000000000001,0.99498993,47.99548854502738,0.999180018901825,0.9992506504058838,0.018001992255449295,0.0022734403610229492,375009,0.0064464654,0.003411412937566638,0.0034202472306787968,0.0033722491934895515
33707,dct_mid_nontargeted_white_box_eps0.0627_iter2,0.5454545454545455,0.18181818181818185,0.9986761,53.768672763847185,0.9997507333755493,0.9998903274536133,0.01612134836614132,0.0006924271583557129,245811,0.0033441067,0.0016856235451996326,0.0016672521596774459,0.0016706411261111498
327601,dct_mid_nontargeted_white_box_eps0.0627_iter8,0.5000000000000001,0.3214285714285715,0.9859435,46.22468353057633,0.9969393610954285,0.998443067073822,0.15763449668884277,0.01443624496459961,373885,0.0076691234,0.003974085673689842,0.0037990391720086336,0.0039145974442362785
255749,dct_mid_nontargeted_white_box_eps0.0627_iter1,1.0000000000000002,0.6666666666666669,0.9983738,58.52056640400147,0.9997538924217224,0.999265730381012,0.04309145361185074,0.0015958547592163086,210714,0.0019647737,0.0011211249511688948,0.0011211831588298082,0.0011210085358470678
8762,dct_mid_nontargeted_white_box_eps0.0627_iter6,0.40909090909090917,0.380952380952381,0.98524565,47.86448805333431,0.9966136813163757,0.9874683022499084,0.21241793036460876,0.033592939376831055,356942,0.006398741,0.0033389288000762463,0.0031952783465385437,0.003234952688217163
526392,dct_mid_nontargeted_white_box_eps0.0627_iter2,0.7272727272727274,0.4848484848484849,0.9974167,53.80524339595052,0.9994895458221436,0.9997350573539734,0.06342437863349915,0.002301335334777832,235251,0.003306767,0.0016973760211840272,0.001622697222046554,0.0016604034462943673
535578,dct_mid_nontargeted_white_box_eps0.0627_iter8,0.7272727272727274,0.41919191919191917,0.9920642,44.63619101013161,0.9978858828544617,0.9989985227584839,0.09588177502155304,0.012246251106262207,386724,0.009296399,0.004958391189575195,0.004631931893527508,0.004804423078894615
580757,dct_mid_nontargeted_white_box_eps0.0627_iter1,1.0000000000000002,0.5000000000000001,0.9990613,58.0516615607052,0.9998094439506531,0.9999217391014099,0.011068712919950485,0.00019061565399169922,337027,0.0021667439,0.0012482722522690892,0.001249434775672853,0.0012490416411310434
165039,dct_mid_nontargeted_white_box_eps0.0627_iter5,0.6363636363636365,0.4774891774891776,0.9896473,47.1172628162697,0.9977145195007324,0.9988886117935181,0.12353935837745667,0.010930359363555908,388416,0.0072469898,0.003899164265021682,0.003797766286879778,0.0039020776748657227
148719,dct_mid_nontargeted_white_box_eps0.0627_iter2,0.5151515151515152,0.4848484848484849,0.99809736,52.82030543685116,0.9995536804199219,0.9998823404312134,0.03566328063607216,0.00045013427734375,328977,0.0038940303,0.0020973694045096636,0.002058684825897217,0.0020929190795868635
108440,dct_mid_nontargeted_white_box_eps0.0627_iter4,0.5000000000000001,0.3333333333333334,0.99326855,49.91435982919921,0.998645007610321,0.9994272589683533,0.09111648052930832,0.005344748497009277,346021,0.0051950603,0.002608516253530979,0.002545311814174056,0.0026463335379958153
489842,dct_mid_nontargeted_white_box_eps0.0627_iter5,0.35984848484848486,0.25944541569541574,0.99583983,47.130797734549446,0.9992656111717224,0.9995165467262268,0.03635026514530182,0.007228076457977295,386102,0.007224291,0.0038396089803427458,0.0039040553383529186,0.0038462281227111816
579818,dct_mid_nontargeted_white_box_eps0.0627_iter1,0.5000000000000001,0.25000000000000006,0.99894196,58.04089264642827,0.9997806549072266,0.9999176263809204,0.015074390918016434,0.00017780065536499023,344296,0.0021699618,0.0012525677448138595,0.0012523913756012917,0.0012511122040450573
423229,dct_mid_nontargeted_white_box_eps0.0627_iter11,0.3333333333333334,0.21948051948051953,0.98227835,42.54843054787806,0.9955493807792664,0.9984267950057983,0.16564665734767914,0.034571826457977295,401783,0.011938133,0.006353107746690512,0.006033513695001602,0.006268671713769436
323828,dct_mid_nontargeted_white_box_eps0.0627_iter2,0.3333333333333334,0.17045454545454547,0.99805945,53.78207334645711,0.9995326399803162,0.9998987913131714,0.044676028192043304,0.0008184313774108887,281481,0.0033725742,0.0016884490614756942,0.0016478464240208268,0.0016741110011935234
166287,dct_mid_nontargeted_white_box_eps0.0627_iter4,0.9121212121212123,0.6164141414141416,0.9926672,49.767360219394575,0.9983658194541931,0.9990176558494568,0.10643333941698074,0.012955963611602783,342547,0.005227642,0.0026754222344607115,0.002605399116873741,0.0026420054491609335
101420,dct_mid_nontargeted_white_box_eps0.0627_iter3,1.0000000000000002,0.6666666666666669,0.99585074,51.73832896208927,0.9991968870162964,0.9995009303092957,0.06629228591918945,0.0033686161041259766,307408,0.0041933022,0.002301698550581932,0.002255778294056654,0.0022720317356288433
334555,dct_mid_nontargeted_white_box_eps0.0627_iter8,0.40909090909090917,0.40387205387205394,0.9834716,44.616152933651875,0.9962797164916992,0.9986526370048523,0.14532625675201416,0.013002455234527588,393585,0.009479022,0.004988984204828739,0.00475767208263278,0.004897154867649078
196759,dct_mid_nontargeted_white_box_eps0.0627_iter3,1.0000000000000002,0.5000000000000001,0.99483615,51.11410554994742,0.9990018606185913,0.9993780255317688,0.07408595085144043,0.0036917924880981445,310683,0.0045691743,0.002492333296686411,0.002440790878608823,0.0024921176955103874
61418,dct_mid_nontargeted_white_box_eps0.0627_iter2,0.6363636363636365,0.31818181818181823,0.99791104,53.37660859732721,0.9995629787445068,0.9998618364334106,0.047290243208408356,0.0008938312530517578,258146,0.0035751218,0.0018458706326782703,0.0018153226701542735,0.0018358833622187376
526751,dct_mid_nontargeted_white_box_eps0.0627_iter2,0.27272727272727276,0.18181818181818185,0.9972423,53.17744672924537,0.9993246793746948,0.9997718334197998,0.060419321060180664,0.002597332000732422,302539,0.0036995942,0.0019395784474909306,0.0018907359335571527,0.0019266579765826464
277020,dct_mid_nontargeted_white_box_eps0.0627_iter11,0.4242424242424243,0.3463203463203464,0.9692889,44.60753440374149,0.9954254031181335,0.9928066730499268,0.24416205286979675,0.04649341106414795,361639,0.008892927,0.004802061710506678,0.00448988564312458,0.004680030979216099
47828,dct_mid_nontargeted_white_box_eps0.0627_iter2,0.8787878787878789,0.7045454545454547,0.9969814,54.26097263442007,0.9993423223495483,0.9966567754745483,0.11445803940296173,0.0037952661514282227,212115,0.0030450705,0.0015330682508647442,0.0014599246205762029,0.001493213465437293
183716,dct_mid_nontargeted_white_box_eps0.0627_iter3,0.6666666666666669,0.5000000000000001,0.99588466,51.3994792870767,0.999239444732666,0.9995235204696655,0.06106480583548546,0.001918792724609375,307778,0.004384151,0.0024127019569277763,0.002341975225135684,0.002379514742642641
271997,dct_mid_nontargeted_white_box_eps0.0627_iter3,1.0000000000000002,0.6666666666666669,0.9957437,52.41508641509897,0.9991397857666016,0.9994455575942993,0.06806813180446625,0.0028415322303771973,319693,0.003877587,0.0021020991262048483,0.0020790284033864737,0.0020700625609606504
8532,dct_mid_nontargeted_white_box_eps0.0627_iter1,1.0000000000000002,0.6666666666666669,0.99877256,58.03465472556299,0.9997479319572449,0.9998061060905457,0.03170430660247803,0.0008036494255065918,312791,0.0021718114,0.0012539668241515756,0.0012538561131805182,0.0012536426074802876
94336,dct_mid_nontargeted_white_box_eps0.0627_iter9,0.5000000000000001,0.25000000000000006,0.9795031,45.66990060613093,0.9965459704399109,0.9972182512283325,0.18094317615032196,0.027083873748779297,373257,0.008092045,0.0042975787073373795,0.004148285370320082,0.004252446815371513
390555,dct_mid_nontargeted_white_box_eps0.0627_iter5,0.3208754208754209,0.28795330841366645,0.9951696,47.68490860663899,0.998945415019989,0.9995571970939636,0.07833386957645416,0.0084151029586792,380994,0.0066359485,0.0036111874505877495,0.003503254381939769,0.003546488471329212
250282,dct_mid_nontargeted_white_box_eps0.0627_iter8,0.11363636363636365,0.10978084415584416,0.99206465,45.40043166667465,0.9984669089317322,0.9991286396980286,0.12156639993190765,0.014288067817687988,371064,0.008339698,0.004349174443632364,0.004235772415995598,0.004280783701688051
68409,dct_mid_nontargeted_white_box_eps0.0627_iter1,0.4848484848484849,0.4669421487603307,0.9989211,58.04934803450952,0.9997448921203613,0.9937284588813782,0.018045540899038315,0.00018930435180664062,358717,0.002167509,0.0012483129976317286,0.0012492801761254668,0.0012511840322986245
2299,dct_mid_nontargeted_white_box_eps0.0627_iter14,0.16666666666666669,0.1647721326292755,0.9836286,42.16634858467589,0.9970229864120483,0.9981997609138489,0.1877046376466751,0.03952997922897339,388476,0.011806982,0.006213508080691099,0.00599508685991168,0.006059108301997185
11051,dct_mid_nontargeted_white_box_eps0.0627_iter2,1.0000000000000002,0.6666666666666669,0.9969821,54.026448499753144,0.9994162321090698,0.9993146061897278,0.056138645857572556,0.005768299102783203,214186,0.0031620704,0.0015852745855227113,0.0015723344404250383,0.0015775386709719896
66038,dct_mid_nontargeted_white_box_eps0.0627_iter1,0.6136363636363638,0.5036363636363637,0.9992766,58.10641050814815,0.9998456239700317,0.999936044216156,0.009619586169719696,0.00012201070785522461,338484,0.0021512734,0.0012182131176814437,0.0012440524296835065,0.0012375559890642762
360960,dct_mid_nontargeted_white_box_eps0.0627_iter2,0.9090909090909093,0.643939393939394,0.99664,53.884196849103496,0.9993524551391602,0.9993427991867065,0.0733913779258728,0.0029894113540649414,221361,0.0032444992,0.0016577520873397589,0.001596917980350554,0.0016472636489197612
504589,dct_mid_nontargeted_white_box_eps0.0627_iter2,1.0000000000000002,0.6666666666666669,0.9976253,53.3350470700747,0.9994533061981201,0.9998053908348083,0.04973239079117775,0.0017849206924438477,296612,0.0036094692,0.0019332757219672203,0.0018059680005535483,0.0018136835424229503
464522,dct_mid_nontargeted_white_box_eps0.0627_iter1,0.5454545454545455,0.27272727272727276,0.99895716,58.08548796537434,0.9998060464859009,0.9998891949653625,0.023766949772834778,0.0010466575622558594,301828,0.0021542264,0.0012399801053106785,0.0012413895456120372,0.0012363329296931624
454750,dct_mid_nontargeted_white_box_eps0.0627_iter6,1.0000000000000002,0.3333333333333334,0.9916098,47.41430800626368,0.9982358813285828,0.998541533946991,0.12928812205791473,0.014634490013122559,359009,0.0067016156,0.003496297402307391,0.0033460762351751328,0.0034191387239843607
509735,dct_mid_nontargeted_white_box_eps0.0627_iter8,1.0000000000000002,0.5000000000000001,0.98919934,44.659395884612856,0.9970006346702576,0.9991799592971802,0.11121159791946411,0.014331698417663574,395285,0.009432826,0.004919508472084999,0.004768273793160915,0.004885049071162939
23034,dct_mid_nontargeted_white_box_eps0.0627_iter5,0.6666666666666669,0.5000000000000001,0.9924628,47.72346605617066,0.9982701539993286,0.9993693232536316,0.10519514977931976,0.01232236623764038,383657,0.006694953,0.0035912906751036644,0.003496982157230377,0.003583519486710429
141671,dct_mid_nontargeted_white_box_eps0.0627_iter1,0.36363636363636365,0.24242424242424246,0.9989894,58.03471072464696,0.9997832179069519,0.9999521374702454,0.017019275575876236,0.0008394718170166016,332067,0.0021717541,0.0012538065202534199,0.0012538188602775335,0.0012538034934550524
506656,dct_mid_nontargeted_white_box_eps0.0627_iter5,0.4545454545454546,0.4155844155844156,0.9910558,47.95003179134012,0.9979722499847412,0.9988070130348206,0.10142963379621506,0.005500137805938721,379760,0.0065239943,0.0034697961527854204,0.0034040885511785746,0.003486759029328823
272566,dct_mid_nontargeted_white_box_eps0.0627_iter1,0.36363636363636365,0.3257575757575757,0.99942666,58.07958452355193,0.999873161315918,0.9999751448631287,0.006695977877825499,8.052587509155273e-05,358781,0.0021592556,0.0012414137599989772,0.0012482092715799809,0.0012331256875768304
424551,dct_mid_nontargeted_white_box_eps0.0627_iter7,1.0000000000000002,0.4242424242424243,0.9881746,46.818917209347106,0.9972006678581238,0.9986000061035156,0.1274528056383133,0.01774972677230835,383708,0.0072742035,0.003850114531815052,0.003765226574614644,0.0037942861672490835
341719,dct_mid_nontargeted_white_box_eps0.0627_iter7,0.7272727272727275,0.6450216450216452,0.9867685,45.57582324865095,0.9965806007385254,0.9988939166069031,0.11899921298027039,0.0172879695892334,397629,0.008584287,0.004551934078335762,0.004419268108904362,0.004505356773734093
72795,dct_mid_nontargeted_white_box_eps0.0627_iter2,0.5393939393939394,0.4318587662337663,0.9982174,53.19932587178435,0.9996129274368286,0.9998602271080017,0.03370724618434906,0.001204371452331543,297811,0.003672769,0.0019425610080361366,0.0018668107222765684,0.0019181251991540194
417285,dct_mid_nontargeted_white_box_eps0.0627_iter13,0.3333333333333334,0.255952380952381,0.9749188,43.48073878375904,0.9952022433280945,0.996566891670227,0.26246553659439087,0.03843080997467041,390648,0.010241871,0.005630000028759241,0.005155770108103752,0.005210088565945625
2157,dct_mid_nontargeted_white_box_eps0.0627_iter3,0.34848484848484856,0.3267045454545455,0.9958587,50.92022433558186,0.999201774597168,0.9996085166931152,0.07611739635467529,0.0023778676986694336,320800,0.0046810657,0.002599272644147277,0.0025083902291953564,0.0025459174066781998
43816,dct_mid_nontargeted_white_box_eps0.0627_iter4,1.0000000000000002,0.8000000000000002,0.99470204,49.20973900509806,0.998630940914154,0.9992181062698364,0.08761340379714966,0.008570075035095215,358510,0.0056483853,0.002970541827380657,0.0027851760387420654,0.002941540675237775
455555,dct_mid_nontargeted_white_box_eps0.0627_iter1,1.0000000000000002,0.6666666666666669,0.9991837,58.19457331845534,0.9998883008956909,0.999925971031189,0.0060250586830079556,0.00032192468643188477,276679,0.0021050912,0.0012086610076949,0.0012083824258297682,0.0012084098998457193
535306,dct_mid_nontargeted_white_box_eps0.0627_iter3,1.0000000000000002,0.6666666666666669,0.9961136,51.54639061713553,0.9991369247436523,0.9996216893196106,0.0795832946896553,0.0037751197814941406,333587,0.0043463986,0.0023624629247933626,0.0023126720916479826,0.0023348848335444927
30504,dct_mid_nontargeted_white_box_eps0.0627_iter4,1.0000000000000002,0.7500000000000002,0.994556,49.22106989790975,0.9988376498222351,0.9994229674339294,0.06534892320632935,0.0046356916427612305,364811,0.005676308,0.002927512628957629,0.0028786826878786087,0.002901187865063548
93353,dct_mid_nontargeted_white_box_eps0.0627_iter6,0.5000000000000001,0.40909090909090917,0.98924917,47.835110413913995,0.9979416728019714,0.9982650279998779,0.13029350340366364,0.016060590744018555,354853,0.0064018075,0.0033072661608457565,0.0032353238202631474,0.003248207038268447
530052,dct_mid_nontargeted_white_box_eps0.0627_iter4,0.2727272727272727,0.08522727272727273,0.99491817,49.282841608093946,0.999098539352417,0.9995212554931641,0.08643387258052826,0.007642865180969238,341250,0.0055028605,0.0028991615399718285,0.0027944629546254873,0.0027830752078443766
473118,dct_mid_nontargeted_white_box_eps0.0627_iter2,1.0000000000000002,0.7500000000000002,0.99750644,54.26691721819309,0.9994974136352539,0.9997758269309998,0.054808828979730606,0.0016406774520874023,228051,0.0030894163,0.001486542052589357,0.0014909140300005674,0.0015045438194647431
91779,dct_mid_nontargeted_white_box_eps0.0627_iter3,0.3571428571428572,0.3500000000000001,0.9967065,51.54565404074252,0.9994027614593506,0.9997045993804932,0.05213557928800583,0.0022003650665283203,320774,0.0043166825,0.002358485944569111,0.0023157368414103985,0.002332322997972369
283113,dct_mid_nontargeted_white_box_eps0.0627_iter1,1.0000000000000002,0.5000000000000001,0.9990495,58.03524062948096,0.9998146891593933,0.9999333620071411,0.008547441102564335,0.00023287534713745117,326054,0.0021716582,0.0012536880094558,0.0012539976742118597,0.001253277761861682
97278,dct_mid_nontargeted_white_box_eps0.0627_iter3,1.0000000000000002,0.20000000000000004,0.9961378,51.7798335436263,0.9991747736930847,0.9993431568145752,0.06129385530948639,0.0030041933059692383,327283,0.0041937064,0.002264628419652581,0.0022248888853937387,0.0022616335190832615
567640,dct_mid_nontargeted_white_box_eps0.0627_iter5,0.7500000000000002,0.7121212121212122,0.99164325,47.484402231670366,0.9983025789260864,0.9990828633308411,0.10077181458473206,0.007507205009460449,378290,0.006803816,0.003745627123862505,0.0035462945234030485,0.003656420623883605
532493,dct_mid_nontargeted_white_box_eps0.0627_iter3,1.0000000000000002,0.6666666666666669,0.99685735,51.51485328276116,0.9991347193717957,0.9997540712356567,0.07131749391555786,0.0025260448455810547,365834,0.004376694,0.0023919835221022367,0.0023243892937898636,0.002321627689525485
45550,dct_mid_nontargeted_white_box_eps0.0627_iter2,0.5212121212121212,0.4568181818181819,0.9974646,54.05698892835369,0.9994887113571167,0.9996190071105957,0.054307520389556885,0.0029104948043823242,218365,0.0031597614,0.0015563721535727382,0.0015572792617604136,0.0015877422410994768
156643,dct_mid_nontargeted_white_box_eps0.0627_iter5,0.3232323232323233,0.2430637544273908,0.9923373,47.93062841518238,0.9985079169273376,0.9991896152496338,0.0794222503900528,0.0033979415893554688,375311,0.0064959507,0.003513473318889737,0.0033870188053697348,0.0034548479598015547
430056,dct_mid_nontargeted_white_box_eps0.0627_iter2,0.5000000000000001,0.20000000000000004,0.9972944,54.45196592032229,0.9994790554046631,0.999683678150177,0.054738037288188934,0.0011949539184570312,215352,0.0029859352,0.001432434655725956,0.0014201626181602478,0.0014398782514035702
410456,dct_mid_nontargeted_white_box_eps0.0627_iter3,0.4242424242424243,0.38636363636363646,0.99578357,50.277227295538125,0.9990555644035339,0.9996479749679565,0.05820212513208389,0.0026617050170898438,344771,0.0051539,0.00281180115416646,0.002804296091198921,0.002810073085129261
441286,dct_mid_nontargeted_white_box_eps0.0627_iter3,1.0000000000000002,0.5000000000000001,0.99609804,51.32906801616044,0.9990667104721069,0.9995027184486389,0.06845147907733917,0.006382286548614502,335265,0.0044781747,0.002393916016444564,0.002422764664515853,0.0024070448707789183
279541,dct_mid_nontargeted_white_box_eps0.0627_iter1,0.9545454545454548,0.4062500000000001,0.9991169,58.06690372264751,0.9998278617858887,0.9999265074729919,0.010103554464876652,0.0003031492233276367,328555,0.0021624065,0.0012521162861958146,0.0012473361566662788,0.0012341922847554088
885,dct_mid_nontargeted_white_box_eps0.0627_iter2,0.8181818181818183,0.5681818181818182,0.99631286,53.6287181802373,0.9991849660873413,0.998814582824707,0.08816276490688324,0.006062328815460205,240342,0.0034017155,0.001771839102730155,0.00167434336617589,0.0017409418942406774
378284,dct_mid_nontargeted_white_box_eps0.0627_iter1,0.5090909090909091,0.2575757575757576,0.99904495,58.03799598339836,0.999817967414856,0.9999347925186157,0.018819894641637802,0.0005182027816772461,317988,0.0021708456,0.0012537678703665733,0.0012536774156615138,0.0012511360691860318
156076,dct_mid_nontargeted_white_box_eps0.0627_iter4,0.3318181818181819,0.32517482517482527,0.9955821,48.925295308320926,0.9991101026535034,0.9996127486228943,0.059866342693567276,0.00297623872756958,362109,0.005838205,0.0030582742765545845,0.0029796871822327375,0.00302321370691061
143572,dct_mid_nontargeted_white_box_eps0.0627_iter8,0.6022727272727274,0.4208754208754209,0.99149275,44.15511704456651,0.9983033537864685,0.9992328882217407,0.1056593731045723,0.023835837841033936,378235,0.009728853,0.005230641458183527,0.004901024512946606,0.00513337180018425
229849,dct_mid_nontargeted_white_box_eps0.0627_iter19,0.16414141414141414,0.1605712263631942,0.96971893,39.41939589496633,0.9945130348205566,0.9967429041862488,0.18506568670272827,0.03539764881134033,402450,0.016246328,0.008627221919596195,0.008211894892156124,0.008495706133544445
39551,dct_mid_nontargeted_white_box_eps0.0627_iter8,1.0000000000000002,0.7500000000000002,0.9834442,46.23010942304552,0.9961795210838318,0.9975996613502502,0.16217613220214844,0.015800416469573975,374123,0.007672297,0.004031239077448845,0.003795064054429531,0.0039474936202168465
56344,dct_mid_nontargeted_white_box_eps0.0627_iter2,0.7090909090909092,0.6035353535353535,0.9970208,53.86241781076639,0.9994338750839233,0.9996271729469299,0.06128009408712387,0.0017741918563842773,245435,0.0033019164,0.0016418822342529893,0.0016112852608785033,0.0016635507345199585
193348,dct_mid_nontargeted_white_box_eps0.0627_iter7,1.0000000000000002,0.6666666666666669,0.98706317,47.71912550138179,0.9973455667495728,0.9975734949111938,0.1803072988986969,0.01872318983078003,359490,0.0064057065,0.0034406199119985104,0.0033432156778872013,0.003399309003725648
16958,dct_mid_nontargeted_white_box_eps0.0627_iter1,0.6666666666666669,0.5000000000000001,0.99894315,58.04697590926145,0.9997967481613159,0.9998964667320251,0.013564858585596085,0.0005533695220947266,324931,0.002168132,0.0012522628530859947,0.0012516843853518367,0.0012468746863305569
572678,dct_mid_nontargeted_white_box_eps0.0627_iter30,0.12396694214876035,0.10567053913828107,0.934299,37.915786461866006,0.9864580631256104,0.9904392957687378,0.3097468614578247,0.08048409223556519,405308,0.019092022,0.009898030199110508,0.00964442826807499,0.009799557738006115
106235,dct_mid_nontargeted_white_box_eps0.0627_iter1,0.2545454545454546,0.15584415584415587,0.99915195,58.07496825540689,0.9998137354850769,0.999893844127655,0.010034908540546894,0.00021451711654663086,333493,0.0021606775,0.0012495624832808971,0.0012286343844607472,0.0012485170736908913
341681,dct_mid_nontargeted_white_box_eps0.0627_iter5,1.0000000000000002,0.6000000000000002,0.98933816,48.73117457137971,0.9976884126663208,0.9987990260124207,0.15072640776634216,0.010988056659698486,361205,0.005881799,0.003170524723827839,0.003068485064432025,0.0031284585129469633
83172,dct_mid_nontargeted_white_box_eps0.0627_iter5,0.7500000000000002,0.6666666666666667,0.9896905,48.60440486101182,0.9976656436920166,0.9979009032249451,0.14501214027404785,0.014477789402008057,360904,0.0059541087,0.00325122126378119,0.0030747149139642715,0.0031596783082932234
343524,dct_mid_nontargeted_white_box_eps0.0627_iter4,0.6666666666666669,0.5000000000000001,0.9937534,51.01190590611351,0.9986355304718018,0.9993330240249634,0.10127036273479462,0.004656553268432617,310345,0.0044677337,0.002190481871366501,0.002189452527090907,0.0022103118244558573
395801,dct_mid_nontargeted_white_box_eps0.0627_iter1,0.2207792207792208,0.20454545454545459,0.99891645,58.0390883307405,0.9997818470001221,0.9998675584793091,0.013796009123325348,0.00044268369674682617,329254,0.002170532,0.0012531426036730409,0.001251468202099204,0.0012530172243714333
388056,dct_mid_nontargeted_white_box_eps0.0627_iter2,0.9393939393939396,0.9326599326599329,0.99768096,53.404404253863184,0.9994971752166748,0.999843955039978,0.050269223749637604,0.0005143880844116211,282956,0.0035743816,0.0018585128709673882,0.001777586992830038,0.0018263023812323809
259690,dct_mid_nontargeted_white_box_eps0.0627_iter1,0.22077922077922082,0.17998163452708912,0.99935967,58.048634903695834,0.9998669624328613,0.9999454021453857,0.007508167997002602,0.00012296438217163086,350120,0.0021675758,0.0012508727377280593,0.0012495431583374739,0.0012489596847444773
235836,dct_mid_nontargeted_white_box_eps0.0627_iter3,0.8787878787878789,0.7500000000000002,0.9968503,50.529441329136304,0.9993270635604858,0.9997736811637878,0.0629051923751831,0.0018998384475708008,349361,0.004959294,0.0027621854096651077,0.0026418110355734825,0.0027057258412241936
343218,dct_mid_nontargeted_white_box_eps0.0627_iter1,0.7272727272727273,0.7215909090909092,0.99884313,58.0349510428929,0.9997469782829285,0.9998647570610046,0.025414805859327316,0.000897824764251709,323293,0.0021717309,0.0012537628645077348,0.0012538066366687417,0.0012536421418190002
205105,dct_mid_nontargeted_white_box_eps0.0627_iter5,0.5795454545454546,0.3863636363636364,0.99015814,48.59173138301618,0.9977526068687439,0.9977300763130188,0.13925327360630035,0.013537824153900146,362662,0.0059843254,0.0032108512241393328,0.0031175031326711178,0.003142551751807332
513283,dct_mid_nontargeted_white_box_eps0.0627_iter1,0.41818181818181827,0.3636363636363637,0.99896836,58.05149316764546,0.9998211860656738,0.9998635649681091,0.018415849655866623,0.00027430057525634766,300540,0.0021664083,0.001251767622306943,0.00125044584274292,0.001244693761691451
371677,dct_mid_nontargeted_white_box_eps0.0627_iter1,0.6666666666666669,0.6250000000000002,0.99905473,58.04577797302638,0.999812126159668,0.999900221824646,0.014029886573553085,0.0005951523780822754,325606,0.0021686521,0.001249525579623878,0.0012515097623690963,0.0012508145300671458
308531,dct_mid_nontargeted_white_box_eps0.0627_iter4,0.5000000000000001,0.3750000000000001,0.9945856,49.67863897652988,0.9987689852714539,0.9993219375610352,0.10562242567539215,0.00674593448638916,352680,0.005304465,0.002738551702350378,0.0025889871176332235,0.002661684527993202
497599,dct_mid_nontargeted_white_box_eps0.0627_iter5,0.6363636363636365,0.6000000000000002,0.9921429,48.87717817169381,0.9985327124595642,0.9991077780723572,0.10663507878780365,0.006831169128417969,358469,0.005705534,0.0030893031507730484,0.0029867745470255613,0.003036667127162218
455352,dct_mid_nontargeted_white_box_eps0.0627_iter4,1.0000000000000002,0.5000000000000001,0.99456185,50.059483545437466,0.9988150596618652,0.9992295503616333,0.07636503875255585,0.0045694708824157715,342715,0.0050592273,0.0025963392108678818,0.002510163700208068,0.002523789182305336
236914,dct_mid_nontargeted_white_box_eps0.0627_iter5,0.5000000000000001,0.3571428571428572,0.99158245,48.45584048704016,0.9984612464904785,0.9989215135574341,0.10446973145008087,0.011617124080657959,352914,0.006034012,0.0032459211070090532,0.003162599401548505,0.0031550161074846983
232684,dct_mid_nontargeted_white_box_eps0.0627_iter2,1.0000000000000002,0.20000000000000004,0.9919848,54.6797167552053,0.9989932775497437,0.9916922450065613,0.1278933584690094,0.008720338344573975,122802,0.002768494,0.0014629131183028221,0.0013701766729354858,0.0013826432405039668
415238,dct_mid_nontargeted_white_box_eps0.0627_iter8,0.3333333333333334,0.28571428571428575,0.9887374,46.57903099032511,0.997555673122406,0.9978317022323608,0.13430285453796387,0.019356608390808105,372234,0.0073960405,0.003819361561909318,0.0037480457685887814,0.003684130497276783
290843,dct_mid_nontargeted_white_box_eps0.0627_iter13,0.25000000000000006,0.10000000000000002,0.9773992,45.071480408828464,0.9954062700271606,0.9957748651504517,0.2238776683807373,0.015557944774627686,386522,0.00863464,0.004564199596643448,0.004402169492095709,0.004484047647565603
519522,dct_mid_nontargeted_white_box_eps0.0627_iter2,0.6363636363636365,0.4545454545454545,0.99685144,53.51240620449033,0.9992691874504089,0.9993146061897278,0.07292316854000092,0.0020321011543273926,271225,0.0035166082,0.0017955482471734285,0.001762491767294705,0.001771633280441165
144784,dct_mid_nontargeted_white_box_eps0.0627_iter2,1.0000000000000002,0.5000000000000001,0.9974818,54.320357261940366,0.999518871307373,0.9997107982635498,0.05055902153253555,0.001342177391052246,214101,0.0030385114,0.0014860725495964289,0.0014678469160571694,0.0014694915153086185
167486,dct_mid_nontargeted_white_box_eps0.0627_iter1,0.3106060606060606,0.2755681818181818,0.9991253,58.12546841289081,0.999832272529602,0.9999101161956787,0.011956121772527695,0.0002014636993408203,316180,0.0021449898,0.0012425292516127229,0.001240651705302298,0.0012004567543044686
392228,dct_mid_nontargeted_white_box_eps0.0627_iter3,1.0000000000000002,0.5000000000000001,0.9954217,52.0919706786396,0.9989978075027466,0.9987661242485046,0.08721819519996643,0.0036929845809936523,325589,0.0040263217,0.002165605081245303,0.0021506526973098516,0.0021733532194048166
488673,dct_mid_nontargeted_white_box_eps0.0627_iter2,0.3636363636363637,0.3434343434343434,0.9975574,53.60369223225514,0.9995383024215698,0.9997622966766357,0.04260757938027382,0.001298069953918457,257822,0.0034307505,0.0017701429314911366,0.0017098775133490562,0.001738181454129517
191013,dct_mid_nontargeted_white_box_eps0.0627_iter2,0.9318181818181821,0.7454545454545455,0.9974799,53.73007931260233,0.9994823336601257,0.9997754693031311,0.0415654294192791,0.0006788372993469238,259251,0.003381427,0.0017176796682178974,0.0016599437221884727,0.0016904351068660617
80057,dct_mid_nontargeted_white_box_eps0.0627_iter1,1.0000000000000002,0.5000000000000001,0.9988846,58.03494569913269,0.9997813105583191,0.999882161617279,0.023362400010228157,0.0005363225936889648,313316,0.0021717404,0.0012538203736767173,0.0012538876617327332,0.0012535116402432323
570169,dct_mid_nontargeted_white_box_eps0.0627_iter1,1.0000000000000002,0.3333333333333334,0.9988254,58.03569517320965,0.9997749328613281,0.999846875667572,0.023564402014017105,0.0007100105285644531,303101,0.0021715283,0.0012535089626908302,0.0012532511027529836,0.0012538081500679255
224807,dct_mid_nontargeted_white_box_eps0.0627_iter5,0.3054945054945055,0.301982683982684,0.9918613,47.61580726657065,0.9984374046325684,0.9989010095596313,0.1007118821144104,0.011836647987365723,374633,0.0066503356,0.0036554124671965837,0.003499186597764492,0.003569250460714102
163562,dct_mid_nontargeted_white_box_eps0.0627_iter3,1.0000000000000002,0.6666666666666669,0.995501,51.943804195160396,0.9990929961204529,0.9993554353713989,0.08283174782991409,0.0031585097312927246,311604,0.0040834267,0.0022534120362251997,0.0021718707866966724,0.002218444598838687
136355,dct_mid_nontargeted_white_box_eps0.0627_iter4,0.5340909090909092,0.40530303030303033,0.99255013,49.17315106243585,0.9984967708587646,0.9989908933639526,0.11447583884000778,0.009918034076690674,355974,0.0056329668,0.0029503756668418646,0.002820254536345601,0.0029019408393651247
492362,dct_mid_nontargeted_white_box_eps0.0627_iter1,0.31818181818181823,0.2828282828282829,0.9991111,58.05901613487553,0.999822735786438,0.9999407529830933,0.00878988578915596,8.45193862915039e-05,327057,0.0021650463,0.0012468065833672881,0.001246188534423709,0.0012474334798753262
102707,dct_mid_nontargeted_white_box_eps0.0627_iter1,0.6666666666666669,0.5000000000000001,0.9994297,58.03402970432886,0.9999071955680847,0.9999427199363708,0.00321261677891016,0.00031113624572753906,311087,0.0021719954,0.001254011644050479,0.001254000118933618,0.0012539781164377928
232563,dct_mid_nontargeted_white_box_eps0.0627_iter2,0.6666666666666669,0.5871212121212122,0.9976364,54.06690427155054,0.9994856119155884,0.9995686411857605,0.0594046488404274,0.0027151107788085938,218947,0.0031161243,0.0015777481021359563,0.0015455097891390324,0.0015705132391303778
10977,dct_mid_nontargeted_white_box_eps0.0627_iter6,0.6666666666666669,0.5000000000000001,0.9866484,47.35835736981427,0.9973036646842957,0.9977612495422363,0.15068882703781128,0.02895057201385498,372560,0.006827203,0.0035184347070753574,0.003452322445809841,0.003452596254646778
51598,dct_mid_nontargeted_white_box_eps0.0627_iter1,0.5000000000000001,0.3333333333333334,0.9985237,58.05093673622287,0.9996830224990845,0.9981555342674255,0.03916850686073303,0.0013030767440795898,304721,0.0021673227,0.0012486184714362025,0.0012534776469692588,0.0012453000526875257
32285,dct_mid_nontargeted_white_box_eps0.0627_iter1,1.0000000000000002,0.5000000000000001,0.99870175,58.03759707972516,0.9997350573539734,0.9996487498283386,0.025806458666920662,0.001210331916809082,309046,0.00217096,0.0012536925496533513,0.001253465423360467,0.0012517598224803805
520910,dct_mid_nontargeted_white_box_eps0.0627_iter2,1.0000000000000002,0.6000000000000002,0.9968617,54.21971493529285,0.9993264079093933,0.9990315437316895,0.07219833135604858,0.003741145133972168,236427,0.0031124318,0.0015466191107407212,0.001461153500713408,0.0015196837484836578
206411,dct_mid_nontargeted_white_box_eps0.0627_iter2,1.0000000000000002,0.6666666666666669,0.99722075,54.2750277156103,0.9994282722473145,0.9996930956840515,0.0514211468398571,0.0035139918327331543,233893,0.0030934485,0.0015023410087451339,0.0014828330604359508,0.0014846487902104855
472375,dct_mid_nontargeted_white_box_eps0.0627_iter5,0.3333333333333334,0.28571428571428575,0.9928219,48.3290006160895,0.9987877607345581,0.9991217255592346,0.06645679473876953,0.0047920942306518555,366717,0.006184537,0.003270941786468029,0.003079561050981283,0.003435123013332486
17436,dct_mid_nontargeted_white_box_eps0.0627_iter2,1.0000000000000002,0.6666666666666669,0.9979069,53.864986262270385,0.9995653033256531,0.9998335242271423,0.03527329862117767,0.0010559558868408203,262540,0.0033299967,0.0016634432831779122,0.0016298368573188782,0.0016303318552672863
177934,dct_mid_nontargeted_white_box_eps0.0627_iter1,0.8000000000000002,0.6233766233766235,0.9993227,58.11511051795574,0.9998571872711182,0.9999353885650635,0.016216587275266647,0.0003190040588378906,336638,0.00214815,0.0012466595508158207,0.0012192410649731755,0.0012265185359865427
165518,dct_mid_nontargeted_white_box_eps0.0627_iter3,1.0000000000000002,0.5000000000000001,0.9955905,52.53553388014873,0.9991011619567871,0.9994179010391235,0.06089213117957115,0.002218484878540039,297038,0.0037828207,0.002054017735645175,0.0020437941420823336,0.002059529535472393
571718,dct_mid_nontargeted_white_box_eps0.0627_iter4,0.40909090909090917,0.337723829201102,0.99525666,49.168193188086924,0.999078631401062,0.999557375907898,0.08625366538763046,0.004057884216308594,351193,0.005621003,0.0029454249888658524,0.002839589724317193,0.002898185281082988
459467,dct_mid_nontargeted_white_box_eps0.0627_iter2,1.0000000000000002,0.5000000000000001,0.996921,54.05330761992501,0.999364972114563,0.9995997548103333,0.06764070689678192,0.0017395615577697754,242866,0.0032096982,0.0015792064368724823,0.001538370968773961,0.0015863929875195026
135673,dct_mid_nontargeted_white_box_eps0.0627_iter8,1.0000000000000002,0.5000000000000001,0.9794553,46.063920641853294,0.9944884181022644,0.9810940027236938,0.23186884820461273,0.060972750186920166,388698,0.008032417,0.0041795652359724045,0.004023181274533272,0.004025097005069256
134886,dct_mid_nontargeted_white_box_eps0.0627_iter2,0.7575757575757578,0.6136363636363638,0.9962702,53.64862552637178,0.9991399645805359,0.9992209076881409,0.07369625568389893,0.0016384124755859375,279049,0.0034406444,0.0017372129950672388,0.0017137149116024375,0.0017124031437560916
485895,dct_mid_nontargeted_white_box_eps0.0627_iter2,1.0000000000000002,0.3333333333333334,0.9975379,53.72957536111947,0.9994475245475769,0.9998065233230591,0.06516005098819733,0.0018534660339355469,271284,0.0034075798,0.0017182177398353815,0.0016307616606354713,0.0017190431244671345
287545,dct_mid_nontargeted_white_box_eps0.0627_iter2,1.0000000000000002,0.5000000000000001,0.9979078,54.1043208248942,0.9995782375335693,0.9998530149459839,0.03731940686702728,0.0015317797660827637,248229,0.0031848727,0.001568382722325623,0.0015339594101533294,0.0015501349698752165
577182,dct_mid_nontargeted_white_box_eps0.0627_iter3,0.8181818181818183,0.5000000000000001,0.99706507,51.03451072628768,0.9993876218795776,0.9998295307159424,0.06352001428604126,0.0019711852073669434,328515,0.0046260934,0.0025415229611098766,0.002462862990796566,0.0025207223370671272
289222,dct_mid_nontargeted_white_box_eps0.0627_iter1,0.7878787878787881,0.590909090909091,0.9989818,58.03572410516465,0.9998031854629517,0.9999039173126221,0.013752494007349014,0.0003618597984313965,328045,0.0021715192,0.0012532116379588842,0.0012535974383354187,0.0012537171132862568
372819,dct_mid_nontargeted_white_box_eps0.0627_iter3,0.7500000000000002,0.5000000000000001,0.99676085,50.31239531705186,0.9990569949150085,0.9997662901878357,0.06430147588253021,0.0019968152046203613,373826,0.0051149894,0.0028291395865380764,0.0027584312483668327,0.0027971668168902397
310072,dct_mid_nontargeted_white_box_eps0.0627_iter5,0.5757575757575758,0.48636363636363644,0.9928899,48.29411153588658,0.9983758926391602,0.9993502497673035,0.11466924846172333,0.005103349685668945,377889,0.0061914865,0.0033737539779394865,0.0031733077485114336,0.0032514098566025496
87144,dct_mid_nontargeted_white_box_eps0.0627_iter8,0.4204545454545455,0.33939393939393947,0.98890465,44.64296152612377,0.9978126287460327,0.9988057017326355,0.09993109107017517,0.01271665096282959,392369,0.009407727,0.004909904208034277,0.004783881362527609,0.004862039815634489
430875,dct_mid_nontargeted_white_box_eps0.0627_iter1,1.0000000000000002,0.31818181818181823,0.99843293,58.03564882261267,0.9996073246002197,0.9988166093826294,0.046464212238788605,0.0020654797554016113,293283,0.0021715278,0.001253266935236752,0.0012536427238956094,0.0012536857975646853
60347,dct_mid_nontargeted_white_box_eps0.0627_iter5,0.5000000000000001,0.3333333333333334,0.9957221,48.132873437756245,0.9990143179893494,0.9996451735496521,0.055866170674562454,0.004163622856140137,382466,0.0063678515,0.003425983479246497,0.0032931494060903788,0.0033739956561475992
42070,dct_mid_nontargeted_white_box_eps0.0627_iter8,0.3333333333333334,0.12500000000000003,0.9872424,45.52807157935475,0.9975007772445679,0.9984425902366638,0.0968298688530922,0.00637507438659668,390216,0.0085115135,0.004280558787286282,0.004305555485188961,0.004406573250889778
420916,dct_mid_nontargeted_white_box_eps0.0627_iter2,0.6666666666666669,0.5000000000000001,0.99782115,53.64540659862436,0.9995076656341553,0.9998188614845276,0.06071816757321358,0.0010748505592346191,271926,0.003426262,0.0017553498037159443,0.0016887092497199774,0.001723947934806347
453584,dct_mid_nontargeted_white_box_eps0.0627_iter1,0.5000000000000001,0.39393939393939403,0.9992263,58.0443780161556,0.999830961227417,0.9999344348907471,0.009578527882695198,0.00022041797637939453,338177,0.0021685956,0.0012514853151515126,0.0012507002102211118,0.0012508586514741182
296224,dct_mid_nontargeted_white_box_eps0.0627_iter16,0.4545454545454546,0.3766233766233767,0.9688587,41.2765194858505,0.9937862157821655,0.9963179230690002,0.17709895968437195,0.027834653854370117,401723,0.013577143,0.006987741682678461,0.006858134176582098,0.006923111621290445
122606,dct_mid_nontargeted_white_box_eps0.0627_iter2,1.0000000000000002,0.6666666666666669,0.99799204,53.89361998125244,0.9995869398117065,0.9998210668563843,0.03762274235486984,0.000483095645904541,264136,0.0033076983,0.0016332343220710754,0.0016147830756381154,0.0016364991897717118
311909,dct_mid_nontargeted_white_box_eps0.0627_iter1,1.0000000000000002,0.5000000000000001,0.99922466,58.08506713170768,0.9998442530632019,0.9999327659606934,0.007866700179874897,0.0001418590545654297,342753,0.0021571685,0.0012365805450826883,0.0012400366831570864,0.0012414396042004228
579893,dct_mid_nontargeted_white_box_eps0.0627_iter3,1.0000000000000002,0.5000000000000001,0.9958925,51.797778869770106,0.9991636276245117,0.9994453191757202,0.08722975105047226,0.0036646127700805664,319201,0.0041835466,0.0023191238287836313,0.0022033716086298227,0.002252499107271433
284296,dct_mid_nontargeted_white_box_eps0.0627_iter2,1.0000000000000002,0.5000000000000001,0.9977966,53.157253908302486,0.9994739294052124,0.9998685717582703,0.05062618479132652,0.0012497901916503906,316378,0.0037067803,0.001953675178810954,0.0019124416867271066,0.0019184317206963897
315001,dct_mid_nontargeted_white_box_eps0.0627_iter12,0.2727272727272727,0.16395027181514724,0.9859583,41.89191330758074,0.9967886805534363,0.9984676241874695,0.08322812616825104,0.015203118324279785,399821,0.012837969,0.006623094901442528,0.006628017406910658,0.006686065811663866
439715,dct_mid_nontargeted_white_box_eps0.0627_iter9,0.6363636363636366,0.5607954545454547,0.9865044,43.201399198424404,0.9967443346977234,0.9988149404525757,0.10734182596206665,0.013584136962890625,401614,0.011210453,0.006022964604198933,0.005773311946541071,0.0058815330266952515
284991,dct_mid_nontargeted_white_box_eps0.0627_iter1,0.5000000000000001,0.0,0.9987006,58.1096072147628,0.9997665286064148,0.9997379779815674,0.02997111901640892,0.000937044620513916,292478,0.0021431237,0.0012326622381806374,0.0012330597965046763,0.001231391099281609
389566,dct_mid_nontargeted_white_box_eps0.0627_iter3,0.8181818181818183,0.5971479500891267,0.9958477,51.5451971271552,0.9990865588188171,0.9995694756507874,0.07679550349712372,0.0033145546913146973,342479,0.004338182,0.0023783184587955475,0.0022916686721146107,0.002335640136152506
78843,dct_mid_nontargeted_white_box_eps0.0627_iter4,0.3333333333333334,0.28484848484848485,0.99583167,49.80298254029311,0.9991008639335632,0.999509871006012,0.060856081545352936,0.003850221633911133,339804,0.0051987404,0.002683949191123247,0.0025862916372716427,0.0026217016857117414
122927,dct_mid_nontargeted_white_box_eps0.0627_iter4,1.0000000000000002,0.5000000000000001,0.99222404,49.832109247937865,0.9982732534408569,0.9990186095237732,0.15021881461143494,0.007400929927825928,340211,0.005192278,0.002741296077147126,0.002497672336176038,0.0026572567876428366
225532,dct_mid_nontargeted_white_box_eps0.0627_iter3,0.2727272727272727,0.24545454545454548,0.99477845,51.634488217195894,0.9989237189292908,0.9986665844917297,0.09025384485721588,0.003914475440979004,313163,0.004270697,0.0023381365463137627,0.002268967917189002,0.0023190814536064863
13659,dct_mid_nontargeted_white_box_eps0.0627_iter1,0.7402597402597404,0.5757575757575758,0.99909806,58.037890311663304,0.999839186668396,0.9999319911003113,0.012523897923529148,0.0004730224609375,317529,0.0021708175,0.001253242138773203,0.001253361813724041,0.0012520658783614635
395633,dct_mid_nontargeted_white_box_eps0.0627_iter4,0.5000000000000001,0.43686868686868696,0.993221,49.52812223561578,0.9984263777732849,0.9988471865653992,0.10554100573062897,0.009009599685668945,356462,0.0054381555,0.0027964457403868437,0.0026745835784822702,0.0028067806269973516
419096,dct_mid_nontargeted_white_box_eps0.0627_iter1,1.0000000000000002,0.5000000000000001,0.9991476,58.0341242884053,0.9998424053192139,0.9998999834060669,0.010583320632576942,0.0008411407470703125,293399,0.0021719695,0.001254006172530353,0.001253898604772985,0.0012540031457319856
203488,dct_mid_nontargeted_white_box_eps0.0627_iter1,0.6666666666666669,0.5000000000000001,0.99886394,58.041266224208286,0.9997571706771851,0.9997885227203369,0.02270524948835373,0.0007717609405517578,316634,0.0021699276,0.0012536391150206327,0.0012527209473773837,0.0012493927497416735
361268,dct_mid_nontargeted_white_box_eps0.0627_iter2,1.0000000000000002,0.5000000000000001,0.99778867,53.25098170643851,0.9994702339172363,0.9998065233230591,0.04197898134589195,0.000953376293182373,304970,0.003660771,0.0018859064439311624,0.00188355369027704,0.0018909925129264593
414795,dct_mid_nontargeted_white_box_eps0.0627_iter2,0.6272727272727273,0.4898446833930706,0.9981578,53.28792847800973,0.9995810985565186,0.9998676180839539,0.03409985825419426,0.0006514787673950195,292652,0.0036322705,0.0018765927525237203,0.0018576693255454302,0.0018768368754535913
508101,dct_mid_nontargeted_white_box_eps0.0627_iter5,0.31818181818181823,0.21212121212121215,0.9900493,48.30292027960033,0.9973946809768677,0.997818112373352,0.1640377938747406,0.014303982257843018,378659,0.006250746,0.0033938842825591564,0.0031714404467493296,0.0033431407064199448
253386,dct_mid_nontargeted_white_box_eps0.0627_iter1,1.0000000000000002,0.5000000000000001,0.99864465,58.21660106999889,0.9997617602348328,0.9997646808624268,0.04150616005063057,0.0006186366081237793,269680,0.0020978034,0.0012015015818178654,0.0012033357052132487,0.0012023139279335737
222991,dct_mid_nontargeted_white_box_eps0.0627_iter1,1.0000000000000002,0.5000000000000001,0.9990496,58.044008159705776,0.9997932314872742,0.9998453259468079,0.01387820765376091,0.0003145933151245117,316727,0.0021690559,0.0012502676108852029,0.0012529451632872224,0.0012501404853537679
530854,dct_mid_nontargeted_white_box_eps0.0627_iter6,0.5000000000000001,0.43566433566433577,0.9902363,48.20247249560317,0.9980238676071167,0.9984541535377502,0.1504846215248108,0.021178126335144043,343422,0.006072734,0.003172463970258832,0.003008652711287141,0.0030929595232009888
338624,dct_mid_nontargeted_white_box_eps0.0627_iter3,0.681818181818182,0.501948051948052,0.9952254,50.69904536675441,0.9988579750061035,0.9996275305747986,0.10560265183448792,0.004053354263305664,344876,0.004862392,0.002658180659636855,0.0025659860111773014,0.0026655280962586403
138492,dct_mid_nontargeted_white_box_eps0.0627_iter6,1.0000000000000002,0.7500000000000002,0.9909285,48.27637610105269,0.9980680346488953,0.9990405440330505,0.12287981808185577,0.004904985427856445,353213,0.0060841213,0.0030894482042640448,0.0030170613899827003,0.0030897369142621756
263463,dct_mid_nontargeted_white_box_eps0.0627_iter1,0.25000000000000006,0.20000000000000004,0.99903375,58.05368357471757,0.9998100996017456,0.999920666217804,0.013972872868180275,0.00016230344772338867,337194,0.0021652614,0.001246537547558546,0.0012496686540544033,0.0012488134671002626
226592,dct_mid_nontargeted_white_box_eps0.0627_iter1,0.5000000000000001,0.3333333333333334,0.9992787,58.07341233892622,0.9998633861541748,0.9999532699584961,0.008097616024315357,0.00016045570373535156,336388,0.0021608076,0.0012418660335242748,0.0012472885427996516,0.0012388901086524129
378454,dct_mid_nontargeted_white_box_eps0.0627_iter3,1.0000000000000002,0.6666666666666669,0.9947276,51.31529164310944,0.9987190961837769,0.9978687167167664,0.11414235830307007,0.008052587509155273,338209,0.004471184,0.002480059629306197,0.002343700034543872,0.002415540860965848
20059,dct_mid_nontargeted_white_box_eps0.0627_iter4,1.0000000000000002,0.3333333333333334,0.995919,49.21163241326316,0.9989259243011475,0.999701976776123,0.07125928997993469,0.004001498222351074,367419,0.005662031,0.0029408494010567665,0.0027848430909216404,0.0029324123170226812
227686,dct_mid_nontargeted_white_box_eps0.0627_iter2,1.0000000000000002,0.5000000000000001,0.99819255,53.850746584324895,0.9995996952056885,0.9998847246170044,0.04662426561117172,0.002857983112335205,260288,0.0033209305,0.0016905405791476369,0.0016299363924190402,0.0016151851741597056
476215,dct_mid_nontargeted_white_box_eps0.0627_iter2,1.0000000000000002,0.6666666666666669,0.99737436,54.04021977200613,0.9993569850921631,0.9993047714233398,0.06005029380321503,0.0016203522682189941,268432,0.0032464254,0.001614850014448166,0.001547659165225923,0.001556258532218635
247917,dct_mid_nontargeted_white_box_eps0.0627_iter2,0.6666666666666669,0.5000000000000001,0.99817306,53.22603968612238,0.9996601343154907,0.9998242855072021,0.01330642495304346,0.00034242868423461914,258800,0.0036380782,0.0018906960031017661,0.0018927290802821517,0.0019093455048277974
439522,dct_mid_nontargeted_white_box_eps0.0627_iter3,1.0000000000000002,0.5000000000000001,0.99475574,52.10259689893259,0.9988510608673096,0.9980583190917969,0.11349064111709595,0.004131734371185303,320417,0.0040277354,0.002187334932386875,0.002164541743695736,0.0021503730677068233
479448,dct_mid_nontargeted_white_box_eps0.0627_iter7,0.3636363636363637,0.3189197166469895,0.9879076,46.599702019989024,0.9979128837585449,0.9988938570022583,0.11671636998653412,0.012719392776489258,376651,0.007383874,0.003995939623564482,0.0038344308268278837,0.003847154090180993
424721,dct_mid_nontargeted_white_box_eps0.0627_iter21,0.2272727272727273,0.21196172248803827,0.95651865,40.271194417289564,0.9923216700553894,0.9956376552581787,0.21890492737293243,0.028892338275909424,402452,0.014851414,0.00782264955341816,0.0075814747251570225,0.007646526210010052
26690,dct_mid_nontargeted_white_box_eps0.0627_iter1,0.5730027548209368,0.5687645687645689,0.9987878,58.09675823504595,0.9997802972793579,0.9998274445533752,0.016425669193267822,0.00041925907135009766,308518,0.002149968,0.0012373386416584253,0.0012415506644174457,0.0012291842140257359
558854,dct_mid_nontargeted_white_box_eps0.0627_iter9,0.7142857142857144,0.6875000000000002,0.9837578,45.0632117994789,0.9970011711120605,0.9979721903800964,0.14463944733142853,0.012444794178009033,387995,0.00878066,0.004654959309846163,0.004528443794697523,0.004628045950084925
176901,dct_mid_nontargeted_white_box_eps0.0627_iter4,0.6818181818181819,0.5151515151515152,0.99210954,49.666792227892074,0.9980678558349609,0.9990431666374207,0.14087170362472534,0.0054779052734375,354492,0.005339546,0.002751254243776202,0.0026148983743041754,0.0027172151021659374
334767,dct_mid_nontargeted_white_box_eps0.0627_iter1,0.6060606060606062,0.5227272727272728,0.9992457,58.051217333902365,0.9998358488082886,0.9999547600746155,0.006955140270292759,0.00023555755615234375,358395,0.0021661448,0.0012485063634812832,0.0012502485187724233,0.0012483875034376979
301563,dct_mid_nontargeted_white_box_eps0.0627_iter4,0.25000000000000006,0.20000000000000004,0.9926786,49.8987532699211,0.9981842041015625,0.9984011054039001,0.1250876933336258,0.01726245880126953,340452,0.005156761,0.002588473027572036,0.002574578858911991,0.002632832620292902
86755,dct_mid_nontargeted_white_box_eps0.0627_iter8,0.18181818181818185,0.17424242424242428,0.9847975,45.719157258572814,0.9963440299034119,0.9967397451400757,0.1405545473098755,0.02291882038116455,386034,0.008265206,0.004187221173197031,0.0041097234934568405,0.004286975134164095
194471,dct_mid_nontargeted_white_box_eps0.0627_iter4,1.0000000000000002,0.6666666666666669,0.99124175,49.318168422438546,0.9981664419174194,0.998690664768219,0.11607970297336578,0.005133390426635742,359291,0.005588536,0.0028889349196106195,0.002803186886012554,0.002871149219572544
420281,dct_mid_nontargeted_white_box_eps0.0627_iter9,0.5000000000000001,0.3333333333333334,0.98532945,45.68969065115585,0.9972739219665527,0.9984630346298218,0.1309340000152588,0.011521220207214355,381042,0.008129855,0.004318131133913994,0.004229607060551643,0.004252780228853226
533206,dct_mid_nontargeted_white_box_eps0.0627_iter7,0.6666666666666669,0.6000000000000002,0.98785514,47.28974319973153,0.9977526664733887,0.9986965656280518,0.15440183877944946,0.01064378023147583,371167,0.0067784335,0.0036791858728975058,0.0035139748360961676,0.0035059971269220114
99810,dct_mid_nontargeted_white_box_eps0.0627_iter11,0.5681818181818183,0.41666666666666674,0.97704107,45.346519998389525,0.9951269030570984,0.9950115084648132,0.2874928116798401,0.0523601770401001,384633,0.008381054,0.004487480968236923,0.004240319132804871,0.00439072260633111
334483,dct_mid_nontargeted_white_box_eps0.0627_iter12,0.2272727272727273,0.2119244391971665,0.97716826,41.76315779128573,0.9956285357475281,0.9973974823951721,0.1396743208169937,0.01572263240814209,396544,0.012834975,0.006728403735905886,0.006457848474383354,0.006754059810191393
89670,dct_mid_nontargeted_white_box_eps0.0627_iter1,0.25000000000000006,0.20000000000000004,0.9987543,58.03442278868175,0.9997463226318359,0.9998343586921692,0.0355956144630909,0.0007160305976867676,314145,0.0021718862,0.0012539854506030679,0.0012539882445707917,0.0012536975555121899
482275,dct_mid_nontargeted_white_box_eps0.0627_iter6,0.31808191808191805,0.31077600085864554,0.99228305,46.392186073318065,0.998466432094574,0.9993633031845093,0.081291563808918,0.010522842407226562,384490,0.007768207,0.004096770193427801,0.003901610616594553,0.00401658657938242
404805,dct_mid_nontargeted_white_box_eps0.0627_iter5,1.0000000000000002,0.5000000000000001,0.99281424,48.815662015865236,0.9983338117599487,0.9994035363197327,0.11029380559921265,0.009087204933166504,370252,0.0058528483,0.003118520136922598,0.003073350293561816,0.0030803149566054344
2261,dct_mid_nontargeted_white_box_eps0.0627_iter6,0.5000000000000001,0.25000000000000006,0.9905581,47.47793571940488,0.9977800250053406,0.999296247959137,0.12120215594768524,0.013532638549804688,376213,0.006809935,0.0034595050383359194,0.0033412491902709007,0.0034566752146929502
425702,dct_mid_nontargeted_white_box_eps0.0627_iter2,1.0000000000000002,0.5000000000000001,0.99678516,53.58009634450271,0.9992378950119019,0.9987809062004089,0.11478950083255768,0.003767251968383789,273363,0.0034821609,0.0018173237331211567,0.0016998967621475458,0.0017287267837673426
36844,dct_mid_nontargeted_white_box_eps0.0627_iter1,0.38636363636363646,0.3737373737373738,0.9989787,58.09168899747515,0.9997987151145935,0.9998766779899597,0.0164731927216053,0.0009542107582092285,322461,0.0021527326,0.0012394016375765204,0.0012394352816045284,0.0012335666688159108
12576,dct_mid_nontargeted_white_box_eps0.0627_iter1,0.8441558441558443,0.6590909090909092,0.9993088,58.050726812391346,0.9998698234558105,0.9999512434005737,0.006514776963740587,0.00010544061660766602,329828,0.0021667457,0.00124817481264472,0.0012480493169277906,0.0012513429392129183
361238,dct_mid_nontargeted_white_box_eps0.0627_iter2,0.3766233766233767,0.3295454545454546,0.9976874,53.813333429587786,0.9995814561843872,0.9997928142547607,0.042876243591308594,0.0013660788536071777,232314,0.0033122655,0.0016939216293394566,0.0016432800330221653,0.0016429874813184142
108253,dct_mid_nontargeted_white_box_eps0.0627_iter1,0.5056818181818183,0.45202020202020216,0.9990075,58.09005791573949,0.999820351600647,0.999890148639679,0.014201637357473373,0.0005878806114196777,312140,0.0021541775,0.001247849897481501,0.0012461430160328746,0.001219789031893015
319935,dct_mid_nontargeted_white_box_eps0.0627_iter6,0.6363636363636365,0.48989898989899,0.9853681,46.0396069090294,0.996726930141449,0.9985750317573547,0.16499829292297363,0.018174171447753906,390023,0.008148161,0.0042721726931631565,0.004111223388463259,0.0042657312005758286
3934,dct_mid_nontargeted_white_box_eps0.0627_iter3,0.5454545454545455,0.45454545454545464,0.9961358,51.433795814000106,0.9992813467979431,0.9996442794799805,0.05936916172504425,0.002225816249847412,323066,0.00438862,0.0024021354038268328,0.002343516331166029,0.002373655326664448
29596,dct_mid_nontargeted_white_box_eps0.0627_iter18,0.3750000000000001,0.35151515151515156,0.95903546,40.91327848538668,0.9915677309036255,0.9941934943199158,0.24665617942810059,0.049771130084991455,401668,0.013930413,0.007328835316002369,0.006905325688421726,0.0071756853722035885
47740,dct_mid_nontargeted_white_box_eps0.0627_iter2,0.27272727272727276,0.2272727272727273,0.9975881,53.65323764730174,0.9994441270828247,0.9998124241828918,0.07873443514108658,0.0017875432968139648,273017,0.0034222067,0.0017488464945927262,0.001673826132901013,0.0017352455761283636
77460,dct_mid_nontargeted_white_box_eps0.0627_iter8,0.26363636363636367,0.20469868463926186,0.9854186,45.435677445024744,0.9970240592956543,0.9984210729598999,0.14374426007270813,0.01783895492553711,374372,0.008301032,0.004383352119475603,0.004127514082938433,0.004278132691979408
14439,dct_mid_nontargeted_white_box_eps0.0627_iter13,0.4493006993006994,0.36026936026936024,0.976603,40.99176673570411,0.9941921234130859,0.9972257614135742,0.1630055159330368,0.024570584297180176,400808,0.014052144,0.007644575089216232,0.007184517569839954,0.007165516726672649
447314,dct_mid_nontargeted_white_box_eps0.0627_iter3,0.7727272727272729,0.5151515151515152,0.99492866,51.44034865729732,0.9988120794296265,0.9991951584815979,0.07564673572778702,0.0042580366134643555,340546,0.0043933457,0.002403335878625512,0.002334852470085025,0.002371995709836483
181303,dct_mid_nontargeted_white_box_eps0.0627_iter1,0.3333333333333334,0.25000000000000006,0.9990842,58.042364167069735,0.9997898936271667,0.9999402165412903,0.014923689886927605,0.0003781318664550781,351156,0.0021695823,0.00125266017857939,0.001252044690772891,0.0012500983430072665
58350,dct_mid_nontargeted_white_box_eps0.0627_iter8,0.3090909090909092,0.2828282828282829,0.98250276,45.94428098753256,0.9970011711120605,0.997110903263092,0.1485123634338379,0.018057584762573242,360226,0.007812115,0.0040710060857236385,0.003920949995517731,0.003984170965850353
26465,dct_mid_nontargeted_white_box_eps0.0627_iter5,0.5000000000000001,0.4375000000000001,0.9913307,49.192123377303545,0.998238742351532,0.9982123970985413,0.12207775563001633,0.012821853160858154,351895,0.0055130227,0.002972326008602977,0.0029063576366752386,0.002915759105235338
246968,dct_mid_nontargeted_white_box_eps0.0627_iter6,0.3181818181818183,0.2924242424242425,0.9866789,46.412842917484696,0.9973442554473877,0.9984846711158752,0.15091833472251892,0.0220758318901062,380195,0.0077101947,0.00405748700723052,0.0039017265662550926,0.00400183442980051
536947,dct_mid_nontargeted_white_box_eps0.0627_iter3,0.3090909090909092,0.2545454545454546,0.99577826,50.92473825243449,0.9991191625595093,0.9995542168617249,0.05825421214103699,0.004469335079193115,335225,0.004718253,0.002550467848777771,0.0025207570288330317,0.0025681122206151485
286182,dct_mid_nontargeted_white_box_eps0.0627_iter9,0.3000000000000001,0.29240981240981245,0.98584694,43.945231386016594,0.9972085952758789,0.9984420537948608,0.10172616690397263,0.007405698299407959,393379,0.010050468,0.005391542799770832,0.005271601490676403,0.005208662711083889
433980,dct_mid_nontargeted_white_box_eps0.0627_iter2,0.5000000000000001,0.3333333333333334,0.997876,54.18855834658983,0.9995627403259277,0.9997490644454956,0.04136950150132179,0.0011635422706604004,222542,0.0031243784,0.0015376745723187923,0.0015317812794819474,0.0015002968721091747
561366,dct_mid_nontargeted_white_box_eps0.0627_iter11,0.3333333333333334,0.3000000000000001,0.9831369,44.860860413197074,0.9966001510620117,0.9979570508003235,0.13462592661380768,0.015293717384338379,386828,0.008875205,0.004721916280686855,0.004548488184809685,0.004622633568942547
380913,dct_mid_nontargeted_white_box_eps0.0627_iter3,0.5454545454545455,0.5227272727272728,0.99601156,50.93455707242714,0.9992631673812866,0.9996152520179749,0.07617729157209396,0.004212677478790283,320299,0.00468093,0.002588063245639205,0.002495268126949668,0.0025387718342244625
32887,dct_mid_nontargeted_white_box_eps0.0627_iter1,0.6666666666666669,0.5000000000000001,0.99927586,58.03774058520403,0.9998618960380554,0.9999479055404663,0.011615373194217682,0.0003536343574523926,324938,0.0021709362,0.001253726426512003,0.0012532210675999522,0.0012518501607701182
517687,dct_mid_nontargeted_white_box_eps0.0627_iter5,0.5000000000000001,0.3333333333333334,0.9930926,48.21966287399542,0.9984396696090698,0.9991500377655029,0.12072551995515823,0.01426076889038086,369327,0.00619424,0.0034044194035232067,0.003198502352461219,0.0033087260089814663
213035,dct_mid_nontargeted_white_box_eps0.0627_iter2,0.8787878787878789,0.6590909090909092,0.9968436,54.121366062097806,0.9993076324462891,0.9986079931259155,0.0821041613817215,0.004783511161804199,209255,0.0031178377,0.0015708378050476313,0.0014992471551522613,0.0015714685432612896
399205,dct_mid_nontargeted_white_box_eps0.0627_iter1,0.8181818181818183,0.6136363636363638,0.9994318,58.05605898699764,0.9998810291290283,0.9999696016311646,0.004719135817140341,6.884336471557617e-05,350982,0.0021655979,0.0012458096025511622,0.0012486600317060947,0.0012485020561143756
349837,dct_mid_nontargeted_white_box_eps0.0627_iter3,1.0000000000000002,0.9545454545454546,0.99412566,51.548052490519154,0.998685359954834,0.9977237582206726,0.13120992481708527,0.022728562355041504,302149,0.0042956616,0.0023752583656460047,0.002300454303622246,0.0023333034478127956
350002,dct_mid_nontargeted_white_box_eps0.0627_iter1,0.5000000000000001,0.20000000000000004,0.9989221,58.034032537118954,0.9997940063476562,0.9999099373817444,0.014191251248121262,0.0009320974349975586,323694,0.0021719956,0.0012540024472400546,0.001253996160812676,0.0012539991876110435
131431,dct_mid_nontargeted_white_box_eps0.0627_iter4,1.0000000000000002,0.5000000000000001,0.9936476,49.1981540237785,0.9986602067947388,0.9994330406188965,0.09741515666246414,0.007369637489318848,361630,0.00566675,0.0029793560970574617,0.002810852834954858,0.0029060656670480967
356248,dct_mid_nontargeted_white_box_eps0.0627_iter12,0.3636363636363637,0.36060606060606065,0.9783861,42.52899011770783,0.9954863786697388,0.9974199533462524,0.13054555654525757,0.009714484214782715,392906,0.011612229,0.006128594744950533,0.005858032498508692,0.006008564028888941
334399,dct_mid_nontargeted_white_box_eps0.0627_iter1,0.7500000000000002,0.6000000000000002,0.99879175,58.22533309453888,0.9997568130493164,0.9996768236160278,0.028599251061677933,0.0006797313690185547,289951,0.0021006435,0.0012079097796231508,0.0011990859638899565,0.001192901749163866
57150,dct_mid_nontargeted_white_box_eps0.0627_iter2,0.30303030303030304,0.28451178451178455,0.9975245,53.99912190778069,0.9995067119598389,0.9996930360794067,0.04132723808288574,0.0011930465698242188,234706,0.0032090521,0.0016185444546863437,0.0015500891022384167,0.0015946233179420233
363666,dct_mid_nontargeted_white_box_eps0.0627_iter4,0.3295454545454546,0.3072609208972846,0.9936597,48.616124494523014,0.9987664222717285,0.9993571639060974,0.0846785381436348,0.004519999027252197,366035,0.006062552,0.0031646902207285166,0.0031258126255124807,0.0031839904841035604
507235,dct_mid_nontargeted_white_box_eps0.0627_iter1,0.18181818181818185,0.13636363636363638,0.99940944,58.03708799587027,0.999911904335022,0.9999507665634155,0.0040976982563734055,0.0005053281784057617,303435,0.0021711243,0.0012533183908089995,0.0012529543600976467,0.0012530738022178411
169996,dct_mid_nontargeted_white_box_eps0.0627_iter4,0.8000000000000002,0.6103896103896105,0.9945772,48.79620231183081,0.9989191889762878,0.9994831085205078,0.06659986078739166,0.0038872361183166504,373332,0.0059847166,0.0031426148489117622,0.0030247331596910954,0.0031062914058566093
226417,dct_mid_nontargeted_white_box_eps0.0627_iter3,0.6590909090909092,0.6448863636363638,0.99620986,50.75242845720324,0.9991827011108398,0.9997180700302124,0.07274412363767624,0.00313645601272583,337193,0.0048162136,0.0026653746608644724,0.002571695251390338,0.0026137945242226124
481573,dct_mid_nontargeted_white_box_eps0.0627_iter2,0.3333333333333334,0.1666666666666667,0.9972485,54.04819560474479,0.9995832443237305,0.9998038411140442,0.022024977952241898,0.0007818937301635742,206118,0.0031727722,0.0015665587270632386,0.001583137665875256,0.0016060733469203115
56127,dct_mid_nontargeted_white_box_eps0.0627_iter2,0.28484848484848485,0.2693602693602694,0.9978605,53.48295186662213,0.9997243881225586,0.9997795820236206,0.011939240619540215,0.0011238455772399902,250707,0.0034928366,0.0018154531717300415,0.0017848893767222762,0.0017803566297516227
123480,dct_mid_nontargeted_white_box_eps0.0627_iter4,0.3333333333333334,0.31818181818181823,0.9925912,50.48335417610269,0.998381495475769,0.9986247420310974,0.11768084019422531,0.008258044719696045,329668,0.004810502,0.002458021277561784,0.0023383572697639465,0.0023731074761599302
274687,dct_mid_nontargeted_white_box_eps0.0627_iter1,0.3333333333333334,0.25000000000000006,0.999276,58.047243068239645,0.9998528361320496,0.9999164342880249,0.008711572736501694,0.0002002716064453125,338714,0.0021682645,0.0012505627237260342,0.0012507085921242833,0.0012493082322180271
164637,dct_mid_nontargeted_white_box_eps0.0627_iter1,1.0000000000000002,0.5000000000000001,0.9990943,58.036646552970524,0.9998183250427246,0.9999200701713562,0.007490915711969137,0.0002976655960083008,330455,0.0021712189,0.0012534813722595572,0.001253437832929194,0.0012528355000540614
178028,dct_mid_nontargeted_white_box_eps0.0627_iter2,0.5090909090909091,0.19318181818181823,0.9973242,53.97463361690357,0.9994782209396362,0.9996933341026306,0.04514271393418312,0.0016508698463439941,236675,0.0032427048,0.001609367085620761,0.001594367204234004,0.0015888902125880122
493286,dct_mid_nontargeted_white_box_eps0.0627_iter17,0.12121212121212122,0.11845730027548211,0.9655244,41.160853085149924,0.9924262762069702,0.9949225187301636,0.24851050972938538,0.0419003963470459,401504,0.013485287,0.007182977627962828,0.006752013694494963,0.007008529268205166
348216,dct_mid_nontargeted_white_box_eps0.0627_iter2,0.5454545454545455,0.21212121212121215,0.9975632,54.58396669705472,0.9994864463806152,0.9995613694190979,0.05066172778606415,0.003081679344177246,220561,0.0029284856,0.00139159569516778,0.0013765395851805806,0.0013994185719639063
345027,dct_mid_nontargeted_white_box_eps0.0627_iter1,0.2727272727272728,0.2613636363636364,0.9988534,58.03735125778796,0.9997462034225464,0.9996416568756104,0.01480906829237938,0.0002067089080810547,342355,0.0021710414,0.0012526996433734894,0.0012531221145763993,0.0012532902183011174
571804,dct_mid_nontargeted_white_box_eps0.0627_iter7,0.4000000000000001,0.2662337662337663,0.98664266,47.35701421245948,0.9970918893814087,0.9975212812423706,0.17577102780342102,0.019814133644104004,372403,0.0067442353,0.0036165015771985054,0.0034772565122693777,0.0035468139685690403
140658,dct_mid_nontargeted_white_box_eps0.0627_iter3,1.0000000000000002,0.5000000000000001,0.99645203,52.06882880820365,0.9991704225540161,0.9996032118797302,0.04811783879995346,0.0011116862297058105,354668,0.0040593706,0.0022304432932287455,0.002087782835587859,0.002145575126633048
102644,dct_mid_nontargeted_white_box_eps0.0627_iter1,1.0000000000000002,0.3333333333333334,0.9986289,58.0340401037508,0.999712347984314,0.9997460246086121,0.032121386379003525,0.0015555024147033691,300415,0.0021719942,0.00125400151591748,0.0012540019815787673,0.001254000118933618
581615,dct_mid_nontargeted_white_box_eps0.0627_iter3,1.0000000000000002,0.5000000000000001,0.9955687,52.211290714062564,0.9990450143814087,0.9992122650146484,0.06337659806013107,0.0037796497344970703,325177,0.0039797556,0.0021308897994458675,0.002145344391465187,0.0021395378280431032
279887,dct_mid_nontargeted_white_box_eps0.0627_iter1,0.4181818181818182,0.24675324675324678,0.9990681,58.06468916643064,0.9998207092285156,0.9999446868896484,0.017232723534107208,0.0004572868347167969,324096,0.0021632581,0.0012404286535456777,0.001248902641236782,0.001246217405423522
230008,dct_mid_nontargeted_white_box_eps0.0627_iter3,0.5151515151515152,0.5090909090909091,0.9960304,50.86965857640345,0.9990987777709961,0.9997775554656982,0.09969716519117355,0.0028589963912963867,344486,0.0047565084,0.002620563842356205,0.002503897761926055,0.002585250185802579
284698,dct_mid_nontargeted_white_box_eps0.0627_iter3,0.3333333333333334,0.25000000000000006,0.99694943,51.6518176523866,0.9993634223937988,0.9996733069419861,0.05478089675307274,0.001446366310119629,325907,0.0042652707,0.002311799442395568,0.0022668049205094576,0.00231591472402215
102356,dct_mid_nontargeted_white_box_eps0.0627_iter2,0.5000000000000001,0.3333333333333334,0.99744993,54.20120021481564,0.9994630217552185,0.9997278451919556,0.0630970150232315,0.0017424225807189941,223199,0.0031062346,0.001509684487245977,0.0015033556846901774,0.0015355065697804093
456394,dct_mid_nontargeted_white_box_eps0.0627_iter1,0.7727272727272729,0.36969696969696975,0.9991774,58.038614156555006,0.9998459815979004,0.9999233484268188,0.017526788637042046,0.0009087920188903809,299835,0.0021707087,0.0012522005708888173,0.0012538287555798888,0.0012520140735432506
323709,dct_mid_nontargeted_white_box_eps0.0627_iter1,1.0000000000000002,0.5000000000000001,0.9986439,58.04235244861097,0.9996821284294128,0.9979230165481567,0.055138036608695984,0.0011383891105651855,315362,0.0021691136,0.0012514997506514192,0.0012513510882854462,0.001251949928700924
452122,dct_mid_nontargeted_white_box_eps0.0627_iter9,1.0000000000000002,0.3333333333333334,0.9842984,47.701724938354715,0.9963275194168091,0.9683232307434082,0.28915756940841675,0.07188749313354492,364931,0.006417698,0.003468426875770092,0.0032799693290144205,0.003342296462506056
579158,dct_mid_nontargeted_white_box_eps0.0627_iter5,0.3333333333333334,0.24675324675324678,0.9932828,48.11942770399969,0.998725175857544,0.9994303584098816,0.07874500751495361,0.004964053630828857,376364,0.006373396,0.00343898287974298,0.0033140969462692738,0.0033760571386665106
525322,dct_mid_nontargeted_white_box_eps0.0627_iter8,1.0000000000000002,0.5000000000000001,0.9829879,47.20521274491068,0.99593585729599,0.9642684459686279,0.25961384177207947,0.05247092247009277,358609,0.0067892475,0.003592897905036807,0.0033339939545840025,0.003430754877626896
33114,dct_mid_nontargeted_white_box_eps0.0627_iter1,0.5000000000000001,0.2545454545454546,0.99881,58.03402794984751,0.999740481376648,0.9998651742935181,0.020530011504888535,0.00043338537216186523,337798,0.0021719963,0.0012540024472400546,0.0012539969757199287,0.001254000817425549
8690,dct_mid_nontargeted_white_box_eps0.0627_iter1,0.22727272727272727,0.2045454545454545,0.99924046,58.23303366352264,0.9998534917831421,0.9999181032180786,0.01184142380952835,0.0006462931632995605,327813,0.002100504,0.0011981124989688396,0.0011965431040152907,0.0011988417245447636
381639,dct_mid_nontargeted_white_box_eps0.0627_iter5,0.45454545454545464,0.33212121212121215,0.9941694,46.90407579191819,0.9989452362060547,0.9990620017051697,0.02845534309744835,0.0018240809440612793,390063,0.007390161,0.00394621305167675,0.003923150710761547,0.003950394224375486
217614,dct_mid_nontargeted_white_box_eps0.0627_iter3,1.0000000000000002,0.5000000000000001,0.9981584,50.903420177093025,0.9994992613792419,0.9998655915260315,0.03201117739081383,0.0008633136749267578,370959,0.004718813,0.0026087856385856867,0.0024989217054098845,0.0025673049967736006
284445,dct_mid_nontargeted_white_box_eps0.0627_iter6,0.3581818181818182,0.34805440771349866,0.9909151,46.285852523800706,0.9983009696006775,0.9989561438560486,0.06927838176488876,0.0034786462783813477,384034,0.007858843,0.0040964120998978615,0.00404152600094676,0.004085431806743145
468124,dct_mid_nontargeted_white_box_eps0.0627_iter1,0.6666666666666669,0.5000000000000001,0.9991873,58.04451628898263,0.9998332858085632,0.9999419450759888,0.00854530930519104,0.0002853274345397949,337728,0.002169037,0.0012527431827038527,0.0012533548288047314,0.0012468290515244007
187144,dct_mid_nontargeted_white_box_eps0.0627_iter2,0.5272727272727273,0.43290043290043306,0.9976345,53.80775732512376,0.9994877576828003,0.9997054934501648,0.04388340562582016,0.0012259483337402344,280259,0.0033453023,0.0016816373681649566,0.0016429689712822437,0.0016786417691037059
273198,dct_mid_nontargeted_white_box_eps0.0627_iter1,0.8787878787878789,0.6000000000000002,0.99924517,58.03968834987256,0.999846875667572,0.9999457001686096,0.009391622617840767,0.00019276142120361328,331034,0.0021699406,0.0012515521375462413,0.0012528642546385527,0.0012526739155873656
95843,dct_mid_nontargeted_white_box_eps0.0627_iter1,1.0000000000000002,0.5000000000000001,0.99884635,58.0799859211356,0.9997732043266296,0.9998696446418762,0.02145756594836712,0.00041538476943969727,321780,0.0021567135,0.0012359670363366604,0.0012484180042520165,0.0012380265397951007
417779,dct_mid_nontargeted_white_box_eps0.0627_iter3,0.6590909090909092,0.43939393939393945,0.99609536,50.67436233139724,0.9990200400352478,0.9996446967124939,0.052208125591278076,0.0018132925033569336,353280,0.0048878654,0.0026555838994681835,0.002614310709759593,0.002670921618118882
447342,dct_mid_nontargeted_white_box_eps0.0627_iter14,0.2272727272727273,0.20557851239669425,0.97926974,41.12548412396937,0.9952763915061951,0.9978455305099487,0.16234827041625977,0.03381943702697754,400529,0.013774245,0.0072372471913695335,0.006839234381914139,0.007134257350116968
490125,dct_mid_nontargeted_white_box_eps0.0627_iter4,0.6555944055944057,0.32423258559622203,0.9938634,49.2023338728022,0.9986716508865356,0.9993970990180969,0.09024973213672638,0.006051957607269287,360374,0.005646308,0.002952844137325883,0.0027970888186246157,0.002931599970906973
561009,dct_mid_nontargeted_white_box_eps0.0627_iter2,1.0000000000000002,0.5000000000000001,0.99737555,54.48180135223011,0.9994934797286987,0.9997825026512146,0.06721419095993042,0.0024503469467163086,223286,0.002989403,0.0014456191565841436,0.0013956617331132293,0.001420726883225143
183675,dct_mid_nontargeted_white_box_eps0.0627_iter5,1.0000000000000002,0.5000000000000001,0.99366313,48.65605951474711,0.998505711555481,0.9994008541107178,0.10370974987745285,0.006295323371887207,370641,0.0059238784,0.0031690162140876055,0.003063165582716465,0.003150748321786523
290248,dct_mid_nontargeted_white_box_eps0.0627_iter1,0.22824675324675328,0.2184910327767471,0.9993017,58.14631488279143,0.9998575448989868,0.9999457001686096,0.010138039477169514,0.0007085800170898438,343248,0.0021382712,0.001245272345840931,0.001208547968417406,0.0012121692998334765
532058,dct_mid_nontargeted_white_box_eps0.0627_iter2,0.7500000000000002,0.7000000000000002,0.99717975,53.84938643137534,0.9994605779647827,0.9996888041496277,0.04965100437402725,0.002875983715057373,246474,0.003300618,0.0016632002079859376,0.0015944837359711528,0.001675682025961578
214200,dct_mid_nontargeted_white_box_eps0.0627_iter5,1.0000000000000002,0.5000000000000001,0.9913438,47.69024316268596,0.9981389045715332,0.9991121888160706,0.09589982777833939,0.0035240650177001953,387436,0.006755658,0.0036323030944913626,0.0034415984991937876,0.0035814547445625067
578093,dct_mid_nontargeted_white_box_eps0.0627_iter1,0.5000000000000001,0.3333333333333334,0.9992849,58.040653160409796,0.9998524188995361,0.9999479651451111,0.008132086135447025,0.00021827220916748047,352563,0.0021700629,0.0012531899847090244,0.0012519009178504348,0.0012511899694800377
369751,dct_mid_nontargeted_white_box_eps0.0627_iter1,0.8181818181818183,0.5757575757575758,0.9991726,58.045893880506014,0.9998237490653992,0.9999362230300903,0.008493496105074883,0.00013017654418945312,344075,0.0021686817,0.0012514065019786358,0.0012530157109722495,0.0012473264941945672
429011,dct_mid_nontargeted_white_box_eps0.0627_iter4,0.3333333333333334,0.28571428571428575,0.9934802,49.86412447234353,0.998591423034668,0.9992286562919617,0.14008976519107819,0.004887998104095459,344774,0.005179729,0.002716854214668274,0.0024784549605101347,0.002576634055003524
301061,dct_mid_nontargeted_white_box_eps0.0627_iter5,0.3333333333333334,0.1666666666666667,0.99485475,49.27621264318965,0.999059796333313,0.9995136857032776,0.06997346878051758,0.004399538040161133,358743,0.005467013,0.002918767975643277,0.0028631635941565037,0.002880089683458209
105264,dct_mid_nontargeted_white_box_eps0.0627_iter3,0.9090909090909093,0.4924242424242425,0.9951844,51.100757442134594,0.998908281326294,0.9994231462478638,0.08611492067575455,0.00159454345703125,345581,0.0046061967,0.002525766845792532,0.0024181767366826534,0.002503989264369011
267434,dct_mid_nontargeted_white_box_eps0.0627_iter6,1.0000000000000002,0.5000000000000001,0.9910054,46.26995755126521,0.9980267286300659,0.9988689422607422,0.0912875235080719,0.015692710876464844,387492,0.007906198,0.004168929066509008,0.004095384851098061,0.003972654230892658
370711,dct_mid_nontargeted_white_box_eps0.0627_iter2,0.5681818181818183,0.18686868686868688,0.99854213,53.36846982725872,0.9996813535690308,0.9999085068702698,0.03125408664345741,0.0007539987564086914,295899,0.0035895251,0.0018569955136626959,0.0018141291802749038,0.0018379691755399108
25393,dct_mid_nontargeted_white_box_eps0.0627_iter2,0.6363636363636365,0.5681818181818183,0.99709034,53.92360760855489,0.9994217753410339,0.9994274973869324,0.05811560899019241,0.001470327377319336,219231,0.0032293329,0.0016179532976821065,0.0016193136107176542,0.0016105546383187175
471087,dct_mid_nontargeted_white_box_eps0.0627_iter6,1.0000000000000002,0.6666666666666669,0.9950928,47.028265004526034,0.9990042448043823,0.9994242191314697,0.058956556022167206,0.006357312202453613,374365,0.007139844,0.0036460300907492638,0.0036470869090408087,0.003670093137770891
106757,dct_mid_nontargeted_white_box_eps0.0627_iter3,0.7727272727272729,0.18181818181818185,0.99675566,51.98619512248173,0.999237060546875,0.9996974468231201,0.057861149311065674,0.0012954473495483398,350008,0.004105562,0.002238909248262644,0.0021505975164473057,0.002217299770563841
183648,dct_mid_nontargeted_white_box_eps0.0627_iter1,0.5000000000000001,0.3333333333333334,0.99917537,58.04883963865083,0.9998151063919067,0.9999431371688843,0.008945558220148087,0.00024080276489257812,352383,0.002167412,0.0012499750591814518,0.001249534310773015,0.0012496969429776073
358525,dct_mid_nontargeted_white_box_eps0.0627_iter1,0.8484848484848486,0.6363636363636365,0.9990997,58.176382129698155,0.9998327493667603,0.9999040961265564,0.017381396144628525,0.0006377696990966797,318547,0.0021173146,0.0012150099501013756,0.0012133745476603508,0.0012122991029173136
49269,dct_mid_nontargeted_white_box_eps0.0627_iter7,1.0000000000000002,0.25000000000000006,0.9891083,46.834161105669345,0.9978280067443848,0.9988434910774231,0.11757694184780121,0.007945001125335693,373235,0.007200977,0.003849607426673174,0.003738406812772155,0.003708288073539734
79144,dct_mid_nontargeted_white_box_eps0.0627_iter4,1.0000000000000002,0.3333333333333334,0.99628544,49.285870053749235,0.9990963935852051,0.9997205138206482,0.06069451570510864,0.0031592845916748047,367596,0.005622629,0.002891919342800975,0.0028187930583953857,0.0028970222920179367
519688,dct_mid_nontargeted_white_box_eps0.0627_iter2,0.3333333333333334,0.20000000000000004,0.9974031,54.26557404367826,0.9994950294494629,0.999689519405365,0.05357193946838379,0.0026699304580688477,220247,0.0030785135,0.001497152028605342,0.0014869454316794872,0.0014955238439142704
431727,dct_mid_nontargeted_white_box_eps0.0627_iter2,0.5454545454545455,0.5000000000000001,0.99826914,54.19794849495915,0.9996277093887329,0.9998831152915955,0.04096639156341553,0.0008116960525512695,259115,0.0031555058,0.0015289768343791366,0.0015250876313075423,0.001496719429269433
130699,dct_mid_nontargeted_white_box_eps0.0627_iter3,0.49675324675324684,0.4254545454545456,0.9960627,50.9843655514446,0.9990270137786865,0.9996930360794067,0.06745770573616028,0.0022440552711486816,351271,0.004682548,0.002583392895758152,0.0024737787898629904,0.0025321582797914743
215245,dct_mid_nontargeted_white_box_eps0.0627_iter2,0.8051948051948054,0.7792207792207794,0.9975751,53.31491062087407,0.9994096755981445,0.9997866153717041,0.04064806550741196,0.0008956193923950195,304512,0.0036224092,0.00188170385081321,0.0018233800074085593,0.001871426240541041
91921,dct_mid_nontargeted_white_box_eps0.0627_iter2,1.0000000000000002,0.5000000000000001,0.9983149,53.38220758200602,0.9995414018630981,0.9998764395713806,0.029418978840112686,0.00018918514251708984,318065,0.0035947962,0.0018571930704638362,0.001836617011576891,0.0017970545450225472
218424,dct_mid_nontargeted_white_box_eps0.0627_iter2,0.5454545454545455,0.3636363636363637,0.99853116,53.27544991035951,0.9996342658996582,0.9999107122421265,0.030086755752563477,0.00045245885848999023,309403,0.0036458608,0.0018967667128890753,0.0018475650576874614,0.0018832720816135406
473974,dct_mid_nontargeted_white_box_eps0.0627_iter7,0.8181818181818183,0.3333333333333334,0.99192,45.6763732965024,0.9979606866836548,0.9993911385536194,0.10456141829490662,0.015482425689697266,393961,0.008343395,0.00445272633805871,0.004314775578677654,0.004420626908540726
405249,dct_mid_nontargeted_white_box_eps0.0627_iter2,0.47272727272727283,0.39393939393939403,0.9980113,53.78534075351909,0.9996148943901062,0.9997893571853638,0.040299102663993835,0.0017913579940795898,242938,0.0033290226,0.0016865718644112349,0.0016543400706723332,0.0016634897328913212
235784,dct_mid_nontargeted_white_box_eps0.0627_iter1,1.0000000000000002,0.6666666666666669,0.99896127,58.10804212872023,0.999769926071167,0.999826967716217,0.01455548033118248,0.00032198429107666016,340485,0.0021463004,0.0012288257712498307,0.0012338330270722508,0.00123575609177351
521540,dct_mid_nontargeted_white_box_eps0.0627_iter1,0.3333333333333334,0.0,0.9989453,58.03603825229239,0.9997975826263428,0.9998877644538879,0.014703018590807915,0.0008752346038818359,321377,0.002171435,0.0012539243325591087,0.0012535334099084139,0.0012527868384495378
537506,dct_mid_nontargeted_white_box_eps0.0627_iter5,0.5636363636363637,0.41414141414141425,0.9923587,48.30423960115741,0.9985032081604004,0.9991785883903503,0.1115633174777031,0.010767936706542969,367401,0.006135981,0.003323099110275507,0.0032050739973783493,0.003278654534369707
119445,dct_mid_nontargeted_white_box_eps0.0627_iter1,1.0000000000000002,0.8750000000000002,0.99927896,58.051377368853835,0.9998224973678589,0.999952495098114,0.010376234538853168,0.00011861324310302734,365881,0.002166161,0.001249210792593658,0.0012501231394708157,0.001247679814696312
507015,dct_mid_nontargeted_white_box_eps0.0627_iter5,0.5000000000000001,0.3863636363636364,0.99158543,47.148125863295846,0.9977001547813416,0.9992734789848328,0.10282213240861893,0.004503369331359863,393133,0.0072403713,0.0038867818657308817,0.0037895923014730215,0.0038729391526430845
173830,dct_mid_nontargeted_white_box_eps0.0627_iter1,1.0000000000000002,0.5000000000000001,0.9989202,58.034238926792185,0.9998049736022949,0.9998263716697693,0.008385015651583672,0.00035876035690307617,305190,0.0021719318,0.0012539674062281847,0.0012539461022242904,0.0012538819573819637
435081,dct_mid_nontargeted_white_box_eps0.0627_iter1,0.2837662337662338,0.2591919191919192,0.99963397,58.04532956471302,0.9999522566795349,0.9999696016311646,0.0013063973747193813,7.426738739013672e-05,321451,0.0021685972,0.001251434674486518,0.0012510450324043632,0.0012497346615418792
18575,dct_mid_nontargeted_white_box_eps0.0627_iter2,0.43939393939393945,0.4285714285714287,0.998121,53.4398027579292,0.999608039855957,0.9998566508293152,0.034774214029312134,0.00045049190521240234,279610,0.0035429364,0.0018276608316227794,0.0017862991662696004,0.00180449103936553
373315,dct_mid_nontargeted_white_box_eps0.0627_iter4,1.0000000000000002,0.6666666666666669,0.9932906,49.875714914231736,0.9985307455062866,0.9990203380584717,0.1112799197435379,0.008632302284240723,333995,0.005147142,0.002611427800729871,0.0025580707006156445,0.002619766630232334
227765,dct_mid_nontargeted_white_box_eps0.0627_iter2,0.590909090909091,0.3787878787878789,0.99766034,53.88529658329742,0.9996049404144287,0.99981689453125,0.040871843695640564,0.0015758872032165527,233450,0.0032775165,0.0016570489387959242,0.001626663375645876,0.0016193119809031487
13546,dct_mid_nontargeted_white_box_eps0.0627_iter4,0.5681818181818183,0.49818181818181834,0.99441284,49.3336924329156,0.9987046718597412,0.9995352029800415,0.08358518779277802,0.0039560794830322266,362310,0.0055800546,0.00289413845166564,0.0027706907130777836,0.0028579120989888906
67310,dct_mid_nontargeted_white_box_eps0.0627_iter1,0.9090909090909093,0.8818181818181821,0.9992504,58.04797703104442,0.9998443126678467,0.9999449253082275,0.0070878611877560616,0.00010967254638671875,350938,0.0021680368,0.0012527069775387645,0.001252642716281116,0.0012445905013009906
125936,dct_mid_nontargeted_white_box_eps0.0627_iter1,0.38636363636363646,0.31168831168831174,0.99907017,58.05149487337901,0.9998218417167664,0.9999313950538635,0.022509397938847542,0.0003466606140136719,315178,0.0021670766,0.0012516224524006248,0.0012535554124042392,0.0012417406542226672
389109,dct_mid_nontargeted_white_box_eps0.0627_iter3,0.43939393939393945,0.3501683501683502,0.99563044,51.514803637339526,0.99918532371521,0.999288022518158,0.07685723900794983,0.0033053159713745117,308296,0.004326671,0.002358299447223544,0.002318178303539753,0.002310811309143901
322211,dct_mid_nontargeted_white_box_eps0.0627_iter4,0.45454545454545464,0.3333333333333334,0.99641967,49.877162465265556,0.9991974830627441,0.9996457695960999,0.05504114180803299,0.004906415939331055,339939,0.005153884,0.002651755465194583,0.0025756710674613714,0.0026006833650171757
184384,dct_mid_nontargeted_white_box_eps0.0627_iter8,0.20000000000000004,0.14285714285714288,0.9872484,45.470109591933934,0.997658908367157,0.9984473586082458,0.123334139585495,0.013773560523986816,377947,0.008390642,0.004416061565279961,0.004266257397830486,0.004273844417184591
426329,dct_mid_nontargeted_white_box_eps0.0627_iter3,0.32004662004662005,0.31629554655870445,0.99555415,52.195485979654315,0.9991771578788757,0.9995018839836121,0.08946597576141357,0.006482362747192383,308306,0.00395705,0.0021647249814122915,0.0021199225448071957,0.0021434789523482323
128476,dct_mid_nontargeted_white_box_eps0.0627_iter3,0.4318181818181819,0.35625,0.99662274,51.33183525771871,0.9993367195129395,0.9997043013572693,0.06495828926563263,0.002629876136779785,326163,0.004447785,0.002439972246065736,0.0023815857712179422,0.002376892603933811
414034,dct_mid_nontargeted_white_box_eps0.0627_iter2,0.6000000000000002,0.5000000000000001,0.99759954,53.884873322859804,0.9995315074920654,0.9998160004615784,0.051006533205509186,0.0008990168571472168,246779,0.0032934814,0.0016478816978633404,0.001606376376003027,0.0016359491273760796
450488,dct_mid_nontargeted_white_box_eps0.0627_iter2,0.6666666666666669,0.5000000000000001,0.997103,54.14655809116787,0.9993704557418823,0.9994953274726868,0.07066048681735992,0.003247499465942383,233840,0.0031618667,0.0015687462873756886,0.001492722425609827,0.001542557729408145
99182,dct_mid_nontargeted_white_box_eps0.0627_iter1,0.6666666666666669,0.5000000000000001,0.9987879,58.11845031797155,0.9997782111167908,0.9998107552528381,0.030160238966345787,0.0005270242691040039,301408,0.002137693,0.0012279413640499115,0.0012310845777392387,0.001230567111633718
51738,dct_mid_nontargeted_white_box_eps0.0627_iter1,0.6666666666666669,0.5000000000000001,0.99872947,58.034750828361354,0.9997538328170776,0.9997606873512268,0.028776735067367554,0.002301633358001709,312574,0.0021717907,0.0012538835871964693,0.0012538498267531395,0.0012536486610770226
99039,dct_mid_nontargeted_white_box_eps0.0627_iter1,0.3750000000000001,0.3333333333333334,0.9991676,58.13160515031514,0.9998437166213989,0.9999187588691711,0.013540800660848618,0.00041544437408447266,329481,0.0021375145,0.0012251591542735696,0.001225750776939094,0.001227503060363233
75456,dct_mid_nontargeted_white_box_eps0.0627_iter2,1.0000000000000002,0.5000000000000001,0.9972938,54.071132068872075,0.9994158148765564,0.9990042448043823,0.08329145610332489,0.003510892391204834,231358,0.0031691298,0.0015880553983151913,0.0015322099206969142,0.0015649854904040694
134882,dct_mid_nontargeted_white_box_eps0.0627_iter9,0.4545454545454547,0.45045682387787656,0.98820424,44.518452387248814,0.9978927373886108,0.9985083937644958,0.04505247622728348,0.007356166839599609,393321,0.009456197,0.004855120554566383,0.005040617194026709,0.004907947964966297
442323,dct_mid_nontargeted_white_box_eps0.0627_iter1,0.8000000000000002,0.5714285714285715,0.9988211,58.04415975262235,0.9997608065605164,0.9997626543045044,0.015708550810813904,0.0007735490798950195,320679,0.0021689432,0.0012498600408434868,0.0012517774011939764,0.0012516012648120522
351823,dct_mid_nontargeted_white_box_eps0.0627_iter1,1.0000000000000002,0.5000000000000001,0.9991805,58.034798394676685,0.9998326301574707,0.9999444484710693,0.005517155863344669,0.0003477931022644043,343048,0.0021717767,0.0012538251467049122,0.0012538422597572207,0.0012536668218672276
65736,dct_mid_nontargeted_white_box_eps0.0627_iter2,1.0000000000000002,0.7500000000000002,0.99661493,54.35879208570064,0.9992491006851196,0.9978702068328857,0.09736613929271698,0.005115389823913574,200029,0.002980263,0.0014790412969887257,0.001444527180865407,0.0014609796926379204
1000,dct_mid_nontargeted_white_box_eps0.0627_iter1,0.5659090909090909,0.45123966942148763,0.9993101,58.0636585164726,0.9998688101768494,0.9999529123306274,0.008026225492358208,0.00017601251602172852,338393,0.0021630176,0.0012460718862712383,0.0012449022615328431,0.001245452556759119
379842,dct_mid_nontargeted_white_box_eps0.0627_iter2,0.5000000000000001,0.4545454545454546,0.9973752,53.89639653967569,0.9994592666625977,0.9997536540031433,0.07487848401069641,0.002381443977355957,248096,0.0032899962,0.001659611938521266,0.0015880514401942492,0.001629538252018392
13923,dct_mid_nontargeted_white_box_eps0.0627_iter2,0.6931818181818183,0.6666666666666667,0.99701184,53.452597000156615,0.9993981122970581,0.9995096325874329,0.06667253375053406,0.006270647048950195,262956,0.0035205344,0.0018180597107857466,0.0017694312846288085,0.0018197703175246716
559543,dct_mid_nontargeted_white_box_eps0.0627_iter1,0.8000000000000002,0.5714285714285715,0.9988094,58.04929301876029,0.9997577667236328,0.9997736215591431,0.028390396386384964,0.001279294490814209,314458,0.0021676652,0.0012523108161985874,0.001253174850717187,0.00124333833809942
185890,dct_mid_nontargeted_white_box_eps0.0627_iter1,0.45454545454545464,0.3636363636363637,0.9992755,58.04975717946157,0.9998623132705688,0.9999456405639648,0.007577074691653252,0.000460207462310791,326394,0.002167491,0.001251647132448852,0.0012511808890849352,0.0012455889955163002
357978,dct_mid_nontargeted_white_box_eps0.0627_iter6,0.2954545454545455,0.27855477855477856,0.9899984,47.49644185753083,0.9981736540794373,0.9987865090370178,0.1056922972202301,0.009758472442626953,363744,0.006694985,0.003478041850030422,0.0033485109452158213,0.0034217005595564842
129492,dct_mid_nontargeted_white_box_eps0.0627_iter4,0.38636363636363646,0.2148760330578513,0.9939354,49.50463094058789,0.9987794756889343,0.9992407560348511,0.07614704966545105,0.005507290363311768,346291,0.00540434,0.0027939737774431705,0.0027137817814946175,0.0027710446156561375
410510,dct_mid_nontargeted_white_box_eps0.0627_iter1,0.8333333333333335,0.6250000000000001,0.9987219,58.05789773793323,0.9997435808181763,0.9997695684432983,0.02083917334675789,0.0008806586265563965,312849,0.0021649539,0.0012443286832422018,0.0012489082291722298,0.0012481673620641232
39951,dct_mid_nontargeted_white_box_eps0.0627_iter6,0.7878787878787881,0.7500000000000002,0.9893784,47.79100625255634,0.9977905750274658,0.9985417127609253,0.12196467816829681,0.012735545635223389,362136,0.0064775576,0.003361435839906335,0.0031543360091745853,0.0033069977071136236
306700,dct_mid_nontargeted_white_box_eps0.0627_iter1,0.7500000000000002,0.6000000000000002,0.99903417,58.05251260816934,0.9997977018356323,0.9998864531517029,0.012665381655097008,0.00010895729064941406,309242,0.0021668824,0.0012515420094132423,0.001252420712262392,0.0012420730199664831
146457,dct_mid_nontargeted_white_box_eps0.0627_iter2,0.6233766233766235,0.5041322314049587,0.9978965,53.52196277238768,0.9995774626731873,0.9998366236686707,0.039830196648836136,0.0010237693786621094,277313,0.0035004423,0.0017929060850292444,0.0017408085986971855,0.0017828387208282948
214224,dct_mid_nontargeted_white_box_eps0.0627_iter1,0.3333333333333334,0.25000000000000006,0.9987063,58.040041424480535,0.9997462034225464,0.999740719795227,0.02829739823937416,0.0006213188171386719,316061,0.0021703092,0.001252148998901248,0.0012533058179542422,0.0012513616820797324
332845,dct_mid_nontargeted_white_box_eps0.0627_iter2,1.0000000000000002,0.8000000000000002,0.99707526,54.35290136493642,0.9994333982467651,0.9993157386779785,0.06691722571849823,0.003331005573272705,203911,0.0029842202,0.0014903536066412926,0.001439866260625422,0.0014677749713882804
187271,dct_mid_nontargeted_white_box_eps0.0627_iter6,1.0000000000000002,0.5000000000000001,0.9895546,48.51397770425683,0.9979238510131836,0.9981744885444641,0.1278134286403656,0.023016512393951416,344086,0.005882434,0.0030039625708013773,0.002935087075456977,0.0029587107710540295
462629,dct_mid_nontargeted_white_box_eps0.0627_iter4,0.2727272727272727,0.20459213988625755,0.99308157,49.64175677529315,0.9987976551055908,0.9992378354072571,0.09879502654075623,0.010827183723449707,336486,0.0052813017,0.002753913402557373,0.0026290533132851124,0.0026662605814635754
544565,dct_mid_nontargeted_white_box_eps0.0627_iter12,0.25000000000000006,0.21969696969696972,0.9804798,43.08400223908826,0.996504545211792,0.9980335831642151,0.07925285398960114,0.006945192813873291,396995,0.011109979,0.005692667327821255,0.005733952391892672,0.005764567293226719
369771,dct_mid_nontargeted_white_box_eps0.0627_iter2,0.2545454545454546,0.20779220779220783,0.998007,53.63572019514712,0.9996101260185242,0.9998648762702942,0.04095133766531944,0.0013136863708496094,257253,0.0034239828,0.0017431383021175861,0.001710401033051312,0.001731115859001875
35963,dct_mid_nontargeted_white_box_eps0.0627_iter1,0.5454545454545455,0.5000000000000001,0.9994201,58.04006956799289,0.9998679161071777,0.9999603629112244,0.0037850847002118826,6.717443466186523e-05,360008,0.0021703101,0.0012533131521195173,0.001253514550626278,0.0012499571312218904
289516,dct_mid_nontargeted_white_box_eps0.0627_iter7,1.0000000000000002,0.5000000000000001,0.9886238,46.53003348732287,0.9974771738052368,0.9970600008964539,0.17809021472930908,0.017473280429840088,378764,0.0074283686,0.004005685914307833,0.003742450848221779,0.003933350555598736
334309,dct_mid_nontargeted_white_box_eps0.0627_iter3,0.2272727272727273,0.20454545454545459,0.99656373,51.45530622703586,0.9993192553520203,0.9996753931045532,0.06912262737751007,0.0026340484619140625,320241,0.0043705683,0.0023846758995205164,0.002319709397852421,0.0023735573049634695
452084,dct_mid_nontargeted_white_box_eps0.0627_iter1,0.5000000000000001,0.4000000000000001,0.9989209,58.534308790538994,0.9998979568481445,0.9999376535415649,0.005157530773431063,0.0004878044128417969,271436,0.001994428,0.0011490441393107176,0.0010941304499283433,0.0011094823712483048
301718,dct_mid_nontargeted_white_box_eps0.0627_iter1,0.6493506493506495,0.5555555555555557,0.9990568,58.03607703244133,0.9998202323913574,0.9999189972877502,0.012097562663257122,0.0002764463424682617,324215,0.00217132,0.001253611990250647,0.001253573689609766,0.0012530439998954535
429598,dct_mid_nontargeted_white_box_eps0.0627_iter1,1.0000000000000002,0.8000000000000002,0.99900866,58.036512576875616,0.9998147487640381,0.9999163150787354,0.012669413350522518,0.00043451786041259766,323907,0.0021710584,0.0012533575063571334,0.0012532625114545226,0.0012532370164990425
165257,dct_mid_nontargeted_white_box_eps0.0627_iter1,1.0000000000000002,0.3333333333333334,0.99887013,58.03719247904983,0.9997735023498535,0.9999150633811951,0.019456326961517334,0.0005976557731628418,327277,0.0021710745,0.0012534377165138721,0.001253188238479197,0.001252653542906046
93437,dct_mid_nontargeted_white_box_eps0.0627_iter1,0.18181818181818185,0.16363636363636366,0.99899405,58.088321761367816,0.9997760057449341,0.99993497133255,0.01094625424593687,0.0001983642578125,349109,0.0021528024,0.0012383369030430913,0.001238627010025084,0.001238325727172196
413552,dct_mid_nontargeted_white_box_eps0.0627_iter3,0.27272727272727276,0.2545454545454546,0.99541503,52.12369376299066,0.9990583658218384,0.9994180798530579,0.09340488910675049,0.005210757255554199,305906,0.0039953007,0.0021615498699247837,0.002154716057702899,0.002166397636756301
62025,dct_mid_nontargeted_white_box_eps0.0627_iter3,0.7500000000000002,0.6545454545454547,0.99469787,51.468357634592266,0.998877763748169,0.9992573857307434,0.0704723671078682,0.0028946399688720703,340306,0.004404056,0.00237382878549397,0.002350584836676717,0.0023601227439939976
17379,dct_mid_nontargeted_white_box_eps0.0627_iter3,0.6666666666666669,0.5000000000000001,0.9961154,51.830520144119454,0.9992268085479736,0.999514102935791,0.05303352326154709,0.0013065934181213379,316838,0.004162344,0.002263518050312996,0.002222432754933834,0.0022555068135261536
176778,dct_mid_nontargeted_white_box_eps0.0627_iter1,1.0000000000000002,0.6666666666666669,0.99895126,58.05923434112374,0.9997856616973877,0.9998664259910583,0.012326421216130257,0.0003768801689147949,322668,0.0021639229,0.001251735258847475,0.0012504776241257787,0.001238031662069261
104572,dct_mid_nontargeted_white_box_eps0.0627_iter3,0.27272727272727276,0.20454545454545459,0.9964343,51.4587469561209,0.9992308616638184,0.999592661857605,0.07679297029972076,0.005542397499084473,334038,0.0043923217,0.0023943183477967978,0.002326209796592593,0.0023564195726066828
90108,dct_mid_nontargeted_white_box_eps0.0627_iter4,1.0000000000000002,0.8333333333333336,0.991093,49.33175669422394,0.9981257319450378,0.998316764831543,0.10472763329744339,0.009398818016052246,357606,0.005576781,0.0028955498710274696,0.0027830940671265125,0.002867884235456586
157124,dct_mid_nontargeted_white_box_eps0.0627_iter1,1.0000000000000002,0.3333333333333334,0.9988742,58.04097517428577,0.999781608581543,0.999849259853363,0.017900045961141586,0.0006153583526611328,320459,0.0021700747,0.001252747722901404,0.0012537989532575011,0.0012494446709752083
89556,dct_mid_nontargeted_white_box_eps0.0627_iter1,0.4162337662337663,0.40454545454545465,0.99928,58.14682090222603,0.9998579025268555,0.9999331831932068,0.009322255849838257,0.0002645254135131836,338412,0.0021316896,0.0012217845069244504,0.0012220662320032716,0.0012217079056426883
86220,dct_mid_nontargeted_white_box_eps0.0627_iter4,0.5000000000000001,0.44949494949494956,0.99335283,48.69441565909465,0.998530387878418,0.9994112253189087,0.09944899380207062,0.005870044231414795,377695,0.0060750837,0.0032440039794892073,0.003054034197703004,0.0031186314299702644
508602,dct_mid_nontargeted_white_box_eps0.0627_iter3,0.7727272727272729,0.6666666666666669,0.9972617,51.55223078579593,0.999578595161438,0.9997307062149048,0.029647160321474075,0.0016574859619140625,330321,0.0043347925,0.002336877165362239,0.002328728325664997,0.0023064957931637764
10363,dct_mid_nontargeted_white_box_eps0.0627_iter1,1.0000000000000002,0.8750000000000002,0.9988768,58.03554364115398,0.999753475189209,0.9998633861541748,0.017324049025774002,0.0004410743713378906,340120,0.0021715723,0.0012536515714600682,0.0012535712448880076,0.0012534919660538435
17178,dct_mid_nontargeted_white_box_eps0.0627_iter3,0.840909090909091,0.6363636363636366,0.9968295,51.471852365788294,0.999170184135437,0.9996471405029297,0.07197421044111252,0.0015643835067749023,346264,0.004402555,0.0023813291918486357,0.0023459349758923054,0.002337686950340867
507975,dct_mid_nontargeted_white_box_eps0.0627_iter5,0.5151515151515152,0.4848484848484849,0.9943952,47.50183452981291,0.9989269971847534,0.9995077252388,0.06914839148521423,0.0047435760498046875,381019,0.0068509025,0.003720082575455308,0.0035970949102193117,0.0036536038387566805
314177,dct_mid_nontargeted_white_box_eps0.0627_iter2,0.5000000000000001,0.4000000000000001,0.9975869,54.51499656641143,0.999485194683075,0.9995421767234802,0.038055434823036194,0.002759575843811035,215344,0.0029516649,0.001445791102014482,0.0013597500510513783,0.0014259377494454384
313182,dct_mid_nontargeted_white_box_eps0.0627_iter8,0.5454545454545456,0.4030303030303031,0.98215777,44.46094669273742,0.9957000017166138,0.9970651268959045,0.19194215536117554,0.02029860019683838,395217,0.009564854,0.005006315652281046,0.004842329304665327,0.004937149118632078
538364,dct_mid_nontargeted_white_box_eps0.0627_iter2,0.5,0.49870129870129876,0.9978056,53.5691167975114,0.9995629191398621,0.9998090267181396,0.040705859661102295,0.00045228004455566406,259695,0.0034755445,0.0017728554084897041,0.0017432149033993483,0.0017442118842154741
149406,dct_mid_nontargeted_white_box_eps0.0627_iter2,1.0000000000000002,0.3333333333333334,0.99866456,53.83765663926858,0.9997684955596924,0.999870240688324,0.005319441203027964,0.0002111196517944336,252788,0.0033245238,0.0016454533906653523,0.0016534255119040608,0.0016448923852294683
180383,dct_mid_nontargeted_white_box_eps0.0627_iter1,0.7500000000000002,0.5000000000000001,0.9990005,58.03989273385696,0.9998268485069275,0.9999193549156189,0.014328857883810997,0.00041735172271728516,312048,0.0021703527,0.0012534429552033544,0.0012531738029792905,0.0012503251200541854
449996,dct_mid_nontargeted_white_box_eps0.0627_iter1,0.3636363636363637,0.340909090909091,0.99876505,58.03721713297379,0.9997096061706543,0.9986332654953003,0.024641050025820732,0.001420438289642334,330716,0.002171079,0.0012527391081675887,0.0012533888220787048,0.0012530982494354248
168619,dct_mid_nontargeted_white_box_eps0.0627_iter3,1.0000000000000002,0.5000000000000001,0.99542147,50.913506072853195,0.9989964365959167,0.9996472001075745,0.06830155849456787,0.005168437957763672,337879,0.0047224667,0.0025868206284940243,0.0024972560349851847,0.002555962186306715
209613,dct_mid_nontargeted_white_box_eps0.0627_iter3,0.5757575757575759,0.39393939393939403,0.99694926,51.01124985697018,0.9991628527641296,0.9997690320014954,0.06098407506942749,0.0020971298217773438,365750,0.0046725967,0.0025380169972777367,0.0025003724731504917,0.00251679215580225
103548,dct_mid_nontargeted_white_box_eps0.0627_iter5,0.6363636363636365,0.5500518000518001,0.9940324,47.75722857333985,0.9985408782958984,0.999577522277832,0.07300412654876709,0.008207321166992188,387167,0.006682984,0.0035935076884925365,0.0035266964696347713,0.0035440849605947733
469652,dct_mid_nontargeted_white_box_eps0.0627_iter4,1.0000000000000002,0.5000000000000001,0.9960303,50.1479445521478,0.9991747736930847,0.9997102618217468,0.0774562731385231,0.0028184056282043457,335905,0.0050008697,0.0025558490306138992,0.002480558818206191,0.002508864039555192
15338,dct_mid_nontargeted_white_box_eps0.0627_iter2,0.8484848484848486,0.5090909090909091,0.9978385,53.45986154265358,0.9995025396347046,0.9998055696487427,0.052263643592596054,0.0015797615051269531,295031,0.0035519982,0.0017996737733483315,0.0017822301015257835,0.0018177889287471771
512564,dct_mid_nontargeted_white_box_eps0.0627_iter2,0.30909090909090914,0.28030303030303033,0.9975316,53.169595684195826,0.999485969543457,0.9998000860214233,0.0589391365647316,0.0019101500511169434,295592,0.0037045265,0.0019461330957710743,0.0019026687368750572,0.0019207611912861466
336658,dct_mid_nontargeted_white_box_eps0.0627_iter2,0.39393939393939403,0.2666666666666667,0.9968822,53.52435219511243,0.9993623495101929,0.999452531337738,0.06507735699415207,0.003582596778869629,250537,0.0034917712,0.0017343780491501093,0.0017759661423042417,0.0018102587200701237
568439,dct_mid_nontargeted_white_box_eps0.0627_iter4,0.38636363636363646,0.3254545454545455,0.9939027,48.549648457141394,0.9985482096672058,0.9995167255401611,0.08271224796772003,0.0030328035354614258,381376,0.006198704,0.003256781492382288,0.00317939929664135,0.003226282075047493
372317,dct_mid_nontargeted_white_box_eps0.0627_iter2,1.0000000000000002,0.6666666666666669,0.99734426,53.43328684194044,0.9993864893913269,0.9997662901878357,0.05600555241107941,0.0012254714965820312,288832,0.0035582182,0.0018099036533385515,0.0017853239551186562,0.0018311936873942614
476704,dct_mid_nontargeted_white_box_eps0.0627_iter3,0.9090909090909092,0.6493506493506495,0.9949024,50.96143472800061,0.9988986849784851,0.9994249939918518,0.0878625437617302,0.0040438175201416016,336054,0.0046909414,0.0025709355250000954,0.0024993913248181343,0.0025365734472870827
260266,dct_mid_nontargeted_white_box_eps0.0627_iter7,0.8636363636363638,0.5757575757575758,0.98433256,45.97535183204185,0.996336817741394,0.9958807229995728,0.14053943753242493,0.011685848236083984,385727,0.008025294,0.004247369710355997,0.004085869062691927,0.004354530014097691
106048,dct_mid_nontargeted_white_box_eps0.0627_iter1,1.0000000000000002,0.5000000000000001,0.9988597,58.03786537774855,0.9997799396514893,0.9998641610145569,0.017494961619377136,0.00040221214294433594,320411,0.0021709106,0.0012535558780655265,0.0012534871930256486,0.0012516502756625414
177893,dct_mid_nontargeted_white_box_eps0.0627_iter3,0.5000000000000001,0.4166666666666667,0.99502224,50.66374247199533,0.9989560842514038,0.9994331002235413,0.09448069334030151,0.004283308982849121,342149,0.0048579155,0.002634529722854495,0.0025390067603439093,0.002638551639392972
479099,dct_mid_nontargeted_white_box_eps0.0627_iter8,1.0000000000000002,0.5000000000000001,0.99142975,44.64822202718028,0.9975409507751465,0.9991707801818848,0.08049559593200684,0.014221429824829102,394832,0.009481956,0.004817286506295204,0.00474141351878643,0.004994489718228579
269196,dct_mid_nontargeted_white_box_eps0.0627_iter6,0.4363636363636364,0.4147727272727272,0.9914271,47.334936570248445,0.9981449842453003,0.999285101890564,0.10957565158605576,0.006956517696380615,372528,0.0068787904,0.0035348362289369106,0.0034537180326879025,0.0035065074916929007
315450,dct_mid_nontargeted_white_box_eps0.0627_iter2,0.4090909090909091,0.4000000000000001,0.9972091,53.70557170540543,0.9994031190872192,0.9996808171272278,0.06924481689929962,0.0021637678146362305,264791,0.003384907,0.0017382847145199776,0.001667743781581521,0.0017020800150930882
171050,dct_mid_nontargeted_white_box_eps0.0627_iter1,1.0000000000000002,0.5000000000000001,0.9990682,58.11275094382468,0.9998025298118591,0.9998242259025574,0.017441019415855408,0.0003377199172973633,298804,0.0021491107,0.0012170934351161122,0.00122366554569453,0.001253672642633319
243867,dct_mid_nontargeted_white_box_eps0.0627_iter3,1.0000000000000002,0.7500000000000002,0.99444276,51.332565919221686,0.9987947344779968,0.9991626739501953,0.09736721217632294,0.004899501800537109,336033,0.004469255,0.0024364294949918985,0.002344854874536395,0.0024115205742418766
263594,dct_mid_nontargeted_white_box_eps0.0627_iter2,0.5454545454545455,0.4318181818181819,0.9976921,53.49201953330307,0.999543309211731,0.9998035430908203,0.04377103969454765,0.0007767677307128906,273359,0.0035217712,0.001816061558201909,0.0017411485314369202,0.0017983647994697094
147725,dct_mid_nontargeted_white_box_eps0.0627_iter1,0.6136363636363638,0.490909090909091,0.99896765,58.05161657999727,0.9997695684432983,0.9998899102210999,0.01622636616230011,0.00048410892486572266,337771,0.0021668123,0.0012530689127743244,0.0012511758832260966,0.0012425646418705583
88432,dct_mid_nontargeted_white_box_eps0.0627_iter3,0.7121212121212123,0.5272727272727273,0.99718434,51.05854684016176,0.9994217753410339,0.9997586011886597,0.04026709496974945,0.001019120216369629,346326,0.0046302085,0.002526982920244336,0.0024739198852330446,0.002490055514499545
272364,dct_mid_nontargeted_white_box_eps0.0627_iter4,0.45454545454545453,0.34090909090909094,0.99607354,49.52604574487515,0.9991609454154968,0.9996513724327087,0.07240201532840729,0.00280606746673584,353066,0.0054049236,0.0027873909566551447,0.0026969057507812977,0.0027435144875198603
138979,dct_mid_nontargeted_white_box_eps0.0627_iter3,0.9393939393939396,0.5636363636363637,0.9955575,51.193901965635064,0.999114453792572,0.9994894862174988,0.08077386766672134,0.004102230072021484,324087,0.004534313,0.0024899987038224936,0.002404055092483759,0.002463855780661106
519491,dct_mid_nontargeted_white_box_eps0.0627_iter1,0.5000000000000001,0.3333333333333334,0.9986131,58.037849375942145,0.9996785521507263,0.9992939233779907,0.02990095689892769,0.0006059408187866211,310257,0.0021708347,0.001252614427357912,0.0012527753133326769,0.0012533117551356554
100283,dct_mid_nontargeted_white_box_eps0.0627_iter3,0.7272727272727274,0.3772727272727273,0.99505043,50.54130922975738,0.9988698959350586,0.9994741082191467,0.06802737712860107,0.003186941146850586,334360,0.004969006,0.002732957014814019,0.002651388058438897,0.0027125212363898754
563653,dct_mid_nontargeted_white_box_eps0.0627_iter10,0.5272727272727273,0.4276515151515152,0.97961885,42.82339533968633,0.9951330423355103,0.9981476664543152,0.17093899846076965,0.03804361820220947,398898,0.011571063,0.006075130309909582,0.005873267538845539,0.00604510260745883
345361,dct_mid_nontargeted_white_box_eps0.0627_iter1,0.4025974025974026,0.3333333333333334,0.9991307,58.03490405981806,0.9998382925987244,0.9999426603317261,0.00965752825140953,8.285045623779297e-05,319099,0.002171755,0.0012534823035821319,0.0012539818417280912,0.001253781490959227
475732,dct_mid_nontargeted_white_box_eps0.0627_iter1,1.0000000000000002,0.5000000000000001,0.9989976,58.04975859371897,0.9998008608818054,0.999905526638031,0.01902219094336033,0.0003235936164855957,305266,0.0021676647,0.0012405612505972385,0.0012539387680590153,0.00125390465836972
108244,dct_mid_nontargeted_white_box_eps0.0627_iter1,1.0000000000000002,0.25000000000000006,0.9989807,58.03880201044522,0.9997920989990234,0.9998387098312378,0.020706001669168472,0.0011246800422668457,310490,0.002170572,0.0012529754312708974,0.0012529316591098905,0.0012519687879830599
23230,dct_mid_nontargeted_white_box_eps0.0627_iter3,1.0000000000000002,0.9454545454545457,0.99733776,50.394376863594346,0.999229371547699,0.9997774362564087,0.047045253217220306,0.003663182258605957,367200,0.0050736363,0.0027837692759931087,0.0027015560772269964,0.0027964303735643625
73702,dct_mid_nontargeted_white_box_eps0.0627_iter1,0.5000000000000001,0.4000000000000001,0.999121,58.051670729228626,0.9998359084129333,0.9999284148216248,0.010337308049201965,0.0003147125244140625,329519,0.002167089,0.001241466961801052,0.0012523046461865306,0.0012529822997748852
521141,dct_mid_nontargeted_white_box_eps0.0627_iter3,0.8181818181818183,0.4405991735537191,0.99637467,51.16795267994028,0.9992730021476746,0.9996566772460938,0.053060583770275116,0.0021825432777404785,333872,0.004536438,0.0024938888382166624,0.002394125098362565,0.0024662408977746964
61268,dct_mid_nontargeted_white_box_eps0.0627_iter1,0.5000000000000001,0.3333333333333334,0.99897474,58.26366802633724,0.9997898936271667,0.9998422265052795,0.019168121740221977,0.0006755590438842773,320050,0.0020892879,0.0011953790672123432,0.0011925866128876805,0.0011802945518866181
393093,dct_mid_nontargeted_white_box_eps0.0627_iter4,0.6060606060606062,0.39545454545454556,0.9936573,48.49405646234615,0.9986405372619629,0.9994106888771057,0.10406280308961868,0.009827256202697754,381749,0.0062222537,0.003315497888252139,0.0031456907745450735,0.003259169403463602
493566,dct_mid_nontargeted_white_box_eps0.0627_iter2,0.5454545454545455,0.3333333333333334,0.99714404,53.737224473387506,0.9993232488632202,0.9973670840263367,0.09293415397405624,0.0017574429512023926,283347,0.0034138432,0.001710353186354041,0.0016418731538578868,0.00170776410959661
191471,dct_mid_nontargeted_white_box_eps0.0627_iter2,1.0000000000000002,0.5000000000000001,0.99760145,54.0922345592599,0.9995073676109314,0.9996883273124695,0.04866315424442291,0.0023459196090698242,231935,0.0031740526,0.001565486891195178,0.0015409850748255849,0.0015572479460388422
11122,dct_mid_nontargeted_white_box_eps0.0627_iter2,0.5000000000000001,0.3333333333333334,0.99846697,53.08599821251378,0.9996317625045776,0.9998903274536133,0.02904881164431572,0.0006973147392272949,336312,0.0037523436,0.00200608535669744,0.0019273567013442516,0.001953474013134837
198510,dct_mid_nontargeted_white_box_eps0.0627_iter2,1.0000000000000002,0.6666666666666669,0.9978237,53.93425446086369,0.999539852142334,0.9997233152389526,0.032116685062646866,0.0017740726470947266,247992,0.003256113,0.0016113464953377843,0.0016298224218189716,0.0016384765040129423
126592,dct_mid_nontargeted_white_box_eps0.0627_iter1,0.8131313131313133,0.8080808080808082,0.9989879,58.0565387884548,0.9997760653495789,0.9999082684516907,0.01539263129234314,0.00035858154296875,351807,0.0021656377,0.0012480984441936016,0.0012509728549048305,0.0012434778036549687
416269,dct_mid_nontargeted_white_box_eps0.0627_iter2,1.0000000000000002,0.5000000000000001,0.9974334,53.669526032158245,0.9994294047355652,0.9997249841690063,0.06631053984165192,0.003901362419128418,254591,0.003394824,0.0017423465615138412,0.0016967847477644682,0.001706120790913701
133567,dct_mid_nontargeted_white_box_eps0.0627_iter3,1.0000000000000002,0.6666666666666669,0.99543095,50.72358008196882,0.9988745450973511,0.9996604323387146,0.06900781393051147,0.0014698505401611328,358081,0.0048557403,0.0026406883262097836,0.002594290068373084,0.0026305720675736666
521052,dct_mid_nontargeted_white_box_eps0.0627_iter1,1.0000000000000002,0.5000000000000001,0.9993867,58.04727281013666,0.9998615980148315,0.9999567270278931,0.005376801826059818,9.375810623168945e-05,362775,0.0021679483,0.0012502559693530202,0.0012503409525379539,0.0012499579461291432
332318,dct_mid_nontargeted_white_box_eps0.0627_iter6,0.2556818181818182,0.20320855614973263,0.98949736,46.07219584171582,0.9970125555992126,0.9990734457969666,0.11308658123016357,0.028178811073303223,392525,0.008152908,0.004375352989882231,0.00409699184820056,0.00417856452986598
186296,dct_mid_nontargeted_white_box_eps0.0627_iter2,1.0000000000000002,0.5000000000000001,0.9984579,53.834326199523154,0.999647319316864,0.9998712539672852,0.034901391714811325,0.0007051229476928711,261276,0.0033276426,0.0016675522783771157,0.0016196126816794276,0.001661236397922039
415990,dct_mid_nontargeted_white_box_eps0.0627_iter8,0.47417027417027424,0.3945824062301336,0.9830013,44.84184270549488,0.9961058497428894,0.9975231289863586,0.16745148599147797,0.03237712383270264,390848,0.0091821775,0.004824730101972818,0.004661716986447573,0.004741306882351637
187236,dct_mid_nontargeted_white_box_eps0.0627_iter1,0.3333333333333334,0.25000000000000006,0.9984847,58.30271880853271,0.999719500541687,0.9995999932289124,0.034108925610780716,0.001018524169921875,285882,0.0020957217,0.0012505140621215105,0.0012048401404172182,0.0010809730738401413
271728,dct_mid_nontargeted_white_box_eps0.0627_iter1,0.7575757575757577,0.6493506493506495,0.99893636,58.03594218139695,0.9997916221618652,0.9999120831489563,0.016875214874744415,0.00025522708892822266,316351,0.0021714566,0.0012531811371445656,0.0012535655405372381,0.001253608614206314
460147,dct_mid_nontargeted_white_box_eps0.0627_iter1,0.22261072261072265,0.21314102564102566,0.9990637,58.09311225981698,0.9998124837875366,0.9999116659164429,0.01795808970928192,0.00019097328186035156,330304,0.002153666,0.001240442623384297,0.0012428549816831946,0.001227880478836596
200667,dct_mid_nontargeted_white_box_eps0.0627_iter2,1.0000000000000002,0.5000000000000001,0.9976873,54.14751624429928,0.9995273351669312,0.9998077750205994,0.0519535094499588,0.0019752979278564453,252601,0.0031797332,0.001551699242554605,0.0015329687157645822,0.0015185424126684666
77595,dct_mid_nontargeted_white_box_eps0.0627_iter2,0.6666666666666669,0.5000000000000001,0.9973983,53.980447241020364,0.9994534254074097,0.9997724890708923,0.07317886501550674,0.0025140047073364258,236180,0.0032288027,0.0016164876287803054,0.0015766163123771548,0.0015914165414869785
278463,dct_mid_nontargeted_white_box_eps0.0627_iter1,0.5714285714285715,0.5625000000000002,0.9989436,58.04209213058272,0.9997764825820923,0.9998941421508789,0.017003756016492844,0.0003960132598876953,330290,0.0021696622,0.0012520718155428767,0.0012522852048277855,0.0012506649363785982
190140,dct_mid_nontargeted_white_box_eps0.0627_iter5,0.8484848484848486,0.6000000000000002,0.99268967,48.437140240543414,0.998424232006073,0.9991357326507568,0.10963448882102966,0.00935828685760498,369482,0.0060722847,0.0032611354254186153,0.0031350881326943636,0.0032586443703621626
476810,dct_mid_nontargeted_white_box_eps0.0627_iter1,0.4000000000000001,0.3333333333333334,0.99917006,58.05174930461723,0.9998264312744141,0.9998887181282043,0.010062843561172485,0.00020813941955566406,329073,0.002167075,0.001248686108738184,0.0012504643527790904,0.0012475283583626151
540280,dct_mid_nontargeted_white_box_eps0.0627_iter2,0.5000000000000001,0.39393939393939403,0.997454,53.98698048022854,0.9994761347770691,0.9995846152305603,0.06296208500862122,0.0040032267570495605,235501,0.0032155088,0.001630070386454463,0.001584116485901177,0.0015732267638668418
126216,dct_mid_nontargeted_white_box_eps0.0627_iter2,0.7272727272727274,0.24242424242424246,0.9985023,53.709746072056106,0.9996049404144287,0.9999149441719055,0.03763119876384735,0.001069784164428711,298200,0.0034167713,0.0017015046905726194,0.0016837435541674495,0.0017082677222788334
32901,dct_mid_nontargeted_white_box_eps0.0627_iter13,0.44155844155844165,0.4297520661157026,0.97649574,42.082236625100535,0.9955348968505859,0.9973410367965698,0.12518668174743652,0.012209773063659668,399578,0.012375388,0.006481245160102844,0.006432168651372194,0.006471751257777214
407960,dct_mid_nontargeted_white_box_eps0.0627_iter1,0.6666666666666669,0.5000000000000001,0.9987957,58.05567963898675,0.9997524619102478,0.9997717142105103,0.03212485834956169,0.001239776611328125,303608,0.0021654821,0.0012438702397048473,0.0012513494584709406,0.0012480884324759245
84270,dct_mid_nontargeted_white_box_eps0.0627_iter1,0.27493339993339994,0.2635697635697636,0.99920464,58.096044001355274,0.9998527765274048,0.9999333024024963,0.011577233672142029,0.00015932321548461914,328871,0.0021504587,0.0012357017258182168,0.001240759389474988,0.0012322176480665803
267191,dct_mid_nontargeted_white_box_eps0.0627_iter2,1.0000000000000002,0.6666666666666669,0.99825984,53.78556984780662,0.9996002912521362,0.9998502731323242,0.03498519957065582,0.0006430149078369141,279616,0.0033630396,0.0016693376237526536,0.0016552426386624575,0.0016862238990142941
422836,dct_mid_nontargeted_white_box_eps0.0627_iter7,0.1090909090909091,0.073989898989899,0.98934907,46.74485756074759,0.9979507327079773,0.9985100030899048,0.12274575978517532,0.013860106468200684,377436,0.007254564,0.003866378450766206,0.003778219223022461,0.00382349849678576
493613,dct_mid_nontargeted_white_box_eps0.0627_iter10,0.5000000000000001,0.1666666666666667,0.989878,44.43602341720712,0.9968605041503906,0.9986638426780701,0.11938658356666565,0.022968649864196777,392502,0.009549254,0.004960984922945499,0.004758188501000404,0.0048723723739385605
217948,dct_mid_nontargeted_white_box_eps0.0627_iter4,0.6363636363636365,0.5000000000000001,0.99621207,49.37188948426563,0.9990474581718445,0.9996497631072998,0.07256841659545898,0.006542325019836426,352971,0.0055107777,0.0028888441156595945,0.0027231816202402115,0.0028114444576203823
317024,dct_mid_nontargeted_white_box_eps0.0627_iter4,1.0000000000000002,0.5000000000000001,0.9964655,49.81474443376289,0.9992272257804871,0.999763548374176,0.0536317303776741,0.0026154518127441406,351713,0.0052419007,0.0026615047827363014,0.0026233396492898464,0.002652158960700035
463522,dct_mid_nontargeted_white_box_eps0.0627_iter2,0.16363636363636364,0.13636363636363638,0.99757427,53.54004846803646,0.9994534254074097,0.9997643828392029,0.041037023067474365,0.0013022422790527344,281899,0.0034947605,0.001786574604921043,0.0017663206672295928,0.0017473850166425109
213547,dct_mid_nontargeted_white_box_eps0.0627_iter1,0.5000000000000001,0.4285714285714287,0.9991539,58.04513669683543,0.9998456835746765,0.9999296069145203,0.012459143996238708,0.0003737807273864746,311723,0.0021687949,0.0012500029988586903,0.0012513251276686788,0.0012510769302025437