image_id,variant,map_original,map_adversarial,SSIM,PSNR,MS-SSIM,FSIM,LPIPS,DISTS,L0,L2
87038,dct_high_nontargeted_white_box_eps0.0627_iter1,0.1424093879976233,0.13183113183113185,0.99909943,58.03792344697083,0.9998823404312134,0.999984860420227,0.012967970222234726,0.0005674362182617188,408686,0.0021702999,0.0012529009254649282,0.0012528509832918644,0.001252870075404644
480985,dct_high_nontargeted_white_box_eps0.0627_iter2,0.26255411255411254,0.20779220779220778,0.9990156,55.06320752810601,0.9998996257781982,0.9999802112579346,0.006028846837580204,0.00028896331787109375,252295,0.002492766,0.0012560716131702065,0.001257643336430192,0.0012568181846290827
386912,dct_high_nontargeted_white_box_eps0.0627_iter37,0.20000000000000004,0.0,0.97877806,41.59357935807604,0.9975854158401489,0.9995497465133667,0.05304945632815361,0.005167186260223389,621030,0.012638382,0.0066694640554487705,0.006656572688370943,0.006719039753079414
348881,dct_high_nontargeted_white_box_eps0.0627_iter5,0.3333333333333334,0.22222222222222218,0.9956849,50.68038089328325,0.9994704723358154,0.9999023079872131,0.026537129655480385,0.002342700958251953,473595,0.00447474,0.002430262276902795,0.0024263770319521427,0.002429865300655365
181666,dct_high_nontargeted_white_box_eps0.0627_iter1,0.4545454545454545,0.3522727272727274,0.9991269,58.144182878309145,0.9998980760574341,0.9999892711639404,0.009216584265232086,0.0006536245346069336,392062,0.0021288118,0.0012235253816470504,0.0012219365453347564,0.0012222948716953397
143931,dct_high_nontargeted_white_box_eps0.0627_iter1,0.25000000000000006,0.0,0.9992276,58.05136275613031,0.9999000430107117,0.9999815821647644,0.0032322329934686422,0.00037592649459838867,388782,0.0021657094,0.0012471352238208055,0.0012500978773459792,0.0012497880961745977
463730,dct_high_nontargeted_white_box_eps0.0627_iter1,0.10683982683982685,0.08083431719795357,0.9993143,58.04858036140469,0.9999192953109741,0.9999898672103882,0.003140394575893879,0.0002709627151489258,403646,0.0021674957,0.0012511922977864742,0.0012492405949160457,0.0012489838991314173
308394,dct_high_nontargeted_white_box_eps0.0627_iter5,0.25000000000000006,0.12500000000000003,0.99339944,50.98549967667377,0.9994038939476013,0.9998952150344849,0.057388290762901306,0.002252817153930664,431242,0.0043036654,0.0023631532676517963,0.002324646571651101,0.0023272077087312937
456496,dct_high_nontargeted_white_box_eps0.0627_iter5,0.3333333333333334,0.1666666666666667,0.997386,50.61155084343403,0.999688982963562,0.9999473094940186,0.010537572205066681,0.0015059709548950195,478950,0.004576346,0.002472404157742858,0.002468716586008668,0.0024632138665765524
85329,dct_high_nontargeted_white_box_eps0.0627_iter4,0.5000000000000001,0.25000000000000006,0.9942991,51.846011392641216,0.9993202090263367,0.9997836947441101,0.14832118153572083,0.025371253490447998,356274,0.0037719037,0.0019340658327564597,0.0019275099039077759,0.0019258558750152588
329323,dct_high_nontargeted_white_box_eps0.0627_iter1,0.5756204579733991,0.509641873278237,0.999293,58.04557147084036,0.9999255537986755,0.9999884963035583,0.003154122270643711,0.00011670589447021484,389334,0.002167977,0.001250747824087739,0.0012501339660957456,0.0012511215172708035
239274,dct_high_nontargeted_white_box_eps0.0627_iter1,0.20203326085679027,0.1553030303030303,0.99950343,58.05388832955024,0.9999362826347351,0.9999890327453613,0.0028817174024879932,0.0001628398895263672,432115,0.002165725,0.0012451466172933578,0.0012479025172069669,0.0012517818249762058
233771,dct_high_nontargeted_white_box_eps0.0627_iter2,0.12672176308539945,0.12666666666666665,0.99830955,55.141500269694944,0.9998587965965271,0.999972403049469,0.011207074858248234,0.0008952617645263672,228463,0.002456216,0.001240991405211389,0.001243581180460751,0.0012470850488170981
301867,dct_high_nontargeted_white_box_eps0.0627_iter3,0.3333333333333334,0.303030303030303,0.9983955,53.19867377768635,0.9998144507408142,0.999967634677887,0.006750608328729868,0.0011893510818481445,411660,0.003411177,0.0018903253367170691,0.001890316721983254,0.0018918943824246526
312421,dct_high_nontargeted_white_box_eps0.0627_iter3,0.13484848484848483,0.11878787878787878,0.9971511,53.24443800879051,0.9996705055236816,0.9999476671218872,0.02941388264298439,0.0018341541290283203,410517,0.0033493617,0.0018522884929552674,0.0018489648355171084,0.0018544368213042617
185250,dct_high_nontargeted_white_box_eps0.0627_iter3,0.2575757575757575,0.24242424242424246,0.999259,52.480046105274624,0.9999005198478699,0.9999680519104004,0.004937068559229374,0.0004773736000061035,451967,0.0037590351,0.0020512109622359276,0.0020402579102665186,0.0020357428584247828
360661,dct_high_nontargeted_white_box_eps0.0627_iter1,0.28571428571428575,0.20000000000000004,0.99894047,58.037298695925415,0.999870777130127,0.9999852776527405,0.008247998543083668,0.00022011995315551758,394374,0.002170867,0.001252992544323206,0.0012531467946246266,0.0012530105886980891
430961,dct_high_nontargeted_white_box_eps0.0627_iter1,0.2323232323232323,0.22510822510822515,0.9988437,58.04602127188634,0.9998667240142822,0.9999808669090271,0.01662013679742813,0.00034296512603759766,383822,0.0021675827,0.0012515806593000889,0.0012514704139903188,0.0012485766783356667
80671,dct_high_nontargeted_white_box_eps0.0627_iter6,0.5000000000000001,0.12500000000000003,0.9914263,49.66350088010116,0.998886227607727,0.9998202323913574,0.09056048095226288,0.004138469696044922,448471,0.0049374034,0.002546963980421424,0.002553533995524049,0.0025435020215809345
476258,dct_high_nontargeted_white_box_eps0.0627_iter16,0.5000000000000001,0.25000000000000006,0.98467827,45.738868169298854,0.9981841444969177,0.9997968673706055,0.13287827372550964,0.009002923965454102,563592,0.007773476,0.004059086088091135,0.004054201301187277,0.004068308975547552
448365,dct_high_nontargeted_white_box_eps0.0627_iter15,0.1666666666666667,0.0,0.9858599,45.74023034808695,0.9982530474662781,0.9997648596763611,0.07439003139734268,0.0048454999923706055,575552,0.007852738,0.004166567698121071,0.004176051821559668,0.004215026739984751
35197,dct_high_nontargeted_white_box_eps0.0627_iter4,0.5000000000000001,0.0909090909090909,0.9955742,51.50057211595297,0.9994779825210571,0.9999290108680725,0.041964091360569,0.001129150390625,376670,0.0039617415,0.0020318322349339724,0.002036050660535693,0.002025098539888859
349860,dct_high_nontargeted_white_box_eps0.0627_iter2,0.21022727272727265,0.19090909090909092,0.9970834,54.752922927125155,0.9996382594108582,0.9999380707740784,0.050713978707790375,0.0007364153861999512,235943,0.002610403,0.0013342428719624877,0.0013365208869799972,0.0013340727891772985
180135,dct_high_nontargeted_white_box_eps0.0627_iter5,0.25000000000000006,0.10000000000000002,0.9813151,51.45375151476165,0.9986134767532349,0.9998518228530884,0.08941324055194855,0.003479182720184326,257276,0.0038409396,0.002079855650663376,0.0020808097906410694,0.002078518271446228
400573,dct_high_nontargeted_white_box_eps0.0627_iter1,0.19090909090909092,0.13636363636363635,0.9993599,58.05902685243162,0.9999179244041443,0.9999873638153076,0.002910326002165675,8.177757263183594e-05,414313,0.0021619778,0.001247771317139268,0.0012456930708140135,0.001246943837031722
370677,dct_high_nontargeted_white_box_eps0.0627_iter45,0.5000000000000001,0.4545454545454545,0.9675333,40.74806051070431,0.9966042041778564,0.9995387196540833,0.08194410800933838,0.008098006248474121,622634,0.013768089,0.007291994523257017,0.007333413697779179,0.007288740482181311
502737,dct_high_nontargeted_white_box_eps0.0627_iter1,0.1666666666666667,0.09090909090909093,0.99893945,58.05908355030053,0.9998685121536255,0.9999820590019226,0.005834552925080061,0.0010694265365600586,385276,0.0021648954,0.0012531242100521922,0.0012500667944550514,0.001237177406437695
515579,dct_high_nontargeted_white_box_eps0.0627_iter2,0.10909090909090909,0.07272727272727272,0.9986821,55.10782809613189,0.9998675584793091,0.9999794960021973,0.014141147956252098,0.0007134675979614258,220162,0.0024439532,0.0012338431552052498,0.0012320912210270762,0.0012349364114925265
515445,dct_high_nontargeted_white_box_eps0.0627_iter3,0.43939393939393945,0.3545454545454546,0.9972612,53.27896906975922,0.9996630549430847,0.9999549984931946,0.02464841678738594,0.00075531005859375,426437,0.0034037654,0.0018748949514701962,0.0018767942674458027,0.0018770488677546382
438862,dct_high_nontargeted_white_box_eps0.0627_iter1,0.2318181818181818,0.2196969696969697,0.99963266,58.05131856825588,0.999953031539917,0.9999908804893494,0.0008104832377284765,8.392333984375e-05,415491,0.0021665555,0.0012502768076956272,0.0012511112727224827,0.001245670486241579
180560,dct_high_nontargeted_white_box_eps0.0627_iter1,0.5000000000000001,0.42424242424242414,0.9989473,58.05084050295443,0.999874472618103,0.9999837875366211,0.007264290936291218,0.0010509490966796875,390030,0.002166238,0.0012510721571743488,0.0012492777314037085,0.0012471225345507264
474028,dct_high_nontargeted_white_box_eps0.0627_iter9,0.3846153846153847,0.35209790209790215,0.9962402,47.4588632731139,0.9995018839836121,0.9999081492424011,0.008721742779016495,0.0010327696800231934,554861,0.0065457663,0.0034870437812060118,0.003482031635940075,0.0034758667461574078
355257,dct_high_nontargeted_white_box_eps0.0627_iter2,0.1666666666666667,0.11111111111111109,0.99817413,54.92390046253671,0.9997827410697937,0.9999697208404541,0.009672315791249275,0.00031685829162597656,230564,0.0025455956,0.0012845378369092941,0.0012898794375360012,0.0012864309828728437
199551,dct_high_nontargeted_white_box_eps0.0627_iter1,0.5000000000000001,0.25000000000000006,0.99910706,58.03853538815443,0.9998950958251953,0.9999866485595703,0.005405524745583534,0.0002994537353515625,385270,0.002170737,0.001252894289791584,0.0012534474954009056,0.001251754816621542
514508,dct_high_nontargeted_white_box_eps0.0627_iter3,0.5000000000000001,0.47272727272727283,0.99794245,52.986578905661766,0.9997886419296265,0.9999694228172302,0.006895201746374369,0.0004324913024902344,402043,0.0034923286,0.0019434179412201047,0.0019422353943809867,0.0019417144358158112
473237,dct_high_nontargeted_white_box_eps0.0627_iter8,0.3333333333333334,0.1666666666666667,0.990601,48.86094847793407,0.9988812208175659,0.9998421669006348,0.11876192688941956,0.005887269973754883,471125,0.0053933035,0.002799748908728361,0.0027984778862446547,0.0027911963406950235
78915,dct_high_nontargeted_white_box_eps0.0627_iter5,0.1578865578865579,0.13804713804713806,0.99748373,50.45146057258302,0.9996387362480164,0.9999445676803589,0.006712720729410648,0.00029283761978149414,476241,0.004655404,0.0025239395909011364,0.002522061113268137,0.002524675102904439
544519,dct_high_nontargeted_white_box_eps0.0627_iter48,0.25000000000000006,0.16666666666666663,0.9521945,41.109929707864296,0.9940781593322754,0.9991837739944458,0.2265147864818573,0.028375327587127686,623152,0.0133119365,0.006965819746255875,0.007003093603998423,0.006967649795114994
96493,dct_high_nontargeted_white_box_eps0.0627_iter19,0.11111111111111109,0.0,0.9852683,44.529102723939886,0.9981424808502197,0.9996513724327087,0.04366587847471237,0.003887772560119629,595944,0.009070425,0.004800145514309406,0.00478349206969142,0.004806889221072197
23899,dct_high_nontargeted_white_box_eps0.0627_iter1,0.25757575757575757,0.14393939393939392,0.9987443,58.04084920296616,0.9998528361320496,0.9999789595603943,0.017244307324290276,0.0007627010345458984,384854,0.0021696193,0.0012523148907348514,0.00125177635345608,0.0012520143063738942
559842,dct_high_nontargeted_white_box_eps0.0627_iter1,0.14952153110047847,0.1423245614035088,0.99967307,58.0414828925864,0.9999589920043945,0.9999921321868896,0.0008210909436456859,8.106231689453125e-05,417445,0.0021696305,0.0012513373512774706,0.001252389163710177,0.0012518117437139153
434230,dct_high_nontargeted_white_box_eps0.0627_iter1,0.196969696969697,0.13939393939393938,0.9997514,58.078802019807405,0.9999741315841675,0.9999943971633911,0.0004790058883372694,5.0067901611328125e-05,400698,0.0021583915,0.0012410568306222558,0.001250979257747531,0.0012313752667978406
428454,dct_high_nontargeted_white_box_eps0.0627_iter43,0.25000000000000006,0.0,0.96548575,41.04219444978719,0.9954819679260254,0.9996383190155029,0.18966762721538544,0.030012965202331543,625057,0.013503551,0.00711226649582386,0.007088829763233662,0.0071127456612885
399462,dct_high_nontargeted_white_box_eps0.0627_iter12,0.5000000000000001,0.4545454545454545,0.99517375,46.49917341580065,0.9994418025016785,0.9999126195907593,0.0211387537419796,0.0013743042945861816,555853,0.007200339,0.0037215964403003454,0.0037245661951601505,0.003725985297933221
383384,dct_high_nontargeted_white_box_eps0.0627_iter1,0.1490850059031877,0.12532467532467534,0.99951905,58.04230540087861,0.999935507774353,0.9999864101409912,0.0013057512696832418,0.0005401372909545898,407234,0.0021694596,0.0012496939161792397,0.0012524910271167755,0.0012526462087407708
326541,dct_high_nontargeted_white_box_eps0.0627_iter2,0.10023310023310024,0.098989898989899,0.9980292,54.913524727978654,0.9997732639312744,0.9999645948410034,0.01594213768839836,0.0004366636276245117,239876,0.0025406121,0.0012975005665794015,0.0012892981758341193,0.0012888319324702024
231339,dct_high_nontargeted_white_box_eps0.0627_iter43,0.3333333333333334,0.1666666666666667,0.9619527,41.154235637154244,0.9951996207237244,0.9992605447769165,0.12522989511489868,0.012647926807403564,622939,0.013271991,0.007022341247648001,0.0070017920807003975,0.007034003268927336
508730,dct_high_nontargeted_white_box_eps0.0627_iter35,0.25000000000000006,0.21212121212121207,0.9763398,42.22405855260827,0.9967827200889587,0.9994322061538696,0.057783424854278564,0.00798189640045166,616293,0.011724914,0.006225972902029753,0.00621802220121026,0.006220724433660507
368294,dct_high_nontargeted_white_box_eps0.0627_iter11,0.5000000000000001,0.06250000000000001,0.9903927,46.914416988220644,0.9990922212600708,0.9998294115066528,0.034065186977386475,0.0018614530563354492,544817,0.0068763923,0.0036726153921335936,0.0036712551955133677,0.003655462758615613
301135,dct_high_nontargeted_white_box_eps0.0627_iter1,0.1116161616161616,0.09963025480266859,0.99972075,58.16559268869497,0.9999648928642273,0.9999939799308777,0.0005886530270799994,0.00011980533599853516,416836,0.0021281955,0.0012157446471974254,0.0012321426765993237,0.0012018521083518863
580294,dct_high_nontargeted_white_box_eps0.0627_iter43,0.14285714285714288,0.04761904761904761,0.9675239,41.47329786990468,0.9961773753166199,0.9994267821311951,0.1170029416680336,0.012973964214324951,620654,0.012736034,0.006772616412490606,0.006753244902938604,0.006774363573640585
494869,dct_high_nontargeted_white_box_eps0.0627_iter11,0.20000000000000004,0.16969696969696965,0.9917038,46.992197923675995,0.9989668130874634,0.9998398423194885,0.0292123444378376,0.003788292407989502,549640,0.006800055,0.0036166515201330185,0.0036565791815519333,0.0036531933583319187
329219,dct_high_nontargeted_white_box_eps0.0627_iter3,0.14285714285714288,0.07142857142857144,0.9974081,52.82972802244011,0.9996823072433472,0.9999468922615051,0.010270076803863049,0.0010402202606201172,415997,0.0035822697,0.0019802057649940252,0.001982870977371931,0.0019756422843784094
356387,dct_high_nontargeted_white_box_eps0.0627_iter1,0.11893939393939393,0.0984848484848485,0.99952143,58.07754515920182,0.9999415278434753,0.9999908804893494,0.0034984215162694454,0.0003396272659301758,400235,0.0021588556,0.001234174589626491,0.0012398810358718038,0.0012504342012107372
214720,dct_high_nontargeted_white_box_eps0.0627_iter9,0.14285714285714288,0.020408163265306124,0.9939683,48.32436438675988,0.999292254447937,0.9998911619186401,0.030260436236858368,0.0016976594924926758,514381,0.0057991184,0.0031348553020507097,0.0031420253217220306,0.003134916303679347
278848,dct_high_nontargeted_white_box_eps0.0627_iter4,0.17857142857142858,0.15909090909090906,0.9962971,51.54843920080306,0.999553918838501,0.9999313950538635,0.02615216001868248,0.0015448331832885742,382246,0.003914518,0.002016802318394184,0.0020205925684422255,0.002015694510191679
48153,dct_high_nontargeted_white_box_eps0.0627_iter3,0.5000000000000001,0.25000000000000006,0.9989524,53.125237923119755,0.9998691082000732,0.999967634677887,0.002927683060988784,0.0003625154495239258,418541,0.0034587807,0.0018864774610847235,0.0019113867310807109,0.00191391387488693
459153,dct_high_nontargeted_white_box_eps0.0627_iter22,0.25000000000000006,0.12500000000000003,0.9958952,43.05365642832841,0.9994704723358154,0.999819815158844,0.01041863951832056,0.0010516047477722168,612295,0.010813086,0.00559653714299202,0.005591179709881544,0.005603256169706583
295713,dct_high_nontargeted_white_box_eps0.0627_iter3,0.11881805063623245,0.11835891381345927,0.9979779,53.05396975417953,0.9997574687004089,0.9999620914459229,0.007086776662617922,0.00038295984268188477,427289,0.0034998513,0.001926035271026194,0.0019268933683633804,0.001926003023982048
273132,dct_high_nontargeted_white_box_eps0.0627_iter1,0.3333333333333334,0.08333333333333336,0.9991687,58.034093200130584,0.9999076128005981,0.9999861717224121,0.005151098594069481,0.0005022883415222168,391197,0.0021719788,0.0012539925519376993,0.0012539980234578252,0.001253949012607336
566524,dct_high_nontargeted_white_box_eps0.0627_iter3,0.16666666666666666,0.1515151515151515,0.99810714,53.460090813315745,0.9997589588165283,0.9999700784683228,0.012336361221969128,0.001001119613647461,428866,0.0033356927,0.0018376043299213052,0.0018394868820905685,0.001837160438299179
476415,dct_high_nontargeted_white_box_eps0.0627_iter7,0.25000000000000006,0.10000000000000002,0.98613024,49.59753083719925,0.9985721111297607,0.9998276829719543,0.1232304722070694,0.007280230522155762,431767,0.0049524,0.002702289493754506,0.0026966959703713655,0.0026861054357141256
292082,dct_high_nontargeted_white_box_eps0.0627_iter14,0.22222222222222218,0.09090909090909093,0.9889148,46.4007292774386,0.9987049102783203,0.9997913241386414,0.04903211072087288,0.003976762294769287,557634,0.0072692153,0.003752832068130374,0.0037603958044201136,0.003759042825549841
360137,dct_high_nontargeted_white_box_eps0.0627_iter11,0.1666666666666667,0.0,0.98908335,47.37924615459562,0.9987751245498657,0.9998449683189392,0.031226951628923416,0.001935720443725586,534668,0.0064975214,0.0032521202228963375,0.003550508990883827,0.003556827548891306
122046,dct_high_nontargeted_white_box_eps0.0627_iter20,0.3333333333333334,0.1666666666666667,0.98228693,44.52556844610476,0.9976541996002197,0.9997056722640991,0.05705694109201431,0.0054978132247924805,581955,0.008926028,0.004709495697170496,0.00465690391138196,0.004698477685451508
352684,dct_high_nontargeted_white_box_eps0.0627_iter1,0.4818181818181818,0.4625,0.9988751,58.034797375109434,0.9998568296432495,0.9999768137931824,0.005454513244330883,0.0003222227096557617,390479,0.002171772,0.0012535150162875652,0.0012539337622001767,0.001253893948160112
512836,dct_high_nontargeted_white_box_eps0.0627_iter5,0.16666666666666663,0.13636363636363638,0.9957309,50.67335920905841,0.9994707107543945,0.9999271631240845,0.019197693094611168,0.0009025931358337402,478752,0.0045439373,0.002457470167428255,0.002454739296808839,0.002460519317537546
8021,dct_high_nontargeted_white_box_eps0.0627_iter26,0.2803030303030302,0.2727272727272727,0.9703355,43.574091714247274,0.9962838888168335,0.9993525743484497,0.08573444187641144,0.010239720344543457,600495,0.010012221,0.005266217514872551,0.005214572884142399,0.005205902270972729
84477,dct_high_nontargeted_white_box_eps0.0627_iter1,0.1666666666666667,0.06666666666666668,0.99898976,58.08052531882033,0.9998724460601807,0.9999832510948181,0.005562025588005781,0.0002180337905883789,399849,0.0021591128,0.0012149448739364743,0.0012533334083855152,0.0012536515714600682
292236,dct_high_nontargeted_white_box_eps0.0627_iter5,0.3333333333333334,0.3232323232323233,0.99566007,50.98705754847078,0.9995189905166626,0.9999266862869263,0.020937306806445122,0.001203775405883789,446536,0.0043148594,0.0023650829680263996,0.002357958583161235,0.0023712420370429754
288042,dct_high_nontargeted_white_box_eps0.0627_iter36,0.3333333333333334,0.0,0.9722168,41.07282522025006,0.9963482618331909,0.9993935227394104,0.10254873335361481,0.009389042854309082,623805,0.013469598,0.00700340187177062,0.006995906122028828,0.0069688851945102215
500257,dct_high_nontargeted_white_box_eps0.0627_iter2,0.15454545454545457,0.14171122994652408,0.9986329,55.14570519133564,0.9998353719711304,0.9999758005142212,0.012991707772016525,0.0011142492294311523,249386,0.0024810645,0.0012381693813949823,0.0012041403679177165,0.0012486419873312116
334719,dct_high_nontargeted_white_box_eps0.0627_iter1,0.2932400932400933,0.2545454545454546,0.9994574,58.034743246499104,0.99992835521698,0.9999897480010986,0.0014430406736209989,0.00032699108123779297,414314,0.002171775,0.001253829919733107,0.0012538607697933912,0.0012536816066130996
283520,dct_high_nontargeted_white_box_eps0.0627_iter41,0.5000000000000001,0.42424242424242414,0.988241,40.41390428010615,0.9983434677124023,0.9996612668037415,0.0266917422413826,0.004325389862060547,629532,0.014665123,0.007627665530890226,0.007641113828867674,0.007642380427569151
319721,dct_high_nontargeted_white_box_eps0.0627_iter2,0.4204545454545453,0.38181818181818183,0.99866,55.07495690722087,0.9998383522033691,0.999974250793457,0.005429907701909542,0.0004032254219055176,241708,0.0025125348,0.001242721569724381,0.0012440577847883105,0.0012356151128187776
261982,dct_high_nontargeted_white_box_eps0.0627_iter5,0.3333333333333334,0.1666666666666667,0.9959626,50.60568719378981,0.9995328187942505,0.999907910823822,0.02011713758111,0.00266265869140625,463485,0.0045389803,0.002457673428580165,0.0024613107088953257,0.0024666981771588326
314709,dct_high_nontargeted_white_box_eps0.0627_iter41,0.5000000000000001,0.25000000000000006,0.95256525,41.311731950318446,0.9935540556907654,0.9991841316223145,0.21076509356498718,0.015333175659179688,623327,0.01304785,0.00686423247680068,0.0068521080538630486,0.00691569596529007
541055,dct_high_nontargeted_white_box_eps0.0627_iter1,0.3232323232323233,0.30027548209366395,0.9993351,58.10465858158025,0.9999184608459473,0.9999880194664001,0.0025515975430607796,0.0003854036331176758,405940,0.002151235,0.0012491479283198714,0.0012433819938451052,0.0012087591458112001
409475,dct_high_nontargeted_white_box_eps0.0627_iter12,1.0000000000000002,0.8484848484848483,0.98663384,46.25179038489807,0.9983733892440796,0.9997645020484924,0.08530060946941376,0.007509171962738037,553988,0.007361259,0.0038222717121243477,0.0038154777139425278,0.0038281811866909266
464786,dct_high_nontargeted_white_box_eps0.0627_iter1,0.25000000000000006,0.16666666666666663,0.998893,58.03870719042529,0.9998795986175537,0.9999854564666748,0.012664192356169224,0.0005478262901306152,378053,0.0021707083,0.0012540112948045135,0.001253997441381216,0.0012499280273914337
578545,dct_high_nontargeted_white_box_eps0.0627_iter1,0.25000000000000006,0.08333333333333331,0.9992085,58.03397921628951,0.9999023675918579,0.9999862313270569,0.002874341793358326,0.0004813075065612793,394152,0.0021720086,0.0012540118768811226,0.0012540076859295368,0.001254009548574686
363207,dct_high_nontargeted_white_box_eps0.0627_iter2,0.1818181818181818,0.1774891774891775,0.9983657,54.77977914031114,0.9997934103012085,0.9999683499336243,0.00936504639685154,0.0004477500915527344,243959,0.0026264016,0.0013260323321446776,0.0013250675983726978,0.0013292288640514016
372577,dct_high_nontargeted_white_box_eps0.0627_iter29,0.33333333333333326,0.27272727272727276,0.9703326,41.999629520048614,0.9959720373153687,0.9994508624076843,0.11301548033952713,0.012731790542602539,613606,0.01190295,0.006361045408993959,0.006306275259703398,0.006387574598193169
212166,dct_high_nontargeted_white_box_eps0.0627_iter1,1.0000000000000002,0.25000000000000006,0.99900883,58.09837509247621,0.9998794794082642,0.9999805688858032,0.0043695708736777306,0.0004915595054626465,385396,0.0021470338,0.0012305901618674397,0.001236102543771267,0.0012399773113429546
294831,dct_high_nontargeted_white_box_eps0.0627_iter5,0.10000000000000002,0.06666666666666665,0.99482566,51.080149726453584,0.9993779063224792,0.999924898147583,0.040337443351745605,0.002740621566772461,445371,0.004267599,0.0023437056224793196,0.002342633903026581,0.002338553313165903
323355,dct_high_nontargeted_white_box_eps0.0627_iter3,0.42424242424242414,0.3636363636363637,0.99730176,52.52605185490531,0.9996811151504517,0.9999553561210632,0.011170221492648125,0.00027179718017578125,405356,0.0037053719,0.002051624236628413,0.002059084130451083,0.0020490868482738733
398237,dct_high_nontargeted_white_box_eps0.0627_iter20,0.5000000000000001,0.25000000000000006,0.9953961,43.51334526720521,0.9993004202842712,0.9997982978820801,0.012217283248901367,0.0023621320724487305,612203,0.010343654,0.005302472040057182,0.005315328016877174,0.0053328233771026134
507223,dct_high_nontargeted_white_box_eps0.0627_iter7,0.25,0.23181818181818178,0.99681634,49.278594652664864,0.9996589422225952,0.9999380707740784,0.010409511625766754,0.0003190040588378906,498229,0.005245609,0.002833031117916107,0.0028383780736476183,0.002838703105226159
239537,dct_high_nontargeted_white_box_eps0.0627_iter6,0.1666666666666667,0.11111111111111109,0.9962407,48.135187717602165,0.9994014501571655,0.9998987913131714,0.007092270068824291,0.0004870295524597168,536992,0.0061350428,0.003152472199872136,0.003167269518598914,0.00314671965315938
537991,dct_high_nontargeted_white_box_eps0.0627_iter7,0.25000000000000006,0.04166666666666666,0.9945747,49.35767226663809,0.9993395805358887,0.9999034404754639,0.020031172782182693,0.0009258389472961426,503944,0.005222884,0.0028142626397311687,0.0028129920829087496,0.0028140030335634947
321333,dct_high_nontargeted_white_box_eps0.0627_iter1,0.5000000000000001,0.25000000000000006,0.9992406,58.03396807325285,0.9999140501022339,0.9999881982803345,0.0035378076136112213,0.0003097057342529297,390792,0.002172012,0.0012540108291432261,0.0012540146708488464,0.00125400023534894
108026,dct_high_nontargeted_white_box_eps0.0627_iter1,0.1666666666666667,0.11111111111111109,0.998254,58.7131695541555,0.9998745918273926,0.9999791383743286,0.008652715012431145,0.0005193948745727539,304737,0.0019261437,0.001121299690566957,0.001063165022060275,0.0010329424403607845
243204,dct_high_nontargeted_white_box_eps0.0627_iter45,0.25000000000000006,0.12500000000000003,0.9616024,41.401128725645165,0.9949660301208496,0.9990895390510559,0.1013113409280777,0.01224660873413086,623479,0.012948854,0.006821980234235525,0.006825318094342947,0.0068403673358261585
38829,dct_high_nontargeted_white_box_eps0.0627_iter1,0.12354312354312352,0.10606060606060605,0.9993439,58.16200730622015,0.9999341368675232,0.999988853931427,0.0017768614925444126,0.00033152103424072266,382993,0.0021268178,0.001214805175550282,0.0012283214600756764,0.001209643785841763
187243,dct_high_nontargeted_white_box_eps0.0627_iter9,0.3333333333333334,0.1666666666666667,0.9929349,48.13821178538583,0.9991140365600586,0.9998246431350708,0.056658051908016205,0.005994200706481934,537985,0.0059187664,0.003168727969750762,0.0031702062115073204,0.0031801010482013226
534827,dct_high_nontargeted_white_box_eps0.0627_iter26,0.14393939393939392,0.13636363636363638,0.9776418,43.64383099702563,0.9972726702690125,0.9995617866516113,0.16417887806892395,0.015217959880828857,602852,0.009795028,0.005148041993379593,0.0051370891742408276,0.005144675727933645
190756,dct_high_nontargeted_white_box_eps0.0627_iter3,0.5000000000000001,0.25000000000000006,0.9959356,53.164555856784865,0.9995045065879822,0.999906063079834,0.08684465289115906,0.003785073757171631,404620,0.0034213474,0.001900206902064383,0.0019013355486094952,0.0019027329981327057
482917,dct_high_nontargeted_white_box_eps0.0627_iter14,0.10000000000000002,0.06666666666666665,0.9870122,46.47633589117297,0.9984307289123535,0.9997486472129822,0.05698683485388756,0.005262255668640137,550967,0.0071685766,0.0037287678569555283,0.00372491916641593,0.0037105765659362078
412894,dct_high_nontargeted_white_box_eps0.0627_iter1,0.10435772195640616,0.08849268547544407,0.9993141,58.11373251624474,0.9999286532402039,0.9999872446060181,0.0028847353532910347,0.00021088123321533203,396906,0.002142564,0.0012292853789404035,0.001236796728335321,0.0012275046901777387
537153,dct_high_nontargeted_white_box_eps0.0627_iter1,0.13636363636363638,0.06818181818181819,0.99916905,58.03910112271228,0.9998992681503296,0.9999879598617554,0.0030523762106895447,0.0002741217613220215,399509,0.0021704123,0.0012532855616882443,0.0012533462140709162,0.0012509699445217848
392722,dct_high_nontargeted_white_box_eps0.0627_iter1,0.13737373737373743,0.10181818181818184,0.99936646,58.03955815856867,0.9999191761016846,0.9999904036521912,0.0038429617416113615,0.0002459883689880371,415623,0.0021699895,0.0012524325866252184,0.0012524202466011047,0.001252349466085434
264535,dct_high_nontargeted_white_box_eps0.0627_iter1,0.2848484848484849,0.2545454545454546,0.99968463,58.16645764362144,0.9999685287475586,0.9999919533729553,0.0011929472675547004,0.00011849403381347656,431619,0.002124239,0.0012112868716940284,0.0012106887297704816,0.0012270439183339477
458755,dct_high_nontargeted_white_box_eps0.0627_iter2,0.26136363636363635,0.20454545454545456,0.9992585,54.95348649600187,0.9999105930328369,0.9999830722808838,0.0034410206135362387,0.00021225214004516602,258000,0.0026104527,0.0012761462712660432,0.001274767448194325,0.0012775498908013105
130599,dct_high_nontargeted_white_box_eps0.0627_iter17,1.0000000000000002,0.12500000000000003,0.98852944,43.82623636418765,0.99853515625,0.9997915625572205,0.05530276522040367,0.004502058029174805,602679,0.009835934,0.005187054164707661,0.005177024751901627,0.005208727903664112
456559,dct_high_nontargeted_white_box_eps0.0627_iter7,0.25000000000000006,0.16666666666666663,0.99092364,49.32271595157538,0.9988887310028076,0.9998482465744019,0.10093614459037781,0.004448413848876953,491375,0.005203144,0.0028280233964323997,0.002823196118697524,0.0028274536598473787
140640,dct_high_nontargeted_white_box_eps0.0627_iter2,0.20000000000000004,0.1490909090909091,0.9982877,54.89322052712457,0.9998032450675964,0.9999699592590332,0.010639667510986328,0.0005488395690917969,240094,0.002576344,0.00129751639906317,0.001289712730795145,0.0012923232279717922
385190,dct_high_nontargeted_white_box_eps0.0627_iter2,0.1414141414141414,0.09696969696969698,0.99889416,54.85771632001678,0.9998742938041687,0.9999762177467346,0.011203303933143616,0.0004311800003051758,249862,0.0026224114,0.0013008140958845615,0.0013087112456560135,0.001303710974752903
21903,dct_high_nontargeted_white_box_eps0.0627_iter4,0.42424242424242414,0.3863636363636363,0.9983944,51.72472608241091,0.9998053908348083,0.9999687671661377,0.005441345274448395,0.0006240606307983398,393621,0.003945231,0.001987353665754199,0.001972069265320897,0.001965592848137021
337055,dct_high_nontargeted_white_box_eps0.0627_iter13,0.5000000000000001,0.25000000000000006,0.99346906,45.75174301610164,0.9991364479064941,0.9998270869255066,0.019743286073207855,0.0028728842735290527,584739,0.007952283,0.004200854804366827,0.004191046115010977,0.004202426876872778
34139,dct_high_nontargeted_white_box_eps0.0627_iter13,0.22222222222222218,0.18181818181818185,0.99184304,46.34406593886023,0.9991244077682495,0.9998395442962646,0.030892137438058853,0.001590728759765625,564917,0.0073308176,0.0039039901457726955,0.0039031875785440207,0.003917322028428316
121031,dct_high_nontargeted_white_box_eps0.0627_iter1,0.3506493506493507,0.33333333333333326,0.9998663,58.057948421640845,0.9999804496765137,0.9999942183494568,0.00031500926706939936,0.0001685619354248047,448335,0.002164103,0.0012459267163649201,0.0012471156660467386,0.0012482861056923866
464089,dct_high_nontargeted_white_box_eps0.0627_iter26,0.12499999999999999,0.1212121212121212,0.98820287,43.09072153528747,0.9984528422355652,0.9997557401657104,0.03134665638208389,0.001296401023864746,613718,0.010768538,0.005536892917007208,0.005550245754420757,0.005550079979002476
453708,dct_high_nontargeted_white_box_eps0.0627_iter1,0.39101239669421495,0.3470418470418471,0.9990912,58.10421828794534,0.9998967051506042,0.9999874830245972,0.005957969464361668,0.0005296468734741211,384654,0.0021436007,0.0012313416227698326,0.0012340628309175372,0.001236291485838592
261116,dct_high_nontargeted_white_box_eps0.0627_iter5,0.10000000000000002,0.05454545454545455,0.9959305,50.64332382633591,0.9995303153991699,0.9999313950538635,0.025022828951478004,0.0009145736694335938,456789,0.004505838,0.0024603204801678658,0.0024662551004439592,0.002457470865920186
43314,dct_high_nontargeted_white_box_eps0.0627_iter24,0.12121212121212122,0.06060606060606061,0.9700665,44.05981311591482,0.9981019496917725,0.9993910789489746,0.09704838693141937,0.01131051778793335,576834,0.009456253,0.004922597203403711,0.004914793185889721,0.004924909211695194
273715,dct_high_nontargeted_white_box_eps0.0627_iter1,0.47272727272727283,0.3636363636363637,0.9988432,58.186341030675706,0.9998902082443237,0.9999818205833435,0.006239294074475765,0.0001666545867919922,368501,0.0021059522,0.001210633316077292,0.0012110105017200112,0.001210679765790701
456303,dct_high_nontargeted_white_box_eps0.0627_iter2,0.1818181818181818,0.16666666666666666,0.9977748,55.18028969432951,0.9997650980949402,0.9999694228172302,0.013293837197124958,0.0007185935974121094,221036,0.0024873943,0.001262020436115563,0.0012436689576134086,0.001179773360490799
406611,dct_high_nontargeted_white_box_eps0.0627_iter7,0.11752136752136753,0.10269360269360268,0.9944915,48.83212207065601,0.9992914199829102,0.999930202960968,0.054167233407497406,0.0018268823623657227,521032,0.0055762418,0.0029812518041580915,0.0029782261699438095,0.0029970218893140554
475064,dct_high_nontargeted_white_box_eps0.0627_iter1,0.3749999999999999,0.3212121212121212,0.999211,58.11548815269884,0.9999164938926697,0.9999885559082031,0.0037685672286897898,0.00031441450119018555,376892,0.0021436727,0.0012369736796244979,0.0012390125775709748,0.0012160969199612737
137246,dct_high_nontargeted_white_box_eps0.0627_iter6,0.1666666666666667,0.11255411255411257,0.994981,50.05446489953315,0.9994413256645203,0.9999154806137085,0.04584977403283119,0.0026540756225585938,440765,0.004716095,0.002410679357126355,0.002411620458588004,0.002420642413198948
162092,dct_high_nontargeted_white_box_eps0.0627_iter1,0.20655594405594407,0.16915584415584417,0.99899244,58.104234091422356,0.9998767375946045,0.9999819993972778,0.006487991660833359,0.001094043254852295,387198,0.0021482643,0.0012424077140167356,0.001235254923813045,0.0012240230571478605
263969,dct_high_nontargeted_white_box_eps0.0627_iter3,0.21212121212121207,0.16666666666666663,0.9958438,53.34383397854683,0.9996820688247681,0.9999533891677856,0.02220093086361885,0.0009734630584716797,352407,0.0032964973,0.0018241037614643574,0.0018118706066161394,0.0018021651776507497
551439,dct_high_nontargeted_white_box_eps0.0627_iter7,0.3333333333333334,0.0,0.9924199,49.53076998393613,0.9993150234222412,0.9998860955238342,0.04499766230583191,0.002541959285736084,471219,0.005054701,0.002753401640802622,0.002741936594247818,0.002724995370954275
474167,dct_high_nontargeted_white_box_eps0.0627_iter1,0.12587412587412583,0.1,0.99917585,58.05826875728489,0.999907374382019,0.9999857544898987,0.005531329661607742,0.0004763603210449219,388005,0.0021645098,0.0012519495794549584,0.0012504392070695758,0.001238663331605494
554735,dct_high_nontargeted_white_box_eps0.0627_iter3,0.25000000000000006,0.16666666666666663,0.99657387,52.96976791203336,0.9995817542076111,0.9999439120292664,0.028086896985769272,0.0023581385612487793,396956,0.0034920338,0.0019459634786471725,0.0019508588593453169,0.0019425138598307967
386352,dct_high_nontargeted_white_box_eps0.0627_iter1,0.30112311930493746,0.27373737373737367,0.99917203,58.04695201225675,0.9999094009399414,0.9999885559082031,0.004809637553989887,8.535385131835938e-05,383183,0.0021682286,0.0012462337035685778,0.0012520423624664545,0.0012525394558906555
578489,dct_high_nontargeted_white_box_eps0.0627_iter1,0.21642561983471081,0.2083628492719402,0.9991242,58.076601721375695,0.9999011754989624,0.9999828338623047,0.004393323324620724,0.0003936290740966797,390692,0.002158179,0.0012454199604690075,0.0012500424636527896,0.001229843939654529
491366,dct_high_nontargeted_white_box_eps0.0627_iter1,0.11255411255411257,0.09090909090909093,0.99895406,58.05175620626467,0.9998767375946045,0.9999826550483704,0.0058002411387860775,0.0008463859558105469,390060,0.0021661823,0.0012501075398176908,0.0012477022828534245,0.0012488833162933588
448076,dct_high_nontargeted_white_box_eps0.0627_iter1,0.16233766233766236,0.1590909090909091,0.99908084,58.0703310391857,0.9998923540115356,0.9999839663505554,0.003922119736671448,0.00024503469467163086,389566,0.002157155,0.0012445199536159635,0.0012431975919753313,0.001242956263013184
199310,dct_high_nontargeted_white_box_eps0.0627_iter6,0.5000000000000001,0.25000000000000006,0.99700207,49.33174487697022,0.9996447563171387,0.9999411702156067,0.009592381305992603,0.001460433006286621,474218,0.005215812,0.0026636244729161263,0.0027034482918679714,0.002652166411280632
89648,dct_high_nontargeted_white_box_eps0.0627_iter1,0.1174973418394471,0.11507936507936507,0.9991197,58.0428272475584,0.9999024868011475,0.9999866485595703,0.0043612075969576836,0.0001926422119140625,391920,0.0021689301,0.0012513911351561546,0.001251415116712451,0.0012515807757154107
151000,dct_high_nontargeted_white_box_eps0.0627_iter1,0.1524793388429752,0.12878787878787878,0.999114,58.06674761767377,0.9999064207077026,0.9999865889549255,0.004995690658688545,0.0002110600471496582,386861,0.0021600402,0.0012449559289962053,0.0012448544148355722,0.001243941835127771
100624,dct_high_nontargeted_white_box_eps0.0627_iter1,0.22727272727272727,0.21363636363636368,0.9989555,58.15002371821983,0.9998950362205505,0.9999853372573853,0.006476668640971184,0.00025266408920288086,370639,0.0021311252,0.001238081487827003,0.0012240051291882992,0.0012007716577500105
332570,dct_high_nontargeted_white_box_eps0.0627_iter47,0.5000000000000001,0.25000000000000006,0.96128625,41.00614892346762,0.9957304000854492,0.9990710020065308,0.20262275636196136,0.03256726264953613,618694,0.013116965,0.006998994387686253,0.006970761809498072,0.007050966843962669
117645,dct_high_nontargeted_white_box_eps0.0627_iter11,0.5000000000000001,0.16666666666666663,0.9844003,47.54003298817202,0.9978973269462585,0.9996417760848999,0.1353946030139923,0.012189507484436035,541835,0.0063854754,0.0034375987015664577,0.003421663772314787,0.0034132134169340134
202228,dct_high_nontargeted_white_box_eps0.0627_iter6,1.0000000000000002,0.5000000000000001,0.9917438,50.01484176293522,0.9989630579948425,0.9998000264167786,0.05379021540284157,0.005051672458648682,436790,0.0047340468,0.002432215726003051,0.0024307065177708864,0.0024267323315143585
403565,dct_high_nontargeted_white_box_eps0.0627_iter30,0.1666666666666667,0.11111111111111109,0.9829232,41.892366369417324,0.9976827502250671,0.9996972680091858,0.05165894702076912,0.004320025444030762,618717,0.0123260785,0.006341509521007538,0.006365372333675623,0.006390254013240337
441586,dct_high_nontargeted_white_box_eps0.0627_iter1,0.10227272727272728,0.10064935064935066,0.99924845,58.05731085786661,0.999912679195404,0.9999873638153076,0.002915207529440522,9.28640365600586e-05,400447,0.0021647075,0.001239981036633253,0.0012499577132984996,0.0012519208248704672
97679,dct_high_nontargeted_white_box_eps0.0627_iter1,0.13333333333333336,0.11111111111111109,0.9991177,58.034626148607764,0.9998915195465088,0.9999855160713196,0.008104544132947922,0.0002617835998535156,419478,0.0021717935,0.0012538779992610216,0.0012538486625999212,0.001253742491826415
99054,dct_high_nontargeted_white_box_eps0.0627_iter1,0.24999999999999992,0.202020202020202,0.9991331,58.037530211301814,0.9998957514762878,0.9999886155128479,0.009277189150452614,0.00023221969604492188,400766,0.0021709735,0.0012529221130535007,0.0012535357382148504,0.001252504182048142
570539,dct_high_nontargeted_white_box_eps0.0627_iter1,0.16161616161616163,0.15151515151515152,0.9991978,58.09438736411253,0.9999123811721802,0.9999880194664001,0.0030605015344917774,0.00025850534439086914,382061,0.0021547698,0.0012499159201979637,0.001239810255356133,0.0012203428195789456
559956,dct_high_nontargeted_white_box_eps0.0627_iter1,0.15909090909090912,0.09848484848484845,0.9994579,58.03605310603829,0.9999350905418396,0.9999891519546509,0.0022464238572865725,0.0001285076141357422,396126,0.0021714242,0.0012538358569145203,0.0012538762530311942,0.001252536429092288
11197,dct_high_nontargeted_white_box_eps0.0627_iter1,0.12587412587412591,0.1090909090909091,0.9992437,58.04391980179037,0.9999094009399414,0.999985933303833,0.004920296370983124,0.00026214122772216797,403124,0.002168855,0.00124992651399225,0.001252456335350871,0.0012510527158156037
483667,dct_high_nontargeted_white_box_eps0.0627_iter35,0.1666666666666667,0.08333333333333336,0.9619135,42.41140662199215,0.9951376914978027,0.9992581605911255,0.14850835502147675,0.02016592025756836,616109,0.011497496,0.006092241499572992,0.006089496426284313,0.0060871015302836895
448810,dct_high_nontargeted_white_box_eps0.0627_iter16,1.0000000000000002,0.33333333333333326,0.9876583,45.45196997745431,0.9986755847930908,0.9997913837432861,0.06454040110111237,0.0038463473320007324,568987,0.008037502,0.004206118639558554,0.004181172698736191,0.004197660367935896
21167,dct_high_nontargeted_white_box_eps0.0627_iter4,0.3333333333333334,0.28282828282828276,0.99449086,51.9344161034944,0.9993165731430054,0.999888002872467,0.07029420882463455,0.006215214729309082,353204,0.0037250328,0.0019019657047465444,0.0019058278994634748,0.0019065509550273418
384468,dct_high_nontargeted_white_box_eps0.0627_iter1,0.23982683982683983,0.2282828282828283,0.99960023,58.20021670715178,0.9999513626098633,0.9999880790710449,0.0018825472798198462,0.0001857280731201172,412457,0.0021017883,0.0012066627386957407,0.001206725835800171,0.0012073732214048505
253742,dct_high_nontargeted_white_box_eps0.0627_iter2,0.1840909090909091,0.18385150203332024,0.999402,54.97590773337491,0.9999229907989502,0.9999812245368958,0.0012603425420820713,0.0003012418746948242,262422,0.0026139575,0.0012726333225145936,0.001274716923944652,0.0012629616539925337
186873,dct_high_nontargeted_white_box_eps0.0627_iter1,0.41286894923258566,0.3886363636363637,0.9991972,58.04815764348088,0.9999085664749146,0.9999890923500061,0.006238137371838093,0.00014775991439819336,398406,0.00216811,0.0012533514527603984,0.001242434256710112,0.0012539970921352506
64462,dct_high_nontargeted_white_box_eps0.0627_iter16,0.5000000000000001,0.25000000000000006,0.9824049,45.62608309379712,0.9979513883590698,0.9996742606163025,0.10566596686840057,0.010008096694946289,571244,0.007933256,0.004085071850568056,0.004085984081029892,0.004134957678616047
68387,dct_high_nontargeted_white_box_eps0.0627_iter41,0.3333333333333334,0.31515151515151524,0.95643777,41.136007454876385,0.9942774772644043,0.9991785287857056,0.138543039560318,0.012677431106567383,623106,0.013272725,0.007027291227132082,0.006985469721257687,0.007059827446937561
345466,dct_high_nontargeted_white_box_eps0.0627_iter3,0.13257575757575754,0.12121212121212122,0.99822235,53.26743073302676,0.9997767806053162,0.9999670386314392,0.004072266630828381,0.00018841028213500977,421914,0.0034024052,0.0018773502670228481,0.0018794913776218891,0.0018735687481239438
118367,dct_high_nontargeted_white_box_eps0.0627_iter14,0.12500000000000003,0.08333333333333331,0.98594356,46.25911032356416,0.9983129501342773,0.9997665286064148,0.0878903716802597,0.003406822681427002,555715,0.007353706,0.003820171346887946,0.0038232922088354826,0.0038177387323230505
163640,dct_high_nontargeted_white_box_eps0.0627_iter11,0.25000000000000006,0.15909090909090912,0.9945105,46.702510782885945,0.9993191957473755,0.9998692870140076,0.0201573483645916,0.0036211013793945312,565405,0.007104277,0.003763298038393259,0.0037698703818023205,0.0037808234337717295
1490,dct_high_nontargeted_white_box_eps0.0627_iter3,0.25000000000000006,0.0,0.9983154,52.9735666191216,0.9997913241386414,0.9999760985374451,0.053382307291030884,0.009209930896759033,430701,0.0035392367,0.001944378251209855,0.001950773294083774,0.0019402401521801949
329456,dct_high_nontargeted_white_box_eps0.0627_iter1,0.23106060606060613,0.21022727272727268,0.9992552,58.13767387426105,0.9999196529388428,0.9999868869781494,0.005187842529267073,0.00023359060287475586,399571,0.002134712,0.0012199681950733066,0.001214863732457161,0.001238437951542437
252776,dct_high_nontargeted_white_box_eps0.0627_iter1,0.3333333333333334,0.303030303030303,0.9988952,58.039307746993785,0.9998752474784851,0.9999843239784241,0.008069250732660294,0.0005573034286499023,381871,0.0021701215,0.0012526428326964378,0.0012525676283985376,0.001252219663001597
201072,dct_high_nontargeted_white_box_eps0.0627_iter1,0.45454545454545453,0.3272727272727273,0.9992818,58.043030340612404,0.9999176859855652,0.9999915957450867,0.004227543715387583,0.0003533363342285156,389355,0.0021690791,0.001250887056812644,0.001252199406735599,0.0012511139502748847
518770,dct_high_nontargeted_white_box_eps0.0627_iter1,0.2161616161616162,0.17438811188811193,0.99902487,58.04348204728392,0.9998799562454224,0.9999827146530151,0.0052545503713190556,0.00029653310775756836,394427,0.002168257,0.001251589972525835,0.0012515985872596502,0.0012506484054028988
201646,dct_high_nontargeted_white_box_eps0.0627_iter1,0.25000000000000006,0.12500000000000003,0.9989617,58.03619860677064,0.9998655319213867,0.9999796748161316,0.004300701431930065,0.0002968311309814453,390485,0.0021712508,0.001253377995453775,0.0012532634427770972,0.0012534686829894781
59044,dct_high_nontargeted_white_box_eps0.0627_iter22,0.12178853754940712,0.10454545454545455,0.9783564,44.33945677337215,0.9974657893180847,0.9996512532234192,0.11556827276945114,0.012854814529418945,591977,0.009177173,0.00478743901476264,0.004788112826645374,0.004796664696186781
172946,dct_high_nontargeted_white_box_eps0.0627_iter7,0.16821548821548823,0.15871212121212122,0.99364966,49.37909007017141,0.9992830753326416,0.9999123215675354,0.040430791676044464,0.003422260284423828,492486,0.0051761027,0.0028074365109205246,0.0028053843416273594,0.0028093792498111725
234607,dct_high_nontargeted_white_box_eps0.0627_iter8,0.5000000000000001,0.42424242424242414,0.9918835,48.6931465235972,0.9990798830986023,0.9998669624328613,0.044976405799388885,0.0028657913208007812,480019,0.0055182837,0.002857313957065344,0.0028592499438673258,0.0028492321725934744
532690,dct_high_nontargeted_white_box_eps0.0627_iter1,0.2848484848484849,0.25252525252525254,0.9991314,58.045596546495744,0.9998893141746521,0.9999816417694092,0.004193444736301899,0.0004011392593383789,400364,0.002167875,0.0012514147674664855,0.0012519060401245952,0.001248675398528576
323895,dct_high_nontargeted_white_box_eps0.0627_iter2,0.42424242424242414,0.27272727272727276,0.99808615,54.84497171587347,0.999729335308075,0.9999622106552124,0.0060146264731884,0.00018280744552612305,254946,0.002642899,0.0013131258310750127,0.001305416226387024,0.0013041214551776648
384670,dct_high_nontargeted_white_box_eps0.0627_iter27,0.22222222222222218,0.1666666666666667,0.9716055,42.87684125580138,0.9958242177963257,0.9993845820426941,0.0656965970993042,0.005602598190307617,614948,0.010974544,0.005792622920125723,0.005775053985416889,0.005753662437200546
162035,dct_high_nontargeted_white_box_eps0.0627_iter2,0.2363636363636364,0.1272727272727273,0.9985714,54.680344407870614,0.9998148679733276,0.9999704957008362,0.004862545058131218,0.0003571510314941406,260399,0.0027240948,0.0013554082252085209,0.001357570057734847,0.0013598939403891563
415727,dct_high_nontargeted_white_box_eps0.0627_iter2,0.25000000000000006,0.15909090909090912,0.9984193,54.97696681278163,0.9998291730880737,0.999976396560669,0.007452454883605242,0.00026404857635498047,223324,0.0024771928,0.0012670460855588317,0.0012681669322773814,0.0012713887263089418
46252,dct_high_nontargeted_white_box_eps0.0627_iter3,0.24999999999999992,0.10606060606060608,0.9994197,52.7554432006902,0.9999114274978638,0.9999735951423645,0.001305753830820322,0.0001265406608581543,462336,0.0036795165,0.0019946452230215073,0.0019944552332162857,0.0019993074238300323
182021,dct_high_nontargeted_white_box_eps0.0627_iter1,0.21212121212121215,0.16666666666666666,0.9986131,58.03406174490378,0.9998266100883484,0.9999746084213257,0.013237891718745232,0.0009287595748901367,382908,0.0021719802,0.001253987313248217,0.001253994763828814,0.0012539690360426903
90284,dct_high_nontargeted_white_box_eps0.0627_iter27,0.5000000000000001,0.10000000000000002,0.9644788,42.48955177485088,0.9954609274864197,0.9993494153022766,0.14373257756233215,0.012609124183654785,605476,0.011149599,0.005978155881166458,0.005948785226792097,0.006034008227288723
286553,dct_high_nontargeted_white_box_eps0.0627_iter10,0.11111111111111113,0.09427609427609425,0.9919772,47.705541622291314,0.9989997148513794,0.9998456239700317,0.03687593340873718,0.003051280975341797,512409,0.0061931224,0.003213725984096527,0.003217830555513501,0.0032234268728643656
5060,dct_high_nontargeted_white_box_eps0.0627_iter30,0.5000000000000001,0.25000000000000006,0.9797125,41.52951860165426,0.9971756339073181,0.9993695616722107,0.044293489307165146,0.006232023239135742,618825,0.012660713,0.006641692481935024,0.006594658829271793,0.006638163700699806
286523,dct_high_nontargeted_white_box_eps0.0627_iter2,0.5000000000000001,0.12500000000000003,0.9982097,55.148373916929515,0.9998089075088501,0.9999732375144958,0.017909452319145203,0.0006393194198608398,216472,0.0023978162,0.0012202052166685462,0.0012199766933918,0.0012237103655934334
120420,dct_high_nontargeted_white_box_eps0.0627_iter2,0.13349282296650716,0.1188811188811189,0.9991207,54.53723017958939,0.9998988509178162,0.9999814629554749,0.0027235106099396944,0.0002627372741699219,268049,0.0027912587,0.0014033325714990497,0.0014016837812960148,0.0014058005763217807
579655,dct_high_nontargeted_white_box_eps0.0627_iter4,0.20000000000000004,0.10000000000000002,0.995464,52.154996193105205,0.9996270537376404,0.9999250173568726,0.02096969075500965,0.0022881627082824707,326687,0.0036145546,0.0018401691922917962,0.0018428899347782135,0.0018435916863381863
297578,dct_high_nontargeted_white_box_eps0.0627_iter5,0.25000000000000006,0.09090909090909091,0.99300736,50.89536739084356,0.9994215369224548,0.9998994469642639,0.08560717850923538,0.0020078420639038086,420126,0.004321074,0.0023655425757169724,0.0023670794907957315,0.0023713787086308002
67180,dct_high_nontargeted_white_box_eps0.0627_iter29,0.5000000000000001,0.25000000000000006,0.9911642,42.87357989242338,0.9987713694572449,0.9997194409370422,0.02494899556040764,0.006531417369842529,619593,0.011118867,0.005775136407464743,0.005794986616820097,0.005776402074843645
126226,dct_high_nontargeted_white_box_eps0.0627_iter1,0.18181818181818185,0.16666666666666666,0.999253,58.07546123440677,0.9999064207077026,0.9999846816062927,0.0029829335398972034,0.0002894401550292969,395657,0.0021577193,0.001242208294570446,0.0012460803845897317,0.001237979275174439
190923,dct_high_nontargeted_white_box_eps0.0627_iter1,0.1481206293706294,0.1433857808857809,0.999409,58.05298596623554,0.9999336004257202,0.9999905824661255,0.001799225341528654,0.00023859739303588867,399218,0.0021656093,0.0012468418572098017,0.001248226035386324,0.001250543398782611
150265,dct_high_nontargeted_white_box_eps0.0627_iter1,0.24595959595959593,0.16161616161616163,0.99914557,58.05379497320491,0.9998892545700073,0.9999845027923584,0.0035606182646006346,0.000390470027923584,405949,0.0021658544,0.0012479391880333424,0.0012527800863608718,0.001244206796400249
38048,dct_high_nontargeted_white_box_eps0.0627_iter11,0.12500000000000003,0.0,0.9909348,46.57564070490852,0.9988589286804199,0.9998406171798706,0.053669460117816925,0.002042829990386963,562339,0.00716825,0.0038103852421045303,0.003827619832009077,0.0038360683247447014
525155,dct_high_nontargeted_white_box_eps0.0627_iter17,0.5000000000000001,0.0,0.97932404,45.48782358938409,0.9974142909049988,0.9995933771133423,0.20023813843727112,0.01377403736114502,577475,0.008044581,0.004300776869058609,0.00429814588278532,0.004303022287786007
163314,dct_high_nontargeted_white_box_eps0.0627_iter2,0.17561983471074377,0.17355371900826444,0.9985574,54.95844668227676,0.9998500347137451,0.999975323677063,0.007622271776199341,0.00040715932846069336,232827,0.0025307427,0.0012747105211019516,0.0012760581448674202,0.0012715208576992154
259571,dct_high_nontargeted_white_box_eps0.0627_iter1,0.19999999999999996,0.18943824206982104,0.99923897,58.04731821267321,0.9999121427536011,0.9999871253967285,0.002840896602720022,0.0005015730857849121,395544,0.0021679713,0.001245671883225441,0.0012519187293946743,0.001252919901162386
236166,dct_high_nontargeted_white_box_eps0.0627_iter2,0.5000000000000001,0.25000000000000006,0.99830097,55.14352420970723,0.9998093843460083,0.9999706745147705,0.010832130908966064,0.0003108978271484375,232810,0.0024254231,0.0012308909790590405,0.001228052657097578,0.0012253860477358103
153529,dct_high_nontargeted_white_box_eps0.0627_iter4,0.15259740259740262,0.148989898989899,0.9972871,51.613410590809465,0.9996658563613892,0.9999374151229858,0.013500355184078217,0.001562356948852539,399562,0.003982448,0.001994025893509388,0.0020134809892624617,0.0020046744029968977
219271,dct_high_nontargeted_white_box_eps0.0627_iter4,0.14248251748251747,0.14123376623376624,0.9969897,51.84007278173336,0.9996376037597656,0.9999610781669617,0.037081729620695114,0.0011326074600219727,385710,0.003858804,0.0019281444838270545,0.0019278652034699917,0.0019330139039084315
460841,dct_high_nontargeted_white_box_eps0.0627_iter2,0.25000000000000006,0.12500000000000003,0.99752665,54.944808391156954,0.9996746778488159,0.9999406933784485,0.03034137934446335,0.001949310302734375,235499,0.00254034,0.0012777304509654641,0.0012780630495399237,0.0012776546645909548
558114,dct_high_nontargeted_white_box_eps0.0627_iter1,0.12225552225552225,0.10914141414141414,0.9993772,58.06187693317847,0.9999279975891113,0.9999885559082031,0.0024978462606668472,0.00013756752014160156,391157,0.0021642076,0.0012535658897832036,0.0012386010494083166,0.0012457917910069227
163257,dct_high_nontargeted_white_box_eps0.0627_iter3,0.5000000000000001,0.42424242424242414,0.996677,53.25954449998846,0.9996243715286255,0.9999444484710693,0.027135226875543594,0.0008723139762878418,395935,0.0033744823,0.0018714233301579952,0.0018708882853388786,0.001869357074610889
361551,dct_high_nontargeted_white_box_eps0.0627_iter1,0.2220279720279721,0.21717171717171724,0.9990298,58.03415585492453,0.9998844861984253,0.9999843239784241,0.005972956772893667,0.0002581477165222168,398003,0.0021719444,0.0012539844028651714,0.0012539412127807736,0.0012539462186396122
342971,dct_high_nontargeted_white_box_eps0.0627_iter11,0.5000000000000001,0.25000000000000006,0.99097234,47.251567085705034,0.9988687038421631,0.9998881816864014,0.08411605656147003,0.004218339920043945,546682,0.0066070794,0.0035403920337557793,0.0035396006423979998,0.003542862366884947
361919,dct_high_nontargeted_white_box_eps0.0627_iter6,0.1632996632996633,0.16065416065416066,0.99433976,50.20376645923897,0.9992737770080566,0.9999072551727295,0.05092714726924896,0.0019431114196777344,435343,0.0046408945,0.00237223319709301,0.002371927723288536,0.002358349971473217
138115,dct_high_nontargeted_white_box_eps0.0627_iter7,0.5000000000000001,0.25000000000000006,0.99122196,49.14970689172023,0.9989921450614929,0.999838650226593,0.055885955691337585,0.0018635988235473633,491049,0.0052981717,0.0028517707251012325,0.0028973426669836044,0.002856216160580516
374369,dct_high_nontargeted_white_box_eps0.0627_iter28,0.5000000000000001,0.25000000000000006,0.95638376,43.14315420681748,0.9940545558929443,0.9987393617630005,0.3120497763156891,0.04243576526641846,605251,0.010480786,0.005497846286743879,0.0054703750647604465,0.005515858996659517
123213,dct_high_nontargeted_white_box_eps0.0627_iter1,0.15086580086580084,0.10964605188861483,0.99932224,58.03874092232264,0.999912679195404,0.9999877214431763,0.0013348562642931938,7.522106170654297e-05,405924,0.002170424,0.0012529009254649282,0.0012525396887212992,0.0012524896301329136
439854,dct_high_nontargeted_white_box_eps0.0627_iter1,0.1564344746162928,0.13435828877005346,0.9987707,58.07726212644633,0.9998552799224854,0.9999764561653137,0.008827701210975647,0.00035566091537475586,386339,0.0021593662,0.0012283121468499303,0.0012488332577049732,0.0012475887779146433
465836,dct_high_nontargeted_white_box_eps0.0627_iter39,0.3333333333333334,0.303030303030303,0.97368306,41.499251415952266,0.9969202876091003,0.9994956851005554,0.10626386851072311,0.011756181716918945,622561,0.012782722,0.0067523750476539135,0.006738585885614157,0.006759758573025465
414385,dct_high_nontargeted_white_box_eps0.0627_iter12,0.3333333333333334,0.06666666666666668,0.9857283,46.968855146805396,0.9981030821800232,0.9996975660324097,0.0686892718076706,0.004960417747497559,540324,0.0067849243,0.003509392961859703,0.003513225121423602,0.003507819026708603
322724,dct_high_nontargeted_white_box_eps0.0627_iter2,0.5000000000000001,0.27272727272727276,0.99794346,55.43576396995721,0.9997670650482178,0.9999579191207886,0.027122143656015396,0.0007393360137939453,248078,0.002314931,0.0011611386435106397,0.0011775466846302152,0.001172864343971014
481390,dct_high_nontargeted_white_box_eps0.0627_iter1,0.1462121212121212,0.13944055944055944,0.999605,58.10466697204084,0.9999533891677856,0.9999912977218628,0.000774908228777349,7.528066635131836e-05,403707,0.0021500494,0.0012249975698068738,0.0012340456014499068,0.0012422470608726144
579635,dct_high_nontargeted_white_box_eps0.0627_iter11,0.3333333333333334,0.0,0.986434,46.55460491445271,0.998142659664154,0.9997534155845642,0.09908860921859741,0.007485508918762207,558516,0.0071560876,0.0038093654438853264,0.003838151227682829,0.003846849547699094
295316,dct_high_nontargeted_white_box_eps0.0627_iter7,0.47272727272727283,0.34090909090909094,0.99197364,48.68888690593724,0.9989008903503418,0.9998320937156677,0.043382275849580765,0.003574967384338379,510000,0.0056246035,0.003022213466465473,0.003036138601601124,0.003049655118957162
183127,dct_high_nontargeted_white_box_eps0.0627_iter28,0.5000000000000001,0.16666666666666663,0.96717024,42.18060192990487,0.995261549949646,0.9992765188217163,0.10868480801582336,0.011155962944030762,617373,0.011837687,0.006178474985063076,0.006158766802400351,0.006130650173872709
115898,dct_high_nontargeted_white_box_eps0.0627_iter1,0.5000000000000001,0.25000000000000006,0.99963456,58.05275293129138,0.9999547004699707,0.9999892711639404,0.0011895474744960666,0.00019496679306030273,427252,0.0021640966,0.0012486035702750087,0.0012489024084061384,0.001248297281563282
146358,dct_high_nontargeted_white_box_eps0.0627_iter1,0.13506493506493508,0.10389610389610392,0.9991937,58.040701495458066,0.9999136328697205,0.9999837279319763,0.005695042200386524,0.0001404285430908203,389583,0.0021697541,0.0012505925260484219,0.0012522906763479114,0.0012533225817605853
290163,dct_high_nontargeted_white_box_eps0.0627_iter1,0.13484848484848483,0.05454545454545454,0.99912024,58.04147854809034,0.9999029040336609,0.9999865293502808,0.0045738499611616135,0.00044083595275878906,385076,0.002169815,0.001252784626558423,0.001253663212992251,0.0012490965891629457
223959,dct_high_nontargeted_white_box_eps0.0627_iter8,0.5000000000000001,0.25000000000000006,0.99094075,48.43706604130317,0.9988688826560974,0.9998409152030945,0.044403813779354095,0.0016376972198486328,499423,0.0057312706,0.002963944338262081,0.0029504182748496532,0.002953167073428631
326248,dct_high_nontargeted_white_box_eps0.0627_iter1,0.11844305120167187,0.1147019647019647,0.99935323,58.05700726422793,0.9999305009841919,0.9999915957450867,0.0031683319248259068,0.00011515617370605469,392292,0.002164283,0.0012468603672459722,0.001248693442903459,0.0012465878389775753
293625,dct_high_nontargeted_white_box_eps0.0627_iter3,0.1666666666666667,0.12878787878787876,0.99686223,53.078749833788585,0.999619722366333,0.9999399185180664,0.02052394300699234,0.002070903778076172,399623,0.0034500167,0.001920758979395032,0.0019199285889044404,0.0019219499081373215
411817,dct_high_nontargeted_white_box_eps0.0627_iter3,0.14015151515151514,0.13111888111888112,0.99797934,53.11376725813652,0.99978107213974,0.9999525547027588,0.007406988181173801,0.0006401538848876953,414973,0.003446024,0.001901843468658626,0.0019050466362386942,0.0019028637325391173
215259,dct_high_nontargeted_white_box_eps0.0627_iter24,0.3333333333333334,0.19191919191919202,0.97424513,43.889055024575,0.9969549179077148,0.9995790719985962,0.15862421691417694,0.009199142456054688,594908,0.009613762,0.005045249126851559,0.005032212473452091,0.005050209816545248
147729,dct_high_nontargeted_white_box_eps0.0627_iter1,0.33863636363636357,0.1919191919191919,0.99902433,58.03954370630818,0.999870777130127,0.9999788403511047,0.005724521819502115,0.0007215738296508789,388959,0.0021704095,0.0012516698334366083,0.0012534306151792407,0.0012521399185061455
579307,dct_high_nontargeted_white_box_eps0.0627_iter1,0.3333333333333334,0.28282828282828276,0.9991955,58.036259512749226,0.9998968839645386,0.9999855160713196,0.003821035847067833,0.00044929981231689453,407417,0.002171366,0.0012530317762866616,0.0012536324793472886,0.0012533762492239475
154425,dct_high_nontargeted_white_box_eps0.0627_iter18,0.5000000000000001,0.25000000000000006,0.98782545,44.08234605964051,0.9985713362693787,0.9997695088386536,0.029708953574299812,0.0022963285446166992,597901,0.009530578,0.004973562899976969,0.004937564022839069,0.004945503547787666
404923,dct_high_nontargeted_white_box_eps0.0627_iter1,0.44155844155844165,0.41818181818181827,0.99946386,58.03951580258632,0.9999181628227234,0.99998539686203,0.0017507445299997926,4.506111145019531e-05,407119,0.0021701527,0.0012522756587713957,0.001252329209819436,0.0012526609934866428
163057,dct_high_nontargeted_white_box_eps0.0627_iter1,0.14714890843923104,0.1334481175390266,0.99930304,58.06951221881282,0.9999103546142578,0.9999856948852539,0.005797700025141239,0.0003628730773925781,430505,0.002161958,0.001252976362593472,0.0012529658852145076,0.0012254397151991725
67406,dct_high_nontargeted_white_box_eps0.0627_iter4,0.3749999999999999,0.31818181818181823,0.9944065,51.52531748456035,0.9992372393608093,0.9997105598449707,0.06111464649438858,0.002604842185974121,372276,0.0039391085,0.002023299690335989,0.0020279036834836006,0.0020246689673513174
248752,dct_high_nontargeted_white_box_eps0.0627_iter25,0.25000000000000006,0.16666666666666663,0.9725334,44.23506989298532,0.9966129064559937,0.999630868434906,0.22810283303260803,0.0050563812255859375,596150,0.009266218,0.004941713530570269,0.004931676667183638,0.004947219509631395
450303,dct_high_nontargeted_white_box_eps0.0627_iter1,0.10538552356734178,0.10439084724799011,0.9989145,58.04895734609932,0.9998750686645508,0.999983549118042,0.008231774903833866,0.00020134449005126953,390205,0.0021660049,0.0012496125418692827,0.0012495348928496242,0.0012499418808147311
137294,dct_high_nontargeted_white_box_eps0.0627_iter1,0.5000000000000001,0.42424242424242414,0.9990795,58.04997963161158,0.9998921155929565,0.9999843239784241,0.008413134142756462,0.00021648406982421875,390066,0.0021671776,0.0012515485286712646,0.0012518762378022075,0.001244780607521534
311180,dct_high_nontargeted_white_box_eps0.0627_iter4,0.5000000000000001,0.25000000000000006,0.9965845,51.74468136659187,0.9996078014373779,0.9999445080757141,0.013392582535743713,0.0008180141448974609,360912,0.0038199967,0.001959758810698986,0.0019643898122012615,0.0019602596294134855
349184,dct_high_nontargeted_white_box_eps0.0627_iter1,0.25974025974025977,0.14545454545454548,0.99957865,58.0552461619678,0.9999515414237976,0.9999879598617554,0.0014239521697163582,5.805492401123047e-05,409916,0.0021638337,0.001247919979505241,0.0012474610703065991,0.0012482760939747095
446651,dct_high_nontargeted_white_box_eps0.0627_iter9,0.21212121212121215,0.1818181818181818,0.9875798,48.304066726839565,0.9990882277488708,0.9998300671577454,0.07145422697067261,0.0049536824226379395,484965,0.0057702363,0.0031121724750846624,0.003111644182354212,0.0031275686342269182
227478,dct_high_nontargeted_white_box_eps0.0627_iter2,0.28282828282828276,0.1666666666666667,0.99940443,55.18687452106982,0.9999256134033203,0.9999843239784241,0.002024903194978833,0.00042629241943359375,252806,0.0025137744,0.0012095535639673471,0.001210709335282445,0.0012055289698764682
255749,dct_high_nontargeted_white_box_eps0.0627_iter4,0.4000000000000001,0.2181818181818182,0.99107474,52.078175055991466,0.9992536306381226,0.9998738765716553,0.05586903169751167,0.005144298076629639,283953,0.0035901428,0.0018575753783807158,0.0018610962433740497,0.001850603730417788
148719,dct_high_nontargeted_white_box_eps0.0627_iter3,0.25000000000000006,0.16666666666666663,0.9989953,52.93288490572844,0.999869704246521,0.9999774098396301,0.002420711098238826,0.00014126300811767578,443954,0.0035748403,0.0019516436150297523,0.0019544821698218584,0.0019524943782016635
489842,dct_high_nontargeted_white_box_eps0.0627_iter1,0.19823471547609475,0.18096199987695585,0.99968594,58.04526780714953,0.9999632835388184,0.9999920129776001,0.0010123455431312323,0.0001755356788635254,412872,0.002167063,0.0012507528299465775,0.0012507667997851968,0.001250733621418476
61418,dct_high_nontargeted_white_box_eps0.0627_iter14,0.300275482093664,0.26839826839826847,0.9914624,45.720147368491844,0.9989480972290039,0.9998801350593567,0.030656788498163223,0.0019139647483825684,570807,0.007865749,0.004086473491042852,0.004089646972715855,0.004081478342413902
277020,dct_high_nontargeted_white_box_eps0.0627_iter1,0.10606060606060606,0.0909090909090909,0.9983441,58.53927095120192,0.9998553991317749,0.9999809265136719,0.010195241309702396,0.0008012056350708008,305005,0.0019601434,0.0011156490072607994,0.0011142105795443058,0.0011189851211383939
47828,dct_high_nontargeted_white_box_eps0.0627_iter1,0.1717171717171717,0.11515151515151516,0.9988945,58.062438889045694,0.999865710735321,0.9999830722808838,0.0127403624355793,0.0004544258117675781,385528,0.0021638481,0.0012510486412793398,0.0012499577132984996,0.001236473093740642
271997,dct_high_nontargeted_white_box_eps0.0627_iter23,0.5000000000000001,0.25000000000000006,0.97393006,44.32597697800716,0.996579110622406,0.9994980692863464,0.12583482265472412,0.014825701713562012,595406,0.009206825,0.0049011786468327045,0.004899874329566956,0.004910640884190798
8532,dct_high_nontargeted_white_box_eps0.0627_iter9,0.5000000000000001,0.25000000000000006,0.9890919,48.144438884823195,0.9987136721611023,0.9998223185539246,0.15402187407016754,0.011638164520263672,512747,0.0059103277,0.003206998808309436,0.0032006260007619858,0.0032118605449795723
390555,dct_high_nontargeted_white_box_eps0.0627_iter4,0.11949549158851484,0.11766245398130752,0.9986074,51.43725300742673,0.9998490214347839,0.999968945980072,0.005741365719586611,0.0010709166526794434,402499,0.0040603015,0.0020487939473241568,0.002050179522484541,0.002049641218036413
68409,dct_high_nontargeted_white_box_eps0.0627_iter1,0.30595427963849015,0.2789256198347107,0.9996707,58.063717795792655,0.9999630451202393,0.9999929666519165,0.0008882613619789481,0.0001862049102783203,404088,0.0021620886,0.0012431949144229293,0.0012443604646250606,0.001248814631253481
2299,dct_high_nontargeted_white_box_eps0.0627_iter4,0.2776353713853714,0.2721380471380471,0.9987788,51.870431402393976,0.9998825788497925,0.9999722838401794,0.0036651906557381153,0.00048607587814331055,373361,0.0038108313,0.001918009133078158,0.001925337826833129,0.0019202778348699212
11051,dct_high_nontargeted_white_box_eps0.0627_iter9,0.5000000000000001,0.3863636363636363,0.9883644,48.14622825414147,0.9986122846603394,0.9998034834861755,0.1224963515996933,0.009135425090789795,512936,0.0059152427,0.003213337389752269,0.0032067219726741314,0.003205314977094531
66038,dct_high_nontargeted_white_box_eps0.0627_iter1,0.13458110516934046,0.11363636363636362,0.999481,58.11333760368565,0.9999361038208008,0.9999902844429016,0.0015448068734258413,8.392333984375e-05,413538,0.002147933,0.001214810530655086,0.0012406173627823591,0.0012384838191792369
360960,dct_high_nontargeted_white_box_eps0.0627_iter1,0.41666666666666674,0.3922077922077923,0.9987335,58.15888265498647,0.9998607635498047,0.9999784231185913,0.008479705080389977,0.0009135007858276367,366147,0.0021178273,0.001217572600580752,0.0012174813309684396,0.0012203211663290858
504589,dct_high_nontargeted_white_box_eps0.0627_iter8,0.42424242424242414,0.33333333333333326,0.9946559,47.31699098525351,0.9993149042129517,0.99988853931427,0.028058595955371857,0.0016641616821289062,544324,0.006612818,0.0034191524609923363,0.003437954233959317,0.0033766089472919703
23034,dct_high_nontargeted_white_box_eps0.0627_iter2,0.3333333333333334,0.28282828282828276,0.99896485,54.68195904523195,0.999876856803894,0.9999825358390808,0.0055410536006093025,0.0005342960357666016,261979,0.0027201958,0.0013540432555601,0.001358873676508665,0.0013604102423414588
506656,dct_high_nontargeted_white_box_eps0.0627_iter14,0.3333333333333334,0.0,0.98617554,45.8650230008042,0.9982187747955322,0.9997837543487549,0.07084504514932632,0.008545279502868652,570134,0.007748741,0.004017799161374569,0.004014851991087198,0.003987560048699379
272566,dct_high_nontargeted_white_box_eps0.0627_iter1,0.17424242424242423,0.15384615384615383,0.99982387,58.07608544674924,0.9999780654907227,0.9999948143959045,0.00036432166234590113,0.00023639202117919922,426188,0.0021589382,0.0012422632426023483,0.0012468763161450624,0.0012365952134132385
424551,dct_high_nontargeted_white_box_eps0.0627_iter12,0.5000000000000001,0.27272727272727276,0.98733634,46.15514860466213,0.9983457326889038,0.9997589588165283,0.07600511610507965,0.010015308856964111,567064,0.0075341295,0.0038685619365423918,0.0038813629653304815,0.0039075445383787155
341719,dct_high_nontargeted_white_box_eps0.0627_iter6,0.27272727272727276,0.18181818181818185,0.9960237,50.032442497289544,0.9994993209838867,0.9999359250068665,0.03445172309875488,0.00195389986038208,465796,0.004821276,0.0024273348972201347,0.002423135796561837,0.0024315272457897663
72795,dct_high_nontargeted_white_box_eps0.0627_iter1,0.22612707158161707,0.22445887445887447,0.9996192,58.05164635865354,0.9999521970748901,0.9999920725822449,0.0011381901567801833,6.175041198730469e-05,424548,0.0021657292,0.001248047687113285,0.001249839086085558,0.0012488927459344268
43816,dct_high_nontargeted_white_box_eps0.0627_iter5,0.25000000000000006,0.21212121212121207,0.9969201,49.76319416069778,0.9995723962783813,0.9999188780784607,0.009215304628014565,0.0008550882339477539,497247,0.005069953,0.00273220450617373,0.0027391426265239716,0.0027412192430347204
455555,dct_high_nontargeted_white_box_eps0.0627_iter14,0.5000000000000001,0.42424242424242414,0.9867589,46.17471760017768,0.9988240003585815,0.9997833967208862,0.04178844392299652,0.002794623374938965,544352,0.0074106934,0.0038517771754413843,0.003854023292660713,0.003840654855594039
535306,dct_high_nontargeted_white_box_eps0.0627_iter3,0.25000000000000006,0.10000000000000002,0.9980285,52.8878957067088,0.9997624754905701,0.9999675154685974,0.009040880016982555,0.0003311634063720703,421108,0.0035633575,0.00196048803627491,0.001965392380952835,0.0019625306595116854
93353,dct_high_nontargeted_white_box_eps0.0627_iter2,0.25000000000000006,0.12500000000000003,0.99776524,54.90652552024565,0.999745786190033,0.9999641180038452,0.022038646042346954,0.00047194957733154297,222277,0.0025089479,0.0012913246173411608,0.0012911437079310417,0.0012851293431594968
473118,dct_high_nontargeted_white_box_eps0.0627_iter3,0.1666666666666667,0.11111111111111109,0.9972368,52.98401562225958,0.9996795058250427,0.9999650716781616,0.014246441423892975,0.00048679113388061523,411137,0.003509323,0.0019144085235893726,0.0019518306944519281,0.0019466641824692488
567640,dct_high_nontargeted_white_box_eps0.0627_iter2,0.20413223140495873,0.2026515151515151,0.9984048,54.748353932488776,0.9998171329498291,0.9999769926071167,0.004903018940240145,0.00036394596099853516,239547,0.0026255683,0.0013383639743551612,0.0013391970423981547,0.0013345911866053939
532493,dct_high_nontargeted_white_box_eps0.0627_iter14,0.25000000000000006,0.0,0.9950208,46.32203053219967,0.9992890357971191,0.999872624874115,0.013729823753237724,0.001400589942932129,580287,0.007495126,0.0037963329814374447,0.00379201746545732,0.003799491561949253
45550,dct_high_nontargeted_white_box_eps0.0627_iter1,0.16296487603305784,0.07240259740259741,0.99901885,58.042804587162486,0.9998770952224731,0.999981701374054,0.006099454592913389,0.000557243824005127,392443,0.0021691488,0.0012502045137807727,0.001252861344255507,0.0012513468973338604
410456,dct_high_nontargeted_white_box_eps0.0627_iter1,0.45804195804195813,0.45151515151515165,0.99944353,58.04837933952042,0.9999324083328247,0.9999901056289673,0.0014205952174961567,8.958578109741211e-05,413645,0.0021675215,0.0012475107796490192,0.0012523919576779008,0.0012496686540544033
441286,dct_high_nontargeted_white_box_eps0.0627_iter30,0.5000000000000001,0.0,0.97411203,41.94813231585805,0.9963977336883545,0.9993802309036255,0.07573655247688293,0.01243436336517334,618788,0.012202336,0.006324153393507004,0.006327829789370298,0.006363764405250549
885,dct_high_nontargeted_white_box_eps0.0627_iter1,0.42063492063492064,0.41558441558441556,0.9986682,58.03650640796949,0.9998387098312378,0.9999731779098511,0.01219326164573431,0.0004926919937133789,382646,0.002171147,0.0012529341038316488,0.0012532665859907866,0.0012536576250568032
229849,dct_high_nontargeted_white_box_eps0.0627_iter1,0.13847913093196113,0.11302458547741566,0.99945563,58.05613831697546,0.9999432563781738,0.9999945163726807,0.001893434557132423,8.541345596313477e-05,394819,0.002164609,0.001248323475010693,0.001248062588274479,0.0012465032050386071
39551,dct_high_nontargeted_white_box_eps0.0627_iter5,0.3333333333333334,0.1666666666666667,0.9934786,50.3485632379936,0.9991296529769897,0.9998897910118103,0.02370646223425865,0.00193101167678833,461495,0.004661449,0.002555507468059659,0.002556795021519065,0.0025363429449498653
193348,dct_high_nontargeted_white_box_eps0.0627_iter8,0.5000000000000001,0.25000000000000006,0.9893531,48.76796596521149,0.998668372631073,0.9998208284378052,0.10790766775608063,0.004464626312255859,468108,0.005426237,0.002827421296387911,0.0028335116803646088,0.0028241705149412155
83172,dct_high_nontargeted_white_box_eps0.0627_iter6,0.22727272727272724,0.21022727272727265,0.99213696,49.77529354400392,0.9990164041519165,0.9998530745506287,0.05729223042726517,0.004088699817657471,446272,0.00488063,0.0025149148423224688,0.0025111879222095013,0.0025171125307679176
388056,dct_high_nontargeted_white_box_eps0.0627_iter3,0.18653198653198655,0.1803030303030303,0.99870676,53.20215364315389,0.999841570854187,0.9999712705612183,0.002453644759953022,0.00012922286987304688,425964,0.0034318704,0.0018898646812886,0.001888491795398295,0.0018899452406913042
235836,dct_high_nontargeted_white_box_eps0.0627_iter4,0.3333333333333334,0.1666666666666667,0.99868983,51.58667673308233,0.9998536109924316,0.9999655485153198,0.004237878601998091,0.00030916929244995117,401973,0.0039994135,0.0020017048809677362,0.0020030152518302202,0.002009620191529393
205105,dct_high_nontargeted_white_box_eps0.0627_iter50,0.3333333333333334,0.0,0.9398978,40.70188428182327,0.9930003881454468,0.9988684058189392,0.18847474455833435,0.026771128177642822,621464,0.013858726,0.007249420043081045,0.007204229012131691,0.007276599295437336
497599,dct_high_nontargeted_white_box_eps0.0627_iter1,0.2575757575757575,0.18181818181818185,0.99899656,58.03418573135259,0.9998828768730164,0.9999846816062927,0.005915339570492506,0.0004955530166625977,387349,0.0021719404,0.0012539454037323594,0.0012539364397525787,0.00125397858209908
232684,dct_high_nontargeted_white_box_eps0.0627_iter5,0.25000000000000006,0.0,0.9759323,52.060610089418816,0.9978142976760864,0.9955563545227051,0.1152673065662384,0.010345280170440674,174830,0.003476762,0.001886105863377452,0.001873535686172545,0.0018598079914227128
144784,dct_high_nontargeted_white_box_eps0.0627_iter5,1.0000000000000002,0.16666666666666663,0.9950443,50.88782498216165,0.9994174838066101,0.999908447265625,0.027613565325737,0.0013436675071716309,457548,0.0043831044,0.0023955642245709896,0.002393982606008649,0.002389324363321066
167486,dct_high_nontargeted_white_box_eps0.0627_iter1,0.10173160173160174,0.0979020979020979,0.9992781,58.12389638741184,0.9999120235443115,0.9999865293502808,0.0024980702437460423,0.00043827295303344727,392973,0.0021441618,0.0012420275015756488,0.0012397615937516093,0.0012031742371618748
488673,dct_high_nontargeted_white_box_eps0.0627_iter1,0.11038961038961037,0.09956709956709955,0.9991515,58.04347119596247,0.9999016523361206,0.9999867677688599,0.005219968035817146,0.0002899765968322754,392025,0.002168522,0.001251724548637867,0.0012512878747656941,0.001250825123861432
492362,dct_high_nontargeted_white_box_eps0.0627_iter1,0.12012987012987009,0.1090909090909091,0.9993765,58.06578849731868,0.9999262094497681,0.9999886155128479,0.0019525327952578664,0.0001328587532043457,396724,0.0021628612,0.0012450064532458782,0.0012438725680112839,0.0012457066914066672
232563,dct_high_nontargeted_white_box_eps0.0627_iter3,0.3333333333333334,0.28282828282828276,0.99723274,52.77190172783678,0.9996611475944519,0.9999566078186035,0.0310660433024168,0.001674652099609375,412050,0.003604742,0.001986764371395111,0.0019857329316437244,0.0019836537539958954
520910,dct_high_nontargeted_white_box_eps0.0627_iter16,0.3333333333333334,0.1666666666666667,0.97920436,45.830083855494635,0.9974443912506104,0.9995743036270142,0.19154542684555054,0.042207300662994385,563580,0.007703576,0.0040082684718072414,0.004018246661871672,0.004030055832117796
206411,dct_high_nontargeted_white_box_eps0.0627_iter7,0.25000000000000006,0.16666666666666663,0.9921052,49.564291279210515,0.9990043044090271,0.9998435974121094,0.055330969393253326,0.005039393901824951,492130,0.005081977,0.002754993736743927,0.0027513804379850626,0.0027448381297290325
177934,dct_high_nontargeted_white_box_eps0.0627_iter1,0.143801652892562,0.13863636363636367,0.9995575,58.13972076612336,0.9999489188194275,0.9999905824661255,0.0029888306744396687,8.380413055419922e-05,414918,0.0021389101,0.0012436473043635488,0.0012083494802936912,0.0012195459567010403
165518,dct_high_nontargeted_white_box_eps0.0627_iter14,0.5000000000000001,0.25000000000000006,0.9826676,46.441672880488355,0.9976975917816162,0.999609649181366,0.0960891842842102,0.005629301071166992,557230,0.007228127,0.003749067196622491,0.0037373367231339216,0.0037276390939950943
571718,dct_high_nontargeted_white_box_eps0.0627_iter3,0.25000000000000006,0.21212121212121207,0.99845695,52.96619108282704,0.9998382925987244,0.9999722838401794,0.006683970335870981,0.0002733469009399414,415510,0.003520842,0.0019427567021921277,0.0019445173675194383,0.0019451197003945708
289222,dct_high_nontargeted_white_box_eps0.0627_iter21,0.3333333333333334,0.1666666666666667,0.9805799,44.697835714764764,0.9977580904960632,0.99969083070755,0.11055070906877518,0.010620832443237305,590373,0.008803263,0.004691698122769594,0.004692987073212862,0.0047087897546589375
372819,dct_high_nontargeted_white_box_eps0.0627_iter1,0.16666666666666663,0.12500000000000003,0.9998537,58.03893871872184,0.9999769926071167,0.9999932646751404,0.00024399229732807726,7.486343383789062e-05,445393,0.002170233,0.0012526641367003322,0.001252568094059825,0.001252496032975614
87144,dct_high_nontargeted_white_box_eps0.0627_iter38,0.25000000000000006,0.22727272727272724,0.9818575,41.77022707757705,0.9979900121688843,0.9996196031570435,0.0625896081328392,0.005885481834411621,619711,0.012412349,0.006445488892495632,0.006431477144360542,0.006485399790108204
60347,dct_high_nontargeted_white_box_eps0.0627_iter3,0.5000000000000001,0.25000000000000006,0.9990351,52.29055983713867,0.9998793005943298,0.9999758005142212,0.003245209576562047,0.0010404586791992188,434494,0.003863037,0.0021177681628614664,0.002115661045536399,0.0021143839694559574
420916,dct_high_nontargeted_white_box_eps0.0627_iter3,0.3333333333333334,0.303030303030303,0.9984543,53.02426119582482,0.9998087882995605,0.9999660849571228,0.005214294418692589,0.0006039738655090332,432286,0.0035195523,0.001931438222527504,0.0019326560432091355,0.0019320629071444273
439715,dct_high_nontargeted_white_box_eps0.0627_iter4,0.12676767676767678,0.11792929292929293,0.99878883,51.330162183624594,0.9998425841331482,0.9999600052833557,0.003968079574406147,0.00026285648345947266,413847,0.004143832,0.0020973992068320513,0.0020875113550573587,0.002078663557767868
284991,dct_high_nontargeted_white_box_eps0.0627_iter1,0.25000000000000006,0.12500000000000003,0.9987394,58.14362751006417,0.9998698234558105,0.9999808073043823,0.008770608343183994,0.0005435347557067871,366112,0.0021250795,0.0012230941792950034,0.001223456347361207,0.001221701968461275
78843,dct_high_nontargeted_white_box_eps0.0627_iter2,0.5000000000000001,0.33333333333333326,0.9988951,54.95190024875225,0.9998528361320496,0.9999733567237854,0.004316258244216442,0.0008556842803955078,236579,0.0025449835,0.0012740271631628275,0.0012769572203978896,0.0012763754930347204
13659,dct_high_nontargeted_white_box_eps0.0627_iter7,0.10909090909090911,0.10852272727272731,0.9940619,49.03684707584723,0.9993281364440918,0.9999032020568848,0.02274119108915329,0.001805722713470459,503702,0.0054039946,0.0029248071368783712,0.0029191644862294197,0.0029183472506701946
466125,dct_high_nontargeted_white_box_eps0.0627_iter1,0.10389610389610386,0.07792207792207792,0.9990692,58.071099574422476,0.9998959302902222,0.999984622001648,0.004043159075081348,0.0001849532127380371,381076,0.0021611191,0.0012510879896581173,0.0012515533016994596,0.0012273890897631645
414795,dct_high_nontargeted_white_box_eps0.0627_iter1,0.35585585585585594,0.31391184573002756,0.999556,58.04174594408,0.9999436736106873,0.9999907612800598,0.001148479524999857,6.949901580810547e-05,421312,0.0021694682,0.0012524329358711839,0.0012521360768005252,0.0012507362989708781
508101,dct_high_nontargeted_white_box_eps0.0627_iter2,0.31818181818181823,0.25,0.9977722,55.01711608905289,0.9997166991233826,0.9999721050262451,0.03999311476945877,0.0008133053779602051,240472,0.0025303739,0.0012450703652575612,0.0012550449464470148,0.0012676328187808394
253386,dct_high_nontargeted_white_box_eps0.0627_iter1,0.33333333333333326,0.13636363636363638,0.998697,58.32827947472299,0.9998806715011597,0.9999807476997375,0.007648225873708725,0.00021970272064208984,343217,0.0020491101,0.001170746167190373,0.0011735308216884732,0.0011712906416505575
338624,dct_high_nontargeted_white_box_eps0.0627_iter1,0.12004662004662003,0.11818181818181821,0.9994883,58.112529348760226,0.9999380111694336,0.9999903440475464,0.0016435841098427773,0.00016373395919799805,407174,0.002141489,0.0012307337019592524,0.0012302527902647853,0.0012336095096543431
378454,dct_high_nontargeted_white_box_eps0.0627_iter7,0.5000000000000001,0.25000000000000006,0.99233645,48.40315989673023,0.9989722967147827,0.9998704791069031,0.12016501277685165,0.01158064603805542,522090,0.005836391,0.0031425405759364367,0.003136526793241501,0.0031415692064911127
476215,dct_high_nontargeted_white_box_eps0.0627_iter1,0.5000000000000001,0.25000000000000006,0.99912804,58.0428569372212,0.999882698059082,0.9999852776527405,0.004437413066625595,0.0002846717834472656,410863,0.0021687518,0.0012509883381426334,0.0012519273441284895,0.0012514019617810845
297698,dct_high_nontargeted_white_box_eps0.0627_iter1,0.3181818181818181,0.13636363636363635,0.9986889,58.05939847645462,0.9998353719711304,0.9999698996543884,0.011321403086185455,0.0004559755325317383,383072,0.0021605063,0.0012466834159567952,0.0012466793414205313,0.0012467321939766407
247917,dct_high_nontargeted_white_box_eps0.0627_iter5,0.3938492063492063,0.388630624426079,0.99648976,50.54549113504939,0.9995826482772827,0.9999452829360962,0.01774965412914753,0.0013390779495239258,469481,0.0045769988,0.002485912758857012,0.0024893477093428373,0.002488521859049797
439522,dct_high_nontargeted_white_box_eps0.0627_iter15,1.0000000000000002,0.5000000000000001,0.9788694,45.644918302913524,0.9973146319389343,0.9995749592781067,0.167959064245224,0.01631796360015869,574846,0.007895935,0.004251668695360422,0.004228007048368454,0.004173391032963991
26690,dct_high_nontargeted_white_box_eps0.0627_iter1,0.2097902097902098,0.20512820512820515,0.99888706,58.11837645305053,0.9998731017112732,0.999983012676239,0.006262175738811493,0.0002251267433166504,375854,0.0021394826,0.0012310058809816837,0.001235258998349309,0.0012233869638293982
176901,dct_high_nontargeted_white_box_eps0.0627_iter3,0.5000000000000001,0.31818181818181823,0.99673384,52.85987822160574,0.9995772242546082,0.9999465942382812,0.02327827177941799,0.000735938549041748,426493,0.0035854897,0.00196878332644701,0.0019726441241800785,0.0019753670785576105
334767,dct_high_nontargeted_white_box_eps0.0627_iter1,0.40909090909090917,0.39393939393939403,0.9996888,58.18712791485743,0.9999653100967407,0.9999935030937195,0.0007235241355374455,4.482269287109375e-05,409234,0.0021162936,0.0012062918394804,0.0012157055316492915,0.0012096768477931619
301563,dct_high_nontargeted_white_box_eps0.0627_iter6,0.3333333333333334,0.303030303030303,0.99394065,50.36509774689194,0.9991828203201294,0.9998582005500793,0.04444883391261101,0.002768218517303467,442828,0.004596943,0.0023203303571790457,0.0023232472594827414,0.0023178684059530497
86755,dct_high_nontargeted_white_box_eps0.0627_iter1,0.2323232323232323,0.18181818181818185,0.99905586,58.041191876040095,0.9998859763145447,0.9999821782112122,0.006502957548946142,0.00040721893310546875,408274,0.0021695632,0.001252389745786786,0.001252203481271863,0.0012511825188994408
194471,dct_high_nontargeted_white_box_eps0.0627_iter34,0.5000000000000001,0.25000000000000006,0.95810556,41.68290720995772,0.9950011968612671,0.9993079304695129,0.1449749618768692,0.011355757713317871,616589,0.012411668,0.006292975042015314,0.0065575819462537766,0.0065683638677001
420281,dct_high_nontargeted_white_box_eps0.0627_iter3,0.4204545454545453,0.2727272727272727,0.9969585,52.81808840405298,0.9996414184570312,0.9999492764472961,0.017120493575930595,0.0007990002632141113,405423,0.0035722202,0.0019859063904732466,0.0019836926367133856,0.001975939143449068
99810,dct_high_nontargeted_white_box_eps0.0627_iter9,0.25000000000000006,0.12500000000000003,0.9874649,48.287472727712554,0.9985246062278748,0.9997885227203369,0.23471593856811523,0.015118241310119629,507613,0.005806612,0.0031558480113744736,0.0031538379844278097,0.0031642981339246035
334483,dct_high_nontargeted_white_box_eps0.0627_iter1,0.12940836940836944,0.11354723707664885,0.999402,58.104543928517145,0.999932050704956,0.9999868273735046,0.0023653365205973387,0.00010526180267333984,393479,0.0021418293,0.0012332885526120663,0.001233767019584775,0.0012343603884801269
482275,dct_high_nontargeted_white_box_eps0.0627_iter1,0.10606060606060608,0.0909090909090909,0.99954146,58.04979085177173,0.999947726726532,0.9999920129776001,0.001795444404706359,0.00024509429931640625,400559,0.0021673555,0.0012516254791989923,0.0012513648252934217,0.0012453746749088168
404805,dct_high_nontargeted_white_box_eps0.0627_iter20,0.5000000000000001,0.16666666666666663,0.98289865,44.31124950466029,0.9978498220443726,0.999698281288147,0.07125059515237808,0.003388643264770508,596979,0.009291595,0.00482051819562912,0.00480570737272501,0.004824145697057247
2261,dct_high_nontargeted_white_box_eps0.0627_iter2,0.5000000000000001,0.0,0.9986532,54.72603959841714,0.999830424785614,0.9999752044677734,0.0051644896157085896,0.00048339366912841797,257766,0.0026842703,0.0013456721790134907,0.0013480210909619927,0.0013411750551313162
425702,dct_high_nontargeted_white_box_eps0.0627_iter2,0.25000000000000006,0.0,0.998257,54.50967537310522,0.9997895956039429,0.9999716281890869,0.021409396082162857,0.0013447999954223633,263550,0.0027915405,0.0014081969857215881,0.0014067806769162416,0.0014215788105502725
361238,dct_high_nontargeted_white_box_eps0.0627_iter2,0.11111111111111109,0.08333333333333336,0.9983668,54.975498430443494,0.9998139142990112,0.9999754428863525,0.01103578507900238,0.00015819072723388672,228397,0.0025081618,0.0012812744826078415,0.0012756692012771964,0.0012632530415430665
3934,dct_high_nontargeted_white_box_eps0.0627_iter2,0.18181818181818182,0.16363636363636366,0.9984711,54.78843359958992,0.9998139142990112,0.9999706149101257,0.005373986903578043,0.00036156177520751953,245392,0.0026292247,0.001324945013038814,0.0013242572313174605,0.0013250323245301843
47740,dct_high_nontargeted_white_box_eps0.0627_iter5,0.11363636363636363,0.06818181818181818,0.99738765,50.5429358601566,0.9996904730796814,0.9999487996101379,0.014749754220247269,0.0023801326751708984,477112,0.0045980276,0.0024916466791182756,0.0024836792144924402,0.0025002285838127136
77460,dct_high_nontargeted_white_box_eps0.0627_iter2,0.1893939393939394,0.16842105263157894,0.99811655,54.966778474240556,0.9997787475585938,0.9999710321426392,0.01108910795301199,0.000395357608795166,234817,0.0025317543,0.0012726765125989914,0.0012728989822790027,0.001267006155103445
14439,dct_high_nontargeted_white_box_eps0.0627_iter4,0.17892561983471075,0.17269686834904224,0.9986662,51.53364149319212,0.9998186826705933,0.999956488609314,0.0017111500492319465,0.00019693374633789062,394614,0.004012579,0.0020317588932812214,0.0020445019472390413,0.001976963132619858
447314,dct_high_nontargeted_white_box_eps0.0627_iter11,0.13636363636363635,0.125,0.98613614,46.86306884376431,0.998172402381897,0.9997107982635498,0.115793377161026,0.007302463054656982,553124,0.0069032274,0.0036957855336368084,0.003699474036693573,0.0037013678811490536
181303,dct_high_nontargeted_white_box_eps0.0627_iter3,0.5000000000000001,0.0,0.99865216,52.52528745631702,0.9998164176940918,0.999968409538269,0.004229488782584667,0.0005806684494018555,445886,0.0037652012,0.002046433510258794,0.0020582035649567842,0.002054808894172311
286182,dct_high_nontargeted_white_box_eps0.0627_iter33,0.10000000000000002,0.0,0.9789688,42.15326894919031,0.9974228739738464,0.9995821714401245,0.05178118497133255,0.003945112228393555,615047,0.011778173,0.006286565214395523,0.006302348803728819,0.006195778958499432
433980,dct_high_nontargeted_white_box_eps0.0627_iter1,0.5000000000000001,0.25000000000000006,0.9994249,58.22188485244653,0.9999275207519531,0.9999863505363464,0.0018057459965348244,0.000507652759552002,384111,0.0021195803,0.0012497249990701675,0.001221169251948595,0.0011318601900711656
380913,dct_high_nontargeted_white_box_eps0.0627_iter1,0.2760942760942761,0.2727272727272727,0.999316,58.101790443143756,0.999935507774353,0.9999899864196777,0.00259575666859746,6.282329559326172e-05,382488,0.002147733,0.0012238255003467202,0.0012430762872099876,0.001236857264302671
32887,dct_high_nontargeted_white_box_eps0.0627_iter27,0.18181818181818185,0.09090909090909093,0.98529214,43.39516036136068,0.9982818961143494,0.99977707862854,0.0561290867626667,0.004929661750793457,610259,0.010327964,0.0054412889294326305,0.005448990501463413,0.005450247786939144
213035,dct_high_nontargeted_white_box_eps0.0627_iter1,0.1515151515151515,0.1471861471861472,0.99878764,58.13884202533763,0.999858021736145,0.99997478723526,0.013597353361546993,0.0010228157043457031,373381,0.0021261955,0.0012259832583367825,0.0012237215414643288,0.0012225947575643659
399205,dct_high_nontargeted_white_box_eps0.0627_iter1,0.24069264069264074,0.23932178932178935,0.9997141,58.05661852767899,0.9999656677246094,0.9999932050704956,0.0006521019386127591,5.030632019042969e-05,407715,0.002164489,0.0012458933051675558,0.0012477750424295664,0.0012488093925639987
350002,dct_high_nontargeted_white_box_eps0.0627_iter9,0.5000000000000001,0.25000000000000006,0.99161214,48.50451955815082,0.999039888381958,0.9998636245727539,0.059869907796382904,0.002288818359375,515167,0.0057111373,0.0030812383629381657,0.0030815426725894213,0.0030837533995509148
57150,dct_high_nontargeted_white_box_eps0.0627_iter1,0.18627946127946127,0.1709514966961321,0.99905825,58.03921203913174,0.9998973608016968,0.9999881982803345,0.0059251124039292336,0.0001480579376220703,385572,0.002170248,0.0012533626286312938,0.0012521124444901943,0.0012520408490672708
363666,dct_high_nontargeted_white_box_eps0.0627_iter1,0.11093073593073594,0.10487012987012988,0.99937135,58.09040127782535,0.9999331831932068,0.999988853931427,0.0016615765634924173,0.0001423358917236328,389640,0.0021555307,0.001216805074363947,0.0012508537620306015,0.0012458211276680231
481573,dct_high_nontargeted_white_box_eps0.0627_iter6,0.5000000000000001,0.25000000000000006,0.9920263,49.93616051130613,0.9993318319320679,0.9998907446861267,0.04694533720612526,0.002855241298675537,413308,0.004737313,0.0024223490618169308,0.0024445801973342896,0.0024682742077857256
123480,dct_high_nontargeted_white_box_eps0.0627_iter1,0.3333333333333334,0.1666666666666667,0.9986841,58.0339882824762,0.9998335838317871,0.9999663233757019,0.009954086504876614,0.0009096860885620117,391058,0.0021720063,0.00125401362311095,0.0012540050083771348,0.0012539963936433196
493286,dct_high_nontargeted_white_box_eps0.0627_iter2,0.12121212121212122,0.10606060606060608,0.99848247,55.09280082140358,0.9998198747634888,0.9999726414680481,0.005280211567878723,0.0002518892288208008,231037,0.002474019,0.001235285890288651,0.0012372611090540886,0.0012361799599602818
284698,dct_high_nontargeted_white_box_eps0.0627_iter4,0.25000000000000006,0.16666666666666663,0.9977336,51.89907196102145,0.9997380971908569,0.9999527335166931,0.03513282164931297,0.0009620189666748047,374812,0.003800557,0.001918099937029183,0.0019219032255932689,0.0019036241574212909
102356,dct_high_nontargeted_white_box_eps0.0627_iter5,0.5000000000000001,0.25000000000000006,0.99547166,51.12380950118917,0.9994766712188721,0.9999266266822815,0.03682651370763779,0.0008012056350708008,451084,0.0042565283,0.0023172318469733,0.002332152333110571,0.002334432676434517
8690,dct_high_nontargeted_white_box_eps0.0627_iter2,0.3045454545454545,0.23636363636363636,0.9988038,55.17496883024777,0.9998618960380554,0.9999743700027466,0.005590581335127354,0.0004437565803527832,252741,0.0024387438,0.0012260833755135536,0.001225659972988069,0.0012318056542426348
381639,dct_high_nontargeted_white_box_eps0.0627_iter1,0.21704545454545454,0.21103896103896103,0.9995294,58.28411657124337,0.9999441504478455,0.9999870657920837,0.0013450855622068048,9.202957153320312e-05,405750,0.002065501,0.0011820717481896281,0.0011834448669105768,0.0011859481455758214
284445,dct_high_nontargeted_white_box_eps0.0627_iter2,0.12367132867132866,0.11228518955791682,0.99847746,54.903061197752685,0.9998211860656738,0.9999762773513794,0.01598537340760231,0.000493168830871582,246485,0.00259224,0.0012911432422697544,0.0012911487137898803,0.0012896987609565258
273198,dct_high_nontargeted_white_box_eps0.0627_iter19,0.1666666666666667,0.08333333333333336,0.9897988,44.35957229495419,0.9987939596176147,0.9997648596763611,0.03551388531923294,0.0020967721939086914,597376,0.009211793,0.004864899907261133,0.004881598986685276,0.004886166658252478
183675,dct_high_nontargeted_white_box_eps0.0627_iter26,0.5000000000000001,0.25000000000000006,0.98399776,42.923227305621566,0.9978742599487305,0.9996647834777832,0.05299011245369911,0.004421412944793701,609580,0.010847758,0.005672396160662174,0.0056539964862167835,0.005694234743714333
290248,dct_high_nontargeted_white_box_eps0.0627_iter1,0.10054621449605776,0.08600944510035419,0.99953395,58.17889800850444,0.9999465942382812,0.9999909400939941,0.0035776053555309772,0.00041306018829345703,410501,0.0021255054,0.001243221340700984,0.0011942584533244371,0.0012010983191430569
532058,dct_high_nontargeted_white_box_eps0.0627_iter1,0.25000000000000006,0.12500000000000003,0.99894303,58.061578441091804,0.9998798370361328,0.9999826550483704,0.005246427375823259,0.0002028346061706543,384131,0.0021605308,0.0012473451206460595,0.0012444265885278583,0.001246415893547237
578093,dct_high_nontargeted_white_box_eps0.0627_iter1,0.1090909090909091,0.05454545454545456,0.99949294,58.04336546585718,0.9999424815177917,0.9999907612800598,0.0020024182740598917,0.00010371208190917969,416726,0.00216875,0.0012524152407422662,0.0012508920626714826,0.0012506196508184075
301061,dct_high_nontargeted_white_box_eps0.0627_iter3,0.3333333333333334,0.11111111111111109,0.99794215,53.15749689613553,0.9997762441635132,0.9999622702598572,0.010776571929454803,0.0004500150680541992,415256,0.003432807,0.0018971185199916363,0.0019009677926078439,0.0018991169054061174
105264,dct_high_nontargeted_white_box_eps0.0627_iter2,0.43543388429752067,0.3446969696969697,0.9983349,55.22448602555755,0.9997894167900085,0.9999639391899109,0.014994341880083084,0.0002950429916381836,245169,0.0024614476,0.0012000480201095343,0.0011955788359045982,0.0012070286320522428
370711,dct_high_nontargeted_white_box_eps0.0627_iter1,0.5000000000000001,0.16666666666666663,0.9997646,58.05171059050978,0.9999719858169556,0.9999931454658508,0.0006039300351403654,6.413459777832031e-05,416624,0.0021655946,0.0012488660868257284,0.0012492993846535683,0.0012485531624406576
25393,dct_high_nontargeted_white_box_eps0.0627_iter3,0.21212121212121215,0.16666666666666666,0.9967232,53.318346030962616,0.9995925426483154,0.9999386668205261,0.016417784616351128,0.0020029544830322266,412558,0.0033705945,0.0018678162014111876,0.0018647918477654457,0.0018703073728829622
106757,dct_high_nontargeted_white_box_eps0.0627_iter41,0.27272727272727276,0.0909090909090909,0.9744747,41.281073872854506,0.9965891242027283,0.9994459748268127,0.07008625566959381,0.010221719741821289,624527,0.013175828,0.006917900871485472,0.006910312455147505,0.006929729599505663
183648,dct_high_nontargeted_white_box_eps0.0627_iter4,0.5000000000000001,0.4545454545454545,0.9978866,51.76308530803901,0.9997374415397644,0.9999585151672363,0.00899527221918106,0.0008039474487304688,392484,0.0039061417,0.0019593958277255297,0.0019601343665271997,0.001958188833668828
358525,dct_high_nontargeted_white_box_eps0.0627_iter8,0.3333333333333334,0.1666666666666667,0.9934245,48.80330318603396,0.9992415308952332,0.9998877048492432,0.05119500309228897,0.0033926963806152344,483657,0.005405015,0.0028107089456170797,0.0028088593389838934,0.0028069510590285063
519688,dct_high_nontargeted_white_box_eps0.0627_iter1,0.5000000000000001,0.25000000000000006,0.99890023,58.034335663209966,0.999866247177124,0.999981164932251,0.009351388551294804,0.0003224611282348633,390554,0.0021719066,0.0012537608854472637,0.0012539888266474009,0.001253988710232079
130699,dct_high_nontargeted_white_box_eps0.0627_iter3,0.2202134986225896,0.2200152788388083,0.99826974,53.08455577377166,0.999771773815155,0.999967098236084,0.004839938599616289,0.0009198784828186035,436795,0.0035006886,0.0019198901718482375,0.0019218431552872062,0.0019193532643839717
405249,dct_high_nontargeted_white_box_eps0.0627_iter1,0.22014790764790762,0.20260295260295255,0.9994449,58.059771388232626,0.9999348521232605,0.9999896883964539,0.0018236048053950071,0.00022971630096435547,396172,0.0021631913,0.0012471283553168178,0.0012492872774600983,0.0012433474184945226
235784,dct_high_nontargeted_white_box_eps0.0627_iter46,0.5000000000000001,0.12500000000000003,0.95613927,40.67693643905204,0.9939743280410767,0.9989026784896851,0.1863507181406021,0.02839583158493042,625529,0.01399512,0.007238502614200115,0.007270292844623327,0.0074098436161875725
537506,dct_high_nontargeted_white_box_eps0.0627_iter1,0.11909090909090911,0.1174025974025974,0.9992005,58.05862848493628,0.9999159574508667,0.9999889731407166,0.005314126145094633,0.00028437376022338867,383715,0.002162751,0.0012438601115718484,0.0012484166072681546,0.001248463406227529
119445,dct_high_nontargeted_white_box_eps0.0627_iter1,0.17045454545454541,0.15909090909090912,0.9996729,58.05509523448595,0.9999556541442871,0.9999902248382568,0.0008508883765898645,6.115436553955078e-05,437157,0.002163725,0.0012482074089348316,0.0012485519982874393,0.001247033360414207
507015,dct_high_nontargeted_white_box_eps0.0627_iter8,0.5000000000000001,0.4870129870129871,0.9949579,47.08430055897634,0.9992935061454773,0.9998762607574463,0.012182318605482578,0.000991523265838623,558602,0.006882266,0.0035280429292470217,0.003555532544851303,0.003517662873491645
373315,dct_high_nontargeted_white_box_eps0.0627_iter29,0.5000000000000001,0.25000000000000006,0.9693149,42.857727161838575,0.9958505630493164,0.9993263483047485,0.1390402615070343,0.014106571674346924,612701,0.010932655,0.005784149281680584,0.005796454381197691,0.005777064710855484
13546,dct_high_nontargeted_white_box_eps0.0627_iter2,0.3333333333333334,0.28282828282828276,0.99874187,54.563402201590556,0.999839723110199,0.9999735951423645,0.0035373587161302567,0.00039190053939819336,269310,0.0028009263,0.0013943625381216407,0.0013988330028951168,0.0013950207503512502
67310,dct_high_nontargeted_white_box_eps0.0627_iter2,0.400974025974026,0.3863636363636363,0.9988678,54.7863937371314,0.9998641014099121,0.999981701374054,0.004553964361548424,0.0003719925880432129,263454,0.002685249,0.0013245973968878388,0.0013282991712912917,0.0013233332429081202
125936,dct_high_nontargeted_white_box_eps0.0627_iter7,0.20707070707070704,0.19090909090909094,0.9951699,49.23094981640258,0.9995027780532837,0.9999208450317383,0.01915535144507885,0.0010671019554138184,490389,0.00526641,0.0028629563748836517,0.0028667268343269825,0.0028315174859017134
389109,dct_high_nontargeted_white_box_eps0.0627_iter1,0.1457575757575757,0.1325757575757576,0.999104,58.175994354567266,0.9999019503593445,0.9999864101409912,0.0038848426192998886,0.0003151893615722656,382993,0.0021314516,0.001200122875161469,0.0012358499225229025,0.0012050544610247016
128476,dct_high_nontargeted_white_box_eps0.0627_iter1,0.1666666666666667,0.09523809523809525,0.9994547,58.09346914701785,0.9999403953552246,0.9999895691871643,0.0019568996503949165,7.748603820800781e-05,388030,0.0021545512,0.001234689843840897,0.0012492150999605656,0.0012269647559151053
414034,dct_high_nontargeted_white_box_eps0.0627_iter14,0.20000000000000004,0.05000000000000001,0.98765916,46.41565284278417,0.9985402822494507,0.9998245239257812,0.07572296261787415,0.005969882011413574,549397,0.007197384,0.0037509144749492407,0.0037465603090822697,0.003748680464923382
99182,dct_high_nontargeted_white_box_eps0.0627_iter5,0.3333333333333334,0.1666666666666667,0.99424523,51.129585235459835,0.9994790554046631,0.9999195337295532,0.043513037264347076,0.001428842544555664,432657,0.004236161,0.002296993276104331,0.0023120716214179993,0.0023115244694054127
65736,dct_high_nontargeted_white_box_eps0.0627_iter1,0.3333333333333334,0.1666666666666667,0.99852115,58.03580738408789,0.9998196959495544,0.9999665021896362,0.019609401002526283,0.0004608631134033203,382841,0.0021713935,0.0012533973203971982,0.0012536118738353252,0.001253473456017673
1000,dct_high_nontargeted_white_box_eps0.0627_iter1,0.23917748917748924,0.20946969696969697,0.999532,58.06737970307268,0.9999462962150574,0.9999901652336121,0.001612007268704474,0.00018543004989624023,402218,0.0021608535,0.0012453654780983925,0.001242892467416823,0.0012449567439034581
185890,dct_high_nontargeted_white_box_eps0.0627_iter1,0.2073863636363636,0.2005772005772006,0.99941874,58.048878593872,0.9999298453330994,0.9999895691871643,0.0027698087505996227,0.00046241283416748047,399388,0.0021669914,0.0012513644760474563,0.001250577624887228,0.0012472273083403707
129492,dct_high_nontargeted_white_box_eps0.0627_iter2,0.22727272727272724,0.18181818181818177,0.99823433,54.9310055150643,0.9997815489768982,0.9999678134918213,0.009225774556398392,0.0007758140563964844,234045,0.0025433693,0.0012825592420995235,0.0012815326917916536,0.0012809004401788116
410510,dct_high_nontargeted_white_box_eps0.0627_iter1,0.3333333333333334,0.1666666666666667,0.9987839,58.06278085462041,0.9998518824577332,0.9999799132347107,0.007878552190959454,0.0004349946975708008,388524,0.0021622968,0.0012423174921423197,0.0012467941269278526,0.001248081331141293
39951,dct_high_nontargeted_white_box_eps0.0627_iter1,0.20000000000000004,0.12121212121212122,0.9990008,58.06979595516634,0.9998838305473328,0.999984622001648,0.005145167000591755,0.0001990795135498047,389965,0.0021599452,0.00124257558491081,0.0012446859618648887,0.0012439026031643152
306700,dct_high_nontargeted_white_box_eps0.0627_iter11,0.25000000000000006,0.12500000000000003,0.9890422,46.66606022834797,0.9985994100570679,0.9998481869697571,0.043056659400463104,0.0025131702423095703,553201,0.0070452737,0.0037944954819977283,0.0037929867394268513,0.00376911205239594
146457,dct_high_nontargeted_white_box_eps0.0627_iter2,0.12878787878787876,0.04761904761904762,0.99880195,55.06433964747317,0.9998614192008972,0.9999760389328003,0.0060120075941085815,0.0002760887145996094,236747,0.0025026011,0.0012435609241947532,0.001243617502041161,0.0012410496128723025
332845,dct_high_nontargeted_white_box_eps0.0627_iter1,0.25000000000000006,0.08333333333333331,0.9987431,58.08565838694271,0.9998536109924316,0.9999770522117615,0.011819379404187202,0.0007954835891723633,377368,0.0021488203,0.0012391884811222553,0.0012392078060656786,0.0012391528580337763
93437,dct_high_nontargeted_white_box_eps0.0627_iter3,0.12500000000000003,0.06250000000000001,0.99796885,52.83219291001748,0.9997343420982361,0.9999525547027588,0.007877841591835022,0.0005768537521362305,429664,0.0035777218,0.0019633297342807055,0.0019667576998472214,0.0019647800363600254
413552,dct_high_nontargeted_white_box_eps0.0627_iter43,0.33333333333333326,0.27272727272727276,0.95325094,41.62118232502988,0.9944019317626953,0.9991773366928101,0.20440128445625305,0.028561532497406006,619287,0.0124848625,0.006658473983407021,0.006639978848397732,0.006649981718510389
17379,dct_high_nontargeted_white_box_eps0.0627_iter1,0.13333333333333336,0.04545454545454546,0.99910045,58.041529570921384,0.9998841285705566,0.9999825954437256,0.003759451676160097,0.00032895803451538086,396289,0.002169873,0.0012513106921687722,0.0012526646023616195,0.0012515283888205886
507975,dct_high_nontargeted_white_box_eps0.0627_iter1,0.26005509641873276,0.23280423280423282,0.9995727,58.06426139662081,0.9999520778656006,0.9999918341636658,0.001459496095776558,0.00011211633682250977,397291,0.002161009,0.0012453850358724594,0.0012448991183191538,0.0012456114636734128
314177,dct_high_nontargeted_white_box_eps0.0627_iter26,0.5000000000000001,0.0,0.97064465,43.28561818818827,0.996001124382019,0.9993926286697388,0.09141828119754791,0.01198488473892212,606610,0.010396597,0.0054239933378994465,0.005402736831456423,0.00542673422023654
180383,dct_high_nontargeted_white_box_eps0.0627_iter1,0.25000000000000006,0.08333333333333331,0.9990582,58.040026444530845,0.9998925924301147,0.9999836087226868,0.0033202320337295532,0.00013071298599243164,387628,0.0021702815,0.0012534090783447027,0.0012529586674645543,0.0012504508486017585
103548,dct_high_nontargeted_white_box_eps0.0627_iter38,0.5000000000000001,0.25000000000000006,0.9810334,40.20698708063875,0.9973013401031494,0.9995192885398865,0.04694296419620514,0.009429872035980225,629253,0.015007379,0.007770120166242123,0.00775421317666769,0.007785474415868521
568439,dct_high_nontargeted_white_box_eps0.0627_iter2,0.10526859504132233,0.10220621769534813,0.9989776,55.12974660411325,0.9998745918273926,0.9999815225601196,0.004086154513061047,0.0001920461654663086,247594,0.002520605,0.0012321998365223408,0.0012218263000249863,0.0012242685770615935
138979,dct_high_nontargeted_white_box_eps0.0627_iter3,0.21212121212121207,0.14949494949494946,0.99750847,53.30069920751377,0.9997284412384033,0.9999585747718811,0.013220644555985928,0.0003845691680908203,413627,0.0033775147,0.0018707532435655594,0.001870344509370625,0.0018674349412322044
563653,dct_high_nontargeted_white_box_eps0.0627_iter7,0.20000000000000004,0.16969696969696965,0.99583024,49.18194137939267,0.9994699358940125,0.9999399781227112,0.022408805787563324,0.0015155673027038574,512483,0.0053487434,0.0028666192665696144,0.0028627265710383654,0.002879529958590865
73702,dct_high_nontargeted_white_box_eps0.0627_iter7,0.21212121212121207,0.19318181818181815,0.9946812,49.18736423732871,0.9994024038314819,0.9999069571495056,0.02277396246790886,0.001996457576751709,494124,0.00529366,0.002854069462046027,0.0028762412257492542,0.002881174674257636
86483,dct_high_nontargeted_white_box_eps0.0627_iter4,0.25000000000000006,0.0,0.99799603,51.68599996236408,0.9997832179069519,0.9999588131904602,0.00897882878780365,0.0007802248001098633,381814,0.003911496,0.001984068425372243,0.001982363173738122,0.0019764865282922983
521141,dct_high_nontargeted_white_box_eps0.0627_iter2,0.3727272727272727,0.33333333333333326,0.9987454,54.9367713324399,0.9998505115509033,0.9999740719795227,0.006192923989146948,0.00046503543853759766,258917,0.002591531,0.0012960353633388877,0.001286615850403905,0.0012814789079129696
61268,dct_high_nontargeted_white_box_eps0.0627_iter2,0.25000000000000006,0.12500000000000003,0.9982478,55.17216334165038,0.9997943639755249,0.999963641166687,0.01438974030315876,0.0018849968910217285,253504,0.0024496594,0.0012396973324939609,0.001237124321050942,0.0012274582404643297
393093,dct_high_nontargeted_white_box_eps0.0627_iter30,0.3333333333333334,0.1666666666666667,0.9841929,42.366660482267584,0.9982449412345886,0.999664306640625,0.06634145975112915,0.007153511047363281,612473,0.011429452,0.005966919474303722,0.005981528665870428,0.0060113961808383465
198510,dct_high_nontargeted_white_box_eps0.0627_iter21,0.5000000000000001,0.10000000000000002,0.9815878,44.81175952035629,0.9976798295974731,0.9996170997619629,0.0972893089056015,0.01052558422088623,588895,0.008686246,0.004423227161169052,0.004635070916265249,0.00467353779822588
133567,dct_high_nontargeted_white_box_eps0.0627_iter1,0.5000000000000001,0.25000000000000006,0.99939203,58.082011728373324,0.9999291300773621,0.9999887943267822,0.002218663226813078,0.00014209747314453125,401249,0.002155558,0.001244459068402648,0.0012438020203262568,0.0012323943665251136
415990,dct_high_nontargeted_white_box_eps0.0627_iter6,0.3333333333333334,0.28282828282828276,0.99469185,48.96680888797875,0.9992598295211792,0.9998698234558105,0.08609847724437714,0.006126344203948975,493359,0.005460184,0.00279975775629282,0.0028062171768397093,0.002803467446938157
190140,dct_high_nontargeted_white_box_eps0.0627_iter38,0.1666666666666667,0.06666666666666668,0.9707888,41.990520106248795,0.996512770652771,0.9995415210723877,0.1250554323196411,0.012801408767700195,617701,0.012043026,0.006292770616710186,0.006289993412792683,0.006322107277810574
32901,dct_high_nontargeted_white_box_eps0.0627_iter14,0.10064935064935063,0.09415584415584413,0.9889973,45.96889316828117,0.9986376166343689,0.9997935891151428,0.03318715840578079,0.0029964447021484375,568204,0.007661361,0.003966274205595255,0.003956083208322525,0.003971786703914404
267191,dct_high_nontargeted_white_box_eps0.0627_iter1,0.33333333333333326,0.25000000000000006,0.99956894,58.11418222007128,0.9999440908432007,0.9999902844429016,0.002014359924942255,0.0001506805419921875,418103,0.0021378251,0.0012314122868701816,0.0012309716548770666,0.0012308279983699322
422836,dct_high_nontargeted_white_box_eps0.0627_iter7,0.1090909090909091,0.09090909090909091,0.99438095,49.5297131040343,0.9993987083435059,0.9999054074287415,0.06845566630363464,0.0015851855278015137,485920,0.005062175,0.0027543308679014444,0.002751285443082452,0.0027498321142047644
213547,dct_high_nontargeted_white_box_eps0.0627_iter46,0.1666666666666667,0.09090909090909093,0.96904737,41.09422923559369,0.9965168237686157,0.9995244741439819,0.11891262233257294,0.01698899269104004,622884,0.013336542,0.006984482519328594,0.006978786550462246,0.007002997677773237
456015,dct_high_nontargeted_white_box_eps0.0627_iter2,0.45454545454545453,0.43181818181818177,0.997855,54.77221531202797,0.9997262954711914,0.9999665021896362,0.012415056116878986,0.0006623268127441406,245571,0.0026399072,0.0013334638206288218,0.0013327880296856165,0.0013200727989897132
547886,dct_high_nontargeted_white_box_eps0.0627_iter2,0.28571428571428575,0.18181818181818185,0.9975243,54.924299602314264,0.9996880292892456,0.9999556541442871,0.024208921939134598,0.001142263412475586,233528,0.0025356272,0.0012786670122295618,0.0012833492364734411,0.001287115621380508
69356,dct_high_nontargeted_white_box_eps0.0627_iter1,0.18203463203463202,0.17752390212283262,0.9997023,58.08059455223594,0.9999639391899109,0.9999917149543762,0.0008197411661967635,6.639957427978516e-05,424615,0.0021543826,0.0012412848882377148,0.001241721329279244,0.0012388748582452536
162415,dct_high_nontargeted_white_box_eps0.0627_iter5,0.5000000000000001,0.25000000000000006,0.9946585,50.31582269215866,0.9993745684623718,0.9999030232429504,0.034280162304639816,0.001139998435974121,459307,0.004675763,0.0025607889983803034,0.0025557084009051323,0.0025596250779926777
274708,dct_high_nontargeted_white_box_eps0.0627_iter2,0.38636363636363646,0.3347107438016529,0.9971227,54.79247469060374,0.9996573328971863,0.9999258518218994,0.05925241857767105,0.0041637420654296875,231800,0.0026009707,0.0013251110212877393,0.0013288502814248204,0.0013318101409822702
377113,dct_high_nontargeted_white_box_eps0.0627_iter1,0.26406926406926406,0.1590909090909091,0.99959725,58.04212196121146,0.9999510645866394,0.9999904036521912,0.001320402603596449,4.971027374267578e-05,420011,0.0021696866,0.0012536441208794713,0.001247903797775507,0.0012534450506791472
430377,dct_high_nontargeted_white_box_eps0.0627_iter5,0.42424242424242414,0.3376623376623377,0.9940612,50.59576051391724,0.9992159605026245,0.9998850226402283,0.02597850002348423,0.0019592642784118652,464006,0.004546942,0.0024743140675127506,0.0024791648611426353,0.0024806978181004524
512776,dct_high_nontargeted_white_box_eps0.0627_iter2,0.33333333333333326,0.25000000000000006,0.9973708,55.29385737011958,0.9998103380203247,0.9999617338180542,0.014748780988156796,0.0012595653533935547,191092,0.002355769,0.0012014424428343773,0.0012021223083138466,0.0012000532587990165
95155,dct_high_nontargeted_white_box_eps0.0627_iter42,0.47272727272727283,0.44155844155844165,0.9617315,40.34209998633951,0.9947251081466675,0.9992225170135498,0.09749273955821991,0.006824314594268799,628324,0.014685781,0.007641799747943878,0.007572582922875881,0.0076575675047934055
184978,dct_high_nontargeted_white_box_eps0.0627_iter34,0.5000000000000001,0.12500000000000003,0.9689037,41.490305074144885,0.9961094260215759,0.999537467956543,0.1160004734992981,0.015180528163909912,621260,0.012797931,0.006675605662167072,0.00662882998585701,0.0066628167405724525
199055,dct_high_nontargeted_white_box_eps0.0627_iter41,0.25000000000000006,0.16666666666666663,0.9769461,40.649996901117184,0.9970602989196777,0.999549388885498,0.06797651946544647,0.006078124046325684,627569,0.014204808,0.0074230399914085865,0.007434240076690912,0.0074654328636825085
431848,dct_high_nontargeted_white_box_eps0.0627_iter3,0.42424242424242414,0.27272727272727276,0.9972117,53.13361587333581,0.9997290968894958,0.9999473690986633,0.01490616425871849,0.0009105205535888672,387663,0.003417649,0.0018897884292528033,0.001896801171824336,0.0018896589754149318
128699,dct_high_nontargeted_white_box_eps0.0627_iter2,0.4615384615384617,0.44188311688311677,0.9976557,54.63762929726971,0.999725341796875,0.9999684691429138,0.045412007719278336,0.0015076398849487305,240729,0.0026666268,0.0013704487355425954,0.0013748406199738383,0.0013713074149563909
121591,dct_high_nontargeted_white_box_eps0.0627_iter5,0.25000000000000006,0.0,0.9965952,51.133015667514826,0.999553382396698,0.9999180436134338,0.02324768155813217,0.0010936260223388672,462717,0.0042001856,0.0022909296676516533,0.0022807102650403976,0.0022896078880876303
176799,dct_high_nontargeted_white_box_eps0.0627_iter4,0.303030303030303,0.2803030303030302,0.9982853,51.80485449400402,0.999813437461853,0.999962568283081,0.005570943467319012,0.0008027553558349609,381646,0.003857045,0.001939567388035357,0.0019393573747947812,0.0019372306996956468
424521,dct_high_nontargeted_white_box_eps0.0627_iter19,0.5000000000000001,0.25000000000000006,0.98568416,44.02146617964776,0.9982687830924988,0.9997673034667969,0.10252152383327484,0.005393862724304199,595998,0.009518582,0.005059327930212021,0.005071292165666819,0.005042117089033127
254016,dct_high_nontargeted_white_box_eps0.0627_iter1,0.3333333333333334,0.01666666666666667,0.9992226,58.03621648194049,0.999912679195404,0.9999883770942688,0.0048369113355875015,0.00028377771377563477,388663,0.0021712112,0.0012535657733678818,0.001253423048183322,0.0012531121028587222
73946,dct_high_nontargeted_white_box_eps0.0627_iter6,0.303030303030303,0.21212121212121215,0.9935875,50.06615671885627,0.9992343187332153,0.9998899102210999,0.05231582373380661,0.003053009510040283,433199,0.0046948097,0.002411717316135764,0.0024078055284917355,0.002412437694147229
230819,dct_high_nontargeted_white_box_eps0.0627_iter26,0.5000000000000001,0.0,0.9817299,42.737308706520764,0.9976407885551453,0.9996169805526733,0.06289541721343994,0.004326820373535156,611953,0.0110878395,0.005764372181147337,0.005768089089542627,0.005785991437733173
82715,dct_high_nontargeted_white_box_eps0.0627_iter24,0.5000000000000001,0.25000000000000006,0.98631114,43.08275383560586,0.9981295466423035,0.9997067451477051,0.035916902124881744,0.0029305219650268555,613392,0.0107948445,0.005560040008276701,0.005558852571994066,0.005588063970208168
497344,dct_high_nontargeted_white_box_eps0.0627_iter1,0.25000000000000006,0.12500000000000003,0.9989206,58.05286386182609,0.9998682737350464,0.9999799132347107,0.009181689471006393,0.000372469425201416,384209,0.00216631,0.0012493622489273548,0.0012481565354391932,0.0012481986777856946
361147,dct_high_nontargeted_white_box_eps0.0627_iter17,0.21885521885521883,0.19696969696969693,0.98525405,44.49941644969052,0.9980748891830444,0.9997365474700928,0.05021486058831215,0.003228485584259033,590367,0.009033585,0.004824169911444187,0.00480236392468214,0.004829727578908205
541123,dct_high_nontargeted_white_box_eps0.0627_iter18,0.10041937229437231,0.08896103896103896,0.98772544,44.99318100494851,0.9985460042953491,0.9998401403427124,0.031406186521053314,0.0033624768257141113,581576,0.008523588,0.004436670336872339,0.004430514294654131,0.004435133188962936
343706,dct_high_nontargeted_white_box_eps0.0627_iter3,0.5000000000000001,0.25000000000000006,0.9987878,52.86997596246738,0.9998496770858765,0.9999750256538391,0.013194311410188675,0.001261591911315918,448845,0.0036076824,0.0019620454404503107,0.0019718906842172146,0.0019714999943971634
199395,dct_high_nontargeted_white_box_eps0.0627_iter7,0.1407647907647908,0.13333333333333336,0.990719,49.191935963841516,0.9987404346466064,0.9997153282165527,0.10534438490867615,0.00693589448928833,500600,0.0053073443,0.002873473335057497,0.002864314243197441,0.002870905213057995
514797,dct_high_nontargeted_white_box_eps0.0627_iter2,0.5000000000000001,0.4545454545454545,0.9982405,54.84802008236472,0.999762237071991,0.9999657273292542,0.005154826678335667,0.00025665760040283203,251829,0.0026294359,0.0013040764024481177,0.001308815786615014,0.0013082968071103096
279774,dct_high_nontargeted_white_box_eps0.0627_iter3,0.2575757575757576,0.25,0.99821347,53.30284438195852,0.999773383140564,0.9999604821205139,0.005743253044784069,0.00033211708068847656,426129,0.0033945034,0.0018700110958889127,0.0018706661649048328,0.0018743837717920542
474078,dct_high_nontargeted_white_box_eps0.0627_iter1,0.20259740259740264,0.17045454545454547,0.9997439,58.04242875051578,0.9999620914459229,0.9999908208847046,0.0005179311847314239,6.532669067382812e-05,427998,0.0021692591,0.0012525507481768727,0.0012513261754065752,0.00125084538012743
872,dct_high_nontargeted_white_box_eps0.0627_iter2,0.28282828282828276,0.24242424242424246,0.9990077,54.621989386724564,0.9998762011528015,0.9999814033508301,0.004193299449980259,0.00027239322662353516,272807,0.0027726768,0.0013877711025997996,0.0013755994150415063,0.0013693273067474365
32038,dct_high_nontargeted_white_box_eps0.0627_iter3,0.12500000000000003,0.08333333333333331,0.9919605,53.64070203593414,0.9993609189987183,0.9999473690986633,0.04457135871052742,0.0016821622848510742,258206,0.00307568,0.0016927324468269944,0.00170049665030092,0.001651613973081112
261732,dct_high_nontargeted_white_box_eps0.0627_iter2,0.3333333333333334,0.1666666666666667,0.99814814,54.90154374549312,0.9997706413269043,0.9999688267707825,0.007229031529277563,0.0003287196159362793,238448,0.0025589163,0.0012911648955196142,0.00128543667960912,0.0012983530759811401
306139,dct_high_nontargeted_white_box_eps0.0627_iter1,0.146969696969697,0.14545454545454548,0.99917966,58.04807240947707,0.9999091029167175,0.9999852776527405,0.0038273700047284365,0.00015628337860107422,392192,0.002167072,0.0012500793673098087,0.0012510258238762617,0.0012487602652981877
384136,dct_high_nontargeted_white_box_eps0.0627_iter19,0.5000000000000001,0.25000000000000006,0.9786417,44.92689610254671,0.9973270297050476,0.9996453523635864,0.11104096472263336,0.005115687847137451,584424,0.008566619,0.0045847524888813496,0.004581781104207039,0.004588841460645199
173057,dct_high_nontargeted_white_box_eps0.0627_iter1,0.1798368298368299,0.16363636363636366,0.9992468,58.03716402093183,0.9999107718467712,0.9999886155128479,0.0037092510610818863,0.0003154873847961426,406856,0.0021708508,0.0012530123349279165,0.0012532301479950547,0.0012530259555205703
228214,dct_high_nontargeted_white_box_eps0.0627_iter1,0.20000000000000004,0.0909090909090909,0.99914616,58.05356091159638,0.9998952150344849,0.9999861717224121,0.005914481356739998,0.00044858455657958984,398461,0.0021664735,0.0012530417880043387,0.0012394776567816734,0.0012525918427854776
183709,dct_high_nontargeted_white_box_eps0.0627_iter1,0.11911764705882355,0.11276223776223776,0.9991927,58.180413185256725,0.9999088644981384,0.9999822974205017,0.004573259502649307,0.0007040500640869141,400256,0.0021265186,0.0011933735804632306,0.0011922178091481328,0.001251711044460535
57672,dct_high_nontargeted_white_box_eps0.0627_iter1,0.16970774323715498,0.1360930735930736,0.9995689,58.03450689984581,0.9999465942382812,0.9999908804893494,0.00110661331564188,9.703636169433594e-05,417013,0.0021718547,0.0012538107112050056,0.0012539505260065198,0.0012538231676444411
283785,dct_high_nontargeted_white_box_eps0.0627_iter4,0.15493611326944662,0.13282828282828285,0.99765927,51.39859891326288,0.9997538924217224,0.9999609589576721,0.00881136953830719,0.0005674362182617188,383531,0.0040330323,0.0020683540496975183,0.002071283059194684,0.0020582186989486217
467511,dct_high_nontargeted_white_box_eps0.0627_iter1,0.2575757575757575,0.24242424242424246,0.99936205,58.05722639581156,0.999926745891571,0.9999885559082031,0.0022707446478307247,0.00012695789337158203,403498,0.0021631976,0.001247096573933959,0.001247326610609889,0.0012475285911932588
513580,dct_high_nontargeted_white_box_eps0.0627_iter3,0.1666666666666667,0.08333333333333336,0.9963746,53.05327175362683,0.9995505213737488,0.9999427795410156,0.08333195745944977,0.0029338598251342773,409956,0.0034745673,0.0019299730192869902,0.0019286487950012088,0.0019238287350162864
566436,dct_high_nontargeted_white_box_eps0.0627_iter5,0.25000000000000006,0.0,0.9967244,50.38760955730886,0.9996187090873718,0.9999446272850037,0.012651601806282997,0.0014896392822265625,466781,0.004652971,0.0025372428353875875,0.002537001855671406,0.0025348644703626633
507797,dct_high_nontargeted_white_box_eps0.0627_iter3,0.16818181818181824,0.1531262854792267,0.9971468,53.087630262917536,0.9996604919433594,0.9999523162841797,0.02605091780424118,0.000749051570892334,414570,0.003437764,0.0019089060369879007,0.0018893617670983076,0.0018949084915220737
315492,dct_high_nontargeted_white_box_eps0.0627_iter7,0.3333333333333334,0.08333333333333336,0.99393517,49.41330717521802,0.9992460608482361,0.9998928308486938,0.026250049471855164,0.0016205310821533203,493143,0.0051611704,0.002786727389320731,0.002792967716231942,0.0028040693141520023
369675,dct_high_nontargeted_white_box_eps0.0627_iter1,0.13636363636363635,0.0808080808080808,0.9994438,58.111342388481894,0.9999359846115112,0.9999886751174927,0.0018251484725624323,0.00010007619857788086,401922,0.0021455032,0.0012264838442206383,0.001225832849740982,0.0012432861840352416
505638,dct_high_nontargeted_white_box_eps0.0627_iter1,0.47272727272727283,0.0,0.9993686,58.04347593192193,0.9999150037765503,0.9999873042106628,0.0013701736461371183,0.00010353326797485352,408782,0.0021690251,0.001250002533197403,0.001252204878255725,0.0012515991693362594
70254,dct_high_nontargeted_white_box_eps0.0627_iter1,0.15597402597402596,0.15272727272727268,0.99940395,58.085659571744614,0.9999325275421143,0.9999899864196777,0.002485758624970913,0.00019103288650512695,397366,0.0021526902,0.0012359966058284044,0.001241310266777873,0.0012402168940752745
316054,dct_high_nontargeted_white_box_eps0.0627_iter13,0.25000000000000006,0.0,0.9886603,46.289525924330626,0.9985138773918152,0.999821126461029,0.05523170530796051,0.0050467848777771,569452,0.0074055856,0.003930448554456234,0.003934876993298531,0.003962264396250248
511999,dct_high_nontargeted_white_box_eps0.0627_iter6,0.2545454545454546,0.15800865800865804,0.99488276,49.085121783953596,0.9993953108787537,0.9999021291732788,0.03540424630045891,0.0013058185577392578,484470,0.005308342,0.0027550398372113705,0.002745912177488208,0.0027445917949080467
297022,dct_high_nontargeted_white_box_eps0.0627_iter1,0.5000000000000001,0.4204545454545453,0.9993608,58.04703093002391,0.9999107122421265,0.9999881982803345,0.02042488195002079,0.0012546777725219727,432207,0.002167328,0.0012481152079999447,0.001251312787644565,0.0012513131368905306
407083,dct_high_nontargeted_white_box_eps0.0627_iter9,0.11111111111111109,0.08333333333333336,0.9910628,48.25354078219313,0.9989035129547119,0.9998460412025452,0.0497400276362896,0.004236936569213867,525985,0.0058975574,0.0031694984063506126,0.003160257590934634,0.0031801338773220778
212226,dct_high_nontargeted_white_box_eps0.0627_iter12,0.5000000000000001,0.0,0.98547107,47.147426651983835,0.9983431100845337,0.9997736215591431,0.13791988790035248,0.013576745986938477,527929,0.0065939156,0.0034473189152777195,0.003447293769568205,0.0033941883593797684
394206,dct_high_nontargeted_white_box_eps0.0627_iter1,0.14732620320855613,0.10537190082644628,0.999463,58.061892744432164,0.9999439716339111,0.9999918341636658,0.0024452207144349813,8.761882781982422e-05,390690,0.0021632193,0.0012467328924685717,0.0012441093567758799,0.0012470914516597986
220858,dct_high_nontargeted_white_box_eps0.0627_iter1,0.13636363636363635,0.09090909090909093,0.99929696,58.036698522997895,0.9999119639396667,0.9999842047691345,0.004429234657436609,0.00011134147644042969,411493,0.0021710198,0.0012532033724710345,0.0012532005785033107,0.001253287075087428
453166,dct_high_nontargeted_white_box_eps0.0627_iter1,0.5000000000000001,0.47272727272727283,0.9989055,58.036299001342186,0.9998698234558105,0.9999843239784241,0.005021943710744381,0.00029158592224121094,386513,0.0021712617,0.0012528463266789913,0.001253476133570075,0.0012537126895040274
6894,dct_high_nontargeted_white_box_eps0.0627_iter1,0.25000000000000006,0.16666666666666663,0.9993348,58.11690045892496,0.9999167323112488,0.9999865889549255,0.002735056448727846,0.00027674436569213867,415269,0.0021366829,0.0012303723488003016,0.0012302021495997906,0.0012303065741434693
279927,dct_high_nontargeted_white_box_eps0.0627_iter2,0.1616161616161616,0.1465909090909091,0.9989643,54.507117030833996,0.9998511672019958,0.9999862313270569,0.00434223935008049,0.00020879507064819336,257937,0.0027751739,0.0014184636529535055,0.0014104999136179686,0.001413431135006249
161032,dct_high_nontargeted_white_box_eps0.0627_iter3,0.25000000000000006,0.16666666666666663,0.9978202,52.93529413010606,0.999710202217102,0.999957799911499,0.012149629183113575,0.001162409782409668,426656,0.0035476163,0.0019489778205752373,0.0019507291726768017,0.0019533366430550814
415748,dct_high_nontargeted_white_box_eps0.0627_iter5,0.25000000000000006,0.0,0.9964612,50.24393142278498,0.9995638728141785,0.9999392628669739,0.020343594253063202,0.0013468265533447266,474816,0.004747078,0.0025647066067904234,0.002588704228401184,0.0025792443193495274
437239,dct_high_nontargeted_white_box_eps0.0627_iter19,0.20000000000000004,0.18909090909090914,0.99237007,43.89203808116845,0.9990290999412537,0.9998006224632263,0.037750884890556335,0.003577113151550293,606874,0.009844803,0.005145900417119265,0.005154232494533062,0.005158393643796444
317433,dct_high_nontargeted_white_box_eps0.0627_iter11,0.5000000000000001,0.25000000000000006,0.99460363,47.45546509044938,0.9993693828582764,0.9999010562896729,0.01694842427968979,0.0015389323234558105,552948,0.0065019494,0.00345976441167295,0.003459000028669834,0.0034559459891170263
132408,dct_high_nontargeted_white_box_eps0.0627_iter12,0.25000000000000006,0.2363636363636364,0.99227905,46.4220319936465,0.999030351638794,0.9998347163200378,0.035108063369989395,0.0032253265380859375,563703,0.0073159463,0.003773082047700882,0.0037691520992666483,0.0037480411119759083
191288,dct_high_nontargeted_white_box_eps0.0627_iter11,0.5000000000000001,0.16666666666666663,0.9952572,47.025140638713125,0.999516487121582,0.9999096393585205,0.023548360913991928,0.0010411739349365234,549213,0.0067596915,0.003616530913859606,0.0036242729984223843,0.003631297033280134
260106,dct_high_nontargeted_white_box_eps0.0627_iter1,0.34090909090909094,0.3272727272727273,0.9994383,58.04815626264605,0.9999415874481201,0.9999929070472717,0.002018342260271311,0.0001519918441772461,395390,0.0021672866,0.0012484975159168243,0.0012516169808804989,0.0012496714480221272
100510,dct_high_nontargeted_white_box_eps0.0627_iter4,0.2803030303030302,0.2272727272727272,0.99809283,51.80284942304968,0.9997838735580444,0.9999645352363586,0.006899788044393063,0.0005412101745605469,375350,0.0038417217,0.0019453474087640643,0.0019440498435869813,0.0019389040535315871
441442,dct_high_nontargeted_white_box_eps0.0627_iter2,0.28282828282828276,0.24242424242424246,0.9990585,54.541359874919486,0.9998894929885864,0.9999839067459106,0.002445803489536047,0.00041556358337402344,266326,0.002789909,0.0014052962651476264,0.001402558176778257,0.0013976359041407704
140270,dct_high_nontargeted_white_box_eps0.0627_iter9,0.25000000000000006,0.0,0.99167794,46.613093157563284,0.9989347457885742,0.9998524785041809,0.03756842762231827,0.0012416839599609375,553290,0.007118329,0.0038490546867251396,0.0038374068681150675,0.003803845262154937
553990,dct_high_nontargeted_white_box_eps0.0627_iter3,0.25000000000000006,0.0,0.9985866,52.36540610574732,0.9998266696929932,0.9999698400497437,0.0040291971527040005,0.0003610849380493164,428602,0.0038171539,0.0020944918505847454,0.002097674645483494,0.002095099538564682
97924,dct_high_nontargeted_white_box_eps0.0627_iter1,0.2727272727272727,0.21212121212121215,0.99940723,58.258265950302714,0.9999293088912964,0.9999889135360718,0.006116333417594433,0.00018519163131713867,405087,0.0020751597,0.0011922873090952635,0.0011916529620066285,0.0011887269793078303
326542,dct_high_nontargeted_white_box_eps0.0627_iter2,0.38181818181818183,0.31818181818181823,0.9975911,55.14176815795178,0.9996713995933533,0.9999008774757385,0.016102872788906097,0.000584721565246582,231776,0.0024539684,0.0012170177651569247,0.0012257052585482597,0.0012202787911519408
576566,dct_high_nontargeted_white_box_eps0.0627_iter1,0.5000000000000001,0.25000000000000006,0.99895376,58.123968100425444,0.9998815059661865,0.9999815225601196,0.006551808677613735,0.000909268856048584,384299,0.0021380575,0.0012317608343437314,0.0012344769202172756,0.0012186436215415597
327306,dct_high_nontargeted_white_box_eps0.0627_iter20,0.25000000000000006,0.16666666666666663,0.98183036,44.550946057026685,0.9975239634513855,0.9996196031570435,0.07226811349391937,0.007029294967651367,593300,0.009016742,0.004675565753132105,0.004680019803345203,0.004661515820771456
378873,dct_high_nontargeted_white_box_eps0.0627_iter1,0.10735930735930739,0.09647495361781078,0.9996603,58.09055405615414,0.9999639391899109,0.999993085861206,0.0006164798396639526,0.00016021728515625,392980,0.002156089,0.00124886364210397,0.0012488168431445956,0.0012156639713793993
94944,dct_high_nontargeted_white_box_eps0.0627_iter3,0.22727272727272724,0.21022727272727265,0.9978752,53.321789377839046,0.9997270107269287,0.9999601244926453,0.017763791605830193,0.001089930534362793,441552,0.0034052387,0.001870172331109643,0.0018695165636017919,0.0018634008010849357
151051,dct_high_nontargeted_white_box_eps0.0627_iter32,0.5000000000000001,0.25000000000000006,0.9583585,42.64949086857961,0.9940842986106873,0.998672366142273,0.16564324498176575,0.012684285640716553,615903,0.011267996,0.0058311824686825275,0.005834642797708511,0.005858209449797869
93717,dct_high_nontargeted_white_box_eps0.0627_iter1,0.26923076923076916,0.21184875730330277,0.99941224,58.06153225199607,0.999931812286377,0.9999894499778748,0.0025964579544961452,0.00010192394256591797,417071,0.002161745,0.001247217645868659,0.0012476600240916014,0.0012433768715709448
394510,dct_high_nontargeted_white_box_eps0.0627_iter11,0.25000000000000006,0.12500000000000003,0.99033,47.14613975173491,0.9987679719924927,0.9998043775558472,0.036859363317489624,0.0031592845916748047,558919,0.0067430018,0.003584959777072072,0.003581913420930505,0.0035933563485741615
18193,dct_high_nontargeted_white_box_eps0.0627_iter1,0.3333333333333334,0.1666666666666667,0.99904346,58.04337917517296,0.9998804330825806,0.9999831914901733,0.0054596904665231705,0.00022840499877929688,401775,0.0021688703,0.001250557485036552,0.0012513037072494626,0.00125205481890589
43435,dct_high_nontargeted_white_box_eps0.0627_iter3,0.42424242424242414,0.3863636363636363,0.9975063,52.75285671858878,0.9996626377105713,0.9999468326568604,0.012105871923267841,0.0007498264312744141,435626,0.0036459311,0.001992360921576619,0.0019987758714705706,0.002003235975280404
403584,dct_high_nontargeted_white_box_eps0.0627_iter1,0.1590909090909091,0.0909090909090909,0.9993827,58.16396446924931,0.9999394416809082,0.9999868869781494,0.003810327500104904,0.0001245737075805664,393972,0.0021205377,0.0012236873153597116,0.0012170026311650872,0.0012104326160624623
40757,dct_high_nontargeted_white_box_eps0.0627_iter3,0.3333333333333334,0.1666666666666667,0.9963317,53.19820513968072,0.9995373487472534,0.999924898147583,0.02933494746685028,0.002368927001953125,404283,0.0034088534,0.0018930691294372082,0.001890291809104383,0.001893431879580021
342128,dct_high_nontargeted_white_box_eps0.0627_iter1,0.12467095194367919,0.1181818181818182,0.99963576,58.04829502551221,0.9999579191207886,0.999990701675415,0.0009750251192599535,7.277727127075195e-05,407155,0.002167604,0.0012514939298853278,0.0012461994774639606,0.0012519751908257604
503755,dct_high_nontargeted_white_box_eps0.0627_iter30,0.5000000000000001,0.05555555555555554,0.9670679,42.638325373756345,0.9959371089935303,0.999439001083374,0.14931520819664001,0.01777815818786621,609336,0.011104579,0.005842205602675676,0.00581746269017458,0.005855153780430555
320642,dct_high_nontargeted_white_box_eps0.0627_iter5,0.5000000000000001,0.47272727272727283,0.9951787,50.60546950912726,0.999415397644043,0.9999105930328369,0.022889116778969765,0.0020977258682250977,459881,0.00452565,0.0024691401049494743,0.002463731449097395,0.0024681957438588142
235778,dct_high_nontargeted_white_box_eps0.0627_iter3,0.5000000000000001,0.3863636363636363,0.996613,53.10826863971734,0.9996199011802673,0.9999489188194275,0.031028710305690765,0.0012860298156738281,397880,0.0034363538,0.0019135343609377742,0.0019182638498023152,0.0018980297027155757
494759,dct_high_nontargeted_white_box_eps0.0627_iter19,0.5000000000000001,0.13636363636363638,0.9721439,44.83852547097123,0.996169924736023,0.9992392659187317,0.2015291154384613,0.0282323956489563,589453,0.008675116,0.0046287234872579575,0.004598510917276144,0.004624377004802227
409542,dct_high_nontargeted_white_box_eps0.0627_iter1,0.3749999999999999,0.3528138528138528,0.9994648,58.04354509838306,0.9999391436576843,0.9999885559082031,0.001719866064377129,0.00012886524200439453,405870,0.0021684708,0.0012522117467597127,0.001250618603080511,0.0012509165098890662
119995,dct_high_nontargeted_white_box_eps0.0627_iter3,0.346590909090909,0.2824675324675325,0.9968314,53.08718775669576,0.9996131658554077,0.99995356798172,0.014352578669786453,0.0005134940147399902,406382,0.0034505292,0.0019132669549435377,0.0019130220171064138,0.0019102536607533693
369323,dct_high_nontargeted_white_box_eps0.0627_iter2,0.1818181818181818,0.1471861471861472,0.99781543,54.96385296321091,0.9997377395629883,0.9999585747718811,0.010530435480177402,0.0011543035507202148,226448,0.0024985014,0.0012727506691589952,0.0012771395267918706,0.001264779595658183
127270,dct_high_nontargeted_white_box_eps0.0627_iter3,0.18961038961038965,0.18181818181818188,0.99733067,53.22697250216614,0.999677836894989,0.9999596476554871,0.011344064958393574,0.0006773471832275391,408726,0.003397386,0.0018861248390749097,0.0018852058565244079,0.001883425866253674
297084,dct_high_nontargeted_white_box_eps0.0627_iter17,0.12500000000000003,0.06250000000000001,0.9901131,45.06912612552543,0.9988701343536377,0.9998245239257812,0.027422521263360977,0.0027164816856384277,587046,0.008495014,0.004518683068454266,0.004504190292209387,0.004523431416600943
168337,dct_high_nontargeted_white_box_eps0.0627_iter5,0.21212121212121207,0.16666666666666663,0.9955372,50.52775617082035,0.999433696269989,0.9999204874038696,0.018631797283887863,0.001232147216796875,475239,0.00460556,0.002497543813660741,0.002495664870366454,0.0024998816661536694
173302,dct_high_nontargeted_white_box_eps0.0627_iter2,0.1666666666666667,0.11255411255411257,0.99851674,55.00221733822186,0.9998292326927185,0.9999755024909973,0.006287803873419762,0.00022041797637939453,232861,0.0025081425,0.0012612820137292147,0.001265090424567461,0.001258121570572257
54654,dct_high_nontargeted_white_box_eps0.0627_iter9,0.5000000000000001,0.04166666666666666,0.99218374,47.81687947660451,0.9990863800048828,0.9998577833175659,0.03893919289112091,0.002039194107055664,530407,0.0061933734,0.0033416415099054575,0.003335505025461316,0.0033308002166450024
224119,dct_high_nontargeted_white_box_eps0.0627_iter1,0.20454545454545456,0.13636363636363635,0.9988918,58.04179235094913,0.9998553991317749,0.9999748468399048,0.006714493967592716,0.000743567943572998,396285,0.0021693248,0.0012508084764704108,0.001251423847861588,0.0012530597159639
140556,dct_high_nontargeted_white_box_eps0.0627_iter10,0.1818181818181818,0.15757575757575756,0.991761,47.60072423320486,0.9990067481994629,0.9998828172683716,0.05221644788980484,0.0031023025512695312,521948,0.0063019837,0.00325579522177577,0.003257269971072674,0.0032593326177448034
82696,dct_high_nontargeted_white_box_eps0.0627_iter25,0.10000000000000002,0.06666666666666665,0.9798438,43.62959617882326,0.9976410269737244,0.999664843082428,0.09890411794185638,0.010749220848083496,602957,0.009960314,0.005300556309521198,0.005297406576573849,0.0053003509528934956
258793,dct_high_nontargeted_white_box_eps0.0627_iter1,0.1666666666666667,0.0,0.99900347,58.21722676592244,0.9998855590820312,0.9999756813049316,0.008387546986341476,0.0010579824447631836,398583,0.0020931675,0.0012016498949378729,0.0012020503636449575,0.001202905084937811
469067,dct_high_nontargeted_white_box_eps0.0627_iter3,0.10000000000000002,0.05000000000000001,0.99725324,53.200943058646395,0.9996477961540222,0.9999434947967529,0.013043854385614395,0.0017800331115722656,422853,0.0034332233,0.0018970188684761524,0.0018944736802950501,0.0018917504930868745
448256,dct_high_nontargeted_white_box_eps0.0627_iter8,0.21363636363636368,0.20454545454545453,0.9955464,48.58024147996356,0.9994741678237915,0.9999154210090637,0.028251204639673233,0.003569960594177246,499170,0.0056500337,0.002894460456445813,0.002896032063290477,0.002899887738749385
549390,dct_high_nontargeted_white_box_eps0.0627_iter1,0.12254048258105053,0.10553150553150553,0.99944305,58.06281631478263,0.9999251365661621,0.999987006187439,0.00342300976626575,7.647275924682617e-05,424256,0.002161228,0.0012464578030630946,0.0012470332439988852,0.00124366395175457
364102,dct_high_nontargeted_white_box_eps0.0627_iter4,0.5000000000000001,0.25000000000000006,0.9948284,51.62361161429693,0.9993265867233276,0.999876081943512,0.05592825263738632,0.0018233060836791992,364223,0.0038733273,0.001999282743781805,0.001998745370656252,0.0019833953119814396
13291,dct_high_nontargeted_white_box_eps0.0627_iter1,0.43181818181818177,0.3787878787878787,0.9991081,58.05054834271939,0.9998893737792969,0.999989926815033,0.011228151619434357,0.00018405914306640625,396866,0.0021670745,0.0012485649203881621,0.0012519630836322904,0.0012471878435462713
440336,dct_high_nontargeted_white_box_eps0.0627_iter2,0.3922077922077923,0.3272727272727273,0.9980154,54.74178398381614,0.9997510313987732,0.9999743700027466,0.032094355672597885,0.0006945133209228516,241942,0.002633971,0.001335875946097076,0.0013381581520661712,0.0013421858893707395
488251,dct_high_nontargeted_white_box_eps0.0627_iter5,0.16477272727272727,0.13636363636363638,0.99555755,50.358236863543134,0.9994605779647827,0.9999364614486694,0.037191975861787796,0.0016417503356933594,473730,0.004676301,0.0025396363344043493,0.0025420477613806725,0.002544157672673464
229601,dct_high_nontargeted_white_box_eps0.0627_iter1,0.26721763085399447,0.2506493506493507,0.9994061,58.06044354991445,0.9999215602874756,0.9999876618385315,0.0020154209341853857,0.00015503168106079102,400755,0.0021642956,0.0012505997437983751,0.0012513087131083012,0.0012372819473966956
427160,dct_high_nontargeted_white_box_eps0.0627_iter2,0.303030303030303,0.21212121212121215,0.9980032,54.66231973493051,0.9997612833976746,0.999965488910675,0.008321713656187057,0.00031572580337524414,240069,0.0026585343,0.001365428906865418,0.0013652713969349861,0.0013591974275186658
434204,dct_high_nontargeted_white_box_eps0.0627_iter3,0.20000000000000004,0.13636363636363635,0.9976177,53.12109235874587,0.9997197985649109,0.9999604225158691,0.014770939946174622,0.0005390644073486328,415953,0.00345428,0.0019137979252263904,0.0019123293459415436,0.0019092094153165817
289417,dct_high_nontargeted_white_box_eps0.0627_iter1,0.2727272727272727,0.21428571428571427,0.9986763,58.03862584233008,0.9998371005058289,0.9999738335609436,0.010265144519507885,0.0003981590270996094,388792,0.0021702445,0.0012523140758275986,0.0012525309575721622,0.0012531427200883627
309467,dct_high_nontargeted_white_box_eps0.0627_iter1,0.3333333333333334,0.22222222222222218,0.9989419,58.03849657716004,0.9998531341552734,0.9999733567237854,0.0048187728971242905,0.0003966689109802246,403021,0.002170589,0.0012518868315964937,0.0012527891667559743,0.0012534531997516751
473121,dct_high_nontargeted_white_box_eps0.0627_iter18,0.5000000000000001,0.0,0.9782765,45.254554419578795,0.9973609447479248,0.9996942281723022,0.21282055974006653,0.014746010303497314,573014,0.008217159,0.004320248961448669,0.004306339658796787,0.004275999031960964
451084,dct_high_nontargeted_white_box_eps0.0627_iter37,0.25000000000000006,0.12500000000000003,0.9623542,40.57354885781759,0.9949898719787598,0.9991762042045593,0.14618201553821564,0.014592945575714111,625070,0.014064784,0.007462513633072376,0.0073778871446847916,0.007363217882812023
22479,dct_high_nontargeted_white_box_eps0.0627_iter10,0.1666666666666667,0.08333333333333336,0.98965293,47.963987603791225,0.9988083243370056,0.9998675584793091,0.10758505761623383,0.005353689193725586,505885,0.006005947,0.0031048599630594254,0.0031120602507144213,0.003119774628430605
243148,dct_high_nontargeted_white_box_eps0.0627_iter3,0.5000000000000001,0.33333333333333326,0.9969337,53.02457387303147,0.9996246099472046,0.999948263168335,0.01430799812078476,0.001189589500427246,407791,0.0034846675,0.0019306786125525832,0.0019339241553097963,0.0019323175074532628
249786,dct_high_nontargeted_white_box_eps0.0627_iter1,0.11501377410468319,0.056818181818181816,0.99904174,58.04992215679704,0.999880313873291,0.9999861121177673,0.006042990833520889,0.0002586841583251953,401824,0.0021665026,0.0012499990407377481,0.0012496680719777942,0.0012485727202147245
581062,dct_high_nontargeted_white_box_eps0.0627_iter28,0.5000000000000001,0.25000000000000006,0.9684438,43.30607292973152,0.9960516691207886,0.9994959831237793,0.17818224430084229,0.01927793025970459,606292,0.010348887,0.00539221428334713,0.005394172854721546,0.005412681959569454
185950,dct_high_nontargeted_white_box_eps0.0627_iter2,0.5000000000000001,0.25000000000000006,0.9978821,55.00726592835424,0.9997538328170776,0.9999662637710571,0.029181350022554398,0.0019139647483825684,222744,0.0024861428,0.0012629168340936303,0.0012667919509112835,0.0012578951427713037
44195,dct_high_nontargeted_white_box_eps0.0627_iter2,0.5000000000000001,0.42424242424242414,0.9979145,54.81484479616567,0.9997441172599792,0.9999622106552124,0.01705588959157467,0.0006105303764343262,239403,0.002596043,0.0013168659061193466,0.0013177378568798304,0.001318862196058035
364126,dct_high_nontargeted_white_box_eps0.0627_iter48,0.5000000000000001,0.10000000000000002,0.9560125,40.45876767571231,0.994115948677063,0.9992141723632812,0.1521885097026825,0.015323758125305176,627627,0.014476712,0.0075265830382704735,0.007510895375162363,0.007552932947874069
354307,dct_high_nontargeted_white_box_eps0.0627_iter1,1.0000000000000002,0.5000000000000001,0.99900603,58.123927389441114,0.9998914003372192,0.9999837279319763,0.007269266061484814,0.0005420446395874023,378672,0.0021417434,0.001234788098372519,0.0012281518429517746,0.0012219729833304882
170191,dct_high_nontargeted_white_box_eps0.0627_iter14,0.3333333333333334,0.1666666666666667,0.98677087,46.09091480596902,0.9983071088790894,0.999726414680481,0.06644280254840851,0.006820201873779297,559249,0.0075024674,0.003903204808011651,0.003892473876476288,0.0039052108768373728
179487,dct_high_nontargeted_white_box_eps0.0627_iter1,0.26033057851239677,0.25889850889850885,0.99932164,58.08835674983201,0.9999181032180786,0.9999866485595703,0.0026337378658354282,0.00024944543838500977,396098,0.0021552374,0.0012261484516784549,0.001244685729034245,0.0012443936429917812
445999,dct_high_nontargeted_white_box_eps0.0627_iter23,0.5000000000000001,0.25000000000000006,0.9782772,44.3210759682423,0.997374951839447,0.9996086359024048,0.13407468795776367,0.01517343521118164,594266,0.009185177,0.004903050139546394,0.004901357460767031,0.004901251755654812
91500,dct_high_nontargeted_white_box_eps0.0627_iter10,0.11111111111111113,0.09427609427609425,0.9919402,47.60357854199665,0.9989702105522156,0.999839723110199,0.03432672470808029,0.0025922060012817383,514607,0.0062696496,0.003259941004216671,0.003257257863879204,0.003269786946475506
426836,dct_high_nontargeted_white_box_eps0.0627_iter3,0.5000000000000001,0.12500000000000003,0.99719507,53.04190633529943,0.9996412992477417,0.9999592304229736,0.05641995370388031,0.005206167697906494,419463,0.003493919,0.0019309939816594124,0.00193209876306355,0.0019256166415289044
557916,dct_high_nontargeted_white_box_eps0.0627_iter11,0.25000000000000006,0.12500000000000003,0.9856205,47.46179029615192,0.9982101917266846,0.9997234344482422,0.13142895698547363,0.00623929500579834,529022,0.006388042,0.003465433605015278,0.003466194961220026,0.003431146964430809
99024,dct_high_nontargeted_white_box_eps0.0627_iter3,0.3333333333333334,0.11111111111111109,0.99787897,53.119000380840966,0.9997210502624512,0.9999606609344482,0.007127918303012848,0.0004380941390991211,429194,0.0034763927,0.0019119302742183208,0.0019129111897200346,0.0019126138649880886
305309,dct_high_nontargeted_white_box_eps0.0627_iter21,0.31818181818181823,0.2727272727272727,0.9872568,44.558520395365676,0.998380184173584,0.9997527003288269,0.054709091782569885,0.003760695457458496,598765,0.009048989,0.00478240754455328,0.00478065200150013,0.0047612264752388
311928,dct_high_nontargeted_white_box_eps0.0627_iter25,0.1666666666666667,0.08333333333333336,0.9836571,43.609378087832596,0.9981091022491455,0.9997267127037048,0.0926542654633522,0.0040721893310546875,603939,0.009988283,0.00531706353649497,0.005310058128088713,0.0053118024952709675
196141,dct_high_nontargeted_white_box_eps0.0627_iter8,0.16454545454545455,0.09545454545454544,0.9944822,48.015067557993106,0.9993096590042114,0.9998882412910461,0.016342297196388245,0.0007779598236083984,514263,0.0060464884,0.003099281806498766,0.003107211785390973,0.0031554156448692083
136915,dct_high_nontargeted_white_box_eps0.0627_iter1,0.1818181818181818,0.17090909090909095,0.9991679,58.039208210179424,0.9999053478240967,0.999986469745636,0.005244276486337185,0.000780940055847168,392881,0.0021702428,0.0012523481855168939,0.001252677757292986,0.0012524889316409826
533816,dct_high_nontargeted_white_box_eps0.0627_iter1,0.40042552144824867,0.3893471393471393,0.99952394,58.06147511934625,0.9999487400054932,0.9999919533729553,0.0015548839000985026,0.00019371509552001953,403643,0.0021626214,0.0012424102751538157,0.0012481407029554248,0.0012477453565225005
522889,dct_high_nontargeted_white_box_eps0.0627_iter5,0.3333333333333334,0.24999999999999992,0.992737,50.91481056040627,0.9992599487304688,0.9999319314956665,0.04041937738656998,0.000983595848083496,441431,0.0043567885,0.0022060307674109936,0.0024285842664539814,0.002434720518067479
548246,dct_high_nontargeted_white_box_eps0.0627_iter1,0.24125874125874125,0.21212121212121213,0.9992625,58.06395444730998,0.9999141693115234,0.9999865889549255,0.0028320900164544582,0.0002918839454650879,399153,0.0021612532,0.0012457389384508133,0.0012467324268072844,0.0012437006225809455
37988,dct_high_nontargeted_white_box_eps0.0627_iter17,0.20000000000000004,0.1666666666666667,0.9736596,44.88591269487497,0.996492862701416,0.999329686164856,0.13936927914619446,0.009808540344238281,581947,0.008573217,0.004600629210472107,0.004575742874294519,0.004612872377038002
527427,dct_high_nontargeted_white_box_eps0.0627_iter10,0.1666666666666667,0.03333333333333334,0.99192667,47.42737783556797,0.9990247488021851,0.9998561143875122,0.03296910226345062,0.0018829107284545898,529514,0.0064478354,0.0033297843765467405,0.0033302565570920706,0.003336238907650113
74256,dct_high_nontargeted_white_box_eps0.0627_iter2,0.12391774891774891,0.1212121212121212,0.9988043,55.00667266989527,0.9998666048049927,0.9999753832817078,0.005087983328849077,0.00023692846298217773,246372,0.0025461854,0.0012678533094003797,0.0012614616425707936,0.0012561045587062836
154644,dct_high_nontargeted_white_box_eps0.0627_iter1,0.28282828282828276,0.18181818181818185,0.99884695,58.04661887740523,0.9998615980148315,0.9999808073043823,0.020361747592687607,0.0006541609764099121,384047,0.002166217,0.0012503712205216289,0.001250388682819903,0.0012503555044531822
474039,dct_high_nontargeted_white_box_eps0.0627_iter9,0.25000000000000006,0.0,0.9913266,48.27687442115373,0.9989537596702576,0.999847412109375,0.07214566320180893,0.009240448474884033,516169,0.0058468855,0.0031622054520994425,0.0031643398106098175,0.003159470856189728
461751,dct_high_nontargeted_white_box_eps0.0627_iter2,0.10606060606060608,0.037480063795853266,0.99839634,54.932906127439736,0.99982750415802,0.9999798536300659,0.012903948314487934,0.0004019737243652344,228212,0.0025162755,0.001280130003578961,0.0012802759883925319,0.0012816480593755841
466986,dct_high_nontargeted_white_box_eps0.0627_iter1,0.25000000000000006,0.18181818181818185,0.99945736,58.263274783631275,0.9999498724937439,0.9999894499778748,0.0020103580318391323,0.00014519691467285156,389140,0.0020788936,0.0011894276831299067,0.0011848302092403173,0.0011942955898121
465179,dct_high_nontargeted_white_box_eps0.0627_iter44,0.5000000000000001,0.25000000000000006,0.9513238,41.334021117585195,0.9940940141677856,0.999173104763031,0.23817503452301025,0.02846473455429077,620379,0.012901151,0.006788555067032576,0.006781112868338823,0.006803649011999369
542856,dct_high_nontargeted_white_box_eps0.0627_iter1,0.22222222222222218,0.14545454545454548,0.9993505,58.05428801440337,0.9999272227287292,0.9999898672103882,0.0030445896554738283,0.00012183189392089844,400704,0.0021646696,0.001247159205377102,0.0012495600385591388,0.0012477509444579482
429718,dct_high_nontargeted_white_box_eps0.0627_iter5,0.25000000000000006,0.0,0.99663335,50.48587354573581,0.9995662569999695,0.999934196472168,0.013673560693860054,0.0006376504898071289,488653,0.00466104,0.0025176708586513996,0.0025085920933634043,0.002501594601199031
563604,dct_high_nontargeted_white_box_eps0.0627_iter9,0.1994949494949495,0.1954545454545455,0.9965542,47.740431590602846,0.9995681047439575,0.9999071359634399,0.006354054436087608,0.0008866786956787109,551552,0.0063392287,0.003355643479153514,0.0033720294013619423,0.003362644463777542
78565,dct_high_nontargeted_white_box_eps0.0627_iter4,0.12310606060606062,0.10256410256410255,0.99637866,51.58647615277948,0.9995207786560059,0.9999157786369324,0.018317611888051033,0.0007908344268798828,389013,0.0039668423,0.0020050934981554747,0.0020142674911767244,0.0020012599416077137
116439,dct_high_nontargeted_white_box_eps0.0627_iter24,0.12500000000000003,0.0,0.9886818,43.75501509145575,0.9987292289733887,0.9997617602348328,0.04411631077528,0.0044744014739990234,599303,0.009817979,0.0051165311597287655,0.005118540953844786,0.005129914730787277
274219,dct_high_nontargeted_white_box_eps0.0627_iter2,0.5000000000000001,0.25000000000000006,0.9981019,54.910393404072096,0.9997670650482178,0.9999668002128601,0.011327383108437061,0.0006350278854370117,232029,0.0025434725,0.0012860738206654787,0.0012895736144855618,0.001285842969082296
143961,dct_high_nontargeted_white_box_eps0.0627_iter1,0.1317238317238317,0.12905530459878284,0.99935937,58.07735301210596,0.9999281764030457,0.9999890327453613,0.002573393750935793,0.0004583597183227539,393206,0.0021585694,0.0012326696887612343,0.0012419387931004167,0.0012500474695116282
212573,dct_high_nontargeted_white_box_eps0.0627_iter2,0.19318181818181815,0.12500000000000003,0.99907345,54.653414758923724,0.9998814463615417,0.9999780654907227,0.003229137510061264,0.0005157589912414551,280146,0.0027925053,0.0013590047601610422,0.0013666946906596422,0.0013713670196011662
319369,dct_high_nontargeted_white_box_eps0.0627_iter1,0.18383838383838386,0.17292929292929296,0.9996584,58.348640753737435,0.9999654293060303,0.9999922513961792,0.0022619946394115686,0.0001500844955444336,412448,0.0020393971,0.001164281857199967,0.0011665195925161242,0.001168296905234456
252716,dct_high_nontargeted_white_box_eps0.0627_iter29,0.18181818181818182,0.09090909090909091,0.9766488,42.13556560964246,0.9968687891960144,0.9995012283325195,0.12163959443569183,0.014514386653900146,616576,0.01186173,0.006275839637964964,0.006229138933122158,0.006276341155171394
64868,dct_high_nontargeted_white_box_eps0.0627_iter7,0.20000000000000004,0.10000000000000002,0.9933104,49.41349011119139,0.9992552995681763,0.9998973608016968,0.055041708052158356,0.0021287202835083008,487765,0.0051461686,0.0028000969905406237,0.002798060653731227,0.002795727690681815
205324,dct_high_nontargeted_white_box_eps0.0627_iter4,0.25000000000000006,0.19318181818181815,0.9973979,51.58658197035425,0.9997028708457947,0.9999607801437378,0.01570189744234085,0.0013343095779418945,386549,0.0039633387,0.0020080585964024067,0.002011503092944622,0.00200832262635231
48555,dct_high_nontargeted_white_box_eps0.0627_iter1,0.25000000000000006,0.10606060606060605,0.9992037,58.63434491063619,0.9999019503593445,0.9999802708625793,0.003760378807783127,0.0002110004425048828,400163,0.001922409,0.001091395621187985,0.0010917653562501073,0.00109313044231385
244099,dct_high_nontargeted_white_box_eps0.0627_iter6,0.25000000000000006,0.0,0.9951765,49.32782558494485,0.9993332624435425,0.9999077916145325,0.05744359642267227,0.007799804210662842,487567,0.005247703,0.0026782378554344177,0.00266967318020761,0.0026668021455407143
537827,dct_high_nontargeted_white_box_eps0.0627_iter31,0.5000000000000001,0.42424242424242414,0.9881029,40.113155730649694,0.9981397986412048,0.9996106624603271,0.02020115591585636,0.002437114715576172,627995,0.014988247,0.007870069704949856,0.007838144898414612,0.00784559827297926
329827,dct_high_nontargeted_white_box_eps0.0627_iter14,0.5000000000000001,0.0,0.9811683,46.20828547957587,0.9975311160087585,0.9995970129966736,0.19017437100410461,0.018984436988830566,555916,0.007386057,0.003849585074931383,0.0038358611054718494,0.0038455650210380554
500270,dct_high_nontargeted_white_box_eps0.0627_iter1,0.2647727272727273,0.2196969696969697,0.99880165,58.03952603632807,0.999852180480957,0.9999778866767883,0.010186533443629742,0.0010097026824951172,398549,0.0021701646,0.0012507641222327948,0.0012531992979347706,0.0012532678665593266
308165,dct_high_nontargeted_white_box_eps0.0627_iter41,0.5000000000000001,0.03571428571428572,0.9524841,41.23994015662219,0.9935600757598877,0.9989909529685974,0.2323061227798462,0.044052720069885254,623562,0.013110986,0.006968345493078232,0.006930812727659941,0.006821643095463514
544444,dct_high_nontargeted_white_box_eps0.0627_iter10,0.5000000000000001,0.25000000000000006,0.9869512,47.912969381255046,0.9983589053153992,0.9997637271881104,0.13764634728431702,0.009449958801269531,513077,0.006071578,0.0031349053606390953,0.0031351293437182903,0.003140863962471485
90956,dct_high_nontargeted_white_box_eps0.0627_iter25,0.5000000000000001,0.0,0.98816967,43.12481333337057,0.9981286525726318,0.9996730089187622,0.03089829348027706,0.0028841495513916016,618833,0.010835154,0.005640195682644844,0.005627667065709829,0.00558569235727191
313562,dct_high_nontargeted_white_box_eps0.0627_iter13,0.3333333333333334,0.28282828282828276,0.99382424,46.64629378197502,0.9993337392807007,0.9998478293418884,0.024534771218895912,0.0012868046760559082,560237,0.007059211,0.003763859858736396,0.003780974540859461,0.0037582004442811012
258388,dct_high_nontargeted_white_box_eps0.0627_iter8,0.4545454545454545,0.42727272727272736,0.98767096,48.76134860123337,0.9984860420227051,0.9997498393058777,0.09611203521490097,0.0058280229568481445,474103,0.0054785847,0.002884635701775551,0.0028436589054763317,0.002747607883065939
358195,dct_high_nontargeted_white_box_eps0.0627_iter44,0.25000000000000006,0.0,0.97590166,38.808598727976616,0.995992124080658,0.9993560314178467,0.050157539546489716,0.006260871887207031,632539,0.017574487,0.009123235940933228,0.009138882160186768,0.00905406940728426
3553,dct_high_nontargeted_white_box_eps0.0627_iter13,0.25000000000000006,0.12500000000000003,0.9898452,46.65669105320663,0.9988644123077393,0.9998417496681213,0.07074400782585144,0.006619155406951904,555073,0.0070273066,0.003772206837311387,0.003771360730752349,0.003770028240978718
187990,dct_high_nontargeted_white_box_eps0.0627_iter8,0.25000000000000006,0.12500000000000003,0.99205565,48.78122581851763,0.998999297618866,0.9998449087142944,0.04688301682472229,0.0020782947540283203,484274,0.005482932,0.002826142590492964,0.0028310467023402452,0.002820206107571721
51938,dct_high_nontargeted_white_box_eps0.0627_iter2,0.2734848484848485,0.24696969696969698,0.9976797,54.72461935821669,0.9997000694274902,0.9999616742134094,0.02156202122569084,0.0010236501693725586,245533,0.002650033,0.0013422101037576795,0.0013398225419223309,0.0013484139926731586
188296,dct_high_nontargeted_white_box_eps0.0627_iter3,0.20454545454545459,0.20129870129870134,0.9993196,52.84795416303541,0.9999262690544128,0.999973475933075,0.002001269022002816,0.000194549560546875,439205,0.0035927463,0.001955032581463456,0.0019558581989258528,0.0019577627535909414
45090,dct_high_nontargeted_white_box_eps0.0627_iter1,0.33333333333333326,0.21212121212121207,0.9993939,58.11532059972087,0.9999337196350098,0.9999784827232361,0.012866273522377014,0.0014904141426086426,416589,0.0021397439,0.0012322308029979467,0.001228189212270081,0.0012318227672949433
347174,dct_high_nontargeted_white_box_eps0.0627_iter1,0.5000000000000001,0.25000000000000006,0.9990451,58.03661857544217,0.9998798370361328,0.9999815225601196,0.00516526261344552,0.0003197193145751953,387035,0.0021712377,0.0012526356149464846,0.0012531119864434004,0.001254000118933618
341196,dct_high_nontargeted_white_box_eps0.0627_iter4,0.4204545454545453,0.2727272727272727,0.9978035,51.38180830252011,0.9996962547302246,0.9999350905418396,0.008416004478931427,0.0005620718002319336,423930,0.0041007493,0.0020798698533326387,0.002065997803583741,0.00206203805282712
302990,dct_high_nontargeted_white_box_eps0.0627_iter1,0.42424242424242414,0.27272727272727276,0.99958354,58.06009309444618,0.999947726726532,0.9999905824661255,0.001786950509995222,0.0001392364501953125,431735,0.0021631056,0.0012498138239607215,0.0012456036638468504,0.001244052080437541
262587,dct_high_nontargeted_white_box_eps0.0627_iter12,0.5000000000000001,0.25000000000000006,0.98471516,46.66508823014983,0.9979416131973267,0.9996939301490784,0.12167540192604065,0.007012546062469482,552563,0.0070649916,0.00365116773173213,0.003636750392615795,0.0036360847298055887
117719,dct_high_nontargeted_white_box_eps0.0627_iter1,0.25000000000000006,0.013157894736842103,0.9991496,58.06818644795533,0.9999017715454102,0.9999898076057434,0.008116998709738255,0.0006757974624633789,385692,0.0021615783,0.0012419259874150157,0.0012464228784665465,0.001244190032593906
309678,dct_high_nontargeted_white_box_eps0.0627_iter4,0.3333333333333334,0.1666666666666667,0.9958752,51.92182654729949,0.9995114803314209,0.9999341368675232,0.015737321227788925,0.0014336705207824707,343181,0.0037120208,0.001922784373164177,0.0019232864724472165,0.0018825839506462216
107339,dct_high_nontargeted_white_box_eps0.0627_iter7,0.19318181818181815,0.12500000000000003,0.99084663,49.174746924326634,0.9989393949508667,0.9998635649681091,0.17008796334266663,0.007828712463378906,479537,0.005249824,0.0028802715241909027,0.0028729347977787256,0.002871032105758786
468501,dct_high_nontargeted_white_box_eps0.0627_iter4,0.20000000000000004,0.14710743801652898,0.9967453,51.87639142967359,0.9996177554130554,0.999947190284729,0.021695733070373535,0.0011516809463500977,363753,0.0037834328,0.0019218502566218376,0.0019246647134423256,0.0019251027842983603
511760,dct_high_nontargeted_white_box_eps0.0627_iter5,0.3333333333333334,0.28282828282828276,0.9925134,50.35927755807326,0.9990017414093018,0.9996868371963501,0.16371040046215057,0.012506425380706787,463660,0.00465155,0.0025430768728256226,0.002539356704801321,0.002550553996115923
361730,dct_high_nontargeted_white_box_eps0.0627_iter1,0.1325559198706432,0.11580086580086581,0.9989713,58.058285251196736,0.9998723864555359,0.999979555606842,0.005018966272473335,0.0002009272575378418,392851,0.0021640584,0.0012468179920688272,0.0012482121819630265,0.0012460015714168549
427077,dct_high_nontargeted_white_box_eps0.0627_iter42,0.5000000000000001,0.25000000000000006,0.95965624,41.57462424756873,0.9950946569442749,0.9992350935935974,0.1815938949584961,0.01569187641143799,619887,0.012572003,0.006600167136639357,0.0065836226567626,0.0066150762140750885
346968,dct_high_nontargeted_white_box_eps0.0627_iter27,0.25000000000000006,0.12500000000000003,0.9719971,43.64273840902435,0.9964213371276855,0.9995166659355164,0.16573305428028107,0.018403470516204834,602913,0.009937373,0.005288694519549608,0.005286568775773048,0.005310557782649994
229216,dct_high_nontargeted_white_box_eps0.0627_iter1,0.5000000000000001,0.42424242424242414,0.99941605,58.05283032723495,0.9999326467514038,0.9999882578849792,0.0016554431058466434,0.00038105249404907227,398675,0.002166243,0.0012488879729062319,0.001251421170309186,0.0012454403331503272
563882,dct_high_nontargeted_white_box_eps0.0627_iter1,0.22546897546897549,0.1919191919191919,0.99883646,58.095731092852255,0.9998642206192017,0.9999819993972778,0.011579254642128944,0.00048601627349853516,378504,0.0021497596,0.0012259675422683358,0.0012400760315358639,0.0012428833870217204
483999,dct_high_nontargeted_white_box_eps0.0627_iter1,0.11617473435655255,0.0965802289815448,0.9992304,58.113595963935786,0.9999182224273682,0.9999879002571106,0.004214030224829912,0.00024771690368652344,384754,0.0021392894,0.001232279115356505,0.0012306382413953543,0.0012307886499911547
58705,dct_high_nontargeted_white_box_eps0.0627_iter3,0.22222222222222218,0.1666666666666667,0.99747866,52.737401240498194,0.9996683597564697,0.9999450445175171,0.00722096860408783,0.0003935098648071289,403014,0.0036049278,0.0019967667758464813,0.0019873997662216425,0.0019994541071355343
323263,dct_high_nontargeted_white_box_eps0.0627_iter2,0.26743626743626747,0.236455463728191,0.99876374,54.841715983087916,0.9998478889465332,0.9999738335609436,0.003955809399485588,0.00039201974868774414,244658,0.0026196796,0.001308788196183741,0.001311567728407681,0.0013085865648463368
248334,dct_high_nontargeted_white_box_eps0.0627_iter2,0.26018299881936247,0.2444083694083694,0.99938995,55.06549211076013,0.9999294281005859,0.9999874830245972,0.001537306234240532,0.0002205967903137207,250530,0.0025432291,0.0012394097866490483,0.0012399936094880104,0.0012508969521149993
400803,dct_high_nontargeted_white_box_eps0.0627_iter1,0.13636363636363638,0.0,0.99951917,58.05744271635258,0.9999459981918335,0.9999882578849792,0.0025784180033951998,0.00010561943054199219,402529,0.002164824,0.0012414783705025911,0.0012501899618655443,0.0012501004384830594
422706,dct_high_nontargeted_white_box_eps0.0627_iter1,0.1818181818181818,0.0909090909090909,0.9994218,58.051990528218255,0.9999266862869263,0.999987006187439,0.002375988522544503,0.0003813505172729492,398902,0.0021663408,0.0012454146053642035,0.0012507179053500295,0.0012503318721428514
178982,dct_high_nontargeted_white_box_eps0.0627_iter5,0.3333333333333334,0.28282828282828276,0.9937747,51.064736083423966,0.9992350935935974,0.9998790621757507,0.04721236601471901,0.003173351287841797,445422,0.004279775,0.002352379960939288,0.002348927780985832,0.0023196747060865164
408696,dct_high_nontargeted_white_box_eps0.0627_iter1,0.42727272727272736,0.23636363636363636,0.99924785,58.03630389400341,0.9999095797538757,0.99998539686203,0.0031956008169800043,0.0005511045455932617,397952,0.002171219,0.0012533206027001143,0.0012533793924376369,0.0012533365515992045
144300,dct_high_nontargeted_white_box_eps0.0627_iter5,0.11363636363636366,0.10606060606060604,0.99660796,50.83060646897209,0.9996182322502136,0.999935507774353,0.026845620945096016,0.000710606575012207,466758,0.0044344915,0.0024099957663565874,0.002407096093520522,0.002399889286607504
7816,dct_high_nontargeted_white_box_eps0.0627_iter1,0.348222484586121,0.2424242424242424,0.9993966,58.04231333845081,0.9999293088912964,0.9999908804893494,0.0018309724982827902,4.7266483306884766e-05,398315,0.002169071,0.0012516973074525595,0.0012515654088929296,0.0012515594717115164
152120,dct_high_nontargeted_white_box_eps0.0627_iter2,0.5000000000000001,0.25000000000000006,0.99842185,54.87225737053936,0.9998233318328857,0.9999768733978271,0.0048163761384785175,0.00012505054473876953,237736,0.0025714382,0.0013030987465754151,0.0012996302684769034,0.0012945056660100818
308631,dct_high_nontargeted_white_box_eps0.0627_iter3,0.307070707070707,0.29896366260002616,0.9988058,52.953054476865056,0.9998669028282166,0.9999701976776123,0.0034091207198798656,0.00024706125259399414,432031,0.0035476421,0.0019445560174062848,0.0019471372943371534,0.0019500341732054949
391375,dct_high_nontargeted_white_box_eps0.0627_iter14,0.5000000000000001,0.25000000000000006,0.9874084,46.213441117162105,0.9986879229545593,0.9997227191925049,0.04887797310948372,0.004027724266052246,558459,0.007452336,0.003838050179183483,0.0038375393487513065,0.003828844055533409
340451,dct_high_nontargeted_white_box_eps0.0627_iter5,0.25000000000000006,0.12500000000000003,0.99693555,50.120303002720526,0.9996394515037537,0.9999432563781738,0.022920560091733932,0.0011475086212158203,486292,0.0048047137,0.002618151716887951,0.002604533452540636,0.0025747057516127825
158956,dct_high_nontargeted_white_box_eps0.0627_iter1,0.20000000000000004,0.10000000000000002,0.9987374,58.09929359626702,0.9998394250869751,0.9999758005142212,0.011890338733792305,0.0003966689109802246,380652,0.0021541433,0.0011981965508311987,0.0012539031449705362,0.0012537966249510646
100723,dct_high_nontargeted_white_box_eps0.0627_iter1,0.12121212121212122,0.1201923076923077,0.9994537,58.06742162861638,0.9999428987503052,0.9999915957450867,0.0019173899199813604,0.00020897388458251953,395564,0.0021598588,0.0012428599875420332,0.00124479946680367,0.0012455215910449624
442456,dct_high_nontargeted_white_box_eps0.0627_iter7,0.20000000000000004,0.16969696969696965,0.9954371,48.96107680809167,0.9994691610336304,0.9999071359634399,0.018108775839209557,0.0012135505676269531,512590,0.0054862704,0.002950612921267748,0.0029404531233012676,0.002953647170215845
79229,dct_high_nontargeted_white_box_eps0.0627_iter14,0.3333333333333334,0.0,0.9925925,43.34765022949998,0.9986855983734131,0.9997369050979614,0.02262663096189499,0.002178966999053955,615151,0.010640939,0.005498833954334259,0.0055557177402079105,0.005447610281407833
188439,dct_high_nontargeted_white_box_eps0.0627_iter5,0.25000000000000006,0.0,0.99814767,50.073668704153754,0.9997861385345459,0.9999569058418274,0.008073505014181137,0.00042688846588134766,499818,0.0049017137,0.0026278221048414707,0.002628775080665946,0.002636134624481201
151480,dct_high_nontargeted_white_box_eps0.0627_iter5,0.25968560059469153,0.21825396825396823,0.9952747,50.459074318048955,0.9994055032730103,0.9999095797538757,0.013355818577110767,0.0007393956184387207,471101,0.004620919,0.0025146675761789083,0.0025150070432573557,0.0025142370723187923
289229,dct_high_nontargeted_white_box_eps0.0627_iter7,0.5000000000000001,0.25000000000000006,0.98971844,49.2057015556804,0.9987256526947021,0.9998037219047546,0.16634812951087952,0.016518592834472656,487632,0.005243984,0.002855684608221054,0.0028545113746076822,0.002860365202650428
281929,dct_high_nontargeted_white_box_eps0.0627_iter5,0.1666666666666667,0.08333333333333336,0.995851,49.88539676194958,0.9995169639587402,0.9999306201934814,0.018862122669816017,0.0011619925498962402,484841,0.0049603786,0.0026938936207443476,0.0026916193310171366,0.0026945071294903755
257896,dct_high_nontargeted_white_box_eps0.0627_iter6,0.5000000000000001,0.25000000000000006,0.995316,49.84903070816584,0.999393105506897,0.9998772740364075,0.028325635939836502,0.0013984441757202148,443046,0.0047994,0.0025031135883182287,0.002484465017914772,0.0024621577467769384
179174,dct_high_nontargeted_white_box_eps0.0627_iter3,0.16956964604023428,0.1567245885427704,0.9986232,53.21601947060789,0.999825656414032,0.9999678730964661,0.006100896745920181,0.0007591843605041504,431617,0.0034378525,0.0018925388576462865,0.0018868123879656196,0.0018931319937109947
393115,dct_high_nontargeted_white_box_eps0.0627_iter19,0.5000000000000001,0.25000000000000006,0.98091936,44.81286524752655,0.997663676738739,0.9996932744979858,0.1140560507774353,0.006196141242980957,589815,0.008726249,0.004640225786715746,0.004630036652088165,0.004645772278308868
370813,dct_high_nontargeted_white_box_eps0.0627_iter7,0.25000000000000006,0.06250000000000001,0.99466544,48.85114436190499,0.9991291761398315,0.9998542070388794,0.0233562421053648,0.002474963665008545,533234,0.005622774,0.00298527954146266,0.003008221974596381,0.0029869473073631525
442746,dct_high_nontargeted_white_box_eps0.0627_iter12,0.25000000000000006,0.12500000000000003,0.99346346,45.761235318543754,0.9992060661315918,0.9998612999916077,0.021617375314235687,0.0015707015991210938,569015,0.007849969,0.004098688717931509,0.004070114344358444,0.0041083297692239285
396863,dct_high_nontargeted_white_box_eps0.0627_iter26,0.13636363636363638,0.0,0.9843522,43.19065129438954,0.9988579154014587,0.9997313022613525,0.03377629816532135,0.004868566989898682,605916,0.010636145,0.0055035618133842945,0.005441633518785238,0.0054514044895768166
576052,dct_high_nontargeted_white_box_eps0.0627_iter4,0.25000000000000006,0.0,0.99646187,51.39322807958803,0.9995251893997192,0.9999288320541382,0.02118576318025589,0.0008883476257324219,406244,0.0040971516,0.0020654802210628986,0.002070831600576639,0.0020700572058558464
51712,dct_high_nontargeted_white_box_eps0.0627_iter9,0.5000000000000001,0.25000000000000006,0.9942382,48.26300787703512,0.9992942214012146,0.999933123588562,0.06201642379164696,0.003786325454711914,536801,0.005945956,0.00316909933462739,0.003169593634083867,0.0031709475442767143
282037,dct_high_nontargeted_white_box_eps0.0627_iter2,0.13967661126752035,0.1198051948051948,0.9986146,54.39142811686422,0.9998270869255066,0.9999670386314392,0.006953275762498379,0.0004253983497619629,271504,0.0028476024,0.0014519138494506478,0.0014498071977868676,0.0014609675854444504
476770,dct_high_nontargeted_white_box_eps0.0627_iter1,0.2158013276434329,0.21458190931875146,0.99937797,58.04112995179054,0.9999264478683472,0.9999920725822449,0.003407198004424572,0.00011068582534790039,391678,0.002169892,0.0012498960131779313,0.0012531530810520053,0.0012527939397841692
220764,dct_high_nontargeted_white_box_eps0.0627_iter12,0.3333333333333334,0.1666666666666667,0.98839694,46.50345431963324,0.9984968900680542,0.9997721314430237,0.10439814627170563,0.009344875812530518,554806,0.0071780304,0.0036940963473170996,0.0037051269318908453,0.003738987725228071
312720,dct_high_nontargeted_white_box_eps0.0627_iter10,0.5000000000000001,0.16666666666666663,0.98664695,46.90758540683879,0.998272180557251,0.9997695684432983,0.10180255770683289,0.010366499423980713,531149,0.0067955833,0.0035535304341465235,0.0035378551110625267,0.0035401363857090473
568981,dct_high_nontargeted_white_box_eps0.0627_iter17,0.3333333333333334,0.1666666666666667,0.9904397,45.2785983661216,0.9988064765930176,0.9998117089271545,0.029047943651676178,0.0015026330947875977,590930,0.0083551565,0.004404660314321518,0.004402421414852142,0.004417439457029104
461009,dct_high_nontargeted_white_box_eps0.0627_iter1,0.3333333333333334,0.32467532467532473,0.9988528,58.050532985603745,0.9998695254325867,0.999984085559845,0.0166204534471035,0.000579833984375,380040,0.0021673443,0.0012411930365487933,0.0012529273517429829,0.001253599184565246
563648,dct_high_nontargeted_white_box_eps0.0627_iter1,0.21026936026936027,0.18106060606060603,0.99959534,58.07035854236741,0.9999486804008484,0.9999910593032837,0.0009728684672154486,0.0001087188720703125,411580,0.0021593506,0.0012417070101946592,0.0012440108694136143,0.001244942075572908
532855,dct_high_nontargeted_white_box_eps0.0627_iter1,0.5000000000000001,0.25000000000000006,0.99908715,58.03603933681103,0.9998778104782104,0.9999827742576599,0.004897838458418846,0.00032335519790649414,404744,0.0021712724,0.0012535920832306147,0.001253426307812333,0.0012532463297247887
38210,dct_high_nontargeted_white_box_eps0.0627_iter44,0.5000000000000001,0.3863636363636363,0.9766926,39.96750531634006,0.9968967437744141,0.9995232224464417,0.0689748078584671,0.015266656875610352,630643,0.0154399825,0.007938393391668797,0.007990502752363682,0.007935775443911552
563349,dct_high_nontargeted_white_box_eps0.0627_iter4,0.5000000000000001,0.0,0.99508166,51.647957454767585,0.9993711709976196,0.9999181628227234,0.08312328159809113,0.008733987808227539,375067,0.0038987035,0.001984614646062255,0.001990292686969042,0.0019853943958878517
250901,dct_high_nontargeted_white_box_eps0.0627_iter1,0.21212121212121215,0.10606060606060608,0.999245,58.080823942402105,0.9999126195907593,0.999987781047821,0.003996791318058968,0.0002181529998779297,392419,0.0021579557,0.001227801782079041,0.0012512283865362406,0.0012426674365997314
74457,dct_high_nontargeted_white_box_eps0.0627_iter6,0.25000000000000006,0.0,0.9936173,49.255951259822545,0.9991533160209656,0.9998529553413391,0.09151935577392578,0.006260573863983154,474059,0.005231451,0.0026951932813972235,0.0026948784943670034,0.0026749635580927134
190007,dct_high_nontargeted_white_box_eps0.0627_iter36,0.5000000000000001,0.0,0.96932,40.29438777271444,0.9955573081970215,0.9992927312850952,0.08726942539215088,0.006604254245758057,626419,0.014647942,0.007511354982852936,0.0076301125809550285,0.00773570267483592
177357,dct_high_nontargeted_white_box_eps0.0627_iter12,0.25000000000000006,0.0,0.9931349,46.148962820598655,0.9991115927696228,0.9998603463172913,0.022997133433818817,0.0031998157501220703,576448,0.007617405,0.0039007370360195637,0.0039015361107885838,0.003900241106748581
185292,dct_high_nontargeted_white_box_eps0.0627_iter16,0.5000000000000001,0.0,0.98264235,45.731303470364075,0.9979693293571472,0.999786376953125,0.168035089969635,0.017304956912994385,565539,0.0077979933,0.0040623401291668415,0.004051776137202978,0.004065006040036678
493864,dct_high_nontargeted_white_box_eps0.0627_iter3,0.31818181818181823,0.2727272727272727,0.9965906,53.051308493860894,0.9995588660240173,0.9999328851699829,0.017352644354104996,0.0009530186653137207,425594,0.0035002765,0.0019216734217479825,0.0019286115420982242,0.0019321758300065994
102820,dct_high_nontargeted_white_box_eps0.0627_iter7,0.5000000000000001,0.25000000000000006,0.99422437,48.56535794639366,0.9995673894882202,0.9998707175254822,0.015342138707637787,0.0007102489471435547,489440,0.005660962,0.0030516430269926786,0.0030615709256380796,0.0030548488721251488
51976,dct_high_nontargeted_white_box_eps0.0627_iter8,0.5000000000000001,0.0,0.99241084,47.98368242104737,0.9990007281303406,0.99982750415802,0.027588550001382828,0.004155516624450684,499575,0.005999125,0.0031285027507692575,0.0031361642759293318,0.003134798025712371
381360,dct_high_nontargeted_white_box_eps0.0627_iter6,0.5000000000000001,0.25000000000000006,0.99640244,49.54081562825047,0.9995636940002441,0.9999257326126099,0.0162076186388731,0.0011875629425048828,472491,0.0050802496,0.002589867915958166,0.002589322393760085,0.00258555612526834
304812,dct_high_nontargeted_white_box_eps0.0627_iter2,0.16666666666666666,0.15151515151515152,0.9976676,54.836692675660174,0.9996992945671082,0.999959409236908,0.02539793774485588,0.0026962757110595703,242712,0.0025955893,0.0013148485450074077,0.0013080574572086334,0.0013089098501950502
258883,dct_high_nontargeted_white_box_eps0.0627_iter1,0.25000000000000006,0.12500000000000003,0.99902195,58.039470739074595,0.9998887777328491,0.999984860420227,0.006377184297889471,0.0002111196517944336,383184,0.0021700351,0.0012525174533948302,0.0012521549360826612,0.0012526001082733274
55950,dct_high_nontargeted_white_box_eps0.0627_iter5,0.11111111111111109,0.06666666666666668,0.9948315,50.261777484010636,0.9993698596954346,0.9999499917030334,0.025803424417972565,0.0016235113143920898,470029,0.004732158,0.0025810650549829006,0.0025866590440273285,0.0025708689354360104
175251,dct_high_nontargeted_white_box_eps0.0627_iter7,0.5000000000000001,0.16666666666666663,0.99308866,48.83851378648952,0.9991189241409302,0.9998579025268555,0.023593788966536522,0.0027503371238708496,503726,0.005516125,0.0029891820158809423,0.0029920493252575397,0.0029848534613847733
368212,dct_high_nontargeted_white_box_eps0.0627_iter39,0.3333333333333334,0.1666666666666667,0.970593,41.74013690018811,0.9962376356124878,0.9994316101074219,0.07773281633853912,0.006833553314208984,619008,0.012373899,0.006574655883014202,0.006572043057531118,0.006570853292942047
300341,dct_high_nontargeted_white_box_eps0.0627_iter1,0.5000000000000001,0.4772727272727273,0.9988554,58.0532620628548,0.9998654127120972,0.9999821186065674,0.010813078843057156,0.0004356503486633301,386220,0.0021652388,0.0012491797097027302,0.0012485847109928727,0.001247628591954708
445792,dct_high_nontargeted_white_box_eps0.0627_iter2,0.10000000000000002,0.05000000000000001,0.9980143,54.946584823124915,0.9997566938400269,0.999966561794281,0.037066806107759476,0.002062380313873291,237840,0.002534352,0.0012735143536701798,0.0012776375515386462,0.0012845429591834545
284743,dct_high_nontargeted_white_box_eps0.0627_iter1,0.3522727272727272,0.3409090909090909,0.99737793,59.50963167788406,0.999819278717041,0.9999794960021973,0.01197213213890791,0.00045043230056762695,181786,0.0016273409,0.0009015162358991802,0.000888084527105093,0.0008886996074579656
341828,dct_high_nontargeted_white_box_eps0.0627_iter34,0.3333333333333334,0.11111111111111109,0.9763581,42.431470028566,0.9970843195915222,0.9995650053024292,0.0951952189207077,0.009927868843078613,614463,0.011480817,0.005986067000776529,0.005985017865896225,0.005989677272737026
546976,dct_high_nontargeted_white_box_eps0.0627_iter2,0.3333333333333334,0.1666666666666667,0.9978911,54.85299212083052,0.9997470378875732,0.9999616742134094,0.013574676588177681,0.00032532215118408203,234156,0.0025736096,0.0013074224116280675,0.0013104020617902279,0.0013018157333135605
45596,dct_high_nontargeted_white_box_eps0.0627_iter6,0.25000000000000006,0.19318181818181815,0.9971431,49.68516556002494,0.9996504783630371,0.9999171495437622,0.015695281326770782,0.0007821321487426758,482151,0.005043164,0.0025374831166118383,0.002541871275752783,0.002539952751249075
232649,dct_high_nontargeted_white_box_eps0.0627_iter18,0.3333333333333334,0.1666666666666667,0.98001647,45.294538747249234,0.9976276159286499,0.9996302127838135,0.136714369058609,0.011665821075439453,574182,0.008195455,0.004281932488083839,0.004278994631022215,0.004277513362467289
192699,dct_high_nontargeted_white_box_eps0.0627_iter8,0.3333333333333334,0.28282828282828276,0.9964525,48.40226562385521,0.9996222853660583,0.9999361634254456,0.01634093001484871,0.003116607666015625,499388,0.005753894,0.002971662674099207,0.002970342990010977,0.0029664558824151754
575187,dct_high_nontargeted_white_box_eps0.0627_iter12,0.3333333333333334,0.1666666666666667,0.991286,47.0157509645029,0.9989621043205261,0.9998270273208618,0.05334632843732834,0.0072824954986572266,543151,0.006692508,0.0034660964738577604,0.0034759037662297487,0.0034865180496126413
302452,dct_high_nontargeted_white_box_eps0.0627_iter2,0.12337662337662339,0.09090909090909091,0.9989945,54.91857662207898,0.999886691570282,0.9999823570251465,0.002629658207297325,0.00018835067749023438,243854,0.0025756245,0.0012819255935028195,0.0012830198975279927,0.0012903590686619282
353180,dct_high_nontargeted_white_box_eps0.0627_iter2,0.3030303030303031,0.29752066115702486,0.99819916,54.768527181168025,0.9998027086257935,0.9999780058860779,0.020033491775393486,0.0008547306060791016,235923,0.002606827,0.001331054256297648,0.001331648207269609,0.001328579499386251
484893,dct_high_nontargeted_white_box_eps0.0627_iter2,0.22727272727272732,0.0909090909090909,0.9989307,54.915366600187376,0.9998743534088135,0.9999786615371704,0.0049157775938510895,0.00038164854049682617,251290,0.0026006482,0.0012866775505244732,0.0012853943044319749,0.0012875456595793366
570664,dct_high_nontargeted_white_box_eps0.0627_iter30,0.16666666666666663,0.05555555555555554,0.97433025,43.0135905318876,0.9969581365585327,0.9995263814926147,0.10087455064058304,0.009845972061157227,609604,0.010717097,0.0055964551866054535,0.005595366004854441,0.005605222657322884
563702,dct_high_nontargeted_white_box_eps0.0627_iter9,0.27272727272727276,0.13636363636363638,0.99687743,47.627383693774156,0.9996070265769958,0.9999336004257202,0.009388301521539688,0.0009216070175170898,556329,0.0064385054,0.0034161873627454042,0.003411499783396721,0.0034028911031782627
445722,dct_high_nontargeted_white_box_eps0.0627_iter1,0.25000000000000006,0.13636363636363638,0.9989906,58.162766915795174,0.9998967051506042,0.9999834895133972,0.006984078790992498,0.0006383061408996582,373951,0.0021254516,0.0012264493852853775,0.0012235386529937387,0.0012021326692774892
496597,dct_high_nontargeted_white_box_eps0.0627_iter2,0.33333333333333326,0.13636363636363638,0.998501,54.86395850628397,0.9998183250427246,0.9999681115150452,0.011229348368942738,0.0007066726684570312,265377,0.002652613,0.0013002798659726977,0.0013066972605884075,0.0012967962538823485
389316,dct_high_nontargeted_white_box_eps0.0627_iter1,0.25000000000000006,0.16666666666666663,0.9995269,58.04014969093288,0.9999474287033081,0.9999905824661255,0.0012931943638250232,0.00012171268463134766,402851,0.0021698736,0.0012521621538326144,0.0012526492355391383,0.0012518849689513445
21604,dct_high_nontargeted_white_box_eps0.0627_iter13,0.5000000000000001,0.25000000000000006,0.97797924,46.73797579535355,0.9975411891937256,0.9994038939476013,0.21526643633842468,0.026647090911865234,537288,0.0069244,0.003722845809534192,0.0037137779872864485,0.0037162667140364647
255536,dct_high_nontargeted_white_box_eps0.0627_iter1,0.11363636363636366,0.034090909090909095,0.9993968,58.22332439942947,0.9999374151229858,0.9999889135360718,0.0027252419386059046,0.0002409219741821289,388543,0.002110611,0.00121622858569026,0.0012273996835574508,0.0011579185957089067
455157,dct_high_nontargeted_white_box_eps0.0627_iter1,0.10000000000000002,0.06666666666666665,0.999434,58.03447269897541,0.9999325275421143,0.9999903440475464,0.002368017565459013,0.0002886652946472168,404289,0.0021718605,0.0012537598377093673,0.0012539145536720753,0.0012539359740912914
486112,dct_high_nontargeted_white_box_eps0.0627_iter6,0.25000000000000006,0.16666666666666663,0.99744004,49.61740243268921,0.9996930360794067,0.9999334216117859,0.012280531227588654,0.0006797313690185547,482423,0.005075785,0.002558428794145584,0.0025689287576824427,0.0025680947583168745
103723,dct_high_nontargeted_white_box_eps0.0627_iter1,0.23295454545454544,0.11818181818181818,0.99925613,58.51159063441099,0.9999441504478455,0.9999808073043823,0.010272232815623283,0.0006987452507019043,412279,0.0019746104,0.001123200636357069,0.0011233184486627579,0.0011237257858738303
530162,dct_high_nontargeted_white_box_eps0.0627_iter1,0.42575757575757567,0.33560606060606063,0.99941224,58.038002285223705,0.9999296069145203,0.9999901056289673,0.0020400872454047203,0.00030052661895751953,402964,0.0021706342,0.0012527755461633205,0.0012527344515547156,0.001253051683306694
273232,dct_high_nontargeted_white_box_eps0.0627_iter2,0.10454545454545455,0.09090909090909091,0.9982192,54.593183648445745,0.9997722506523132,0.9999752044677734,0.028826460242271423,0.0006910562515258789,262399,0.0027500205,0.0013842014595866203,0.001383855240419507,0.0013881548075005412
184611,dct_high_nontargeted_white_box_eps0.0627_iter1,0.13841505968778695,0.12692895339954163,0.9994357,58.06585183420293,0.9999337196350098,0.9999874830245972,0.001951876562088728,0.00015091896057128906,405398,0.0021613718,0.0012415903620421886,0.0012470860965549946,0.0012458616402000189
163118,dct_high_nontargeted_white_box_eps0.0627_iter1,0.5000000000000001,0.33333333333333326,0.9986631,58.09674512800108,0.9998485445976257,0.9999794363975525,0.010748820379376411,0.00031304359436035156,377060,0.0021548485,0.0012006437173113227,0.0012539738090708852,0.0012534531997516751
6954,dct_high_nontargeted_white_box_eps0.0627_iter2,0.44675324675324685,0.41948051948051956,0.9990883,55.05813035979803,0.9998883605003357,0.9999843239784241,0.013446807861328125,0.00043654441833496094,244574,0.0025242558,0.0012485666666179895,0.0012434704694896936,0.0012450480135157704
128654,dct_high_nontargeted_white_box_eps0.0627_iter12,0.5000000000000001,0.25000000000000006,0.9824856,46.94072735753422,0.9977385997772217,0.9993836283683777,0.16520395874977112,0.008711695671081543,530979,0.0067514116,0.0035221721045672894,0.003504828317090869,0.0035378094762563705
459195,dct_high_nontargeted_white_box_eps0.0627_iter1,0.3749999999999999,0.3212121212121212,0.9998145,58.07521268502591,0.9999789595603943,0.999995768070221,0.0005069125909358263,8.863210678100586e-05,416599,0.0021595864,0.0012355786748230457,0.0012448547640815377,0.0012460555881261826
481582,dct_high_nontargeted_white_box_eps0.0627_iter1,0.3212121212121212,0.15909090909090912,0.99911004,58.089411587846094,0.9998969435691833,0.9999834895133972,0.0037789996713399887,0.00021630525588989258,389302,0.0021510057,0.001236670301295817,0.0012374701909720898,0.0012401927961036563
227898,dct_high_nontargeted_white_box_eps0.0627_iter2,0.1785714285714286,0.16477272727272724,0.9989919,54.59770133882908,0.9998728632926941,0.9999842643737793,0.003417192492634058,0.00019490718841552734,267870,0.002774642,0.0013866617809981108,0.0013827860821038485,0.0013829140225425363
411530,dct_high_nontargeted_white_box_eps0.0627_iter1,0.15995793978748524,0.12481962481962483,0.9995994,58.05224656686321,0.9999505877494812,0.999993622303009,0.0034676706418395042,0.0001837611198425293,437591,0.0021653962,0.0012479262659326196,0.0012486651539802551,0.001249643275514245
542127,dct_high_nontargeted_white_box_eps0.0627_iter1,0.240136222473179,0.23143144734053828,0.99862856,58.04644824112509,0.9998142719268799,0.9999586939811707,0.007757784798741341,0.00025194883346557617,386915,0.0021680049,0.001252126763574779,0.0012518898583948612,0.0012472276575863361
451043,dct_high_nontargeted_white_box_eps0.0627_iter34,0.5000000000000001,0.25000000000000006,0.9620637,42.14235776171668,0.9949103593826294,0.9992175698280334,0.21439708769321442,0.03322923183441162,616591,0.011872808,0.006209107581526041,0.006205505691468716,0.006158190313726664
552842,dct_high_nontargeted_white_box_eps0.0627_iter48,0.5000000000000001,0.16666666666666663,0.95091313,40.83119495408391,0.9933212995529175,0.9989031553268433,0.15083880722522736,0.003922700881958008,624737,0.013773751,0.007207575254142284,0.0071917129680514336,0.007238691672682762
190841,dct_high_nontargeted_white_box_eps0.0627_iter30,0.5000000000000001,0.25000000000000006,0.9778368,40.72570609581322,0.9970664978027344,0.9994878172874451,0.05781601369380951,0.008486032485961914,623830,0.013907585,0.007296729367226362,0.007242702413350344,0.00724775018170476
38678,dct_high_nontargeted_white_box_eps0.0627_iter6,0.1409090909090909,0.10227272727272728,0.99491817,50.07510178597098,0.999398946762085,0.9999055862426758,0.03192689269781113,0.001737356185913086,433196,0.004642349,0.0024055386893451214,0.002410013461485505,0.002404858125373721
161799,dct_high_nontargeted_white_box_eps0.0627_iter10,0.27272727272727276,0.18181818181818182,0.99141055,47.83282458489214,0.9988402724266052,0.99976646900177,0.10636976361274719,0.014606297016143799,540949,0.0060701533,0.0031676487997174263,0.0031205806881189346,0.0031268494203686714
87476,dct_high_nontargeted_white_box_eps0.0627_iter3,0.26060606060606056,0.2351928374655647,0.9972225,52.90362737549856,0.9996769428253174,0.9999498724937439,0.014382604509592056,0.000825047492980957,408212,0.0035386127,0.0019599355291575193,0.0019603180699050426,0.001959786517545581
490515,dct_high_nontargeted_white_box_eps0.0627_iter2,0.3333333333333334,0.0,0.9973131,54.98066299203327,0.9996487498283386,0.9999443888664246,0.026408229023218155,0.0014230012893676758,228574,0.0025051578,0.0012671228032559156,0.001267045852728188,0.0012659806525334716
445602,dct_high_nontargeted_white_box_eps0.0627_iter1,0.38636363636363646,0.27272727272727276,0.9992458,58.320622161926295,0.9999170303344727,0.9999833106994629,0.00636283727362752,0.00021457672119140625,410685,0.0020506897,0.001173557946458459,0.001173790660686791,0.001174380537122488
400044,dct_high_nontargeted_white_box_eps0.0627_iter17,0.5000000000000001,0.12500000000000003,0.9828274,44.8701944210514,0.9975690841674805,0.9997146725654602,0.054192811250686646,0.004358410835266113,593827,0.008729122,0.004624302964657545,0.00462978845462203,0.004604456480592489
210230,dct_high_nontargeted_white_box_eps0.0627_iter1,0.2592592592592593,0.23898071625344355,0.9991695,58.25389731155844,0.9999246001243591,0.9999865889549255,0.002860389882698655,0.0001512765884399414,368364,0.0020824538,0.0011876781936734915,0.0011929507600143552,0.0011956527596339583
80273,dct_high_nontargeted_white_box_eps0.0627_iter40,0.5000000000000001,0.25000000000000006,0.9533923,41.31822579846108,0.9936797618865967,0.9991142749786377,0.19406872987747192,0.017216265201568604,622143,0.013028159,0.006800981238484383,0.0067975386045873165,0.0068249632604420185
193429,dct_high_nontargeted_white_box_eps0.0627_iter7,0.5000000000000001,0.25000000000000006,0.9948807,47.99250939010701,0.9993137121200562,0.999897301197052,0.01614397019147873,0.002395033836364746,542562,0.0061833826,0.0032899104990065098,0.0033164676278829575,0.003298992058262229
69224,dct_high_nontargeted_white_box_eps0.0627_iter14,0.16969696969696965,0.1545454545454545,0.9866293,46.45923070535251,0.9984902739524841,0.9997740983963013,0.10518151521682739,0.008873581886291504,549425,0.007165232,0.003725701477378607,0.003724047914147377,0.0037323646247386932
517056,dct_high_nontargeted_white_box_eps0.0627_iter2,0.1666666666666667,0.11255411255411257,0.9981299,54.99031642227848,0.9997896552085876,0.9999663233757019,0.010666163638234138,0.0007320642471313477,239171,0.0024986882,0.001272915513254702,0.0012715862831100821,0.0012709767324849963
187362,dct_high_nontargeted_white_box_eps0.0627_iter30,0.5000000000000001,0.0,0.9661185,42.404014517554096,0.9956206679344177,0.9993687272071838,0.1450330913066864,0.01776564121246338,616191,0.011539126,0.006010581739246845,0.005967828910797834,0.006034542340785265
21879,dct_high_nontargeted_white_box_eps0.0627_iter1,0.3787878787878787,0.3142857142857143,0.9996143,58.03481776867177,0.9999487400054932,0.9999918341636658,0.001162361353635788,6.145238876342773e-05,427223,0.0021717532,0.0012534786947071552,0.0012539131566882133,0.0012538916198536754
252701,dct_high_nontargeted_white_box_eps0.0627_iter2,0.42424242424242414,0.33333333333333326,0.9990611,54.816541009031674,0.9998780488967896,0.9999796152114868,0.0025170494336634874,0.00014168024063110352,265845,0.0026852384,0.0013162941904738545,0.0013164592674002051,0.0013138683279976249
398203,dct_high_nontargeted_white_box_eps0.0627_iter1,0.31723484848484845,0.2887396694214876,0.9995353,58.05503151815373,0.9999532103538513,0.9999914765357971,0.0015450124628841877,0.0001480579376220703,392808,0.0021647867,0.0012454637326300144,0.0012479386059567332,0.0012504360638558865
463802,dct_high_nontargeted_white_box_eps0.0627_iter1,0.3333333333333334,0.0,0.9992679,58.10156638814935,0.9999141693115234,0.9999846816062927,0.004514945670962334,0.00011712312698364258,402885,0.0021465719,0.0012408907059580088,0.0012325996067374945,0.0012304463889449835
96427,dct_high_nontargeted_white_box_eps0.0627_iter1,0.5000000000000001,0.4545454545454545,0.9989045,58.05797529052243,0.999868631362915,0.9999815225601196,0.005939677357673645,0.0003561973571777344,380178,0.0021653166,0.0012528992956504226,0.0012533748522400856,0.0012350310571491718
189775,dct_high_nontargeted_white_box_eps0.0627_iter22,0.12020896512875119,0.11616161616161615,0.9786108,43.93236913590254,0.9974011182785034,0.9997791647911072,0.1108020693063736,0.0051577091217041016,595776,0.009597378,0.005034003406763077,0.005003511440008879,0.005038431379944086
376900,dct_high_nontargeted_white_box_eps0.0627_iter1,0.27945121067130635,0.268023643023643,0.9991568,58.05910656372276,0.9998977184295654,0.9999867081642151,0.005095154512673616,0.00036406517028808594,409138,0.0021633084,0.0012462004087865353,0.00124765292275697,0.001246470375917852
359540,dct_high_nontargeted_white_box_eps0.0627_iter4,0.1772727272727273,0.16477272727272724,0.99880284,51.51314447161597,0.9998379945755005,0.999967098236084,0.0024156246799975634,0.00041222572326660156,414503,0.004068747,0.0020294860005378723,0.0020287686493247747,0.0020214749965816736
174371,dct_high_nontargeted_white_box_eps0.0627_iter2,0.21212121212121213,0.19318181818181815,0.9992521,54.881811116420906,0.9999195337295532,0.9999858736991882,0.0028145432006567717,0.00044727325439453125,255472,0.0026077977,0.0013013121206313372,0.0013006717199459672,0.001304434146732092
168883,dct_high_nontargeted_white_box_eps0.0627_iter6,0.3333333333333334,0.31515151515151524,0.9970129,49.55913172981202,0.999626636505127,0.9999322891235352,0.009577115997672081,0.0010582208633422852,462852,0.0050392225,0.002587989903986454,0.002586052054539323,0.0025808208156377077
383606,dct_high_nontargeted_white_box_eps0.0627_iter46,0.3333333333333334,0.1666666666666667,0.94634587,41.095638334442704,0.9930747747421265,0.9990004897117615,0.20415091514587402,0.02350437641143799,623096,0.013315486,0.006997015327215195,0.006969162728637457,0.006984717678278685
561256,dct_high_nontargeted_white_box_eps0.0627_iter6,0.5000000000000001,0.12500000000000003,0.9954141,49.95823296976056,0.9994807243347168,0.9999027252197266,0.021890103816986084,0.0022734999656677246,437936,0.004751982,0.0024433936923742294,0.0024427841417491436,0.00244985893368721
365642,dct_high_nontargeted_white_box_eps0.0627_iter10,0.3333333333333334,0.11111111111111109,0.98800325,47.81737252292715,0.9984207153320312,0.9997742772102356,0.07241219282150269,0.00603330135345459,514609,0.0061351666,0.0031696355435997248,0.003173771547153592,0.0031807017512619495
459634,dct_high_nontargeted_white_box_eps0.0627_iter3,0.5000000000000001,0.25000000000000006,0.9973666,52.97653474651743,0.9996479749679565,0.999943196773529,0.016270551830530167,0.0012505054473876953,425475,0.003532222,0.0019429429667070508,0.0019356341799721122,0.001947492826730013
362682,dct_high_nontargeted_white_box_eps0.0627_iter2,0.13333333333333336,0.0,0.99872303,54.66088940047954,0.9998542666435242,0.9999756217002869,0.003947557881474495,0.0002598762512207031,257533,0.0027221143,0.0013614246854558587,0.001367019023746252,0.0013690171763300896
396518,dct_high_nontargeted_white_box_eps0.0627_iter13,0.5000000000000001,0.25000000000000006,0.99018794,46.36459663152944,0.9990283846855164,0.9998124837875366,0.035420626401901245,0.002528548240661621,556062,0.0072897156,0.003865776350721717,0.0039038474205881357,0.0038634040392935276
290293,dct_high_nontargeted_white_box_eps0.0627_iter1,0.18181818181818182,0.09090909090909091,0.9991548,58.08205294877645,0.9999040961265564,0.9999873042106628,0.00483848387375474,0.00020045042037963867,382874,0.0021551512,0.0012453690869733691,0.0012459224089980125,0.0012293378822505474
477689,dct_high_nontargeted_white_box_eps0.0627_iter28,0.25000000000000006,0.16666666666666663,0.97214264,43.39516472916785,0.9979768991470337,0.9989917874336243,0.09115283191204071,0.016810476779937744,586606,0.010054405,0.005287093576043844,0.005287549924105406,0.00528991362079978
258541,dct_high_nontargeted_white_box_eps0.0627_iter13,0.25000000000000006,0.12500000000000003,0.98333484,46.6090412129861,0.9979850649833679,0.9996837973594666,0.14477777481079102,0.008251607418060303,548448,0.007010007,0.0038157410454005003,0.003805930260568857,0.0037190476432442665
423506,dct_high_nontargeted_white_box_eps0.0627_iter3,0.13333333333333336,0.0,0.9976081,53.15340733905075,0.9997166395187378,0.9999579191207886,0.007824721746146679,0.0006580352783203125,414411,0.0034410683,0.001907019061036408,0.0019011783879250288,0.0019025655928999186
510329,dct_high_nontargeted_white_box_eps0.0627_iter1,0.28282828282828276,0.2575757575757575,0.9994199,58.13178040435571,0.9999272227287292,0.9999874234199524,0.003052119631320238,0.00011491775512695312,409259,0.0021303885,0.0012287389254197478,0.0012271854793652892,0.0012223331723362207
308328,dct_high_nontargeted_white_box_eps0.0627_iter4,0.3333333333333334,0.31515151515151524,0.99708074,52.00305144480923,0.9996600151062012,0.9999468326568604,0.012625163421034813,0.000902712345123291,367121,0.003747046,0.0018864963203668594,0.0018905841279774904,0.0018860340351238847
339823,dct_high_nontargeted_white_box_eps0.0627_iter23,0.5000000000000001,0.25000000000000006,0.9758454,44.10277661778876,0.99705970287323,0.9994238615036011,0.12030409276485443,0.012586593627929688,594001,0.009426371,0.005024571903049946,0.005001570098102093,0.005021962337195873
55150,dct_high_nontargeted_white_box_eps0.0627_iter1,0.11866028708133977,0.05454545454545455,0.99929637,58.06783031630452,0.9999232292175293,0.9999887943267822,0.0036918860860168934,5.841255187988281e-05,396921,0.002159344,0.001243031700141728,0.0012440916616469622,0.0012457038974389434
323799,dct_high_nontargeted_white_box_eps0.0627_iter2,0.4060314685314685,0.3986291486291486,0.9992988,55.104974718929896,0.9999094009399414,0.9999822974205017,0.0014726113295182586,0.0004935860633850098,250801,0.0025343702,0.001234146417118609,0.0012299924856051803,0.0012301082024350762
352582,dct_high_nontargeted_white_box_eps0.0627_iter1,0.33333333333333326,0.25000000000000006,0.99920446,58.035662727059915,0.9999129176139832,0.9999896883964539,0.0043317461386322975,0.0001589059829711914,386251,0.002171527,0.0012538897572085261,0.001253475435078144,0.0012532277032732964
166747,dct_high_nontargeted_white_box_eps0.0627_iter1,0.11010807374443739,0.09805194805194804,0.9991115,58.04426721774365,0.9998868703842163,0.9999899864196777,0.0075110336765646935,0.0001081228256225586,403336,0.0021682603,0.0012511640088632703,0.0012511967215687037,0.0012507628416642547
79014,dct_high_nontargeted_white_box_eps0.0627_iter27,0.25000000000000006,0.0,0.96440846,43.75153833750991,0.995684802532196,0.9994266629219055,0.2785612642765045,0.019490361213684082,598179,0.009748402,0.005232180468738079,0.005233704578131437,0.00520287873223424
60886,dct_high_nontargeted_white_box_eps0.0627_iter1,0.41246556473829205,0.37304866850321394,0.9990707,58.04641647827056,0.999882161617279,0.9999849796295166,0.0024492288939654827,0.0001996755599975586,395644,0.0021676922,0.0012509959051385522,0.001249964814633131,0.0012503359466791153
8844,dct_high_nontargeted_white_box_eps0.0627_iter2,0.2121212121212121,0.18181818181818182,0.99798274,54.92506700731332,0.999778151512146,0.9999726414680481,0.021161392331123352,0.0006750822067260742,222434,0.0024976772,0.0012851639185100794,0.0012849053600803018,0.0012789773754775524
108495,dct_high_nontargeted_white_box_eps0.0627_iter2,0.5000000000000001,0.25000000000000006,0.99820405,54.8256421762388,0.9997923374176025,0.9999721050262451,0.008009561337530613,0.0005204677581787109,235154,0.0025798057,0.0013115402543917298,0.0013135502813383937,0.0013135632034391165
438955,dct_high_nontargeted_white_box_eps0.0627_iter1,0.14393939393939395,0.11818181818181818,0.9994421,58.2943267490099,0.9999405741691589,0.999989926815033,0.0035204794257879257,0.00029540061950683594,402408,0.0020683706,0.0011905672727152705,0.0011823622044175863,0.0011701957555487752
421060,dct_high_nontargeted_white_box_eps0.0627_iter1,0.11818181818181818,0.09090909090909091,0.9988904,58.041173012552186,0.9998716115951538,0.9999833106994629,0.009417555294930935,0.0001761913299560547,387593,0.0021698189,0.001249958178959787,0.0012526330538094044,0.001253209775313735
489924,dct_high_nontargeted_white_box_eps0.0627_iter23,0.25000000000000006,0.16666666666666663,0.97656274,44.273687164531204,0.9967666864395142,0.9995124936103821,0.12103912234306335,0.011956214904785156,600251,0.009315246,0.004930116701871157,0.004931560717523098,0.0049314736388623714
528314,dct_high_nontargeted_white_box_eps0.0627_iter1,0.34090909090909094,0.33522727272727276,0.9991129,58.06752312968151,0.9998924136161804,0.9999851584434509,0.004070020280778408,0.0006309747695922852,397865,0.0021619436,0.0012301828246563673,0.001250729663297534,0.0012521636672317982
401250,dct_high_nontargeted_white_box_eps0.0627_iter8,0.5000000000000001,0.25000000000000006,0.9864746,48.62385018876942,0.9981836676597595,0.9993977546691895,0.24260707199573517,0.029468297958374023,483556,0.005565617,0.002893120050430298,0.002875477308407426,0.002876491518691182
72281,dct_high_nontargeted_white_box_eps0.0627_iter8,0.25000000000000006,0.10000000000000002,0.9921417,48.519710302346084,0.9991273880004883,0.9998661279678345,0.050509773194789886,0.004637360572814941,487376,0.0056350934,0.0029136042576283216,0.0029161637648940086,0.0029169642366468906
111207,dct_high_nontargeted_white_box_eps0.0627_iter39,0.28282828282828276,0.2575757575757575,0.9681711,41.54664782232124,0.996259868144989,0.9994674324989319,0.13040116429328918,0.014422833919525146,620597,0.012659734,0.006706197280436754,0.006683841813355684,0.006697827950119972
129812,dct_high_nontargeted_white_box_eps0.0627_iter1,0.5000000000000001,0.25000000000000006,0.99878603,58.05001199397501,0.9998478889465332,0.9999794960021973,0.016136139631271362,0.001140594482421875,386767,0.0021672726,0.0012528252555057406,0.00125108880456537,0.0012442463776096702
336209,dct_high_nontargeted_white_box_eps0.0627_iter10,0.3333333333333334,0.1666666666666667,0.9902571,47.808093073212504,0.9987768530845642,0.9998667240142822,0.054484717547893524,0.003092348575592041,517963,0.006156778,0.0031726262532174587,0.003172873053699732,0.0031828100327402353
558213,dct_high_nontargeted_white_box_eps0.0627_iter33,0.21212121212121207,0.13636363636363638,0.9618356,42.28732983729766,0.9946889877319336,0.9991781711578369,0.13551703095436096,0.010694026947021484,615836,0.011628175,0.006148048676550388,0.00615372508764267,0.006195610389113426
492968,dct_high_nontargeted_white_box_eps0.0627_iter47,0.5000000000000001,0.25000000000000006,0.92716193,40.68169683051882,0.99007648229599,0.992488443851471,0.32644230127334595,0.07176697254180908,624606,0.013928779,0.0073590269312262535,0.007349725347012281,0.007458689156919718
23359,dct_high_nontargeted_white_box_eps0.0627_iter38,0.5000000000000001,0.0,0.93716526,41.43546426315305,0.9914128184318542,0.9960755705833435,0.3397117555141449,0.07029175758361816,617754,0.012677321,0.006704371422529221,0.006647069472819567,0.0067285774275660515
63047,dct_high_nontargeted_white_box_eps0.0627_iter9,0.31818181818181823,0.30909090909090914,0.99425787,47.38626151022005,0.9994487762451172,0.9998748898506165,0.01353591587394476,0.001316666603088379,543902,0.0065765954,0.003509960602968931,0.0035109135787934065,0.003430210519582033
426376,dct_high_nontargeted_white_box_eps0.0627_iter24,0.5000000000000001,0.25000000000000006,0.9779789,43.116565525571666,0.996801495552063,0.9995086193084717,0.07529562711715698,0.007819056510925293,613395,0.010721958,0.005534579511731863,0.005535406991839409,0.0055276197381317616
327592,dct_high_nontargeted_white_box_eps0.0627_iter3,0.25000000000000006,0.12500000000000003,0.9973474,53.090160725288925,0.9996681213378906,0.9999538660049438,0.016753828153014183,0.0007078647613525391,403675,0.0034504249,0.0019190156599506736,0.0019181655952706933,0.0019188494188711047
567011,dct_high_nontargeted_white_box_eps0.0627_iter16,0.5000000000000001,0.0,0.9798443,44.20473993428053,0.9971027374267578,0.9995511174201965,0.07906493544578552,0.007818639278411865,597829,0.00942838,0.004918012768030167,0.004891888238489628,0.004852274898439646
563281,dct_high_nontargeted_white_box_eps0.0627_iter8,0.5000000000000001,0.0,0.99324685,48.69513720354576,0.9991166591644287,0.9998840689659119,0.02413676120340824,0.0019510388374328613,486924,0.0055439,0.0028567996341735125,0.0028578713536262512,0.0028518126346170902
559348,dct_high_nontargeted_white_box_eps0.0627_iter1,0.1838823012736056,0.16055156964247874,0.9993635,58.03449079678419,0.9999215602874756,0.9999895095825195,0.0017387289553880692,0.00032848119735717773,404119,0.0021718498,0.0012537686852738261,0.0012539417948573828,0.001253906055353582
276804,dct_high_nontargeted_white_box_eps0.0627_iter1,0.3160173160173161,0.3106060606060606,0.9991889,58.04676610462715,0.9998973608016968,0.9999861717224121,0.003278946503996849,0.00013619661331176758,402490,0.0021680992,0.0012452866649255157,0.0012527268845587969,0.0012529632076621056
427256,dct_high_nontargeted_white_box_eps0.0627_iter1,0.19297080511195344,0.17406204906204906,0.9996109,58.09557288159919,0.9999539852142334,0.9999907612800598,0.0012471190420910716,0.0003725290298461914,395199,0.0021524394,0.0012326661963015795,0.0012387054739519954,0.0012377043021842837
208363,dct_high_nontargeted_white_box_eps0.0627_iter1,0.24196510560146922,0.2411810411810412,0.9993141,58.05391364025663,0.9999223947525024,0.9999882578849792,0.0032961121760308743,0.0003662109375,391590,0.002164024,0.0012476291740313172,0.001248516608029604,0.0012486596824601293
326970,dct_high_nontargeted_white_box_eps0.0627_iter21,0.25000000000000006,0.22727272727272724,0.9801626,44.72339900647593,0.9976224899291992,0.9996180534362793,0.1143660917878151,0.02301192283630371,588237,0.008694976,0.004653016105294228,0.004636385943740606,0.004674561321735382
478420,dct_high_nontargeted_white_box_eps0.0627_iter23,0.5000000000000001,0.27272727272727276,0.9767632,43.560870120255274,0.99699467420578,0.9995115399360657,0.14996755123138428,0.015675902366638184,603497,0.010047731,0.0053353821858763695,0.00532533461228013,0.005348878912627697
411754,dct_high_nontargeted_white_box_eps0.0627_iter3,0.23106060606060613,0.21753246753246758,0.9963576,53.20640373903936,0.999583899974823,0.9999502897262573,0.08194907009601593,0.0017433762550354004,401281,0.0033925904,0.0018775762291625142,0.001891857711598277,0.0018943240866065025
369503,dct_high_nontargeted_white_box_eps0.0627_iter3,0.5000000000000001,0.16666666666666663,0.99593353,52.93847972375189,0.9995198249816895,0.9999282956123352,0.05497729778289795,0.003092944622039795,407196,0.0035146195,0.0019628596492111683,0.0019064039224758744,0.001964338356629014
456662,dct_high_nontargeted_white_box_eps0.0627_iter18,0.25000000000000006,0.16666666666666663,0.97982854,45.140924764095125,0.9975490570068359,0.9996328353881836,0.10513479262590408,0.012758374214172363,574109,0.00832634,0.004364189226180315,0.00435881270095706,0.004361654631793499
500716,dct_high_nontargeted_white_box_eps0.0627_iter20,0.5000000000000001,0.25000000000000006,0.9804244,44.91920350682306,0.9975263476371765,0.9995469450950623,0.12098762392997742,0.009469389915466309,583759,0.008585504,0.004478704649955034,0.0044707334600389,0.004477415233850479
411938,dct_high_nontargeted_white_box_eps0.0627_iter2,0.11298701298701296,0.10779220779220776,0.9992955,54.89938938235103,0.9999210238456726,0.9999858736991882,0.002129708183929324,0.00016045570373535156,253343,0.002613794,0.0012916057603433728,0.0012915057595819235,0.0012909355573356152
418062,dct_high_nontargeted_white_box_eps0.0627_iter1,0.40909090909090906,0.36363636363636365,0.9993458,58.54618067835956,0.9999393224716187,0.9999855160713196,0.004799309186637402,0.0008118748664855957,392360,0.001960758,0.001112882629968226,0.001114921527914703,0.0011157047701999545
489339,dct_high_nontargeted_white_box_eps0.0627_iter47,0.5000000000000001,0.25000000000000006,0.9447128,41.07000788414469,0.9932063817977905,0.9989827871322632,0.2823721766471863,0.03989684581756592,622499,0.013324876,0.007079487666487694,0.007062840275466442,0.00711606303229928
560474,dct_high_nontargeted_white_box_eps0.0627_iter2,0.1722910927456382,0.16850649350649352,0.99888974,54.85259689633558,0.999877393245697,0.9999839067459106,0.005701345391571522,0.0002872943878173828,242348,0.0025981881,0.0013015571748837829,0.0013070347486063838,0.0013066638493910432
380706,dct_high_nontargeted_white_box_eps0.0627_iter2,0.20000000000000004,0.14909090909090908,0.99794364,55.09594433092997,0.9998296499252319,0.9999697208404541,0.008233332075178623,0.0007653236389160156,219773,0.0025199882,0.0012483445461839437,0.0012521999888122082,0.0012603639625012875
136715,dct_high_nontargeted_white_box_eps0.0627_iter1,0.1396792601338056,0.09197746697746696,0.9994466,58.07192667842922,0.9999415278434753,0.999991238117218,0.001851737266406417,0.00013005733489990234,390787,0.0021583037,0.0012432979419827461,0.001242397353053093,0.0012436226243153214
479912,dct_high_nontargeted_white_box_eps0.0627_iter1,0.1666666666666667,0.12499999999999996,0.99918556,58.05807187171918,0.9998844861984253,0.9999856948852539,0.002754255197942257,9.083747863769531e-05,415486,0.0021644668,0.0012453712988644838,0.001248094136826694,0.0012477420968934894
545594,dct_high_nontargeted_white_box_eps0.0627_iter1,0.3698347107438017,0.335964035964036,0.99948245,58.0867063640843,0.9999420642852783,0.9999879002571106,0.0019772949162870646,9.495019912719727e-05,387005,0.0021520844,0.0012366145383566618,0.0012403829023241997,0.0012396418023854494
531036,dct_high_nontargeted_white_box_eps0.0627_iter5,0.3333333333333334,0.1666666666666667,0.99750113,50.360947210514375,0.999667763710022,0.9999366998672485,0.008288390934467316,0.0008744001388549805,484868,0.0047090985,0.0025494324509054422,0.002543468028306961,0.0025423364713788033
516143,dct_high_nontargeted_white_box_eps0.0627_iter3,0.25000000000000006,0.0,0.99704236,52.407956324706376,0.9996399879455566,0.9999580979347229,0.01904362067580223,0.00048363208770751953,419040,0.003780899,0.0020881707314401865,0.002086158376187086,0.0020794940646737814
42628,dct_high_nontargeted_white_box_eps0.0627_iter1,0.25000000000000006,0.2424242424242425,0.9991409,58.03879689756509,0.9998949766159058,0.9999865293502808,0.003926306962966919,9.816884994506836e-05,395719,0.0021703038,0.0012522585457190871,0.0012525067431852221,0.001253073220141232
369442,dct_high_nontargeted_white_box_eps0.0627_iter2,0.19123376623376623,0.18235236985236986,0.9987829,54.67434811652831,0.9998739957809448,0.9999780058860779,0.0056586479768157005,0.0006604194641113281,251168,0.0027064371,0.001375169726088643,0.0013601178070530295,0.0013548699207603931
151657,dct_high_nontargeted_white_box_eps0.0627_iter3,0.5000000000000001,0.42424242424242414,0.99697924,53.116825328128144,0.9996048808097839,0.9999317526817322,0.011584823951125145,0.0007475018501281738,411341,0.0034526477,0.0019121584482491016,0.00190827832557261,0.0019107068656012416
495146,dct_high_nontargeted_white_box_eps0.0627_iter2,0.13545454545454544,0.12925619834710747,0.99772245,54.872916730548916,0.9997276067733765,0.9999589920043945,0.026394324377179146,0.0008140206336975098,235641,0.0025660158,0.0012981155887246132,0.0012997474987059832,0.0012970550451427698
352491,dct_high_nontargeted_white_box_eps0.0627_iter1,0.3922077922077923,0.34090909090909083,0.99902797,58.168302499537745,0.9998825788497925,0.9999806880950928,0.006315817125141621,0.0005351901054382324,398049,0.0021129716,0.00121581950224936,0.001215779222548008,0.0012158723548054695
313454,dct_high_nontargeted_white_box_eps0.0627_iter3,0.1666666666666667,0.08333333333333336,0.99689865,53.2650600934697,0.9996459484100342,0.9999444484710693,0.02561098337173462,0.0012160539627075195,402606,0.003374864,0.0018858682597056031,0.0018616887973621488,0.0018635370070114732
20571,dct_high_nontargeted_white_box_eps0.0627_iter1,0.2335115864527629,0.16666666666666666,0.9994131,58.056662460186786,0.9999327063560486,0.9999886751174927,0.0033602321054786444,0.0003387928009033203,408417,0.0021631438,0.0012456884142011404,0.0012483929749578238,0.0012483507161960006
4134,dct_high_nontargeted_white_box_eps0.0627_iter3,0.11246083436014787,0.10542306178669816,0.99718386,53.285221324376536,0.9996685981750488,0.999951183795929,0.020349647849798203,0.0020099878311157227,412260,0.0033828362,0.00187696423381567,0.0018722619861364365,0.0018728194991126657
215072,dct_high_nontargeted_white_box_eps0.0627_iter8,0.1666666666666667,0.14141414141414138,0.9945771,48.62499030178954,0.9993817210197449,0.9999043345451355,0.021541163325309753,0.0008990168571472168,494487,0.0056123133,0.0028887083753943443,0.002882082015275955,0.00287874904461205
269316,dct_high_nontargeted_white_box_eps0.0627_iter1,0.45454545454545464,0.43181818181818177,0.99917656,58.03992176526285,0.9999067783355713,0.9999882578849792,0.0027211252599954605,0.00010275840759277344,394913,0.0021697204,0.001252450980246067,0.0012524736812338233,0.0012519677402451634
391290,dct_high_nontargeted_white_box_eps0.0627_iter1,0.15000000000000002,0.06818181818181818,0.99941236,58.03773117013005,0.9999229907989502,0.9999884963035583,0.001454406650736928,0.0002358555793762207,404668,0.0021706822,0.001252669026143849,0.0012530875392258167,0.0012530445819720626
132931,dct_high_nontargeted_white_box_eps0.0627_iter1,0.5000000000000001,0.42424242424242414,0.9992285,58.037433125206874,0.9999158382415771,0.999987006187439,0.003046175464987755,0.00014394521713256836,389553,0.0021708112,0.0012527907965704799,0.0012530352687463164,0.0012532116379588842
153669,dct_high_nontargeted_white_box_eps0.0627_iter1,0.16328627893845282,0.1509084349993441,0.9992656,58.03632189419865,0.9999170303344727,0.9999887943267822,0.003168087685480714,0.000621795654296875,388831,0.0021712838,0.0012530098902061582,0.0012536965077742934,0.0012533172266557813
434548,dct_high_nontargeted_white_box_eps0.0627_iter2,0.3333333333333334,0.1666666666666667,0.99888295,54.75699106176186,0.9998614192008972,0.9999722838401794,0.00354963936842978,0.00025177001953125,252637,0.0026699156,0.0013344400795176625,0.0013379536103457212,0.0013295134995132685
556158,dct_high_nontargeted_white_box_eps0.0627_iter14,0.5000000000000001,0.25000000000000006,0.9837292,45.12141886424224,0.997833251953125,0.9997299909591675,0.09913289546966553,0.010464191436767578,575935,0.008398466,0.004388866946101189,0.004373587667942047,0.004354832228273153
407002,dct_high_nontargeted_white_box_eps0.0627_iter10,0.5000000000000001,0.25000000000000006,0.99320626,46.97323999372045,0.999103307723999,0.9998391270637512,0.03209852799773216,0.0018178820610046387,551497,0.006878596,0.0035376441664993763,0.0035358520690351725,0.0035248398780822754
493442,dct_high_nontargeted_white_box_eps0.0627_iter7,0.5000000000000001,0.25000000000000006,0.99197537,49.39932876681318,0.9989880323410034,0.9998661875724792,0.08030593395233154,0.0017494559288024902,500959,0.005194356,0.0027943856548517942,0.002806344535201788,0.002804565941914916
559160,dct_high_nontargeted_white_box_eps0.0627_iter1,0.2727272727272727,0.23722943722943726,0.9988189,58.18243133806849,0.9998787641525269,0.9999826550483704,0.029295433312654495,0.0009407997131347656,370249,0.0021157304,0.0012194556184113026,0.0012176302261650562,0.001198520534671843
186042,dct_high_nontargeted_white_box_eps0.0627_iter22,0.5000000000000001,0.12500000000000003,0.96905893,43.67532291621931,0.9968622922897339,0.9994524121284485,0.12165306508541107,0.01653534173965454,587389,0.0098444875,0.005163858179003,0.0051429662853479385,0.005112967919558287
443844,dct_high_nontargeted_white_box_eps0.0627_iter37,0.3333333333333334,0.0,0.9642346,41.22122456104223,0.9951290488243103,0.9991371631622314,0.11495717614889145,0.013334155082702637,621768,0.013192137,0.006923410575836897,0.006928475107997656,0.007003873586654663
359833,dct_high_nontargeted_white_box_eps0.0627_iter2,0.3333333333333334,0.027777777777777773,0.9976158,54.97932461275278,0.9997295141220093,0.9999628067016602,0.027324596419930458,0.0019022822380065918,219138,0.0024664945,0.0012659511994570494,0.001266280421987176,0.0012684417888522148
188592,dct_high_nontargeted_white_box_eps0.0627_iter27,0.5000000000000001,0.25000000000000006,0.98195857,42.69121327012758,0.997551441192627,0.9996341466903687,0.05444302409887314,0.0056934356689453125,613859,0.011155713,0.005901432130485773,0.005906560458242893,0.005872778128832579
71877,dct_high_nontargeted_white_box_eps0.0627_iter20,0.1666666666666667,0.06666666666666668,0.9805057,44.123699525347845,0.9975635409355164,0.9996976256370544,0.10418935120105743,0.006793022155761719,595399,0.0094206,0.00488915853202343,0.004896331578493118,0.004939578473567963
419408,dct_high_nontargeted_white_box_eps0.0627_iter26,0.25000000000000006,0.21212121212121207,0.98616123,43.19479823009391,0.998361349105835,0.9997784495353699,0.046977609395980835,0.0031728744506835938,603879,0.010446736,0.005475058685988188,0.005472122225910425,0.005506815854460001
125472,dct_high_nontargeted_white_box_eps0.0627_iter1,0.5000000000000001,0.25000000000000006,0.9987467,58.13952795327601,0.9998499751091003,0.99997878074646,0.026749245822429657,0.0007030367851257324,375202,0.0021292274,0.0012239173520356417,0.001223462400957942,0.0012243015225976706
428111,dct_high_nontargeted_white_box_eps0.0627_iter5,0.13636363636363638,0.06818181818181818,0.99394244,50.656015560756984,0.9992784261703491,0.9998849034309387,0.08901025354862213,0.0025789737701416016,457710,0.0045026294,0.002453833818435669,0.0024488416966050863,0.002437637420371175
145665,dct_high_nontargeted_white_box_eps0.0627_iter5,0.25000000000000006,0.16666666666666663,0.99409324,50.73228034855936,0.9992679953575134,0.9999162554740906,0.027859671041369438,0.002439439296722412,451493,0.004457695,0.002461071824654937,0.002456827787682414,0.002344745909795165
581206,dct_high_nontargeted_white_box_eps0.0627_iter2,0.5000000000000001,0.25000000000000006,0.99833345,55.114113850485225,0.9998027682304382,0.9999698400497437,0.010598752647638321,0.0003459453582763672,222890,0.0024368952,0.001225552405230701,0.001228672219440341,0.0012308162404224277
532481,dct_high_nontargeted_white_box_eps0.0627_iter9,0.13636363636363638,0.06818181818181819,0.9924392,47.43519923552434,0.9988510608673096,0.9997988939285278,0.028021179139614105,0.001765608787536621,548176,0.0065278998,0.003495525335893035,0.0034817245323210955,0.00350319710560143
398742,dct_high_nontargeted_white_box_eps0.0627_iter1,0.17424242424242423,0.16666666666666666,0.9992265,58.497709663495,0.9999346733093262,0.9999846816062927,0.006291261408478022,0.00015145540237426758,383709,0.001983661,0.00114122882951051,0.0011223545297980309,0.0011174471583217382
248400,dct_high_nontargeted_white_box_eps0.0627_iter11,0.25000000000000006,0.12500000000000003,0.9873689,47.431926422610154,0.9985253810882568,0.9998087286949158,0.09938733279705048,0.0073087215423583984,532301,0.006417914,0.0034709107130765915,0.0034586971160024405,0.0034722983837127686
63965,dct_high_nontargeted_white_box_eps0.0627_iter2,0.11111111111111109,0.0,0.99725074,55.023285490342566,0.9997034072875977,0.9999584555625916,0.026861321181058884,0.0015326738357543945,212126,0.0024812955,0.0012848610058426857,0.0012810210464522243,0.0012321401154622436
498807,dct_high_nontargeted_white_box_eps0.0627_iter34,0.5000000000000001,0.25000000000000006,0.9753062,41.98921493812044,0.9970676898956299,0.9995396733283997,0.10861542820930481,0.007491469383239746,619165,0.0121203875,0.00627226522192359,0.00627755606546998,0.006311086472123861
475191,dct_high_nontargeted_white_box_eps0.0627_iter4,0.5000000000000001,0.25000000000000006,0.99491936,51.912860696194414,0.9993628263473511,0.9999022483825684,0.03426121920347214,0.002102971076965332,351965,0.0037260598,0.0019079971825703979,0.0019084371160715818,0.0019131089793518186
316404,dct_high_nontargeted_white_box_eps0.0627_iter1,0.28282828282828276,0.22222222222222218,0.99821377,58.68194180914155,0.9998253583908081,0.999978244304657,0.012386847287416458,0.0006884336471557617,301480,0.0019266597,0.0011133997468277812,0.0011001948732882738,0.001027022721245885
467315,dct_high_nontargeted_white_box_eps0.0627_iter31,0.11111111111111109,0.0,0.9690282,42.99820207672691,0.9962882995605469,0.9995566010475159,0.16031265258789062,0.012072324752807617,607406,0.010662187,0.0057068257592618465,0.005703745875507593,0.005650043021887541
261535,dct_high_nontargeted_white_box_eps0.0627_iter36,0.3333333333333334,0.1666666666666667,0.97198397,41.2001947569637,0.9967097640037537,0.999512791633606,0.06779706478118896,0.0058692097663879395,620543,0.013207536,0.006883634719997644,0.006873829755932093,0.00691380025818944
203864,dct_high_nontargeted_white_box_eps0.0627_iter22,0.28282828282828276,0.22222222222222218,0.9939588,42.15235091720398,0.999196469783783,0.9998025894165039,0.009930012747645378,0.002500772476196289,620042,0.01202768,0.0062440186738967896,0.006255444139242172,0.006218624301254749
124442,dct_high_nontargeted_white_box_eps0.0627_iter23,0.5000000000000001,0.25000000000000006,0.9804464,43.23916340155567,0.9972555637359619,0.9995837211608887,0.09499628096818924,0.007866621017456055,609165,0.010453711,0.00554548529908061,0.005520029459148645,0.005491794552654028
93261,dct_high_nontargeted_white_box_eps0.0627_iter2,0.31818181818181823,0.2727272727272727,0.99948215,54.822342171500054,0.9999401569366455,0.9999876618385315,0.0016102236695587635,0.00010323524475097656,263407,0.0026732162,0.0013122091768309474,0.0013175898930057883,0.0013164300471544266
474344,dct_high_nontargeted_white_box_eps0.0627_iter7,0.5000000000000001,0.27272727272727276,0.99633914,48.63728908822408,0.9995718002319336,0.999927282333374,0.015987452119588852,0.001369476318359375,513202,0.005671612,0.003055666573345661,0.003060141811147332,0.003059416078031063
264968,dct_high_nontargeted_white_box_eps0.0627_iter1,0.35984848484848486,0.32402597402597405,0.9992462,58.040996726859206,0.999912440776825,0.9999897480010986,0.003161935368552804,0.0001398921012878418,391769,0.002169706,0.0012519399169832468,0.0012519232695922256,0.0012520902091637254
88345,dct_high_nontargeted_white_box_eps0.0627_iter5,0.42424242424242414,0.33333333333333326,0.9936597,50.67759393203319,0.9992170333862305,0.9998934268951416,0.057063885033130646,0.0024908781051635742,458940,0.004488852,0.0024537851568311453,0.0024491315707564354,0.0024547323118895292
6771,dct_high_nontargeted_white_box_eps0.0627_iter1,0.48484848484848486,0.4121212121212121,0.99895793,58.03854470327896,0.999882698059082,0.9999834895133972,0.010732343420386314,0.0002364516258239746,383303,0.0021704829,0.0012522094184532762,0.0012528436491265893,0.0012530190870165825
545100,dct_high_nontargeted_white_box_eps0.0627_iter3,0.18006993006993005,0.13636363636363635,0.99874187,52.94403953911286,0.9998680353164673,0.9999814629554749,0.005951397120952606,0.00028693675994873047,423532,0.003542049,0.0019512125290930271,0.001950786798261106,0.0019550772849470377
66886,dct_high_nontargeted_white_box_eps0.0627_iter6,1.0000000000000002,0.5000000000000001,0.9933807,49.850140155430736,0.9992195963859558,0.9998939633369446,0.05935366451740265,0.0022753477096557617,436051,0.004804129,0.002485184231773019,0.0024829739704728127,0.002485268749296665
435205,dct_high_nontargeted_white_box_eps0.0627_iter5,0.25000000000000006,0.16666666666666663,0.99349767,50.70613396280079,0.9992302656173706,0.9998770952224731,0.07015527784824371,0.0031409263610839844,446240,0.0044486616,0.0024508165661245584,0.0024479725398123264,0.0024145343340933323
146155,dct_high_nontargeted_white_box_eps0.0627_iter1,0.18560606060606058,0.1696969696969697,0.9992288,58.066882706893196,0.999911904335022,0.9999875426292419,0.0030441079288721085,0.00020396709442138672,388679,0.0021619906,0.0012487012427300215,0.0012488709762692451,0.0012360862456262112
508370,dct_high_nontargeted_white_box_eps0.0627_iter12,0.1666666666666667,0.15151515151515155,0.9936421,46.75479010771946,0.9993001818656921,0.9998882412910461,0.03688117116689682,0.00250244140625,549799,0.0069999215,0.0036069455090910196,0.00360368681140244,0.003603675402700901
67213,dct_high_nontargeted_white_box_eps0.0627_iter1,0.22546897546897549,0.22410922410922415,0.99940586,58.055721629026934,0.9999346733093262,0.999991238117218,0.002541930414736271,0.0001112818717956543,400883,0.002164739,0.001249357359483838,0.001249706489033997,0.0012442040024325252
102331,dct_high_nontargeted_white_box_eps0.0627_iter4,0.25000000000000006,0.0,0.9967975,51.68900872288617,0.9996216297149658,0.9999610185623169,0.05669211596250534,0.0015712976455688477,367835,0.0038621707,0.0019767582416534424,0.0019772732630372047,0.001972417812794447
37670,dct_high_nontargeted_white_box_eps0.0627_iter1,0.1666666666666667,0.11111111111111109,0.9986257,58.03548875910653,0.9998318552970886,0.9999716281890869,0.013636527583003044,0.00051116943359375,382791,0.002171465,0.0012536825379356742,0.0012536379508674145,0.001253402908332646
389812,dct_high_nontargeted_white_box_eps0.0627_iter9,0.5000000000000001,0.12500000000000003,0.996816,48.11636200725134,0.9996343851089478,0.9999371767044067,0.012672794982790947,0.0011748075485229492,534905,0.006028909,0.003228223416954279,0.003225655760616064,0.0032133213244378567
553776,dct_high_nontargeted_white_box_eps0.0627_iter35,0.5000000000000001,0.10000000000000002,0.9682765,41.406087917124985,0.995725154876709,0.9993630051612854,0.09659850597381592,0.0063228607177734375,622557,0.012946084,0.006835414096713066,0.006770788691937923,0.006869315169751644
491090,dct_high_nontargeted_white_box_eps0.0627_iter25,0.5000000000000001,0.25000000000000006,0.98623323,43.619000227872064,0.998332679271698,0.9997294545173645,0.035866670310497284,0.004276871681213379,608731,0.010091767,0.005308481398969889,0.005301055498421192,0.005332964938133955
169076,dct_high_nontargeted_white_box_eps0.0627_iter1,0.16969696969696965,0.1090909090909091,0.99868876,58.211532160198445,0.9998596906661987,0.9999773502349854,0.011673547327518463,0.0007278919219970703,383827,0.0021240627,0.0012531259562820196,0.0011049696477130055,0.001253242138773203
52007,dct_high_nontargeted_white_box_eps0.0627_iter1,0.19393939393939397,0.16666666666666666,0.9996097,58.442093899036365,0.9999675750732422,0.9999902844429016,0.001706014620140195,0.0001704692840576172,413895,0.002002157,0.0011416790075600147,0.0011417041532695293,0.0011412185849621892
49259,dct_high_nontargeted_white_box_eps0.0627_iter5,1.0000000000000002,0.0,0.99787766,50.03490609005474,0.9997142553329468,0.9999399781227112,0.00713211577385664,0.0008655190467834473,504604,0.004915953,0.0026370661798864603,0.0026382317300885916,0.0026395912282168865
278749,dct_high_nontargeted_white_box_eps0.0627_iter1,0.16430976430976432,0.16161616161616163,0.9996784,58.05929017973959,0.9999551773071289,0.9999905228614807,0.0012658106861636043,0.00023090839385986328,424213,0.0021608388,0.0012467859778553247,0.0012467332417145371,0.0012466430198401213
401862,dct_high_nontargeted_white_box_eps0.0627_iter1,0.46384297520661166,0.31818181818181823,0.99942845,58.05386906668887,0.9999315738677979,0.9999909400939941,0.0035875397734344006,0.000732421875,414609,0.002164462,0.001247422769665718,0.0012481934390962124,0.001249241759069264
267169,dct_high_nontargeted_white_box_eps0.0627_iter8,0.22222222222222218,0.15151515151515155,0.9945245,48.86901864411947,0.9993647336959839,0.999894917011261,0.027286633849143982,0.0019071102142333984,483726,0.005427889,0.0027964655309915543,0.002787496894598007,0.002796044573187828
566282,dct_high_nontargeted_white_box_eps0.0627_iter1,0.15454545454545454,0.15000000000000002,0.9993341,58.14857057653864,0.9999291896820068,0.9999899864196777,0.0034297886304557323,0.0002537965774536133,385308,0.0021209398,0.0012213869486004114,0.0012213928857818246,0.0012212652945891023
67534,dct_high_nontargeted_white_box_eps0.0627_iter44,0.3333333333333334,0.11111111111111109,0.97578746,41.34556396830094,0.9972443580627441,0.9995310306549072,0.07225668430328369,0.011517465114593506,621964,0.012980949,0.0067873564548790455,0.006784937344491482,0.006824600975960493
408120,dct_high_nontargeted_white_box_eps0.0627_iter26,0.3333333333333334,0.1666666666666667,0.97418255,43.34271694727409,0.9985315203666687,0.9994856715202332,0.05301973968744278,0.0057135820388793945,592236,0.010343383,0.0053648920729756355,0.005363629665225744,0.005367406643927097
132796,dct_high_nontargeted_white_box_eps0.0627_iter2,0.17090909090909095,0.15272727272727274,0.9991632,55.131083419965435,0.9998987913131714,0.9999871253967285,0.0031439424492418766,0.00028455257415771484,244168,0.0025058873,0.0012301068054512143,0.001223443541675806,0.001220682286657393
47585,dct_high_nontargeted_white_box_eps0.0627_iter1,0.2900432900432901,0.22727272727272727,0.999207,58.053622689892066,0.9999032020568848,0.9999846816062927,0.004620412364602089,0.0005720853805541992,392872,0.0021663255,0.0012530609965324402,0.0012530776439234614,0.001238929689861834
11699,dct_high_nontargeted_white_box_eps0.0627_iter5,0.3333333333333334,0.2803030303030302,0.9952262,50.74820298821342,0.999466061592102,0.9999251365661621,0.026880666613578796,0.0016016960144042969,453630,0.004440781,0.0024325475096702576,0.0024058169219642878,0.002429085085168481
198489,dct_high_nontargeted_white_box_eps0.0627_iter32,0.25000000000000006,0.12500000000000003,0.9821827,41.544094900568496,0.9976308345794678,0.9995779395103455,0.05098998546600342,0.0059133172035217285,620049,0.012738099,0.006626168731600046,0.006602712906897068,0.006666069850325584
9448,dct_high_nontargeted_white_box_eps0.0627_iter2,0.5000000000000001,0.16666666666666663,0.9987288,54.66790592495714,0.9998517036437988,0.9999805092811584,0.004299202933907509,0.00013136863708496094,258894,0.0027332313,0.0013402568874880672,0.0013796498533338308,0.0013920272467657924
82986,dct_high_nontargeted_white_box_eps0.0627_iter22,0.24999999999999992,0.21212121212121215,0.988867,43.960354365059004,0.9985531568527222,0.9997721910476685,0.06329213082790375,0.015215396881103516,605155,0.00973732,0.005021936260163784,0.005026881583034992,0.004958201199769974
470952,dct_high_nontargeted_white_box_eps0.0627_iter1,0.40909090909090917,0.3823529411764707,0.99929875,58.037743018935615,0.9999167323112488,0.9999873638153076,0.0024905374739319086,0.00024712085723876953,402528,0.002170654,0.0012527896324172616,0.0012528622755780816,0.0012531275860965252
271471,dct_high_nontargeted_white_box_eps0.0627_iter1,0.42424242424242414,0.3863636363636363,0.99887735,58.060677327145136,0.9998676776885986,0.9999822974205017,0.006092049181461334,0.00028902292251586914,379842,0.002164637,0.0012533708941191435,0.0012534979032352567,0.0012321240501478314
447465,dct_high_nontargeted_white_box_eps0.0627_iter11,0.3333333333333334,0.24242424242424246,0.9933478,47.595779386523816,0.999267578125,0.9998873472213745,0.03674519434571266,0.002745985984802246,542012,0.0063549466,0.0034068680834025145,0.0034021770115941763,0.0034028415102511644
397351,dct_high_nontargeted_white_box_eps0.0627_iter3,0.18181818181818185,0.09090909090909093,0.99857837,53.13191045080056,0.9998487830162048,0.9999727010726929,0.004537355154752731,0.0003997683525085449,402365,0.0034092735,0.0018895252142101526,0.001886972808279097,0.0018499805592000484
33104,dct_high_nontargeted_white_box_eps0.0627_iter1,0.19283746556473833,0.16767676767676767,0.9995411,58.05118944883442,0.999948263168335,0.9999895691871643,0.0015883090673014522,0.0005701780319213867,408548,0.0021663883,0.0012477734126150608,0.0012500520097091794,0.0012493255781009793
161781,dct_high_nontargeted_white_box_eps0.0627_iter4,0.5000000000000001,0.25000000000000006,0.9967072,51.1327568172069,0.9995987415313721,0.9999464154243469,0.0322130024433136,0.0015895366668701172,393283,0.004164013,0.0021558552980422974,0.0021525106858462095,0.0021494864486157894
24567,dct_high_nontargeted_white_box_eps0.0627_iter22,0.3333333333333334,0.1666666666666667,0.9850696,44.023138756120815,0.9982325434684753,0.99973064661026,0.05396278202533722,0.0029523372650146484,595212,0.009522837,0.004973352421075106,0.004964680410921574,0.0049923378974199295
480936,dct_high_nontargeted_white_box_eps0.0627_iter50,0.25000000000000006,0.05000000000000001,0.9616575,40.758860683519615,0.9954423904418945,0.9993451833724976,0.1205713301897049,0.01639401912689209,625458,0.013902098,0.00726706488057971,0.007271974813193083,0.007279472425580025
364557,dct_high_nontargeted_white_box_eps0.0627_iter5,0.5000000000000001,0.3863636363636363,0.99489635,50.42035816579723,0.9993800520896912,0.9998990297317505,0.03466087207198143,0.0023370981216430664,464199,0.0046224943,0.0025143923703581095,0.00252932938747108,0.002513081068173051
257624,dct_high_nontargeted_white_box_eps0.0627_iter2,0.5000000000000001,0.25000000000000006,0.9981005,54.94804186826842,0.9997765421867371,0.9999693632125854,0.0114679504185915,0.0002903938293457031,226928,0.0025052957,0.0012769169406965375,0.001277491101063788,0.001274704816751182
149770,dct_high_nontargeted_white_box_eps0.0627_iter5,0.5000000000000001,0.25000000000000006,0.9929282,51.10555029163321,0.999133825302124,0.9998779296875,0.2467399537563324,0.010014712810516357,445218,0.0042459993,0.002322779269888997,0.002336496254429221,0.002334832912310958
240023,dct_high_nontargeted_white_box_eps0.0627_iter1,0.16666666666666663,0.12672176308539942,0.99906045,58.05038790537579,0.9998823404312134,0.9999833703041077,0.00415021600201726,9.22083854675293e-05,387648,0.0021661196,0.001247208914719522,0.0012504847254604101,0.0012501637684181333
292446,dct_high_nontargeted_white_box_eps0.0627_iter1,0.1863636363636364,0.13068181818181818,0.9993403,58.04440878510431,0.9999203681945801,0.9999870657920837,0.002162475138902664,0.0005577206611633301,395759,0.0021689334,0.0012500229058787227,0.0012490074150264263,0.0012539911549538374
117744,dct_high_nontargeted_white_box_eps0.0627_iter21,0.25000000000000006,0.0,0.98412013,44.48652217660647,0.9980708956718445,0.9997533559799194,0.08826185762882233,0.004578053951263428,596257,0.009076902,0.0048092943616211414,0.004813054110854864,0.00481458380818367
271402,dct_high_nontargeted_white_box_eps0.0627_iter2,0.5000000000000001,0.42424242424242414,0.99855715,54.802858400231635,0.9998127818107605,0.999974250793457,0.015308636240661144,0.0006528496742248535,260847,0.002648066,0.0013382849283516407,0.0013286423636600375,0.001309236860834062
122962,dct_high_nontargeted_white_box_eps0.0627_iter3,0.1921487603305785,0.1589770382873831,0.9980355,52.830527382345984,0.9997842311859131,0.9999660849571228,0.007741060573607683,0.0003744363784790039,407727,0.0035698838,0.0019802257884293795,0.0019788166973739862,0.001974305836483836
289059,dct_high_nontargeted_white_box_eps0.0627_iter44,0.33333333333333326,0.06818181818181819,0.9513262,41.18551777311583,0.9939517378807068,0.9992053508758545,0.1920510232448578,0.02529752254486084,620296,0.013100542,0.006921521853655577,0.00690002366900444,0.006918652914464474
488166,dct_high_nontargeted_white_box_eps0.0627_iter11,0.1666666666666667,0.08333333333333336,0.9925518,47.60434990592504,0.9990820288658142,0.9998561143875122,0.07231079787015915,0.00630110502243042,537382,0.0063122297,0.003396284533664584,0.003389432793483138,0.0033948563504964113
371042,dct_high_nontargeted_white_box_eps0.0627_iter1,0.13636363636363633,0.1272727272727273,0.9994457,58.037401318843465,0.9999299049377441,0.9999918341636658,0.001715879188850522,0.0002551078796386719,416539,0.002170894,0.0012532159453257918,0.0012529984815046191,0.0012528481893241405
406129,dct_high_nontargeted_white_box_eps0.0627_iter2,0.3333333333333334,0.1666666666666667,0.9980181,54.87457559131357,0.9997493624687195,0.9999680519104004,0.012834345921874046,0.0010704994201660156,244228,0.0025983546,0.0012980843894183636,0.0012995102442800999,0.0012977283913642168
327701,dct_high_nontargeted_white_box_eps0.0627_iter1,0.22727272727272732,0.21212121212121207,0.9994385,58.34498553107342,0.9999405145645142,0.9999874234199524,0.0020787278190255165,0.00015819072723388672,403409,0.0020401562,0.0011669776868075132,0.0011666367063298821,0.0011684441706165671
575081,dct_high_nontargeted_white_box_eps0.0627_iter22,0.3333333333333334,0.0,0.9781433,44.352727851134084,0.9974209666252136,0.9995765089988708,0.11417104303836823,0.015519022941589355,590738,0.009132235,0.004778670147061348,0.0047925906255841255,0.004758677911013365
144984,dct_high_nontargeted_white_box_eps0.0627_iter3,0.3333333333333334,0.1666666666666667,0.9965456,53.10063773020729,0.999563455581665,0.9999306797981262,0.021504774689674377,0.0013761520385742188,412143,0.0034589109,0.0019185540731996298,0.0019176137866452336,0.0019132406450808048
74646,dct_high_nontargeted_white_box_eps0.0627_iter1,0.12077922077922079,0.10454545454545455,0.9985667,58.03471902082603,0.9998091459274292,0.9999370574951172,0.015250003896653652,0.0011212825775146484,402086,0.0021717558,0.0012538479641079903,0.0012537172297015786,0.0012538330629467964
187734,dct_high_nontargeted_white_box_eps0.0627_iter3,0.1274662837162837,0.10227272727272728,0.9979964,53.16742579120549,0.9997584223747253,0.9999670386314392,0.006620724219828844,0.0007774829864501953,424057,0.0034489948,0.001899197231978178,0.0019012363627552986,0.0019002944463863969
462643,dct_high_nontargeted_white_box_eps0.0627_iter2,0.5000000000000001,0.25000000000000006,0.9974835,54.995630330116484,0.9997007846832275,0.9999594688415527,0.03474026173353195,0.0017444491386413574,217365,0.0024579929,0.0012641374487429857,0.0012657841434702277,0.0012620494235306978
505789,dct_high_nontargeted_white_box_eps0.0627_iter2,0.1832611832611833,0.15757575757575756,0.99939823,54.65545491704048,0.9999334216117859,0.9999833703041077,0.0016539559001103044,0.00012612342834472656,269737,0.0027544333,0.0013671910855919123,0.0013631363399326801,0.001367337303236127
243034,dct_high_nontargeted_white_box_eps0.0627_iter1,0.1799242424242424,0.0909090909090909,0.99887913,58.05263641880507,0.9998592138290405,0.9999845027923584,0.01822112500667572,0.0019124746322631836,388596,0.0021664698,0.0012519668089225888,0.0012523647164925933,0.0012415979290381074
144333,dct_high_nontargeted_white_box_eps0.0627_iter11,0.20000000000000004,0.06666666666666665,0.99076605,47.49171048535095,0.9992506504058838,0.9998379945755005,0.037302110344171524,0.0027098655700683594,529864,0.006387664,0.0034410739317536354,0.003419065847992897,0.003393423743546009
480021,dct_high_nontargeted_white_box_eps0.0627_iter7,0.20454545454545453,0.2007575757575758,0.99617916,49.15252772593235,0.9995212554931641,0.9999179244041443,0.011784412898123264,0.0007030963897705078,517082,0.0053867735,0.0028853537514805794,0.002886925358325243,0.00288372696377337
130826,dct_high_nontargeted_white_box_eps0.0627_iter5,0.2941176470588236,0.2886002886002887,0.9973044,50.55111157314349,0.999709963798523,0.9999416470527649,0.008717115968465805,0.0009090900421142578,470106,0.0045762626,0.0024888161569833755,0.0024879598058760166,0.0024853048380464315
375493,dct_high_nontargeted_white_box_eps0.0627_iter2,0.20000000000000004,0.06666666666666665,0.99793607,54.92766704993319,0.9997345805168152,0.9999597668647766,0.023773137480020523,0.001630246639251709,242916,0.0025846832,0.0012870955979451537,0.001280801952816546,0.0012886155163869262
494188,dct_high_nontargeted_white_box_eps0.0627_iter5,0.11848484848484848,0.11687262232716777,0.9967394,50.770957249319025,0.9995898604393005,0.999931812286377,0.021431952714920044,0.0005532503128051758,482175,0.0044915145,0.0024231020361185074,0.002420059870928526,0.0024219343904405832
60823,dct_high_nontargeted_white_box_eps0.0627_iter10,0.13636363636363638,0.06818181818181819,0.99525094,47.454423608949654,0.9994832873344421,0.9999220371246338,0.017226457595825195,0.001129150390625,533833,0.006458686,0.003323302371427417,0.003321150317788124,0.0033283447846770287
344268,dct_high_nontargeted_white_box_eps0.0627_iter14,0.5000000000000001,0.25000000000000006,0.9706306,46.2394322333061,0.997557520866394,0.9996829032897949,0.11645922809839249,0.009132623672485352,523978,0.0072512534,0.003887931117787957,0.003667105920612812,0.003751917742192745
81594,dct_high_nontargeted_white_box_eps0.0627_iter17,0.3333333333333334,0.0,0.98732084,44.84282114975678,0.998507022857666,0.9997520446777344,0.03997126594185829,0.0054094791412353516,592850,0.008745752,0.004634586162865162,0.0046124630607664585,0.00465010292828083
286503,dct_high_nontargeted_white_box_eps0.0627_iter2,0.3749999999999999,0.1272727272727273,0.99919957,54.77479586808316,0.9999098181724548,0.9999825358390808,0.0028233572375029325,0.00046193599700927734,261539,0.002684904,0.001330205355770886,0.0013321662554517388,0.0013249018229544163
562207,dct_high_nontargeted_white_box_eps0.0627_iter2,0.2803030303030302,0.24999999999999992,0.99871475,54.86160224391518,0.9998428225517273,0.9999759793281555,0.009829672053456306,0.00028765201568603516,260922,0.00263092,0.0013106063706800342,0.001308202394284308,0.0013040488120168447
182805,dct_high_nontargeted_white_box_eps0.0627_iter5,0.25000000000000006,0.12500000000000003,0.9958499,51.02202452205368,0.9995334148406982,0.9999355673789978,0.03493017330765724,0.0033034086227416992,451347,0.0043057865,0.0023571422789245844,0.002354607917368412,0.0023573776707053185
539962,dct_high_nontargeted_white_box_eps0.0627_iter8,0.13090909090909092,0.10181818181818181,0.9946787,48.5281771449678,0.9994525909423828,0.9998953938484192,0.01815924048423767,0.0013358592987060547,498458,0.005707931,0.002921982202678919,0.002933336654677987,0.00291180657222867
409198,dct_high_nontargeted_white_box_eps0.0627_iter2,0.3333333333333334,0.1666666666666667,0.99892527,55.2200359685005,0.9998542666435242,0.9999758005142212,0.0030484271701425314,0.0001760721206665039,237119,0.00244404,0.0012006242759525776,0.0012012189254164696,0.001194874057546258
291619,dct_high_nontargeted_white_box_eps0.0627_iter43,0.5000000000000001,0.42424242424242414,0.96503854,40.68777030305834,0.9948087930679321,0.9988576769828796,0.09622577577829361,0.014748811721801758,626648,0.014057205,0.0073931654915213585,0.007346422411501408,0.007433243561536074
330396,dct_high_nontargeted_white_box_eps0.0627_iter4,0.40909090909090917,0.3818181818181819,0.9964571,51.989570502672244,0.9995497465133667,0.9999436736106873,0.05016151815652847,0.0025284290313720703,362573,0.003730382,0.0018841653363779187,0.001884336699731648,0.0018864825833588839
241677,dct_high_nontargeted_white_box_eps0.0627_iter1,0.12500000000000003,0.11538461538461542,0.9997613,58.039002507333365,0.9999681711196899,0.9999938607215881,0.0006319507956504822,0.00025850534439086914,434797,0.0021700978,0.0012528655352070928,0.0012527626240625978,0.0012520694872364402
275392,dct_high_nontargeted_white_box_eps0.0627_iter3,0.5000000000000001,0.12500000000000003,0.99847585,53.74742784071263,0.9997946619987488,0.9999576807022095,0.017835654318332672,0.0014039278030395508,435070,0.003085246,0.0016974664758890867,0.00169593736063689,0.0016464900691062212
5529,dct_high_nontargeted_white_box_eps0.0627_iter5,0.5000000000000001,0.04166666666666666,0.99681586,49.730987467899695,0.9995537996292114,0.9999598860740662,0.01170884259045124,0.0010056495666503906,516404,0.0051428513,0.0027537636924535036,0.0027531073428690434,0.002745639765635133
388903,dct_high_nontargeted_white_box_eps0.0627_iter15,0.10606060606060608,0.0696969696969697,0.9887181,46.02783887513989,0.9987524747848511,0.9998435974121094,0.09429502487182617,0.005225837230682373,567417,0.007562916,0.004044712986797094,0.004051706753671169,0.004055637400597334
573258,dct_high_nontargeted_white_box_eps0.0627_iter48,0.3333333333333334,0.1666666666666667,0.94393235,41.03339496071748,0.9927017092704773,0.9989272356033325,0.2552413046360016,0.04306447505950928,624061,0.013463872,0.007038416340947151,0.007042169105261564,0.0070559182204306126
107094,dct_high_nontargeted_white_box_eps0.0627_iter14,0.3333333333333334,0.06666666666666668,0.9885798,46.153039138203724,0.9984914660453796,0.9997402429580688,0.07508217543363571,0.008450508117675781,569145,0.0074319686,0.0038450625725090504,0.003843367798253894,0.0038576400838792324
457559,dct_high_nontargeted_white_box_eps0.0627_iter2,0.37121212121212127,0.3558441558441559,0.998816,54.948182568529646,0.9998660087585449,0.9999812841415405,0.0030776511412113905,0.00016325712203979492,231413,0.0025351578,0.0012787606101483107,0.0012753308983519673,0.0012831230415031314
142238,dct_high_nontargeted_white_box_eps0.0627_iter4,0.21764705882352942,0.20573593073593074,0.9987893,51.70139019521585,0.9998515844345093,0.9999738335609436,0.0035135732032358646,0.00030678510665893555,393837,0.0039353953,0.0019741246942430735,0.0019853548146784306,0.001962982350960374
5193,dct_high_nontargeted_white_box_eps0.0627_iter1,0.31168831168831174,0.21212121212121215,0.99912673,58.0413167863333,0.99990314245224,0.9999862909317017,0.005165088456124067,0.00028079748153686523,389425,0.0021695807,0.0012524501653388143,0.0012523195473477244,0.001250928733497858
479953,dct_high_nontargeted_white_box_eps0.0627_iter11,0.5000000000000001,0.25000000000000006,0.9904577,45.41624873711786,0.9985240697860718,0.999769389629364,0.021327130496501923,0.0012940764427185059,583643,0.008225723,0.00438776146620512,0.004387819208204746,0.0043700747191905975
409211,dct_high_nontargeted_white_box_eps0.0627_iter2,0.24636844636844643,0.21452053764653448,0.9979326,54.91683676238424,0.9997770190238953,0.9999804496765137,0.010622668080031872,0.0005086660385131836,225396,0.0025525563,0.001258648233488202,0.001308587845414877,0.0013158441288396716
127530,dct_high_nontargeted_white_box_eps0.0627_iter8,0.3333333333333334,0.1666666666666667,0.985612,48.860904802072255,0.9986562728881836,0.9998801946640015,0.1039636880159378,0.003919363021850586,462994,0.005420836,0.002579344902187586,0.0028758151456713676,0.0028866096399724483
223182,dct_high_nontargeted_white_box_eps0.0627_iter2,0.1386363636363636,0.13116883116883116,0.99882436,55.17477553278177,0.9998866319656372,0.9999808073043823,0.004220305941998959,0.00020635128021240234,219973,0.0024139804,0.001203911262564361,0.0012195580638945103,0.0012261548545211554
362716,dct_high_nontargeted_white_box_eps0.0627_iter25,0.3333333333333334,0.1666666666666667,0.9731435,43.591005672005146,0.9968684911727905,0.9995693564414978,0.13466641306877136,0.010410904884338379,600251,0.009954337,0.00531560555100441,0.005315832793712616,0.005329415667802095
321790,dct_high_nontargeted_white_box_eps0.0627_iter7,0.25000000000000006,0.16666666666666663,0.99083394,48.99078619008517,0.998853325843811,0.9998747706413269,0.10096166282892227,0.003430008888244629,495396,0.005391383,0.002904997207224369,0.0029328465461730957,0.0029372544959187508
463174,dct_high_nontargeted_white_box_eps0.0627_iter15,0.1666666666666667,0.11111111111111109,0.9857745,45.73364515915836,0.9983362555503845,0.9998231530189514,0.05643776059150696,0.00514674186706543,570580,0.0078171715,0.004105779342353344,0.004211634863168001,0.00422603078186512
152686,dct_high_nontargeted_white_box_eps0.0627_iter26,0.2575757575757575,0.18181818181818185,0.9605276,43.609875802659076,0.9959309101104736,0.9994922280311584,0.15801572799682617,0.008110105991363525,596002,0.0099013345,0.004829082638025284,0.005312513094395399,0.0053143491968512535
126137,dct_high_nontargeted_white_box_eps0.0627_iter1,0.13360756890168654,0.10921717171717171,0.99913615,58.04010346071194,0.9999065399169922,0.9999897480010986,0.009603124111890793,0.0001830458641052246,383617,0.0021699662,0.0012523563345894217,0.001252331305295229,0.0012520364252850413
183391,dct_high_nontargeted_white_box_eps0.0627_iter1,0.12610958065503516,0.11051182110964719,0.9992357,58.04555302791627,0.999913215637207,0.9999892711639404,0.0039705378003418446,8.13603401184082e-05,393339,0.002167526,0.0012503380421549082,0.0012509633088484406,0.0012507204664871097
287347,dct_high_nontargeted_white_box_eps0.0627_iter1,0.11038961038961037,0.09956709956709955,0.9992013,58.10056742329952,0.999907374382019,0.9999852180480957,0.004423757083714008,0.0002522468566894531,391898,0.0021526522,0.0012478935532271862,0.0012127123773097992,0.0012441878207027912
179642,dct_high_nontargeted_white_box_eps0.0627_iter2,0.19520035885167464,0.17714964773788303,0.9984896,54.80199229716035,0.9998383522033691,0.9999764561653137,0.005641466937959194,0.00015401840209960938,236636,0.0025908404,0.0013186974683776498,0.0013213652418926358,0.0013216384686529636
382009,dct_high_nontargeted_white_box_eps0.0627_iter28,0.1666666666666667,0.11111111111111109,0.967235,43.48716984311992,0.9962819814682007,0.999539315700531,0.18426945805549622,0.016721248626708984,599957,0.010064366,0.005218429025262594,0.00531309237703681,0.005310160107910633
75612,dct_high_nontargeted_white_box_eps0.0627_iter1,0.245697063878882,0.22529187983733442,0.99902385,58.0513386509204,0.999881386756897,0.9999785423278809,0.004712114110589027,0.0006935596466064453,394954,0.002164914,0.0012490875087678432,0.0012491170782595873,0.0012488204520195723
463918,dct_high_nontargeted_white_box_eps0.0627_iter11,0.15909090909090912,0.13636363636363635,0.988136,47.235387380140956,0.9985418319702148,0.9997832179069519,0.07475888729095459,0.007250070571899414,545622,0.006605877,0.0035421662032604218,0.0035385440569370985,0.003556373994797468
449579,dct_high_nontargeted_white_box_eps0.0627_iter27,0.5000000000000001,0.25000000000000006,0.96144843,43.21205704973603,0.994876503944397,0.9992456436157227,0.22794970870018005,0.015355825424194336,607117,0.010424269,0.005555473268032074,0.005504888482391834,0.0055556586012244225
527215,dct_high_nontargeted_white_box_eps0.0627_iter1,0.43939393939393945,0.34848484848484845,0.9991026,58.11822846072552,0.999887228012085,0.9999876022338867,0.0019905809313058853,0.00012934207916259766,385204,0.0021482687,0.0012403271393850446,0.0012419569538906217,0.0012074680998921394
468965,dct_high_nontargeted_white_box_eps0.0627_iter1,0.30000000000000004,0.23647732738641833,0.9995081,58.05050291372788,0.9999426603317261,0.9999902248382568,0.0012136973673477769,0.0001722574234008789,409961,0.0021663783,0.0012499835574999452,0.0012493241811171174,0.0012484395410865545
405279,dct_high_nontargeted_white_box_eps0.0627_iter4,0.1818181818181818,0.1655011655011655,0.9963238,51.98282622522632,0.9994999170303345,0.9999260902404785,0.028101282194256783,0.0021608471870422363,382075,0.003795237,0.0018820804543793201,0.0018945829942822456,0.0019029031973332167
216296,dct_high_nontargeted_white_box_eps0.0627_iter2,0.303030303030303,0.2803030303030302,0.99738175,54.88997259382985,0.9996809363365173,0.9999540448188782,0.018814504146575928,0.0004468560218811035,228665,0.0025380591,0.0012897606939077377,0.001291021122597158,0.001301849028095603
248616,dct_high_nontargeted_white_box_eps0.0627_iter1,0.2272727272727272,0.20000000000000004,0.9997427,58.099970822463554,0.9999694228172302,0.9999930262565613,0.002263939008116722,0.00015079975128173828,423615,0.002152471,0.0012429121416062117,0.001248256186954677,0.0012141322949901223
484978,dct_high_nontargeted_white_box_eps0.0627_iter43,0.14285714285714288,0.07142857142857144,0.9703106,40.96177575992033,0.9969487190246582,0.9993473887443542,0.10344168543815613,0.01288759708404541,620088,0.013404531,0.00710307015106082,0.007091094274073839,0.007122187875211239
25394,dct_high_nontargeted_white_box_eps0.0627_iter3,0.1863636363636364,0.15000000000000002,0.99730515,53.038371583266056,0.9996770620346069,0.99994957447052,0.010498039424419403,0.0009324550628662109,411683,0.003484851,0.00192952249199152,0.0019295202801004052,0.001926820958033204
550714,dct_high_nontargeted_white_box_eps0.0627_iter6,0.5000000000000001,0.25000000000000006,0.9958258,49.91819030703055,0.9994233846664429,0.9998884797096252,0.016536155715584755,0.0008977055549621582,455359,0.004809259,0.0024640720803290606,0.002465819474309683,0.0024603786878287792
464476,dct_high_nontargeted_white_box_eps0.0627_iter2,0.3333333333333334,0.1666666666666667,0.99758273,54.90546956679418,0.9997237920761108,0.9999581575393677,0.046141937375068665,0.0016058683395385742,233475,0.0025340903,0.0012935649137943983,0.0012908711796626449,0.0012916114646941423
11149,dct_high_nontargeted_white_box_eps0.0627_iter1,0.22510822510822515,0.21548821548821553,0.99968386,58.055528237610304,0.9999618530273438,0.9999929070472717,0.0008610800141468644,6.216764450073242e-05,412860,0.0021649646,0.0012499518925324082,0.0012487092753872275,0.0012447502231225371
17207,dct_high_nontargeted_white_box_eps0.0627_iter1,0.12500000000000003,0.08333333333333331,0.9989998,58.05516155618054,0.9998895525932312,0.999982476234436,0.008031030185520649,0.0005120038986206055,385992,0.0021658316,0.0012524330522865057,0.0012521978933364153,0.0012391096679493785
244833,dct_high_nontargeted_white_box_eps0.0627_iter1,0.25000000000000006,0.20000000000000004,0.99917334,58.08046057533659,0.9999121427536011,0.9999901652336121,0.005361921153962612,0.00016051530838012695,378988,0.0021587922,0.001237399410456419,0.0012511503882706165,0.0012334398925304413
31817,dct_high_nontargeted_white_box_eps0.0627_iter1,0.3727272727272728,0.26136363636363635,0.9993965,58.071730952542964,0.9999312162399292,0.9999881386756897,0.0023497184738516808,0.00013065338134765625,383845,0.0021610404,0.001243022968992591,0.0012501352466642857,0.0012363200075924397
366884,dct_high_nontargeted_white_box_eps0.0627_iter2,0.12500000000000003,0.03125000000000001,0.99799174,54.76306515189056,0.9997577667236328,0.999962568283081,0.009218630380928516,0.0009990930557250977,247116,0.0026442418,0.0013305216562002897,0.0013275507371872663,0.0013370998203754425
551794,dct_high_nontargeted_white_box_eps0.0627_iter5,0.3333333333333334,0.1666666666666667,0.998645,50.76588772003156,0.9997720718383789,0.999955415725708,0.003673637518659234,0.0008611083030700684,514424,0.0045690304,0.0024309554137289524,0.0024347214493900537,0.002423894824460149
94326,dct_high_nontargeted_white_box_eps0.0627_iter3,0.25000000000000006,0.16666666666666663,0.9990621,53.11474383705531,0.9998812675476074,0.9999780654907227,0.002304965863004327,0.0006336569786071777,430077,0.0034791862,0.0019183044787496328,0.0019181441748514771,0.001896424451842904
306136,dct_high_nontargeted_white_box_eps0.0627_iter2,0.101010101010101,0.060606060606060615,0.99773693,55.21195608366192,0.9997174143791199,0.999958336353302,0.013396747410297394,0.0014740228652954102,218629,0.0023875828,0.0012068592477589846,0.0012054014950990677,0.0012025479227304459
88848,dct_high_nontargeted_white_box_eps0.0627_iter6,0.16779220779220783,0.16363636363636358,0.9979159,49.4193989538853,0.9997593760490417,0.9999093413352966,0.010427413508296013,0.000447690486907959,495939,0.005173208,0.002626769244670868,0.0026305157225579023,0.0026236213743686676
29397,dct_high_nontargeted_white_box_eps0.0627_iter3,0.25000000000000006,0.16666666666666663,0.99758935,52.89455111609353,0.9996994733810425,0.999951958656311,0.006428736262023449,0.0006503462791442871,413958,0.003550988,0.0019619197119027376,0.001965316478163004,0.0019635690841823816
389684,dct_high_nontargeted_white_box_eps0.0627_iter7,0.25000000000000006,0.0,0.9931143,48.83100845543696,0.999196469783783,0.9998792409896851,0.07146373391151428,0.002736687660217285,505889,0.005533003,0.002991221146658063,0.002996739698573947,0.0029934027697890997
527616,dct_high_nontargeted_white_box_eps0.0627_iter5,0.25000000000000006,0.12500000000000003,0.9950412,50.97732486548385,0.9994646906852722,0.9999040961265564,0.027544811367988586,0.0018483400344848633,450954,0.004343462,0.002351300325244665,0.002355672186240554,0.002361331833526492
1353,dct_high_nontargeted_white_box_eps0.0627_iter1,0.29090909090909095,0.18181818181818182,0.99876636,58.095784009628105,0.9998492002487183,0.9999789595603943,0.006654438097029924,0.0008181333541870117,379664,0.002155098,0.0012539601884782314,0.0012536888243630528,0.001201245584525168
185472,dct_high_nontargeted_white_box_eps0.0627_iter1,0.13636363636363635,0.125,0.9997149,58.12214042518201,0.9999656677246094,0.999992311000824,0.0008892352343536913,0.00017583370208740234,424851,0.0021367853,0.0012288650032132864,0.0012302100658416748,0.0012273590546101332
155341,dct_high_nontargeted_white_box_eps0.0627_iter1,0.22222222222222218,0.12121212121212122,0.9991161,58.05735167799898,0.9998957514762878,0.9999843239784241,0.006041461601853371,0.0004540681838989258,403719,0.0021641692,0.0012509424705058336,0.0012486455962061882,0.0012422680156305432
492284,dct_high_nontargeted_white_box_eps0.0627_iter5,0.3333333333333334,0.1666666666666667,0.99838406,50.93062250408345,0.999780535697937,0.999940812587738,0.007570828776806593,0.0008531808853149414,495995,0.0044216947,0.0023644710890948772,0.002367723034694791,0.002379889599978924
365745,dct_high_nontargeted_white_box_eps0.0627_iter1,0.25000000000000006,0.19318181818181815,0.9993685,58.20523559160784,0.9999257922172546,0.9999850988388062,0.0024086155463010073,0.00029915571212768555,410275,0.0021005038,0.0012045352486893535,0.0012033102102577686,0.0012087137438356876
172648,dct_high_nontargeted_white_box_eps0.0627_iter6,0.3333333333333334,0.28282828282828276,0.9968315,49.23464843031151,0.9996129870414734,0.9999210834503174,0.013559410348534584,0.001512765884399414,488211,0.0052934946,0.002701828256249428,0.002705035265535116,0.0027077547274529934
399764,dct_high_nontargeted_white_box_eps0.0627_iter1,0.5000000000000001,0.25000000000000006,0.9990983,58.05227477690199,0.9998959898948669,0.999984622001648,0.004977733828127384,0.00010025501251220703,385966,0.0021663366,0.0012483916943892837,0.001250606495887041,0.0012472287053242326
151938,dct_high_nontargeted_white_box_eps0.0627_iter2,0.13333333333333336,0.09393939393939393,0.9974313,55.16506668866682,0.9997259974479675,0.9999606013298035,0.02465810999274254,0.001467883586883545,211849,0.0024437422,0.0012456916738301516,0.0012435647659003735,0.0012021346483379602
411953,dct_high_nontargeted_white_box_eps0.0627_iter48,0.13636363636363638,0.0909090909090909,0.9233628,41.63609899286192,0.9915708303451538,0.9990144371986389,0.15929719805717468,0.01820051670074463,618985,0.01248893,0.00698378961533308,0.006143398582935333,0.006247980985790491
580197,dct_high_nontargeted_white_box_eps0.0627_iter1,0.5000000000000001,0.4545454545454545,0.9989486,58.034686904583914,0.9998695254325867,0.9999802708625793,0.0054453653283417225,0.00031495094299316406,395162,0.002171776,0.001253939000889659,0.0012537778820842505,0.0012537245638668537
320743,dct_high_nontargeted_white_box_eps0.0627_iter9,0.22098930481283424,0.20629370629370627,0.99450207,47.6339104215909,0.9993757009506226,0.9998835325241089,0.017974603921175003,0.002248048782348633,539689,0.0063453303,0.0033893848303705454,0.0034049986861646175,0.003409437835216522
292155,dct_high_nontargeted_white_box_eps0.0627_iter1,0.25000000000000006,0.0,0.9994428,58.058155197692265,0.9999329447746277,0.9999861121177673,0.0021309461444616318,0.00012290477752685547,393268,0.0021628614,0.0012474553659558296,0.001248590531758964,0.00124511553440243
521259,dct_high_nontargeted_white_box_eps0.0627_iter6,0.13365472910927456,0.12329545454545456,0.996576,50.09488273622431,0.999596357345581,0.9999293088912964,0.011660797521471977,0.0007494688034057617,447967,0.0047182795,0.0023973416537046432,0.0024086430203169584,0.002395540475845337
88485,dct_high_nontargeted_white_box_eps0.0627_iter20,0.25000000000000006,0.16666666666666663,0.9794564,44.87392457110083,0.9976338148117065,0.9996750354766846,0.17381417751312256,0.013763189315795898,582355,0.008579525,0.004526354838162661,0.00446045957505703,0.00447216909378767
127263,dct_high_nontargeted_white_box_eps0.0627_iter3,0.28282828282828276,0.2575757575757575,0.99850494,52.95453353068149,0.9998172521591187,0.9999737739562988,0.004017824772745371,0.00016582012176513672,418272,0.003531181,0.0019477697787806392,0.0019513851730152965,0.001948224613443017
242724,dct_high_nontargeted_white_box_eps0.0627_iter2,0.5000000000000001,0.33333333333333326,0.99834555,54.73597766986111,0.9997861385345459,0.9999666213989258,0.006964505650103092,0.00039649009704589844,245010,0.0026485508,0.0013372781686484814,0.0013405772624537349,0.0013437531888484955
206838,dct_high_nontargeted_white_box_eps0.0627_iter3,0.42424242424242414,0.25000000000000006,0.9971462,53.04526532695712,0.9996455907821655,0.9999529123306274,0.015578467398881912,0.00027877092361450195,403593,0.0034692874,0.0019214374478906393,0.0019280222477391362,0.001933237654156983
367818,dct_high_nontargeted_white_box_eps0.0627_iter12,0.25000000000000006,0.16666666666666663,0.99051374,45.27303408112809,0.9987494945526123,0.9997814297676086,0.07993429154157639,0.005300998687744141,572798,0.008221243,0.004297041334211826,0.004266707226634026,0.004277960862964392
554328,dct_high_nontargeted_white_box_eps0.0627_iter11,0.3333333333333334,0.2848484848484849,0.989868,47.058844288821824,0.9987704157829285,0.9998430013656616,0.03977320343255997,0.002774477005004883,555038,0.006779689,0.0036188308149576187,0.0036207810044288635,0.003627056023105979
470779,dct_high_nontargeted_white_box_eps0.0627_iter1,0.25000000000000006,0.20454545454545459,0.9993661,58.03643379015058,0.9999198317527771,0.9999851584434509,0.0027756993658840656,0.00034481287002563477,396452,0.0021713253,0.0012536931317299604,0.0012534527340903878,0.0012527737999334931
32735,dct_high_nontargeted_white_box_eps0.0627_iter3,0.5000000000000001,0.42424242424242414,0.9955308,53.02747681279426,0.999431312084198,0.9999057054519653,0.03765454143285751,0.0010721683502197266,403845,0.00347723,0.0019325630273669958,0.0019341064617037773,0.0019319860730320215
463542,dct_high_nontargeted_white_box_eps0.0627_iter2,0.19752664489506597,0.19516974253816358,0.99802846,55.0129623769951,0.9997504949569702,0.9999613761901855,0.007630317937582731,0.0006085038185119629,230869,0.0025016645,0.001255473238416016,0.0012611855054274201,0.0012576114386320114
AVERAGE,summary,52.008,0.9991,0.9998,0.0387,0.0035,439903.189,0.0048,0.0026,0.0026,0.0026
