image_id,variant,map_original,map_adversarial,SSIM,PSNR,MS-SSIM,FSIM,LPIPS,DISTS,L0,L2
252219,dct_high_nontargeted_white_box_eps0.0627_iter20,0.20000000000000004,0.1818181818181818,0.9833842,44.35170768866101,0.9986405372619629,0.9997788071632385,0.05443613976240158,0.004505515098571777,590332,0.00919158,0.004633527714759111,0.004799430258572102,0.004852043930441141
87038,dct_high_nontargeted_white_box_eps0.0627_iter4,0.13338744588744592,0.11606060606060607,0.9963346,51.91127717237305,0.999521017074585,0.999937891960144,0.04587288200855255,0.002993345260620117,374237,0.003796505,0.0019177885260432959,0.0019088702974840999,0.0019032098352909088
480985,dct_high_nontargeted_white_box_eps0.0627_iter1,0.29324009324009326,0.18939393939393942,0.99953747,58.27544316587443,0.999955415725708,0.9999904036521912,0.0020271381363272667,9.763240814208984e-05,395533,0.002071395,0.0011849437141790986,0.0011856312630698085,0.0011880039237439632
348881,dct_high_nontargeted_white_box_eps0.0627_iter7,0.3333333333333334,0.28282828282828276,0.9942903,49.502898452017135,0.9993022680282593,0.9998742341995239,0.03643665462732315,0.0025780797004699707,503253,0.0050976346,0.002753344364464283,0.0027477657422423363,0.002746586687862873
181666,dct_high_nontargeted_white_box_eps0.0627_iter1,0.5000000000000001,0.3727272727272727,0.99912566,58.144069196347054,0.9999024271965027,0.9999891519546509,0.008010413497686386,0.0004451274871826172,387415,0.0021288693,0.001223615719936788,0.0012218640185892582,0.0012223728699609637
17627,dct_high_nontargeted_white_box_eps0.0627_iter1,0.16287878787878787,0.13636363636363638,0.9991119,58.04859188381472,0.9998862147331238,0.9999874830245972,0.004541055765002966,0.00016546249389648438,405141,0.0021671613,0.0012460807338356972,0.0012518882285803556,0.0012514424743130803
143931,dct_high_nontargeted_white_box_eps0.0627_iter2,0.25000000000000006,0.0,0.9983522,54.72430826610547,0.9997888803482056,0.9999620914459229,0.006512348540127277,0.0002593398094177246,240888,0.0026401551,0.0013419988099485636,0.0013442421332001686,0.0013479298213496804
303818,dct_high_nontargeted_white_box_eps0.0627_iter8,0.12979020979020978,0.11634032634032632,0.9967182,48.65796953128304,0.9995256662368774,0.9999252557754517,0.00822424702346325,0.0006540417671203613,514652,0.0056733186,0.0028705052100121975,0.0028718372341245413,0.0028671720065176487
463730,dct_high_nontargeted_white_box_eps0.0627_iter1,0.10811213741695025,0.08727272727272725,0.99931455,58.048639376476466,0.9999189376831055,0.9999897480010986,0.0031559194903820753,0.0001710057258605957,399050,0.002167479,0.0012510411906987429,0.0012493011308833957,0.0012490233639255166
322864,dct_high_nontargeted_white_box_eps0.0627_iter1,0.10000000000000002,0.08333333333333331,0.9990991,58.047765653094004,0.999902606010437,0.9999855756759644,0.004875244572758675,0.00023937225341796875,386721,0.0021680056,0.0012531032552942634,0.001253304653801024,0.0012437115656211972
308394,dct_high_nontargeted_white_box_eps0.0627_iter10,0.25000000000000006,0.12500000000000003,0.98685783,48.09733923273217,0.9988479614257812,0.9998002648353577,0.09386145323514938,0.00490802526473999,493318,0.0059173047,0.0030818029772490263,0.0030304223764687777,0.003047425765544176
456496,dct_high_nontargeted_white_box_eps0.0627_iter1,0.3333333333333334,0.1666666666666667,0.9995157,58.06922800364313,0.9999420046806335,0.9999905824661255,0.0017755585722625256,0.0001443624496459961,409284,0.002156563,0.0012439523125067353,0.0012438695412129164,0.0012437994591891766
85329,dct_high_nontargeted_white_box_eps0.0627_iter2,0.5000000000000001,0.25000000000000006,0.9972684,55.0595897406925,0.9996602535247803,0.9999001622200012,0.1079368069767952,0.01030641794204712,227786,0.0024828997,0.0012457622215151787,0.0012449839850887656,0.0012461376609280705
329323,dct_high_nontargeted_white_box_eps0.0627_iter1,0.6374360487996851,0.5834818775995246,0.9992929,58.04558053976859,0.9999246597290039,0.9999887943267822,0.0030763461254537106,0.0001512765884399414,390016,0.0021679448,0.0012508201180025935,0.001250159228220582,0.001251015579327941
239274,dct_high_nontargeted_white_box_eps0.0627_iter1,0.27472283813747234,0.1813590449954086,0.99950314,58.05357476048342,0.9999372363090515,0.99998939037323,0.0031042005866765976,0.0001462697982788086,423585,0.0021658037,0.0012452665250748396,0.0012480102013796568,0.0012518250150606036
233771,dct_high_nontargeted_white_box_eps0.0627_iter1,0.13347593582887698,0.11351619644723095,0.9992106,58.367041127321144,0.999936580657959,0.9999868869781494,0.004681968130171299,0.0002980232238769531,366211,0.0020284855,0.0011615637922659516,0.0011613474925979972,0.001161395339295268
301867,dct_high_nontargeted_white_box_eps0.0627_iter19,0.303030303030303,0.2272727272727272,0.989166,44.61686118645854,0.9987601041793823,0.9997884631156921,0.046195317059755325,0.0038619041442871094,588509,0.008868258,0.004744126461446285,0.0047359224408864975,0.004756562877446413
312421,dct_high_nontargeted_white_box_eps0.0627_iter1,0.12121212121212119,0.1104761904761905,0.9990945,58.272767592724975,0.9999005198478699,0.9999839663505554,0.00839892216026783,0.000908195972442627,386067,0.0020775686,0.0011864718981087208,0.0011847902787849307,0.0011894942726939917
185250,dct_high_nontargeted_white_box_eps0.0627_iter1,0.2575757575757575,0.24242424242424246,0.9998042,58.21536621400159,0.9999784827232361,0.9999913573265076,0.0007331565720960498,0.00015205144882202148,424981,0.0020964763,0.0012043988099321723,0.0012048501521348953,0.0011989024933427572
360661,dct_high_nontargeted_white_box_eps0.0627_iter1,0.25000000000000006,0.15584415584415587,0.9989409,58.03766090513197,0.9998714327812195,0.9999850988388062,0.014510856941342354,0.0003145933151245117,393778,0.0021707236,0.0012529025552794337,0.0012530196690931916,0.0012529146624729037
430961,dct_high_nontargeted_white_box_eps0.0627_iter37,0.18181818181818185,0.0,0.9585905,42.17074456369897,0.995171070098877,0.9993472099304199,0.2957540452480316,0.023487508296966553,614931,0.011712703,0.006246374454349279,0.006231667939573526,0.006263120099902153
80671,dct_high_nontargeted_white_box_eps0.0627_iter3,0.5000000000000001,0.25000000000000006,0.9959473,53.08747493406047,0.9994906187057495,0.9999231696128845,0.050118327140808105,0.0014650821685791016,408903,0.0034593658,0.0019212104380130768,0.0019184536067768931,0.001919345697388053
476258,dct_high_nontargeted_white_box_eps0.0627_iter13,0.5000000000000001,0.25000000000000006,0.9876142,46.67395075834299,0.9985389709472656,0.9998407959938049,0.11928272992372513,0.007739424705505371,552766,0.0070030275,0.0037698340602219105,0.003769938601180911,0.0037654598709195852
448365,dct_high_nontargeted_white_box_eps0.0627_iter13,0.1666666666666667,0.0,0.98781896,46.434459834255875,0.9985256195068359,0.9998118877410889,0.0748760923743248,0.0053713321685791016,561975,0.007240644,0.003880467964336276,0.0038743694312870502,0.003870318178087473
35197,dct_high_nontargeted_white_box_eps0.0627_iter1,0.5000000000000001,0.42424242424242414,0.9989788,58.07348855221229,0.9998826384544373,0.9999844431877136,0.009134747087955475,0.00025397539138793945,387706,0.0021542492,0.0012427077163010836,0.0012426548637449741,0.001242582336999476
349860,dct_high_nontargeted_white_box_eps0.0627_iter7,0.21022727272727265,0.13636363636363635,0.98973036,49.22013362452583,0.9987275004386902,0.9998013377189636,0.16579945385456085,0.005096137523651123,493864,0.0052678613,0.0028565304819494486,0.002854321151971817,0.0028695829678326845
180135,dct_high_nontargeted_white_box_eps0.0627_iter5,0.5000000000000001,0.25000000000000006,0.98206407,51.51211879290153,0.9986522197723389,0.999861478805542,0.09058243781328201,0.003380894660949707,260867,0.003831538,0.0020625367760658264,0.002062823623418808,0.0020626233890652657
502737,dct_high_nontargeted_white_box_eps0.0627_iter1,0.1666666666666667,0.13333333333333336,0.99893904,58.05914269963256,0.9998685121536255,0.9999827742576599,0.0056905439123511314,0.000977635383605957,385546,0.002164876,0.0012532005785033107,0.0012499255826696754,0.001237191492691636
515579,dct_high_nontargeted_white_box_eps0.0627_iter1,0.1272727272727273,0.07272727272727272,0.9993477,58.08592180528059,0.999933123588562,0.9999903440475464,0.006020240485668182,0.0002034306526184082,385513,0.0021485107,0.0012391157215461135,0.0012390766059979796,0.0012391142081469297
515445,dct_high_nontargeted_white_box_eps0.0627_iter3,0.3295454545454545,0.3181818181818181,0.99711126,52.81399005791669,0.9996418952941895,0.9999513626098633,0.024649227038025856,0.000877678394317627,423345,0.0035964032,0.0019729542545974255,0.0019805121701210737,0.0019932205323129892
438862,dct_high_nontargeted_white_box_eps0.0627_iter1,0.2493506493506494,0.23722943722943726,0.9996328,58.05120274950653,0.9999523162841797,0.9999908804893494,0.0007910678978078067,3.7550926208496094e-05,410096,0.0021666088,0.0012502731988206506,0.0012511330423876643,0.0012457527918741107
180560,dct_high_nontargeted_white_box_eps0.0627_iter1,0.5000000000000001,0.42424242424242414,0.99894744,58.05096993072085,0.9998742938041687,0.9999842047691345,0.00801053922623396,0.000987410545349121,389920,0.0021662111,0.0012510739034041762,0.001249203342013061,0.001247083186171949
321214,dct_high_nontargeted_white_box_eps0.0627_iter5,0.3333333333333334,0.1666666666666667,0.99414617,50.87102494187859,0.9992656707763672,0.9999101161956787,0.03616457059979439,0.0021924972534179688,453320,0.0043836525,0.0023964850697666407,0.002397736068814993,0.00240078242495656
474028,dct_high_nontargeted_white_box_eps0.0627_iter1,0.32124125874125875,0.31668331668331673,0.99965674,58.04156663362848,0.9999553561210632,0.9999917149543762,0.0008702950435690582,0.00011116266250610352,410476,0.002169581,0.0012497828574851155,0.0012530024396255612,0.0012526883510872722
355257,dct_high_nontargeted_white_box_eps0.0627_iter2,0.1666666666666667,0.11111111111111109,0.99818975,55.02314125626867,0.9997875094413757,0.9999701380729675,0.009813334792852402,0.00023603439331054688,224690,0.0024893594,0.0012615621089935303,0.0012601865455508232,0.0012529308442026377
63154,dct_high_nontargeted_white_box_eps0.0627_iter2,0.25000000000000006,0.0,0.99844265,54.63355621145081,0.9998037219047546,0.9999766945838928,0.007410510443150997,0.0005071759223937988,258042,0.002737364,0.0013702228898182511,0.001368946977891028,0.0013766114134341478
199551,dct_high_nontargeted_white_box_eps0.0627_iter1,0.5000000000000001,0.25000000000000006,0.9991067,58.03847198776388,0.9998955130577087,0.9999866485595703,0.005593102425336838,0.00046646595001220703,386970,0.002170753,0.0012529040686786175,0.001253453316166997,0.0012517939321696758
239347,dct_high_nontargeted_white_box_eps0.0627_iter1,0.1666666666666667,0.04545454545454546,0.99904466,58.03560033020783,0.9998907446861267,0.9999846816062927,0.005251545924693346,0.0005470514297485352,389829,0.0021715139,0.001253448543138802,0.0012533660046756268,0.0012538285227492452
514508,dct_high_nontargeted_white_box_eps0.0627_iter2,0.5000000000000001,0.47272727272727283,0.9986537,54.87418854578855,0.9998620748519897,0.9999805688858032,0.00446904543787241,0.00024253129959106445,229257,0.0025452366,0.0012978111626580358,0.001298543531447649,0.001297863433137536
473237,dct_high_nontargeted_white_box_eps0.0627_iter12,0.3333333333333334,0.06666666666666668,0.9859407,46.993828604221655,0.9983271360397339,0.9997701644897461,0.1773335337638855,0.01072084903717041,530758,0.006705982,0.003501982195302844,0.0034938929602503777,0.00348886800929904
78915,dct_high_nontargeted_white_box_eps0.0627_iter2,0.21067821067821066,0.19134199134199137,0.9990086,54.57902826916318,0.9998539686203003,0.9999783635139465,0.0028735061641782522,0.00011754035949707031,257677,0.002756871,0.0013889598194509745,0.0013912803260609508,0.0013894960284233093
551215,dct_high_nontargeted_white_box_eps0.0627_iter3,0.5000000000000001,0.25000000000000006,0.9983979,52.29039341356965,0.9997527003288269,0.9999564290046692,0.004217649810016155,0.00047451257705688477,426747,0.0038540054,0.0021213532891124487,0.002117922529578209,0.002110984642058611
544519,dct_high_nontargeted_white_box_eps0.0627_iter41,0.16666666666666663,0.12500000000000003,0.95910025,41.814893602149624,0.9950741529464722,0.9993478655815125,0.22987210750579834,0.02558666467666626,618654,0.012244334,0.006497263442724943,0.00651856604963541,0.006493023131042719
96493,dct_high_nontargeted_white_box_eps0.0627_iter1,0.1666666666666667,0.0,0.9993386,58.06624961746387,0.9999157190322876,0.9999842643737793,0.002158454153686762,0.0001881122589111328,399821,0.0021605238,0.0012458866694942117,0.0012422256404533982,0.0012460690923035145
23899,dct_high_nontargeted_white_box_eps0.0627_iter2,0.10606060606060608,0.08484848484848485,0.997449,54.91867948534359,0.9996999502182007,0.9999582171440125,0.03698960691690445,0.0011332035064697266,227234,0.0025225743,0.0012885186588391662,0.0012858170084655285,0.0012810996267944574
559842,dct_high_nontargeted_white_box_eps0.0627_iter2,0.1652892561983471,0.1621212121212121,0.99926376,54.499546105370264,0.9999048709869385,0.9999828338623047,0.0018921017181128263,0.00019150972366333008,268711,0.0028175092,0.0014120445121079683,0.001415745704434812,0.0014182674931362271
428454,dct_high_nontargeted_white_box_eps0.0627_iter7,0.25000000000000006,0.12500000000000003,0.9940471,48.842493791030684,0.9992713332176208,0.9999374747276306,0.1104486733675003,0.0074735283851623535,511595,0.005545585,0.002983498852699995,0.002984193153679371,0.0030054200906306505
399462,dct_high_nontargeted_white_box_eps0.0627_iter8,0.5000000000000001,0.2121212121212121,0.9961718,46.8628431164868,0.9995369911193848,0.9999207258224487,0.01669391244649887,0.0007939338684082031,539135,0.0069137746,0.0036083091981709003,0.003610067768022418,0.0036227223463356495
261061,dct_high_nontargeted_white_box_eps0.0627_iter42,0.3333333333333334,0.11111111111111109,0.9687729,41.57504437365378,0.996475100517273,0.9994924068450928,0.1231340616941452,0.006608843803405762,617676,0.012551459,0.006595458369702101,0.006625466048717499,0.006613530684262514
383384,dct_high_nontargeted_white_box_eps0.0627_iter2,0.16818181818181818,0.15000000000000002,0.9990036,54.831072129028456,0.999861478805542,0.999971330165863,0.0027733345050364733,0.0009137392044067383,249418,0.0026299679,0.0013111646985635161,0.001313320710323751,0.001309877377934754
508730,dct_high_nontargeted_white_box_eps0.0627_iter3,0.25000000000000006,0.18181818181818185,0.9980748,53.25822794432696,0.9997462630271912,0.9999557137489319,0.005829951725900173,0.0004132986068725586,410606,0.0033934563,0.00188252585940063,0.001880302675999701,0.0018793834606185555
368294,dct_high_nontargeted_white_box_eps0.0627_iter24,0.5000000000000001,0.25000000000000006,0.98102206,44.04846121857258,0.9982705116271973,0.9996620416641235,0.05966216325759888,0.002871394157409668,591425,0.009523244,0.004960639867931604,0.0049369544722139835,0.0049478719010949135
301135,dct_high_nontargeted_white_box_eps0.0627_iter3,0.10537190082644626,0.09403253149587461,0.99900526,52.72883271843581,0.9998721480369568,0.9999784827232361,0.0022829968947917223,0.00025969743728637695,426098,0.0036521428,0.001983173657208681,0.002008899813517928,0.001963580958545208
494869,dct_high_nontargeted_white_box_eps0.0627_iter2,0.16969696969696965,0.13939393939393938,0.99864966,55.10688476636066,0.9998277425765991,0.9999741315841675,0.004999223630875349,0.0008643269538879395,228948,0.0024718472,0.0012263832613825798,0.0012380275875329971,0.0012323150876909494
329219,dct_high_nontargeted_white_box_eps0.0627_iter5,0.14285714285714288,0.07142857142857144,0.99559015,50.51122723853581,0.9994587898254395,0.999914288520813,0.01804634928703308,0.0015413761138916016,467079,0.0045987973,0.0025061373598873615,0.00250619207508862,0.0025021834298968315
356387,dct_high_nontargeted_white_box_eps0.0627_iter1,0.13529776144907724,0.12483766233766232,0.99952155,58.07740575820589,0.999940812587738,0.9999898672103882,0.0037571077700704336,0.0003298521041870117,399133,0.0021588816,0.0012343431590124965,0.0012397282989695668,0.0012505382765084505
117425,dct_high_nontargeted_white_box_eps0.0627_iter1,0.1490909090909091,0.1,0.99903125,58.053288413394114,0.9998847246170044,0.9999833106994629,0.007047738879919052,0.0002778172492980957,389990,0.0021658584,0.0012517858995124698,0.0012506128987297416,0.0012429582420736551
214720,dct_high_nontargeted_white_box_eps0.0627_iter3,0.14285714285714288,0.07142857142857144,0.9979284,52.96894602596633,0.999760627746582,0.999963641166687,0.01015433669090271,0.0005202889442443848,405835,0.003496851,0.0019344347529113293,0.0019435768481343985,0.0019369713263586164
278848,dct_high_nontargeted_white_box_eps0.0627_iter2,0.25000000000000006,0.22727272727272732,0.9982613,54.926817486144316,0.999794602394104,0.9999688863754272,0.012626530602574348,0.000805974006652832,247718,0.0025485319,0.0012921798042953014,0.0012923068134114146,0.001290045795030892
48153,dct_high_nontargeted_white_box_eps0.0627_iter3,0.5000000000000001,0.25000000000000006,0.99896234,53.11899331224609,0.9998699426651001,0.9999688863754272,0.0031543164514005184,0.00017011165618896484,417070,0.0034583607,0.0018874198431149125,0.0019140378572046757,0.001914737280458212
459153,dct_high_nontargeted_white_box_eps0.0627_iter36,0.25000000000000006,0.12500000000000003,0.9932998,40.75065937212421,0.9991189241409302,0.9997196197509766,0.017340093851089478,0.002095460891723633,625510,0.014032944,0.0073018441908061504,0.0073075080290436745,0.007317147683352232
295713,dct_high_nontargeted_white_box_eps0.0627_iter1,0.13613406795224975,0.1074380165289256,0.99936414,58.04141079751823,0.9999257326126099,0.9999884963035583,0.002074611373245716,0.00027692317962646484,404442,0.0021694629,0.0012522578472271562,0.0012520438758656383,0.0012512990506365895
273132,dct_high_nontargeted_white_box_eps0.0627_iter3,0.3333333333333334,0.11111111111111109,0.9974733,53.19932760720695,0.9997178912162781,0.9999605417251587,0.016310447826981544,0.0009588003158569336,414030,0.0034201175,0.0018948761280626059,0.00189559708815068,0.001894061453640461
566524,dct_high_nontargeted_white_box_eps0.0627_iter3,0.1515151515151515,0.1212121212121212,0.99799746,53.295442068926235,0.9997515082359314,0.9999713897705078,0.017230328172445297,0.0010603666305541992,425599,0.0033974864,0.0018741230014711618,0.001873296918347478,0.001870807260274887
476415,dct_high_nontargeted_white_box_eps0.0627_iter6,0.25000000000000006,0.0,0.988393,50.299214727053645,0.9988107681274414,0.9998564124107361,0.11237834393978119,0.0053179264068603516,383219,0.0044898987,0.0023279860615730286,0.0023218386340886354,0.002321740845218301
292082,dct_high_nontargeted_white_box_eps0.0627_iter9,0.28282828282828276,0.09848484848484847,0.9926491,48.161673049319916,0.9991433024406433,0.9998654127120972,0.03635842353105545,0.002497732639312744,528779,0.0059703058,0.003208550624549389,0.0032082507386803627,0.0032064213883131742
360137,dct_high_nontargeted_white_box_eps0.0627_iter2,0.1666666666666667,0.08333333333333336,0.99813956,54.73496739185251,0.9997864961624146,0.9999728202819824,0.005714393686503172,0.00018084049224853516,233942,0.0026901443,0.0012890694197267294,0.0013916767202317715,0.0013887735549360514
352684,dct_high_nontargeted_white_box_eps0.0627_iter1,0.47272727272727266,0.4636363636363635,0.9988742,58.03485619925853,0.9998602271080017,0.9999787211418152,0.0058719683438539505,0.0002899169921875,389526,0.0021717548,0.0012534641427919269,0.001253922120667994,0.0012539058225229383
512836,dct_high_nontargeted_white_box_eps0.0627_iter2,0.21212121212121207,0.19318181818181815,0.99828386,54.65980783411075,0.9997841715812683,0.9999698400497437,0.008796586655080318,0.0005400776863098145,256362,0.0027179995,0.0013662766432389617,0.001362015027552843,0.0013625203864648938
8021,dct_high_nontargeted_white_box_eps0.0627_iter7,0.303030303030303,0.2803030303030302,0.99218696,49.482767173247,0.9989919662475586,0.999829113483429,0.03202655166387558,0.0017281770706176758,490926,0.005126558,0.002784644952043891,0.002779087983071804,0.0027333563193678856
107226,dct_high_nontargeted_white_box_eps0.0627_iter1,0.11604337691294211,0.1059097468188377,0.9991946,58.08225014652212,0.999897837638855,0.9999868869781494,0.006033418700098991,8.565187454223633e-05,396324,0.0021587575,0.0012537953443825245,0.0012538571609184146,0.0012128044618293643
84477,dct_high_nontargeted_white_box_eps0.0627_iter1,0.3333333333333334,0.1666666666666667,0.99899,58.08048416918389,0.9998717308044434,0.9999838471412659,0.005988788791000843,0.00019633769989013672,395752,0.0021591187,0.0012149899266660213,0.0012533077970147133,0.001253667869605124
562243,dct_high_nontargeted_white_box_eps0.0627_iter35,0.25000000000000006,0.0,0.9511761,41.99657308577031,0.9938726425170898,0.9989595413208008,0.2350590080022812,0.038646697998046875,615707,0.011949579,0.00638057803735137,0.006233069114387035,0.006425158586353064
292236,dct_high_nontargeted_white_box_eps0.0627_iter4,0.3333333333333334,0.3160173160173161,0.9962433,51.56454174848033,0.9995779991149902,0.9999377727508545,0.019066140055656433,0.0008466243743896484,369850,0.0039198166,0.0020140311680734158,0.0020128684118390083,0.00201706332154572
288042,dct_high_nontargeted_white_box_eps0.0627_iter47,0.3333333333333334,0.0,0.96480757,40.022040054961174,0.9953341484069824,0.9992508888244629,0.11532310396432877,0.010508537292480469,628165,0.015131389,0.00793619267642498,0.007929828017950058,0.007935889065265656
500257,dct_high_nontargeted_white_box_eps0.0627_iter3,0.15909090909090912,0.15454545454545457,0.99776524,52.912891407488914,0.9997290372848511,0.9999620914459229,0.022414127364754677,0.0018525123596191406,416968,0.0035381557,0.0019611541647464037,0.0018839361146092415,0.0019716229289770126
334719,dct_high_nontargeted_white_box_eps0.0627_iter1,0.29545454545454547,0.2651515151515152,0.9994574,58.03473193566564,0.9999282360076904,0.9999895691871643,0.0014429388102144003,0.00032526254653930664,408258,0.002171769,0.001253833994269371,0.0012538568116724491,0.001253691385500133
283520,dct_high_nontargeted_white_box_eps0.0627_iter14,0.5000000000000001,0.42424242424242414,0.9952757,44.332476170788546,0.9993219375610352,0.9998621344566345,0.01217801496386528,0.0016800165176391602,598490,0.009364953,0.004864885471761227,0.004856694955378771,0.00486144470050931
319721,dct_high_nontargeted_white_box_eps0.0627_iter2,0.32792207792207795,0.18181818181818182,0.9986486,54.91940620995359,0.9998382925987244,0.999974250793457,0.0059452299028635025,0.0004369020462036133,243235,0.0025698382,0.001290644402615726,0.001288806670345366,0.0012785411672666669
347265,dct_high_nontargeted_white_box_eps0.0627_iter38,0.5000000000000001,0.0,0.97904557,40.15048321208643,0.9972042441368103,0.9995991587638855,0.07095448672771454,0.010536909103393555,628107,0.015002224,0.007826745510101318,0.007792714051902294,0.007835255935788155
414170,dct_high_nontargeted_white_box_eps0.0627_iter19,0.3333333333333334,0.303030303030303,0.99009675,43.80045757350098,0.9988011717796326,0.9997748732566833,0.04062959551811218,0.003596663475036621,606693,0.009896007,0.005228639580309391,0.00520577235147357,0.005203655455261469
118921,dct_high_nontargeted_white_box_eps0.0627_iter50,0.5000000000000001,0.25000000000000006,0.95953196,40.53640719818381,0.9948078989982605,0.9994978904724121,0.15425291657447815,0.020395755767822266,626563,0.014314395,0.007463348563760519,0.007425997871905565,0.007479189429432154
261982,dct_high_nontargeted_white_box_eps0.0627_iter3,0.3333333333333334,0.1666666666666667,0.9975305,52.70697104473289,0.9997164607048035,0.9999457597732544,0.013656600378453732,0.0009355545043945312,406642,0.0036243342,0.0019866744987666607,0.0019866223447024822,0.002012753626331687
99242,dct_high_nontargeted_white_box_eps0.0627_iter28,0.5000000000000001,0.10000000000000002,0.9583152,42.80270967904309,0.994263768196106,0.9989697933197021,0.200778990983963,0.02530902624130249,610541,0.010943579,0.0057170032523572445,0.005659661255776882,0.0057608699426054955
314709,dct_high_nontargeted_white_box_eps0.0627_iter16,0.5000000000000001,0.25000000000000006,0.9804624,45.37470585498862,0.9974561929702759,0.9997016191482544,0.11531545221805573,0.0060675740242004395,578620,0.0081821885,0.004231839906424284,0.004229048732668161,0.004276310559362173
541055,dct_high_nontargeted_white_box_eps0.0627_iter1,0.3232323232323233,0.2900432900432901,0.9993346,58.10415280142716,0.9999202489852905,0.999988853931427,0.002260453999042511,0.00036323070526123047,401458,0.0021513249,0.0012490518856793642,0.0012435208773240447,0.001209147390909493
409475,dct_high_nontargeted_white_box_eps0.0627_iter19,1.0000000000000002,0.27272727272727276,0.9785927,44.22258091367223,0.9974266886711121,0.9996499419212341,0.12083981931209564,0.010213077068328857,594514,0.009284238,0.004950272850692272,0.004919780883938074,0.004969860427081585
464786,dct_high_nontargeted_white_box_eps0.0627_iter1,0.25000000000000006,0.0,0.9988926,58.03881135359545,0.9998807907104492,0.9999861121177673,0.016154136508703232,0.0007910728454589844,381333,0.0021706794,0.0012540112948045135,0.0012539876624941826,0.0012498475844040513
578545,dct_high_nontargeted_white_box_eps0.0627_iter1,0.25000000000000006,0.08333333333333331,0.9992086,58.03398148101934,0.9999021291732788,0.9999861121177673,0.00292747700586915,0.0003986358642578125,394052,0.0021720082,0.0012540118768811226,0.0012540076859295368,0.0012540074530988932
363207,dct_high_nontargeted_white_box_eps0.0627_iter1,0.14999999999999997,0.12045454545454544,0.99921626,58.03899835417987,0.9999018907546997,0.9999855160713196,0.004662541672587395,0.00013631582260131836,393815,0.002170284,0.0012523145414888859,0.0012526428326964378,0.001252744346857071
372577,dct_high_nontargeted_white_box_eps0.0627_iter24,0.42424242424242414,0.27272727272727276,0.9772102,43.27361771173193,0.9969580173492432,0.9995872378349304,0.09279567748308182,0.009925127029418945,602866,0.010331549,0.005435032770037651,0.005376973655074835,0.005448987707495689
212166,dct_high_nontargeted_white_box_eps0.0627_iter11,1.0000000000000002,0.0,0.9886942,47.37175853027458,0.9985947608947754,0.9997771978378296,0.058554403483867645,0.0036088228225708008,539074,0.006466434,0.0034793110098689795,0.003483432810753584,0.0034860344603657722
323355,dct_high_nontargeted_white_box_eps0.0627_iter2,0.33333333333333326,0.13636363636363638,0.99830484,54.626814682080536,0.9997997283935547,0.9999738335609436,0.007564702071249485,0.00013518333435058594,243940,0.00269132,0.0013748726341873407,0.0013779931468889117,0.001371317426674068
9483,dct_high_nontargeted_white_box_eps0.0627_iter12,0.25000000000000006,0.12500000000000003,0.9889352,46.532350489708335,0.998598575592041,0.9997374415397644,0.04257778078317642,0.004812300205230713,543774,0.007097174,0.003713212674483657,0.003700047032907605,0.0037109714467078447
507223,dct_high_nontargeted_white_box_eps0.0627_iter1,0.22943722943722947,0.20538720538720537,0.9995673,58.06778251034457,0.9999536871910095,0.9999920129776001,0.001218888210132718,6.139278411865234e-05,392212,0.0021601196,0.0012431242503225803,0.0012445540633052588,0.0012451887596398592
239537,dct_high_nontargeted_white_box_eps0.0627_iter42,0.1666666666666667,0.11111111111111109,0.9636741,37.99260463491124,0.9939744472503662,0.999005913734436,0.06348437815904617,0.004933953285217285,633520,0.019136826,0.010033626109361649,0.010091357864439487,0.009993030689656734
281414,dct_high_nontargeted_white_box_eps0.0627_iter24,0.3333333333333334,0.1666666666666667,0.9842267,43.10999929396714,0.9981479644775391,0.99970942735672,0.04629570618271828,0.0049114227294921875,605890,0.010561789,0.00552366953343153,0.005533634219318628,0.00552336685359478
537991,dct_high_nontargeted_white_box_eps0.0627_iter12,0.25000000000000006,0.08333333333333331,0.9907835,47.022049844793386,0.9988797903060913,0.9998356699943542,0.03546794503927231,0.002233147621154785,542212,0.006760157,0.003486714093014598,0.0034898151643574238,0.0034994070883840322
321333,dct_high_nontargeted_white_box_eps0.0627_iter2,0.5000000000000001,0.42424242424242414,0.99842757,54.85512634938563,0.9998153448104858,0.9999763369560242,0.0072896783240139484,0.0005447268486022949,237493,0.0025836963,0.0013036583550274372,0.00130462646484375,0.0013026121305301785
108026,dct_high_nontargeted_white_box_eps0.0627_iter12,0.3333333333333334,0.11111111111111109,0.9711046,47.410546166210985,0.9982315897941589,0.9996938705444336,0.12399868667125702,0.009368360042572021,475755,0.006323141,0.0033570248633623123,0.0032565807923674583,0.003241395577788353
243204,dct_high_nontargeted_white_box_eps0.0627_iter2,0.12500000000000003,0.0,0.998226,54.98192010654837,0.9997736811637878,0.9999591708183289,0.007133769802749157,0.0005033612251281738,230898,0.002514095,0.0012688676360994577,0.0012651594588533044,0.0012645317474380136
38829,dct_high_nontargeted_white_box_eps0.0627_iter6,0.1313131313131313,0.11742424242424242,0.9956963,50.16696190011145,0.9995971918106079,0.999931275844574,0.01290508545935154,0.0008733272552490234,423807,0.004642691,0.00237267860211432,0.002384857041761279,0.002370154485106468
187243,dct_high_nontargeted_white_box_eps0.0627_iter30,0.1666666666666667,0.06666666666666668,0.97761756,42.98316531500781,0.9971374273300171,0.9994522929191589,0.11248017847537994,0.01988440752029419,609829,0.010664582,0.005588929168879986,0.00558013329282403,0.005589586216956377
534827,dct_high_nontargeted_white_box_eps0.0627_iter1,0.15454545454545457,0.14545454545454548,0.99920243,58.58063991974827,0.9999179840087891,0.9999836683273315,0.005974356085062027,0.0005883574485778809,401078,0.0019484549,0.0011059343814849854,0.001102976850233972,0.0011081720003858209
190756,dct_high_nontargeted_white_box_eps0.0627_iter1,0.5000000000000001,0.25000000000000006,0.99863833,58.041735171045154,0.9998399019241333,0.9999722242355347,0.029829809442162514,0.0014114975929260254,386417,0.0021696244,0.001249636523425579,0.0012530983658507466,0.0012525636702775955
392722,dct_high_nontargeted_white_box_eps0.0627_iter1,0.12121212121212119,0.1165289256198347,0.999366,58.03961024580717,0.999919593334198,0.9999901652336121,0.003276641946285963,0.0003643035888671875,408657,0.0021699797,0.0012523798504844308,0.001252402551472187,0.001252374961040914
264535,dct_high_nontargeted_white_box_eps0.0627_iter2,0.303030303030303,0.2848484848484849,0.9993634,55.11242724843933,0.9999372959136963,0.999984085559845,0.002655268181115389,0.0002532005310058594,255623,0.0025742168,0.0012333319755271077,0.0012399308616295457,0.001241010264493525
458755,dct_high_nontargeted_white_box_eps0.0627_iter1,0.23863636363636365,0.19090909090909092,0.9996367,58.057379127121884,0.9999565482139587,0.9999921917915344,0.0017054243944585323,9.143352508544922e-05,413003,0.0021637427,0.0012466830667108297,0.0012476789997890592,0.0012474633986130357
130599,dct_high_nontargeted_white_box_eps0.0627_iter1,1.0000000000000002,0.5000000000000001,0.9994597,58.0376372383785,0.9999340772628784,0.9999910593032837,0.0029729208908975124,0.00019431114196777344,419368,0.0021708359,0.0012527517974376678,0.0012532746186479926,0.001252834452316165
456559,dct_high_nontargeted_white_box_eps0.0627_iter33,0.5000000000000001,0.25000000000000006,0.96063524,42.84545361634464,0.9950118064880371,0.9993447661399841,0.19952470064163208,0.020718932151794434,612000,0.010907775,0.005797422956675291,0.005790639668703079,0.005790093448013067
101068,dct_high_nontargeted_white_box_eps0.0627_iter22,0.5000000000000001,0.25000000000000006,0.98489904,43.92294441610489,0.9981207847595215,0.9996709227561951,0.07367530465126038,0.009879589080810547,599311,0.009681785,0.005044538527727127,0.005024709738790989,0.0050436826422810555
140640,dct_high_nontargeted_white_box_eps0.0627_iter1,0.20000000000000004,0.1818181818181818,0.99917966,58.04724192950538,0.9999059438705444,0.9999859929084778,0.004656105302274227,0.00020015239715576172,395522,0.0021679224,0.0012530360836535692,0.001250110100954771,0.001247432199306786
21903,dct_high_nontargeted_white_box_eps0.0627_iter3,0.42424242424242414,0.3863636363636363,0.99871856,52.60887228631628,0.9998406171798706,0.9999733567237854,0.004393341019749641,0.0003514289855957031,427616,0.0037040513,0.0020411715377122164,0.0020121505949646235,0.0020121096167713404
337055,dct_high_nontargeted_white_box_eps0.0627_iter5,0.5000000000000001,0.25000000000000006,0.99768615,50.308473980321395,0.9996954202651978,0.9999407529830933,0.008172884583473206,0.000906825065612793,487033,0.0047502005,0.00256458786316216,0.0025647778529673815,0.0025659932289272547
34139,dct_high_nontargeted_white_box_eps0.0627_iter1,0.22222222222222218,0.09090909090909093,0.99941987,58.07444995201089,0.9999372363090515,0.9999889731407166,0.0022179423831403255,0.0002982020378112793,394955,0.0021575696,0.0012428293703123927,0.0012403364526107907,0.0012439853744581342
80340,dct_high_nontargeted_white_box_eps0.0627_iter1,0.11145218417945693,0.07024793388429752,0.99952984,58.04247868235964,0.9999449253082275,0.9999883770942688,0.0016977691557258368,0.00029402971267700195,409977,0.0021691688,0.0012522110482677817,0.001252095215022564,0.001250377856194973
121031,dct_high_nontargeted_white_box_eps0.0627_iter16,0.28571428571428575,0.18181818181818185,0.9969125,44.10387749616943,0.9995537996292114,0.9998741745948792,0.007873551920056343,0.002421081066131592,604292,0.009640992,0.004969572648406029,0.0049635423347353935,0.0049790735356509686
464089,dct_high_nontargeted_white_box_eps0.0627_iter1,0.12445887445887448,0.10700757575757576,0.99959016,58.04447630427103,0.9999456405639648,0.9999915957450867,0.0011759453918784857,4.112720489501953e-05,422819,0.0021682854,0.001251538167707622,0.0012512941611930728,0.0012501375749707222
453708,dct_high_nontargeted_white_box_eps0.0627_iter1,0.4636363636363635,0.459090909090909,0.9990913,58.104275754724945,0.9998974204063416,0.9999878406524658,0.006905341055244207,0.001010298728942871,384034,0.002143642,0.0012312729377299547,0.001234190072864294,0.0012361836852505803
43314,dct_high_nontargeted_white_box_eps0.0627_iter1,0.10606060606060608,0.08484848484848485,0.9990142,58.319337156666684,0.9999253749847412,0.9999819993972778,0.004802947398275137,0.00027638673782348633,354975,0.0020513455,0.0011741917114704847,0.0011739404872059822,0.0011746602831408381
273715,dct_high_nontargeted_white_box_eps0.0627_iter4,0.5000000000000001,0.3636363636363637,0.9948837,51.787342279903406,0.9995364546775818,0.9999207854270935,0.03500054404139519,0.0005621910095214844,352391,0.0038049205,0.001944627147167921,0.0019447578815743327,0.0019478738540783525
406611,dct_high_nontargeted_white_box_eps0.0627_iter1,0.10749653396712221,0.10463458110516934,0.99927354,58.05146305553602,0.9999095797538757,0.9999911189079285,0.006490442436188459,0.00014710426330566406,407955,0.0021658645,0.0012490038061514497,0.0012487417552620173,0.0012491716770455241
475064,dct_high_nontargeted_white_box_eps0.0627_iter1,0.3749999999999999,0.09090909090909091,0.99921083,58.11638020354099,0.9999171495437622,0.9999890923500061,0.004237905610352755,0.00012218952178955078,378492,0.00214342,0.0012370266485959291,0.0012386421440169215,0.0012156559387221932
137246,dct_high_nontargeted_white_box_eps0.0627_iter5,0.1666666666666667,0.14141414141414138,0.9957226,50.7210834180252,0.9995237588882446,0.999927818775177,0.040408067405223846,0.002457261085510254,462414,0.0044707144,0.002439456060528755,0.0024352625478059053,0.002440029988065362
162092,dct_high_nontargeted_white_box_eps0.0627_iter1,0.19816919191919188,0.17257969303423848,0.9989925,58.10430075168843,0.9998754262924194,0.9999818801879883,0.007100009825080633,0.0006830692291259766,387305,0.0021484215,0.00124255265109241,0.0012351884506642818,0.0012238876661285758
263969,dct_high_nontargeted_white_box_eps0.0627_iter2,0.16666666666666663,0.10000000000000002,0.9973905,54.99491150209613,0.9997930526733398,0.9999701976776123,0.01596151292324066,0.0005769729614257812,206996,0.0025257892,0.0012944630580022931,0.0012886507902294397,0.0012823843862861395
551439,dct_high_nontargeted_white_box_eps0.0627_iter2,0.3333333333333334,0.1666666666666667,0.99796057,54.99518333899323,0.9998083114624023,0.999970018863678,0.013360696844756603,0.0005505084991455078,221297,0.0025046645,0.0012748581357300282,0.0012740623205900192,0.001267619663849473
554735,dct_high_nontargeted_white_box_eps0.0627_iter33,0.25000000000000006,0.0,0.96600413,42.87274447535965,0.9958014488220215,0.9994725584983826,0.19685882329940796,0.017755985260009766,609731,0.010817637,0.005775575526058674,0.0057574789971113205,0.005761388223618269
386352,dct_high_nontargeted_white_box_eps0.0627_iter3,0.31060606060606066,0.2850180122907396,0.99749994,53.25038480210552,0.9997276663780212,0.9999678730964661,0.01607782207429409,0.0005811452865600586,403871,0.0033867976,0.0018770963652059436,0.0018820732366293669,0.0018862438155338168
311394,dct_high_nontargeted_white_box_eps0.0627_iter5,0.5000000000000001,0.25000000000000006,0.9957881,50.40317713464039,0.9994599223136902,0.9998955130577087,0.020133908838033676,0.00140458345413208,465175,0.0046427567,0.0025310807395726442,0.0025340060237795115,0.002534719416871667
578489,dct_high_nontargeted_white_box_eps0.0627_iter2,0.20714285714285716,0.18494687131050772,0.9981629,54.82958759040966,0.9997912645339966,0.9999659061431885,0.009930361062288284,0.0005412101745605469,235861,0.002597586,0.0013140197843313217,0.00131913460791111,0.001309582614339888
448076,dct_high_nontargeted_white_box_eps0.0627_iter7,0.16233766233766236,0.1528925619834711,0.99303466,48.99583212188,0.9991845488548279,0.9998814463615417,0.037347909063100815,0.0025030970573425293,498859,0.005402105,0.0029325305949896574,0.002926872344687581,0.002934906864538789
221291,dct_high_nontargeted_white_box_eps0.0627_iter4,0.25000000000000006,0.16666666666666663,0.99473006,51.60344915521556,0.9992968440055847,0.9998646378517151,0.11785353720188141,0.004136264324188232,370529,0.0038893456,0.0019914135336875916,0.001990615390241146,0.001996047329157591
141821,dct_high_nontargeted_white_box_eps0.0627_iter1,0.10606060606060604,0.08333333333333331,0.9993902,58.03436465392249,0.9999324083328247,0.9999908208847046,0.0023606340400874615,0.00013321638107299805,394587,0.0021718985,0.0012539838207885623,0.001253975206054747,0.001253739814274013
199310,dct_high_nontargeted_white_box_eps0.0627_iter2,0.5000000000000001,0.25000000000000006,0.999106,54.783740824301006,0.9998931884765625,0.9999829530715942,0.0030098287388682365,0.00032329559326171875,245393,0.002660102,0.0013332512462511659,0.0013418865855783224,0.0013231991324573755
89648,dct_high_nontargeted_white_box_eps0.0627_iter4,0.1069383676335548,0.10466269841269843,0.9962738,51.697690189324945,0.9995890855789185,0.999944269657135,0.019747689366340637,0.0006705522537231445,367084,0.003857228,0.0019717589020729065,0.001972838072106242,0.0019730734638869762
151000,dct_high_nontargeted_white_box_eps0.0627_iter1,0.15435606060606058,0.145021645021645,0.9991138,58.066355621325116,0.9999059438705444,0.9999868869781494,0.005560314282774925,0.00016307830810546875,387512,0.0021602232,0.0012451049406081438,0.0012450754875317216,0.0012439086567610502
100624,dct_high_nontargeted_white_box_eps0.0627_iter1,0.22727272727272732,0.21212121212121207,0.99895304,58.151115746625464,0.9998952746391296,0.9999858140945435,0.006763844285160303,0.00020325183868408203,373173,0.0021310425,0.00123774993699044,0.0012233740417286754,0.0012008126359432936
117645,dct_high_nontargeted_white_box_eps0.0627_iter3,0.5000000000000001,0.0,0.9957314,53.233905960438534,0.999445915222168,0.999908447265625,0.044908348470926285,0.0036454200744628906,412310,0.0034036804,0.0018869172781705856,0.0018844264559447765,0.0018905007746070623
202228,dct_high_nontargeted_white_box_eps0.0627_iter7,1.0000000000000002,0.0,0.9900128,49.157837997624576,0.998731791973114,0.9997634291648865,0.06617428362369537,0.008798062801361084,495431,0.0053051175,0.0028820745646953583,0.0028733767103403807,0.002873927354812622
441586,dct_high_nontargeted_white_box_eps0.0627_iter2,0.10700757575757575,0.10606060606060605,0.9985102,55.130947882897736,0.9998249411582947,0.9999754428863525,0.0071176281198859215,0.0001900196075439453,230672,0.0024580832,0.0012207614490762353,0.0012250358704477549,0.0012296399800106883
99054,dct_high_nontargeted_white_box_eps0.0627_iter1,0.24242424242424235,0.2272727272727272,0.99913263,58.03759133915204,0.9998962879180908,0.9999887347221375,0.009129578247666359,0.0003643631935119629,398041,0.0021709478,0.0012528377119451761,0.0012535491259768605,0.0012525217607617378
570539,dct_high_nontargeted_white_box_eps0.0627_iter1,0.16498316498316498,0.08225108225108226,0.99919766,58.094208469178376,0.9999138712882996,0.999988317489624,0.0032198154367506504,0.0002785921096801758,383221,0.0021548776,0.0012499295407906175,0.0012397593818604946,0.001220532925799489
559956,dct_high_nontargeted_white_box_eps0.0627_iter3,0.11850649350649353,0.11363636363636366,0.9982924,53.002708196085784,0.9997972249984741,0.9999668598175049,0.007190316915512085,0.0002518296241760254,408983,0.0034962676,0.0019395744893699884,0.0019395090639591217,0.0019372226670384407
11197,dct_high_nontargeted_white_box_eps0.0627_iter1,0.11545454545454545,0.10181818181818184,0.9992437,58.04391753622185,0.9999089241027832,0.9999861121177673,0.005159446969628334,0.0002555251121520996,399205,0.0021688226,0.0012500188313424587,0.0012524151243269444,0.0012510038213804364
483667,dct_high_nontargeted_white_box_eps0.0627_iter10,0.1666666666666667,0.06666666666666668,0.98870707,47.824818036443524,0.9985862970352173,0.9997885823249817,0.0628635585308075,0.007500171661376953,515195,0.0061313543,0.0031713005155324936,0.0031645833514630795,0.003172828583046794
448810,dct_high_nontargeted_white_box_eps0.0627_iter7,1.0000000000000002,0.0,0.99403304,48.72024002813561,0.9993686676025391,0.9999094605445862,0.03833037242293358,0.0015794038772583008,503420,0.005583734,0.0030348640866577625,0.0030195037834346294,0.003036277135834098
375278,dct_high_nontargeted_white_box_eps0.0627_iter6,0.20000000000000004,0.10000000000000002,0.99502164,49.94282173256187,0.9994308948516846,0.9999231696128845,0.03315013274550438,0.0014318227767944336,444555,0.0047812737,0.002448204206302762,0.0024582440964877605,0.002464535878971219
21167,dct_high_nontargeted_white_box_eps0.0627_iter3,0.3333333333333334,0.28282828282828276,0.99580383,53.12039423458239,0.9994875192642212,0.9999209642410278,0.05755755305290222,0.003441333770751953,406223,0.0034420635,0.0019131088629364967,0.001911523868329823,0.0019124154932796955
384468,dct_high_nontargeted_white_box_eps0.0627_iter1,0.203030303030303,0.1351981351981352,0.99959964,58.19930960076687,0.9999525547027588,0.999988317489624,0.0018254375318065286,0.00016832351684570312,409732,0.0021016677,0.0012069448130205274,0.0012071627425029874,0.0012074101250618696
253742,dct_high_nontargeted_white_box_eps0.0627_iter1,0.18595041322314051,0.17824675324675326,0.9997068,58.065585940130255,0.999962329864502,0.9999909400939941,0.0006391488714143634,0.0004037022590637207,416014,0.0021613091,0.0012471397640183568,0.0012475104304030538,0.0012401051353663206
186873,dct_high_nontargeted_white_box_eps0.0627_iter2,0.41298701298701296,0.3138528138528139,0.9984017,55.17068321818797,0.9998185634613037,0.9999791383743286,0.019444135949015617,0.0004380345344543457,230741,0.0024522382,0.0012177161406725645,0.0012092721881344914,0.0012128291418775916
64462,dct_high_nontargeted_white_box_eps0.0627_iter17,0.5000000000000001,0.25000000000000006,0.98157406,45.48026775527977,0.9978593587875366,0.9996715188026428,0.1129743903875351,0.008753180503845215,582347,0.008102647,0.004279447719454765,0.004275941289961338,0.004324587062001228
68387,dct_high_nontargeted_white_box_eps0.0627_iter14,0.3333333333333334,0.31515151515151524,0.9850466,45.983249151350265,0.998093843460083,0.9997227191925049,0.06573671102523804,0.0034497976303100586,560028,0.0075769797,0.003955981694161892,0.003940235357731581,0.003953610081225634
345466,dct_high_nontargeted_white_box_eps0.0627_iter3,0.13257575757575754,0.10994560994560994,0.9980523,52.843701537200914,0.9997482299804688,0.999963641166687,0.004833876620978117,0.00028842687606811523,417909,0.0035764049,0.0019662377890199423,0.0019768739584833384,0.0019761815201491117
118367,dct_high_nontargeted_white_box_eps0.0627_iter1,0.12500000000000003,0.08333333333333331,0.9990192,58.04637785973582,0.9998831748962402,0.9999850392341614,0.006043017841875553,0.0002841949462890625,391973,0.0021683816,0.0012522656470537186,0.001251103705726564,0.0012479517608880997
113235,dct_high_nontargeted_white_box_eps0.0627_iter5,0.12500000000000003,0.08333333333333331,0.99764013,49.92222290539259,0.9997013807296753,0.999945342540741,0.013405514881014824,0.0008985400199890137,493046,0.0049755983,0.002688610926270485,0.0026858027558773756,0.002690271707251668
163640,dct_high_nontargeted_white_box_eps0.0627_iter6,0.25000000000000006,0.22727272727272724,0.9970576,49.528605669853654,0.9996358752250671,0.9999287724494934,0.01251302845776081,0.0014710426330566406,471116,0.0050844643,0.002581968903541565,0.0025996228214353323,0.0026015874464064837
1490,dct_high_nontargeted_white_box_eps0.0627_iter5,0.25000000000000006,0.0,0.99713796,50.53850938790957,0.9996386766433716,0.999957799911499,0.06509581953287125,0.012240052223205566,484854,0.0046276795,0.002496776869520545,0.0024990017991513014,0.0024948047939687967
329456,dct_high_nontargeted_white_box_eps0.0627_iter3,0.21157024793388432,0.20984848484848487,0.9975677,53.08528634259887,0.9997367262840271,0.999959409236908,0.021120674908161163,0.0006284117698669434,412997,0.0034717305,0.0019022596534341574,0.0018956750864163041,0.0019184108823537827
260470,dct_high_nontargeted_white_box_eps0.0627_iter2,0.11313131313131314,0.11188811188811189,0.99856824,54.837456139179054,0.9998478889465332,0.9999822974205017,0.009927766397595406,0.0004419088363647461,228895,0.0025780208,0.001322856405749917,0.0013225183356553316,0.0012968610972166061
252776,dct_high_nontargeted_white_box_eps0.0627_iter1,0.3333333333333334,0.2848484848484849,0.99889463,58.03917187055304,0.9998749494552612,0.9999849200248718,0.007572466973215342,0.0006957650184631348,383417,0.0021701853,0.0012526543578132987,0.001252599060535431,0.0012522940523922443
201072,dct_high_nontargeted_white_box_eps0.0627_iter1,0.5000000000000001,0.43181818181818177,0.99928147,58.04305981044514,0.9999188184738159,0.9999920725822449,0.004424017854034901,0.00011205673217773438,387525,0.0021690177,0.0012507947394624352,0.0012522385222837329,0.0012511414242908359
18150,dct_high_nontargeted_white_box_eps0.0627_iter1,0.20000000000000004,0.14545454545454548,0.9992352,58.03697852132142,0.9999057054519653,0.9999851584434509,0.002717662137001753,0.00023233890533447266,393507,0.0021709304,0.0012530861422419548,0.0012532277032732964,0.0012531427200883627
518770,dct_high_nontargeted_white_box_eps0.0627_iter1,0.2424242424242425,0.20984848484848487,0.9990242,58.04354324109561,0.999882161617279,0.9999837279319763,0.005824183113873005,0.00029778480529785156,390659,0.002168213,0.0012515272246673703,0.0012515770504251122,0.0012506794882938266
59044,dct_high_nontargeted_white_box_eps0.0627_iter1,0.14692378328741965,0.14307359307359307,0.99901867,58.03957208933152,0.9998868703842163,0.9999847412109375,0.00559723237529397,0.0006308555603027344,390511,0.002169938,0.0012524165213108063,0.0012526039499789476,0.0012521898606792092
172946,dct_high_nontargeted_white_box_eps0.0627_iter2,0.20979020979020976,0.18910913647755753,0.9982083,54.93679947275191,0.9997947216033936,0.9999765157699585,0.01157605554908514,0.0009576082229614258,231021,0.0025294067,0.0012788084568455815,0.0012811854248866439,0.0012782516423612833
234607,dct_high_nontargeted_white_box_eps0.0627_iter1,0.42424242424242414,0.3863636363636363,0.9990203,58.055646061210346,0.9998895525932312,0.9999842047691345,0.004795534070581198,0.0001614093780517578,385346,0.0021640523,0.0012464694445952773,0.001248078653588891,0.0012487533967942
532690,dct_high_nontargeted_white_box_eps0.0627_iter1,0.2640692640692641,0.2451790633608816,0.99913186,58.04569634362987,0.9998883605003357,0.9999817609786987,0.004419312346726656,0.0008058547973632812,396054,0.002167887,0.0012513694819062948,0.001251947251148522,0.0012485930928960443
323895,dct_high_nontargeted_white_box_eps0.0627_iter3,0.42424242424242414,0.3863636363636363,0.9971402,53.07265486304442,0.9995882511138916,0.9999415874481201,0.0089259073138237,0.0004932284355163574,426038,0.0034882203,0.0019215918146073818,0.0019221825059503317,0.0019198873778805137
50326,dct_high_nontargeted_white_box_eps0.0627_iter34,0.3333333333333334,0.11111111111111109,0.9676135,42.565689452054,0.996074378490448,0.9995649456977844,0.20164281129837036,0.017003297805786133,613992,0.011287308,0.0059021334163844585,0.00589027302339673,0.0058911629021167755
162035,dct_high_nontargeted_white_box_eps0.0627_iter1,0.34090909090909083,0.2878787878787878,0.99933153,58.040144513631176,0.9999136924743652,0.9999862909317017,0.0024116216227412224,0.0001964569091796875,402031,0.002169639,0.0012522569159045815,0.0012521777534857392,0.0012522951001301408
415727,dct_high_nontargeted_white_box_eps0.0627_iter2,0.22727272727272724,0.13636363636363635,0.9984322,54.97912870769497,0.9998308420181274,0.9999778866767883,0.00731323380023241,0.0002875328063964844,223905,0.0024816247,0.0012700848747044802,0.0012698126956820488,0.0012649911222979426
46252,dct_high_nontargeted_white_box_eps0.0627_iter1,0.303030303030303,0.2545454545454546,0.99982566,58.04294328047661,0.999973475933075,0.9999914765357971,0.00040885567432269454,4.863739013671875e-05,436051,0.002169051,0.001250504283234477,0.0012509968364611268,0.001252771820873022
182021,dct_high_nontargeted_white_box_eps0.0627_iter4,0.21212121212121215,0.09696969696969698,0.9946014,52.10236355793964,0.9993206858634949,0.9999069571495056,0.06521175801753998,0.0032567977905273438,345174,0.0036385376,0.0018572726985439658,0.0018536821007728577,0.001853966386988759
90284,dct_high_nontargeted_white_box_eps0.0627_iter50,0.5000000000000001,0.25000000000000006,0.9401471,40.10373758639137,0.992457389831543,0.9989199638366699,0.18899139761924744,0.02408456802368164,624641,0.014733496,0.007770576514303684,0.007747383788228035,0.007892907597124577
450686,dct_high_nontargeted_white_box_eps0.0627_iter8,0.5000000000000001,0.25000000000000006,0.9888139,48.07777813363192,0.9985834360122681,0.9997780323028564,0.05400495231151581,0.005257844924926758,500635,0.00593997,0.003099612193182111,0.0030658449977636337,0.0030919783748686314
5060,dct_high_nontargeted_white_box_eps0.0627_iter3,0.5000000000000001,0.25000000000000006,0.99837214,52.94211425583626,0.999776303768158,0.9999498128890991,0.005701843649148941,0.0006844401359558105,421412,0.0035403941,0.0019549934659153223,0.001948334276676178,0.0019464681390672922
297578,dct_high_nontargeted_white_box_eps0.0627_iter4,0.25000000000000006,0.21022727272727265,0.9945931,51.99687544862968,0.9995435476303101,0.999922513961792,0.06980347633361816,0.0023728609085083008,332985,0.0036747307,0.0018823555437847972,0.0018833265639841557,0.0018873534863814712
458992,dct_high_nontargeted_white_box_eps0.0627_iter13,0.25000000000000006,0.12500000000000003,0.99039674,46.615386688107314,0.9988877177238464,0.999843418598175,0.04826783016324043,0.003398418426513672,555827,0.0070695593,0.0037831657100468874,0.003799027530476451,0.0037932097911834717
164602,dct_high_nontargeted_white_box_eps0.0627_iter23,0.3333333333333334,0.28282828282828276,0.9791296,44.241390577583566,0.997459888458252,0.9995965957641602,0.09073515236377716,0.00815671682357788,593747,0.009256753,0.004951547831296921,0.004952933173626661,0.004947821609675884
67180,dct_high_nontargeted_white_box_eps0.0627_iter12,0.5000000000000001,0.10000000000000002,0.996016,46.19890502679539,0.999439001083374,0.9998670816421509,0.012907782569527626,0.0019870996475219727,575070,0.007567022,0.0038690685760229826,0.003876899369060993,0.0038691554218530655
126226,dct_high_nontargeted_white_box_eps0.0627_iter2,0.18181818181818185,0.16666666666666666,0.99837655,54.683371836807744,0.9997963905334473,0.9999662637710571,0.006495760753750801,0.0005843043327331543,244447,0.002679779,0.0013589743757620454,0.0013610947644338012,0.0013570004375651479
190923,dct_high_nontargeted_white_box_eps0.0627_iter1,0.16459235209235212,0.14273961332784862,0.9994089,58.05302459543573,0.9999338388442993,0.9999904036521912,0.0018216746393591166,0.00020742416381835938,396613,0.0021655292,0.0012468438362702727,0.0012481535086408257,0.0012505806516855955
150265,dct_high_nontargeted_white_box_eps0.0627_iter1,0.2533910533910534,0.240959040959041,0.99914545,58.05369953795214,0.9998916387557983,0.9999850392341614,0.0038717323914170265,0.00026798248291015625,399516,0.0021658842,0.0012481568846851587,0.0012528231600299478,0.0012440286809578538
38048,dct_high_nontargeted_white_box_eps0.0627_iter10,0.12500000000000003,0.08333333333333331,0.99237365,47.462064457231214,0.9990384578704834,0.9998615980148315,0.047919049859046936,0.0023695826530456543,532776,0.006441842,0.003304986981675029,0.003313713474199176,0.0033294917084276676
525155,dct_high_nontargeted_white_box_eps0.0627_iter5,0.5000000000000001,0.25000000000000006,0.9937772,50.7414481014377,0.9992401003837585,0.9998864531517029,0.10172437876462936,0.0048989057540893555,457597,0.004453,0.0024337766226381063,0.002435352886095643,0.00243435543961823
163314,dct_high_nontargeted_white_box_eps0.0627_iter1,0.19407308377896618,0.1724411951684679,0.99928445,58.049967423119895,0.9999264478683472,0.9999887347221375,0.0031337630935013294,0.0001773238182067871,393459,0.0021670577,0.0012528185034170747,0.0012485426850616932,0.0012468700297176838
259571,dct_high_nontargeted_white_box_eps0.0627_iter2,0.18640955004591364,0.12121212121212122,0.9984395,54.89666941434699,0.99982088804245,0.9999747276306152,0.008369610644876957,0.0007259845733642578,235645,0.0025564374,0.001289660227485001,0.0012934885453432798,0.0012932514073327184
236166,dct_high_nontargeted_white_box_eps0.0627_iter5,0.5000000000000001,0.25000000000000006,0.99575424,51.08839327654303,0.9995128512382507,0.999925434589386,0.03071940690279007,0.0009505152702331543,455795,0.004254977,0.002325798850506544,0.0023247513454407454,0.002322891727089882
153529,dct_high_nontargeted_white_box_eps0.0627_iter1,0.15056818181818182,0.148989898989899,0.9993746,58.06905670925352,0.9999241232872009,0.9999861121177673,0.0024511113297194242,0.00020366907119750977,403664,0.0021614206,0.0012308863224461675,0.0012502435129135847,0.0012506357161328197
219271,dct_high_nontargeted_white_box_eps0.0627_iter1,0.16384297520661156,0.14735264735264736,0.9992847,58.04016292261086,0.9999126195907593,0.9999906420707703,0.007277865894138813,0.0004405975341796875,407754,0.002169673,0.0012522602919489145,0.0012519157025963068,0.0012524958001449704
460841,dct_high_nontargeted_white_box_eps0.0627_iter6,0.12500000000000003,0.08333333333333331,0.99255604,50.11126468842313,0.9990634918212891,0.9998312592506409,0.07103476673364639,0.007554054260253906,436620,0.0046831323,0.002395582851022482,0.002395808696746826,0.0024001740384846926
511599,dct_high_nontargeted_white_box_eps0.0627_iter1,0.12389807162534437,0.11099718994455837,0.9994066,58.03505575927744,0.9999229907989502,0.9999902844429016,0.0020409529097378254,9.298324584960938e-05,412047,0.0021716321,0.0012537314323708415,0.0012537379516288638,0.0012536218855530024
87470,dct_high_nontargeted_white_box_eps0.0627_iter2,0.1666666666666667,0.05967365967365968,0.99880403,54.825681842950175,0.9998514652252197,0.9999741911888123,0.005119150970131159,0.0008897781372070312,246610,0.0026205254,0.0013113878667354584,0.0013147902209311724,0.001311493688262999
558114,dct_high_nontargeted_white_box_eps0.0627_iter1,0.11561771561771558,0.11318181818181819,0.999377,58.0613215074215,0.999928891658783,0.9999892115592957,0.002458972856402397,0.00032210350036621094,390886,0.0021643648,0.0012535658897832036,0.0012390278279781342,0.001245842780917883
163257,dct_high_nontargeted_white_box_eps0.0627_iter3,0.5000000000000001,0.42424242424242414,0.99659723,53.129192237735225,0.9996132254600525,0.9999452233314514,0.028799066320061684,0.0007166862487792969,395786,0.0034271749,0.0019035064615309238,0.0018968932563439012,0.001897188019938767
361551,dct_high_nontargeted_white_box_eps0.0627_iter1,0.19128787878787876,0.16442687747035578,0.9990294,58.034144542955005,0.9998840093612671,0.9999848008155823,0.0060404036194086075,0.00031876564025878906,395478,0.0021719474,0.0012539803283289075,0.0012539492454379797,0.0012539522722363472
342971,dct_high_nontargeted_white_box_eps0.0627_iter11,0.5000000000000001,0.25000000000000006,0.9907735,47.025577440269934,0.9988605976104736,0.9998818635940552,0.09211872518062592,0.004912853240966797,548493,0.006761879,0.0036364577244967222,0.0036265659146010876,0.0036207675002515316
361919,dct_high_nontargeted_white_box_eps0.0627_iter1,0.22576698663655184,0.22513828763828767,0.99903965,58.03650762093861,0.9998810291290283,0.9999855756759644,0.007699726149439812,0.00019359588623046875,396601,0.0021711865,0.0012528987135738134,0.0012534630950540304,0.0012534827692434192
374369,dct_high_nontargeted_white_box_eps0.0627_iter9,0.5000000000000001,0.16666666666666663,0.9850805,47.98393256628324,0.9980926513671875,0.9996284246444702,0.2009918987751007,0.015165090560913086,522751,0.006041359,0.003273578593507409,0.003251384012401104,0.0032760174944996834
123213,dct_high_nontargeted_white_box_eps0.0627_iter1,0.13485103132161955,0.13138528138528136,0.99932194,58.03862091008041,0.9999130964279175,0.9999889731407166,0.0013941890792921185,8.857250213623047e-05,400699,0.002170461,0.0012529324740171432,0.001252590911462903,0.001252510817721486
357742,dct_high_nontargeted_white_box_eps0.0627_iter23,0.5000000000000001,0.0,0.97430927,43.18999651713243,0.9967758655548096,0.9995757937431335,0.19388777017593384,0.03030496835708618,605389,0.010480857,0.005540901329368353,0.005500474013388157,0.005612369626760483
439854,dct_high_nontargeted_white_box_eps0.0627_iter1,0.1442890442890443,0.14166666666666666,0.99876976,58.07732153574872,0.9998577833175659,0.9999790191650391,0.008943011984229088,0.00033015012741088867,387699,0.002159353,0.001228323788382113,0.001248829415999353,0.001247529755346477
465836,dct_high_nontargeted_white_box_eps0.0627_iter39,0.3333333333333334,0.2848484848484849,0.9747382,41.654073348847106,0.9970199465751648,0.9995290040969849,0.10683371126651764,0.01109158992767334,622097,0.012560183,0.006638842634856701,0.006602324079722166,0.00663838442414999
414385,dct_high_nontargeted_white_box_eps0.0627_iter3,0.3333333333333334,0.11111111111111109,0.99640673,53.066347170175575,0.9995412826538086,0.9999300241470337,0.02105502039194107,0.0015039443969726562,411473,0.0034735694,0.0019215778447687626,0.0019234009087085724,0.001924229203723371
322724,dct_high_nontargeted_white_box_eps0.0627_iter3,0.5000000000000001,0.27272727272727276,0.9969657,53.646605308355234,0.999635636806488,0.9999344944953918,0.032827019691467285,0.0009753704071044922,423358,0.0031782305,0.0017248520161956549,0.0017584795132279396,0.0017523086862638593
481390,dct_high_nontargeted_white_box_eps0.0627_iter1,0.13553719008264464,0.12825624667729932,0.99960536,58.10456352605954,0.9999532103538513,0.9999911785125732,0.0008116818498820066,0.0001290440559387207,397508,0.0021499994,0.001225203275680542,0.001234135590493679,0.0012420397251844406
276434,dct_high_nontargeted_white_box_eps0.0627_iter3,0.10000000000000002,0.05000000000000001,0.99730206,53.191329289082205,0.9996962547302246,0.9999517202377319,0.01657763123512268,0.00067901611328125,405784,0.0034124677,0.0018889859784394503,0.0018972746329382062,0.001891993684694171
579635,dct_high_nontargeted_white_box_eps0.0627_iter16,0.3333333333333334,0.1666666666666667,0.9814933,45.027176420565,0.9975212812423706,0.9996825456619263,0.12890538573265076,0.012240707874298096,581160,0.00849835,0.004423003178089857,0.004410978406667709,0.004432073328644037
295316,dct_high_nontargeted_white_box_eps0.0627_iter1,0.44155844155844165,0.4318181818181818,0.9990069,58.05216168239218,0.9998708963394165,0.9999821186065674,0.004537590779364109,0.00018417835235595703,397368,0.0021669741,0.001239411998540163,0.0012534556444734335,0.0012534649576991796
183127,dct_high_nontargeted_white_box_eps0.0627_iter9,0.25000000000000006,0.0,0.98837733,46.82391724532661,0.9983212351799011,0.9997614026069641,0.04700993001461029,0.0046416521072387695,555859,0.0069896034,0.003743855282664299,0.0037531182169914246,0.0037480040919035673
115898,dct_high_nontargeted_white_box_eps0.0627_iter8,0.5000000000000001,0.25000000000000006,0.9957779,46.902491061857994,0.9994664192199707,0.9998820424079895,0.015291441231966019,0.001775979995727539,552786,0.006964834,0.003621061332523823,0.0035884513054043055,0.0036127441562712193
91406,dct_high_nontargeted_white_box_eps0.0627_iter5,0.13506493506493508,0.11471861471861475,0.99523973,50.76060033213696,0.9994676113128662,0.9999347925186157,0.043655991554260254,0.0029962658882141113,453731,0.0044356575,0.002426953287795186,0.0024290322326123714,0.0024298790376633406
223959,dct_high_nontargeted_white_box_eps0.0627_iter13,0.5000000000000001,0.12500000000000003,0.98512,46.202018163583205,0.9981133937835693,0.9997460842132568,0.07415909320116043,0.004582881927490234,566917,0.007436422,0.0039921049028635025,0.003963565919548273,0.003981662914156914
326248,dct_high_nontargeted_white_box_eps0.0627_iter3,0.13325358851674643,0.12369637937819755,0.9979605,52.99048159754524,0.9997823238372803,0.9999740123748779,0.013127383776009083,0.0003916621208190918,409886,0.003498816,0.0019385677296668291,0.0019390976522117853,0.0019376232521608472
293625,dct_high_nontargeted_white_box_eps0.0627_iter1,0.12878787878787876,0.11616161616161615,0.9990015,58.03969981320057,0.9998793601989746,0.9999814629554749,0.005246060900390148,0.0007312893867492676,384739,0.0021701432,0.0012532201362773776,0.0012522719334810972,0.001251583336852491
411817,dct_high_nontargeted_white_box_eps0.0627_iter1,0.15213498622589533,0.1287878787878788,0.99935275,58.10673194409731,0.9999305605888367,0.99998539686203,0.0020552983041852713,0.00030350685119628906,392775,0.002144295,0.001232554786838591,0.0012341149849817157,0.001232877722941339
215259,dct_high_nontargeted_white_box_eps0.0627_iter24,0.3333333333333334,0.24242424242424246,0.9745364,43.97607169642144,0.9969768524169922,0.9995821118354797,0.1558658629655838,0.009000301361083984,595081,0.009530711,0.004999684635549784,0.004986297804862261,0.004995216149836779
147729,dct_high_nontargeted_white_box_eps0.0627_iter2,0.21212121212121213,0.045454545454545456,0.9980445,54.98876026083066,0.9997464418411255,0.999959409236908,0.011486386880278587,0.001663804054260254,224969,0.0024939387,0.0012626225361600518,0.0012642856454476714,0.0012666861293837428
579307,dct_high_nontargeted_white_box_eps0.0627_iter9,0.28282828282828276,0.2575757575757575,0.9926226,48.22803168542216,0.9990610480308533,0.9998711943626404,0.041153520345687866,0.002076864242553711,530420,0.0059366594,0.0031862284522503614,0.0031807739287614822,0.0031807152554392815
404923,dct_high_nontargeted_white_box_eps0.0627_iter1,0.42727272727272736,0.3847402597402597,0.99946386,58.03937991612394,0.9999164342880249,0.9999848008155823,0.0017377514159306884,4.1425228118896484e-05,405067,0.0021702307,0.0012523032492026687,0.0012523917248472571,0.0012526883510872722
130586,dct_high_nontargeted_white_box_eps0.0627_iter37,0.5000000000000001,0.25000000000000006,0.9790308,40.529385912845314,0.997015655040741,0.9992852807044983,0.13405601680278778,0.026608407497406006,620546,0.013855404,0.0073349568992853165,0.007257714867591858,0.007422745693475008
163057,dct_high_nontargeted_white_box_eps0.0627_iter1,0.1964349376114082,0.19005270092226612,0.9993026,58.069635373773934,0.9999093413352966,0.9999856352806091,0.005478724837303162,0.00021755695343017578,422522,0.0021619003,0.0012530152453109622,0.0012529190862551332,0.0012253415770828724
7511,dct_high_nontargeted_white_box_eps0.0627_iter1,0.11815268065268066,0.11095426312817618,0.99922246,58.08387885899612,0.9998992681503296,0.9999847412109375,0.002436027629300952,0.0005141496658325195,413083,0.0021537265,0.001242904574610293,0.001244905055500567,0.0012312254402786493
67406,dct_high_nontargeted_white_box_eps0.0627_iter3,0.4204545454545453,0.31818181818181823,0.99579906,52.79885074702061,0.9994422197341919,0.9998009204864502,0.052564725279808044,0.001887202262878418,408741,0.003581877,0.0019888142123818398,0.0019850202370435,0.0019860805477946997
248752,dct_high_nontargeted_white_box_eps0.0627_iter12,0.25000000000000006,0.16666666666666663,0.98670006,47.45504088376909,0.9983484148979187,0.9998289942741394,0.15161147713661194,0.0025079846382141113,526076,0.006380646,0.0032977829687297344,0.0033003967255353928,0.0032928134314715862
54593,dct_high_nontargeted_white_box_eps0.0627_iter2,0.10101010101010102,0.07912457912457913,0.9995289,55.036967298527,0.9999347925186157,0.9999864101409912,0.0010931966826319695,0.0001552104949951172,255706,0.0025796855,0.001251055859029293,0.0012496833223849535,0.0012529419036582112
450303,dct_high_nontargeted_white_box_eps0.0627_iter6,0.11507936507936509,0.10482374768089053,0.99317694,49.8651754803257,0.9991958141326904,0.9998964071273804,0.05609589070081711,0.0021042823791503906,438948,0.004806543,0.0024776021018624306,0.002477784175425768,0.002482313895598054
137294,dct_high_nontargeted_white_box_eps0.0627_iter28,0.27272727272727276,0.0909090909090909,0.97480154,43.36702959915657,0.9969884753227234,0.9995651245117188,0.1315438151359558,0.013156473636627197,604132,0.010267428,0.0053749606013298035,0.0053840274922549725,0.005354294087737799
311180,dct_high_nontargeted_white_box_eps0.0627_iter9,0.25000000000000006,0.0,0.9920831,48.02594545628278,0.9990891814231873,0.999872088432312,0.034634582698345184,0.0010911226272583008,521461,0.00602726,0.003265146631747484,0.003253358881920576,0.0032600562553852797
349184,dct_high_nontargeted_white_box_eps0.0627_iter1,0.27272727272727276,0.26839826839826847,0.99957865,58.05545528670351,0.9999512434005737,0.9999876618385315,0.0015342853730544448,5.936622619628906e-05,407511,0.0021637767,0.0012478651478886604,0.0012474122922867537,0.0012481996091082692
446651,dct_high_nontargeted_white_box_eps0.0627_iter3,0.21212121212121215,0.16666666666666666,0.996196,53.39734716704993,0.9997061491012573,0.9999488592147827,0.024109939113259315,0.0008312463760375977,365426,0.0032867126,0.0018170543480664492,0.00181821349542588,0.0018211494898423553
227478,dct_high_nontargeted_white_box_eps0.0627_iter4,0.1666666666666667,0.15151515151515155,0.99877095,51.922235292794916,0.9998433589935303,0.9999659657478333,0.0041029127314686775,0.000723421573638916,397287,0.0038634152,0.0019126294646412134,0.001914603286422789,0.0019101238576695323
255749,dct_high_nontargeted_white_box_eps0.0627_iter3,0.4000000000000001,0.21212121212121207,0.99368954,53.50849504586458,0.9994534850120544,0.9999101758003235,0.04463348165154457,0.0029401779174804688,285190,0.0031612678,0.0017321065533906221,0.0017371290596202016,0.0017316287849098444
148719,dct_high_nontargeted_white_box_eps0.0627_iter2,0.16666666666666663,0.10000000000000002,0.999291,54.41977246214897,0.9999089241027832,0.9999855756759644,0.0018227343680337071,0.00011247396469116211,281628,0.002876661,0.001436920021660626,0.0014392458833754063,0.0014500311808660626
489842,dct_high_nontargeted_white_box_eps0.0627_iter1,0.1994916699462154,0.17288670039866214,0.9996858,58.045274619337135,0.9999635219573975,0.9999924302101135,0.0010730341309681535,0.00022542476654052734,412897,0.002167011,0.0012507708743214607,0.001250745146535337,0.0012507314095273614
334555,dct_high_nontargeted_white_box_eps0.0627_iter4,0.10132575757575758,0.0950956937799043,0.9973766,51.72828366377105,0.9996923804283142,0.9999487996101379,0.00731363520026207,0.0007082819938659668,378407,0.0038821017,0.001964248949661851,0.0019687931053340435,0.0019609329756349325
61418,dct_high_nontargeted_white_box_eps0.0627_iter4,0.2938912938912939,0.28956228956228963,0.9979904,52.15023073674204,0.999753475189209,0.9999725818634033,0.007275963202118874,0.0003236532211303711,363623,0.0036798043,0.001845941529609263,0.001840129611082375,0.001844924408942461
47828,dct_high_nontargeted_white_box_eps0.0627_iter1,0.1341991341991342,0.04242424242424243,0.9988945,58.06344989976886,0.9998646974563599,0.9999836683273315,0.015257202088832855,0.0006983280181884766,388676,0.0021635687,0.0012509113876149058,0.0012498052092269063,0.001235893345437944
183716,dct_high_nontargeted_white_box_eps0.0627_iter1,0.22222222222222218,0.1666666666666667,0.9991584,58.108201763017426,0.9999068975448608,0.999984622001648,0.0028808384668082,9.66787338256836e-05,378569,0.0021429672,0.0012322933180257678,0.0012317132204771042,0.001234291703440249
271997,dct_high_nontargeted_white_box_eps0.0627_iter12,0.5000000000000001,0.25000000000000006,0.98604137,47.084158718328595,0.9982070922851562,0.9997446537017822,0.08606080710887909,0.008901834487915039,532298,0.0066594263,0.0034599758218973875,0.0034577632322907448,0.0034626026172190905
8532,dct_high_nontargeted_white_box_eps0.0627_iter21,0.25000000000000006,0.16666666666666663,0.9759342,44.65334415932774,0.9970868825912476,0.9996028542518616,0.2269468605518341,0.026851892471313477,588337,0.008822001,0.004720551893115044,0.004709989298135042,0.004728250205516815
390555,dct_high_nontargeted_white_box_eps0.0627_iter1,0.1282658627619868,0.1119191919191919,0.9996784,58.03914471359547,0.9999656677246094,0.9999927878379822,0.0012649785494431853,0.0010019540786743164,410703,0.0021703679,0.0012516235001385212,0.0012528304941952229,0.0012531066313385963
68409,dct_high_nontargeted_white_box_eps0.0627_iter1,0.29597407939653936,0.2291491841491842,0.9996707,58.06360392036727,0.9999635219573975,0.9999930262565613,0.0009660249343141913,0.00019019842147827148,400536,0.0021621073,0.0012432830408215523,0.0012443484738469124,0.001248836168088019
2299,dct_high_nontargeted_white_box_eps0.0627_iter1,0.18462701885161775,0.17126623376623373,0.99970716,58.08179668487905,0.9999717473983765,0.9999936819076538,0.0007290382636711001,0.00019317865371704102,400787,0.0021506022,0.0012402478605508804,0.0012402985012158751,0.0012402948923408985
11051,dct_high_nontargeted_white_box_eps0.0627_iter3,0.42424242424242414,0.27272727272727276,0.99610835,52.94843487269947,0.9995441436767578,0.9999411106109619,0.056315355002880096,0.002072453498840332,402020,0.003507706,0.001955326646566391,0.0019470960833132267,0.0019459802424535155
66038,dct_high_nontargeted_white_box_eps0.0627_iter1,0.16193181818181815,0.11157024793388429,0.9994812,58.11396422662021,0.9999346733093262,0.9999903440475464,0.0015282445820048451,4.792213439941406e-05,410268,0.0021477025,0.0012145068030804396,0.0012404078152030706,0.0012384643778204918
360960,dct_high_nontargeted_white_box_eps0.0627_iter5,0.38636363636363624,0.3468614718614718,0.99312496,51.030925036236596,0.9992560744285583,0.9998947978019714,0.051023874431848526,0.0038836002349853516,431794,0.0042777234,0.0023380396887660027,0.002336010802537203,0.0023415149189531803
504589,dct_high_nontargeted_white_box_eps0.0627_iter10,0.33333333333333326,0.18181818181818185,0.9929355,46.0813966040789,0.9990706443786621,0.9998459815979004,0.03631904721260071,0.0033185482025146484,569626,0.0076124626,0.003969330806285143,0.0039330534636974335,0.003920006100088358
23034,dct_high_nontargeted_white_box_eps0.0627_iter1,0.28282828282828276,0.2575757575757575,0.99950796,58.05082162330997,0.9999417066574097,0.999992311000824,0.002594711259007454,0.00022590160369873047,404478,0.0021666228,0.0012481833109632134,0.0012501651654019952,0.001249134773388505
506656,dct_high_nontargeted_white_box_eps0.0627_iter26,0.3333333333333334,0.1666666666666667,0.97528523,43.214928762115925,0.9968169927597046,0.9995870590209961,0.11722877621650696,0.013496458530426025,608178,0.010495867,0.005489411298185587,0.005466441158205271,0.005440054461359978
272566,dct_high_nontargeted_white_box_eps0.0627_iter2,0.19318181818181815,0.15909090909090912,0.99963695,54.86474720450879,0.9999548196792603,0.9999887943267822,0.0008244484197348356,0.0002772808074951172,258654,0.0026495957,0.0013047069078311324,0.0013057987671345472,0.001300412230193615
424551,dct_high_nontargeted_white_box_eps0.0627_iter5,0.5000000000000001,0.27272727272727276,0.99498105,50.327804363028804,0.9993587732315063,0.9999106526374817,0.03840481862425804,0.003351449966430664,479784,0.0047241393,0.002563401125371456,0.002557304920628667,0.0025608364958316088
341719,dct_high_nontargeted_white_box_eps0.0627_iter1,0.3181818181818182,0.27272727272727276,0.99934006,58.03575844183211,0.9999200105667114,0.9999898672103882,0.0053267329931259155,0.00035881996154785156,414204,0.0021714277,0.001253262278623879,0.0012534939451143146,0.001253731781616807
72795,dct_high_nontargeted_white_box_eps0.0627_iter2,0.2357185298361769,0.21645021645021642,0.9992216,54.80402618654608,0.9999017715454102,0.9999834299087524,0.002581813372671604,0.00010728836059570312,257918,0.002662121,0.0013225883012637496,0.001320020528510213,0.001318249385803938
43816,dct_high_nontargeted_white_box_eps0.0627_iter9,0.21212121212121207,0.19318181818181815,0.9934737,46.3462992119926,0.9990653991699219,0.9998281002044678,0.019715040922164917,0.001566767692565918,563035,0.0073846756,0.003956056199967861,0.003955648746341467,0.003966666758060455
455555,dct_high_nontargeted_white_box_eps0.0627_iter11,0.5000000000000001,0.3636363636363637,0.98919266,46.9934454850208,0.9990202784538269,0.9998262524604797,0.0356743186712265,0.002802550792694092,533959,0.006778852,0.0036284462548792362,0.003629836719483137,0.003613600507378578
535306,dct_high_nontargeted_white_box_eps0.0627_iter2,0.25000000000000006,0.16666666666666663,0.99870497,54.74316951304545,0.999845027923584,0.9999796152114868,0.005837481468915939,0.0005782842636108398,248264,0.0026581497,0.0013378448784351349,0.0013362630270421505,0.001342808362096548
30504,dct_high_nontargeted_white_box_eps0.0627_iter10,0.3333333333333334,0.0,0.9928498,47.05101681512762,0.9991267919540405,0.9998791813850403,0.024310892447829247,0.00361555814743042,544247,0.006780598,0.0035053538158535957,0.0035008720587939024,0.0035030280705541372
93353,dct_high_nontargeted_white_box_eps0.0627_iter4,0.12500000000000003,0.08333333333333331,0.99556047,51.92829513621164,0.9994999170303345,0.9999357461929321,0.04564885050058365,0.001585245132446289,344984,0.00370448,0.0019066674867644906,0.0019081232603639364,0.001902182586491108
473118,dct_high_nontargeted_white_box_eps0.0627_iter8,0.3333333333333334,0.1666666666666667,0.9922204,48.43430636732422,0.9990838766098022,0.9998977780342102,0.04336945712566376,0.0017905235290527344,494916,0.005719396,0.0029286721255630255,0.002960742684081197,0.0029576257802546024
567640,dct_high_nontargeted_white_box_eps0.0627_iter1,0.18800858232676412,0.17980371900826445,0.9992474,58.0536196235843,0.9999129176139832,0.9999896287918091,0.001925198594108224,0.0002371668815612793,388539,0.0021650258,0.0012480817968025804,0.0012495118426159024,0.0012474791146814823
532493,dct_high_nontargeted_white_box_eps0.0627_iter6,0.5000000000000001,0.0,0.99760866,49.458633058329966,0.9996516704559326,0.9999358654022217,0.007479922845959663,0.0007933378219604492,493889,0.0051982803,0.002627206966280937,0.0026332149282097816,0.002616181271150708
45550,dct_high_nontargeted_white_box_eps0.0627_iter1,0.1653846153846154,0.12500000000000003,0.9990184,58.04300631695955,0.9998799562454224,0.9999836683273315,0.006578331813216209,0.0010846853256225586,390350,0.0021690652,0.0012501674937084317,0.0012528161751106381,0.0012512546963989735
410456,dct_high_nontargeted_white_box_eps0.0627_iter12,0.40909090909090917,0.4025974025974027,0.99228483,46.380839993846024,0.9990476369857788,0.999864399433136,0.021196041256189346,0.001965165138244629,560785,0.0073362472,0.0037880970630794764,0.0037894337438046932,0.003799407510086894
441286,dct_high_nontargeted_white_box_eps0.0627_iter26,0.5000000000000001,0.0,0.9784971,42.907119334142735,0.9971305131912231,0.9995523691177368,0.07366271317005157,0.010177969932556152,611840,0.0109155895,0.005667666904628277,0.005640314891934395,0.005684579256922007
885,dct_high_nontargeted_white_box_eps0.0627_iter2,0.42526223776223776,0.3600288600288601,0.99723274,54.81867207317908,0.9996665716171265,0.9999479651451111,0.03504936397075653,0.0013518333435058594,231143,0.0025728005,0.0013138358481228352,0.0013132962631061673,0.0013172845356166363
378284,dct_high_nontargeted_white_box_eps0.0627_iter1,0.1090909090909091,0.05454545454545455,0.9992283,58.03848346031634,0.9999116659164429,0.9999877214431763,0.0037420555017888546,0.0001647472381591797,386334,0.002170634,0.0012536175781860948,0.0012535006972029805,0.0012510301312431693
143572,dct_high_nontargeted_white_box_eps0.0627_iter1,0.1045504685539804,0.08829852579852579,0.9997144,58.06478566498511,0.9999701380729675,0.9999955296516418,0.0017106961458921432,5.888938903808594e-05,401617,0.00216172,0.0012416590470820665,0.0012472018133848906,0.0012465876061469316
229849,dct_high_nontargeted_white_box_eps0.0627_iter1,0.16616161616161615,0.16101667939903233,0.9994554,58.05620880221963,0.9999445676803589,0.9999945759773254,0.0019684704020619392,9.47713851928711e-05,393019,0.0021645639,0.0012483058962970972,0.0012480488512665033,0.001246473751962185
39551,dct_high_nontargeted_white_box_eps0.0627_iter7,0.3333333333333334,0.11111111111111109,0.9908793,48.843729628159316,0.9988048076629639,0.999847948551178,0.032671235501766205,0.002196788787841797,501846,0.0055066305,0.0029896784108132124,0.0029826269019395113,0.0029892749153077602
193348,dct_high_nontargeted_white_box_eps0.0627_iter4,0.5000000000000001,0.25000000000000006,0.9947532,51.881538084628446,0.9993628263473511,0.999922513961792,0.06229286640882492,0.002121269702911377,347213,0.003720296,0.0019185782875865698,0.0019181974930688739,0.001917693531140685
341681,dct_high_nontargeted_white_box_eps0.0627_iter24,0.3333333333333334,0.1666666666666667,0.9685545,43.768087943415644,0.9958823919296265,0.9995005130767822,0.16009438037872314,0.011273801326751709,600321,0.009809731,0.005124603398144245,0.005097380373626947,0.005147282965481281
83172,dct_high_nontargeted_white_box_eps0.0627_iter8,0.21022727272727265,0.18181818181818177,0.98976296,48.60600234201465,0.9987094402313232,0.9998195171356201,0.0816827118396759,0.004646658897399902,487403,0.0055896346,0.0028832079842686653,0.002884903224185109,0.002896270714700222
343524,dct_high_nontargeted_white_box_eps0.0627_iter41,0.1666666666666667,0.11111111111111109,0.94893414,41.45479371234433,0.9931807518005371,0.9990848898887634,0.2103588581085205,0.01568812131881714,622540,0.012826694,0.006804995704442263,0.006735617760568857,0.0067802672274410725
388056,dct_high_nontargeted_white_box_eps0.0627_iter1,0.23725895316804405,0.19318181818181815,0.9995785,58.06605612233143,0.9999470114707947,0.9999903440475464,0.0008182052988559008,3.820657730102539e-05,403023,0.0021603398,0.001245364430360496,0.0012454439420253038,0.0012435477692633867
343218,dct_high_nontargeted_white_box_eps0.0627_iter33,0.25000000000000006,0.16477272727272727,0.96453905,42.19389148215274,0.9956648349761963,0.999487578868866,0.18968534469604492,0.01690685749053955,616010,0.0117119225,0.00622190535068512,0.006180278491228819,0.006257557775825262
205105,dct_high_nontargeted_white_box_eps0.0627_iter49,0.3333333333333334,0.1666666666666667,0.94267035,40.91526404514478,0.9932860136032104,0.9989120960235596,0.19705252349376678,0.023726940155029297,619542,0.013480805,0.007143550086766481,0.007089957594871521,0.007164741400629282
497599,dct_high_nontargeted_white_box_eps0.0627_iter2,0.2564935064935065,0.18181818181818185,0.99792814,54.87769417557183,0.999754786491394,0.9999696016311646,0.013314876705408096,0.0010235309600830078,229871,0.0025454196,0.00129806122276932,0.0012982954503968358,0.001294325920753181
232684,dct_high_nontargeted_white_box_eps0.0627_iter3,0.16666666666666663,0.12500000000000003,0.9868142,54.4113098076982,0.9987906217575073,0.9979434013366699,0.07865603268146515,0.006376922130584717,117160,0.0026431237,0.0014306404627859592,0.00141829380299896,0.0014065983705222607
144784,dct_high_nontargeted_white_box_eps0.0627_iter1,1.0000000000000002,0.5000000000000001,0.99901396,58.03493764129904,0.9998840093612671,0.9999825358390808,0.0046982355415821075,0.0005233287811279297,391611,0.002171681,0.0012538408627733588,0.0012537302682176232,0.0012536451686173677
167486,dct_high_nontargeted_white_box_eps0.0627_iter1,0.18560606060606058,0.13383838383838384,0.9992786,58.124790159358085,0.9999115467071533,0.999986469745636,0.0026981565169990063,0.0006064772605895996,390257,0.0021437483,0.0012416652170941234,0.0012395265512168407,0.0012030128855258226
163562,dct_high_nontargeted_white_box_eps0.0627_iter12,0.25000000000000006,0.10000000000000002,0.9864891,46.690416190900955,0.9983574151992798,0.999763011932373,0.12495101243257523,0.004674136638641357,539558,0.0069510145,0.003624297445639968,0.003614460350945592,0.0036278637126088142
492362,dct_high_nontargeted_white_box_eps0.0627_iter2,0.12987012987012986,0.1220779220779221,0.9987042,54.932355051945514,0.9998459219932556,0.9999764561653137,0.004129953682422638,0.00047129392623901367,237833,0.0025556083,0.0012802561977878213,0.001282154698856175,0.0012861073482781649
232563,dct_high_nontargeted_white_box_eps0.0627_iter1,0.3333333333333334,0.28282828282828276,0.99911594,58.08746217269964,0.9998911619186401,0.9999868273735046,0.009940395131707191,0.0005387067794799805,391141,0.002150747,0.0012401107233017683,0.0012404280714690685,0.0012354686623439193
206411,dct_high_nontargeted_white_box_eps0.0627_iter10,0.25000000000000006,0.0,0.98838025,47.825953280949214,0.9985377192497253,0.9997814893722534,0.08031269162893295,0.008681774139404297,513110,0.006114389,0.0031654390040785074,0.0031533122528344393,0.0031643384136259556
177934,dct_high_nontargeted_white_box_eps0.0627_iter1,0.15757575757575762,0.14393939393939392,0.99955815,58.14135275385857,0.9999488592147827,0.9999905824661255,0.003984644077718258,0.00011610984802246094,408077,0.0021383793,0.0012433474184945226,0.0012075265403836966,0.0012192889116704464
165518,dct_high_nontargeted_white_box_eps0.0627_iter1,0.5000000000000001,0.25000000000000006,0.9987685,58.03428437964997,0.9998317956924438,0.9999723434448242,0.006376953795552254,0.000335693359375,402408,0.0021719243,0.0012537968577817082,0.001253970549441874,0.0012540076859295368
571718,dct_high_nontargeted_white_box_eps0.0627_iter1,0.21212121212121207,0.15056818181818182,0.9995148,58.05725139897188,0.9999487400054932,0.9999913573265076,0.0019898039754480124,0.00015920400619506836,396443,0.0021633352,0.0012435755925253034,0.0012492103269323707,0.0012491450179368258
289222,dct_high_nontargeted_white_box_eps0.0627_iter1,0.11111111111111109,0.0,0.9990627,58.03557739029105,0.9998947978019714,0.9999856948852539,0.005084063392132521,0.0002586841583251953,386485,0.0021715518,0.0012532859109342098,0.0012535641435533762,0.0012537874281406403
87144,dct_high_nontargeted_white_box_eps0.0627_iter25,0.25000000000000006,0.22727272727272724,0.98793083,43.83380311703273,0.9986658096313477,0.9997522234916687,0.046874310821294785,0.0036395788192749023,603859,0.009785301,0.005166667513549328,0.0051773227751255035,0.0051825400441884995
420916,dct_high_nontargeted_white_box_eps0.0627_iter7,0.2803030303030302,0.24848484848484853,0.9961784,48.97628018728525,0.9995272159576416,0.9999167919158936,0.013683771714568138,0.0010987520217895508,515683,0.0054836944,0.002939126919955015,0.002944342093542218,0.0029489570297300816
296224,dct_high_nontargeted_white_box_eps0.0627_iter1,0.1666666666666667,0.0,0.9992725,58.11357718036901,0.9999207854270935,0.9999890327453613,0.0053459154441952705,0.0002797842025756836,400156,0.002145842,0.00122557720169425,0.0012416904792189598,0.0012264465913176537
122606,dct_high_nontargeted_white_box_eps0.0627_iter1,0.25000000000000006,0.0,0.999389,58.074468904743625,0.9999285936355591,0.9999881982803345,0.0021902737207710743,0.00014829635620117188,401371,0.0021589398,0.0012360740220174193,0.0012453892268240452,0.001245666528120637
439715,dct_high_nontargeted_white_box_eps0.0627_iter2,0.1176046176046176,0.11627640036730945,0.9994271,54.69560082708439,0.9999275207519531,0.9999818801879883,0.002002488588914275,0.00014072656631469727,259976,0.0027126835,0.0013491717400029302,0.0013506035320460796,0.0013588733272626996
284991,dct_high_nontargeted_white_box_eps0.0627_iter2,0.5000000000000001,0.25000000000000006,0.9973877,55.0406646082284,0.999729335308075,0.9999618530273438,0.02463308349251747,0.0015142560005187988,214602,0.0024667908,0.0012568071251735091,0.0012596497545018792,0.0012538826558738947
78843,dct_high_nontargeted_white_box_eps0.0627_iter1,0.33333333333333326,0.27272727272727276,0.99945813,58.04660748426179,0.9999291300773621,0.9999875426292419,0.002282124012708664,0.00016891956329345703,394262,0.0021680729,0.0012503557372838259,0.0012519280426204205,0.001248842803761363
13659,dct_high_nontargeted_white_box_eps0.0627_iter1,0.10841750841750843,0.09532828282828282,0.9992183,58.039120490550715,0.9999121427536011,0.9999874830245972,0.0033866362646222115,0.00027632713317871094,393480,0.0021702922,0.001252816873602569,0.001252923160791397,0.001251856330782175
466125,dct_high_nontargeted_white_box_eps0.0627_iter1,0.14285714285714288,0.10389610389610386,0.99906915,58.071012878121344,0.9998968839645386,0.9999852776527405,0.004185888916254044,0.000244140625,382080,0.0021611594,0.0012510865926742554,0.0012515179114416242,0.0012275007320567966
414795,dct_high_nontargeted_white_box_eps0.0627_iter4,0.30568181818181817,0.30227272727272725,0.9980931,51.66509674978361,0.9997586607933044,0.9999599456787109,0.004969565663486719,0.00042045116424560547,394079,0.0039547672,0.0019860519096255302,0.001987394643947482,0.001987180672585964
508101,dct_high_nontargeted_white_box_eps0.0627_iter1,0.31818181818181823,0.2727272727272727,0.9988975,58.03404652626512,0.9998611807823181,0.9999859929084778,0.01823865994811058,0.0004012584686279297,405149,0.0021719888,0.00125399068929255,0.0012539939489215612,0.0012539973249658942
253386,dct_high_nontargeted_white_box_eps0.0627_iter2,0.25000000000000006,0.06818181818181819,0.9973507,55.36169158379107,0.9997565150260925,0.9999598860740662,0.018164796754717827,0.0006010532379150391,195240,0.0023436642,0.001181640662252903,0.0011818526545539498,0.001180182327516377
338624,dct_high_nontargeted_white_box_eps0.0627_iter8,0.1136363636363636,0.06060606060606061,0.99510413,48.1484680534994,0.999403178691864,0.9999108910560608,0.022975416854023933,0.0014393925666809082,513333,0.00594643,0.0030607536900788546,0.0030477417167276144,0.003073453437536955
378454,dct_high_nontargeted_white_box_eps0.0627_iter15,0.5000000000000001,0.25000000000000006,0.9819605,44.172035935145395,0.9975306987762451,0.999645471572876,0.1809777021408081,0.02131831645965576,590307,0.009309916,0.004960023798048496,0.00490794749930501,0.005000361707061529
476215,dct_high_nontargeted_white_box_eps0.0627_iter6,0.5000000000000001,0.16666666666666663,0.99393684,49.41564928644013,0.9991971850395203,0.9998995065689087,0.03452463448047638,0.0025097131729125977,479267,0.005173239,0.0026371662970632315,0.0026350554544478655,0.002657984383404255
297698,dct_high_nontargeted_white_box_eps0.0627_iter1,0.3636363636363636,0.13636363636363635,0.99868923,58.05918234001972,0.9998366236686707,0.9999723434448242,0.011830068193376064,0.0003553032875061035,386084,0.0021605743,0.0012467789929360151,0.0012467713095247746,0.0012467298656702042
247917,dct_high_nontargeted_white_box_eps0.0627_iter1,0.3863239033693579,0.37590187590187585,0.9993582,58.06039987832701,0.9999232292175293,0.9999905228614807,0.0027903318405151367,0.00019657611846923828,398980,0.0021627606,0.0012468231143429875,0.0012471354566514492,0.001245264895260334
439522,dct_high_nontargeted_white_box_eps0.0627_iter2,1.0000000000000002,0.5000000000000001,0.9972474,54.83556571094934,0.999671220779419,0.9999504089355469,0.03756915032863617,0.0013838410377502441,236497,0.0025776017,0.0013124700635671616,0.0013112785527482629,0.0013083928497508168
26690,dct_high_nontargeted_white_box_eps0.0627_iter2,0.2056277056277056,0.1937229437229437,0.99771863,55.03484037654622,0.9997427463531494,0.9999662041664124,0.013365905731916428,0.0011145472526550293,218563,0.0024710193,0.0012565760407596827,0.0012585045769810677,0.0012545631034299731
176901,dct_high_nontargeted_white_box_eps0.0627_iter18,0.38181818181818183,0.31818181818181823,0.98142606,45.26158614479062,0.997582197189331,0.9997082948684692,0.12553340196609497,0.007360398769378662,584209,0.00832513,0.004305765964090824,0.004301346372812986,0.004300186410546303
334767,dct_high_nontargeted_white_box_eps0.0627_iter1,0.40909090909090917,0.3831168831168832,0.9996901,58.185167119771435,0.9999651312828064,0.9999935626983643,0.0007295210380107164,7.385015487670898e-05,407362,0.0021170059,0.0012068310752511024,0.001216009259223938,0.0012104740599170327
301563,dct_high_nontargeted_white_box_eps0.0627_iter8,0.3333333333333334,0.303030303030303,0.9912159,48.64253420317289,0.9988059401512146,0.9998034238815308,0.06400863826274872,0.0049163103103637695,498308,0.005615211,0.00288305408321321,0.0028727210592478514,0.0028653782792389393
86755,dct_high_nontargeted_white_box_eps0.0627_iter1,0.2323232323232323,0.18181818181818185,0.9990557,58.04104234770507,0.9998852610588074,0.9999828934669495,0.006890392396599054,0.0005663633346557617,406613,0.0021696265,0.0012523779878392816,0.0012522917240858078,0.0012512357207015157
194471,dct_high_nontargeted_white_box_eps0.0627_iter6,0.5000000000000001,0.25000000000000006,0.99300456,49.41056409268146,0.9991731643676758,0.9998798370361328,0.04286060109734535,0.0010519027709960938,462282,0.0051062107,0.0025789423380047083,0.0026499552186578512,0.002650076989084482
420281,dct_high_nontargeted_white_box_eps0.0627_iter5,0.4204545454545453,0.2727272727272727,0.99459356,50.25219021027035,0.9993692636489868,0.999916136264801,0.031071022152900696,0.0011816024780273438,463571,0.0047148885,0.002581946551799774,0.0025753432419151068,0.002578908344730735
99810,dct_high_nontargeted_white_box_eps0.0627_iter4,0.25000000000000006,0.12500000000000003,0.99437803,51.8218763321664,0.9993536472320557,0.9999135136604309,0.1594700813293457,0.00701141357421875,348810,0.0037521366,0.0019361089216545224,0.0019314775709062815,0.0019404382910579443
404805,dct_high_nontargeted_white_box_eps0.0627_iter7,0.5000000000000001,0.12500000000000003,0.99395275,48.82618518344977,0.9992465972900391,0.9998947978019714,0.02977581135928631,0.001503288745880127,515122,0.005562539,0.002996932715177536,0.002994677983224392,0.0029948686715215445
2261,dct_high_nontargeted_white_box_eps0.0627_iter9,0.5000000000000001,0.0,0.9943444,48.50364623632795,0.9993071556091309,0.9998996257781982,0.02501467429101467,0.0022916793823242188,526031,0.005739551,0.0030769575387239456,0.0030833783093839884,0.003071082755923271
425702,dct_high_nontargeted_white_box_eps0.0627_iter1,0.25000000000000006,0.0,0.99920875,58.04427655134497,0.9999039173126221,0.9999878406524658,0.007690621539950371,0.0008171796798706055,401886,0.002168125,0.001250657020136714,0.0012511590030044317,0.0012512828689068556
361238,dct_high_nontargeted_white_box_eps0.0627_iter9,0.11111111111111109,0.08333333333333336,0.992647,48.39219715754351,0.9991742372512817,0.999895453453064,0.04000335931777954,0.0023183822631835938,515469,0.0057791765,0.0031352138612419367,0.003111947327852249,0.0030936894472688437
3934,dct_high_nontargeted_white_box_eps0.0627_iter1,0.15474222746950023,0.14545454545454542,0.99927455,58.04766284347067,0.9999119639396667,0.9999860525131226,0.0024682311341166496,0.00024044513702392578,395273,0.0021678035,0.0012514512054622173,0.0012504883343353868,0.0012482794700190425
47740,dct_high_nontargeted_white_box_eps0.0627_iter4,0.12272727272727274,0.06818181818181818,0.9981045,52.13301162724906,0.9997715950012207,0.9999624490737915,0.011011699214577675,0.0009552836418151855,363970,0.0036808907,0.0018454628298059106,0.001840637531131506,0.001842184690758586
77460,dct_high_nontargeted_white_box_eps0.0627_iter3,0.2196241258741259,0.20252525252525252,0.99705964,53.00166457525079,0.9996525049209595,0.9999551773071289,0.019707612693309784,0.0007536411285400391,417207,0.0035072041,0.0019391061505302787,0.0019382552709430456,0.0019383035833016038
14439,dct_high_nontargeted_white_box_eps0.0627_iter1,0.20279720279720284,0.1905594405594406,0.9997037,58.12628838271034,0.9999606609344482,0.9999907612800598,0.00037486368091776967,7.259845733642578e-05,401919,0.0021465106,0.0012406305177137256,0.0012517753057181835,0.0011905181454494596
447314,dct_high_nontargeted_white_box_eps0.0627_iter1,0.24999999999999997,0.2090909090909091,0.9988523,58.04281168005033,0.9998592138290405,0.9999784827232361,0.009460273198783398,0.00021642446517944336,393672,0.0021691802,0.001252693124115467,0.0012530878884717822,0.001248593907803297
181303,dct_high_nontargeted_white_box_eps0.0627_iter9,0.5000000000000001,0.0,0.99601316,47.563637484473524,0.9994603991508484,0.9999089241027832,0.013818406499922276,0.0013336539268493652,553610,0.0064640436,0.003449882147833705,0.0034250221215188503,0.0034289665054529905
58350,dct_high_nontargeted_white_box_eps0.0627_iter2,0.18181818181818185,0.16666666666666663,0.9975047,55.07764353324805,0.9997562170028687,0.9999651908874512,0.01425300631672144,0.0003241300582885742,215893,0.00248294,0.0012544930214062333,0.0012543258490040898,0.0012510004453361034
433980,dct_high_nontargeted_white_box_eps0.0627_iter1,0.5000000000000001,0.25000000000000006,0.99942446,58.22300691118643,0.9999277591705322,0.9999865889549255,0.0019631660543382168,0.0002594590187072754,383093,0.0021192282,0.0012496152194216847,0.0012207241961732507,0.001131483935751021
380913,dct_high_nontargeted_white_box_eps0.0627_iter1,0.30303030303030304,0.28686868686868683,0.9993157,58.10117015724999,0.9999351501464844,0.9999897480010986,0.0026998077519237995,0.0001157522201538086,383962,0.0021481193,0.0012238216586411,0.0012433640658855438,0.0012371019693091512
32887,dct_high_nontargeted_white_box_eps0.0627_iter2,0.28282828282828276,0.18181818181818185,0.9989491,55.03302976344044,0.999877393245697,0.9999842643737793,0.004917449317872524,0.0008666515350341797,240166,0.0025287059,0.001254203263670206,0.0012502491008490324,0.001250422210432589
213035,dct_high_nontargeted_white_box_eps0.0627_iter1,0.1471861471861472,0.12121212121212122,0.9987857,58.13897179518655,0.9998576045036316,0.9999760985374451,0.014582619071006775,0.0005973577499389648,374453,0.002126475,0.0012260715011507273,0.0012237548362463713,0.001222363323904574
399205,dct_high_nontargeted_white_box_eps0.0627_iter1,0.25255453081540036,0.21635761742713613,0.99971414,58.05638204607021,0.9999653697013855,0.9999931454658508,0.0006938457954674959,6.198883056640625e-05,403036,0.002164595,0.0012459366116672754,0.0012477947166189551,0.0012489502551034093
350002,dct_high_nontargeted_white_box_eps0.0627_iter17,0.5000000000000001,0.25000000000000006,0.98383373,45.53648355829089,0.9981419444084167,0.9997469186782837,0.09634231775999069,0.007259726524353027,577056,0.008006011,0.004283188842236996,0.004272860940545797,0.00428446801379323
356248,dct_high_nontargeted_white_box_eps0.0627_iter1,0.1003787878787879,0.08333333333333334,0.9992854,58.06212927822676,0.999908447265625,0.9999870657920837,0.0027636000886559486,0.00020009279251098633,395425,0.0021637725,0.001250209636054933,0.0012378678657114506,0.0012496586423367262
334399,dct_high_nontargeted_white_box_eps0.0627_iter1,0.1333333333333333,0.1103896103896104,0.9988532,58.285209203176166,0.9998713731765747,0.9999788999557495,0.012172965332865715,0.0003662109375,374663,0.0020701292,0.0011932359775528312,0.0011822199448943138,0.0011751422425732017
57150,dct_high_nontargeted_white_box_eps0.0627_iter1,0.21818676965735787,0.21462052744349394,0.999058,58.039209766164326,0.9998962879180908,0.9999880790710449,0.005694485269486904,0.0007067322731018066,388103,0.002170245,0.0012533626286312938,0.0012521222233772278,0.0012520329328253865
363666,dct_high_nontargeted_white_box_eps0.0627_iter1,0.11466942148760331,0.11276223776223779,0.9993706,58.09021109143196,0.9999334812164307,0.99998939037323,0.0016799787990748882,0.0001417398452758789,390059,0.00215562,0.0012168972752988338,0.0012509655207395554,0.0012457798002287745
481573,dct_high_nontargeted_white_box_eps0.0627_iter14,0.5000000000000001,0.12500000000000003,0.98133564,46.43588439873284,0.9985353350639343,0.9997434020042419,0.08846324682235718,0.0053997039794921875,531101,0.007144181,0.0036747956182807684,0.0037169121205806732,0.0037553387228399515
123480,dct_high_nontargeted_white_box_eps0.0627_iter1,0.3333333333333334,0.1666666666666667,0.99868375,58.033979235753065,0.9998297095298767,0.9999673962593079,0.009286316111683846,0.0004943609237670898,392522,0.0021720093,0.00125401362311095,0.0012540090829133987,0.00125400023534894
284698,dct_high_nontargeted_white_box_eps0.0627_iter1,0.5000000000000001,0.12500000000000003,0.9994504,58.10997639753212,0.9999368190765381,0.9999898076057434,0.007307023741304874,0.00013512372970581055,398304,0.0021444126,0.0012362838024273515,0.00123756960965693,0.0012229372514411807
102356,dct_high_nontargeted_white_box_eps0.0627_iter2,0.5000000000000001,0.25000000000000006,0.9981424,54.9408933799709,0.999782919883728,0.9999696612358093,0.013733859173953533,0.00031697750091552734,233006,0.0025308717,0.001276423572562635,0.0012789200991392136,0.0012823455035686493
8690,dct_high_nontargeted_white_box_eps0.0627_iter1,0.34090909090909094,0.3181818181818182,0.9994343,58.29715801733754,0.9999341368675232,0.9999874234199524,0.0021147916559129953,0.00032144784927368164,395331,0.002063475,0.0011799237690865993,0.0011773800943046808,0.0011835085460916162
381639,dct_high_nontargeted_white_box_eps0.0627_iter2,0.18939393939393934,0.17487373737373738,0.99901366,55.10839826016975,0.9998802542686462,0.9999698996543884,0.003510747104883194,0.00030225515365600586,261923,0.0025031688,0.0012468380155041814,0.0012464768951758742,0.0012500870507210493
284445,dct_high_nontargeted_white_box_eps0.0627_iter2,0.11983664030722856,0.11878121878121879,0.998534,55.01653161951524,0.9998234510421753,0.9999765157699585,0.012149928137660027,0.00041353702545166016,240865,0.002536429,0.0012578143505379558,0.001259504584595561,0.001254960661754012
187144,dct_high_nontargeted_white_box_eps0.0627_iter1,0.1090909090909091,0.10454545454545454,0.9992445,58.25570434438773,0.999912440776825,0.9999833703041077,0.004750908352434635,0.00018662214279174805,402635,0.0020791811,0.0011978006223216653,0.0011959717376157641,0.0011810155119746923
183675,dct_high_nontargeted_white_box_eps0.0627_iter12,0.25000000000000006,0.16666666666666663,0.9920437,45.98988324551364,0.9989458918571472,0.9998379945755005,0.031033938750624657,0.002203702926635742,559760,0.0076027787,0.003971604630351067,0.003959883004426956,0.0039762891829013824
578093,dct_high_nontargeted_white_box_eps0.0627_iter1,0.23636363636363641,0.13636363636363635,0.99949294,58.04324985627051,0.9999417066574097,0.999990701675415,0.0021457592956721783,0.0001938343048095703,412986,0.0021688163,0.0012524579651653767,0.0012508671497926116,0.0012507019564509392
301061,dct_high_nontargeted_white_box_eps0.0627_iter37,0.3333333333333334,0.1666666666666667,0.9749271,41.95799924940222,0.9971896409988403,0.9995486736297607,0.10868199169635773,0.008252263069152832,619053,0.012089866,0.006383096799254417,0.006373001728206873,0.0064219213090837
105264,dct_high_nontargeted_white_box_eps0.0627_iter1,0.3994505494505495,0.3536009445100355,0.99914384,58.08087642912988,0.9998928904533386,0.9999824166297913,0.006472701206803322,0.00022470951080322266,406072,0.0021586139,0.0012449120404198766,0.00122517766430974,0.00125153420958668
25393,dct_high_nontargeted_white_box_eps0.0627_iter4,0.21212121212121215,0.16666666666666666,0.9950407,51.43056073525087,0.9993762373924255,0.9999071359634399,0.029464349150657654,0.0030670166015625,379516,0.004007665,0.002059820108115673,0.0020581630524247885,0.0020582396537065506
471087,dct_high_nontargeted_white_box_eps0.0627_iter5,0.5000000000000001,0.25000000000000006,0.99867123,50.0346856543583,0.9998207092285156,0.9999529719352722,0.0040247137658298016,0.00043392181396484375,506260,0.004941844,0.002651092829182744,0.002661209786310792,0.0026391190476715565
106757,dct_high_nontargeted_white_box_eps0.0627_iter16,0.13636363636363638,0.0,0.9902198,45.63724305231204,0.9987112879753113,0.9997947216033936,0.03258253261446953,0.003701448440551758,576351,0.0079637375,0.004115511663258076,0.0041105737909674644,0.004117006901651621
183648,dct_high_nontargeted_white_box_eps0.0627_iter2,0.5000000000000001,0.4545454545454545,0.9989354,54.72218968188125,0.99986732006073,0.9999785423278809,0.004925806540995836,0.00019180774688720703,257414,0.0026896356,0.0013445740332826972,0.0013443721691146493,0.0013478725450113416
519688,dct_high_nontargeted_white_box_eps0.0627_iter1,0.25000000000000006,0.16666666666666663,0.99889976,58.034313042280644,0.9998669624328613,0.9999821186065674,0.010481183417141438,0.00033360719680786133,388580,0.002171911,0.0012537824222818017,0.001253986731171608,0.001253988710232079
130699,dct_high_nontargeted_white_box_eps0.0627_iter1,0.2073863636363637,0.19128787878787884,0.9994363,58.03445144553795,0.9999269247055054,0.9999898076057434,0.0017212691018357873,0.00026023387908935547,408860,0.002171847,0.0012539055896922946,0.0012538931332528591,0.0012538497103378177
405249,dct_high_nontargeted_white_box_eps0.0627_iter1,0.19926774428779775,0.19583333333333336,0.9994448,58.05965988493547,0.9999346733093262,0.9999897480010986,0.0017503981944173574,0.0001811981201171875,394452,0.002163259,0.0012472480302676558,0.0012492460664361715,0.0012433649972081184
235784,dct_high_nontargeted_white_box_eps0.0627_iter17,0.5000000000000001,0.25000000000000006,0.98397046,45.30568453661907,0.997864842414856,0.9996196627616882,0.12080663442611694,0.010183751583099365,585743,0.008238178,0.004361082334071398,0.0043758004903793335,0.004391436465084553
537506,dct_high_nontargeted_white_box_eps0.0627_iter3,0.12467532467532469,0.1090909090909091,0.99747205,53.039328074826635,0.9997381567955017,0.9999679327011108,0.024009723216295242,0.0015691518783569336,401613,0.0034684865,0.0019229068420827389,0.0019278539111837745,0.001930383499711752
119445,dct_high_nontargeted_white_box_eps0.0627_iter9,0.15909090909090912,0.13636363636363635,0.996342,47.36526408875073,0.9995065927505493,0.9998921155929565,0.010968398302793503,0.0006697177886962891,559059,0.0066264016,0.003509494010359049,0.003512950846925378,0.003537935670465231
507015,dct_high_nontargeted_white_box_eps0.0627_iter12,0.46363636363636374,0.46212121212121215,0.99324757,45.862733565484746,0.9990388751029968,0.9998331069946289,0.01721711829304695,0.0018008947372436523,576400,0.007830006,0.004035140387713909,0.0040642921812832355,0.004010284319519997
173830,dct_high_nontargeted_white_box_eps0.0627_iter20,0.5000000000000001,0.12500000000000003,0.9761517,44.618335623063174,0.9970560073852539,0.9996092915534973,0.1323915421962738,0.016665101051330566,586985,0.008870849,0.004642852582037449,0.0046073500998318195,0.004642233718186617
373315,dct_high_nontargeted_white_box_eps0.0627_iter12,0.5000000000000001,0.25000000000000006,0.9861431,46.428698493842234,0.998136043548584,0.9997082352638245,0.07603006064891815,0.0064324140548706055,555548,0.007250946,0.003762259613722563,0.0037775272503495216,0.0037465980276465416
13546,dct_high_nontargeted_white_box_eps0.0627_iter26,0.28282828282828276,0.2575757575757575,0.98373336,43.22570423719836,0.9979349970817566,0.9996602535247803,0.04780037701129913,0.0030638575553894043,609077,0.010534477,0.005472235847264528,0.005460020154714584,0.005463641602545977
67310,dct_high_nontargeted_white_box_eps0.0627_iter1,0.346590909090909,0.20454545454545453,0.99944687,58.04841798755403,0.9999334812164307,0.999991238117218,0.002276207320392132,0.00026339292526245117,414722,0.0021673953,0.001252192654646933,0.0012519697193056345,0.0012453858507797122
125936,dct_high_nontargeted_white_box_eps0.0627_iter2,0.1613717823395243,0.134469696969697,0.99871475,54.97861740994026,0.9998648166656494,0.9999788999557495,0.004845654591917992,0.00022685527801513672,226992,0.0025144594,0.0012763860868290067,0.0012762544211000204,0.0012611031997948885
389109,dct_high_nontargeted_white_box_eps0.0627_iter1,0.16909090909090913,0.14016528925619837,0.999104,58.17462035471432,0.9999019503593445,0.9999867677688599,0.004221995826810598,0.00038808584213256836,383096,0.002131881,0.0012007931945845485,0.0012357895029708743,0.0012055971892550588
128476,dct_high_nontargeted_white_box_eps0.0627_iter3,0.22222222222222218,0.1666666666666667,0.9983104,53.24313986579813,0.9998171329498291,0.9999675154685974,0.006947473622858524,0.00044083595275878906,406472,0.0033956924,0.0018738250946626067,0.0018899046117439866,0.0018666887190192938
414034,dct_high_nontargeted_white_box_eps0.0627_iter3,0.20000000000000004,0.10000000000000002,0.99741864,53.396583926330024,0.9997029304504395,0.999964714050293,0.02308538556098938,0.0006730556488037109,404912,0.0033286144,0.0018521171296015382,0.0018526313360780478,0.001851788372732699
99182,dct_high_nontargeted_white_box_eps0.0627_iter10,0.3333333333333334,0.1666666666666667,0.9882657,47.95466949409228,0.9989433288574219,0.9998422265052795,0.07949315011501312,0.004080057144165039,497660,0.0060182707,0.0031028594821691513,0.003121368121355772,0.0031183434184640646
65736,dct_high_nontargeted_white_box_eps0.0627_iter14,0.3333333333333334,0.08333333333333336,0.9784946,46.059832066883104,0.9972776174545288,0.9995109438896179,0.2163843810558319,0.014945447444915771,553218,0.0074527343,0.003891123691573739,0.0038747298531234264,0.003912173677235842
1000,dct_high_nontargeted_white_box_eps0.0627_iter3,0.20196908354803092,0.19945332445332445,0.9984608,52.87364637982519,0.9998260736465454,0.9999699592590332,0.005940056871622801,0.0005419254302978516,416838,0.0035616742,0.00196872279047966,0.0019595560152083635,0.0019648177549242973
559543,dct_high_nontargeted_white_box_eps0.0627_iter8,0.20000000000000004,0.10000000000000002,0.9917595,48.794276288741386,0.9990352988243103,0.9998703598976135,0.07265880703926086,0.008851051330566406,478680,0.005459084,0.0028284420259296894,0.0028322257567197084,0.0027929425705224276
185890,dct_high_nontargeted_white_box_eps0.0627_iter1,0.2272727272727273,0.2207792207792208,0.99941856,58.04922586797011,0.9999299049377441,0.9999898076057434,0.0029548760503530502,0.0009921789169311523,397800,0.002166826,0.0012512524845078588,0.0012505557388067245,0.00124706095084548
357978,dct_high_nontargeted_white_box_eps0.0627_iter16,0.11688311688311691,0.10909090909090911,0.9850249,45.65524013289564,0.9982911944389343,0.9997591972351074,0.08058597892522812,0.004228472709655762,568884,0.007877473,0.0041047451086342335,0.00409573083743453,0.00411414448171854
129492,dct_high_nontargeted_white_box_eps0.0627_iter1,0.18181818181818177,0.11363636363636362,0.99913716,58.04307949977567,0.9998942613601685,0.9999849200248718,0.004196689464151859,0.00045430660247802734,392858,0.002169233,0.0012530038366094232,0.0012523254845291376,0.0012488429201766849
410510,dct_high_nontargeted_white_box_eps0.0627_iter6,0.3333333333333334,0.11111111111111109,0.9924841,49.965632185324324,0.9990795850753784,0.9998781085014343,0.061706602573394775,0.0038439035415649414,436420,0.004751687,0.0024398306850343943,0.0024465664755553007,0.0024426858872175217
39951,dct_high_nontargeted_white_box_eps0.0627_iter1,0.12121212121212122,0.06060606060606061,0.9990005,58.06956787630253,0.9998850226402283,0.9999853372573853,0.005408762954175472,0.00019049644470214844,390670,0.0021599869,0.001242849975824356,0.0012446901528164744,0.001243819948285818
306700,dct_high_nontargeted_white_box_eps0.0627_iter12,0.25000000000000006,0.08333333333333331,0.9884352,46.45733885026715,0.998511016368866,0.9998465180397034,0.04692647606134415,0.0024840235710144043,549876,0.0071888845,0.0037491535767912865,0.0037510432302951813,0.0037155472673475742
146457,dct_high_nontargeted_white_box_eps0.0627_iter3,0.1666666666666667,0.10984848484848485,0.9981846,53.13926405015089,0.9997889995574951,0.9999637007713318,0.009418229572474957,0.0006140470504760742,418030,0.0034506386,0.0019076410681009293,0.0019075577147305012,0.0019062601495534182
332845,dct_high_nontargeted_white_box_eps0.0627_iter6,0.25000000000000006,0.12500000000000003,0.9920427,50.05521353529428,0.9990794658660889,0.9998548030853271,0.07945427298545837,0.008646607398986816,426129,0.004682791,0.002418999560177326,0.0024162083864212036,0.0024121254682540894
334309,dct_high_nontargeted_white_box_eps0.0627_iter2,0.11878787878787878,0.09454545454545456,0.9987524,54.990863971609286,0.9998648166656494,0.9999793767929077,0.004731043707579374,0.00047278404235839844,229569,0.002512079,0.0012672919547185302,0.0012714627664536238,0.0012634735321626067
93437,dct_high_nontargeted_white_box_eps0.0627_iter2,0.12500000000000003,0.06250000000000001,0.9987149,54.7909256908966,0.9998362064361572,0.9999710321426392,0.0048004016280174255,0.00024706125259399414,257693,0.0026466297,0.0013286933535709977,0.0013298362027853727,0.0013299472630023956
413552,dct_high_nontargeted_white_box_eps0.0627_iter21,0.33333333333333326,0.32954545454545453,0.97630054,44.666289048571635,0.99723219871521,0.9995903968811035,0.14796024560928345,0.017024338245391846,587354,0.008793586,0.00471509899944067,0.0047046407125890255,0.004708028398454189
17379,dct_high_nontargeted_white_box_eps0.0627_iter6,0.13333333333333336,0.12878787878787876,0.9935418,49.31985202500051,0.9991804957389832,0.999879002571106,0.026831146329641342,0.0015693306922912598,465034,0.005168345,0.002679941477254033,0.002676124684512615,0.002668678294867277
507975,dct_high_nontargeted_white_box_eps0.0627_iter1,0.292929292929293,0.23989898989898986,0.99957246,58.06414521547994,0.9999526739120483,0.9999918341636658,0.0015781823312863708,7.867813110351562e-05,394157,0.0021610924,0.0012454850366339087,0.0012449522037059069,0.0012455590767785907
314177,dct_high_nontargeted_white_box_eps0.0627_iter3,0.5000000000000001,0.25000000000000006,0.9967163,53.00603841171804,0.9995590448379517,0.9999329447746277,0.014129876159131527,0.0007772445678710938,416962,0.003506183,0.0019394676201045513,0.0019399246666580439,0.0019308864139020443
180383,dct_high_nontargeted_white_box_eps0.0627_iter1,0.12500000000000003,0.08333333333333331,0.99905807,58.0401623501125,0.9998925924301147,0.9999834895133972,0.0033742536325007677,0.00015628337860107422,387851,0.0021702226,0.0012533875415101647,0.001252954825758934,0.0012503588804975152
103548,dct_high_nontargeted_white_box_eps0.0627_iter25,0.5000000000000001,0.0,0.9898332,43.20204918612631,0.9985394477844238,0.9997243881225586,0.027944672852754593,0.006091177463531494,614831,0.010625456,0.005561270751059055,0.005569924134761095,0.005545170046389103
568439,dct_high_nontargeted_white_box_eps0.0627_iter2,0.10426693404634582,0.09053030303030303,0.99896175,55.152414825816976,0.9998704195022583,0.9999809861183167,0.004221184644848108,0.00022912025451660156,242583,0.0025019792,0.0012179744662716985,0.0012223280500620604,0.0012188450200483203
138979,dct_high_nontargeted_white_box_eps0.0627_iter1,0.26599326599326595,0.22222222222222218,0.9991663,58.05650630024577,0.9999085664749146,0.9999861717224121,0.004196220077574253,0.00017660856246948242,393522,0.0021634132,0.0012476425617933273,0.00124743627384305,0.001247494830749929
563653,dct_high_nontargeted_white_box_eps0.0627_iter5,0.20000000000000004,0.16969696969696965,0.9968071,50.26750636928177,0.9995970129966736,0.9999529123306274,0.021442990750074387,0.0008247494697570801,479835,0.00474586,0.002583549590781331,0.0025766538456082344,0.0025594152975827456
73702,dct_high_nontargeted_white_box_eps0.0627_iter1,0.21212121212121207,0.12500000000000003,0.99929094,58.056483085776506,0.9999212026596069,0.9999884366989136,0.0032293437980115414,0.00018483400344848633,387360,0.0021654777,0.001238831551745534,0.0012511021923273802,0.0012526577338576317
86483,dct_high_nontargeted_white_box_eps0.0627_iter2,0.16666666666666663,0.0,0.9990136,54.74629719158177,0.9998941421508789,0.9999793171882629,0.004234913736581802,0.00011181831359863281,250434,0.002668677,0.0013405360514298081,0.0013373980764299631,0.0013382486067712307
521141,dct_high_nontargeted_white_box_eps0.0627_iter1,0.20454545454545453,0.1980519480519481,0.99940425,58.16000172374188,0.9999279379844666,0.9999877214431763,0.002408361993730068,0.00014954805374145508,409289,0.0021208874,0.0012220010394230485,0.0012160736368969083,0.0012163628125563264
61268,dct_high_nontargeted_white_box_eps0.0627_iter3,0.25000000000000006,0.08333333333333331,0.9973283,53.24263698454434,0.9996768832206726,0.9999457001686096,0.02410307340323925,0.003189563751220703,416620,0.0033440872,0.001842935336753726,0.001840264885686338,0.0018299922812730074
393093,dct_high_nontargeted_white_box_eps0.0627_iter1,0.3333333333333334,0.1666666666666667,0.9995213,58.24306534560478,0.9999508857727051,0.999990701675415,0.0019153680186718702,0.00010216236114501953,400997,0.0020871547,0.0011939335381612182,0.00119407766032964,0.0011971932835876942
198510,dct_high_nontargeted_white_box_eps0.0627_iter18,0.5000000000000001,0.0,0.9839757,45.334085917581646,0.9980096220970154,0.9996702075004578,0.0918009802699089,0.009013831615447998,577587,0.008168362,0.0041086007840931416,0.0042752791196107864,0.004309765063226223
415990,dct_high_nontargeted_white_box_eps0.0627_iter5,0.3333333333333334,0.2575757575757575,0.99567676,49.937036218630475,0.9993904829025269,0.9998987913131714,0.08136359602212906,0.004464507102966309,491330,0.004954776,0.002678206190466881,0.0026815354358404875,0.002684482838958502
32901,dct_high_nontargeted_white_box_eps0.0627_iter1,0.10649350649350652,0.10129870129870132,0.99928623,58.03939234031516,0.9999133348464966,0.9999866485595703,0.0023131039924919605,0.0001773238182067871,400443,0.0021703222,0.0012525796191766858,0.001252282876521349,0.0012524861376732588
84270,dct_high_nontargeted_white_box_eps0.0627_iter2,0.10387806637806636,0.09504132231404959,0.9986262,54.71766946657087,0.9998607039451599,0.9999735355377197,0.0046113282442092896,0.0003376007080078125,245318,0.0026736706,0.0013483513612300158,0.0013555422192439437,0.0013478260952979326
267191,dct_high_nontargeted_white_box_eps0.0627_iter4,0.33333333333333326,0.25000000000000006,0.99819344,51.76427520240725,0.9997611045837402,0.9999584555625916,0.00874642375856638,0.0006128549575805664,394266,0.0038900925,0.0019564139656722546,0.0019527628319337964,0.0019547578413039446
422836,dct_high_nontargeted_white_box_eps0.0627_iter4,0.1090909090909091,0.10649350649350649,0.9967647,51.924059337833086,0.9996530413627625,0.9999475479125977,0.0419810488820076,0.0010341405868530273,360277,0.003733511,0.0019110001157969236,0.0019029196118935943,0.001902768504805863
213547,dct_high_nontargeted_white_box_eps0.0627_iter1,0.14141414141414138,0.11111111111111109,0.9992938,58.046943834901874,0.9999223947525024,0.9999895691871643,0.004642455372959375,0.00023829936981201172,393594,0.0021679343,0.001249481923878193,0.0012504375772550702,0.0012509152293205261
456015,dct_high_nontargeted_white_box_eps0.0627_iter13,0.3142857142857143,0.2727272727272727,0.98597366,46.48143942963881,0.9981850981712341,0.999782145023346,0.08292461931705475,0.004781544208526611,563651,0.007218925,0.0038646813482046127,0.0038599041290581226,0.003848785301670432
547886,dct_high_nontargeted_white_box_eps0.0627_iter1,0.28571428571428575,0.18181818181818185,0.9987788,58.03413566146134,0.9998495578765869,0.9999794363975525,0.011297475546598434,0.00037169456481933594,390353,0.0021719527,0.001253973226994276,0.001253981958143413,0.0012539172312244773
69356,dct_high_nontargeted_white_box_eps0.0627_iter3,0.20382395382395385,0.17676767676767677,0.99903876,52.90148253402097,0.9998814463615417,0.9999728202819824,0.0028988956473767757,0.00028443336486816406,436048,0.0035715958,0.0019558612257242203,0.001959580695256591,0.001952549908310175
274708,dct_high_nontargeted_white_box_eps0.0627_iter1,0.4696969696969697,0.45867768595041325,0.998653,58.13023467250666,0.9998463988304138,0.9999688863754272,0.029791083186864853,0.0019441843032836914,378821,0.0021334316,0.0012201233766973019,0.0012264976976439357,0.0012329255696386099
377113,dct_high_nontargeted_white_box_eps0.0627_iter1,0.23434343434343435,0.16363636363636364,0.9995973,58.04198145811293,0.9999505877494812,0.9999903440475464,0.0014030865859240294,4.029273986816406e-05,414673,0.0021697395,0.001253671245649457,0.0012479351134970784,0.0012535080313682556
430377,dct_high_nontargeted_white_box_eps0.0627_iter1,0.5000000000000001,0.3863636363636363,0.9989157,58.034158007590165,0.9998652935028076,0.999979555606842,0.0052866204641759396,0.00047600269317626953,395005,0.002171959,0.00125381990801543,0.0012540151365101337,0.0012540181633085012
512776,dct_high_nontargeted_white_box_eps0.0627_iter2,0.33333333333333326,0.13636363636363638,0.9973033,55.25243084245443,0.9998068809509277,0.9999631643295288,0.015560116618871689,0.0007271766662597656,193495,0.0023809776,0.0012140488252043724,0.0012108199298381805,0.0012080242158845067
184978,dct_high_nontargeted_white_box_eps0.0627_iter19,0.5000000000000001,0.25000000000000006,0.9830938,44.440557219621766,0.9979234933853149,0.9997633099555969,0.08017048239707947,0.006811380386352539,595799,0.00913554,0.0048547349870204926,0.00482004601508379,0.004857190884649754
199055,dct_high_nontargeted_white_box_eps0.0627_iter14,0.25000000000000006,0.08333333333333331,0.9905266,44.54035062677944,0.9987992644309998,0.9998112916946411,0.037469036877155304,0.003102421760559082,590300,0.009057962,0.0047201234847307205,0.004717392846941948,0.004730893298983574
431848,dct_high_nontargeted_white_box_eps0.0627_iter10,0.27272727272727276,0.13636363636363638,0.99015874,47.62365152828614,0.999081015586853,0.9998241662979126,0.05110451579093933,0.0052942633628845215,509167,0.006256959,0.003235977841541171,0.003238989971578121,0.0032496608328074217
128699,dct_high_nontargeted_white_box_eps0.0627_iter2,0.4615384615384617,0.45562770562770566,0.9977972,54.96406070965433,0.9997451305389404,0.9999710917472839,0.04656340926885605,0.0014215707778930664,228047,0.0025057115,0.0012731841998174787,0.0012732087634503841,0.0012731869937852025
121591,dct_high_nontargeted_white_box_eps0.0627_iter19,0.5000000000000001,0.16666666666666663,0.98693293,45.04246981314673,0.9982951879501343,0.9996923804283142,0.07084619998931885,0.006247222423553467,587797,0.008399254,0.004488352220505476,0.004468703176826239,0.004478562623262405
176799,dct_high_nontargeted_white_box_eps0.0627_iter5,0.2803030303030302,0.2545454545454546,0.99788684,50.91255210646683,0.9997681379318237,0.9999532699584961,0.007031210698187351,0.0005519390106201172,467038,0.004396131,0.0023859990760684013,0.002385427476838231,0.00238766404800117
424521,dct_high_nontargeted_white_box_eps0.0627_iter8,0.5000000000000001,0.25000000000000006,0.99374527,47.711547491265414,0.9992544054985046,0.9999082088470459,0.06393858045339584,0.0023006796836853027,515336,0.006231732,0.00323114893399179,0.0032293463591486216,0.0032317405566573143
254016,dct_high_nontargeted_white_box_eps0.0627_iter1,0.3333333333333334,0.027777777777777773,0.99922246,58.036069382109815,0.999913215637207,0.9999887943267822,0.004810759797692299,0.00022542476654052734,388625,0.002171265,0.0012535989517346025,0.001253472175449133,0.0012531569227576256
73946,dct_high_nontargeted_white_box_eps0.0627_iter2,0.21212121212121215,0.12121212121212122,0.99790174,54.96620496756058,0.9997520446777344,0.9999650120735168,0.017459742724895477,0.0007260441780090332,228216,0.0025121854,0.001269476255401969,0.0012735751224681735,0.0012743266997858882
230819,dct_high_nontargeted_white_box_eps0.0627_iter15,0.5000000000000001,0.0,0.98843163,44.76250614294646,0.9985020160675049,0.9997699856758118,0.04321147873997688,0.003291308879852295,589880,0.008801406,0.004680360667407513,0.00468384800478816,0.0046847970224916935
82715,dct_high_nontargeted_white_box_eps0.0627_iter3,0.5000000000000001,0.25000000000000006,0.99822634,52.11655147951067,0.9997627139091492,0.9999625086784363,0.005276664160192013,0.00045114755630493164,436109,0.003952865,0.0021631671115756035,0.002163348952308297,0.0021677317563444376
497344,dct_high_nontargeted_white_box_eps0.0627_iter1,0.25000000000000006,0.12500000000000003,0.9989204,58.053152392417815,0.9998681545257568,0.9999808669090271,0.011141795665025711,0.00018912553787231445,386742,0.0021662405,0.0012494175462052226,0.0012480040313676,0.001248047803528607
361147,dct_high_nontargeted_white_box_eps0.0627_iter1,0.24329004329004333,0.2299168152109328,0.9993139,58.04140168772004,0.9999126195907593,0.9999868869781494,0.0019502155482769012,0.0001627206802368164,396210,0.0021695571,0.0012527804356068373,0.0012528107035905123,0.0012500188313424587
541123,dct_high_nontargeted_white_box_eps0.0627_iter1,0.11352495543672013,0.11053030303030302,0.9993606,58.040736699440075,0.9999246001243591,0.9999918341636658,0.0017682721372693777,8.678436279296875e-05,394965,0.0021698177,0.0012521968455985188,0.0012522052275016904,0.001251782989129424
343706,dct_high_nontargeted_white_box_eps0.0627_iter2,0.5000000000000001,0.25000000000000006,0.9992433,55.1328572217312,0.9999076724052429,0.999984860420227,0.007847968488931656,0.0008130669593811035,251878,0.0025271627,0.0012245906982570887,0.0012258877977728844,0.001220278674736619
199395,dct_high_nontargeted_white_box_eps0.0627_iter1,0.20144186621459348,0.17178932178932182,0.9987454,58.03435468264273,0.9998349547386169,0.9999650120735168,0.010627096518874168,0.00032401084899902344,396716,0.0021718873,0.001253877766430378,0.0012538888258859515,0.0012539355084300041
514797,dct_high_nontargeted_white_box_eps0.0627_iter22,0.5000000000000001,0.42727272727272736,0.9802559,44.23218011832689,0.9972149729728699,0.9996129870414734,0.06133442744612694,0.0020290613174438477,596932,0.009339025,0.004833366721868515,0.004841407760977745,0.004844591021537781
279774,dct_high_nontargeted_white_box_eps0.0627_iter2,0.23160173160173161,0.22943722943722947,0.9987436,54.85925537373764,0.9998399019241333,0.9999738335609436,0.004184142220765352,0.0006270408630371094,246791,0.0026128455,0.0013037287862971425,0.001301053212955594,0.0013033138820901513
474078,dct_high_nontargeted_white_box_eps0.0627_iter1,0.25000000000000006,0.22727272727272732,0.9997439,58.04235622261021,0.9999620914459229,0.9999905228614807,0.0005747167160734534,4.863739013671875e-05,419722,0.0021692892,0.001252550631761551,0.0012514363043010235,0.0012507985811680555
872,dct_high_nontargeted_white_box_eps0.0627_iter7,0.18181818181818185,0.0606060606060606,0.99666303,49.37574765658229,0.9995836019515991,0.9999372363090515,0.015293754637241364,0.0014906525611877441,511574,0.00523816,0.002801866503432393,0.002812534337863326,0.002805924043059349
32038,dct_high_nontargeted_white_box_eps0.0627_iter2,0.12500000000000003,0.08333333333333331,0.99552494,55.49815856810745,0.9996289610862732,0.9999669194221497,0.03230980038642883,0.0010792016983032227,148153,0.0023117268,0.0011898904340341687,0.0011929264292120934,0.0011686672223731875
261732,dct_high_nontargeted_white_box_eps0.0627_iter25,0.3333333333333334,0.1666666666666667,0.9765803,43.51906293143876,0.9971200227737427,0.9996137619018555,0.12680256366729736,0.006314873695373535,603851,0.010080943,0.0053556435741484165,0.00533650815486908,0.005390472244471312
306139,dct_high_nontargeted_white_box_eps0.0627_iter1,0.14093314093314094,0.12327823691460056,0.99917954,58.0485013255077,0.9999095797538757,0.9999851584434509,0.004085263703018427,0.00018656253814697266,390952,0.0021668277,0.0012500500306487083,0.0012508691288530827,0.0012485763290897012
564091,dct_high_nontargeted_white_box_eps0.0627_iter11,0.12500000000000003,0.0,0.99081105,47.434969640269564,0.9989463090896606,0.9998760223388672,0.06514335423707962,0.003874361515045166,542794,0.00646407,0.0034616095945239067,0.003466829191893339,0.0034747207537293434
280930,dct_high_nontargeted_white_box_eps0.0627_iter2,0.25000000000000006,0.04166666666666666,0.998071,54.989197094748235,0.9997987747192383,0.9999657273292542,0.019703026860952377,0.0009119510650634766,222381,0.0025201493,0.0012732226168736815,0.0012743673287332058,0.0012741090031340718
384136,dct_high_nontargeted_white_box_eps0.0627_iter5,0.5000000000000001,0.25000000000000006,0.9943978,50.85632117956284,0.9992960691452026,0.999909520149231,0.031911179423332214,0.0010551214218139648,453055,0.0043900562,0.00240400992333889,0.002402028301730752,0.002404796425253153
173057,dct_high_nontargeted_white_box_eps0.0627_iter3,0.16742424242424245,0.15832349468713106,0.9976849,52.99481762122046,0.9997235536575317,0.9999642968177795,0.01202777586877346,0.0007810592651367188,422099,0.0035182186,0.0019398987060412765,0.0019395429408177733,0.0019416013965383172
475572,dct_high_nontargeted_white_box_eps0.0627_iter1,0.16969696969696965,0.1090909090909091,0.9990426,58.058596292902905,0.999890923500061,0.9999831318855286,0.00825723446905613,0.0002589225769042969,387673,0.0021633422,0.001248556305654347,0.0012502274475991726,0.0012420048005878925
228214,dct_high_nontargeted_white_box_eps0.0627_iter1,0.13636363636363635,0.03409090909090909,0.9991464,58.05367679153803,0.9998965263366699,0.9999872446060181,0.006079597398638725,0.0004935264587402344,396760,0.002166441,0.0012530890526250005,0.0012393268989399076,0.0012525959173217416
183709,dct_high_nontargeted_white_box_eps0.0627_iter1,0.12392632942505065,0.11076493838642176,0.9991923,58.18033831753759,0.9999104738235474,0.9999836087226868,0.0046943253837525845,0.0011134743690490723,398606,0.0021265068,0.0011934286449104548,0.0011922394623979926,0.0012516971910372376
57672,dct_high_nontargeted_white_box_eps0.0627_iter1,0.16165501165501164,0.13755411255411257,0.99956864,58.03455441511784,0.9999475479125977,0.9999909400939941,0.0011961146956309676,6.949901580810547e-05,408982,0.0021718354,0.0012537891743704677,0.0012539230519905686,0.0012538309674710035
283785,dct_high_nontargeted_white_box_eps0.0627_iter1,0.13939393939393938,0.11409880442138505,0.999476,58.085173552340834,0.999944806098938,0.999991774559021,0.0016719771083444357,0.00011718273162841797,390663,0.0021553824,0.001239238423295319,0.0012452220544219017,0.0012335018254816532
467511,dct_high_nontargeted_white_box_eps0.0627_iter1,0.28282828282828276,0.2575757575757575,0.999362,58.05779951031185,0.9999286532402039,0.9999892115592957,0.002590280957520008,0.00011110305786132812,398219,0.0021629543,0.0012468904023990035,0.0012472387170419097,0.00124732858967036
291791,dct_high_nontargeted_white_box_eps0.0627_iter2,0.10606060606060605,0.07954545454545456,0.9991276,54.583244407655926,0.9998955130577087,0.9999776482582092,0.007561224512755871,0.00017333030700683594,265678,0.0027408088,0.0013932071160525084,0.0013962817611172795,0.0014026620192453265
513580,dct_high_nontargeted_white_box_eps0.0627_iter7,0.3333333333333334,0.1666666666666667,0.991363,49.262354898069816,0.9989553689956665,0.9998701810836792,0.1435617357492447,0.00967097282409668,494868,0.005249141,0.002842121757566929,0.0028400553856045008,0.0028583602979779243
566436,dct_high_nontargeted_white_box_eps0.0627_iter4,0.25000000000000006,0.12500000000000003,0.99741644,51.423881630458304,0.9996978044509888,0.9999556541442871,0.010655377060174942,0.0008149147033691406,381427,0.004006293,0.0020572259090840816,0.0020576706156134605,0.0020511869806796312
507797,dct_high_nontargeted_white_box_eps0.0627_iter2,0.16893939393939397,0.14366883116883117,0.9981,54.86136651667137,0.9997783899307251,0.9999697804450989,0.016561338678002357,0.00066375732421875,251667,0.0025814532,0.0013176948996260762,0.0013096056645736098,0.0013088624691590667
315492,dct_high_nontargeted_white_box_eps0.0627_iter3,0.3333333333333334,0.11111111111111109,0.9971072,52.68278246560105,0.9996399879455566,0.9999504089355469,0.014064110815525055,0.0006771087646484375,409322,0.003638063,0.0020084711723029613,0.0020125906448811293,0.0020159564446657896
369675,dct_high_nontargeted_white_box_eps0.0627_iter1,0.1878787878787879,0.1264069264069264,0.9994431,58.11075065239404,0.999936044216156,0.9999885559082031,0.0017469320446252823,0.000156402587890625,398278,0.00214574,0.00122649350669235,0.001226251944899559,0.0012433610390871763
505638,dct_high_nontargeted_white_box_eps0.0627_iter2,0.45454545454545464,0.4000000000000001,0.9987397,55.107249298783,0.9998337030410767,0.9999755024909973,0.0027086418122053146,0.0004944801330566406,233947,0.0024818792,0.0012319058878347278,0.0012310224119573832,0.00122954067774117
70254,dct_high_nontargeted_white_box_eps0.0627_iter2,0.13030303030303028,0.10861638361638364,0.9987817,54.9469636634734,0.9998644590377808,0.999979555606842,0.006048485636711121,0.0002613067626953125,239432,0.0025610845,0.0012778335949406028,0.0012813073117285967,0.0012803098652511835
508917,dct_high_nontargeted_white_box_eps0.0627_iter1,0.10727272727272727,0.09432216905901117,0.9993136,58.3303010838105,0.9999322891235352,0.9999850988388062,0.002689181361347437,0.0002377629280090332,381402,0.0020482168,0.0011712599080055952,0.001169994124211371,0.0011726622469723225
448410,dct_high_nontargeted_white_box_eps0.0627_iter1,0.1029786003470214,0.09215510366826156,0.99945897,58.0745345669267,0.9999381899833679,0.9999896883964539,0.002993794856593013,0.00031107664108276367,398872,0.002159766,0.0012374407378956676,0.001237021293491125,0.0012526048813015223
316054,dct_high_nontargeted_white_box_eps0.0627_iter4,0.16666666666666663,0.12500000000000003,0.99647504,51.599382777697194,0.9995455145835876,0.9999485015869141,0.0220906063914299,0.0012775063514709473,384472,0.0039438116,0.00200055749155581,0.0019975032191723585,0.002003465546295047
511999,dct_high_nontargeted_white_box_eps0.0627_iter6,0.20000000000000004,0.15151515151515155,0.9950598,49.28582587575544,0.9994110465049744,0.9999071359634399,0.03407566621899605,0.002212822437286377,475658,0.005168733,0.002679732395336032,0.0026704405900090933,0.002667653374373913
297022,dct_high_nontargeted_white_box_eps0.0627_iter3,0.4204545454545453,0.3223140495867769,0.9979555,52.56171871076593,0.9997279047966003,0.9999620914459229,0.052217938005924225,0.00584036111831665,439383,0.003734426,0.002046105684712529,0.0020418933127075434,0.0020434935577213764
407083,dct_high_nontargeted_white_box_eps0.0627_iter3,0.1666666666666667,0.11111111111111109,0.9969751,52.99379923111809,0.999625563621521,0.9999490976333618,0.02027694135904312,0.0016521811485290527,413247,0.003503764,0.0019394817063584924,0.0019288852345198393,0.0019423881312832236
212226,dct_high_nontargeted_white_box_eps0.0627_iter5,0.5000000000000001,0.16666666666666663,0.9939413,51.03100093821521,0.999315619468689,0.9999101161956787,0.09040571004152298,0.00619196891784668,447161,0.004290746,0.0023600030690431595,0.002357254968956113,0.0023203985765576363
394206,dct_high_nontargeted_white_box_eps0.0627_iter1,0.11498316498316496,0.08647727272727272,0.999463,58.06241866766697,0.9999442100524902,0.9999921321868896,0.0026331564877182245,8.52346420288086e-05,391399,0.0021630763,0.0012465134495869279,0.0012438996927812696,0.001247067702934146
220858,dct_high_nontargeted_white_box_eps0.0627_iter6,0.1123876123876124,0.030303030303030307,0.99527925,49.625543845103266,0.9994108080863953,0.9999033212661743,0.04306682199239731,0.0025424957275390625,469402,0.005027778,0.002570017008110881,0.0025718177203089,0.0025487823877483606
453166,dct_high_nontargeted_white_box_eps0.0627_iter3,0.5000000000000001,0.47272727272727283,0.9966144,53.055952855440765,0.9996018409729004,0.9999505877494812,0.017609093338251114,0.001025557518005371,406034,0.0034698918,0.001926440978422761,0.0019248314201831818,0.0019284154986962676
6894,dct_high_nontargeted_white_box_eps0.0627_iter1,0.25000000000000006,0.12500000000000003,0.99933463,58.11700882453508,0.9999181032180786,0.9999871253967285,0.002753793727606535,0.0005131363868713379,407228,0.002135889,0.0012302565155550838,0.0012301690876483917,0.0012303631519898772
279927,dct_high_nontargeted_white_box_eps0.0627_iter1,0.1414141414141414,0.1409090909090909,0.9995225,58.06331680094437,0.9999340772628784,0.9999943375587463,0.0020367573015391827,0.00011217594146728516,394319,0.0021629438,0.0012497389689087868,0.001242763944901526,0.001244190614670515
161032,dct_high_nontargeted_white_box_eps0.0627_iter7,0.5000000000000001,0.25000000000000006,0.9946468,48.95887908952776,0.999286413192749,0.9998918771743774,0.028336552903056145,0.0022469758987426758,512434,0.0054726014,0.0029453886672854424,0.0029438394121825695,0.0029484438709914684
382111,dct_high_nontargeted_white_box_eps0.0627_iter2,0.25000000000000006,0.21212121212121207,0.9987715,54.89496125688669,0.9998545050621033,0.9999836087226868,0.004887185990810394,0.0003749728202819824,240004,0.0025772075,0.0012941122986376286,0.0012919025029987097,0.001290226704441011
317433,dct_high_nontargeted_white_box_eps0.0627_iter19,0.5000000000000001,0.25000000000000006,0.9906032,44.94519781450596,0.9988877177238464,0.9998170137405396,0.032042499631643295,0.005153357982635498,593306,0.008641542,0.004565104842185974,0.004572959151118994,0.004577132873237133
132408,dct_high_nontargeted_white_box_eps0.0627_iter8,0.30454545454545445,0.22727272727272732,0.99535316,48.319260206944534,0.9994053840637207,0.9999025464057922,0.024129142984747887,0.0011988282203674316,510673,0.0058484245,0.0029981068801134825,0.002992096124216914,0.0029891745653003454
191288,dct_high_nontargeted_white_box_eps0.0627_iter2,0.5000000000000001,0.25000000000000006,0.999157,54.824415037919394,0.9999144077301025,0.999984860420227,0.0035391943529248238,9.965896606445312e-05,243385,0.0026071542,0.0013141627423465252,0.0013174992054700851,0.0013113149907439947
260106,dct_high_nontargeted_white_box_eps0.0627_iter2,0.3749999999999999,0.3636363636363637,0.998949,55.31146272510766,0.9998881816864014,0.9999856948852539,0.004370956681668758,0.00018513202667236328,219752,0.002357773,0.0011716641020029783,0.0011768765980377793,0.001175357960164547
100510,dct_high_nontargeted_white_box_eps0.0627_iter5,0.24999999999999992,0.1414141414141414,0.9974978,50.4357394773847,0.9997178912162781,0.9999536871910095,0.009639322757720947,0.0013413429260253906,470659,0.004642772,0.0025229137390851974,0.0025252876803278923,0.0025279787369072437
441442,dct_high_nontargeted_white_box_eps0.0627_iter2,0.28282828282828276,0.22222222222222218,0.9990875,54.704383275138824,0.999894380569458,0.9999850988388062,0.0025357066188007593,0.00028121471405029297,251493,0.0026857285,0.0013497814070433378,0.0013519376516342163,0.0013490001438185573
140270,dct_high_nontargeted_white_box_eps0.0627_iter1,0.5000000000000001,0.25000000000000006,0.9993152,58.035931549572545,0.999915361404419,0.9999898672103882,0.002371871843934059,0.00010991096496582031,402343,0.0021712878,0.00125360197853297,0.001253560883924365,0.0012531675165519118
553990,dct_high_nontargeted_white_box_eps0.0627_iter6,0.25000000000000006,0.0,0.9969705,48.89848188384879,0.9996204376220703,0.9999329447746277,0.009164592251181602,0.00102156400680542,494449,0.0055002444,0.00283306953497231,0.002832119120284915,0.0028247355949133635
97924,dct_high_nontargeted_white_box_eps0.0627_iter4,0.21212121212121215,0.1818181818181818,0.9975366,51.9657854009058,0.9996905326843262,0.9999548196792603,0.03142140805721283,0.0014452934265136719,388501,0.0037422192,0.0019001562613993883,0.0018941095331683755,0.001890600542537868
331799,dct_high_nontargeted_white_box_eps0.0627_iter1,0.23636363636363641,0.19772727272727272,0.999276,58.056221820619946,0.9999226331710815,0.9999898076057434,0.003187190741300583,0.00012981891632080078,388949,0.0021655352,0.0012521414319053292,0.0012490366352722049,0.0012416235404089093
326542,dct_high_nontargeted_white_box_eps0.0627_iter2,0.4204545454545453,0.31818181818181823,0.9973674,54.70096504846934,0.9996500015258789,0.9998998641967773,0.019958071410655975,0.0011981725692749023,249114,0.0026701277,0.0013522683875635266,0.001349634025245905,0.001351770362816751
576566,dct_high_nontargeted_white_box_eps0.0627_iter6,0.5000000000000001,0.25000000000000006,0.9934227,50.17169592743941,0.9992427229881287,0.9998809695243835,0.04562147706747055,0.0030658841133117676,432777,0.004644107,0.002383554121479392,0.002382520120590925,0.0023644794709980488
327306,dct_high_nontargeted_white_box_eps0.0627_iter5,0.5000000000000001,0.25000000000000006,0.9954023,50.70658225222264,0.999387264251709,0.9999104142189026,0.025259708985686302,0.0021172761917114258,472274,0.00450641,0.0024447045288980007,0.0024484610185027122,0.002439209958538413
94944,dct_high_nontargeted_white_box_eps0.0627_iter3,0.21022727272727265,0.1181818181818182,0.99779063,53.180607426188836,0.9997228980064392,0.9999587535858154,0.02147132344543934,0.0010145902633666992,430078,0.0034503369,0.0018974238773807883,0.00190201704390347,0.0018957387655973434
151051,dct_high_nontargeted_white_box_eps0.0627_iter29,0.5000000000000001,0.16666666666666663,0.9646875,43.40446134580893,0.9949252009391785,0.9988797307014465,0.14712277054786682,0.013599038124084473,611450,0.010336627,0.005433425307273865,0.005437332205474377,0.005445572547614574
93717,dct_high_nontargeted_white_box_eps0.0627_iter1,0.24579124579124578,0.23411058638331364,0.99941236,58.06123633676765,0.9999310374259949,0.9999892115592957,0.0027048035990446806,0.00011658668518066406,411561,0.0021618437,0.0012473509414121509,0.001247754436917603,0.0012434037635102868
18193,dct_high_nontargeted_white_box_eps0.0627_iter1,0.3333333333333334,0.1666666666666667,0.9990434,58.04349026155169,0.9998792409896851,0.9999831914901733,0.005732616409659386,0.0002269148826599121,397683,0.0021688198,0.0012504947371780872,0.0012512390967458487,0.0012520860182121396
43435,dct_high_nontargeted_white_box_eps0.0627_iter14,0.5000000000000001,0.13636363636363638,0.98888105,46.26125665723514,0.9984622001647949,0.9997608065605164,0.04679945856332779,0.003774583339691162,571960,0.0074708452,0.0038205620367079973,0.0038264202885329723,0.0038228980265557766
403584,dct_high_nontargeted_white_box_eps0.0627_iter1,0.19949494949494948,0.18939393939393942,0.9993842,58.165619534739044,0.9999384880065918,0.9999869465827942,0.004280934110283852,0.00027108192443847656,389561,0.0021198664,0.0012231424916535616,0.0012165537336841226,0.0012100347084924579
35062,dct_high_nontargeted_white_box_eps0.0627_iter1,0.25000000000000006,0.0,0.99873996,58.15168408331083,0.999855637550354,0.9999796748161316,0.01211806945502758,0.0009365677833557129,372890,0.0021258339,0.0012298753717914224,0.001207224908284843,0.001224365085363388
342128,dct_high_nontargeted_white_box_eps0.0627_iter1,0.127020202020202,0.11890331890331889,0.99963593,58.04813617763594,0.999957799911499,0.9999909996986389,0.0011486595030874014,5.042552947998047e-05,406425,0.0021676442,0.0012515818234533072,0.0012462780578061938,0.00125194585416466
503755,dct_high_nontargeted_white_box_eps0.0627_iter43,0.5000000000000001,0.25000000000000006,0.95549935,41.239037742983854,0.9944419860839844,0.9992397427558899,0.17279721796512604,0.02263188362121582,621650,0.013061511,0.006943665444850922,0.0069184377789497375,0.0069473981857299805
320642,dct_high_nontargeted_white_box_eps0.0627_iter5,0.5000000000000001,0.45454545454545464,0.9952507,50.80687863350083,0.9994368553161621,0.9999181628227234,0.02575874701142311,0.0014944076538085938,453671,0.004411477,0.0024134237319231033,0.002406475367024541,0.0024090714287012815
235778,dct_high_nontargeted_white_box_eps0.0627_iter2,0.5000000000000001,0.42424242424242414,0.9977192,54.85990951182758,0.999748706817627,0.9999678730964661,0.02402285486459732,0.000786900520324707,227174,0.0025492378,0.0013066800311207771,0.0013092047302052379,0.0012979329330846667
494759,dct_high_nontargeted_white_box_eps0.0627_iter15,0.5000000000000001,0.42424242424242414,0.97800654,45.95378698624869,0.9971410036087036,0.9994534254074097,0.19698581099510193,0.022938013076782227,570154,0.007632759,0.004091522190719843,0.004080554004758596,0.0040894681587815285
409542,dct_high_nontargeted_white_box_eps0.0627_iter2,0.3977272727272726,0.2689393939393939,0.9988637,54.72443146466994,0.9998683333396912,0.9999761581420898,0.003972028382122517,0.00016766786575317383,257714,0.002695217,0.0013432983541861176,0.001342498348094523,0.001346207340247929
119995,dct_high_nontargeted_white_box_eps0.0627_iter1,0.3840909090909091,0.3777777777777778,0.9989865,58.08501693420304,0.9998823404312134,0.999985933303833,0.004603651352226734,0.00021350383758544922,385091,0.002154681,0.0012370044132694602,0.001239714096300304,0.0012413429794833064
369323,dct_high_nontargeted_white_box_eps0.0627_iter1,0.16666666666666666,0.1575757575757576,0.99890095,58.03608191875374,0.9998712539672852,0.9999808073043823,0.005431592930108309,0.0005824565887451172,388032,0.0021712421,0.001253363094292581,0.001253373920917511,0.0012534764828160405
127270,dct_high_nontargeted_white_box_eps0.0627_iter1,0.193939393939394,0.15272727272727277,0.9991036,58.06174494126915,0.9998935461044312,0.9999874234199524,0.0035026362165808678,0.00012791156768798828,387557,0.0021615506,0.0012469671200960875,0.0012460199650377035,0.00124506710562855
297084,dct_high_nontargeted_white_box_eps0.0627_iter9,0.12500000000000003,0.03125000000000001,0.99478596,47.93125226977452,0.9994091987609863,0.9999079704284668,0.016479339450597763,0.001542210578918457,533948,0.0061411993,0.003294907044619322,0.00329124485142529,0.003304646583274007
168337,dct_high_nontargeted_white_box_eps0.0627_iter6,0.21212121212121207,0.19318181818181815,0.9946483,49.70172649745581,0.9993206858634949,0.9999033212661743,0.02214016579091549,0.0013363361358642578,459319,0.004958136,0.0025413839612156153,0.002531781094148755,0.002538166707381606
226408,dct_high_nontargeted_white_box_eps0.0627_iter1,0.1666666666666667,0.06666666666666668,0.99911785,58.05918741859362,0.999900221824646,0.9999878406524658,0.010276603512465954,0.0003889799118041992,388971,0.0021605508,0.0012467271881178021,0.0012467586202546954,0.001246776431798935
173302,dct_high_nontargeted_white_box_eps0.0627_iter1,0.12878787878787876,0.08333333333333336,0.99925613,58.05211355251669,0.9999153017997742,0.9999879598617554,0.003120630281046033,0.00011271238327026367,390251,0.0021663615,0.0012514219852164388,0.0012516587739810348,0.001243286649696529
54654,dct_high_nontargeted_white_box_eps0.0627_iter39,0.5000000000000001,0.08333333333333331,0.9677488,41.38931853517096,0.9962109327316284,0.9994356036186218,0.10828107595443726,0.009431302547454834,620493,0.012853348,0.006834807805716991,0.006799175404012203,0.00683890376240015
224119,dct_high_nontargeted_white_box_eps0.0627_iter1,0.27272727272727276,0.13636363636363635,0.9988918,58.04219118515266,0.9998556971549988,0.9999755024909973,0.006658501923084259,0.00042045116424560547,394699,0.0021691723,0.0012506868224591017,0.0012512494577094913,0.0012530105886980891
140556,dct_high_nontargeted_white_box_eps0.0627_iter2,0.2666666666666667,0.1818181818181818,0.99839836,54.823144493298145,0.9998114109039307,0.9999775886535645,0.010833336040377617,0.000625908374786377,239919,0.002598875,0.0013142847456037998,0.0013151629827916622,0.001312420703470707
82696,dct_high_nontargeted_white_box_eps0.0627_iter6,0.10000000000000002,0.011111111111111108,0.99530345,50.18928635630015,0.9994567632675171,0.999923586845398,0.0269350316375494,0.001480400562286377,430794,0.004629772,0.0023727589286863804,0.0023709856905043125,0.0023725719656795263
258793,dct_high_nontargeted_white_box_eps0.0627_iter1,0.1666666666666667,0.11111111111111109,0.9990034,58.21917848102514,0.9998855590820312,0.9999774694442749,0.008293481543660164,0.0011293888092041016,393919,0.0020918949,0.0012014792300760746,0.0012013724772259593,0.0012021329021081328
469067,dct_high_nontargeted_white_box_eps0.0627_iter7,0.20000000000000004,0.10000000000000002,0.993592,49.51206368551741,0.999182403087616,0.9998705983161926,0.03146416321396828,0.003002762794494629,497947,0.005119639,0.002765300450846553,0.002760048024356365,0.002767762402072549
448256,dct_high_nontargeted_white_box_eps0.0627_iter16,0.21363636363636368,0.20454545454545453,0.99131864,45.578390665271925,0.9989864230155945,0.9998467564582825,0.046477168798446655,0.004856109619140625,572931,0.007982429,0.004143184050917625,0.004131625406444073,0.004145726095885038
549390,dct_high_nontargeted_white_box_eps0.0627_iter1,0.1487103476233911,0.12842712842712842,0.99944305,58.06288689969521,0.9999241828918457,0.9999874830245972,0.0036719203926622868,0.00033545494079589844,419336,0.0021611955,0.0012463966850191355,0.0012470177607610822,0.0012436790857464075
201418,dct_high_nontargeted_white_box_eps0.0627_iter9,0.11154933896688018,0.11088154269972451,0.9915398,48.160827624158685,0.9990242719650269,0.9998615980148315,0.04393073171377182,0.006130099296569824,521110,0.005928916,0.003200600855052471,0.0032037817873060703,0.0032043876126408577
364102,dct_high_nontargeted_white_box_eps0.0627_iter18,0.5000000000000001,0.0,0.97492844,44.46615143863564,0.996651291847229,0.9994065761566162,0.19492819905281067,0.01627814769744873,585742,0.008996835,0.00472794845700264,0.004680444020777941,0.004733432084321976
13291,dct_high_nontargeted_white_box_eps0.0627_iter47,0.25000000000000006,0.13636363636363635,0.9561131,39.944278967514116,0.9944236278533936,0.9994299411773682,0.2225460410118103,0.01890742778778076,626882,0.015084021,0.008030357770621777,0.007951656356453896,0.008017499931156635
440336,dct_high_nontargeted_white_box_eps0.0627_iter4,0.41666666666666674,0.3727272727272728,0.9958077,51.59945796095548,0.9994813203811646,0.9999499917030334,0.09138920158147812,0.0018994808197021484,373368,0.0039185374,0.002008190145716071,0.0020040632225573063,0.0020014080218970776
488251,dct_high_nontargeted_white_box_eps0.0627_iter1,0.25000000000000006,0.13636363636363638,0.99920195,58.05669200858304,0.9999069571495056,0.9999887347221375,0.005160037893801928,0.0004380941390991211,396778,0.0021647462,0.00124542776029557,0.0012497003190219402,0.0012472711969166994
229601,dct_high_nontargeted_white_box_eps0.0627_iter1,0.3089542036910458,0.2847402597402598,0.9994063,58.060775824066184,0.9999203681945801,0.9999871850013733,0.002072026487439871,0.0003463625907897949,400216,0.002164222,0.001250464585609734,0.001251410460099578,0.001237028744071722
427160,dct_high_nontargeted_white_box_eps0.0627_iter5,0.303030303030303,0.1818181818181818,0.9951205,50.84047681053334,0.9994186162948608,0.9999212622642517,0.025567540898919106,0.0005965828895568848,453276,0.0043977457,0.002407870488241315,0.002404498402029276,0.0024081189185380936
437205,dct_high_nontargeted_white_box_eps0.0627_iter18,0.3333333333333334,0.1666666666666667,0.981236,45.57015746434651,0.9978278875350952,0.9997276663780212,0.10102979838848114,0.00769573450088501,571223,0.007957593,0.004097967874258757,0.004166890867054462,0.004145513754338026
434204,dct_high_nontargeted_white_box_eps0.0627_iter1,0.18181818181818177,0.13636363636363635,0.9992375,58.03671701256008,0.9999101161956787,0.9999873638153076,0.003450686577707529,0.00015425682067871094,395223,0.0021711434,0.001252934685908258,0.001253550872206688,0.0012531803222373128
289417,dct_high_nontargeted_white_box_eps0.0627_iter1,0.22424242424242424,0.21428571428571427,0.9986773,58.038623578285105,0.9998313188552856,0.99997478723526,0.012718348763883114,0.0005843043327331543,396437,0.002170266,0.0012523257173597813,0.0012525740312412381,0.0012530898675322533
309467,dct_high_nontargeted_white_box_eps0.0627_iter1,0.28282828282828276,0.2575757575757575,0.9989411,58.03859167451613,0.999854564666748,0.999975323677063,0.00526045449078083,0.00028908252716064453,400857,0.0021705637,0.0012518144212663174,0.0012527891667559743,0.0012534435372799635
473121,dct_high_nontargeted_white_box_eps0.0627_iter12,0.5000000000000001,0.25000000000000006,0.9852924,47.01331680025304,0.9982421398162842,0.9998068809509277,0.17555861175060272,0.00932931900024414,535599,0.0067147217,0.00349690904840827,0.0034860598389059305,0.003483858425170183
327605,dct_high_nontargeted_white_box_eps0.0627_iter1,0.3863636363636363,0.27272727272727276,0.99921805,58.30317487174093,0.9999052882194519,0.9999831914901733,0.0035912320017814636,0.0011757612228393555,409085,0.0020588317,0.0011769135016947985,0.001177166006527841,0.001181821571663022
451084,dct_high_nontargeted_white_box_eps0.0627_iter23,0.25000000000000006,0.16666666666666663,0.97409135,42.31662573421364,0.9964481592178345,0.9994317293167114,0.11771693080663681,0.010410666465759277,613089,0.011533806,0.006138916127383709,0.006100115831941366,0.006099672522395849
243148,dct_high_nontargeted_white_box_eps0.0627_iter3,0.5000000000000001,0.42424242424242414,0.99706286,53.318724468933205,0.9996424913406372,0.9999546408653259,0.014019840396940708,0.0014385581016540527,410305,0.0033670093,0.0018625131342560053,0.0018674696329981089,0.0018716620979830623
249786,dct_high_nontargeted_white_box_eps0.0627_iter1,0.10927456382001836,0.08190440995319044,0.9990414,58.04984950652623,0.9998812675476074,0.9999865889549255,0.006968621164560318,0.0002071857452392578,398890,0.0021664924,0.0012501185992732644,0.0012496428098529577,0.0012485412880778313
185950,dct_high_nontargeted_white_box_eps0.0627_iter12,0.5000000000000001,0.05555555555555554,0.98608756,46.53351113924768,0.9983507394790649,0.999760091304779,0.1449117660522461,0.008959412574768066,539254,0.007076277,0.0036985480692237616,0.0036833470221608877,0.0036969329230487347
44195,dct_high_nontargeted_white_box_eps0.0627_iter14,0.33333333333333326,0.27272727272727276,0.98552084,46.2442939712432,0.9982461929321289,0.9997482895851135,0.11555376648902893,0.008950471878051758,556069,0.0073684677,0.0038265178445726633,0.003812483511865139,0.003836252260953188
364126,dct_high_nontargeted_white_box_eps0.0627_iter38,0.5000000000000001,0.25000000000000006,0.96626157,41.714831052141264,0.9955803155899048,0.9994127750396729,0.1311948001384735,0.012377440929412842,620583,0.012507934,0.00651851249858737,0.00649717403575778,0.006519194692373276
354307,dct_high_nontargeted_white_box_eps0.0627_iter1,1.0000000000000002,0.5000000000000001,0.99900514,58.12429687858676,0.9998902082443237,0.9999844431877136,0.007655569817870855,0.0002529621124267578,382240,0.002141719,0.0012346626026555896,0.0012279324000701308,0.0012220041826367378
170191,dct_high_nontargeted_white_box_eps0.0627_iter7,0.3333333333333334,0.06666666666666668,0.993263,48.96101146444351,0.9991413950920105,0.9998635053634644,0.03785514086484909,0.0033588409423828125,499275,0.0054369937,0.0029460799414664507,0.002947303233668208,0.0029493975453078747
201426,dct_high_nontargeted_white_box_eps0.0627_iter1,0.1666666666666667,0.11111111111111109,0.9995289,58.041558675608016,0.9999391436576843,0.9999893307685852,0.0010912094730883837,0.00013506412506103516,395910,0.0021697923,0.0012525797355920076,0.0012522252509370446,0.00125066505279392
179487,dct_high_nontargeted_white_box_eps0.0627_iter1,0.19443351261533082,0.13780663780663782,0.9993213,58.08906912798125,0.9999205470085144,0.9999876618385315,0.0028441103640943766,0.0001208186149597168,394658,0.0021549638,0.00122579385060817,0.0012446190230548382,0.0012442057486623526
445999,dct_high_nontargeted_white_box_eps0.0627_iter33,0.5000000000000001,0.25000000000000006,0.9686268,42.668180718608,0.9961811900138855,0.9994639754295349,0.17284706234931946,0.023906826972961426,613054,0.011139295,0.005902191624045372,0.005912463180720806,0.005920995958149433
91500,dct_high_nontargeted_white_box_eps0.0627_iter5,0.11111111111111113,0.07070707070707072,0.99617404,50.88075794220114,0.9995179176330566,0.9999252557754517,0.018765896558761597,0.0014641284942626953,451476,0.0043727676,0.002397843636572361,0.002396229887381196,0.002392781199887395
426836,dct_high_nontargeted_white_box_eps0.0627_iter1,0.5000000000000001,0.0,0.9990818,58.03762403530868,0.9998847842216492,0.9999876618385315,0.013999147340655327,0.0006633996963500977,402558,0.0021709981,0.0012538639130070806,0.0012538955779746175,0.0012510954402387142
557916,dct_high_nontargeted_white_box_eps0.0627_iter3,0.25000000000000006,0.08333333333333331,0.99616885,53.2699887729635,0.9995299577713013,0.9999332427978516,0.04348124563694,0.0014426112174987793,400543,0.0033739693,0.0018809499451890588,0.0018832309870049357,0.001861209631897509
99024,dct_high_nontargeted_white_box_eps0.0627_iter3,0.3333333333333334,0.1666666666666667,0.9978321,53.03683305221475,0.9997142553329468,0.9999606609344482,0.007732246536761522,0.0003210306167602539,423460,0.0035023068,0.0019298219121992588,0.0019306392641738057,0.0019327605841681361
305309,dct_high_nontargeted_white_box_eps0.0627_iter32,0.31818181818181823,0.09090909090909091,0.9808436,42.58197487592783,0.9975457191467285,0.9996325373649597,0.08277346938848495,0.006034195423126221,615480,0.011340468,0.00586070166900754,0.005870612803846598,0.005891254637390375
311928,dct_high_nontargeted_white_box_eps0.0627_iter1,0.1666666666666667,0.11111111111111109,0.9993867,58.039058679727724,0.9999288320541382,0.9999901056289673,0.002492116531357169,0.00018209218978881836,393988,0.0021704726,0.0012525460915639997,0.0012523913756012917,0.0012527155922725797
196141,dct_high_nontargeted_white_box_eps0.0627_iter4,0.1603896103896104,0.15363636363636363,0.9975906,51.74390182893447,0.9997007250785828,0.9999527931213379,0.0066781011410057545,0.00024020671844482422,374949,0.0038657659,0.001969583798199892,0.0019530508434399962,0.0019521566573530436
136915,dct_high_nontargeted_white_box_eps0.0627_iter2,0.20000000000000004,0.1818181818181818,0.9982829,54.88077226893658,0.9998050928115845,0.9999727010726929,0.015679027885198593,0.0016775727272033691,234554,0.0025623904,0.0012943786568939686,0.0012973828706890345,0.0012971337419003248
533816,dct_high_nontargeted_white_box_eps0.0627_iter1,0.3983489772259826,0.3808820212046018,0.99952394,58.0616390153055,0.9999488592147827,0.9999920725822449,0.0014946484006941319,5.328655242919922e-05,401658,0.0021625762,0.0012424199376255274,0.0012479854049161077,0.0012477489653974771
522889,dct_high_nontargeted_white_box_eps0.0627_iter1,0.24242424242424235,0.2272727272727272,0.99873066,58.270751820555176,0.9998651742935181,0.9999884963035583,0.006077749188989401,0.0001621246337890625,377070,0.0021075702,0.0010621924884617329,0.0012497224379330873,0.001250500325113535
548246,dct_high_nontargeted_white_box_eps0.0627_iter20,0.24242424242424246,0.2272727272727273,0.98446864,44.521263343876896,0.9981884956359863,0.9997219443321228,0.06940628588199615,0.004420757293701172,589477,0.008988198,0.004689603112637997,0.004685860127210617,0.004686510656028986
37988,dct_high_nontargeted_white_box_eps0.0627_iter3,0.24848484848484853,0.20000000000000004,0.9957888,53.09553018718991,0.999442458152771,0.999900221824646,0.029675159603357315,0.0016112327575683594,409912,0.0034573162,0.0019175035413354635,0.0019173355540260673,0.001917455461807549
74256,dct_high_nontargeted_white_box_eps0.0627_iter3,0.10227272727272725,0.09772727272727272,0.99815345,53.086995454228884,0.9997957944869995,0.9999638795852661,0.008827541954815388,0.0005309581756591797,420381,0.0034727138,0.0019235929939895868,0.001911197672598064,0.0019084382802248001
154644,dct_high_nontargeted_white_box_eps0.0627_iter1,0.2575757575757575,0.24242424242424246,0.998847,58.046421522488316,0.999860942363739,0.9999821782112122,0.019750013947486877,0.0003345608711242676,388102,0.002166342,0.0012504181358963251,0.0012504160404205322,0.0012504514306783676
474039,dct_high_nontargeted_white_box_eps0.0627_iter1,0.5000000000000001,0.25000000000000006,0.9990615,58.040578131330776,0.9998871088027954,0.9999839067459106,0.009802266955375671,0.0003739595413208008,387004,0.0021701443,0.0012526350328698754,0.0012527134967967868,0.0012509701773524284
461751,dct_high_nontargeted_white_box_eps0.0627_iter1,0.15909090909090912,0.05785123966942149,0.9992175,58.03660429146689,0.9999159574508667,0.9999908804893494,0.005760569591075182,0.0002161264419555664,387774,0.0021711586,0.0012533623958006501,0.0012532266555354,0.0012531899847090244
466986,dct_high_nontargeted_white_box_eps0.0627_iter2,0.25000000000000006,0.21212121212121207,0.99885607,55.11407385154647,0.9998926520347595,0.9999780654907227,0.00481385737657547,0.00013566017150878906,242561,0.002494588,0.0012487246422097087,0.0012387833558022976,0.001244802726432681
465179,dct_high_nontargeted_white_box_eps0.0627_iter2,0.5000000000000001,0.04166666666666666,0.9976732,54.909981110810904,0.9997336864471436,0.9999662041664124,0.03204076737165451,0.0009853839874267578,227834,0.0025225482,0.001288547762669623,0.0012875712709501386,0.0012876341352239251
206487,dct_high_nontargeted_white_box_eps0.0627_iter1,0.1090909090909091,0.03636363636363636,0.99949473,58.24769693742059,0.999945342540741,0.9999873042106628,0.0020132455974817276,0.00012004375457763672,395107,0.0020831537,0.0011962255230173469,0.0011929352767765522,0.0011922287521883845
542856,dct_high_nontargeted_white_box_eps0.0627_iter1,0.14545454545454548,0.07272727272727274,0.99934983,58.05345180033426,0.9999295473098755,0.9999901652336121,0.002699734177440405,7.444620132446289e-05,394665,0.0021649906,0.001247370964847505,0.0012497968273237348,0.0012480239383876324
389532,dct_high_nontargeted_white_box_eps0.0627_iter17,0.3333333333333334,0.1666666666666667,0.968668,45.79598445485705,0.9966521263122559,0.9994635581970215,0.2506104111671448,0.025080204010009766,550308,0.0076509,0.004104783292859793,0.004092593211680651,0.004113547503948212
429718,dct_high_nontargeted_white_box_eps0.0627_iter6,0.25000000000000006,0.0,0.9959701,49.69033484073617,0.9994826316833496,0.9999176859855652,0.015189748257398605,0.0015156269073486328,473021,0.0050137895,0.002542586997151375,0.002545757219195366,0.0025418936274945736
563604,dct_high_nontargeted_white_box_eps0.0627_iter1,0.1954545454545455,0.19214876033057854,0.99966866,58.07716357760829,0.9999586939811707,0.999991238117218,0.0006226926343515515,4.4465065002441406e-05,417381,0.0021579992,0.001236199983395636,0.0012454841053113341,0.0012431286741048098
78565,dct_high_nontargeted_white_box_eps0.0627_iter1,0.1606060606060606,0.1424963924963925,0.9991557,58.03396422274105,0.9998912215232849,0.9999815225601196,0.004310923628509045,0.0001990795135498047,402718,0.002172013,0.0012540121097117662,0.0012540165334939957,0.0012540060561150312
274219,dct_high_nontargeted_white_box_eps0.0627_iter5,0.5000000000000001,0.25000000000000006,0.99505216,50.71650796425423,0.9993858337402344,0.9999148845672607,0.033333901315927505,0.001444101333618164,462140,0.0044810837,0.0024446886964142323,0.0024521939922124147,0.0024347307626158
212573,dct_high_nontargeted_white_box_eps0.0627_iter2,0.25000000000000006,0.21212121212121207,0.9991431,54.958510084222915,0.9998886585235596,0.99997878074646,0.0030107309576123953,0.0004361271858215332,263937,0.002628758,0.0012766827130690217,0.001271478016860783,0.0012710074661299586
319369,dct_high_nontargeted_white_box_eps0.0627_iter1,0.16565656565656564,0.15944055944055943,0.9996581,58.347383616688845,0.999966025352478,0.9999924898147583,0.002440852578729391,0.0001817941665649414,407980,0.0020395739,0.0011645678896456957,0.0011671835090965033,0.001168359536677599
252716,dct_high_nontargeted_white_box_eps0.0627_iter1,0.4204545454545453,0.18181818181818182,0.9992737,58.05335319211992,0.9999058246612549,0.9999859929084778,0.010422008112072945,0.00032889842987060547,401288,0.0021664016,0.001248126500286162,0.001253098133020103,0.0012440640712156892
64868,dct_high_nontargeted_white_box_eps0.0627_iter1,0.20000000000000004,0.10000000000000002,0.9990647,58.03758954898855,0.9998958110809326,0.9999864101409912,0.005990263074636459,0.00029093027114868164,388701,0.002170684,0.0012532526161521673,0.0012531669344753027,0.0012524875346571207
205324,dct_high_nontargeted_white_box_eps0.0627_iter1,0.33333333333333326,0.13636363636363638,0.9993983,58.03926789202534,0.9999327659606934,0.9999913573265076,0.0033228020183742046,0.0002421736717224121,399857,0.0021704345,0.0012508754152804613,0.0012528366642072797,0.001253753318451345
48555,dct_high_nontargeted_white_box_eps0.0627_iter1,0.31818181818181823,0.0606060606060606,0.9992037,58.63628295463209,0.9999036192893982,0.9999804496765137,0.0035825339145958424,0.0002465248107910156,400398,0.0019210106,0.0010909743141382933,0.0010913913138210773,0.0010924643138423562
61584,dct_high_nontargeted_white_box_eps0.0627_iter35,0.13636363636363638,0.04545454545454545,0.98643637,41.42322160255433,0.9984725713729858,0.999677836894989,0.045079976320266724,0.00302278995513916,618274,0.012851591,0.006716678850352764,0.006785423960536718,0.006703204941004515
244099,dct_high_nontargeted_white_box_eps0.0627_iter6,0.25000000000000006,0.0,0.99479,48.87464181625602,0.9992601275444031,0.9998914003372192,0.06467893719673157,0.00849682092666626,493944,0.005514717,0.0028529749251902103,0.0028216266073286533,0.0028309382032603025
10764,dct_high_nontargeted_white_box_eps0.0627_iter1,0.5000000000000001,0.25000000000000006,0.99918395,58.050426519614746,0.9998983144760132,0.9999863505363464,0.0031014634296298027,0.00011157989501953125,398360,0.0021664328,0.0012471609516069293,0.0012496899580582976,0.0012509833322837949
537827,dct_high_nontargeted_white_box_eps0.0627_iter49,0.33333333333333326,0.18181818181818185,0.98165965,38.14552151623112,0.9970940351486206,0.9993985295295715,0.03517761453986168,0.0032311081886291504,633279,0.018756919,0.009871991351246834,0.009797202423214912,0.009885357692837715
329827,dct_high_nontargeted_white_box_eps0.0627_iter13,0.5000000000000001,0.0,0.98326325,46.750321407810745,0.9978256225585938,0.9996602535247803,0.18341028690338135,0.016401290893554688,555737,0.0069720643,0.003729290794581175,0.0037433181423693895,0.0037430054508149624
500270,dct_high_nontargeted_white_box_eps0.0627_iter1,0.2121212121212121,0.18181818181818182,0.99880093,58.039496586028136,0.9998534917831421,0.999979555606842,0.013826828449964523,0.0011827349662780762,397650,0.0021701984,0.0012508127838373184,0.0012531817192211747,0.0012532619293779135
308165,dct_high_nontargeted_white_box_eps0.0627_iter9,0.25000000000000006,0.0,0.98814183,47.380448146319736,0.9984676837921143,0.9997683167457581,0.13239164650440216,0.01825690269470215,540251,0.0064840172,0.003502732142806053,0.0035035964101552963,0.003454923164099455
544444,dct_high_nontargeted_white_box_eps0.0627_iter17,0.5000000000000001,0.05000000000000001,0.9773695,45.34660915875813,0.9971224069595337,0.9996017217636108,0.18678510189056396,0.015794098377227783,582221,0.00819335,0.004359102807939053,0.004353800788521767,0.00439753383398056
378244,dct_high_nontargeted_white_box_eps0.0627_iter21,0.3333333333333334,0.0,0.97761613,43.72693120109385,0.9970959424972534,0.9996780157089233,0.16331209242343903,0.018900811672210693,603680,0.009881604,0.005232078488916159,0.005184296052902937,0.005246381741017103
313562,dct_high_nontargeted_white_box_eps0.0627_iter11,0.3333333333333334,0.28282828282828276,0.994651,47.20342627172295,0.9994248151779175,0.9998752474784851,0.021785130724310875,0.0012677907943725586,547678,0.006626145,0.003538018325343728,0.003552799578756094,0.0035524971317499876
258388,dct_high_nontargeted_white_box_eps0.0627_iter2,0.4545454545454545,0.31818181818181823,0.99709946,54.99365124471009,0.9996391534805298,0.9999443292617798,0.02831333689391613,0.001608729362487793,223111,0.0025248143,0.0012914723483845592,0.0012872145744040608,0.0012395972153171897
3553,dct_high_nontargeted_white_box_eps0.0627_iter12,0.25000000000000006,0.12500000000000003,0.9908388,47.09691622645887,0.9989665746688843,0.9998612403869629,0.06527736783027649,0.004296422004699707,536625,0.0066670426,0.003456664737313986,0.003451873315498233,0.0034541941713541746
253819,dct_high_nontargeted_white_box_eps0.0627_iter42,0.5000000000000001,0.25000000000000006,0.9769222,40.671988654498,0.9970265626907349,0.9994623064994812,0.07262706756591797,0.006739616394042969,624268,0.013946041,0.007314843125641346,0.007241035345941782,0.007264391519129276
278705,dct_high_nontargeted_white_box_eps0.0627_iter23,0.3333333333333334,0.28282828282828276,0.9856875,42.960834429909866,0.9981891512870789,0.9997143745422363,0.04686141759157181,0.004180729389190674,610981,0.010822072,0.005726034753024578,0.005715721286833286,0.005731972865760326
187990,dct_high_nontargeted_white_box_eps0.0627_iter1,0.25000000000000006,0.0,0.99903584,58.03852301233417,0.9998825788497925,0.9999820590019226,0.004642787389457226,0.0007543563842773438,393349,0.0021706154,0.0012525770580396056,0.0012533925473690033,0.0012521280441433191
51938,dct_high_nontargeted_white_box_eps0.0627_iter2,0.4210284664830119,0.40392561983471076,0.9976871,54.76487358860912,0.9997054934501648,0.9999640583992004,0.02295774593949318,0.0008887648582458496,245070,0.0026345386,0.0013383910991251469,0.001325683668255806,0.0013291980139911175
188296,dct_high_nontargeted_white_box_eps0.0627_iter2,0.21993006993006997,0.19421487603305787,0.99956936,54.99326229276942,0.9999539852142334,0.9999839067459106,0.0012934391852468252,0.00012511014938354492,258691,0.0025879657,0.0012718787183985114,0.0012701860396191478,0.0012724761618301272
45090,dct_high_nontargeted_white_box_eps0.0627_iter13,0.5000000000000001,0.27272727272727276,0.99149245,46.372471731779385,0.9990896582603455,0.9996712803840637,0.07404165714979172,0.02791738510131836,568988,0.007323928,0.003896784968674183,0.0038809655234217644,0.0038901837542653084
347174,dct_high_nontargeted_white_box_eps0.0627_iter3,0.5000000000000001,0.25000000000000006,0.99714774,53.28687140062355,0.999639630317688,0.9999485611915588,0.017262786626815796,0.0010813474655151367,409836,0.0033799603,0.0018775381613522768,0.0018761417595669627,0.0018725825939327478
341196,dct_high_nontargeted_white_box_eps0.0627_iter1,0.38181818181818183,0.2727272727272727,0.99953866,58.19860525223408,0.9999380111694336,0.9999873638153076,0.0015818133251741529,8.64863395690918e-05,415620,0.0021062603,0.0012080840533599257,0.0012056651758030057,0.0012083337642252445
439525,dct_high_nontargeted_white_box_eps0.0627_iter1,0.10000000000000002,0.04000000000000001,0.99925226,58.038689037104156,0.9999167323112488,0.999987781047821,0.0033686794340610504,0.0006556510925292969,387215,0.0021706203,0.0012535755522549152,0.0012535605346783996,0.0012508273357525468
302990,dct_high_nontargeted_white_box_eps0.0627_iter1,0.3863636363636363,0.27272727272727276,0.9995839,58.06075988920432,0.9999475479125977,0.9999904036521912,0.001884046709164977,7.68899917602539e-05,424562,0.002162763,0.0012496766867116094,0.0012453431263566017,0.0012438754783943295
262587,dct_high_nontargeted_white_box_eps0.0627_iter26,0.5000000000000001,0.0,0.9667354,43.09294086806894,0.995560884475708,0.999366283416748,0.21289654076099396,0.01781219244003296,607622,0.010607914,0.00553498137742281,0.005512045696377754,0.005543163977563381
309678,dct_high_nontargeted_white_box_eps0.0627_iter4,0.3333333333333334,0.1666666666666667,0.9957183,51.73624989178998,0.99949711561203,0.9999359846115112,0.016738153994083405,0.002047419548034668,352921,0.0038103347,0.0019772511441260576,0.0019756045658141375,0.0019334034295752645
107339,dct_high_nontargeted_white_box_eps0.0627_iter1,0.25000000000000006,0.21212121212121207,0.998799,58.04736339423492,0.9998621940612793,0.9999834895133972,0.02309783175587654,0.001153111457824707,380809,0.002168132,0.001252732239663601,0.0012504707556217909,0.001247258041985333
468501,dct_high_nontargeted_white_box_eps0.0627_iter1,0.20000000000000004,0.15272727272727274,0.9992106,58.046269791863466,0.9999074339866638,0.9999869465827942,0.004401110112667084,0.00025916099548339844,394841,0.00216714,0.0012504566693678498,0.0012506613275036216,0.0012502738973125815
511760,dct_high_nontargeted_white_box_eps0.0627_iter4,0.28282828282828276,0.22222222222222218,0.99440426,51.78534165853733,0.999260425567627,0.9997813105583191,0.14557938277721405,0.008852958679199219,363371,0.0038176987,0.001950393314473331,0.0019545278046280146,0.0019468218088150024
361730,dct_high_nontargeted_white_box_eps0.0627_iter1,0.14312945119396733,0.13998088998088995,0.99897045,58.05860143314935,0.9998750686645508,0.9999806880950928,0.005233205854892731,0.00025594234466552734,392876,0.0021638984,0.0012467338237911463,0.0012481438461691141,0.0012458818964660168
427077,dct_high_nontargeted_white_box_eps0.0627_iter27,0.5000000000000001,0.25000000000000006,0.97381765,43.51889025326619,0.996828019618988,0.9995120763778687,0.1472856104373932,0.009147167205810547,605762,0.010080062,0.0053522237576544285,0.005357231944799423,0.005366814788430929
346968,dct_high_nontargeted_white_box_eps0.0627_iter3,0.25000000000000006,0.12500000000000003,0.99683475,53.26221220084687,0.9995982050895691,0.9999479055404663,0.032292645424604416,0.0017458200454711914,405718,0.0033837806,0.0018834380898624659,0.0018821510020643473,0.0018771615577861667
229216,dct_high_nontargeted_white_box_eps0.0627_iter1,0.42424242424242414,0.33333333333333326,0.9994157,58.05264177469664,0.9999332427978516,0.9999886155128479,0.0016828934894874692,0.0002894401550292969,395574,0.0021663168,0.001248872489668429,0.0012515095295384526,0.0012455304386094213
563882,dct_high_nontargeted_white_box_eps0.0627_iter1,0.22077922077922082,0.1632996632996633,0.99883676,58.09504972100116,0.9998639822006226,0.999982476234436,0.011048147454857826,0.0003764629364013672,380048,0.002150073,0.001226388500072062,0.0012399976840242743,0.0012431228533387184
58705,dct_high_nontargeted_white_box_eps0.0627_iter1,0.3333333333333334,0.28282828282828276,0.9992512,58.08336063721506,0.9999021887779236,0.9999843835830688,0.0020410597790032625,0.00010710954666137695,389421,0.002155928,0.001242919242940843,0.0012311035534366965,0.0012454800307750702
323263,dct_high_nontargeted_white_box_eps0.0627_iter3,0.30303030303030315,0.2978354978354979,0.99800706,52.74624129530554,0.9997557401657104,0.9999601244926453,0.006706987041980028,0.0003044009208679199,413965,0.0036196092,0.001987806987017393,0.0019946196116507053,0.002003608038648963
248334,dct_high_nontargeted_white_box_eps0.0627_iter1,0.27432216905901113,0.15656565656565657,0.9996929,58.054817955357294,0.9999644756317139,0.9999934434890747,0.0008040305692702532,0.00013434886932373047,412069,0.002164121,0.001247764565050602,0.0012487465282902122,0.001247526379302144
400803,dct_high_nontargeted_white_box_eps0.0627_iter1,0.27272727272727276,0.13636363636363638,0.99951905,58.05727669668791,0.9999467730522156,0.9999892115592957,0.0028676092624664307,8.13603401184082e-05,399095,0.0021648514,0.0012416151585057378,0.0012502624886110425,0.0012500338489189744
422706,dct_high_nontargeted_white_box_eps0.0627_iter1,0.14545454545454548,0.14141414141414138,0.9994218,58.051220620123374,0.9999241828918457,0.999987006187439,0.0023519638925790787,7.37905502319336e-05,401746,0.002166623,0.0012457340490072966,0.0012507867068052292,0.0012506082421168685
178982,dct_high_nontargeted_white_box_eps0.0627_iter2,0.24242424242424246,0.09090909090909093,0.9974261,54.890063138599686,0.9996891021728516,0.9999547004699707,0.020552318543195724,0.0012896060943603516,226734,0.0025452957,0.0013024430954828858,0.0012994396965950727,0.00128749362193048
408696,dct_high_nontargeted_white_box_eps0.0627_iter1,0.3977272727272726,0.3272727272727273,0.9992478,58.036254106182845,0.9999105334281921,0.99998539686203,0.003351996187120676,0.0005112886428833008,392319,0.0021712563,0.0012533360859379172,0.001253420254215598,0.0012533229310065508
144300,dct_high_nontargeted_white_box_eps0.0627_iter1,0.21212121212121207,0.19318181818181815,0.9993432,58.06319054840132,0.999925971031189,0.9999873638153076,0.005468056537210941,7.414817810058594e-05,398478,0.0021629299,0.0012505357153713703,0.0012460116995498538,0.0012402735883370042
7816,dct_high_nontargeted_white_box_eps0.0627_iter1,0.2655844155844156,0.2337662337662338,0.9993963,58.04206177753066,0.99992835521698,0.9999908804893494,0.0018427097238600254,8.046627044677734e-05,397071,0.0021691374,0.0012517347931861877,0.001251712441444397,0.001251592650078237
152120,dct_high_nontargeted_white_box_eps0.0627_iter21,0.25000000000000006,0.16666666666666663,0.98286563,44.33519704633951,0.9980349540710449,0.999749481678009,0.06400289386510849,0.0029289722442626953,595125,0.009189475,0.004891864489763975,0.004883870482444763,0.004906137008219957
308631,dct_high_nontargeted_white_box_eps0.0627_iter1,0.3085399449035812,0.29752066115702486,0.9996292,58.05719143597635,0.9999586939811707,0.9999908208847046,0.0009740369860082865,6.186962127685547e-05,406846,0.0021641238,0.0012450836366042495,0.001247465261258185,0.0012494344264268875
391375,dct_high_nontargeted_white_box_eps0.0627_iter17,0.25000000000000006,0.16666666666666663,0.9855799,45.5986346688334,0.9984979629516602,0.9996790885925293,0.054345712065696716,0.00575411319732666,574433,0.00799941,0.0042326985858380795,0.004232228267937899,0.004229889716953039
432553,dct_high_nontargeted_white_box_eps0.0627_iter8,0.12500000000000003,0.08333333333333331,0.99345785,48.678995421950255,0.9991672039031982,0.9998693466186523,0.03370403125882149,0.0028929710388183594,490327,0.005541483,0.0028600990772247314,0.0028610816225409508,0.002861096290871501
340451,dct_high_nontargeted_white_box_eps0.0627_iter13,0.5000000000000001,0.16666666666666663,0.9918197,45.65350855570135,0.9990173578262329,0.9998520612716675,0.047493234276771545,0.005543112754821777,577889,0.00791197,0.004250109661370516,0.004237085115164518,0.00416736351326108
158956,dct_high_nontargeted_white_box_eps0.0627_iter13,0.10000000000000002,0.06666666666666665,0.98355097,46.81119193725894,0.9979500770568848,0.9997181296348572,0.17619743943214417,0.006004929542541504,551822,0.0068895225,0.0036236527375876904,0.0037392624653875828,0.0037456084974110126
100723,dct_high_nontargeted_white_box_eps0.0627_iter8,0.1185064935064935,0.11249999999999999,0.99540967,48.60313754795428,0.9995195269584656,0.9999272227287292,0.021862909197807312,0.0018862485885620117,492724,0.005612735,0.0028912618290632963,0.0028864580672234297,0.0028919815085828304
442456,dct_high_nontargeted_white_box_eps0.0627_iter12,0.20000000000000004,0.16969696969696965,0.9922015,46.61978675684753,0.9990971088409424,0.9998513460159302,0.030178982764482498,0.0024208426475524902,550815,0.0070874766,0.0036659741308540106,0.0036513442173600197,0.0036812492180615664
79229,dct_high_nontargeted_white_box_eps0.0627_iter2,0.3333333333333334,0.1666666666666667,0.9993972,54.25368947133303,0.9998878836631775,0.9999768137931824,0.0018496543634682894,0.0001811385154724121,308282,0.0030175147,0.001496650162152946,0.0014988307375460863,0.0014965005684643984
188439,dct_high_nontargeted_white_box_eps0.0627_iter2,0.25000000000000006,0.12500000000000003,0.99931926,54.98328774340259,0.9999231100082397,0.9999850392341614,0.0028803222812712193,0.00011485815048217773,261235,0.0026085821,0.0012790753971785307,0.0012672195443883538,0.00126297224778682
151480,dct_high_nontargeted_white_box_eps0.0627_iter1,0.23350168350168354,0.15129870129870132,0.99917,58.038686681098355,0.9998962879180908,0.999984085559845,0.0024731673765927553,0.00016701221466064453,397384,0.0021705728,0.001253808499313891,0.0012528197839856148,0.0012513422407209873
489014,dct_high_nontargeted_white_box_eps0.0627_iter1,0.1666666666666667,0.0,0.9991088,58.05899032609452,0.9998931288719177,0.9999858140945435,0.007127087563276291,0.00043517351150512695,401077,0.0021628295,0.0012471625814214349,0.0012464271858334541,0.0012468231143429875
289229,dct_high_nontargeted_white_box_eps0.0627_iter15,0.5000000000000001,0.25000000000000006,0.97769475,45.70180772884871,0.9972028136253357,0.9995876550674438,0.22536076605319977,0.03129690885543823,569839,0.0077949255,0.004179414827376604,0.004159475211054087,0.004205375909805298
281929,dct_high_nontargeted_white_box_eps0.0627_iter23,0.11111111111111109,0.08333333333333336,0.9829946,43.72346103907831,0.9979691505432129,0.9997281432151794,0.059054404497146606,0.004606723785400391,604444,0.009915082,0.005255178082734346,0.0052406443282961845,0.005266598891466856
257896,dct_high_nontargeted_white_box_eps0.0627_iter7,0.5000000000000001,0.25000000000000006,0.9944306,49.06275120952878,0.9992828369140625,0.9998617172241211,0.032819248735904694,0.0021817684173583984,500090,0.0053507984,0.002929145935922861,0.0028897710144519806,0.0028687703888863325
179174,dct_high_nontargeted_white_box_eps0.0627_iter4,0.20755946562398173,0.2070707070707071,0.9978306,51.0687202165377,0.999717652797699,0.9999532699584961,0.010003091767430305,0.0005647540092468262,412779,0.004252362,0.0021856585517525673,0.002165792742744088,0.00216712336987257
393115,dct_high_nontargeted_white_box_eps0.0627_iter11,0.5000000000000001,0.25000000000000006,0.98907304,47.40303181429921,0.99868243932724,0.9998337030410767,0.09062965214252472,0.0028597116470336914,542606,0.00648785,0.003481868654489517,0.003481775987893343,0.003482884494587779
370813,dct_high_nontargeted_white_box_eps0.0627_iter20,0.25000000000000006,0.12500000000000003,0.9862785,44.707894100373586,0.9977620840072632,0.9996214509010315,0.06039527803659439,0.006352066993713379,598748,0.008950145,0.004571565426886082,0.0046126446686685085,0.004583371337503195
442746,dct_high_nontargeted_white_box_eps0.0627_iter48,0.25000000000000006,0.12500000000000003,0.97411734,39.02602337194514,0.9968029856681824,0.9993953108787537,0.08965051174163818,0.007567167282104492,629096,0.016689854,0.00882626697421074,0.008721400052309036,0.008863138034939766
396863,dct_high_nontargeted_white_box_eps0.0627_iter34,0.13636363636363638,0.0,0.98025733,42.16424643916845,0.9985746145248413,0.9996697306632996,0.041226863861083984,0.0048288702964782715,613714,0.011924808,0.006181467790156603,0.006116407923400402,0.00615474209189415
576052,dct_high_nontargeted_white_box_eps0.0627_iter17,0.25000000000000006,0.12500000000000003,0.9828933,44.2441608900214,0.9977720975875854,0.9996729493141174,0.10476787388324738,0.008211255073547363,596887,0.009343149,0.0049696555361151695,0.004940973129123449,0.0049652825109660625
51712,dct_high_nontargeted_white_box_eps0.0627_iter8,0.5000000000000001,0.0,0.9944951,48.0620956360391,0.9993300437927246,0.9999386668205261,0.06070644035935402,0.0032872557640075684,519664,0.0060418276,0.0030913951341062784,0.0030860716942697763,0.0031129284761846066
282037,dct_high_nontargeted_white_box_eps0.0627_iter5,0.12150349650349651,0.1016883116883117,0.99648905,50.273935783119164,0.999556303024292,0.9999147653579712,0.018652167171239853,0.001323699951171875,473743,0.00471537,0.002570676151663065,0.002561143133789301,0.0025655669160187244
476770,dct_high_nontargeted_white_box_eps0.0627_iter1,0.24594155844155843,0.20968795123129164,0.99937767,58.04122058014534,0.9999262690544128,0.9999924898147583,0.003670527134090662,0.00011146068572998047,392209,0.0021698617,0.001249868655577302,0.0012531314278021455,0.0012527643702924252
220764,dct_high_nontargeted_white_box_eps0.0627_iter16,0.3333333333333334,0.11111111111111109,0.9845074,45.09846653792806,0.9979672431945801,0.9996972680091858,0.1260155290365219,0.012696623802185059,580945,0.008425946,0.00437744939699769,0.004370884038507938,0.00440284563228488
312720,dct_high_nontargeted_white_box_eps0.0627_iter28,0.5000000000000001,0.0,0.9667557,42.87743927591691,0.9957201480865479,0.999417245388031,0.18757697939872742,0.025395512580871582,608752,0.010853928,0.005668989848345518,0.005665361415594816,0.0057013691402971745
568981,dct_high_nontargeted_white_box_eps0.0627_iter1,0.3333333333333334,0.28282828282828276,0.99946517,58.0366014607676,0.9999340772628784,0.9999894499778748,0.001857805997133255,9.202957153320312e-05,410592,0.002171227,0.0012525522615760565,0.0012538011651486158,0.001253408961929381
461009,dct_high_nontargeted_white_box_eps0.0627_iter3,0.3030303030303031,0.28571428571428575,0.99646544,53.1456118491045,0.9996004104614258,0.9999552369117737,0.0651080459356308,0.0023006796836853027,402248,0.0034232708,0.00189536705147475,0.0019058904144912958,0.001911841449327767
563648,dct_high_nontargeted_white_box_eps0.0627_iter1,0.2329004329004329,0.22500681137044776,0.99959534,58.07020116343405,0.9999487400054932,0.9999911189079285,0.0010278795380145311,0.00031810998916625977,403823,0.0021593836,0.0012417403049767017,0.0012439735000953078,0.0012450804933905602
532855,dct_high_nontargeted_white_box_eps0.0627_iter11,0.5000000000000001,0.0,0.9894836,47.269306393851586,0.9985451102256775,0.9997942447662354,0.048158567398786545,0.004251539707183838,553119,0.006625077,0.003543795784935355,0.0035269223153591156,0.003531040158122778
38210,dct_high_nontargeted_white_box_eps0.0627_iter21,0.5000000000000001,0.27272727272727276,0.98934025,43.49951954812709,0.9985983371734619,0.9997832775115967,0.03882487118244171,0.005855917930603027,611930,0.010291004,0.005399721674621105,0.005387066397815943,0.005377447698265314
563349,dct_high_nontargeted_white_box_eps0.0627_iter6,0.5000000000000001,0.25000000000000006,0.9922371,49.57879729198504,0.999030351638794,0.9998718500137329,0.11605029553174973,0.013243675231933594,456072,0.004999668,0.0025748293846845627,0.002565924543887377,0.002573209349066019
250901,dct_high_nontargeted_white_box_eps0.0627_iter1,0.1414141414141414,0.06060606060606061,0.99924475,58.0804924148293,0.9999129772186279,0.9999881982803345,0.00394548662006855,0.00021851062774658203,389823,0.0021580702,0.0012277956120669842,0.0012512460816651583,0.001242940197698772
74457,dct_high_nontargeted_white_box_eps0.0627_iter20,0.25000000000000006,0.0,0.97749215,43.31517969947356,0.9967634081840515,0.9994458556175232,0.1651015430688858,0.013617634773254395,602007,0.010314159,0.005372023209929466,0.005339323543012142,0.005429998971521854
190007,dct_high_nontargeted_white_box_eps0.0627_iter7,0.5000000000000001,0.25000000000000006,0.9944539,48.13702895742559,0.9992384910583496,0.9998845458030701,0.021934982389211655,0.0009467601776123047,533632,0.00605595,0.0032330933026969433,0.0032509109005331993,0.003257238306105137
177357,dct_high_nontargeted_white_box_eps0.0627_iter32,0.25000000000000006,0.0,0.98414224,42.599655065035186,0.9979449510574341,0.9996879696846008,0.050486594438552856,0.008017659187316895,617582,0.011390073,0.00589551730081439,0.005877350922673941,0.005862926132977009
185292,dct_high_nontargeted_white_box_eps0.0627_iter7,0.5000000000000001,0.25000000000000006,0.99222547,49.097635359009075,0.9990813136100769,0.9999037384986877,0.12122762203216553,0.006989836692810059,500730,0.0053500854,0.002880309708416462,0.0028935980517417192,0.0029101218096911907
493864,dct_high_nontargeted_white_box_eps0.0627_iter4,0.31818181818181823,0.2727272727272727,0.99543524,51.78731238614753,0.9994081258773804,0.9999097585678101,0.023848583921790123,0.0011363625526428223,374848,0.0038489269,0.0019472658168524504,0.0019551480654627085,0.0019431051332503557
102820,dct_high_nontargeted_white_box_eps0.0627_iter12,0.5000000000000001,0.25000000000000006,0.9901119,46.277236970370225,0.9992653727531433,0.9997754096984863,0.028752055019140244,0.0018455982208251953,536652,0.007303405,0.003811226226389408,0.00381058850325644,0.0038094704505056143
51976,dct_high_nontargeted_white_box_eps0.0627_iter13,0.5000000000000001,0.0,0.98976326,46.69743164115648,0.9986414909362793,0.9997532963752747,0.035411205142736435,0.004512488842010498,554574,0.007008537,0.003776706987991929,0.003762057051062584,0.0037455649580806494
381360,dct_high_nontargeted_white_box_eps0.0627_iter1,0.5000000000000001,0.25000000000000006,0.99946624,58.040413916364805,0.999936580657959,0.9999892711639404,0.0020889900624752045,0.00012022256851196289,404902,0.002169599,0.001251959940418601,0.0012520157033577561,0.0012524885823950171
258883,dct_high_nontargeted_white_box_eps0.0627_iter2,0.25000000000000006,0.12500000000000003,0.9979655,54.82951763232873,0.9997731447219849,0.9999711513519287,0.016787512227892876,0.00037598609924316406,228819,0.0025595627,0.0013134018518030643,0.0013105584075674415,0.0013111038133502007
55950,dct_high_nontargeted_white_box_eps0.0627_iter2,0.1666666666666667,0.11111111111111109,0.99802876,54.584414001638876,0.9997655749320984,0.9999826550483704,0.010642694309353828,0.0002461075782775879,251070,0.0027232314,0.0013904805527999997,0.001388254575431347,0.0013855942524969578
175251,dct_high_nontargeted_white_box_eps0.0627_iter4,0.5000000000000001,0.25000000000000006,0.9962106,51.492015206339815,0.9995119571685791,0.9999232292175293,0.014220532029867172,0.001756429672241211,380756,0.00398439,0.002043849788606167,0.002040234860032797,0.0020335137378424406
368212,dct_high_nontargeted_white_box_eps0.0627_iter32,0.3333333333333334,0.1666666666666667,0.9751747,42.49985673415324,0.996844470500946,0.999535858631134,0.07367948442697525,0.005299568176269531,611780,0.011318489,0.005937693174928427,0.005928518250584602,0.005952885374426842
300341,dct_high_nontargeted_white_box_eps0.0627_iter1,0.5000000000000001,0.4870129870129871,0.99885494,58.05291217792865,0.9998642802238464,0.9999822974205017,0.010811440646648407,0.0003094673156738281,386817,0.002165352,0.001249160384759307,0.0012487571220844984,0.001247777370736003
284743,dct_high_nontargeted_white_box_eps0.0627_iter1,0.3522727272727272,0.3021645021645022,0.9973869,59.51241895035199,0.9998189806938171,0.9999799728393555,0.012244708836078644,0.0005164146423339844,181190,0.0016364262,0.0009002404403872788,0.000887892791070044,0.0008884490234777331
341828,dct_high_nontargeted_white_box_eps0.0627_iter3,0.3333333333333334,0.1666666666666667,0.9977446,52.864480109006784,0.9997251033782959,0.9999600052833557,0.011425173841416836,0.0007767081260681152,416127,0.003567971,0.0019703146535903215,0.001973273465409875,0.001965911593288183
546976,dct_high_nontargeted_white_box_eps0.0627_iter3,0.3333333333333334,0.1666666666666667,0.99679184,52.97372255042994,0.9996252059936523,0.9999434947967529,0.025659549981355667,0.0007876753807067871,404273,0.0035030274,0.0019425422651693225,0.0019444143399596214,0.0019359388388693333
423123,dct_high_nontargeted_white_box_eps0.0627_iter1,0.1090909090909091,0.10227272727272728,0.9989707,58.08590372634339,0.9998897314071655,0.9999849796295166,0.009885943494737148,0.000632941722869873,381547,0.0021543573,0.0012360990513116121,0.001237124321050942,0.0012441094731912017
45596,dct_high_nontargeted_white_box_eps0.0627_iter9,0.11363636363636366,0.0,0.9955795,47.56966212083601,0.9994522929191589,0.9998759627342224,0.022876432165503502,0.0015522241592407227,551781,0.0064440635,0.0034360860008746386,0.0034171470906585455,0.003426163922995329
232649,dct_high_nontargeted_white_box_eps0.0627_iter7,0.3333333333333334,0.1666666666666667,0.99229574,49.5899539985141,0.9991158843040466,0.9998645782470703,0.07966636121273041,0.003182053565979004,484294,0.005042833,0.002739999908953905,0.0027424136642366648,0.002739853225648403
192699,dct_high_nontargeted_white_box_eps0.0627_iter7,0.3333333333333334,0.0606060606060606,0.9972176,49.53683218155017,0.9997037649154663,0.9999477863311768,0.012254195287823677,0.0018786191940307617,496622,0.005103591,0.002759997732937336,0.002758823335170746,0.002749683568254113
575187,dct_high_nontargeted_white_box_eps0.0627_iter1,0.3333333333333334,0.1666666666666667,0.9993203,58.22257297874679,0.999920129776001,0.9999879002571106,0.003975315485149622,0.0002384185791015625,390234,0.0020950898,0.00119693367742002,0.0011980741983279586,0.0012071658857166767
302452,dct_high_nontargeted_white_box_eps0.0627_iter1,0.1565082644628099,0.11875000000000002,0.9994988,58.03910066161479,0.9999436736106873,0.9999914169311523,0.0012382380664348602,0.00011038780212402344,402137,0.0021703274,0.001251549692824483,0.0012528345687314868,0.001253218506462872
353180,dct_high_nontargeted_white_box_eps0.0627_iter2,0.3030303030303031,0.29220779220779225,0.99832445,54.9527721473342,0.999813437461853,0.9999791383743286,0.01645064167678356,0.0004761219024658203,231354,0.0025222844,0.0012747199507430196,0.0012757835211232305,0.0012751843314617872
277005,dct_high_nontargeted_white_box_eps0.0627_iter2,0.11291617473435656,0.10427181514138036,0.9992509,54.89851758296649,0.9999196529388428,0.9999843239784241,0.0022889142856001854,0.0006338357925415039,254288,0.0026210255,0.001293875160627067,0.0012870836071670055,0.0012966759968549013
484893,dct_high_nontargeted_white_box_eps0.0627_iter7,0.16666666666666663,0.13636363636363638,0.99605495,49.091175635344996,0.9995346069335938,0.9999215006828308,0.019090112298727036,0.0009962916374206543,510528,0.0054020337,0.0029052491299808025,0.002907303161919117,0.002907410729676485
570664,dct_high_nontargeted_white_box_eps0.0627_iter3,0.16666666666666663,0.12500000000000003,0.9974049,53.15711277669447,0.9996964931488037,0.9999522566795349,0.013116789981722832,0.0010014176368713379,412387,0.0034358676,0.0019040546612814069,0.001905694603919983,0.0019017265876755118
563702,dct_high_nontargeted_white_box_eps0.0627_iter32,0.27272727272727276,0.13636363636363638,0.9863493,40.68864460032415,0.9982597827911377,0.9997066855430603,0.03376457095146179,0.0038074254989624023,624638,0.014051447,0.007346244994550943,0.007276030723005533,0.007359183393418789
445722,dct_high_nontargeted_white_box_eps0.0627_iter2,0.25000000000000006,0.06818181818181819,0.9979427,55.07723723111921,0.9997936487197876,0.999967098236084,0.016768068075180054,0.0007906556129455566,220629,0.0024561477,0.0012520586606115103,0.001250433037057519,0.0012397489044815302
496597,dct_high_nontargeted_white_box_eps0.0627_iter3,0.13636363636363638,0.0,0.9976465,52.765325622342274,0.9997059106826782,0.999950110912323,0.01917576603591442,0.0013960599899291992,437142,0.0036406894,0.002000468783080578,0.0019933879375457764,0.0019896316807717085
389316,dct_high_nontargeted_white_box_eps0.0627_iter3,0.25000000000000006,0.0,0.9984405,52.74562585674686,0.9998239278793335,0.9999696016311646,0.004951191134750843,0.0004061460494995117,419315,0.0036242069,0.002001058543100953,0.001997204963117838,0.0019990545697510242
21604,dct_high_nontargeted_white_box_eps0.0627_iter5,0.5000000000000001,0.25000000000000006,0.9916952,50.84753732521902,0.9990813136100769,0.9997934699058533,0.15295961499214172,0.01111525297164917,430117,0.0043612635,0.0023915411438792944,0.0023831366561353207,0.0023802202194929123
255536,dct_high_nontargeted_white_box_eps0.0627_iter1,0.18181818181818185,0.06250000000000001,0.9993968,58.224470462265515,0.9999386668205261,0.9999887943267822,0.003124937182292342,0.0002974271774291992,387482,0.0021102205,0.00121567421592772,0.0012272156309336424,0.001157707185484469
486112,dct_high_nontargeted_white_box_eps0.0627_iter6,0.5000000000000001,0.16666666666666663,0.99746394,49.76127995632463,0.9996969103813171,0.9999369978904724,0.013114908710122108,0.0008544921875,472098,0.0049655032,0.002507875906303525,0.0025160503573715687,0.002517121145501733
530162,dct_high_nontargeted_white_box_eps0.0627_iter1,0.398989898989899,0.29040404040404044,0.99941224,58.03814718674556,0.9999305605888367,0.9999902844429016,0.0021047056652605534,0.00012409687042236328,396492,0.0021705693,0.0012526698410511017,0.001252687186934054,0.0012530791573226452
273232,dct_high_nontargeted_white_box_eps0.0627_iter4,0.10139860139860142,0.09090909090909091,0.99627286,51.06366391851915,0.9995356798171997,0.9999479055404663,0.06499143689870834,0.0020858049392700195,408695,0.0042348844,0.0021674695890396833,0.0021643161308020353,0.002174912951886654
266981,dct_high_nontargeted_white_box_eps0.0627_iter1,0.10381083562901744,0.09910402097902099,0.99939364,58.130535369659206,0.9999271631240845,0.9999869465827942,0.004170586355030537,0.00030624866485595703,397992,0.0021362605,0.0012350821634754539,0.0012336737709119916,0.0012105605565011501
184611,dct_high_nontargeted_white_box_eps0.0627_iter1,0.13080519480519479,0.12463458110516931,0.9994356,58.065742453476396,0.9999351501464844,0.9999880790710449,0.0020225588232278824,0.00012159347534179688,402817,0.0021613594,0.0012416356476023793,0.0012470607180148363,0.0012459357967600226
163118,dct_high_nontargeted_white_box_eps0.0627_iter1,0.33333333333333326,0.25000000000000006,0.9986631,58.096795615122105,0.9998499751091003,0.9999804496765137,0.01273574773222208,0.00036406517028808594,379439,0.002154833,0.0012006083270534873,0.0012539621675387025,0.0012534569250419736
6954,dct_high_nontargeted_white_box_eps0.0627_iter1,0.47402597402597413,0.38068181818181807,0.9995683,58.05646731265939,0.9999444484710693,0.9999923706054688,0.005179463420063257,0.0002396702766418457,408884,0.0021636307,0.0012480114819481969,0.0012475693365558982,0.0012470186920836568
128654,dct_high_nontargeted_white_box_eps0.0627_iter6,0.25000000000000006,0.16666666666666663,0.9909959,49.77498454733082,0.9988728761672974,0.9997150897979736,0.11616615206003189,0.0029619336128234863,436830,0.004842832,0.0025056188460439444,0.0024913607630878687,0.002512929029762745
459195,dct_high_nontargeted_white_box_eps0.0627_iter8,0.4545454545454545,0.31818181818181823,0.9982913,48.2644354652496,0.9998053908348083,0.999959409236908,0.006444999948143959,0.001304328441619873,517441,0.0059033274,0.0030137388966977596,0.0030277937185019255,0.0030265050008893013
481582,dct_high_nontargeted_white_box_eps0.0627_iter2,0.3749999999999999,0.3212121212121212,0.9981391,54.857822600180825,0.9997836947441101,0.9999653100967407,0.008817159570753574,0.0004445314407348633,237880,0.0025653786,0.0013083642115816474,0.0013052572030574083,0.001306241494603455
227898,dct_high_nontargeted_white_box_eps0.0627_iter1,0.19610389610389614,0.1888888888888889,0.9995423,58.047548615624635,0.9999432563781738,0.999992847442627,0.0015154104912653565,0.00017523765563964844,407214,0.002167256,0.0012506560888141394,0.001250236644409597,0.0012493932154029608
188465,dct_high_nontargeted_white_box_eps0.0627_iter1,0.1201923076923077,0.08570075757575758,0.9994154,58.09352750231395,0.9999309778213501,0.9999897480010986,0.0016250427579507232,0.00014841556549072266,394179,0.0021509652,0.00123315688688308,0.0012417513644322753,0.0012359113898128271
411530,dct_high_nontargeted_white_box_eps0.0627_iter1,0.16030844155844157,0.1572871572871573,0.99959916,58.05241692973189,0.9999503493309021,0.9999933242797852,0.002485445700585842,0.0001373887062072754,429237,0.0021652419,0.0012477991404011846,0.0012486923951655626,0.0012495964765548706
542127,dct_high_nontargeted_white_box_eps0.0627_iter1,0.2828282828282828,0.19731404958677684,0.9986276,58.04632801661668,0.9998186826705933,0.999963641166687,0.007651835214346647,0.0006154775619506836,391633,0.0021680747,0.001252148300409317,0.0012519818264991045,0.0012472178786993027
552842,dct_high_nontargeted_white_box_eps0.0627_iter25,0.5000000000000001,0.25000000000000006,0.97002673,42.992295295523625,0.9959157705307007,0.9993581175804138,0.10432758182287216,0.0033766627311706543,608545,0.010699691,0.005693270359188318,0.005677695386111736,0.0057120234705507755
190841,dct_high_nontargeted_white_box_eps0.0627_iter38,0.5000000000000001,0.029411764705882353,0.97499424,40.242717304769265,0.9965519905090332,0.9994409084320068,0.06469981372356415,0.010513007640838623,626346,0.014715547,0.007734222337603569,0.007674441672861576,0.007686319760978222
38678,dct_high_nontargeted_white_box_eps0.0627_iter2,0.17045454545454547,0.15340909090909088,0.9982932,54.82562711866953,0.999804675579071,0.9999706149101257,0.01020144484937191,0.0006118416786193848,242940,0.0025665925,0.0013203069102019072,0.001322546391747892,0.0013237152015790343
161799,dct_high_nontargeted_white_box_eps0.0627_iter4,0.27272727272727276,0.2363636363636364,0.9964623,51.896099781730896,0.9995013475418091,0.9999125003814697,0.055551718920469284,0.003871440887451172,412454,0.0037476276,0.001927184872329235,0.0018919832073152065,0.0019135806942358613
87476,dct_high_nontargeted_white_box_eps0.0627_iter1,0.2754010695187165,0.22931183492680818,0.9991393,58.04835683222174,0.9999000430107117,0.9999847412109375,0.0038844787050038576,0.00020551681518554688,389737,0.002167482,0.0012514974223449826,0.0012495359405875206,0.0012485896004363894
490515,dct_high_nontargeted_white_box_eps0.0627_iter29,0.3333333333333334,0.11111111111111109,0.9617618,43.227859061850225,0.9949001669883728,0.9992354512214661,0.2351997345685959,0.021672725677490234,609054,0.010455042,0.005554242990911007,0.005530753172934055,0.0055627766996622086
445602,dct_high_nontargeted_white_box_eps0.0627_iter3,0.30303030303030304,0.27272727272727276,0.99762106,53.28711138176879,0.9996890425682068,0.9999451041221619,0.02184506691992283,0.00148773193359375,431224,0.0033422401,0.001837008516304195,0.0018344903364777565,0.0018320418894290924
37689,dct_high_nontargeted_white_box_eps0.0627_iter1,0.19090909090909092,0.1746031746031746,0.9989788,58.039389019862355,0.9998675584793091,0.9999797344207764,0.006266559474170208,0.0003033280372619629,398621,0.0021701974,0.0012529561063274741,0.0012525165220722556,0.0012518690200522542
400044,dct_high_nontargeted_white_box_eps0.0627_iter20,0.5000000000000001,0.25000000000000006,0.9806371,44.32809744349049,0.9972435832023621,0.9996708631515503,0.06520530581474304,0.004151821136474609,597430,0.009267528,0.004809633828699589,0.004810836166143417,0.004790798760950565
210230,dct_high_nontargeted_white_box_eps0.0627_iter2,0.241991341991342,0.23393021120293844,0.9982297,55.07057979259113,0.999843955039978,0.9999726414680481,0.006937810219824314,0.0003876686096191406,223350,0.0024775995,0.0012533118715509772,0.001254806760698557,0.001258022035472095
80273,dct_high_nontargeted_white_box_eps0.0627_iter20,0.5000000000000001,0.25000000000000006,0.9750633,44.182857434992044,0.9966639876365662,0.9995418787002563,0.12581020593643188,0.008653223514556885,595685,0.009378169,0.00488162599503994,0.004855922888964415,0.004920646082609892
69224,dct_high_nontargeted_white_box_eps0.0627_iter2,0.20000000000000004,0.14545454545454548,0.99796706,54.75857497276059,0.999774158000946,0.9999669194221497,0.0204521082341671,0.0005038976669311523,235569,0.0026110972,0.0013335359981283545,0.0013320602010935545,0.0013340144651010633
517056,dct_high_nontargeted_white_box_eps0.0627_iter8,0.1666666666666667,0.11111111111111109,0.9925833,48.89394678879722,0.9991525411605835,0.9998642802238464,0.047548629343509674,0.004260420799255371,481828,0.0053710747,0.0027783126570284367,0.002775885397568345,0.0027736620977520943
187362,dct_high_nontargeted_white_box_eps0.0627_iter17,0.5000000000000001,0.0,0.97984153,44.583866609260234,0.9974333643913269,0.9996243119239807,0.10450546443462372,0.008626461029052734,591885,0.0089492975,0.004769972059875727,0.0047311848029494286,0.0047906008549034595
21879,dct_high_nontargeted_white_box_eps0.0627_iter1,0.4188311688311689,0.40909090909090906,0.9996143,58.03474084871064,0.9999483823776245,0.9999919533729553,0.0011498486855998635,4.863739013671875e-05,417630,0.002171768,0.0012535296846181154,0.0012539229355752468,0.0012538974406197667
252701,dct_high_nontargeted_white_box_eps0.0627_iter7,0.33333333333333326,0.13636363636363638,0.9957947,48.175932801256096,0.999457597732544,0.9999087452888489,0.012431474402546883,0.0013373494148254395,535416,0.0060360474,0.003234183881431818,0.0032467604614794254,0.0032253628596663475
398203,dct_high_nontargeted_white_box_eps0.0627_iter1,0.28282828282828276,0.27499999999999997,0.9995353,58.0551860869872,0.9999525547027588,0.9999914169311523,0.0015635315794497728,6.490945816040039e-05,394562,0.002164747,0.0012453733943402767,0.0012478955322876573,0.001250436413101852
518326,dct_high_nontargeted_white_box_eps0.0627_iter4,0.27272727272727276,0.13636363636363638,0.9977489,51.9254956346891,0.9997349977493286,0.9999645352363586,0.009232847020030022,0.0005700588226318359,373514,0.0037950166,0.0019085451494902372,0.0019105764804407954,0.0019058572361245751
463802,dct_high_nontargeted_white_box_eps0.0627_iter1,0.3333333333333334,0.1666666666666667,0.9992676,58.100955300885325,0.9999147653579712,0.9999854564666748,0.004730287939310074,0.00026798248291015625,398687,0.002146988,0.001241043210029602,0.001232731156051159,0.0012306831777095795
96427,dct_high_nontargeted_white_box_eps0.0627_iter1,0.5000000000000001,0.4545454545454545,0.9989043,58.05768644740468,0.9998697638511658,0.999982476234436,0.006171899847686291,0.0002942681312561035,381481,0.0021654025,0.001252911170013249,0.0012534396955743432,0.0012352034682407975
189775,dct_high_nontargeted_white_box_eps0.0627_iter1,0.1822181441746659,0.15614478114478117,0.99910545,58.0476288047306,0.9998989105224609,0.9999914169311523,0.0045266044326126575,0.00042247772216796875,390809,0.0021673078,0.001250418834388256,0.0012489353539422154,0.001250861561857164
376900,dct_high_nontargeted_white_box_eps0.0627_iter1,0.31840463458110513,0.3041958041958042,0.99915653,58.05890180062735,0.9998990297317505,0.9999871253967285,0.005512138828635216,0.0001773238182067871,400467,0.002163345,0.0012462082086130977,0.0012477021664381027,0.0012465897016227245
359540,dct_high_nontargeted_white_box_eps0.0627_iter1,0.20714285714285716,0.1772727272727273,0.9997291,58.03589834267025,0.9999637603759766,0.9999925494194031,0.0005927079473622143,0.00012940168380737305,419608,0.0021713555,0.0012534481938928366,0.0012535244459286332,0.0012533976696431637
174371,dct_high_nontargeted_white_box_eps0.0627_iter1,0.292929292929293,0.2457912457912458,0.99964195,58.125410886105264,0.9999624490737915,0.9999933838844299,0.0012362324632704258,0.00021314620971679688,403844,0.002135388,0.0012290064478293061,0.0012284406693652272,0.0012262155069038272
168883,dct_high_nontargeted_white_box_eps0.0627_iter1,0.31515151515151524,0.28787878787878785,0.9995694,58.04655230404556,0.9999458193778992,0.9999905228614807,0.00153366569429636,0.00015807151794433594,400846,0.002168075,0.0012526926584541798,0.0012505573686212301,0.0012479200959205627
492077,dct_high_nontargeted_white_box_eps0.0627_iter1,0.11363636363636362,0.09940892440892442,0.9993653,58.218477294850075,0.9999269247055054,0.9999876618385315,0.0045791626907885075,0.0004897713661193848,407165,0.0020938478,0.001201062579639256,0.001201567822135985,0.0012029425706714392
561256,dct_high_nontargeted_white_box_eps0.0627_iter1,0.5000000000000001,0.25000000000000006,0.9992728,58.054298338266015,0.9999198913574219,0.9999854564666748,0.003046157071366906,0.00013202428817749023,389371,0.002163444,0.0012480946024879813,0.0012481319718062878,0.0012482444290071726
357737,dct_high_nontargeted_white_box_eps0.0627_iter1,0.10454545454545454,0.08961038961038961,0.9997173,58.07548491992666,0.9999625086784363,0.9999926686286926,0.0005951821221970022,4.076957702636719e-05,424427,0.0021555556,0.0012425703462213278,0.0012415354140102863,0.0012421399587765336
365642,dct_high_nontargeted_white_box_eps0.0627_iter1,0.3333333333333334,0.11111111111111109,0.9988341,58.03532450043389,0.999846875667572,0.9999783039093018,0.008830837905406952,0.0008884668350219727,389694,0.0021714065,0.0012536284048110247,0.0012536345748230815,0.0012536265421658754
459634,dct_high_nontargeted_white_box_eps0.0627_iter1,0.25000000000000006,0.0,0.9991726,58.054956718488356,0.9998914003372192,0.9999834895133972,0.004616672173142433,0.00024515390396118164,403939,0.0021646903,0.0012466316111385822,0.0012474843533709645,0.0012497849529609084
396518,dct_high_nontargeted_white_box_eps0.0627_iter4,0.5000000000000001,0.25000000000000006,0.99693584,51.32694727791637,0.9996868968009949,0.9999433159828186,0.011206836439669132,0.000804901123046875,380448,0.0040834625,0.002086833817884326,0.00210197689011693,0.0020863115787506104
61960,dct_high_nontargeted_white_box_eps0.0627_iter25,0.5000000000000001,0.25000000000000006,0.98174167,43.77755874153409,0.9977014064788818,0.9996100664138794,0.07157094776630402,0.009617328643798828,603016,0.0098202,0.00522187165915966,0.005203950684517622,0.005222479347139597
258541,dct_high_nontargeted_white_box_eps0.0627_iter13,0.25000000000000006,0.16666666666666663,0.9833479,46.603122570804054,0.9980175495147705,0.9997140765190125,0.14895936846733093,0.007067263126373291,552738,0.007041527,0.0038252826780080795,0.0038031472358852625,0.003731888486072421
423506,dct_high_nontargeted_white_box_eps0.0627_iter10,0.1666666666666667,0.0909090909090909,0.9915342,47.45845210581221,0.9989845156669617,0.9998493790626526,0.029253358021378517,0.0027115941047668457,523794,0.006393902,0.0033184329513460398,0.003309611463919282,0.003306193510070443
510329,dct_high_nontargeted_white_box_eps0.0627_iter6,0.1666666666666667,0.14141414141414138,0.99586177,49.46836724072018,0.9994759559631348,0.9999133348464966,0.025248944759368896,0.001955389976501465,476972,0.0050966404,0.0026175687089562416,0.0026083379052579403,0.0026153649669140577
308328,dct_high_nontargeted_white_box_eps0.0627_iter3,0.3333333333333334,0.31515151515151524,0.99762774,52.89934947720013,0.9997228980064392,0.9999590516090393,0.010443244129419327,0.0012661218643188477,414938,0.0035498242,0.0019597215577960014,0.00195951946079731,0.0019665199797600508
55150,dct_high_nontargeted_white_box_eps0.0627_iter2,0.11558441558441554,0.11536050156739816,0.99859256,55.095276654630574,0.9998464584350586,0.9999776482582092,0.008678698912262917,0.00013130903244018555,229976,0.0024751981,0.001233522780239582,0.0012368711177259684,0.00123714713845402
323799,dct_high_nontargeted_white_box_eps0.0627_iter5,0.34965034965034963,0.33928571428571425,0.9980345,50.38774263647334,0.9997423887252808,0.9999499320983887,0.004504823125898838,0.0009046792984008789,483089,0.0046911924,0.002539190463721752,0.0025299391709268093,0.0025401830207556486
352582,dct_high_nontargeted_white_box_eps0.0627_iter4,0.33333333333333326,0.16666666666666663,0.9966405,51.53520986932644,0.9996144771575928,0.9999561309814453,0.022728847339749336,0.0010455846786499023,377705,0.003947241,0.002020492684096098,0.0020268545486032963,0.002017745515331626
79014,dct_high_nontargeted_white_box_eps0.0627_iter3,0.5000000000000001,0.16666666666666663,0.9957735,53.15014998756674,0.9995142221450806,0.9999390840530396,0.07155045121908188,0.0014470815658569336,398780,0.0034193676,0.0019056646851822734,0.0019065124215558171,0.0019000332104042172
60886,dct_high_nontargeted_white_box_eps0.0627_iter1,0.42102846648301195,0.4087089381207029,0.9990707,58.04672272499877,0.9998807311058044,0.9999849796295166,0.0024070958606898785,0.00014972686767578125,393001,0.0021675709,0.0012508743675425649,0.0012498493306338787,0.0012503084726631641
8844,dct_high_nontargeted_white_box_eps0.0627_iter3,0.25,0.15909090909090912,0.99703866,53.31186101497681,0.999674916267395,0.9999625086784363,0.03576572984457016,0.0008747577667236328,401563,0.0033570263,0.0018711098236963153,0.001869430299848318,0.0018693445017561316
108495,dct_high_nontargeted_white_box_eps0.0627_iter26,0.5000000000000001,0.25000000000000006,0.97750694,43.71561402758513,0.9972690939903259,0.9996456503868103,0.09916317462921143,0.006995201110839844,600021,0.009847849,0.00516103208065033,0.005157203879207373,0.005150196608155966
438955,dct_high_nontargeted_white_box_eps0.0627_iter2,0.19204545454545455,0.13636363636363635,0.9987839,54.92465604809769,0.9998642802238464,0.9999787211418152,0.013062708079814911,0.0010455846786499023,267854,0.0025837221,0.001305523095652461,0.0013022248167544603,0.0012958516599610448
7977,dct_high_nontargeted_white_box_eps0.0627_iter3,0.13636363636363635,0.06818181818181818,0.99763626,52.59919550872448,0.9996633529663086,0.9999556541442871,0.009616534225642681,0.0008813738822937012,435080,0.003716109,0.0020370667334645987,0.002037062542513013,0.0020336685702204704
489924,dct_high_nontargeted_white_box_eps0.0627_iter2,0.25000000000000006,0.12500000000000003,0.9978502,54.74758131791107,0.9997057914733887,0.9999550580978394,0.018835777416825294,0.001025080680847168,245408,0.0026482304,0.0013365792110562325,0.0013328903587535024,0.0013395000714808702
15597,dct_high_nontargeted_white_box_eps0.0627_iter4,0.3333333333333334,0.1666666666666667,0.99551874,51.81858410220106,0.999435305595398,0.9999347925186157,0.0295745637267828,0.0018627643585205078,360125,0.0037879562,0.0019340442959219217,0.001930954516865313,0.0019440031610429287
528314,dct_high_nontargeted_white_box_eps0.0627_iter1,0.3968074409250879,0.35227272727272724,0.999113,58.06730658778729,0.9998933672904968,0.9999858140945435,0.0044029150158166885,0.0004912614822387695,395341,0.002162031,0.0012303392868489027,0.0012507393257692456,0.0012521831085905433
401250,dct_high_nontargeted_white_box_eps0.0627_iter6,0.25000000000000006,0.0,0.9906048,50.30516893155445,0.998782753944397,0.9996284246444702,0.21439212560653687,0.021258234977722168,423489,0.0045569013,0.002337126526981592,0.0023351754061877728,0.0023354880977422
72281,dct_high_nontargeted_white_box_eps0.0627_iter42,0.25000000000000006,0.10000000000000002,0.96161455,41.477029977007156,0.9956068396568298,0.9993324279785156,0.17439985275268555,0.02309703826904297,619883,0.0127361715,0.00667987996712327,0.006655802018940449,0.006701633334159851
111207,dct_high_nontargeted_white_box_eps0.0627_iter17,0.2575757575757575,0.24242424242424246,0.98665446,45.53967472319115,0.9984655380249023,0.9997745156288147,0.0687830001115799,0.005842864513397217,579528,0.008023794,0.004280819557607174,0.004268537275493145,0.004271159879863262
129812,dct_high_nontargeted_white_box_eps0.0627_iter2,0.5000000000000001,0.25000000000000006,0.9976103,55.08682929374474,0.9997031092643738,0.9999631643295288,0.046259019523859024,0.0035799145698547363,222976,0.0024541912,0.0012392778880894184,0.0012384547153487802,0.0012334578204900026
336209,dct_high_nontargeted_white_box_eps0.0627_iter12,0.3333333333333334,0.1666666666666667,0.988771,47.12102330199606,0.9985998868942261,0.9998512268066406,0.06444721668958664,0.0039504170417785645,537419,0.006664112,0.003442169865593314,0.0034521338529884815,0.003444608300924301
558213,dct_high_nontargeted_white_box_eps0.0627_iter3,0.25000000000000006,0.21212121212121207,0.9965419,52.983922149902796,0.9995390176773071,0.999930739402771,0.014786368235945702,0.0012137889862060547,416642,0.0035153865,0.0019450531108304858,0.001940848887898028,0.0019419118762016296
492968,dct_high_nontargeted_white_box_eps0.0627_iter28,0.5000000000000001,0.0,0.95652336,43.08685168273079,0.9941050410270691,0.9958808422088623,0.28335821628570557,0.05824935436248779,606052,0.010571634,0.005516655743122101,0.00553097715601325,0.005562153644859791
23359,dct_high_nontargeted_white_box_eps0.0627_iter5,0.5000000000000001,0.25000000000000006,0.9920688,50.85330487973165,0.9989540576934814,0.999637246131897,0.17161455750465393,0.014023125171661377,456612,0.0043900893,0.0023975148797035217,0.0023996762465685606,0.0024081363808363676
63047,dct_high_nontargeted_white_box_eps0.0627_iter21,0.31818181818181823,0.27272727272727276,0.9867638,43.93395444508567,0.9988135695457458,0.999714732170105,0.02829509973526001,0.0031450390815734863,597585,0.009694208,0.0051359571516513824,0.005105410702526569,0.005050134379416704
426376,dct_high_nontargeted_white_box_eps0.0627_iter28,0.5000000000000001,0.16666666666666663,0.9767351,42.912442180311174,0.9965863227844238,0.9994885921478271,0.08570131659507751,0.006851315498352051,613629,0.010936869,0.005659729242324829,0.005686595570296049,0.005654290784150362
364884,dct_high_nontargeted_white_box_eps0.0627_iter1,0.12937062937062938,0.05376607122539538,0.99912643,58.04079567612456,0.9998924732208252,0.9999852776527405,0.00638620276004076,0.00032830238342285156,395495,0.0021697856,0.0012523112818598747,0.0012524849735200405,0.0012513240799307823
327592,dct_high_nontargeted_white_box_eps0.0627_iter1,0.25000000000000006,0.12500000000000003,0.99914104,58.03700817493006,0.9998955726623535,0.9999855756759644,0.004868334624916315,0.0003470182418823242,386154,0.0021711017,0.0012530379462987185,0.0012535210698843002,0.0012528372462838888
563281,dct_high_nontargeted_white_box_eps0.0627_iter2,0.5000000000000001,0.25000000000000006,0.9984296,55.06557226500641,0.9997962713241577,0.9999725818634033,0.0061703035607934,0.00021094083786010742,227794,0.002473567,0.001243722508661449,0.0012412574142217636,0.0012409393675625324
325483,dct_high_nontargeted_white_box_eps0.0627_iter41,0.14285714285714288,0.07792207792207793,0.9596832,41.44288910216559,0.9951547384262085,0.9992550015449524,0.1742796003818512,0.02117335796356201,620997,0.01277284,0.006780252791941166,0.0067473165690898895,0.006826081778854132
324258,dct_high_nontargeted_white_box_eps0.0627_iter3,0.10984848484848485,0.10774410774410777,0.9972691,53.289372846850824,0.999672532081604,0.9999522566795349,0.015177642926573753,0.0012804269790649414,412016,0.0033793938,0.0018743625842034817,0.0018746972782537341,0.0018737497739493847
559348,dct_high_nontargeted_white_box_eps0.0627_iter1,0.16394984326018808,0.153319124910034,0.9993636,58.03454960932288,0.9999210238456726,0.9999896883964539,0.0017437728820368648,0.00012314319610595703,401075,0.0021718284,0.001253739232197404,0.0012539339950308204,0.0012538923183456063
276804,dct_high_nontargeted_white_box_eps0.0627_iter1,0.2821548821548822,0.26391184573002757,0.9991886,58.04655512766915,0.9998967051506042,0.999987006187439,0.0034136325120925903,0.0001944899559020996,399802,0.0021681665,0.0012453674571588635,0.0012527311919257045,0.0012530612293630838
427256,dct_high_nontargeted_white_box_eps0.0627_iter1,0.17989256888778424,0.17043562498107953,0.9996107,58.095194343479676,0.9999542236328125,0.9999909400939941,0.0012588814133778214,0.00022983551025390625,391605,0.0021525621,0.0012332150945439935,0.0012386309681460261,0.0012375537771731615
208363,dct_high_nontargeted_white_box_eps0.0627_iter2,0.21132571132571132,0.20512769326998573,0.9986286,54.996680721397524,0.9998466372489929,0.9999778866767883,0.0076938229613006115,0.000286102294921875,228644,0.0024942893,0.0012636821484193206,0.0012637469917535782,0.001262326491996646
326970,dct_high_nontargeted_white_box_eps0.0627_iter4,0.25000000000000006,0.22727272727272724,0.9960904,51.99823846750078,0.9995408058166504,0.9999274015426636,0.030659103766083717,0.002842426300048828,363116,0.0036537014,0.0018822752172127366,0.0018795606447383761,0.0018885284662246704
478420,dct_high_nontargeted_white_box_eps0.0627_iter1,0.5000000000000001,0.42424242424242414,0.9990371,58.036668853315135,0.9998869895935059,0.9999826550483704,0.015052568167448044,0.0011734366416931152,393884,0.0021711518,0.001253114896826446,0.0012532678665593266,0.0012533185072243214
411754,dct_high_nontargeted_white_box_eps0.0627_iter1,0.20454545454545447,0.16136363636363635,0.99881345,58.07159367531491,0.999865710735321,0.9999841451644897,0.021835029125213623,0.0002588033676147461,383896,0.0021607208,0.0012325834250077605,0.0012490240624174476,0.001247980399057269
369503,dct_high_nontargeted_white_box_eps0.0627_iter1,0.5000000000000001,0.25000000000000006,0.9987499,58.101112777164055,0.9998506307601929,0.9999775290489197,0.01433769054710865,0.0010129809379577637,386828,0.0021531724,0.0012515601702034473,0.001200566766783595,0.0012522005708888173
500716,dct_high_nontargeted_white_box_eps0.0627_iter4,0.5000000000000001,0.16666666666666663,0.9960701,52.032438379312936,0.9995059967041016,0.9999100565910339,0.029138784855604172,0.001761019229888916,350423,0.0036795915,0.0018759254598990083,0.0018759012455120683,0.0018718515057116747
257169,dct_high_nontargeted_white_box_eps0.0627_iter1,0.12500000000000003,0.0,0.99883527,58.05119637618489,0.9998615980148315,0.9999815225601196,0.009984767064452171,0.000577092170715332,382547,0.0021641566,0.0012490673689171672,0.0012490757508203387,0.0012490040389820933
418062,dct_high_nontargeted_white_box_eps0.0627_iter1,0.38181818181818183,0.36363636363636354,0.9993453,58.54730577072765,0.9999400973320007,0.999985933303833,0.004278212785720825,0.0002608299255371094,391663,0.0019604766,0.0011126574827358127,0.0011146065080538392,0.0011153793893754482
489339,dct_high_nontargeted_white_box_eps0.0627_iter19,0.5000000000000001,0.25000000000000006,0.97646,44.9434440291439,0.9971903562545776,0.9995959997177124,0.2072954773902893,0.017893075942993164,583347,0.008532552,0.004563907161355019,0.004557986278086901,0.004591235890984535
560474,dct_high_nontargeted_white_box_eps0.0627_iter1,0.14665334665334667,0.14659090909090908,0.99945575,58.04444715197489,0.9999402761459351,0.9999920725822449,0.0026688179932534695,0.0001087188720703125,396015,0.0021685704,0.0012500586453825235,0.0012526167556643486,0.0012503120815381408
380706,dct_high_nontargeted_white_box_eps0.0627_iter3,0.1818181818181818,0.16818181818181813,0.99667674,53.07881864762213,0.9997264742851257,0.9999504089355469,0.012042004615068436,0.000968635082244873,371367,0.0034278461,0.0018762300023809075,0.001880014780908823,0.0018766981083899736
136715,dct_high_nontargeted_white_box_eps0.0627_iter1,0.12970779220779222,0.12227272727272727,0.99944687,58.07218452901047,0.9999402761459351,0.9999911785125732,0.0019075663294643164,0.00028836727142333984,389579,0.002158245,0.0012433079537004232,0.0012422016588971019,0.0012435875833034515
479912,dct_high_nontargeted_white_box_eps0.0627_iter1,0.10606060606060608,0.0707070707070707,0.9991858,58.05815603302296,0.9998854398727417,0.9999861717224121,0.00268996087834239,0.0001227855682373047,412385,0.0021644414,0.0012453594245016575,0.001248176209628582,0.001247599022462964
13348,dct_high_nontargeted_white_box_eps0.0627_iter1,0.11717171717171716,0.04848484848484849,0.9990673,58.05335392310407,0.9998885989189148,0.9999852180480957,0.0038425824604928493,0.00016701221466064453,398618,0.0021647613,0.0012481326702982187,0.0012480065925046802,0.001249150256626308
545594,dct_high_nontargeted_white_box_eps0.0627_iter1,0.3354978354978355,0.3256118881118881,0.99948245,58.087455129388026,0.9999420642852783,0.9999881982803345,0.0019737365655601025,4.8160552978515625e-05,387304,0.002151883,0.0012364205904304981,0.0012402653228491545,0.0012393126962706447
531036,dct_high_nontargeted_white_box_eps0.0627_iter10,0.3333333333333334,0.1666666666666667,0.9944296,46.72640992635611,0.999259889125824,0.9998657703399658,0.01758948341012001,0.002438783645629883,548971,0.007020723,0.0036428882740437984,0.0036393890623003244,0.00364388688467443
516143,dct_high_nontargeted_white_box_eps0.0627_iter1,0.25000000000000006,0.018518518518518514,0.9991464,58.040867178926156,0.9998993873596191,0.9999881982803345,0.004705308936536312,0.00010836124420166016,399554,0.002169506,0.0012515152338892221,0.0012522143078967929,0.0012523343320935965
42628,dct_high_nontargeted_white_box_eps0.0627_iter3,0.25000000000000006,0.20833333333333337,0.9971051,52.707528853264975,0.9996476173400879,0.999954342842102,0.015526929870247841,0.0005606412887573242,411319,0.0036311187,0.002008639508858323,0.0020058918744325638,0.0020113911014050245
369442,dct_high_nontargeted_white_box_eps0.0627_iter1,0.17460443596807235,0.15490578500446922,0.9994355,58.097272878001704,0.9999412894248962,0.9999896883964539,0.0022424093913286924,9.590387344360352e-05,396322,0.0021515281,0.0012502219760790467,0.0012328090379014611,0.0012245819671079516
151657,dct_high_nontargeted_white_box_eps0.0627_iter4,0.42424242424242414,0.25000000000000006,0.9958544,51.698072627831486,0.9994648694992065,0.9999065399169922,0.01612563244998455,0.0009112358093261719,367321,0.0038628406,0.0019725023303180933,0.0019707262981683016,0.0019803622271865606
352491,dct_high_nontargeted_white_box_eps0.0627_iter1,0.16363636363636364,0.0,0.999029,58.171152082215364,0.9998819828033447,0.9999803304672241,0.006411461159586906,0.0004044771194458008,396872,0.0021117046,0.001215010299347341,0.0012147269444540143,0.001215341268107295
20571,dct_high_nontargeted_white_box_eps0.0627_iter5,0.21212121212121215,0.1818181818181818,0.9968769,50.69420925436396,0.9996365308761597,0.999941885471344,0.01890561915934086,0.0012902617454528809,471459,0.0045053423,0.002447280567139387,0.002441518474370241,0.0024476093240082264
4134,dct_high_nontargeted_white_box_eps0.0627_iter1,0.12433609275714538,0.12043569333891913,0.99906445,58.04894440122272,0.9998891353607178,0.9999839663505554,0.006458211690187454,0.0005879402160644531,390919,0.0021670226,0.0012504964834079146,0.0012512515531852841,0.0012473579263314605
223955,dct_high_nontargeted_white_box_eps0.0627_iter16,0.25000000000000006,0.16666666666666663,0.99014634,45.25001494549195,0.9986701011657715,0.9997519850730896,0.030975379049777985,0.0027275681495666504,580924,0.008319371,0.004297817125916481,0.004330573137849569,0.00432566087692976
269316,dct_high_nontargeted_white_box_eps0.0627_iter7,0.4000000000000001,0.2727272727272727,0.993632,48.9609701503361,0.9992306232452393,0.9999009370803833,0.03182971104979515,0.0008958578109741211,509750,0.0054501696,0.0029449937865138054,0.0029401618521660566,0.002941384445875883
391290,dct_high_nontargeted_white_box_eps0.0627_iter1,0.15000000000000002,0.10714285714285716,0.999412,58.03763156071405,0.999923825263977,0.9999887943267822,0.0013938199263066053,0.00020396709442138672,402114,0.002170731,0.0012527453945949674,0.0012531090760603547,0.00125303294043988
132931,dct_high_nontargeted_white_box_eps0.0627_iter8,0.5000000000000001,0.42424242424242414,0.9926341,47.80325757568261,0.9991517066955566,0.9998756647109985,0.038935594260692596,0.001991569995880127,503617,0.006114561,0.003193627344444394,0.0031812426168471575,0.0032004581298679113
153669,dct_high_nontargeted_white_box_eps0.0627_iter1,0.15551620097074642,0.14400747102360006,0.9992655,58.03626531225774,0.9999170303344727,0.9999889135360718,0.0035181681159883738,0.00017082691192626953,388113,0.0021713057,0.001253001973964274,0.0012537104776129127,0.0012533600674942136
556158,dct_high_nontargeted_white_box_eps0.0627_iter29,0.5000000000000001,0.12500000000000003,0.96958,42.39968561730019,0.9958898425102234,0.9995118379592896,0.13690349459648132,0.018175482749938965,615955,0.011539089,0.006097872741520405,0.006053084507584572,0.006109964102506638
407002,dct_high_nontargeted_white_box_eps0.0627_iter9,0.5000000000000001,0.25000000000000006,0.99381095,47.17090651112902,0.9991819262504578,0.9998548626899719,0.03186124563217163,0.0019162297248840332,552380,0.0067231674,0.0035879944916814566,0.0035854605957865715,0.0035990981850773096
493442,dct_high_nontargeted_white_box_eps0.0627_iter1,0.5000000000000001,0.12500000000000003,0.9988792,58.03781138625148,0.9998687505722046,0.9999821186065674,0.01194772683084011,0.00023996829986572266,395149,0.0021707627,0.0012521587777882814,0.001253223279491067,0.0012532997643575072
559160,dct_high_nontargeted_white_box_eps0.0627_iter2,0.2727272727272727,0.2272727272727273,0.99758714,55.13276646136559,0.9997522234916687,0.999965488910675,0.06465137004852295,0.002104043960571289,212826,0.0024414985,0.0012378874234855175,0.001234310562722385,0.0012280151713639498
186042,dct_high_nontargeted_white_box_eps0.0627_iter16,0.5000000000000001,0.0,0.97783947,45.04127218657445,0.9977320432662964,0.9996129274368286,0.10193660855293274,0.013238966464996338,564945,0.008414052,0.004394318908452988,0.004381869919598103,0.004392019473016262
443844,dct_high_nontargeted_white_box_eps0.0627_iter21,0.3333333333333334,0.1666666666666667,0.98144346,44.37842225464813,0.9974991679191589,0.9995856285095215,0.07977353036403656,0.006582975387573242,596461,0.009209448,0.004865626338869333,0.0048790317960083485,0.00488073518499732
359833,dct_high_nontargeted_white_box_eps0.0627_iter1,0.3333333333333334,0.1666666666666667,0.99882,58.034083097503746,0.9998671412467957,0.9999824166297913,0.011486396193504333,0.0006168484687805176,383738,0.0021719758,0.0012539596064016223,0.0012539970921352506,0.0012539931340143085
188592,dct_high_nontargeted_white_box_eps0.0627_iter6,0.5000000000000001,0.25000000000000006,0.9959646,49.46844898476308,0.9994677305221558,0.9999288320541382,0.015428511425852776,0.0013227462768554688,470062,0.0051129526,0.0026253624819219112,0.002624663058668375,0.0026151009369641542
71877,dct_high_nontargeted_white_box_eps0.0627_iter37,0.1666666666666667,0.08333333333333336,0.9662296,41.620880370386814,0.9957886934280396,0.9994940161705017,0.15950480103492737,0.012264013290405273,620632,0.012568743,0.006637055426836014,0.006617315113544464,0.006713459733873606
419408,dct_high_nontargeted_white_box_eps0.0627_iter33,0.25000000000000006,0.21212121212121207,0.9830709,42.286588085058966,0.9980090856552124,0.9997293949127197,0.05968916416168213,0.005062580108642578,614861,0.011606318,0.006157316267490387,0.0061410474590957165,0.006219761911779642
125472,dct_high_nontargeted_white_box_eps0.0627_iter4,0.5000000000000001,0.25000000000000006,0.9947896,51.978095136974005,0.9994140863418579,0.9999150037765503,0.1028827428817749,0.0030804872512817383,348004,0.0037073113,0.001893848180770874,0.001898272312246263,0.0018853157525882125
428111,dct_high_nontargeted_white_box_eps0.0627_iter4,0.11363636363636363,0.06818181818181818,0.995289,51.83553618281798,0.9994361400604248,0.9999182224273682,0.07099704444408417,0.0017474889755249023,359516,0.0037916016,0.0019305248279124498,0.001926152384839952,0.0019264762522652745
145665,dct_high_nontargeted_white_box_eps0.0627_iter4,0.5000000000000001,0.25000000000000006,0.9951466,51.555149392127134,0.9993769526481628,0.9999318718910217,0.024132221937179565,0.00164031982421875,369215,0.0039515467,0.0020378187764436007,0.0020481902174651623,0.0019752667285501957
581206,dct_high_nontargeted_white_box_eps0.0627_iter3,0.5000000000000001,0.25000000000000006,0.9974339,53.152371182340886,0.9996957182884216,0.9999545812606812,0.016514206305146217,0.0007167458534240723,405510,0.0034298964,0.001904668752104044,0.0019043448846787214,0.0019055523443967104
532481,dct_high_nontargeted_white_box_eps0.0627_iter1,0.16883116883116886,0.13636363636363638,0.99933696,58.04100069194189,0.9999023675918579,0.9999821782112122,0.002799157053232193,0.0002878904342651367,402837,0.0021698817,0.001252774498425424,0.001251349924132228,0.0012518037110567093
398742,dct_high_nontargeted_white_box_eps0.0627_iter3,0.1696969696969697,0.13636363636363635,0.9975157,53.40945244376094,0.9997047185897827,0.9999504685401917,0.028994135558605194,0.0006425380706787109,418059,0.0032462878,0.0018016102258116007,0.0017795460298657417,0.0017779010813683271
279730,dct_high_nontargeted_white_box_eps0.0627_iter1,0.11363636363636366,0.02727272727272727,0.9987952,58.04121255846213,0.9998647570610046,0.9999831318855286,0.009002983570098877,0.00024259090423583984,380127,0.0021699872,0.0012539265444502234,0.0012498166179284453,0.0012520443415269256
248400,dct_high_nontargeted_white_box_eps0.0627_iter13,0.12500000000000003,0.08333333333333331,0.9848859,46.60879019073928,0.998259425163269,0.9997776746749878,0.1222246065735817,0.008922040462493896,551771,0.0070547797,0.003806263441219926,0.0037886779755353928,0.0038043800741434097
63965,dct_high_nontargeted_white_box_eps0.0627_iter3,0.11111111111111109,0.0,0.99575967,53.203682382215106,0.9995497465133667,0.9999415874481201,0.04581546038389206,0.002893507480621338,383152,0.0033893127,0.0019054953008890152,0.0018982436740770936,0.0018043520394712687
498807,dct_high_nontargeted_white_box_eps0.0627_iter17,0.5000000000000001,0.16666666666666663,0.9868867,44.79494278978527,0.9984312057495117,0.9997588992118835,0.06897832453250885,0.004739582538604736,592719,0.008774505,0.0046443636529147625,0.004644496366381645,0.004645969718694687
475191,dct_high_nontargeted_white_box_eps0.0627_iter43,0.5000000000000001,0.0,0.9481999,41.58022254622231,0.9933650493621826,0.9989834427833557,0.21200735867023468,0.02842891216278076,619995,0.012568491,0.006675356067717075,0.006671132519841194,0.006701041478663683
316404,dct_high_nontargeted_white_box_eps0.0627_iter8,0.3333333333333334,0.28282828282828276,0.97974324,48.59856896776222,0.9981122016906738,0.9997952580451965,0.11375501751899719,0.004499614238739014,428575,0.00547585,0.00289218220859766,0.0028628865256905556,0.002793071558699012
467315,dct_high_nontargeted_white_box_eps0.0627_iter2,0.3333333333333334,0.1666666666666667,0.99799424,55.08050712757481,0.9997668266296387,0.9999728202819824,0.016453221440315247,0.00041979551315307617,221575,0.0024439886,0.0012408230686560273,0.0012424979358911514,0.0012342608533799648
261535,dct_high_nontargeted_white_box_eps0.0627_iter14,0.3333333333333334,0.1666666666666667,0.9885335,45.119571816120995,0.9986326694488525,0.999785840511322,0.03461962565779686,0.002324342727661133,576789,0.008431408,0.0044021871872246265,0.004388738889247179,0.004408075474202633
203864,dct_high_nontargeted_white_box_eps0.0627_iter1,0.3333333333333334,0.1666666666666667,0.99983805,58.043784754037105,0.999978244304657,0.9999938607215881,0.0002901392290368676,3.254413604736328e-05,428762,0.0021688037,0.0012507421197369695,0.0012523670447990298,0.001250452478416264
357888,dct_high_nontargeted_white_box_eps0.0627_iter7,0.11111111111111113,0.055555555555555566,0.99417883,48.94540566413747,0.9992768168449402,0.9998926520347595,0.027647092938423157,0.0012375116348266602,496569,0.00542717,0.002944785635918379,0.00294940616004169,0.0029576222877949476
93261,dct_high_nontargeted_white_box_eps0.0627_iter6,0.31818181818181823,0.2727272727272727,0.9983733,49.77209800893779,0.9998092651367188,0.9999611377716064,0.00639038160443306,0.0008353590965270996,468625,0.0049558356,0.002506747841835022,0.0025188843719661236,0.002514844061806798
474344,dct_high_nontargeted_white_box_eps0.0627_iter36,0.5000000000000001,0.13636363636363638,0.98053503,41.045823543719294,0.9976783990859985,0.9995988011360168,0.08104994893074036,0.007244408130645752,621133,0.013322586,0.006988612934947014,0.006953208241611719,0.007013117428869009
264968,dct_high_nontargeted_white_box_eps0.0627_iter2,0.34772727272727266,0.23484848484848483,0.9985346,55.155257425071184,0.999823272228241,0.9999783039093018,0.006459367927163839,0.00023108720779418945,225601,0.0024380246,0.0012129091192036867,0.0012222222285345197,0.001216276315972209
88345,dct_high_nontargeted_white_box_eps0.0627_iter2,0.42424242424242414,0.33333333333333326,0.99763966,55.104464931199956,0.9997106790542603,0.9999631643295288,0.024544140323996544,0.001061081886291504,221810,0.002436167,0.0012310331221669912,0.0012333518825471401,0.00122888816986233
6771,dct_high_nontargeted_white_box_eps0.0627_iter1,0.36883116883116884,0.2880244755244755,0.9989576,58.03842470096501,0.9998845458030701,0.9999842643737793,0.010727809742093086,0.00017571449279785156,383489,0.002170556,0.0012522486504167318,0.0012528650695458055,0.001253062509931624
545100,dct_high_nontargeted_white_box_eps0.0627_iter2,0.22727272727272724,0.20454545454545453,0.99912816,54.55087506121073,0.9999077320098877,0.999986469745636,0.004146258346736431,0.0001507401466369629,258114,0.002763858,0.0014001525705680251,0.001401419984176755,0.001393487793393433
66886,dct_high_nontargeted_white_box_eps0.0627_iter11,1.0000000000000002,0.12500000000000003,0.9881075,47.22982844646616,0.9986018538475037,0.9998165965080261,0.10004063695669174,0.004984855651855469,540218,0.006581761,0.003548732027411461,0.003536627162247896,0.003561494406312704
435205,dct_high_nontargeted_white_box_eps0.0627_iter1,0.25000000000000006,0.0,0.99879056,58.07988703681126,0.9998598098754883,0.99997878074646,0.01273212768137455,0.0003864765167236328,382213,0.0021584742,0.0012510539963841438,0.0012478086864575744,0.0012236150214448571
146155,dct_high_nontargeted_white_box_eps0.0627_iter1,0.21969696969696964,0.17373737373737375,0.99922866,58.06731804024494,0.999913215637207,0.9999881386756897,0.0032571125775575638,0.00014859437942504883,385516,0.0021618297,0.0012485465267673135,0.0012487823842093349,0.0012359552783891559
508370,dct_high_nontargeted_white_box_eps0.0627_iter4,0.1666666666666667,0.15151515151515155,0.9978277,51.603776202259006,0.9997642040252686,0.9999623894691467,0.01909688673913479,0.0010900497436523438,382793,0.0039496026,0.002001629676669836,0.00200320640578866,0.0020061975810676813
67213,dct_high_nontargeted_white_box_eps0.0627_iter2,0.1775137741046832,0.17676767676767677,0.9987665,54.85265973994465,0.9998611807823181,0.9999826550483704,0.005639817100018263,0.00029093027114868164,242108,0.0026065137,0.0013084207894280553,0.0013065440580248833,0.0013026072410866618
102331,dct_high_nontargeted_white_box_eps0.0627_iter2,0.25000000000000006,0.0,0.9984431,54.89837856531214,0.9998194575309753,0.9999809265136719,0.03054935298860073,0.0005986690521240234,235070,0.0025550828,0.001291382359340787,0.0012924863258376718,0.0012889616191387177
37670,dct_high_nontargeted_white_box_eps0.0627_iter2,0.11111111111111109,0.08333333333333336,0.99729705,55.11753362413013,0.9996694326400757,0.9999468326568604,0.02943252958357334,0.001817464828491211,216623,0.0024140847,0.0012272302992641926,0.001227094093337655,0.001227627508342266
389812,dct_high_nontargeted_white_box_eps0.0627_iter2,0.5000000000000001,0.25000000000000006,0.9993041,54.7378242427956,0.9999200701713562,0.9999861121177673,0.002645333530381322,0.00028645992279052734,249465,0.0026684513,0.001346118631772697,0.0013408195227384567,0.0013348706997931004
553776,dct_high_nontargeted_white_box_eps0.0627_iter36,0.5000000000000001,0.25000000000000006,0.97125643,42.12562718128868,0.9960950613021851,0.9994705319404602,0.09484627842903137,0.005031883716583252,618147,0.011922211,0.006219468079507351,0.006202856544405222,0.006212697830051184
491090,dct_high_nontargeted_white_box_eps0.0627_iter10,0.5000000000000001,0.25000000000000006,0.99443245,47.638273171755195,0.999330461025238,0.9998928308486938,0.016442161053419113,0.0013346672058105469,531288,0.006325286,0.0032444328535348177,0.0032496543135493994,0.003257581265643239
169076,dct_high_nontargeted_white_box_eps0.0627_iter2,0.16969696969696965,0.10000000000000002,0.9971929,54.9205006084518,0.9997071623802185,0.9999561309814453,0.023100871592760086,0.0023270249366760254,232312,0.0025897063,0.001321254181675613,0.0012448912020772696,0.0013235484948381782
374052,dct_high_nontargeted_white_box_eps0.0627_iter1,0.10606060606060605,0.08685064935064934,0.9992478,58.03600217347393,0.9999205470085144,0.9999885559082031,0.004796776454895735,0.00021851062774658203,395403,0.0021713038,0.0012531541287899017,0.0012535691494122148,0.0012535625137388706
319534,dct_high_nontargeted_white_box_eps0.0627_iter1,0.21818181818181823,0.20303030303030303,0.9991708,58.046024268926374,0.999909520149231,0.9999856948852539,0.004368211142718792,0.0001652836799621582,390825,0.0021675662,0.0012507917126640677,0.0012500715674832463,0.0012507537612691522
52007,dct_high_nontargeted_white_box_eps0.0627_iter1,0.14983164983164982,0.13636363636363635,0.99960995,58.44225541845433,0.9999700784683228,0.9999908208847046,0.0016670526238158345,0.00027245283126831055,411379,0.0020011829,0.0011416692286729813,0.0011416610796004534,0.00114114407915622
49259,dct_high_nontargeted_white_box_eps0.0627_iter8,1.0000000000000002,0.0,0.99644834,47.447860114588075,0.9995138049125671,0.9998976588249207,0.011653009802103043,0.0015963315963745117,545247,0.0065296395,0.003355851396918297,0.0033579959999769926,0.003369909944012761
278749,dct_high_nontargeted_white_box_eps0.0627_iter1,0.181986531986532,0.14545454545454548,0.99967855,58.05928107263338,0.9999551773071289,0.9999904632568359,0.0014174683019518852,8.034706115722656e-05,421201,0.0021608248,0.0012467235792428255,0.001246707746759057,0.0012467390624806285
401862,dct_high_nontargeted_white_box_eps0.0627_iter1,0.3571428571428572,0.3454545454545455,0.9994282,58.053510057402406,0.9999322891235352,0.9999909400939941,0.003766563953831792,0.0005919933319091797,409152,0.00216458,0.0012474856339395046,0.0012483563041314483,0.001249325810931623
267169,dct_high_nontargeted_white_box_eps0.0627_iter2,0.24242424242424246,0.2323232323232323,0.9986512,55.07157733430105,0.9998434782028198,0.9999748468399048,0.006718166172504425,0.0006812214851379395,229438,0.0024703157,0.0012422306463122368,0.0012425411259755492,0.0012417772086337209
566282,dct_high_nontargeted_white_box_eps0.0627_iter1,0.13920454545454544,0.10984848484848488,0.99933225,58.14888874194378,0.9999281167984009,0.9999901056289673,0.003391648642718792,0.00030744075775146484,386344,0.0021206674,0.0012212988222017884,0.001221126294694841,0.0012213516747578979
67534,dct_high_nontargeted_white_box_eps0.0627_iter46,0.3333333333333334,0.0,0.97451085,41.004402838204854,0.9971252679824829,0.9995205402374268,0.07687310874462128,0.012664973735809326,623279,0.013476783,0.007077510934323072,0.007042760495096445,0.0070987180806696415
408120,dct_high_nontargeted_white_box_eps0.0627_iter23,0.3333333333333334,0.0,0.9780379,43.85335989400386,0.9986526966094971,0.9995073676109314,0.0508403405547142,0.005814313888549805,584827,0.009738459,0.0051575941033661366,0.0051232753321528435,0.005132786929607391
250619,dct_high_nontargeted_white_box_eps0.0627_iter6,0.25000000000000006,0.08333333333333331,0.99414533,49.4050440649692,0.999203622341156,0.999887228012085,0.03002365306019783,0.001820981502532959,473227,0.0051512625,0.0026363928336650133,0.002637646161019802,0.002639373065903783
132796,dct_high_nontargeted_white_box_eps0.0627_iter3,0.16818181818181813,0.15272727272727274,0.9985826,52.87720810676813,0.9998278617858887,0.9999790191650391,0.006144138053059578,0.0005812644958496094,427485,0.0035774892,0.0019661320839077234,0.00196458469145,0.0019662294071167707
47585,dct_high_nontargeted_white_box_eps0.0627_iter1,0.3080808080808082,0.2424242424242424,0.99920684,58.05349999712562,0.9999047517776489,0.9999850392341614,0.0045761605724692345,0.00039011240005493164,391695,0.0021663706,0.0012531278189271688,0.0012531462125480175,0.0012389002367854118
11699,dct_high_nontargeted_white_box_eps0.0627_iter1,0.2545454545454546,0.18686868686868682,0.9990988,58.10610306749374,0.9999002814292908,0.9999868869781494,0.0051368894055485725,0.00016200542449951172,385626,0.0021479889,0.0012434739619493484,0.0012164313811808825,0.001240178244188428
198489,dct_high_nontargeted_white_box_eps0.0627_iter2,0.25000000000000006,0.12500000000000003,0.99905205,54.92131895506738,0.9998764991760254,0.9999781847000122,0.0029468825086951256,0.00020247697830200195,244994,0.0025864309,0.0012869532220065594,0.0012851362116634846,0.0012800850672647357
9448,dct_high_nontargeted_white_box_eps0.0627_iter36,0.5000000000000001,0.25000000000000006,0.975961,41.78687577141196,0.9973663687705994,0.9996412396430969,0.04942869767546654,0.0033947229385375977,618766,0.012383145,0.006223003380000591,0.0064814118668437,0.0065515488386154175
82986,dct_high_nontargeted_white_box_eps0.0627_iter10,0.2803030303030302,0.24999999999999992,0.99457735,46.9005866941654,0.9993161559104919,0.9998911023139954,0.048390764743089676,0.010480403900146484,554963,0.006934416,0.0035696979612112045,0.003542156657204032,0.003552740439772606
470952,dct_high_nontargeted_white_box_eps0.0627_iter2,0.3977272727272728,0.3376623376623377,0.9985774,54.9578668693315,0.9998306035995483,0.9999743103981018,0.005647485144436359,0.0006123185157775879,238350,0.0025485612,0.0012719662627205253,0.0012739963131025434,0.001274330192245543
271471,dct_high_nontargeted_white_box_eps0.0627_iter2,0.5000000000000001,0.13636363636363638,0.9977533,55.06299470675512,0.999740719795227,0.9999673962593079,0.013040509074926376,0.0006852149963378906,215990,0.0024380279,0.0012467759661376476,0.0012488580541685224,0.0012381471460685134
172935,dct_high_nontargeted_white_box_eps0.0627_iter1,0.18181818181818185,0.0,0.9987213,58.070500824922306,0.9998444318771362,0.9999827742576599,0.01449006237089634,0.0011597871780395508,383844,0.00215566,0.0012436311226338148,0.001243515289388597,0.0012433920055627823
447465,dct_high_nontargeted_white_box_eps0.0627_iter6,0.3333333333333334,0.28282828282828276,0.9961116,49.90475026042847,0.9995740652084351,0.9999358654022217,0.024744760245084763,0.0016260147094726562,447015,0.004820038,0.0024720230139791965,0.002468746853992343,0.002470741979777813
397351,dct_high_nontargeted_white_box_eps0.0627_iter50,0.18181818181818185,0.0,0.97538066,40.165110439909945,0.9972805380821228,0.9995543360710144,0.06649477779865265,0.006627440452575684,623892,0.014639133,0.007819685153663158,0.007730700075626373,0.007570224814116955
33104,dct_high_nontargeted_white_box_eps0.0627_iter1,0.2019670388091441,0.13636363636363638,0.99954087,58.051105430313115,0.999948263168335,0.9999897480010986,0.00153625407256186,0.0001175999641418457,404840,0.0021664216,0.0012478537391871214,0.0012500851880759,0.0012492845999076962
161781,dct_high_nontargeted_white_box_eps0.0627_iter14,0.5000000000000001,0.07142857142857144,0.9884111,45.24245347934186,0.9985978603363037,0.9998071789741516,0.09115996956825256,0.0045729875564575195,568453,0.008219464,0.004315451718866825,0.004313152749091387,0.004325467627495527
480936,dct_high_nontargeted_white_box_eps0.0627_iter7,0.25000000000000006,0.0,0.99412006,49.185356021858546,0.9993243217468262,0.9999061822891235,0.029605761170387268,0.0016069412231445312,499239,0.0053102993,0.0028722696006298065,0.002869426505640149,0.0028777022380381823
364557,dct_high_nontargeted_white_box_eps0.0627_iter1,0.33333333333333326,0.25000000000000006,0.9990482,58.068550073758175,0.9998883008956909,0.999983549118042,0.006043846718966961,0.0001308917999267578,390027,0.0021604537,0.0012442809529602528,0.0012465885374695063,0.0012413441436365247
257624,dct_high_nontargeted_white_box_eps0.0627_iter10,0.5000000000000001,0.10000000000000002,0.98879117,46.77688392368579,0.9986666440963745,0.999824583530426,0.08245521038770676,0.0031862854957580566,530359,0.0068736994,0.0036025620065629482,0.0035879856441169977,0.0036206883378326893
149770,dct_high_nontargeted_white_box_eps0.0627_iter22,0.5000000000000001,0.25000000000000006,0.9690284,44.54869975314249,0.9962586760520935,0.9994975328445435,0.4013766348361969,0.04593706130981445,584569,0.008882429,0.004620264284312725,0.004687259905040264,0.004688623361289501
240023,dct_high_nontargeted_white_box_eps0.0627_iter1,0.15263429752066113,0.10020661157024793,0.99906,58.05059680013489,0.9998844861984253,0.9999843239784241,0.004264621064066887,0.0002486109733581543,387381,0.002166049,0.001247273525223136,0.0012504808837547898,0.0012499225558713078
292446,dct_high_nontargeted_white_box_eps0.0627_iter1,0.1742424242424242,0.11212121212121212,0.9993407,58.044358894301304,0.9999212026596069,0.9999873042106628,0.0022768189664930105,0.0007141232490539551,392250,0.0021689462,0.0012501600431278348,0.001248915446922183,0.0012539890594780445
271402,dct_high_nontargeted_white_box_eps0.0627_iter3,0.33333333333333326,0.22727272727272732,0.99775773,52.75812095966151,0.9997069239616394,0.999960720539093,0.022468702867627144,0.0008826255798339844,421841,0.003613705,0.0020098222885280848,0.001985454000532627,0.0019580924417823553
122962,dct_high_nontargeted_white_box_eps0.0627_iter3,0.2006060606060606,0.168975468975469,0.99812204,53.050201755302844,0.9997949004173279,0.9999685883522034,0.007947905920445919,0.0004349350929260254,407902,0.003475062,0.0019269580952823162,0.0019273834768682718,0.0019252721685916185
289059,dct_high_nontargeted_white_box_eps0.0627_iter1,0.42424242424242414,0.33333333333333326,0.9988732,58.044508115558585,0.9998711943626404,0.9999837875366211,0.007242335472255945,0.00010645389556884766,383666,0.002167876,0.001250934787094593,0.001251035719178617,0.0012509581865742803
488166,dct_high_nontargeted_white_box_eps0.0627_iter5,0.1666666666666667,0.08333333333333336,0.99627066,50.936418847389426,0.9995275735855103,0.999933123588562,0.05297277122735977,0.002832770347595215,457607,0.0043660654,0.0023819527123123407,0.0023852128069847822,0.0023865806870162487
371042,dct_high_nontargeted_white_box_eps0.0627_iter3,0.10909090909090909,0.06363636363636364,0.99832124,53.108864518552366,0.9997841715812683,0.9999755620956421,0.005676100961863995,0.0005601644515991211,426795,0.0034751678,0.0019132152665406466,0.0019167105201631784,0.0019134475151076913
406129,dct_high_nontargeted_white_box_eps0.0627_iter5,0.3333333333333334,0.1666666666666667,0.9946854,50.35309233170561,0.9993156790733337,0.9999117255210876,0.03502928093075752,0.0028228759765625,473444,0.00467976,0.002543836599215865,0.002540492918342352,0.0025491213891655207
327701,dct_high_nontargeted_white_box_eps0.0627_iter3,0.21363636363636368,0.17045454545454547,0.9981811,53.20400536231026,0.999771237373352,0.9999606013298035,0.01043762732297182,0.0010461807250976562,427434,0.0033686936,0.0018513572867959738,0.001854535541497171,0.0018545774510130286
575081,dct_high_nontargeted_white_box_eps0.0627_iter18,0.3333333333333334,0.0,0.982244,45.22665954832277,0.9979190230369568,0.9996710419654846,0.1047176942229271,0.010777592658996582,576379,0.008258559,0.0043196226470172405,0.004313705954700708,0.004301527515053749
144984,dct_high_nontargeted_white_box_eps0.0627_iter2,0.11111111111111109,0.08333333333333336,0.99774367,55.04503638624936,0.9997152090072632,0.9999567866325378,0.014321507886052132,0.0005793571472167969,227128,0.0024800969,0.001247771200723946,0.001247623935341835,0.0012486896011978388
74646,dct_high_nontargeted_white_box_eps0.0627_iter1,0.11120129870129872,0.11038961038961041,0.99856615,58.03473259038753,0.9998136758804321,0.9999397397041321,0.018579084426164627,0.0008392333984375,396800,0.0021717516,0.001253822585567832,0.0012537194415926933,0.0012538444716483355
22705,dct_high_nontargeted_white_box_eps0.0627_iter24,0.20000000000000004,0.10000000000000002,0.9769695,43.742833743497926,0.9972319006919861,0.9995548725128174,0.0816524550318718,0.00643688440322876,598388,0.009815326,0.00513326283544302,0.00512345926836133,0.005143872927874327
187734,dct_high_nontargeted_white_box_eps0.0627_iter1,0.16302206461780933,0.15610047846889952,0.9993451,58.04559294658262,0.9999224543571472,0.9999892711639404,0.002018263563513756,7.331371307373047e-05,400632,0.002167994,0.001250856788828969,0.001251106965355575,0.0012500202283263206
477805,dct_high_nontargeted_white_box_eps0.0627_iter3,0.27272727272727276,0.13636363636363638,0.98462135,54.757764019931656,0.9983934760093689,0.9267870783805847,0.1047697514295578,0.013211190700531006,52802,0.0024967378,0.0013331412337720394,0.0013315263204276562,0.0013364407932385802
160556,dct_high_nontargeted_white_box_eps0.0627_iter1,0.14285714285714288,0.07142857142857144,0.99895686,58.05117560988474,0.9998804926872253,0.9999832510948181,0.007663338910788298,0.00037360191345214844,389227,0.0021660891,0.0012495832052081823,0.0012484159087762237,0.0012491896050050855
462643,dct_high_nontargeted_white_box_eps0.0627_iter4,0.5000000000000001,0.25000000000000006,0.9949789,52.018678009942235,0.999415397644043,0.9999251961708069,0.07513917982578278,0.003641843795776367,341555,0.0036590504,0.0018816717201843858,0.0018802229315042496,0.0018777023069560528
505789,dct_high_nontargeted_white_box_eps0.0627_iter3,0.1785714285714286,0.14583333333333334,0.9990797,52.7894883958771,0.9998987913131714,0.9999750852584839,0.0025800566654652357,0.0001849532127380371,432322,0.0036245617,0.0019889220129698515,0.0019852607510983944,0.0019874977879226208
243034,dct_high_nontargeted_white_box_eps0.0627_iter1,0.17613636363636362,0.0909090909090909,0.9988787,58.05221617961084,0.9998576045036316,0.9999847412109375,0.018016474321484566,0.001212000846862793,390094,0.0021665827,0.0012520920718088746,0.001252309768460691,0.0012418896658346057
261888,dct_high_nontargeted_white_box_eps0.0627_iter2,0.20000000000000004,0.10000000000000002,0.9979275,54.81418637804515,0.9997148513793945,0.9999586343765259,0.0182577483355999,0.0005119442939758301,249802,0.0026428602,0.0013113821623846889,0.0013210317119956017,0.0013182000257074833
480021,dct_high_nontargeted_white_box_eps0.0627_iter1,0.22077922077922082,0.18749999999999994,0.9995038,58.0356061433738,0.9999380111694336,0.9999890327453613,0.0016571084270253778,0.000326693058013916,410845,0.002171427,0.0012534906854853034,0.001253532595001161,0.0012536098947748542
187249,dct_high_nontargeted_white_box_eps0.0627_iter2,0.15151515151515155,0.09090909090909093,0.9980754,54.97598361788426,0.9997629523277283,0.9999610185623169,0.017098164185881615,0.00171738862991333,230874,0.0025464676,0.0012797738891094923,0.001284303143620491,0.0012616710737347603
130826,dct_high_nontargeted_white_box_eps0.0627_iter1,0.3160173160173161,0.29696969696969694,0.9995082,58.06569209759662,0.999947190284729,0.99998939037323,0.001418412895873189,0.00019723176956176758,397950,0.002159304,0.0012439043493941426,0.0012454201932996511,0.0012453342787921429
500477,dct_high_nontargeted_white_box_eps0.0627_iter1,0.5000000000000001,0.25000000000000006,0.99939567,58.03641956603526,0.9999310374259949,0.9999909400939941,0.0026490793097764254,0.00017940998077392578,395333,0.0021712969,0.001253607333637774,0.0012537874281406403,0.001252529677003622
494188,dct_high_nontargeted_white_box_eps0.0627_iter1,0.11423576423576424,0.11233766233766233,0.9993786,58.07431344859441,0.9999237060546875,0.9999876618385315,0.0033839880488812923,0.00016963481903076172,408126,0.0021567803,0.0012436640681698918,0.0012434169184416533,0.0012401702115312219
60823,dct_high_nontargeted_white_box_eps0.0627_iter8,0.13636363636363638,0.09659090909090907,0.9962628,48.60420227109755,0.9995896220207214,0.9999403953552246,0.01325414888560772,0.0013257861137390137,499379,0.005636911,0.002890494652092457,0.0028858904261142015,0.0028933503199368715
344268,dct_high_nontargeted_white_box_eps0.0627_iter3,0.5000000000000001,0.25000000000000006,0.9945259,53.25856085738926,0.9995170831680298,0.9999373555183411,0.03580891340970993,0.0027860403060913086,360761,0.0033437596,0.0018935116240754724,0.0017630815273150802,0.0017943002749234438
81594,dct_high_nontargeted_white_box_eps0.0627_iter9,0.3333333333333334,0.1666666666666667,0.9924298,47.1440676623655,0.9991133213043213,0.9998639225959778,0.02870934084057808,0.0020722150802612305,548708,0.0067208963,0.0036120808217674494,0.003588576102629304,0.003611613530665636
286503,dct_high_nontargeted_white_box_eps0.0627_iter2,0.3749999999999999,0.12987012987012989,0.9992199,54.87761437039035,0.9999110102653503,0.9999820590019226,0.002728172577917576,0.00034117698669433594,255503,0.002629346,0.0012988258386030793,0.0013006670633330941,0.0012948212679475546
562207,dct_high_nontargeted_white_box_eps0.0627_iter18,0.303030303030303,0.2803030303030302,0.9878008,44.44833360867926,0.9984294176101685,0.9997447729110718,0.06834414601325989,0.005286455154418945,592357,0.009082134,0.004733417648822069,0.004707719199359417,0.00471113808453083
182805,dct_high_nontargeted_white_box_eps0.0627_iter2,0.25000000000000006,0.06250000000000001,0.9982918,54.838134211465444,0.9998075366020203,0.9999734163284302,0.014408386312425137,0.0006631016731262207,233776,0.0025746603,0.0013139189686626196,0.0013067747931927443,0.0013056356692686677
539962,dct_high_nontargeted_white_box_eps0.0627_iter1,0.12657342657342657,0.11636363636363638,0.9994076,58.14159657088838,0.9999370574951172,0.9999886751174927,0.0018696195911616087,0.00017392635345458984,391005,0.0021324812,0.0012256158515810966,0.0012330022873356938,0.0012113359989598393
409198,dct_high_nontargeted_white_box_eps0.0627_iter3,0.3333333333333334,0.1666666666666667,0.9982701,53.15750985331014,0.9997702836990356,0.9999626874923706,0.005417224019765854,0.0004876852035522461,422053,0.0034499364,0.0019028105307370424,0.0019017040031030774,0.0019058514153584838
291619,dct_high_nontargeted_white_box_eps0.0627_iter3,0.42424242424242414,0.33333333333333326,0.9976425,52.909205775723144,0.9996644854545593,0.999931812286377,0.008444631472229958,0.0018208622932434082,419021,0.0035512405,0.0019619418308138847,0.0019577995408326387,0.0019499866757541895
330396,dct_high_nontargeted_white_box_eps0.0627_iter2,0.3545454545454546,0.26136363636363635,0.9980361,54.72145143553472,0.9997549057006836,0.999971866607666,0.03494808077812195,0.0011868476867675781,244291,0.0026545546,0.0013425125507637858,0.0013464472722262144,0.001345598022453487
275392,dct_high_nontargeted_white_box_eps0.0627_iter13,0.5000000000000001,0.25000000000000006,0.9934003,47.25051413192275,0.9991874694824219,0.9998154044151306,0.07870659232139587,0.007461369037628174,563029,0.0064811455,0.003471641568467021,0.003462747670710087,0.0033825398422777653
5529,dct_high_nontargeted_white_box_eps0.0627_iter7,0.5000000000000001,0.25000000000000006,0.99580383,48.53637814177045,0.9994075298309326,0.9999438524246216,0.01635568216443062,0.0012559890747070312,538247,0.0058313687,0.0030914030503481627,0.0031121508218348026,0.0031086800154298544
197658,dct_high_nontargeted_white_box_eps0.0627_iter5,0.5000000000000001,0.25000000000000006,0.9952248,49.849744778321,0.9993912577629089,0.9999016523361206,0.04204685986042023,0.003226637840270996,480226,0.0049448805,0.002704265294596553,0.0026853799354285,0.00269211083650589
388903,dct_high_nontargeted_white_box_eps0.0627_iter2,0.12878787878787878,0.10606060606060608,0.99849707,54.90252703789406,0.9998378753662109,0.9999802112579346,0.016837138682603836,0.0003590583801269531,232881,0.002545248,0.0012885010801255703,0.001291027874685824,0.0012916693231090903
573258,dct_high_nontargeted_white_box_eps0.0627_iter17,0.3333333333333334,0.1666666666666667,0.97897166,45.43190773537583,0.9973573088645935,0.9996311068534851,0.1781185269355774,0.01838672161102295,579665,0.008106941,0.004332537297159433,0.004326706286519766,0.0043279374949634075
107094,dct_high_nontargeted_white_box_eps0.0627_iter33,0.3333333333333334,0.055555555555555546,0.9744015,42.583199646690645,0.9965695142745972,0.9994386434555054,0.13047167658805847,0.018243610858917236,614299,0.011191305,0.005921912379562855,0.005905582569539547,0.005923871882259846
457559,dct_high_nontargeted_white_box_eps0.0627_iter1,0.37121212121212127,0.3322314049586777,0.9994239,58.077237613890475,0.9999352693557739,0.999991238117218,0.0014384854584932327,5.6684017181396484e-05,391254,0.0021592195,0.0012398295802995563,0.0012375934747979045,0.001247319276444614
142238,dct_high_nontargeted_white_box_eps0.0627_iter1,0.24494172494172492,0.2417355371900827,0.9997101,58.09019884301836,0.9999653100967407,0.9999939799308777,0.0008605176117271185,4.607439041137695e-05,406663,0.0021525458,0.0012398289982229471,0.0012428445043042302,0.0012309830635786057
416343,dct_high_nontargeted_white_box_eps0.0627_iter1,0.1515151515151515,0.10606060606060605,0.99912924,58.037431102672805,0.9998961687088013,0.9999844431877136,0.004299351945519447,0.0005248785018920898,390520,0.0021710338,0.0012517365394160151,0.0012538566952571273,0.0012534611159935594
5193,dct_high_nontargeted_white_box_eps0.0627_iter2,0.3030303030303031,0.2308080808080808,0.9981989,54.79674872196285,0.9997994303703308,0.9999716877937317,0.01424447726458311,0.0006375312805175781,235105,0.0025934149,0.0013227193849161267,0.0013221284607425332,0.0013204573187977076
479953,dct_high_nontargeted_white_box_eps0.0627_iter5,0.5000000000000001,0.25000000000000006,0.9961276,49.34983258186891,0.9994012713432312,0.9999111294746399,0.009002657607197762,0.0008254051208496094,504321,0.005341392,0.0028997790068387985,0.002889207098633051,0.0028831479139626026
409211,dct_high_nontargeted_white_box_eps0.0627_iter1,0.24681043071135952,0.2197912074572416,0.99903053,58.168057400243065,0.999894380569458,0.999990701675415,0.004806680139154196,0.0002593398094177246,382217,0.0021354405,0.0011526085436344147,0.0012443650048226118,0.001250704750418663
127530,dct_high_nontargeted_white_box_eps0.0627_iter10,0.3333333333333334,0.1666666666666667,0.98169976,47.872795466115235,0.9983221292495728,0.9998515844345093,0.14842118322849274,0.00563126802444458,502397,0.0060958853,0.0028979601338505745,0.003233104245737195,0.0032454458996653557
223182,dct_high_nontargeted_white_box_eps0.0627_iter6,0.1386363636363636,0.13333333333333336,0.9960928,49.956437807623935,0.9996361136436462,0.9999391436576843,0.014584874734282494,0.0005630254745483398,436281,0.0047619385,0.002420785604044795,0.002452071290463209,0.0024667810648679733
362716,dct_high_nontargeted_white_box_eps0.0627_iter6,0.3333333333333334,0.11111111111111109,0.9932216,49.75739059719856,0.9992398023605347,0.9998985528945923,0.05508625879883766,0.002463996410369873,437887,0.004855589,0.0025123360101133585,0.0025154147297143936,0.002512287115678191
321790,dct_high_nontargeted_white_box_eps0.0627_iter13,0.25000000000000006,0.0,0.98357695,46.5055916222644,0.9979225397109985,0.9997768998146057,0.15766417980194092,0.005702316761016846,557684,0.0071441485,0.003801823826506734,0.00383912050165236,0.0038529543671756983
463174,dct_high_nontargeted_white_box_eps0.0627_iter2,0.1666666666666667,0.11111111111111109,0.9981635,54.72446281486529,0.9997900724411011,0.999977171421051,0.006872321479022503,0.00021278858184814453,236124,0.0026368008,0.001331961015239358,0.00135598867200315,0.0013525510439649224
152686,dct_high_nontargeted_white_box_eps0.0627_iter8,0.2575757575757575,0.24242424242424246,0.9882254,48.73119821909754,0.9987692832946777,0.9998528361320496,0.0714356005191803,0.0023062825202941895,473592,0.0055049025,0.0026798148173838854,0.0028952888678759336,0.0028992032166570425
183391,dct_high_nontargeted_white_box_eps0.0627_iter32,0.10808080808080806,0.06349206349206349,0.9740947,42.27692716977369,0.9969462156295776,0.9996421337127686,0.09125160425901413,0.006111025810241699,613683,0.011614837,0.006088728550821543,0.006066863425076008,0.0061318338848650455
444142,dct_high_nontargeted_white_box_eps0.0627_iter23,0.3333333333333334,0.1666666666666667,0.9764595,44.15824928691401,0.9971701502799988,0.9996440410614014,0.09613321721553802,0.006814241409301758,596701,0.009366001,0.004995981231331825,0.004989895503968,0.005005823913961649
273760,dct_high_nontargeted_white_box_eps0.0627_iter21,0.5000000000000001,0.25000000000000006,0.9833432,42.66107865969825,0.9974693059921265,0.9995917677879333,0.03702458739280701,0.0023761987686157227,614052,0.011265537,0.0059756007976830006,0.0059478748589754105,0.005949458107352257
179642,dct_high_nontargeted_white_box_eps0.0627_iter1,0.190232683982684,0.18930785123966945,0.99927014,58.04801137799521,0.9999217391014099,0.9999893307685852,0.002713275607675314,0.00012814998626708984,388888,0.0021676791,0.0012481121812015772,0.0012516449205577374,0.0012501496821641922
382009,dct_high_nontargeted_white_box_eps0.0627_iter5,0.1666666666666667,0.11111111111111109,0.99387234,50.87504023903536,0.9993191957473755,0.9999201893806458,0.07248426973819733,0.0038422346115112305,446806,0.0043711667,0.0023685467895120382,0.0024052164517343044,0.0024061081930994987
75612,dct_high_nontargeted_white_box_eps0.0627_iter2,0.21736694677871146,0.2152810152810153,0.99798393,54.9014194067271,0.9997565150260925,0.9999581575393677,0.01146107167005539,0.0008376240730285645,233531,0.0025466634,0.0012905537150800228,0.001290930318646133,0.0012918839929625392
463918,dct_high_nontargeted_white_box_eps0.0627_iter1,0.18006993006993005,0.15909090909090912,0.9989725,58.04072293392483,0.9998739957809448,0.9999820590019226,0.006964780390262604,0.0008692145347595215,390737,0.0021695443,0.001252339337952435,0.0012523879995569587,0.001251487759873271
449579,dct_high_nontargeted_white_box_eps0.0627_iter42,0.5000000000000001,0.0,0.9397592,41.14498895622588,0.9918431043624878,0.9988062381744385,0.28133898973464966,0.02558690309524536,621540,0.0131878005,0.006922326050698757,0.0068308389745652676,0.0069869705475866795
527215,dct_high_nontargeted_white_box_eps0.0627_iter1,0.46590909090909094,0.3181818181818181,0.99910265,58.11766575762733,0.9998868703842163,0.9999875426292419,0.0019446315709501505,0.00013387203216552734,391211,0.0021484008,0.0012403996661305428,0.0012419059639796615,0.0012079246807843447
468965,dct_high_nontargeted_white_box_eps0.0627_iter2,0.27400932400932404,0.2644628099173553,0.99894285,54.712955703887395,0.999873161315918,0.999977707862854,0.0028762402944266796,0.00013870000839233398,254369,0.0026955595,0.001347735757008195,0.0013498488115146756,0.001346658100374043
216296,dct_high_nontargeted_white_box_eps0.0627_iter1,0.303030303030303,0.2803030303030302,0.99873036,58.04808479409523,0.9998435974121094,0.9999787211418152,0.00845602061599493,0.0002174973487854004,386888,0.0021674663,0.001249216846190393,0.0012494015973061323,0.001251218724064529
248616,dct_high_nontargeted_white_box_eps0.0627_iter1,0.1666666666666667,0.10606060606060608,0.99974245,58.09994326609897,0.9999696612358093,0.9999931454658508,0.0023388864938169718,5.6803226470947266e-05,416173,0.002152411,0.0012430420611053705,0.0012482934398576617,0.0012139894533902407
484978,dct_high_nontargeted_white_box_eps0.0627_iter4,0.14285714285714288,0.04761904761904761,0.99713963,51.79799868416233,0.9996995329856873,0.9999390840530396,0.01906532049179077,0.0014426112174987793,380391,0.003819539,0.001943159499205649,0.0019449121318757534,0.0019415729911997914
25394,dct_high_nontargeted_white_box_eps0.0627_iter1,0.17045454545454541,0.15227272727272725,0.9991357,58.04923130940044,0.9998953342437744,0.9999839067459106,0.003205876797437668,0.0005525350570678711,391635,0.002166688,0.0012503104517236352,0.0012504913611337543,0.0012480583973228931
550714,dct_high_nontargeted_white_box_eps0.0627_iter1,0.5000000000000001,0.16666666666666663,0.9993715,58.1424068709465,0.9999176859855652,0.9999847412109375,0.002012575278058648,0.0001308917999267578,394612,0.0021277189,0.0012231060536578298,0.0012235146714374423,0.001222653198055923
464476,dct_high_nontargeted_white_box_eps0.0627_iter5,0.3333333333333334,0.11111111111111109,0.99416596,50.97459508737694,0.9993376731872559,0.9999009370803833,0.11438502371311188,0.005141079425811768,452316,0.0043243254,0.0023686138447374105,0.002361645922064781,0.0023638431448489428
11149,dct_high_nontargeted_white_box_eps0.0627_iter1,0.13419913419913423,0.11111111111111109,0.99968386,58.05535547990718,0.9999615550041199,0.9999929070472717,0.0009051483357325196,5.829334259033203e-05,408248,0.0021650575,0.0012501126620918512,0.0012486465275287628,0.0012448012130334973
17207,dct_high_nontargeted_white_box_eps0.0627_iter1,0.12500000000000003,0.08333333333333331,0.999,58.05505017405732,0.9998881220817566,0.9999828934669495,0.008781880140304565,0.0003046393394470215,387556,0.0021658712,0.0012525271158665419,0.0012521528406068683,0.0012391569325700402
244833,dct_high_nontargeted_white_box_eps0.0627_iter1,0.20000000000000004,0.12500000000000003,0.9991729,58.08038285572689,0.999912440776825,0.9999905824661255,0.005566226318478584,0.00011807680130004883,381177,0.0021587987,0.0012372760102152824,0.0012510367669165134,0.0012337437365204096
8211,dct_high_nontargeted_white_box_eps0.0627_iter11,0.25000000000000006,0.21212121212121207,0.9940521,46.758785876491096,0.9992611408233643,0.9998739361763,0.019943907856941223,0.001707911491394043,559614,0.007033613,0.00375748029910028,0.003732972778379917,0.0037601327057927847
31817,dct_high_nontargeted_white_box_eps0.0627_iter7,0.26136363636363635,0.23863636363636362,0.9957032,49.53913085354549,0.9995114207267761,0.9999187588691711,0.01951199769973755,0.0015395879745483398,484346,0.0050684246,0.0027502633165568113,0.002758260816335678,0.0027494076639413834
363875,dct_high_nontargeted_white_box_eps0.0627_iter11,0.1666666666666667,0.11111111111111109,0.9905979,47.56409239294516,0.9989256858825684,0.9998254179954529,0.037974435836076736,0.002573847770690918,532069,0.00634314,0.0033948689233511686,0.0034244139678776264,0.003397578839212656
366884,dct_high_nontargeted_white_box_eps0.0627_iter1,0.12500000000000003,0.04166666666666666,0.9990499,58.036020283054754,0.9998845458030701,0.9999828338623047,0.0041545722633600235,0.0006213188171386719,396743,0.0021713192,0.0012534314300864935,0.0012534486595541239,0.001253381371498108
551794,dct_high_nontargeted_white_box_eps0.0627_iter6,0.3333333333333334,0.1666666666666667,0.9982615,49.493369559990924,0.9997115135192871,0.9999430179595947,0.005278955213725567,0.0010530948638916016,501503,0.0052054026,0.002611930947750807,0.002607282716780901,0.0026021981611847878
94326,dct_high_nontargeted_white_box_eps0.0627_iter1,0.5000000000000001,0.25000000000000006,0.9996991,58.05381262884531,0.999961256980896,0.9999926686286926,0.0007139075314626098,0.00010466575622558594,408498,0.0021661278,0.0012519554002210498,0.0012527150101959705,0.001240226672962308
306136,dct_high_nontargeted_white_box_eps0.0627_iter1,0.15584415584415587,0.0787878787878788,0.99883264,58.093448301196844,0.9998525977134705,0.9999791383743286,0.0066888039000332355,0.00036346912384033203,387911,0.0021499593,0.0012400257401168346,0.001238694996573031,0.0012321717804297805
88848,dct_high_nontargeted_white_box_eps0.0627_iter3,0.1750649350649351,0.17402597402597406,0.9990523,53.14973855342019,0.9998935461044312,0.9999599456787109,0.004193275235593319,0.00025141239166259766,440808,0.0034446437,0.0018869725754484534,0.001879305113106966,0.0018800863763317466
29397,dct_high_nontargeted_white_box_eps0.0627_iter8,0.25000000000000006,0.16666666666666663,0.9932399,48.268939080870396,0.9991502165794373,0.9998630285263062,0.017997566610574722,0.0020661354064941406,499829,0.0058283457,0.003023001365363598,0.0030199524480849504,0.003011581487953663
389684,dct_high_nontargeted_white_box_eps0.0627_iter6,0.25000000000000006,0.0,0.9941416,49.557063326095594,0.9993284940719604,0.9999009370803833,0.06794266402721405,0.002269566059112549,454554,0.005011175,0.0025891736149787903,0.002580666681751609,0.002589553827419877
252294,dct_high_nontargeted_white_box_eps0.0627_iter1,0.2323232323232323,0.18181818181818185,0.9992835,58.3185903117705,0.9999334812164307,0.9999885559082031,0.0022273182403296232,0.00016951560974121094,373373,0.0020665189,0.0011620356235653162,0.0011702246265485883,0.0011911462061107159
1353,dct_high_nontargeted_white_box_eps0.0627_iter1,0.24545454545454545,0.19913419913419914,0.99876577,58.096208477031404,0.9998507499694824,0.9999805688858032,0.007402557414025068,0.00046622753143310547,380923,0.0021549822,0.0012539834715425968,0.0012536556459963322,0.0012008933117613196
185472,dct_high_nontargeted_white_box_eps0.0627_iter5,0.125,0.1168831168831169,0.99833965,50.265238762735045,0.9997913837432861,0.999956488609314,0.007303265854716301,0.0004335641860961914,490120,0.004750662,0.0025564031675457954,0.0025569521822035313,0.002576392376795411
155341,dct_high_nontargeted_white_box_eps0.0627_iter2,0.18686868686868685,0.12011019283746556,0.99813056,54.694940182854864,0.9997726678848267,0.9999660849571228,0.01426403596997261,0.0005980730056762695,253252,0.002693996,0.0013593115145340562,0.0013523121597245336,0.0013510462595149875
492284,dct_high_nontargeted_white_box_eps0.0627_iter1,0.3333333333333334,0.1666666666666667,0.9996913,58.124378795209665,0.9999585151672363,0.9999895095825195,0.0011390853906050324,0.0002396106719970703,421519,0.0021331527,0.0012284625554457307,0.0012283182004466653,0.001227753353305161
365745,dct_high_nontargeted_white_box_eps0.0627_iter2,0.21212121212121207,0.18181818181818185,0.99862903,54.79608181107086,0.9998368620872498,0.9999669194221497,0.005971202161163092,0.00041484832763671875,268639,0.0026562435,0.0013275759993121028,0.0013321643928065896,0.0013390881940722466
172648,dct_high_nontargeted_white_box_eps0.0627_iter1,0.3333333333333334,0.28282828282828276,0.99954915,58.05890926555274,0.9999462962150574,0.9999889731407166,0.0021371960174292326,0.00011742115020751953,409294,0.0021639504,0.0012499872827902436,0.0012500984594225883,0.0012404199223965406
399764,dct_high_nontargeted_white_box_eps0.0627_iter4,0.5000000000000001,0.25000000000000006,0.99618787,51.65741293949068,0.9995619058609009,0.999938428401947,0.028367139399051666,0.0009241104125976562,364098,0.0038626273,0.001987476833164692,0.0019869066309183836,0.0019840989261865616
151938,dct_high_nontargeted_white_box_eps0.0627_iter1,0.14242424242424245,0.13257575757575754,0.99877554,58.268598033874966,0.9998698234558105,0.9999814629554749,0.011988755315542221,0.0004050135612487793,364003,0.0020890962,0.0012175356969237328,0.001214260351844132,0.0011324103688821197
411953,dct_high_nontargeted_white_box_eps0.0627_iter6,0.13636363636363638,0.0,0.9909517,50.42864499766124,0.9989830851554871,0.9998651742935181,0.04216131567955017,0.002998828887939453,407904,0.004516704,0.002389046596363187,0.0022158881183713675,0.0022660873364657164
580197,dct_high_nontargeted_white_box_eps0.0627_iter1,0.38181818181818183,0.3212121212121212,0.9989486,58.03471178122944,0.9998687505722046,0.9999807476997375,0.005456569604575634,0.0007348060607910156,395248,0.0021717716,0.001253921422176063,0.0012537818402051926,0.0012537168804556131
320743,dct_high_nontargeted_white_box_eps0.0627_iter4,0.19480519480519484,0.13920719803072742,0.9977887,51.81272915666587,0.9997501373291016,0.9999542832374573,0.007296398282051086,0.0007115006446838379,374198,0.0038349286,0.001934247207827866,0.0019431053660809994,0.0019502771319821477
453001,dct_high_nontargeted_white_box_eps0.0627_iter20,0.25000000000000006,0.18181818181818185,0.98789567,44.04893503939353,0.9985401630401611,0.9997327923774719,0.04968162626028061,0.005298614501953125,597885,0.009525709,0.0049455175176262856,0.004923045635223389,0.004989949055016041
521259,dct_high_nontargeted_white_box_eps0.0627_iter2,0.11439393939393941,0.10475206611570248,0.9988653,55.02336793035286,0.9998680949211121,0.9999784827232361,0.0038054040633141994,0.0002606511116027832,239401,0.0025175903,0.0012574925785884261,0.0012600698973983526,0.0012556503061205149
AVERAGE,summary,52.7029,0.9993,0.9998,0.0359,0.003,427208.0477,0.0044,0.0024,0.0024,0.0024
