image_id,variant,map_original,map_adversarial,SSIM,PSNR,MS-SSIM,FSIM,LPIPS,DISTS,L0,L2
252219,dct_high_nontargeted_white_box_eps0.0627_iter5,0.25000000000000006,0.12500000000000003,0.9941375,47.69879003344925,0.9994447231292725,0.9998031854629517,0.01952287182211876,0.0009692907333374023,355921,0.006616237,0.003406164702028036,0.0035961780231446028,0.003640914335846901
87038,dct_high_nontargeted_white_box_eps0.0627_iter1,0.17272727272727273,0.14462809917355374,0.99915224,58.03794427046697,0.9998735189437866,0.9999690055847168,0.007929624989628792,0.00023043155670166016,288216,0.0021703788,0.001252910471521318,0.001252874848432839,0.0012528185034170747
174482,dct_high_nontargeted_white_box_eps0.0627_iter2,0.5454545454545455,0.44090909090909103,0.9985116,52.994874067785496,0.9997886419296265,0.9999428987503052,0.003997557796537876,0.0001659989356994629,248279,0.0037613374,0.0020184379536658525,0.002004177076742053,0.001981837209314108
480985,dct_high_nontargeted_white_box_eps0.0627_iter1,0.2897727272727273,0.19805194805194806,0.99959594,58.276639584833624,0.9999599456787109,0.9999807476997375,0.001977084670215845,0.0001558065414428711,277368,0.0020753562,0.001184382475912571,0.0011855732882395387,0.001187642919830978
296649,dct_high_nontargeted_white_box_eps0.0627_iter1,0.37645687645687653,0.27083333333333337,0.99955606,58.07462345873183,0.9999443292617798,0.9999812841415405,0.0019047482637688518,4.279613494873047e-05,284981,0.0021575885,0.0012427360052242875,0.0012423994485288858,0.0012418641708791256
386912,dct_high_nontargeted_white_box_eps0.0627_iter2,0.11111111111111113,0.10000000000000002,0.9987335,53.4016502423645,0.9998480081558228,0.9999322295188904,0.004324440844357014,0.00034809112548828125,217919,0.0034920974,0.001824956969358027,0.0018230447312816978,0.0018204766092821956
348881,dct_high_nontargeted_white_box_eps0.0627_iter1,0.2575757575757576,0.07792207792207793,0.9992864,58.19205394370133,0.9999065399169922,0.9999678730964661,0.0032418060582131147,0.00017690658569335938,281563,0.0021090466,0.001212557079270482,0.0012071785749867558,0.0012078166473656893
522713,dct_high_nontargeted_white_box_eps0.0627_iter1,0.19886363636363638,0.1575757575757576,0.99915427,58.03765767601112,0.9998745918273926,0.9999749064445496,0.0034185280092060566,0.00011426210403442383,305744,0.0021708705,0.001253508497029543,0.0012535384157672524,0.0012517988216131926
181666,dct_high_nontargeted_white_box_eps0.0627_iter1,0.24090909090909096,0.18939393939393942,0.9991658,58.15518511003564,0.9998788833618164,0.99997878074646,0.004293165635317564,0.00016546249389648438,281080,0.0021266467,0.001221411512233317,0.00121891510207206,0.001218150369822979
17627,dct_high_nontargeted_white_box_eps0.0627_iter1,0.5454545454545455,0.4028925619834711,0.999165,58.04943998573065,0.9998740553855896,0.9999752640724182,0.003851983230561018,0.0008928179740905762,294764,0.0021670302,0.0012456764234229922,0.0012517417781054974,0.0012512613320723176
143931,dct_high_nontargeted_white_box_eps0.0627_iter1,0.5000000000000001,0.20000000000000004,0.99929285,58.051486867977275,0.9999021887779236,0.9999640583992004,0.0027983018662780523,0.00012993812561035156,272766,0.002165934,0.0012472872622311115,0.0012499666772782803,0.001249660737812519
303818,dct_high_nontargeted_white_box_eps0.0627_iter1,0.3757575757575758,0.3376623376623377,0.9996651,58.042741271372336,0.9999383687973022,0.9999806880950928,0.0007342047174461186,3.0338764190673828e-05,300328,0.002169242,0.0012506470084190369,0.00125169288367033,0.0012521151220425963
463730,dct_high_nontargeted_white_box_eps0.0627_iter1,0.21605667060212516,0.2051948051948052,0.9993682,58.04978682055853,0.9999090433120728,0.9999784231185913,0.0023937993682920933,0.0001327991485595703,291401,0.0021672682,0.0012507985811680555,0.0012489833170548081,0.001248593209311366
460347,dct_high_nontargeted_white_box_eps0.0627_iter3,0.6666666666666669,0.5000000000000001,0.99600744,50.17999313436205,0.9993113279342651,0.9998464584350586,0.009274430572986603,0.0010554790496826172,313594,0.005203475,0.0028999773785471916,0.002700535347685218,0.0029486992862075567
322864,dct_high_nontargeted_white_box_eps0.0627_iter1,0.6022727272727272,0.5443722943722945,0.9991736,58.04864112821306,0.9999052882194519,0.9999699592590332,0.0038939560763537884,0.00027251243591308594,272338,0.002167853,0.0012530424864962697,0.001253266353160143,0.0012430549832060933
308394,dct_high_nontargeted_white_box_eps0.0627_iter11,0.12500000000000003,0.11111111111111113,0.97806054,44.65221889561395,0.99782794713974,0.9992630481719971,0.11369036138057709,0.006599903106689453,369562,0.008926668,0.004813103936612606,0.004665620159357786,0.004709936678409576
456496,dct_high_nontargeted_white_box_eps0.0627_iter2,0.20000000000000004,0.14285714285714288,0.9987266,53.27124201755882,0.9998177289962769,0.9999430775642395,0.004300396889448166,0.0005096793174743652,230918,0.0036086508,0.0018505677580833435,0.0019572500605136156,0.001828218111768365
184321,dct_high_nontargeted_white_box_eps0.0627_iter1,1.0000000000000002,0.5000000000000001,0.99926686,58.03698519798523,0.9998852014541626,0.999972403049469,0.002672453410923481,0.00014466047286987305,289973,0.00217113,0.001252397894859314,0.0012537430739030242,0.0012533008120954037
565778,dct_high_nontargeted_white_box_eps0.0627_iter1,0.5151515151515152,0.4242424242424243,0.9997713,58.068073218725175,0.9999677538871765,0.9999881982803345,0.0004979235236532986,6.812810897827148e-05,286216,0.002159639,0.0012423120206221938,0.0012448069173842669,0.0012455102987587452
418281,dct_high_nontargeted_white_box_eps0.0627_iter1,0.27272727272727276,0.18181818181818185,0.99959064,58.03880910056715,0.9999329447746277,0.9999830722808838,0.0010122002568095922,6.270408630371094e-05,302054,0.0021705863,0.0012527134967967868,0.0012534752022475004,0.001251665991730988
25560,dct_high_nontargeted_white_box_eps0.0627_iter1,0.12500000000000003,0.11111111111111113,0.99900335,58.03816842618983,0.999874472618103,0.9999635219573975,0.005182038526982069,0.0001767873764038086,269787,0.002170769,0.0012536660069599748,0.0012531360844150186,0.0012516219867393374
85329,dct_high_nontargeted_white_box_eps0.0627_iter5,0.5000000000000001,0.0,0.99072903,49.188908333890836,0.9988068342208862,0.9992939233779907,0.16952404379844666,0.028584718704223633,329703,0.005423138,0.002939332742244005,0.002911499235779047,0.0029275768902152777
329323,dct_high_nontargeted_white_box_eps0.0627_iter1,0.21289821289821284,0.11545454545454545,0.9993794,58.04605381902884,0.999931812286377,0.9999743700027466,0.002633600262925029,0.00011479854583740234,270229,0.0021679527,0.0012508108047768474,0.0012498279102146626,0.0012509480584412813
239274,dct_high_nontargeted_white_box_eps0.0627_iter1,0.6396103896103897,0.6282467532467534,0.9995539,58.054085686313414,0.999930739402771,0.9999808073043823,0.0016564135439693928,7.593631744384766e-05,314831,0.0021659222,0.0012448510387912393,0.0012478255666792393,0.0012519839219748974
511321,dct_high_nontargeted_white_box_eps0.0627_iter1,0.6363636363636364,0.18181818181818185,0.99936014,58.04785796332908,0.9999129176139832,0.9999752044677734,0.00285028456710279,0.00016701221466064453,296086,0.0021674356,0.0012497793650254607,0.0012497918214648962,0.0012504628393799067
233771,dct_high_nontargeted_white_box_eps0.0627_iter1,0.21988636363636369,0.16201298701298705,0.9992778,58.37116435430964,0.9999431371688843,0.9999758005142212,0.0036043908912688494,0.0005372762680053711,250160,0.0020298448,0.0011603353777900338,0.0011604484170675278,0.0011602160520851612
301867,dct_high_nontargeted_white_box_eps0.0627_iter2,0.27272727272727276,0.1666666666666667,0.99874306,53.5478629681214,0.999844491481781,0.9999384880065918,0.006037942133843899,0.00023937225341796875,215987,0.0034033442,0.001766605768352747,0.0017637014389038086,0.0017593491356819868
185250,dct_high_nontargeted_white_box_eps0.0627_iter4,0.20000000000000004,0.1666666666666667,0.99836135,48.02521483701152,0.9997172355651855,0.9998535513877869,0.011604526080191135,0.0007106661796569824,382292,0.0065634423,0.0035290285013616085,0.0035521730314940214,0.0034344210289418697
356427,dct_high_nontargeted_white_box_eps0.0627_iter1,0.23636363636363641,0.1666666666666667,0.9996953,58.05593858207689,0.9999563694000244,0.9999809861183167,0.0009518928127363324,9.691715240478516e-05,297700,0.0021652428,0.0012486003106459975,0.0012508773943409324,0.0012435897951945662
360661,dct_high_nontargeted_white_box_eps0.0627_iter2,0.3030303030303031,0.2272727272727273,0.9969055,53.08684296746847,0.9995271563529968,0.9999021887779236,0.028663719072937965,0.0015197992324829102,239034,0.003700697,0.001955158542841673,0.0019659558311104774,0.0019554775208234787
266409,dct_high_nontargeted_white_box_eps0.0627_iter3,0.25000000000000006,0.20000000000000004,0.99535197,51.44983307330328,0.9993106126785278,0.9998796582221985,0.027989918366074562,0.0016602277755737305,284795,0.004352458,0.0022970554418861866,0.002400982193648815,0.0024065282195806503
430961,dct_high_nontargeted_white_box_eps0.0627_iter10,0.1090909090909091,0.05454545454545455,0.98460704,45.983732282112186,0.9980966448783875,0.9994494915008545,0.16835010051727295,0.0075286030769348145,365455,0.0077021807,0.003983073402196169,0.0038947544526308775,0.004058984108269215
80671,dct_high_nontargeted_white_box_eps0.0627_iter2,0.3333333333333334,0.25000000000000006,0.9969113,54.03968377870899,0.9995631575584412,0.9998779296875,0.02626631036400795,0.001033186912536621,194482,0.003104457,0.0015688322018831968,0.0015742970863357186,0.001575592439621687
476258,dct_high_nontargeted_white_box_eps0.0627_iter4,0.3333333333333334,0.25000000000000006,0.994747,49.82715607396291,0.9992924928665161,0.999837338924408,0.03779514878988266,0.0018345117568969727,316934,0.0051055932,0.002632911317050457,0.0025979343336075544,0.0026653578970581293
448365,dct_high_nontargeted_white_box_eps0.0627_iter1,0.25000000000000006,0.20000000000000004,0.99919176,58.04807875130818,0.9998918771743774,0.9999719262123108,0.0036450959742069244,0.00012230873107910156,281581,0.0021676153,0.0012506727362051606,0.0012521184980869293,0.0012470356887206435
35197,dct_high_nontargeted_white_box_eps0.0627_iter1,0.3333333333333334,0.25000000000000006,0.9990304,58.07354347295145,0.9998769760131836,0.9999663829803467,0.0069273957051336765,0.00037938356399536133,271306,0.0021549503,0.0012425837339833379,0.0012426725588738918,0.0012426418252289295
349860,dct_high_nontargeted_white_box_eps0.0627_iter1,0.3333333333333334,0.14285714285714288,0.99865943,58.038730438713785,0.9998132586479187,0.9999477863311768,0.011864903382956982,0.0002853274345397949,279021,0.0021706442,0.0012513190740719438,0.0012535126879811287,0.0012530679814517498
180135,dct_high_nontargeted_white_box_eps0.0627_iter3,0.3333333333333334,0.25000000000000006,0.98941207,52.65251460834791,0.9993108510971069,0.9998104572296143,0.06677671521902084,0.001858532428741455,134100,0.003465317,0.0018395319348201156,0.0018397800158709288,0.0018465545726940036
486438,dct_high_nontargeted_white_box_eps0.0627_iter1,0.3333333333333334,0.1666666666666667,0.99895984,58.039007474661524,0.9998695850372314,0.9999588131904602,0.007893593981862068,0.0006859302520751953,266834,0.00217062,0.0012537335278466344,0.0012538307346403599,0.001250134315341711
370677,dct_high_nontargeted_white_box_eps0.0627_iter14,0.20000000000000004,0.1666666666666667,0.9774277,40.749315104472615,0.9974437952041626,0.9991479516029358,0.06564369797706604,0.005418181419372559,397560,0.014235896,0.0075556207448244095,0.007495451718568802,0.007539934944361448
502737,dct_high_nontargeted_white_box_eps0.0627_iter1,0.16969696969696965,0.09090909090909093,0.99899787,58.06247906086899,0.9998688697814941,0.9999626278877258,0.0068350923247635365,0.0008225440979003906,265367,0.0021639622,0.0012531423708423972,0.0012496173148974776,0.0012346856528893113
515579,dct_high_nontargeted_white_box_eps0.0627_iter2,0.10606060606060608,0.0909090909090909,0.99846464,53.600328985307854,0.9998242855072021,0.9999425411224365,0.013820555061101913,0.0008709430694580078,202985,0.0033711398,0.0017406080150976777,0.0017909002490341663,0.0016985638067126274
515445,dct_high_nontargeted_white_box_eps0.0627_iter2,0.20454545454545459,0.19090909090909094,0.9975738,53.48153125574042,0.9996320605278015,0.9999250769615173,0.012754494324326515,0.0006060004234313965,242053,0.0034860766,0.0017908052541315556,0.0017852536402642727,0.001790984533727169
438862,dct_high_nontargeted_white_box_eps0.0627_iter1,0.16363636363636366,0.13636363636363638,0.99967986,58.05264986182827,0.9999508261680603,0.9999817609786987,0.0006432623486034572,0.00013464689254760742,291789,0.0021663392,0.0012502269819378853,0.001251108362339437,0.001244575483724475
180560,dct_high_nontargeted_white_box_eps0.0627_iter4,0.5000000000000001,0.16666666666666663,0.99413794,50.033048006162105,0.9992355108261108,0.9998008608818054,0.05131817236542702,0.002057790756225586,304520,0.0049313437,0.0025573705788701773,0.002549900906160474,0.002528686774894595
321214,dct_high_nontargeted_white_box_eps0.0627_iter1,0.20000000000000004,0.1666666666666667,0.9989052,58.03682679767671,0.9998569488525391,0.9999639987945557,0.007010329980403185,0.00018274784088134766,266339,0.0021711832,0.0012536245631054044,0.0012533643748611212,0.001252601738087833
474028,dct_high_nontargeted_white_box_eps0.0627_iter2,0.27272727272727276,0.20454545454545459,0.9990821,53.08596629650096,0.9998547434806824,0.999944269657135,0.0020581786520779133,0.00018727779388427734,246020,0.0037154825,0.0019511324353516102,0.001965874806046486,0.00196132087148726
355257,dct_high_nontargeted_white_box_eps0.0627_iter1,0.14285714285714288,0.0,0.9991707,58.09344944514714,0.9998955726623535,0.9999692440032959,0.004409371875226498,0.00023055076599121094,268417,0.0021507149,0.001240601995959878,0.0012404306326061487,0.0012298256624490023
142092,dct_high_nontargeted_white_box_eps0.0627_iter1,0.3333333333333334,0.0,0.99939984,58.03670459642981,0.9999281764030457,0.9999768733978271,0.0031975440215319395,0.0003688335418701172,275558,0.0021711038,0.0012536393478512764,0.001253350405022502,0.0012526944046840072
63154,dct_high_nontargeted_white_box_eps0.0627_iter1,0.11111111111111109,0.0,0.9993353,58.03503655370514,0.9998995065689087,0.9999840259552002,0.002145530190318823,0.00014150142669677734,299831,0.0021716382,0.0012536144349724054,0.0012537186266854405,0.0012537668226286769
199551,dct_high_nontargeted_white_box_eps0.0627_iter1,0.3333333333333334,0.0,0.99918157,58.039176066417596,0.9999003410339355,0.9999719262123108,0.005916311405599117,0.00023287534713745117,266189,0.0021705618,0.0012528304941952229,0.0012533721746876836,0.0012513385154306889
514508,dct_high_nontargeted_white_box_eps0.0627_iter1,0.3333333333333334,0.1666666666666667,0.9994381,58.036296892652814,0.999941349029541,0.9999775290489197,0.0015983269549906254,0.00013256072998046875,269977,0.0021713641,0.0012522556353360415,0.001253776834346354,0.0012539930175989866
473237,dct_high_nontargeted_white_box_eps0.0627_iter1,0.3333333333333334,0.14285714285714288,0.9989124,58.040115074777205,0.9998652935028076,0.9999602437019348,0.009859178215265274,0.00032842159271240234,265870,0.0021702554,0.0012535154819488525,0.0012536029098555446,0.001249618479050696
78915,dct_high_nontargeted_white_box_eps0.0627_iter2,0.12987012987012989,0.11363636363636366,0.998851,53.30096072143601,0.9997849464416504,0.9999434947967529,0.0028765308670699596,0.00016301870346069336,235504,0.0035716922,0.0018757876241579652,0.001856473507359624,0.0018625594675540924
551215,dct_high_nontargeted_white_box_eps0.0627_iter4,0.25000000000000006,0.1666666666666667,0.99685436,48.79388052160899,0.9994134902954102,0.9998146891593933,0.00927058607339859,0.0012581348419189453,359329,0.0059324913,0.0030989849474281073,0.0030966836493462324,0.0030977812130004168
544519,dct_high_nontargeted_white_box_eps0.0627_iter2,0.5000000000000001,0.3333333333333334,0.99764305,54.07795474799773,0.9997090101242065,0.9999127984046936,0.0238896906375885,0.0008375048637390137,190020,0.0030726448,0.0015592797426506877,0.0015599270118400455,0.0015602112980559468
96493,dct_high_nontargeted_white_box_eps0.0627_iter2,0.20000000000000004,0.0,0.9983823,53.692585578752755,0.9997735023498535,0.999915361404419,0.0066780028864741325,0.00032532215118408203,208952,0.0033225503,0.0017064614221453667,0.0017093649366870522,0.0017009511357173324
23899,dct_high_nontargeted_white_box_eps0.0627_iter1,0.10909090909090909,0.0202020202020202,0.9988129,58.04042204675894,0.9998511672019958,0.9999556541442871,0.013150805607438087,0.0002658963203430176,267221,0.0021698796,0.0012524010380730033,0.0012519730953499675,0.001252101850695908
57597,dct_high_nontargeted_white_box_eps0.0627_iter1,0.13392857142857145,0.11825017088174983,0.99932414,58.041931696887374,0.9998981952667236,0.9999766945838928,0.0015829551266506314,5.3048133850097656e-05,294919,0.00216943,0.0012519708834588528,0.0012521700700744987,0.0012510356027632952
434230,dct_high_nontargeted_white_box_eps0.0627_iter2,0.1090909090909091,0.07792207792207793,0.99938804,53.14557356965739,0.9999284744262695,0.99996417760849,0.0016174234915524721,0.0001474618911743164,238255,0.0036661562,0.0019344366155564785,0.0019480419578030705,0.001919058384373784
428454,dct_high_nontargeted_white_box_eps0.0627_iter13,0.1666666666666667,0.14285714285714288,0.9764126,41.44013931071499,0.9963139891624451,0.9993205070495605,0.15990133583545685,0.01963043212890625,399591,0.01336696,0.007129164412617683,0.006952173076570034,0.007129862438887358
399462,dct_high_nontargeted_white_box_eps0.0627_iter2,0.3333333333333334,0.25000000000000006,0.99910897,53.23074746005198,0.9998840093612671,0.9999626874923706,0.0023446748964488506,0.00011223554611206055,233105,0.0036095283,0.0019071124261245131,0.0018977412255480886,0.0018804691499099135
261061,dct_high_nontargeted_white_box_eps0.0627_iter3,0.25000000000000006,0.20000000000000004,0.9969497,51.07508770083469,0.9995858073234558,0.9998898506164551,0.011024285107851028,0.00048530101776123047,280003,0.004553372,0.002469629980623722,0.0024868024047464132,0.002514476887881756
168330,dct_high_nontargeted_white_box_eps0.0627_iter1,0.25000000000000006,0.18181818181818185,0.999229,58.0366150907853,0.9998679161071777,0.9999677538871765,0.002149134874343872,0.00023758411407470703,294247,0.0021712438,0.0012531947577372193,0.0012528991792351007,0.0012536824215203524
524456,dct_high_nontargeted_white_box_eps0.0627_iter1,0.11111111111111113,0.060606060606060615,0.99947983,58.056739504248895,0.9999300837516785,0.9999725222587585,0.0018632265273481607,6.651878356933594e-05,277006,0.0021641608,0.0012506874045357108,0.0012462119339033961,0.0012454716488718987
326541,dct_high_nontargeted_white_box_eps0.0627_iter1,0.15454545454545457,0.13636363636363638,0.99913734,58.116527860513116,0.9998937845230103,0.9999658465385437,0.005392187274992466,0.00015616416931152344,269972,0.0021427404,0.0012389502953737974,0.001226611784659326,0.0012256379704922438
213086,dct_high_nontargeted_white_box_eps0.0627_iter2,0.11111111111111113,0.0,0.99783534,53.57397107984896,0.9997386932373047,0.99992436170578,0.015310831367969513,0.0007554292678833008,209412,0.003374267,0.0017560274573042989,0.0017507484881207347,0.0017471625469624996
231339,dct_high_nontargeted_white_box_eps0.0627_iter7,0.1666666666666667,0.14285714285714288,0.9888153,45.90089646179258,0.9984983205795288,0.9995275735855103,0.05273635685443878,0.0027066469192504883,372074,0.007997462,0.004301463719457388,0.004279686138033867,0.004325480200350285
508730,dct_high_nontargeted_white_box_eps0.0627_iter1,0.31818181818181823,0.2545454545454546,0.99942446,58.04441907850261,0.9999147653579712,0.999967634677887,0.0016230950132012367,0.0001577138900756836,274874,0.002169065,0.0012519881129264832,0.001252680434845388,0.0012483252212405205
368294,dct_high_nontargeted_white_box_eps0.0627_iter1,0.3333333333333334,0.20000000000000004,0.9993616,58.1644942330664,0.999932050704956,0.9999756217002869,0.002204416785389185,7.522106170654297e-05,268644,0.0021225312,0.0012224678648635745,0.001217037788592279,0.0012111704563722014
301135,dct_high_nontargeted_white_box_eps0.0627_iter1,0.3141233766233767,0.3136363636363637,0.99977326,58.1812083858417,0.9999648928642273,0.999986469745636,0.00038880668580532074,5.7756900787353516e-05,292996,0.0021254136,0.001211482915095985,0.001231309142895043,0.0011938478564843535
580294,dct_high_nontargeted_white_box_eps0.0627_iter1,0.12500000000000003,0.11111111111111113,0.9992993,58.04369294977623,0.9999068975448608,0.9999706149101257,0.0030038252007216215,0.00011903047561645508,277994,0.0021691585,0.0012516098795458674,0.0012516732094809413,0.0012503351317718625
33638,dct_high_nontargeted_white_box_eps0.0627_iter1,0.14285714285714288,0.12500000000000003,0.9989837,58.145688622423506,0.9998694658279419,0.9999662637710571,0.005138031207025051,0.00032138824462890625,274450,0.002141612,0.0012537670554593205,0.001253847498446703,0.0011589028872549534
356387,dct_high_nontargeted_white_box_eps0.0627_iter1,0.1748286435786436,0.12214452214452215,0.9995629,58.07732532606352,0.9999377131462097,0.9999811053276062,0.003264070488512516,0.0001195669174194336,291022,0.0021591485,0.0012343311682343483,0.0012396721867844462,0.0012506752973422408
367680,dct_high_nontargeted_white_box_eps0.0627_iter1,0.7075324675324677,0.48553719008264473,0.9993832,58.04066287997611,0.9999121427536011,0.9999797344207764,0.003828690852969885,0.00030744075775146484,290473,0.002169794,0.0012522086035460234,0.0012522083707153797,0.001251822686754167
379453,dct_high_nontargeted_white_box_eps0.0627_iter4,1.0000000000000002,0.0,0.9916692,50.72513412564939,0.9988228678703308,0.9994481801986694,0.11635111272335052,0.004009723663330078,280695,0.0044861194,0.0022962300572544336,0.0022813857067376375,0.002297259634360671
278848,dct_high_nontargeted_white_box_eps0.0627_iter1,0.5000000000000001,0.25000000000000006,0.9992473,58.17109977695526,0.9999114871025085,0.999968409538269,0.0047880979254841805,0.00017625093460083008,269755,0.00211612,0.0012151723494753242,0.0012149398680776358,0.0012150101829320192
166391,dct_high_nontargeted_white_box_eps0.0627_iter1,0.46477272727272734,0.3712752525252525,0.99874306,58.03426250032583,0.999814510345459,0.9999590516090393,0.006704238243401051,0.0004609823226928711,286159,0.002171928,0.0012538140872493386,0.0012539768358692527,0.0012540033785626292
48153,dct_high_nontargeted_white_box_eps0.0627_iter1,0.5000000000000001,0.3333333333333334,0.9997007,58.08434568786492,0.9999601244926453,0.9999793171882629,0.0008959112456068397,5.412101745605469e-05,274416,0.0021572807,0.0012227785773575306,0.0012487741187214851,0.0012471163645386696
459153,dct_high_nontargeted_white_box_eps0.0627_iter1,0.14285714285714288,0.06250000000000001,0.9998893,58.07542335813633,0.9999827146530151,0.9999874830245972,0.0002768062986433506,5.227327346801758e-05,297488,0.0021579543,0.0012419531121850014,0.001244723447598517,0.0012396370293572545
295713,dct_high_nontargeted_white_box_eps0.0627_iter1,0.10389610389610392,0.06772727272727272,0.99943185,58.0412578670365,0.999926745891571,0.9999744296073914,0.0018710936419665813,8.279085159301758e-05,278890,0.0021695844,0.0012523317709565163,0.0012521510943770409,0.0012512505054473877
273132,dct_high_nontargeted_white_box_eps0.0627_iter1,0.25000000000000006,0.1666666666666667,0.9992574,58.0340865538321,0.9999098181724548,0.9999696612358093,0.004104025661945343,0.0005409717559814453,273002,0.0021719804,0.0012539789313450456,0.0012540045427158475,0.0012539615854620934
87875,dct_high_nontargeted_white_box_eps0.0627_iter3,1.0000000000000002,0.5000000000000001,0.99812204,50.874970242728025,0.9997636675834656,0.9999030828475952,0.007852263748645782,0.0006362199783325195,282974,0.0046906527,0.002573668025434017,0.0025783455930650234,0.0025481004267930984
458109,dct_high_nontargeted_white_box_eps0.0627_iter2,0.5000000000000001,0.25000000000000006,0.9987988,53.695140064399425,0.9998592138290405,0.9999436140060425,0.005203927401453257,0.0010485649108886719,209908,0.003330572,0.0016715325182303786,0.0017310685943812132,0.0017098094103857875
30675,dct_high_nontargeted_white_box_eps0.0627_iter5,1.0000000000000002,0.5000000000000001,0.9943077,48.07821276573455,0.9991550445556641,0.9998358488082886,0.04333122447133064,0.0015701055526733398,353137,0.006307994,0.0033778268843889236,0.0034052773844450712,0.003395725740119815
566524,dct_high_nontargeted_white_box_eps0.0627_iter1,0.8090909090909093,0.8030303030303032,0.9993699,58.040617289542034,0.9999066591262817,0.9999841451644897,0.0023851050063967705,0.00015091896057128906,304223,0.0021699434,0.0012526412028819323,0.0012524027843028307,0.0012512446846812963
338428,dct_high_nontargeted_white_box_eps0.0627_iter2,0.31818181818181823,0.21212121212121215,0.99894387,53.329130084806664,0.9998890161514282,0.9999440312385559,0.0028948993422091007,0.00014162063598632812,226179,0.003546093,0.0018674415769055486,0.0018659462220966816,0.0018393322825431824
476415,dct_high_nontargeted_white_box_eps0.0627_iter1,0.3333333333333334,0.25000000000000006,0.9984093,58.37937457909638,0.9998338222503662,0.9999547600746155,0.012883367016911507,0.00036716461181640625,228858,0.0020333724,0.0011640130542218685,0.001159330946393311,0.0011510865297168493
292082,dct_high_nontargeted_white_box_eps0.0627_iter2,0.1666666666666667,0.03896103896103897,0.99819183,53.82948799347865,0.9997720718383789,0.9999180436134338,0.009768690913915634,0.00046694278717041016,206270,0.0032428075,0.0016556673217564821,0.001650872640311718,0.001646219054237008
360137,dct_high_nontargeted_white_box_eps0.0627_iter1,0.14285714285714288,0.0,0.99922913,58.350705263460156,0.9998998641967773,0.9999759197235107,0.0017529709730297327,0.00025665760040283203,261487,0.002079737,0.0010433354182168841,0.0012310657184571028,0.0012230542488396168
122046,dct_high_nontargeted_white_box_eps0.0627_iter3,0.25000000000000006,0.20000000000000004,0.9963258,50.94443564641077,0.9994828104972839,0.9998577237129211,0.013187735341489315,0.0007110834121704102,272768,0.0046173027,0.0025422724429517984,0.002534187166020274,0.0025464382488280535
352684,dct_high_nontargeted_white_box_eps0.0627_iter1,0.3333333333333334,0.25000000000000006,0.9989355,58.03504994788577,0.9998492002487183,0.9999574422836304,0.004509913735091686,0.00027573108673095703,278902,0.002171686,0.001253402791917324,0.001253863680176437,0.00125385751016438
512836,dct_high_nontargeted_white_box_eps0.0627_iter1,0.2575757575757576,0.1666666666666667,0.99927926,58.033979342977,0.9998964667320251,0.9999698996543884,0.0028747390024363995,0.0001246333122253418,288903,0.002172009,0.0012540112948045135,0.0012540094321593642,0.0012540093157440424
8021,dct_high_nontargeted_white_box_eps0.0627_iter2,0.25000000000000006,0.20000000000000004,0.9972567,53.70104689937351,0.9995812177658081,0.9998857378959656,0.01085160207003355,0.000840306282043457,210076,0.003329045,0.0017172028310596943,0.001716157770715654,0.0016797821735963225
107226,dct_high_nontargeted_white_box_eps0.0627_iter1,0.19262101534828813,0.05539772727272727,0.9992731,58.08285302788051,0.9999022483825684,0.9999719262123108,0.0046699149534106255,0.00015044212341308594,274511,0.0021586085,0.001253775553777814,0.0012538820737972856,0.0012122823391109705
84477,dct_high_nontargeted_white_box_eps0.0627_iter1,0.20000000000000004,0.1666666666666667,0.99903935,58.08330214546355,0.9998676180839539,0.9999660849571228,0.004999401047825813,0.00010138750076293945,275270,0.0021583925,0.0012125108623877168,0.001253331545740366,0.0012537078000605106
562243,dct_high_nontargeted_white_box_eps0.0627_iter10,0.3333333333333334,0.20000000000000004,0.9796069,45.35536804672978,0.9973230361938477,0.9991161227226257,0.14619573950767517,0.012575626373291016,367334,0.008230728,0.004313531331717968,0.004185655619949102,0.0043558767065405846
177015,dct_high_nontargeted_white_box_eps0.0627_iter2,0.14285714285714288,0.12500000000000003,0.99888116,53.441391562415184,0.999813437461853,0.9999161958694458,0.003920028451830149,0.0003910064697265625,221887,0.003479088,0.0018097434658557177,0.001805861247703433,0.0018022427102550864
292236,dct_high_nontargeted_white_box_eps0.0627_iter1,0.20000000000000004,0.14285714285714288,0.9992402,58.05685167831739,0.9999067783355713,0.9999704360961914,0.003447827883064747,0.00020122528076171875,268779,0.002164886,0.0012473785318434238,0.0012447894550859928,0.00125012022908777
121506,dct_high_nontargeted_white_box_eps0.0627_iter1,0.12500000000000003,0.09090909090909093,0.9989936,58.330183338282836,0.9999231100082397,0.9999710917472839,0.0035609551705420017,0.00036275386810302734,239445,0.002051634,0.0011732138227671385,0.0011692274129018188,0.0011715753935277462
288042,dct_high_nontargeted_white_box_eps0.0627_iter1,0.1666666666666667,0.12500000000000003,0.9994035,58.070347676045,0.9999093413352966,0.9999748468399048,0.002540040295571089,0.00024133920669555664,296376,0.0021600588,0.0012454441748559475,0.0012494113761931658,0.0012358120875433087
334719,dct_high_nontargeted_white_box_eps0.0627_iter1,0.20454545454545459,0.16363636363636366,0.99951464,58.03491728523213,0.9999216794967651,0.9999802112579346,0.0011607118649408221,0.00010156631469726562,296273,0.0021717155,0.0012537820730358362,0.0012538168812170625,0.0012536224676296115
283520,dct_high_nontargeted_white_box_eps0.0627_iter8,0.3333333333333334,0.25000000000000006,0.99498135,43.49603368602693,0.9990715980529785,0.9996654987335205,0.012175969779491425,0.003113389015197754,397179,0.010879019,0.00570747209712863,0.005920854397118092,0.005659012123942375
319721,dct_high_nontargeted_white_box_eps0.0627_iter2,0.3333333333333334,0.21212121212121215,0.9982941,53.35638707373406,0.9997770190238953,0.9999253749847412,0.006874457933008671,0.0009189844131469727,227405,0.0035305908,0.001849211286753416,0.0018525607883930206,0.0018233999144285917
347265,dct_high_nontargeted_white_box_eps0.0627_iter4,0.3333333333333334,0.25000000000000006,0.99680996,48.64722770410555,0.9994831085205078,0.9998812675476074,0.012781972996890545,0.0010730624198913574,364798,0.0060829762,0.0031971801072359085,0.0032028567511588335,0.003214083844795823
414170,dct_high_nontargeted_white_box_eps0.0627_iter8,0.20000000000000004,0.1666666666666667,0.9916098,43.65860417871198,0.9987629652023315,0.9995315670967102,0.02812626212835312,0.0034174323081970215,397142,0.010657748,0.005663855001330376,0.005782570224255323,0.005468057934194803
231508,dct_high_nontargeted_white_box_eps0.0627_iter1,0.10374726283817193,0.09071103188750247,0.99968344,58.05046364291766,0.9999521970748901,0.9999852180480957,0.0006831967039033771,4.0531158447265625e-05,294724,0.0021671867,0.0012519888114184141,0.0012519677402451634,0.0012438450939953327
118921,dct_high_nontargeted_white_box_eps0.0627_iter1,0.3333333333333334,0.25000000000000006,0.9991872,58.04894219615442,0.9998898506164551,0.9999803900718689,0.005039169453084469,0.00045359134674072266,279543,0.002167172,0.0012522345641627908,0.0012502718018367887,0.0012465670006349683
785,dct_high_nontargeted_white_box_eps0.0627_iter3,0.3333333333333334,0.25000000000000006,0.9953968,51.46151010139653,0.9993304014205933,0.9998202323913574,0.025946464389562607,0.0013242363929748535,283154,0.0043225046,0.002377160592004657,0.002352535491809249,0.002358077559620142
261982,dct_high_nontargeted_white_box_eps0.0627_iter2,0.5000000000000001,0.4602272727272727,0.99825925,53.710293075630034,0.9997752904891968,0.9999236464500427,0.007959321141242981,0.0008727312088012695,207389,0.0033141845,0.001684045884758234,0.0017083087004721165,0.0017116066301241517
99242,dct_high_nontargeted_white_box_eps0.0627_iter5,0.3333333333333334,0.25000000000000006,0.9867518,47.90103827685674,0.9978125095367432,0.9995027184486389,0.06535901129245758,0.006588935852050781,358415,0.0064621735,0.003495256882160902,0.0034691954497247934,0.003481479361653328
314709,dct_high_nontargeted_white_box_eps0.0627_iter8,0.3333333333333334,0.25000000000000006,0.9820235,45.30388416350458,0.9972343444824219,0.9994192123413086,0.08873925358057022,0.005272626876831055,379677,0.008565781,0.00441321125254035,0.004493216052651405,0.00453568622469902
541055,dct_high_nontargeted_white_box_eps0.0627_iter3,0.20000000000000004,0.16363636363636366,0.99651194,50.265350501195186,0.9994937181472778,0.9998691082000732,0.012350697070360184,0.0009752511978149414,296072,0.0051186443,0.00284686335362494,0.002828838536515832,0.0027327225543558598
409475,dct_high_nontargeted_white_box_eps0.0627_iter4,0.5000000000000001,0.25000000000000006,0.99434996,49.94325066242173,0.9992823600769043,0.9997872114181519,0.03416285663843155,0.0022362470626831055,310263,0.0050104503,0.0025824240874499083,0.0025830925442278385,0.0025933622382581234
464786,dct_high_nontargeted_white_box_eps0.0627_iter1,0.1666666666666667,0.0,0.9989899,58.03894085052788,0.9998876452445984,0.9999665021896362,0.010601634159684181,0.0005173683166503906,263036,0.0021706442,0.0012540110619738698,0.0012540004681795835,0.0012497234856709838
363207,dct_high_nontargeted_white_box_eps0.0627_iter1,0.10227272727272729,0.09848484848484851,0.99927044,58.039236691444096,0.9998948574066162,0.9999691843986511,0.0040879026055336,0.0003222823143005371,282788,0.0021703066,0.0012522839242592454,0.0012525755446404219,0.0012526357313618064
372577,dct_high_nontargeted_white_box_eps0.0627_iter10,0.3333333333333334,0.25000000000000006,0.9809013,43.49859567684461,0.996882438659668,0.9992920756340027,0.07996559143066406,0.010211825370788574,388208,0.010460733,0.00543274637311697,0.005436901468783617,0.005617162678390741
212166,dct_high_nontargeted_white_box_eps0.0627_iter1,0.5000000000000001,0.1666666666666667,0.999069,58.09730853356711,0.9998804926872253,0.9999610781669617,0.0047802007757127285,0.0002586841583251953,265295,0.0021483588,0.0012307334691286087,0.0012365197762846947,0.001240326790139079
294831,dct_high_nontargeted_white_box_eps0.0627_iter1,0.11111111111111113,0.0,0.9990278,58.03466034776604,0.9998743534088135,0.9999681115150452,0.006496758200228214,0.0009591579437255859,268593,0.002171821,0.001253913389518857,0.0012538607697933912,0.0012536811409518123
323355,dct_high_nontargeted_white_box_eps0.0627_iter1,0.20000000000000004,0.09090909090909093,0.999286,58.04536122384849,0.9999103546142578,0.9999730587005615,0.003057959256693721,7.152557373046875e-05,270114,0.002168684,0.0012474727118387818,0.0012533195549622178,0.0012514054542407393
555412,dct_high_nontargeted_white_box_eps0.0627_iter1,0.3333333333333334,0.0,0.99938494,58.08846534873751,0.99992835521698,0.999977171421051,0.0025399397127330303,9.769201278686523e-05,264359,0.0021570446,0.0012430885108187795,0.0012535202549770474,0.001218532444909215
9483,dct_high_nontargeted_white_box_eps0.0627_iter1,0.11111111111111113,0.10000000000000002,0.99924946,58.035397553714965,0.9998928904533386,0.9999604225158691,0.0028941314667463303,0.0004388093948364258,277815,0.002171599,0.0012533589033409953,0.0012537501752376556,0.0012537010479718447
398237,dct_high_nontargeted_white_box_eps0.0627_iter1,0.31818181818181823,0.20000000000000004,0.99984694,58.044023725999864,0.9999713897705078,0.9999848008155823,0.0004142947727814317,5.728006362915039e-05,306245,0.0021691131,0.0012486552586778998,0.001252633286640048,0.0012520807795226574
239537,dct_high_nontargeted_white_box_eps0.0627_iter15,0.20000000000000004,0.1666666666666667,0.9754837,39.25380854100998,0.9946374893188477,0.9985136389732361,0.038661062717437744,0.004599571228027344,405398,0.017443754,0.009200108237564564,0.00948749203234911,0.009117025882005692
281414,dct_high_nontargeted_white_box_eps0.0627_iter1,0.20000000000000004,0.10000000000000002,0.99953145,58.04706834933093,0.9999407529830933,0.9999771118164062,0.0014664374757558107,0.00012350082397460938,276621,0.0021680791,0.001250048284418881,0.0012525502825155854,0.0012481273151934147
537991,dct_high_nontargeted_white_box_eps0.0627_iter1,0.11111111111111113,0.09090909090909093,0.99932355,58.04136892562632,0.9999091029167175,0.999971330165863,0.002397657837718725,0.0003459453582763672,277031,0.002169474,0.0012518443400040269,0.0012520457385107875,0.001251762849278748
321333,dct_high_nontargeted_white_box_eps0.0627_iter2,0.25000000000000006,0.05454545454545455,0.9982424,53.78452477692654,0.9997836947441101,0.9999299645423889,0.009664228186011314,0.0003955960273742676,197909,0.0032444329,0.0016651275800541043,0.001677881577052176,0.0016612098552286625
108026,dct_high_nontargeted_white_box_eps0.0627_iter1,0.20000000000000004,0.07142857142857144,0.9983365,58.72896726254541,0.9998834133148193,0.9999604225158691,0.00768884364515543,0.0005205869674682617,207903,0.0019295643,0.0011198974680155516,0.001059771399013698,0.0010260565904900432
243204,dct_high_nontargeted_white_box_eps0.0627_iter1,0.20000000000000004,0.07142857142857144,0.9991891,58.035052102260224,0.9998871684074402,0.9999567270278931,0.003357206704095006,0.00029349327087402344,273279,0.0021717104,0.0012532913824543357,0.0012539756717160344,0.0012538438895717263
38829,dct_high_nontargeted_white_box_eps0.0627_iter1,0.7045454545454547,0.3181818181818182,0.99942017,58.17239364983561,0.9999384880065918,0.9999786019325256,0.0015046278713271022,0.00015175342559814453,268115,0.0021250197,0.0012117716250941157,0.0012273842003196478,0.001204889384098351
555050,dct_high_nontargeted_white_box_eps0.0627_iter1,0.2727272727272728,0.20757575757575758,0.9994745,58.06073159683297,0.9999297857284546,0.999981164932251,0.0013903792714700103,0.00018072128295898438,284318,0.0021632009,0.0012490005465224385,0.0012457588454708457,0.0012441851431503892
187243,dct_high_nontargeted_white_box_eps0.0627_iter4,0.12500000000000003,0.05000000000000001,0.99539924,49.42550577594577,0.9993688464164734,0.9997550249099731,0.03443744778633118,0.0027828216552734375,337259,0.005310904,0.00277514336630702,0.002779291942715645,0.0027758311480283737
534827,dct_high_nontargeted_white_box_eps0.0627_iter1,0.36363636363636365,0.34090909090909094,0.9992559,58.578368699830406,0.9999299049377441,0.999968945980072,0.0052291518077254295,0.00020039081573486328,286740,0.001963743,0.0011072226334363222,0.0011035227216780186,0.0011080728145316243
190756,dct_high_nontargeted_white_box_eps0.0627_iter1,1.0000000000000002,0.6666666666666669,0.9986747,58.04157653380726,0.99983811378479,0.9999385476112366,0.021237671375274658,0.0009078383445739746,269931,0.0021697488,0.0012494565453380346,0.0012532675173133612,0.001252711983397603
300659,dct_high_nontargeted_white_box_eps0.0627_iter1,0.40909090909090917,0.27272727272727276,0.9987922,58.03476233885143,0.9998292326927185,0.999960720539093,0.005824422463774681,0.0003266334533691406,277466,0.0021717765,0.0012539391173049808,0.0012539001181721687,0.0012534924317151308
199977,dct_high_nontargeted_white_box_eps0.0627_iter7,1.0000000000000002,0.0,0.9830065,47.29474886988946,0.9974250197410583,0.9989715814590454,0.16277030110359192,0.014051437377929688,356357,0.0067158123,0.003614863147959113,0.003598818788304925,0.003555615432560444
442480,dct_high_nontargeted_white_box_eps0.0627_iter1,0.1666666666666667,0.0,0.9991749,58.049762315645374,0.9998637437820435,0.9999669194221497,0.002590656280517578,0.00018519163131713867,284739,0.0021670896,0.0012471290538087487,0.0012500624870881438,0.0012512154644355178
384350,dct_high_nontargeted_white_box_eps0.0627_iter1,0.5454545454545455,0.27272727272727276,0.99895406,58.04930522485811,0.9998608827590942,0.9999562501907349,0.005440429784357548,0.00025200843811035156,271418,0.0021661888,0.0012502857716754079,0.0012492588721215725,0.0012492281384766102
383621,dct_high_nontargeted_white_box_eps0.0627_iter1,1.0000000000000002,0.5000000000000001,0.9984777,58.03440763614161,0.9997875690460205,0.9999241232872009,0.01943637803196907,0.0012565851211547852,273440,0.0021718473,0.0012538856826722622,0.0012538390001282096,0.0012539075687527657
189828,dct_high_nontargeted_white_box_eps0.0627_iter1,1.0000000000000002,0.5000000000000001,0.9987488,58.04119320920803,0.9998307228088379,0.9999492168426514,0.01581416465342045,0.0008901357650756836,270124,0.0021699036,0.001251322333700955,0.001251178327947855,0.0012532570399343967
412894,dct_high_nontargeted_white_box_eps0.0627_iter1,0.33442697653223974,0.32381118881118887,0.9993828,58.119575030445134,0.9999250173568726,0.9999738931655884,0.002103786915540695,0.0001550912857055664,282930,0.002141579,0.0012271081795915961,0.0012360932305455208,0.0012254196917638183
537153,dct_high_nontargeted_white_box_eps0.0627_iter1,0.18181818181818185,0.09090909090909093,0.9992158,58.0393789689818,0.9998843669891357,0.9999805688858032,0.0019284570589661598,8.857250213623047e-05,318224,0.0021704289,0.0012532096588984132,0.0012533211847767234,0.001250831177458167
361103,dct_high_nontargeted_white_box_eps0.0627_iter2,0.22222222222222227,0.1797077922077922,0.9986133,53.58651653698488,0.9998469352722168,0.9999390840530396,0.004685932770371437,0.00048351287841796875,220308,0.0033925727,0.0017475265776738524,0.0017486498691141605,0.0017550630727782845
392722,dct_high_nontargeted_white_box_eps0.0627_iter1,0.46464646464646475,0.4621212121212122,0.99941254,58.039772681264274,0.9999082088470459,0.9999815225601196,0.001855604350566864,0.00016546249389648438,315091,0.0021700207,0.001252299640327692,0.0012524896301329136,0.0012522272299975157
338560,dct_high_nontargeted_white_box_eps0.0627_iter2,0.5454545454545456,0.5000000000000001,0.99822336,53.30176122120783,0.9997321963310242,0.9999275803565979,0.005447607021778822,0.00019508600234985352,235243,0.0035763478,0.001849493128247559,0.001849392312578857,0.0018943563336506486
264535,dct_high_nontargeted_white_box_eps0.0627_iter1,0.25000000000000006,0.20000000000000004,0.9997239,58.16558258665863,0.9999720454216003,0.999984085559845,0.0010439542820677161,0.00012344121932983398,283564,0.0021251976,0.0012115722056478262,0.001210745656862855,0.0012274370528757572
458755,dct_high_nontargeted_white_box_eps0.0627_iter3,0.18181818181818185,0.0909090909090909,0.99829865,50.3197015813662,0.9997771978378296,0.9999074935913086,0.010174309834837914,0.0006920695304870605,289991,0.00507257,0.002794020576402545,0.0027896857354789972,0.0027811622712761164
130599,dct_high_nontargeted_white_box_eps0.0627_iter1,0.25000000000000006,0.20000000000000004,0.99950194,58.0380314674962,0.999933123588562,0.999981164932251,0.002179224044084549,6.151199340820312e-05,287739,0.0021707432,0.0012525958009064198,0.0012532062828540802,0.0012527182698249817
456559,dct_high_nontargeted_white_box_eps0.0627_iter1,0.5000000000000001,0.25000000000000006,0.99878216,58.03401917191568,0.9998412132263184,0.9999575018882751,0.010041723027825356,0.0003019571304321289,277049,0.0021719937,0.0012539969757199287,0.0012539864983409643,0.0012539916206151247
101068,dct_high_nontargeted_white_box_eps0.0627_iter2,0.3333333333333334,0.25000000000000006,0.99860024,53.89035243641742,0.9998034238815308,0.9999358057975769,0.0077798874117434025,0.0004030466079711914,209539,0.0032106393,0.0016243276186287403,0.0016262675635516644,0.0016331984661519527
140640,dct_high_nontargeted_white_box_eps0.0627_iter2,0.12500000000000003,0.10000000000000002,0.99803466,53.618100845575725,0.9997569918632507,0.9999188780784607,0.011804657056927681,0.00035065412521362305,211179,0.003352248,0.0017344863153994083,0.001739004859700799,0.001727872178889811
516708,dct_high_nontargeted_white_box_eps0.0627_iter1,1.0000000000000002,0.5000000000000001,0.999263,58.14819368175875,0.9999074339866638,0.9999701976776123,0.002818475477397442,0.0003160834312438965,276849,0.002136155,0.0012426928151398897,0.0012048641219735146,0.0012168227694928646
544605,dct_high_nontargeted_white_box_eps0.0627_iter1,1.0000000000000002,0.5000000000000001,0.9997874,58.04376726415734,0.9999648928642273,0.9999865293502808,0.0007008156389929354,0.00014913082122802734,310911,0.002168729,0.0012513441033661366,0.0012515336275100708,0.001250700675882399
385190,dct_high_nontargeted_white_box_eps0.0627_iter1,0.13636363636363635,0.07954545454545456,0.9995108,58.05741406776595,0.9999346733093262,0.9999788403511047,0.0034965057857334614,9.179115295410156e-05,289470,0.0021636519,0.0012467774795368314,0.001248104963451624,0.0012468989007174969
338986,dct_high_nontargeted_white_box_eps0.0627_iter1,0.5000000000000001,0.34090909090909094,0.99910146,58.0454835649291,0.9998599886894226,0.9999723434448242,0.0041270870715379715,9.381771087646484e-05,291696,0.0021686067,0.0012479245197027922,0.0012523592449724674,0.0012518195435404778
53994,dct_high_nontargeted_white_box_eps0.0627_iter2,0.12121212121212122,0.0,0.9985319,53.17886678251973,0.9997946619987488,0.9999372363090515,0.005043033044785261,0.0002321004867553711,242812,0.0036374386,0.0019129045540466905,0.0019217180088162422,0.0019195430213585496
79837,dct_high_nontargeted_white_box_eps0.0627_iter1,0.4675324675324676,0.20454545454545456,0.9988351,58.04080815569428,0.999817967414856,0.9999586343765259,0.007758084684610367,0.000964820384979248,291243,0.0021696782,0.0012519722804427147,0.0012517535360530019,0.0012524150079116225
21903,dct_high_nontargeted_white_box_eps0.0627_iter1,0.3333333333333334,0.25000000000000006,0.99966747,58.120678122571114,0.999954104423523,0.9999845027923584,0.0012653038138523698,8.463859558105469e-05,286978,0.002146354,0.0012490169610828161,0.001223670900799334,0.0012150026159361005
337055,dct_high_nontargeted_white_box_eps0.0627_iter1,0.25000000000000006,0.20000000000000004,0.9996324,58.03709628454317,0.999945878982544,0.9999772906303406,0.0013350372901186347,0.00017714500427246094,287300,0.002171025,0.0012529433006420732,0.0012533051194623113,0.0012531097745522857
34139,dct_high_nontargeted_white_box_eps0.0627_iter2,0.20000000000000004,0.1666666666666667,0.99861,53.43233866647207,0.9998441934585571,0.9999332427978516,0.005587163381278515,0.0006275177001953125,218046,0.0034718683,0.0018097091233357787,0.0018085509072989225,0.0018131174147129059
83113,dct_high_nontargeted_white_box_eps0.0627_iter1,0.27272727272727276,0.0,0.99956673,58.041065272813064,0.9999381899833679,0.9999825954437256,0.002421328332275152,0.00045490264892578125,287723,0.0021697618,0.0012524238554760814,0.0012523261830210686,0.00125114934053272
121031,dct_high_nontargeted_white_box_eps0.0627_iter4,0.3333333333333334,0.25000000000000006,0.99891376,47.93104187104731,0.9997882843017578,0.9998905062675476,0.002772010862827301,0.0005533099174499512,388635,0.006719336,0.003566593863070011,0.0036172152031213045,0.003548980690538883
453708,dct_high_nontargeted_white_box_eps0.0627_iter1,0.20454545454545459,0.14318181818181822,0.99917126,58.106275246694224,0.9998964071273804,0.9999747276306152,0.005865485407412052,0.000620722770690918,271670,0.0021443618,0.001230723806656897,0.0012335953069850802,0.0012356239603832364
261116,dct_high_nontargeted_white_box_eps0.0627_iter2,0.11111111111111113,0.08484848484848483,0.9981789,53.61749026714165,0.9997813701629639,0.9999293088912964,0.01001393236219883,0.0003383159637451172,207044,0.0033394424,0.0017383715603500605,0.0017404952086508274,0.0017265704227611423
273715,dct_high_nontargeted_white_box_eps0.0627_iter5,0.25000000000000006,0.17045454545454547,0.9900858,48.28599132861038,0.9989844560623169,0.9996916055679321,0.04670891910791397,0.0009557008743286133,334291,0.006074169,0.0032490084413439035,0.0032617042306810617,0.0032926795538514853
475064,dct_high_nontargeted_white_box_eps0.0627_iter1,0.21212121212121215,0.10606060606060608,0.99929625,58.12187885814586,0.9999220371246338,0.9999776482582092,0.003094480372965336,0.00010609626770019531,269235,0.002142178,0.0012357854284346104,0.0012382854474708438,0.001212583389133215
466567,dct_high_nontargeted_white_box_eps0.0627_iter2,1.0000000000000002,0.0,0.9994695,53.46833422354578,0.9999264478683472,0.9999620914459229,0.0015175085281953216,0.00013691186904907227,228271,0.0034803646,0.0017837262712419033,0.0018048436613753438,0.0018007898470386863
226903,dct_high_nontargeted_white_box_eps0.0627_iter1,0.1666666666666667,0.07142857142857144,0.9993103,58.185377118831454,0.9999131560325623,0.9999746084213257,0.004029993899166584,0.00040149688720703125,282055,0.0021137549,0.0012167857494205236,0.0012080726446583867,0.0012082902248948812
162092,dct_high_nontargeted_white_box_eps0.0627_iter1,0.1744244391971665,0.12319559228650138,0.9990812,58.12082778413074,0.9998778700828552,0.999961793422699,0.0052824174053967,0.0005542635917663574,265254,0.002143641,0.001240899902768433,0.0012311969185248017,0.0012154722353443503
551439,dct_high_nontargeted_white_box_eps0.0627_iter4,0.1666666666666667,0.0,0.9941399,49.54034017516289,0.9994277954101562,0.9997962117195129,0.0330745205283165,0.0021103620529174805,311537,0.0052427757,0.002750791609287262,0.002730204723775387,0.002733855741098523
554735,dct_high_nontargeted_white_box_eps0.0627_iter6,0.3333333333333334,0.0,0.9900529,47.56566372365383,0.9987682700157166,0.999669075012207,0.09190766513347626,0.003508925437927246,342145,0.0064906133,0.00338667631149292,0.0033641851041465998,0.003426124108955264
386352,dct_high_nontargeted_white_box_eps0.0627_iter1,0.17878787878787883,0.16767676767676767,0.99926996,58.0473333086487,0.9999185800552368,0.9999749064445496,0.004493424668908119,8.165836334228516e-05,265929,0.0021681744,0.0012460992438718677,0.0012519960291683674,0.0012523903278633952
311394,dct_high_nontargeted_white_box_eps0.0627_iter2,0.6666666666666669,0.4000000000000001,0.99820024,53.69427076633555,0.9997486472129822,0.9999057054519653,0.009122002869844437,0.0004611015319824219,206394,0.0033018938,0.001703151036053896,0.0017036044737324119,0.0017034091288223863
578489,dct_high_nontargeted_white_box_eps0.0627_iter1,0.1666666666666667,0.16098484848484854,0.99919206,58.07759490078762,0.999904990196228,0.999965488910675,0.003836006158962846,0.00036895275115966797,268945,0.002158391,0.001244831713847816,0.0012503399048000574,0.0012292832834646106
491366,dct_high_nontargeted_white_box_eps0.0627_iter1,0.11111111111111113,0.0771349862258953,0.9990261,58.05150536725543,0.9998771548271179,0.9999657273292542,0.005323827266693115,0.0003249645233154297,272052,0.002166384,0.0012501463061198592,0.0012477569980546832,0.0012490060180425644
221291,dct_high_nontargeted_white_box_eps0.0627_iter3,0.3333333333333334,0.20000000000000004,0.99450105,51.44964325836278,0.9991685748100281,0.9997710585594177,0.09585755318403244,0.003470897674560547,287744,0.004338598,0.0023450497537851334,0.002347834873944521,0.002409899141639471
199310,dct_high_nontargeted_white_box_eps0.0627_iter1,0.3333333333333334,0.25000000000000006,0.9996283,58.16219632238956,0.9999498724937439,0.9999839067459106,0.001198274432681501,6.41942024230957e-05,283377,0.0021342498,0.0012095673009753227,0.001244065468199551,0.0011989707127213478
151000,dct_high_nontargeted_white_box_eps0.0627_iter1,0.10227272727272729,0.06818181818181819,0.9991891,58.06844843287482,0.9999045133590698,0.9999715089797974,0.0034437282010912895,0.000141143798828125,275780,0.0021602295,0.0012450001668184996,0.0012444923631846905,0.0012427978217601776
100624,dct_high_nontargeted_white_box_eps0.0627_iter2,0.14285714285714288,0.12500000000000003,0.9975465,53.929015890332124,0.999720573425293,0.9999254941940308,0.01314790640026331,0.0007318258285522461,191486,0.0031730512,0.0016406247159466147,0.0016206735745072365,0.0015999397728592157
332570,dct_high_nontargeted_white_box_eps0.0627_iter2,0.3333333333333334,0.0,0.9982569,54.4493558308934,0.9998189806938171,0.9999181032180786,0.014360956847667694,0.0005868673324584961,216678,0.002866348,0.001474845688790083,0.0014668789226561785,0.0014866878045722842
117645,dct_high_nontargeted_white_box_eps0.0627_iter1,0.5000000000000001,0.3333333333333334,0.9986146,58.033980947268404,0.9997997283935547,0.9999486207962036,0.010030128993093967,0.0005421638488769531,276480,0.002172005,0.0012539977906271815,0.0012540071038529277,0.001254006288945675
202228,dct_high_nontargeted_white_box_eps0.0627_iter2,0.3333333333333334,0.20000000000000004,0.9970021,54.200707441710875,0.9995956420898438,0.9998642802238464,0.01874537020921707,0.0011700987815856934,186138,0.003006044,0.0015162058407440782,0.0015117386355996132,0.0015218403423205018
403565,dct_high_nontargeted_white_box_eps0.0627_iter7,0.5000000000000001,0.4000000000000001,0.9903992,44.15510886443116,0.9983921051025391,0.9997026920318604,0.02964278683066368,0.0021524429321289062,395982,0.010191205,0.005317947827279568,0.005462205037474632,0.005584554746747017
441586,dct_high_nontargeted_white_box_eps0.0627_iter1,0.2337662337662338,0.22745825602968464,0.9993027,58.05751957429571,0.9999121427536011,0.9999741315841675,0.0026648379862308502,0.00014019012451171875,279728,0.002164934,0.0012394505320116878,0.0012501610908657312,0.0012520678574219346
530099,dct_high_nontargeted_white_box_eps0.0627_iter1,0.3333333333333334,0.0,0.9986611,58.059632531527264,0.9998195171356201,0.9999392032623291,0.021788442507386208,0.00041043758392333984,268766,0.0021617673,0.001245855470187962,0.001247199485078454,0.0012468434870243073
97679,dct_high_nontargeted_white_box_eps0.0627_iter1,0.5151515151515152,0.3333333333333334,0.9991558,58.0346741292638,0.9998879432678223,0.9999728202819824,0.007056769914925098,0.00021666288375854492,280949,0.0021717828,0.0012538426090031862,0.001253845519386232,0.0012537380680441856
485802,dct_high_nontargeted_white_box_eps0.0627_iter4,1.0000000000000002,0.5000000000000001,0.99092764,50.28256104773685,0.9986906051635742,0.9997348785400391,0.1149631142616272,0.008983254432678223,310922,0.0048461254,0.0021762463729828596,0.002549215452745557,0.0026494625490158796
99054,dct_high_nontargeted_white_box_eps0.0627_iter2,0.7272727272727275,0.6969696969696969,0.99792194,53.68316571918178,0.9997197985649109,0.9999346137046814,0.019179239869117737,0.0011636018753051758,216075,0.0033324368,0.0017122849822044373,0.0017060915706679225,0.0017044368432834744
570539,dct_high_nontargeted_white_box_eps0.0627_iter1,0.4343434343434344,0.05454545454545455,0.9992757,58.09436628696582,0.9999189376831055,0.9999752640724182,0.002590196905657649,0.0001773238182067871,266883,0.00215488,0.0012499182485044003,0.0012399597326293588,0.0012202085927128792
158548,dct_high_nontargeted_white_box_eps0.0627_iter2,0.21212121212121215,0.12121212121212122,0.99863595,52.97453649014756,0.9997531175613403,0.999940037727356,0.002815892919898033,0.00019109249114990234,274262,0.0037931981,0.0020162402652204037,0.002000635489821434,0.002013580175116658
176606,dct_high_nontargeted_white_box_eps0.0627_iter4,0.4000000000000001,0.10000000000000002,0.99739903,48.234413966240275,0.999603271484375,0.999851405620575,0.010339194908738136,0.00093841552734375,373614,0.006394692,0.0034130665007978678,0.0033600267488509417,0.003410251112654805
559956,dct_high_nontargeted_white_box_eps0.0627_iter2,0.14285714285714288,0.12500000000000003,0.99864215,53.3613299186823,0.9998224973678589,0.9999340772628784,0.007075582630932331,0.00017309188842773438,219458,0.0035129285,0.0018397833919152617,0.0018374149221926928,0.0018395190127193928
11197,dct_high_nontargeted_white_box_eps0.0627_iter2,0.3863636363636364,0.36742424242424243,0.9981416,53.47987284413855,0.9997401237487793,0.9999191164970398,0.010851018130779266,0.000499725341796875,227075,0.003454731,0.0018001572461798787,0.0017865943955257535,0.0017822064692154527
483667,dct_high_nontargeted_white_box_eps0.0627_iter1,0.25000000000000006,0.14285714285714288,0.99896455,58.03712914220408,0.9998604655265808,0.9999561905860901,0.0054126642644405365,0.0007519125938415527,269678,0.0021709674,0.0012532764812931418,0.0012534069828689098,0.0012526372447609901
448810,dct_high_nontargeted_white_box_eps0.0627_iter2,1.0000000000000002,0.5000000000000001,0.9983611,53.94208486863364,0.9998027682304382,0.9999403953552246,0.006266490556299686,0.0007092952728271484,200339,0.0031752116,0.001598477945663035,0.0016115921316668391,0.0016186413122341037
375278,dct_high_nontargeted_white_box_eps0.0627_iter1,0.21428571428571436,0.055555555555555566,0.9992725,58.07632367428649,0.9999122619628906,0.9999730587005615,0.0043195197358727455,0.00017130374908447266,270159,0.0021597028,0.0012300617527216673,0.0012496853014454246,0.0012457870179787278
465675,dct_high_nontargeted_white_box_eps0.0627_iter1,0.27272727272727276,0.13636363636363638,0.9992335,58.11561286642905,0.9998958110809326,0.9999691843986511,0.011461291462182999,0.00029200315475463867,287572,0.0021386377,0.0012307977303862572,0.001230711699463427,0.0012304575648158789
21167,dct_high_nontargeted_white_box_eps0.0627_iter1,0.20000000000000004,0.14285714285714288,0.9986761,58.03408185894586,0.9998275637626648,0.9999470710754395,0.01200198195874691,0.0009074211120605469,267290,0.0021719811,0.0012539918534457684,0.0012539788149297237,0.0012539911549538374
148730,dct_high_nontargeted_white_box_eps0.0627_iter1,0.27272727272727276,0.0,0.9990335,58.03404253926856,0.9998645782470703,0.9999641180038452,0.005451352335512638,0.00018155574798583984,275866,0.002171991,0.001253923517651856,0.0012540145544335246,0.0012540161842480302
384468,dct_high_nontargeted_white_box_eps0.0627_iter1,0.3454545454545455,0.13636363636363638,0.9996443,58.201609185127424,0.9999555349349976,0.9999788999557495,0.0018521609017625451,0.00036537647247314453,286587,0.0021057976,0.001206654473207891,0.001206536777317524,0.0012064098846167326
253742,dct_high_nontargeted_white_box_eps0.0627_iter1,0.17575757575757578,0.14814814814814817,0.99975157,58.06922410254778,0.9999630451202393,0.9999803304672241,0.000505878240801394,5.0187110900878906e-05,290101,0.002160558,0.0012468011118471622,0.001247238484211266,0.001237587770447135
186873,dct_high_nontargeted_white_box_eps0.0627_iter1,0.8579545454545456,0.5303030303030304,0.99925643,58.04804575317425,0.9998969435691833,0.9999791383743286,0.004804322496056557,0.00011563301086425781,295489,0.0021681432,0.001253393478691578,0.0012424837332218885,0.0012540023308247328
64462,dct_high_nontargeted_white_box_eps0.0627_iter1,0.3333333333333334,0.25000000000000006,0.999012,58.09500597939697,0.9998738765716553,0.999967098236084,0.0047333016991615295,0.000682830810546875,275280,0.0021518418,0.0012319942470639944,0.0012328607263043523,0.001244672341272235
314182,dct_high_nontargeted_white_box_eps0.0627_iter1,0.1666666666666667,0.14285714285714288,0.9991062,58.04971200412724,0.9998933672904968,0.9999685287475586,0.010247265920042992,0.0001589059829711914,268860,0.0021668652,0.0012522293254733086,0.0012500201119109988,0.0012461778242141008
68387,dct_high_nontargeted_white_box_eps0.0627_iter3,0.20000000000000004,0.1666666666666667,0.99534774,50.865271380470325,0.9992626905441284,0.9998375177383423,0.013271469622850418,0.0010045170783996582,296233,0.0047171027,0.002587699331343174,0.00253479415550828,0.002596316859126091
345466,dct_high_nontargeted_white_box_eps0.0627_iter2,0.12500000000000003,0.07954545454545456,0.998388,53.21888231330355,0.9997517466545105,0.9999374151229858,0.0035137722734361887,0.00012379884719848633,238930,0.003635931,0.0019093132577836514,0.00188814802095294,0.0019051984418183565
118367,dct_high_nontargeted_white_box_eps0.0627_iter3,0.1666666666666667,0.0,0.9958889,51.17630738474599,0.9994584321975708,0.9998469948768616,0.029036790132522583,0.0008752942085266113,276271,0.0044791717,0.0024616967421025038,0.0024646343663334846,0.002449744613841176
163640,dct_high_nontargeted_white_box_eps0.0627_iter5,0.10000000000000002,0.05303030303030304,0.9960819,47.438894513803156,0.999417781829834,0.9997788071632385,0.013610350899398327,0.0011017322540283203,367580,0.006898939,0.0037042945623397827,0.0037342298310250044,0.0037071802653372288
1490,dct_high_nontargeted_white_box_eps0.0627_iter2,0.3333333333333334,0.0,0.9985874,53.35028325276133,0.9997856020927429,0.9999600648880005,0.02281482145190239,0.0031377077102661133,245148,0.003577148,0.0018165810033679008,0.0019012022530660033,0.00181318330578506
329456,dct_high_nontargeted_white_box_eps0.0627_iter1,0.20000000000000004,0.18961038961038965,0.9993172,58.14066839157549,0.9999227523803711,0.99997478723526,0.003445971990004182,0.00013148784637451172,271504,0.002135048,0.0012186496751382947,0.0012140721082687378,0.0012380159460008144
260470,dct_high_nontargeted_white_box_eps0.0627_iter1,0.22077922077922082,0.06818181818181819,0.9993877,58.11435892330127,0.9999300241470337,0.9999806880950928,0.00328305852599442,9.256601333618164e-05,267616,0.0021469388,0.0012467657215893269,0.0012459118152037263,0.001200373750180006
252776,dct_high_nontargeted_white_box_eps0.0627_iter2,0.3333333333333334,0.20000000000000004,0.997603,54.199335620981486,0.9997076988220215,0.9999251961708069,0.017064496874809265,0.0012870430946350098,187847,0.003005987,0.0015114778652787209,0.0015093621332198381,0.0015284860273823142
201072,dct_high_nontargeted_white_box_eps0.0627_iter1,0.27922077922077926,0.2272727272727273,0.99935037,58.0437713110359,0.9999198317527771,0.9999819397926331,0.0035910634323954582,0.00012069940567016602,276266,0.0021688796,0.001250560744665563,0.0012521451571956277,0.0012508538784459233
18150,dct_high_nontargeted_white_box_eps0.0627_iter3,0.11111111111111113,0.09090909090909093,0.996619,51.01381948162611,0.9995362162590027,0.999846339225769,0.011492198333144188,0.0012531876564025879,280572,0.0045924447,0.0025150144938379526,0.0025241149123758078,0.002516532316803932
521405,dct_high_nontargeted_white_box_eps0.0627_iter1,0.5000000000000001,0.3333333333333334,0.99935246,58.03644636875795,0.9999112486839294,0.9999707937240601,0.002805412979796529,0.0001621246337890625,271532,0.0021712955,0.0012535208370536566,0.0012535033747553825,0.0012528892839327455
518770,dct_high_nontargeted_white_box_eps0.0627_iter3,0.14285714285714288,0.13636363636363638,0.9953947,50.88452551934603,0.9993095397949219,0.9998403191566467,0.022878482937812805,0.0016214251518249512,288099,0.0046847747,0.0025876855943351984,0.0025312993675470352,0.002576769096776843
201646,dct_high_nontargeted_white_box_eps0.0627_iter10,0.14285714285714288,0.07142857142857144,0.98044014,44.37065715679709,0.996985912322998,0.9992033839225769,0.07096265256404877,0.006709456443786621,380950,0.00936818,0.004936703480780125,0.004903972148895264,0.004889513365924358
59044,dct_high_nontargeted_white_box_eps0.0627_iter1,0.12876762275157996,0.10371503496503498,0.9990937,58.0392523202383,0.9998857975006104,0.9999663829803467,0.0047924453392624855,0.00020766258239746094,271524,0.0021701846,0.0012525157071650028,0.0012527876533567905,0.0012521838070824742
172946,dct_high_nontargeted_white_box_eps0.0627_iter1,0.10102813852813851,0.07142857142857142,0.9991929,58.03482312092454,0.9999027252197266,0.9999741911888123,0.00417275121435523,0.0003954172134399414,271432,0.0021717483,0.001253827940672636,0.0012539018644019961,0.0012535920832306147
234607,dct_high_nontargeted_white_box_eps0.0627_iter1,0.3333333333333334,0.25000000000000006,0.99908566,58.05560813239123,0.9998935461044312,0.9999691247940063,0.004444801714271307,0.00030356645584106445,267973,0.0021642714,0.0012466672342270613,0.001247952925041318,0.0012487138155847788
532690,dct_high_nontargeted_white_box_eps0.0627_iter1,0.1818181818181818,0.1272727272727273,0.9991832,58.04715133184217,0.9998878836631775,0.9999635815620422,0.004532108083367348,0.00021755695343017578,271899,0.0021674484,0.0012510382803156972,0.0012516838032752275,0.0012479305732995272
323895,dct_high_nontargeted_white_box_eps0.0627_iter1,0.3333333333333334,0.18181818181818185,0.99913746,58.047075599895344,0.9998500347137451,0.9999662041664124,0.002201175782829523,0.0004929900169372559,294371,0.0021675278,0.00124926189891994,0.0012501226738095284,0.0012513165129348636
384670,dct_high_nontargeted_white_box_eps0.0627_iter6,0.25000000000000006,0.20000000000000004,0.986479,45.88826737254727,0.9974291324615479,0.9994815587997437,0.022771477699279785,0.0021142959594726562,385918,0.008272134,0.004401535727083683,0.004029442556202412,0.004496485460549593
50326,dct_high_nontargeted_white_box_eps0.0627_iter1,0.3333333333333334,0.25000000000000006,0.9990923,58.03705522043548,0.9998859763145447,0.999972403049469,0.007195964455604553,0.00016641616821289062,273026,0.002171126,0.0012539017479866743,0.0012537006987258792,0.0012517384020611644
162035,dct_high_nontargeted_white_box_eps0.0627_iter1,0.12121212121212122,0.09090909090909091,0.99937946,58.0400925678979,0.9999111890792847,0.9999707341194153,0.0026659646537154913,0.00015437602996826172,280452,0.00216972,0.001252244459465146,0.0012521791504696012,0.0012523508630692959
415727,dct_high_nontargeted_white_box_eps0.0627_iter1,0.20000000000000004,0.10606060606060608,0.9993163,58.05277894371825,0.9999215602874756,0.9999750256538391,0.002682541962713003,7.528066635131836e-05,269769,0.0021664388,0.0012497050920501351,0.0012494883267208934,0.0012465959880501032
46252,dct_high_nontargeted_white_box_eps0.0627_iter4,0.20000000000000004,0.1818181818181818,0.9984315,47.61652634925074,0.9996783137321472,0.9998409748077393,0.0035328143276274204,0.0005896687507629395,393637,0.0070086657,0.0037687616422772408,0.003776965197175741,0.0037608605343848467
182021,dct_high_nontargeted_white_box_eps0.0627_iter2,0.21212121212121215,0.15909090909090912,0.9967652,54.099602257499235,0.9995335936546326,0.9998891949653625,0.023647384718060493,0.001881241798400879,195427,0.003087428,0.0015435877721756697,0.0015467186458408833,0.0015637342585250735
90284,dct_high_nontargeted_white_box_eps0.0627_iter3,0.3333333333333334,0.25000000000000006,0.9955771,51.646135689791244,0.9994454383850098,0.9998311996459961,0.025388386100530624,0.0010916590690612793,270990,0.00418609,0.0022980086505413055,0.0022955003660172224,0.0023175678215920925
450686,dct_high_nontargeted_white_box_eps0.0627_iter14,0.3333333333333334,0.0,0.96826553,42.79784616030633,0.9955824613571167,0.9987103939056396,0.13201069831848145,0.015291750431060791,387902,0.011008527,0.0057470244355499744,0.005665213335305452,0.005900359712541103
5060,dct_high_nontargeted_white_box_eps0.0627_iter1,0.5000000000000001,0.20000000000000004,0.99954957,58.05935000781127,0.9999240636825562,0.999969482421875,0.0012146956287324429,0.00010776519775390625,295862,0.00216387,0.0012493537506088614,0.0012487113708630204,0.0012420667335391045
286523,dct_high_nontargeted_white_box_eps0.0627_iter1,0.3333333333333334,0.20000000000000004,0.9991773,58.074837385497055,0.9999088048934937,0.9999714493751526,0.005708504002541304,0.0003681182861328125,267102,0.002156846,0.001242142985574901,0.0012395372614264488,0.0012451234506443143
579655,dct_high_nontargeted_white_box_eps0.0627_iter2,0.12500000000000003,0.11111111111111113,0.99756163,53.99357337901024,0.9997612833976746,0.9999192357063293,0.012068938463926315,0.0007599592208862305,177425,0.0031313866,0.0015925285406410694,0.0016328361816704273,0.0015854558441787958
117908,dct_high_nontargeted_white_box_eps0.0627_iter1,0.14285714285714288,0.0,0.9990852,58.03642420685648,0.9998852014541626,0.9999677538871765,0.004768264479935169,9.673833847045898e-05,268682,0.0021712815,0.0012536287540569901,0.0012536646099761128,0.0012526267673820257
297578,dct_high_nontargeted_white_box_eps0.0627_iter6,0.14285714285714288,0.12121212121212119,0.9884908,47.66778826453028,0.9988666772842407,0.9996543526649475,0.1062995046377182,0.0048964619636535645,330669,0.00638655,0.0033318179193884134,0.0033110412769019604,0.003339249175041914
458992,dct_high_nontargeted_white_box_eps0.0627_iter1,0.12500000000000003,0.11111111111111113,0.9993413,58.0700479456941,0.9999213218688965,0.9999746084213257,0.0028023570775985718,9.66787338256836e-05,269177,0.002161788,0.001239641336724162,0.0012502988101914525,0.001240975921973586
164602,dct_high_nontargeted_white_box_eps0.0627_iter1,0.20000000000000004,0.1666666666666667,0.9991588,58.037736770621706,0.9998874068260193,0.99996417760849,0.0034904128406196833,0.00023323297500610352,274833,0.0021709623,0.0012538960436359048,0.001253860304132104,0.0012510307133197784
101762,dct_high_nontargeted_white_box_eps0.0627_iter2,0.3333333333333334,0.1666666666666667,0.99811107,53.67588320892998,0.9997534155845642,0.9999170899391174,0.007080744951963425,0.00036656856536865234,210172,0.0033258176,0.0017006179550662637,0.0017134782392531633,0.0017170921200886369
203317,dct_high_nontargeted_white_box_eps0.0627_iter3,1.0000000000000002,0.5000000000000001,0.99797654,50.7564704865038,0.9996858835220337,0.9998992085456848,0.005836790893226862,0.00028020143508911133,289685,0.0047760964,0.0026180059649050236,0.0026262998580932617,0.00259533547796309
488270,dct_high_nontargeted_white_box_eps0.0627_iter3,1.0000000000000002,0.5000000000000001,0.9948358,51.93285370884751,0.9991862773895264,0.9997988343238831,0.035950370132923126,0.002343416213989258,298994,0.004079603,0.002247000578790903,0.0021924911998212337,0.002213309984654188
67180,dct_high_nontargeted_white_box_eps0.0627_iter5,0.3333333333333334,0.25000000000000006,0.9973534,47.12351405621555,0.9995732307434082,0.9997850060462952,0.010213294066488743,0.0010617971420288086,376499,0.0072091324,0.003873490495607257,0.003927495330572128,0.003857450559735298
126226,dct_high_nontargeted_white_box_eps0.0627_iter1,0.15367965367965372,0.07792207792207792,0.9993208,58.07844066345729,0.9999024271965027,0.9999701380729675,0.002310809213668108,0.000110626220703125,271003,0.002157072,0.0012414134107530117,0.0012455598916858435,0.0012367387535050511
190923,dct_high_nontargeted_white_box_eps0.0627_iter1,0.465909090909091,0.29660238751147844,0.9994857,58.05363213502857,0.9999328851699829,0.9999798536300659,0.0015643741935491562,0.0003070235252380371,283003,0.0021656135,0.0012467146152630448,0.0012479042634367943,0.0012504346668720245
150265,dct_high_nontargeted_white_box_eps0.0627_iter2,0.8787878787878789,0.3901515151515152,0.99785566,53.57794445378484,0.9996843338012695,0.9999145865440369,0.007614212576299906,0.0008126497268676758,218377,0.0034137974,0.0017677837749943137,0.0017695396672934294,0.0017136416863650084
38048,dct_high_nontargeted_white_box_eps0.0627_iter1,0.6000000000000002,0.5000000000000001,0.99934363,58.07327201406341,0.9999053478240967,0.9999765157699585,0.002249602461233735,6.145238876342773e-05,280334,0.0021592975,0.0012421527644619346,0.001247439649887383,0.0012385478476062417
354829,dct_high_nontargeted_white_box_eps0.0627_iter1,0.5000000000000001,0.3333333333333334,0.9992197,58.04645810499427,0.9998973608016968,0.999970555305481,0.003973863087594509,0.00020253658294677734,276685,0.0021679522,0.0012513352558016777,0.0012515654088929296,0.00124834303278476
525155,dct_high_nontargeted_white_box_eps0.0627_iter2,0.3333333333333334,0.25000000000000006,0.997179,53.942279410320104,0.9996420741081238,0.9998835325241089,0.033674873411655426,0.0019116401672363281,193120,0.003137427,0.0016047386452555656,0.001610143925063312,0.001611163024790585
163314,dct_high_nontargeted_white_box_eps0.0627_iter1,0.14060606060606062,0.12396694214876029,0.9993697,58.04896646860872,0.9999263286590576,0.999975860118866,0.002136953640729189,0.00020885467529296875,280892,0.002167439,0.0012529577361419797,0.0012487140484154224,0.00124742288608104
259571,dct_high_nontargeted_white_box_eps0.0627_iter1,0.5151515151515152,0.18181818181818185,0.9993083,58.047394627657894,0.9999104738235474,0.9999744892120361,0.0019896971061825752,0.00018727779388427734,280144,0.0021679883,0.0012456892291083932,0.0012518600560724735,0.001252894988283515
561679,dct_high_nontargeted_white_box_eps0.0627_iter1,1.0000000000000002,0.0,0.99938273,58.11809493752959,0.9999197721481323,0.9999777674674988,0.0018001029966399074,7.200241088867188e-05,283951,0.002146847,0.001233768998645246,0.0012433561496436596,0.0012127566151320934
153529,dct_high_nontargeted_white_box_eps0.0627_iter2,0.10606060606060608,0.09090909090909093,0.99843144,53.42530281868019,0.9997771978378296,0.9999166131019592,0.007355671375989914,0.0006015300750732422,229626,0.00349839,0.0017964992439374328,0.0018319711089134216,0.001811076421290636
379800,dct_high_nontargeted_white_box_eps0.0627_iter3,0.3454545454545455,0.2575757575757576,0.99769086,50.1846663415933,0.9996566772460938,0.9998863935470581,0.005596561823040247,0.0004169940948486328,301694,0.0051779086,0.0028491124976426363,0.0028479844331741333,0.00284009356983006
253835,dct_high_nontargeted_white_box_eps0.0627_iter1,0.20454545454545459,0.18181818181818185,0.99935704,58.03799856367269,0.9999067783355713,0.9999688863754272,0.002224245108664036,0.0003058910369873047,285454,0.0021705823,0.0012524616904556751,0.0012530726380646229,0.0012530186213552952
569565,dct_high_nontargeted_white_box_eps0.0627_iter1,0.3333333333333334,0.28282828282828276,0.99955827,58.0527267073398,0.9999299049377441,0.999983549118042,0.0014758536126464605,8.738040924072266e-05,304959,0.0021662137,0.00125026551540941,0.0012510684318840504,0.0012444929452612996
219271,dct_high_nontargeted_white_box_eps0.0627_iter1,0.25757575757575757,0.16969696969696968,0.99933624,58.04024679736771,0.9999092817306519,0.9999797940254211,0.00458422489464283,0.0002846717834472656,287076,0.002169723,0.0012522334000095725,0.0012519210577011108,0.001252444344572723
205647,dct_high_nontargeted_white_box_eps0.0627_iter7,0.5000000000000001,0.11111111111111109,0.9842132,45.15182180919009,0.9973124861717224,0.999571681022644,0.10758291929960251,0.007506608963012695,387932,0.008925002,0.0047796666622161865,0.0046845986507833,0.0048459358513355255
460841,dct_high_nontargeted_white_box_eps0.0627_iter1,0.1666666666666667,0.14285714285714288,0.99882334,58.04549746337279,0.9998174905776978,0.9999411106109619,0.013407472521066666,0.0007884502410888672,277717,0.0021678195,0.0012506715720519423,0.0012509024236351252,0.0012505127815529704
123131,dct_high_nontargeted_white_box_eps0.0627_iter2,0.18181818181818185,0.0303030303030303,0.997767,53.80985564866588,0.9996775388717651,0.9999096393585205,0.03196549415588379,0.0009782910346984863,229378,0.003270511,0.0017160869901999831,0.0016753311501815915,0.0016211745096370578
334006,dct_high_nontargeted_white_box_eps0.0627_iter6,0.4242424242424243,0.3636363636363637,0.9919982,45.81496720333496,0.9988347291946411,0.9996469020843506,0.025083355605602264,0.0010432600975036621,383904,0.008310084,0.0044370354153215885,0.004421585239470005,0.0043495576828718185
174004,dct_high_nontargeted_white_box_eps0.0627_iter3,1.0000000000000002,0.5000000000000001,0.9989498,50.536920301126784,0.9998260736465454,0.9999122023582458,0.0037902926560491323,0.0003418922424316406,299668,0.0049337107,0.002680800622329116,0.0027158590964972973,0.002694255905225873
87470,dct_high_nontargeted_white_box_eps0.0627_iter2,0.20000000000000004,0.1090909090909091,0.9985469,53.44964843010913,0.9997897148132324,0.9999327659606934,0.006261973176151514,0.0007064342498779297,224200,0.003477528,0.0018082440365105867,0.0017964642029255629,0.0018007558537647128
9769,dct_high_nontargeted_white_box_eps0.0627_iter1,0.590909090909091,0.5454545454545456,0.9997299,58.049913499822324,0.9999585151672363,0.9999808669090271,0.0007558070356026292,0.0001863241195678711,302797,0.002167075,0.001249636523425579,0.0012492225505411625,0.001249399734660983
558114,dct_high_nontargeted_white_box_eps0.0627_iter1,0.1162004662004662,0.10064935064935066,0.99945164,58.06470821849796,0.9999326467514038,0.9999761581420898,0.0023632303345948458,0.00012099742889404297,270990,0.0021634737,0.0012536457506939769,0.0012370322365313768,0.0012448441702872515
163257,dct_high_nontargeted_white_box_eps0.0627_iter1,0.20000000000000004,0.1666666666666667,0.99898607,58.113917223191734,0.9998792409896851,0.9999651312828064,0.0069048358127474785,0.00015395879745483398,262326,0.002138721,0.0012317916844040155,0.001229792251251638,0.0012318294029682875
361551,dct_high_nontargeted_white_box_eps0.0627_iter1,0.1636363636363637,0.14814814814814817,0.9990981,58.0342026897869,0.9998822212219238,0.999966561794281,0.004677816294133663,0.00019419193267822266,278837,0.0021719302,0.0012539657764136791,0.001253944355994463,0.0012539209565147758
236784,dct_high_nontargeted_white_box_eps0.0627_iter1,0.13636363636363638,0.0,0.9996278,58.05308626618276,0.9999445676803589,0.9999707937240601,0.0018045458709821105,0.0002079010009765625,272684,0.0021665604,0.0012502329191192985,0.0012488600332289934,0.0012464396422728896
342971,dct_high_nontargeted_white_box_eps0.0627_iter5,0.3333333333333334,0.0,0.9938276,48.297658254065055,0.9990876913070679,0.9998185634613037,0.05250003933906555,0.0038385391235351562,350075,0.0061371843,0.0032677995041012764,0.0032984116114676,0.0033391115721315145
361919,dct_high_nontargeted_white_box_eps0.0627_iter1,0.19134615384615383,0.18318523581681478,0.99909043,58.036468839732706,0.9998559951782227,0.9999701976776123,0.0046844640746712685,0.0005752444267272949,297322,0.0021712505,0.0012529421364888549,0.0012534924317151308,0.0012534433044493198
138115,dct_high_nontargeted_white_box_eps0.0627_iter2,0.3333333333333334,0.25000000000000006,0.9974807,54.227409274573034,0.9996950030326843,0.9999059438705444,0.015957536175847054,0.0006391406059265137,181713,0.0029904768,0.0014990834752097726,0.0015302005922421813,0.001504990505054593
374369,dct_high_nontargeted_white_box_eps0.0627_iter3,0.3333333333333334,0.25000000000000006,0.99414444,52.01128734962396,0.9991925954818726,0.999726414680481,0.07639874517917633,0.003992974758148193,279107,0.004007711,0.002200554357841611,0.002182901604101062,0.002201902214437723
357742,dct_high_nontargeted_white_box_eps0.0627_iter1,0.25000000000000006,0.20000000000000004,0.9989732,58.04931357477426,0.9998574256896973,0.9999710321426392,0.009627295657992363,0.0004887580871582031,283987,0.002166147,0.001249526278115809,0.0012496642302721739,0.0012495570117607713
439854,dct_high_nontargeted_white_box_eps0.0627_iter1,0.2708333333333334,0.2554112554112555,0.99882966,58.07771711467039,0.9998434782028198,0.9999592900276184,0.00621934374794364,0.0003644227981567383,277646,0.002159279,0.0012280186638236046,0.0012487195199355483,0.0012476056581363082
465836,dct_high_nontargeted_white_box_eps0.0627_iter1,0.25000000000000006,0.20000000000000004,0.99945736,58.04079107229857,0.9999264478683472,0.9999762773513794,0.0019559357315301895,0.00041937828063964844,281114,0.002169595,0.0012523006880655885,0.00125232117716223,0.0012515183771029115
414385,dct_high_nontargeted_white_box_eps0.0627_iter1,0.38636363636363646,0.2575757575757576,0.9988931,58.04395913860869,0.9998325109481812,0.9999593496322632,0.0049109021201729774,0.00012201070785522461,287016,0.0021688258,0.0012505102204158902,0.0012511244276538491,0.0012517385184764862
322724,dct_high_nontargeted_white_box_eps0.0627_iter3,0.3333333333333334,0.18181818181818185,0.99479896,50.965385418000565,0.9992817640304565,0.9998323321342468,0.04591446369886398,0.0014873743057250977,286137,0.0045561474,0.002418654039502144,0.0024944560136646032,0.002496907487511635
481390,dct_high_nontargeted_white_box_eps0.0627_iter1,0.10861865407319952,0.09720582447855175,0.99965626,58.10878331375342,0.9999510645866394,0.9999821186065674,0.0006389940390363336,8.040666580200195e-05,283882,0.002149365,0.0012227925471961498,0.0012329115997999907,0.0012420800048857927
579635,dct_high_nontargeted_white_box_eps0.0627_iter4,0.5000000000000001,0.25000000000000006,0.99225694,48.80101169707906,0.9987571239471436,0.9997767210006714,0.05159571394324303,0.002680063247680664,353394,0.005909104,0.0030488467309623957,0.0031224137637764215,0.0031647738069295883
295316,dct_high_nontargeted_white_box_eps0.0627_iter5,0.3333333333333334,0.24242424242424246,0.9869769,46.44611393277223,0.9978437423706055,0.9996029734611511,0.06398051977157593,0.003218233585357666,387116,0.007885915,0.0041912756860256195,0.004350943490862846,0.004302706569433212
183127,dct_high_nontargeted_white_box_eps0.0627_iter8,0.3333333333333334,0.1666666666666667,0.9832795,45.02145754712779,0.9970496892929077,0.9994054436683655,0.05161508917808533,0.006253600120544434,382001,0.008887906,0.004760568495839834,0.004606227390468121,0.004539502784609795
115898,dct_high_nontargeted_white_box_eps0.0627_iter8,0.3333333333333334,0.0,0.99380046,44.668480099366775,0.9990853071212769,0.9996119141578674,0.020585820078849792,0.002288520336151123,388860,0.009331817,0.004835487809032202,0.0048963092267513275,0.004918055608868599
223959,dct_high_nontargeted_white_box_eps0.0627_iter1,0.3333333333333334,0.25000000000000006,0.9990564,58.04369517653599,0.9998652935028076,0.9999629855155945,0.004558767192065716,0.00014293193817138672,274697,0.0021688705,0.0012530728708952665,0.0012487767962738872,0.0012517875293269753
411817,dct_high_nontargeted_white_box_eps0.0627_iter1,0.11688311688311691,0.10389610389610392,0.9994297,58.10895183603775,0.9999357461929321,0.999970018863678,0.001898755319416523,0.00027996301651000977,277016,0.0021451348,0.0012319601373746991,0.0012342272093519568,0.001231469796039164
215259,dct_high_nontargeted_white_box_eps0.0627_iter3,0.1666666666666667,0.14285714285714288,0.9954546,51.15944240760399,0.999407947063446,0.999841570854187,0.030230384320020676,0.0008909702301025391,276874,0.004489176,0.002474145032465458,0.0024703876115381718,0.0024484721943736076
147729,dct_high_nontargeted_white_box_eps0.0627_iter1,0.21212121212121215,0.045454545454545456,0.9990695,58.039813237489206,0.9998664259910583,0.9999588131904602,0.0067048147320747375,0.000532984733581543,272316,0.0021703215,0.0012515704147517681,0.0012533579720184207,0.0012520785676315427
579307,dct_high_nontargeted_white_box_eps0.0627_iter5,0.3333333333333334,0.0,0.9913855,47.08066725046372,0.9986529350280762,0.9996949434280396,0.03753611445426941,0.002269566059112549,374062,0.0072291624,0.003883861005306244,0.003879013005644083,0.003965125884860754
154425,dct_high_nontargeted_white_box_eps0.0627_iter2,0.3333333333333334,0.25000000000000006,0.998614,53.34150707527263,0.9998189210891724,0.9999421238899231,0.003305185353383422,0.00015056133270263672,229530,0.0035451853,0.001850440981797874,0.0018448908813297749,0.0018485209438949823
432898,dct_high_nontargeted_white_box_eps0.0627_iter1,0.2064935064935065,0.16363636363636364,0.99901295,58.03726072513548,0.9998614192008972,0.9999570846557617,0.008361581712961197,0.00026983022689819336,292752,0.0021709006,0.0012529573868960142,0.0012532109394669533,0.0012530159438028932
404923,dct_high_nontargeted_white_box_eps0.0627_iter4,0.18181818181818185,0.12272727272727271,0.9956663,48.42129936279005,0.9991609454154968,0.9997528195381165,0.012373476289212704,0.000731348991394043,367921,0.0062420173,0.003304915502667427,0.0032721615862101316,0.003325494471937418
130586,dct_high_nontargeted_white_box_eps0.0627_iter7,0.3333333333333334,0.25000000000000006,0.99421376,46.07511703095166,0.9990921020507812,0.9995821118354797,0.0695803239941597,0.005037188529968262,373484,0.0075872308,0.0040246532298624516,0.0040007950738072395,0.004038780461996794
163057,dct_high_nontargeted_white_box_eps0.0627_iter1,0.16942148760330578,0.09573002754820936,0.99933475,58.06946812374217,0.9998989105224609,0.9999738931655884,0.003052677493542433,0.0002689361572265625,299375,0.002162039,0.0012529845116659999,0.0012529235100373626,0.0012255128240212798
67406,dct_high_nontargeted_white_box_eps0.0627_iter5,0.3333333333333334,0.25000000000000006,0.9877017,47.872459910677414,0.997959554195404,0.9994133710861206,0.087052121758461,0.006787240505218506,357137,0.0064901374,0.003518779296427965,0.003460991196334362,0.0035231984220445156
248752,dct_high_nontargeted_white_box_eps0.0627_iter1,0.3333333333333334,0.25000000000000006,0.99888974,58.034349898627696,0.999850869178772,0.9999685883522034,0.006503848824650049,0.0001863241195678711,273033,0.0021719045,0.0012539057061076164,0.0012539303861558437,0.0012539003510028124
54593,dct_high_nontargeted_white_box_eps0.0627_iter5,0.11363636363636365,0.07692307692307694,0.99743,46.56803866732743,0.9995366930961609,0.999806821346283,0.005761580541729927,0.001442551612854004,386217,0.007776774,0.00419473135843873,0.004212155472487211,0.004226927645504475
137294,dct_high_nontargeted_white_box_eps0.0627_iter1,0.13636363636363638,0.1090909090909091,0.9991428,58.05074006773579,0.9998936653137207,0.9999668598175049,0.007269916124641895,8.684396743774414e-05,274780,0.0021670565,0.0012514983536675572,0.0012518203584477305,0.0012442305451259017
410880,dct_high_nontargeted_white_box_eps0.0627_iter1,0.17045454545454547,0.11111111111111113,0.9993958,58.0846551808566,0.9999256134033203,0.999972939491272,0.0020843606907874346,0.0001518726348876953,274855,0.0021544718,0.0012419868726283312,0.0012432221556082368,0.0012331865727901459
311180,dct_high_nontargeted_white_box_eps0.0627_iter1,0.1666666666666667,0.0,0.9992911,58.04029697473333,0.9999129176139832,0.9999711513519287,0.0029686118941754103,0.00014197826385498047,268368,0.0021701413,0.0012535942951217294,0.0012527982471510768,0.0012501798337325454
349184,dct_high_nontargeted_white_box_eps0.0627_iter1,0.18181818181818185,0.06666666666666668,0.99964076,58.05627612796761,0.9999534487724304,0.9999760985374451,0.0012114603305235505,0.00010466575622558594,286887,0.0021640284,0.0012475294061005116,0.0012472893577069044,0.001247950131073594
74058,dct_high_nontargeted_white_box_eps0.0627_iter1,0.13498622589531678,0.12809917355371903,0.9995604,58.3488125222797,0.9999539256095886,0.9999776482582092,0.002614659257233143,0.00021576881408691406,279041,0.0020447872,0.0011660460149869323,0.0011664379853755236,0.0011664838530123234
210273,dct_high_nontargeted_white_box_eps0.0627_iter1,0.6279336194108921,0.46598124098124105,0.9984048,58.64046161278247,0.9999198913574219,0.9999685883522034,0.009729225188493729,0.00035828351974487305,205778,0.0019382376,0.0010904058581218123,0.0010904264636337757,0.0010908786207437515
446651,dct_high_nontargeted_white_box_eps0.0627_iter1,0.25000000000000006,0.10909090909090909,0.99895114,58.280989230767176,0.9999107122421265,0.9999708533287048,0.005309602245688438,0.00021058320999145508,244582,0.002071413,0.0011842618696391582,0.0011841998202726245,0.0011855902848765254
194875,dct_high_nontargeted_white_box_eps0.0627_iter1,0.11697393515575334,0.09023569023569025,0.99929833,58.0911766807414,0.9999143481254578,0.9999736547470093,0.0026465323753654957,0.00024116039276123047,270799,0.0021527598,0.0012372985947877169,0.0012384800938889384,0.0012370547046884894
52017,dct_high_nontargeted_white_box_eps0.0627_iter8,0.5000000000000001,0.0,0.98124737,46.619084920583504,0.9974796175956726,0.9984903335571289,0.24592261016368866,0.03254657983779907,354049,0.007144873,0.0037298540119081736,0.0036604339256882668,0.0037247848231345415
336309,dct_high_nontargeted_white_box_eps0.0627_iter7,1.0000000000000002,0.3333333333333334,0.9837299,47.546942314046404,0.9975254535675049,0.9994035363197327,0.14693841338157654,0.01860058307647705,359770,0.0065883915,0.003692781087011099,0.0034377092961221933,0.0033305997494608164
227478,dct_high_nontargeted_white_box_eps0.0627_iter1,0.1545454545454545,0.1090909090909091,0.9997425,58.04520575986815,0.9999626874923706,0.9999822974205017,0.0008173199603334069,0.00012159347534179688,292684,0.0021680386,0.0012514990521594882,0.0012513886904343963,0.0012494416441768408
339870,dct_high_nontargeted_white_box_eps0.0627_iter1,0.7727272727272729,0.1313131313131313,0.99904233,58.03798947627314,0.9998700022697449,0.9999706149101257,0.005476688034832478,0.00024390220642089844,278025,0.00217073,0.0012528791557997465,0.0012531164102256298,0.001252586836926639
327601,dct_high_nontargeted_white_box_eps0.0627_iter1,0.20000000000000004,0.1666666666666667,0.9991929,58.047401034729475,0.9998970031738281,0.9999720454216003,0.006714420393109322,0.0001677870750427246,271685,0.0021677276,0.0012507892679423094,0.0012518608709797263,0.0012477956479415298
255749,dct_high_nontargeted_white_box_eps0.0627_iter2,0.8636363636363638,0.5757575757575758,0.99564433,54.57745815854842,0.999637246131897,0.9998862147331238,0.03259951248764992,0.0016047954559326172,131369,0.0027863625,0.0014187024207785726,0.0014471194008365273,0.0014091992052271962
8762,dct_high_nontargeted_white_box_eps0.0627_iter1,0.7348484848484851,0.24848484848484853,0.99853724,58.06273624615627,0.9997801780700684,0.9999218583106995,0.010507950559258461,0.0007165074348449707,275453,0.0021631436,0.0012499899603426456,0.0012484003091230989,0.0012388417962938547
526392,dct_high_nontargeted_white_box_eps0.0627_iter1,0.3522727272727273,0.27272727272727276,0.99920464,58.038145180664316,0.9999089241027832,0.9999738931655884,0.004098080098628998,0.0004817843437194824,269875,0.0021705022,0.0012530757812783122,0.0012528682127594948,0.0012524890480563045
580757,dct_high_nontargeted_white_box_eps0.0627_iter1,1.0000000000000002,0.5000000000000001,0.9993772,58.05612048982483,0.9999194145202637,0.9999815821647644,0.001490744762122631,6.747245788574219e-05,287256,0.0021648437,0.001246830215677619,0.0012479673605412245,0.0012480816803872585
165039,dct_high_nontargeted_white_box_eps0.0627_iter1,0.7395292207792208,0.6413170163170164,0.9993172,58.05867261028776,0.9999070167541504,0.9999730587005615,0.0023426353000104427,0.00023233890533447266,288062,0.0021644994,0.0012422798899933696,0.0012498662108555436,0.0012485679471865296
148719,dct_high_nontargeted_white_box_eps0.0627_iter2,0.5151515151515152,0.3636363636363637,0.99916005,53.06569663971818,0.9998717308044434,0.9999536871910095,0.0019297607941552997,0.00010371208190917969,256569,0.0037287166,0.001968069700524211,0.0019734494853764772,0.0019648505840450525
108440,dct_high_nontargeted_white_box_eps0.0627_iter2,0.5000000000000001,0.3333333333333334,0.99760747,53.68023260003365,0.9997374415397644,0.9999080300331116,0.01390172354876995,0.00029289722442626953,209573,0.0033490288,0.0017063221894204617,0.0017302902415394783,0.0017144279554486275
489842,dct_high_nontargeted_white_box_eps0.0627_iter1,0.141510101010101,0.1269090909090909,0.9997368,58.046746390299006,0.9999665021896362,0.9999818801879883,0.0008964948356151581,0.00015968084335327148,286006,0.0021666952,0.0012502725003287196,0.0012502907775342464,0.0012504133628681302
579818,dct_high_nontargeted_white_box_eps0.0627_iter1,0.5000000000000001,0.16666666666666663,0.9993531,58.0461768206517,0.9999134540557861,0.9999761581420898,0.002321492414921522,7.414817810058594e-05,285336,0.002167956,0.00125117227435112,0.0012505832128226757,0.001249727327376604
423229,dct_high_nontargeted_white_box_eps0.0627_iter3,0.5000000000000001,0.25000000000000006,0.9984369,50.09855391767771,0.9997713565826416,0.9999266266822815,0.010208887979388237,0.0009024143218994141,305854,0.0052482723,0.0028841556049883366,0.002878326689824462,0.0028918373864144087
334555,dct_high_nontargeted_white_box_eps0.0627_iter1,0.3506493506493507,0.2954545454545455,0.9994535,58.047487467385125,0.9999269247055054,0.9999749064445496,0.0012967921793460846,0.00013530254364013672,283955,0.00216786,0.0012524693738669157,0.001251881243661046,0.0012460132129490376
196759,dct_high_nontargeted_white_box_eps0.0627_iter3,1.0000000000000002,0.9545454545454546,0.99523634,51.02880396326686,0.9993644952774048,0.999833345413208,0.021514756605029106,0.0009548664093017578,274761,0.0045667994,0.002524806186556816,0.0025162165984511375,0.002470077946782112
61418,dct_high_nontargeted_white_box_eps0.0627_iter2,0.38636363636363646,0.22077922077922082,0.9987348,53.50235602891152,0.9998186826705933,0.9999522566795349,0.00454018684104085,0.0005422830581665039,214787,0.003450343,0.0017812830628827214,0.0018394761718809605,0.0017194210086017847
526751,dct_high_nontargeted_white_box_eps0.0627_iter1,0.32386363636363635,0.29545454545454547,0.99937135,58.05862202308503,0.9999017715454102,0.9999794960021973,0.0025237719528377056,0.0001888871192932129,295736,0.0021642013,0.0012453481322154403,0.0012490716762840748,0.0012463360326364636
277020,dct_high_nontargeted_white_box_eps0.0627_iter3,0.10000000000000002,0.09090909090909093,0.99319464,51.86768380340546,0.9994422793388367,0.9998396039009094,0.04721315950155258,0.0017636418342590332,217590,0.0039879,0.002161413198336959,0.0021620900370180607,0.0021724009420722723
47828,dct_high_nontargeted_white_box_eps0.0627_iter1,0.1931818181818182,0.045454545454545456,0.998931,58.06506809395355,0.9998410940170288,0.9999678730964661,0.008845120668411255,0.0004800558090209961,280392,0.0021632132,0.0012509142979979515,0.0012500709854066372,0.0012342323316261172
183716,dct_high_nontargeted_white_box_eps0.0627_iter7,0.25000000000000006,0.16969696969696965,0.98928785,46.075707259526204,0.998745322227478,0.9995288848876953,0.054001227021217346,0.0022890567779541016,362855,0.0077666705,0.004187324550002813,0.004171803593635559,0.004203340038657188
271997,dct_high_nontargeted_white_box_eps0.0627_iter2,0.3333333333333334,0.25000000000000006,0.9974162,54.21074179190619,0.9996568560600281,0.9998979568481445,0.020332232117652893,0.0011266469955444336,185232,0.0029999649,0.0015079384902492166,0.0015107628423720598,0.001517747063189745
8532,dct_high_nontargeted_white_box_eps0.0627_iter1,0.3333333333333334,0.20000000000000004,0.998902,58.03495551601797,0.9998682737350464,0.9999579787254333,0.01182415708899498,0.000834345817565918,265966,0.0021717248,0.0012539479648694396,0.001253772876225412,0.0012534677516669035
390555,dct_high_nontargeted_white_box_eps0.0627_iter1,0.10157325208035149,0.09352384778521143,0.9997351,58.03958634922206,0.9999685287475586,0.9999833106994629,0.0010508769191801548,0.00027632713317871094,289682,0.0021703094,0.0012514230329543352,0.0012528557563200593,0.0012528994120657444
68409,dct_high_nontargeted_white_box_eps0.0627_iter1,0.16666666666666666,0.1393939393939394,0.9997341,58.06663115511156,0.9999680519104004,0.9999829530715942,0.0008062506094574928,0.0002206563949584961,276861,0.0021615888,0.0012419319245964289,0.0012436981778591871,0.0012482341844588518
2299,dct_high_nontargeted_white_box_eps0.0627_iter1,0.20268759018759017,0.19392446633825944,0.9997587,58.080738576094255,0.9999758005142212,0.99998539686203,0.0007001059711910784,6.473064422607422e-05,274823,0.0021519465,0.0012406234163790941,0.0012405222514644265,0.001240601995959878
11051,dct_high_nontargeted_white_box_eps0.0627_iter4,0.3333333333333334,0.25000000000000006,0.9935038,50.188857663106006,0.9992179870605469,0.9997708201408386,0.07343317568302155,0.0034601688385009766,295412,0.0048083304,0.002496172674000263,0.002459082519635558,0.0024937596172094345
360960,dct_high_nontargeted_white_box_eps0.0627_iter1,0.23701298701298706,0.13636363636363638,0.9988056,58.162069717442165,0.9998642206192017,0.9999575018882751,0.007865674793720245,0.0003777742385864258,253300,0.0021183263,0.0012164678191766143,0.001216830569319427,0.0012193951988592744
421455,dct_high_nontargeted_white_box_eps0.0627_iter1,0.14285714285714288,0.0,0.9990619,58.11028034489412,0.9998787641525269,0.9999626874923706,0.014177277684211731,0.000850677490234375,270702,0.0021477886,0.0012370389886200428,0.001221832470037043,0.0012376517988741398
504589,dct_high_nontargeted_white_box_eps0.0627_iter2,0.3333333333333334,0.20000000000000004,0.99872714,53.50236387629677,0.9998106956481934,0.9999465942382812,0.00857258215546608,0.0004188418388366699,231649,0.0034751075,0.0017747633391991258,0.00181228865403682,0.0017571315402165055
23034,dct_high_nontargeted_white_box_eps0.0627_iter1,0.25000000000000006,0.20000000000000004,0.99955934,58.0523443357975,0.9999420046806335,0.9999847412109375,0.0018331593601033092,0.00014030933380126953,283460,0.0021662908,0.0012475205585360527,0.0012500500306487083,0.0012485987972468138
506656,dct_high_nontargeted_white_box_eps0.0627_iter3,0.5000000000000001,0.20000000000000004,0.99579126,50.76873509577672,0.9994014501571655,0.9998428821563721,0.024068795144557953,0.0016356706619262695,286384,0.0047596423,0.0026205512695014477,0.002618487225845456,0.0025895528960973024
272566,dct_high_nontargeted_white_box_eps0.0627_iter1,0.14285714285714288,0.10000000000000002,0.99985623,58.08407692996858,0.9999772310256958,0.9999884366989136,0.00032748060766607523,0.00011992454528808594,296680,0.002156941,0.001239790697582066,0.0012459737481549382,0.0012331206817179918
424551,dct_high_nontargeted_white_box_eps0.0627_iter7,0.3333333333333334,0.25000000000000006,0.9856679,45.43784033376519,0.9977158904075623,0.9994688630104065,0.06837509572505951,0.01011735200881958,384693,0.008590087,0.004565310198813677,0.0045736669562757015,0.004611380398273468
341719,dct_high_nontargeted_white_box_eps0.0627_iter9,0.1272727272727273,0.12363636363636366,0.9832675,42.92088292641033,0.9972402453422546,0.9994234442710876,0.08329764008522034,0.008913993835449219,398181,0.011540864,0.006172022316604853,0.006092503201216459,0.006219507660716772
72795,dct_high_nontargeted_white_box_eps0.0627_iter2,0.17751182640888521,0.14025974025974028,0.9990991,53.53317556021772,0.999875545501709,0.9999538064002991,0.0031823134049773216,0.0001957416534423828,227581,0.0034313202,0.0017642118036746979,0.0017724670469760895,0.0017679913435131311
43816,dct_high_nontargeted_white_box_eps0.0627_iter3,0.14285714285714288,0.12500000000000003,0.9975675,50.35308482805266,0.9995948076248169,0.9998645782470703,0.006761654745787382,0.00036025047302246094,293006,0.0050512613,0.002782751340419054,0.0027791569009423256,0.002766774268820882
455555,dct_high_nontargeted_white_box_eps0.0627_iter5,0.3333333333333334,0.25000000000000006,0.99283385,47.809308205403596,0.9991979002952576,0.999744713306427,0.023809198290109634,0.0012090802192687988,338286,0.00645886,0.0034795186948031187,0.003545159939676523,0.003457122715190053
535306,dct_high_nontargeted_white_box_eps0.0627_iter3,0.3333333333333334,0.25000000000000006,0.99735117,50.745197553411,0.9996597766876221,0.999901533126831,0.011961227282881737,0.00045949220657348633,285895,0.0047661206,0.002610154217109084,0.0026104755233973265,0.002628430025652051
30504,dct_high_nontargeted_white_box_eps0.0627_iter12,0.20000000000000004,0.14285714285714288,0.9842923,42.71723629784454,0.9978280067443848,0.9993702173233032,0.04907287657260895,0.00975334644317627,395761,0.011504873,0.006004048977047205,0.005974762607365847,0.00606392789632082
93353,dct_high_nontargeted_white_box_eps0.0627_iter1,0.12500000000000003,0.06250000000000001,0.99899364,58.04775267065649,0.9998805522918701,0.9999641180038452,0.006657234393060207,0.00017750263214111328,266139,0.0021682086,0.0012529693776741624,0.00125388172455132,0.001243279199115932
473118,dct_high_nontargeted_white_box_eps0.0627_iter1,0.5000000000000001,0.4000000000000001,0.9992011,58.07324882184816,0.9998973608016968,0.9999758005142212,0.004231223836541176,0.00027179718017578125,274254,0.0021612206,0.001220553065650165,0.0012537247966974974,0.001253908616490662
97278,dct_high_nontargeted_white_box_eps0.0627_iter3,0.3333333333333334,0.25000000000000006,0.99667215,51.29005325996583,0.9995452165603638,0.9998552799224854,0.01507877092808485,0.0005946159362792969,284985,0.0044070715,0.0023960494436323643,0.0023894980549812317,0.0024252424482256174
567640,dct_high_nontargeted_white_box_eps0.0627_iter1,0.2477272727272728,0.2077922077922078,0.9993275,58.05550009757824,0.9999136328697205,0.9999770522117615,0.0015104359481483698,0.00010287761688232422,275494,0.002164607,0.001247535110451281,0.0012490716762840748,0.0012468445347622037
532493,dct_high_nontargeted_white_box_eps0.0627_iter2,0.3333333333333334,0.0,0.99913627,53.19924135303005,0.9998428821563721,0.9999479651451111,0.002231492195278406,0.0004916787147521973,256052,0.0036594728,0.0019093422451987863,0.0019297704566270113,0.0018880325369536877
410456,dct_high_nontargeted_white_box_eps0.0627_iter1,0.25000000000000006,0.24431818181818188,0.99951,58.04905418071055,0.9999312162399292,0.9999791383743286,0.0011274265125393867,0.00011241436004638672,293997,0.0021675574,0.0012475090334191918,0.001252557965926826,0.0012489213841035962
441286,dct_high_nontargeted_white_box_eps0.0627_iter2,0.3333333333333334,0.20000000000000004,0.99801725,53.226659513235475,0.9997000694274902,0.9999396204948425,0.007056233007460833,0.0004271268844604492,232262,0.0036228895,0.0019055330194532871,0.0019220011308789253,0.001863091834820807
279541,dct_high_nontargeted_white_box_eps0.0627_iter1,0.14285714285714288,0.0,0.9993506,58.07250248106614,0.999909520149231,0.999980628490448,0.0035749522503465414,0.0002541542053222656,287738,0.0021605704,0.001251592650078237,0.0012457927223294973,0.0012314396444708109
885,dct_high_nontargeted_white_box_eps0.0627_iter1,0.26599326599326606,0.16012396694214875,0.99871093,58.03645341176848,0.9998194575309753,0.9999520778656006,0.010038536041975021,0.0004208087921142578,277167,0.0021711872,0.001252944814041257,0.0012532926630228758,0.0012536668218672276
229849,dct_high_nontargeted_white_box_eps0.0627_iter1,0.1194706808343172,0.10031565656565657,0.9995169,58.05557627576476,0.9999440908432007,0.9999861717224121,0.001460399478673935,5.751848220825195e-05,283894,0.002165222,0.001248447922989726,0.0012484476901590824,0.001246478408575058
39551,dct_high_nontargeted_white_box_eps0.0627_iter10,0.20000000000000004,0.0,0.9736078,43.67115616484935,0.9958348274230957,0.999050498008728,0.0803033709526062,0.004984557628631592,387187,0.010233083,0.005371518898755312,0.005321145057678223,0.005484785418957472
193348,dct_high_nontargeted_white_box_eps0.0627_iter3,1.0000000000000002,0.5000000000000001,0.99536324,52.09760161753082,0.9994022846221924,0.9998490214347839,0.04194701462984085,0.002179443836212158,273966,0.003947748,0.0021725278347730637,0.002164269331842661,0.0021712190937250853
341681,dct_high_nontargeted_white_box_eps0.0627_iter2,0.20000000000000004,0.1666666666666667,0.9968148,53.751027671161744,0.9995250701904297,0.9999040365219116,0.014896894805133343,0.000697016716003418,210089,0.0032875072,0.0016790985828265548,0.0016804828774183989,0.0016844215570017695
83172,dct_high_nontargeted_white_box_eps0.0627_iter8,0.1666666666666667,0.07792207792207792,0.9803532,45.302660695994845,0.9968909025192261,0.9992952346801758,0.08500242233276367,0.008810877799987793,377447,0.008549621,0.004395360127091408,0.004440716002136469,0.004608763847500086
343524,dct_high_nontargeted_white_box_eps0.0627_iter8,0.25000000000000006,0.0,0.9772509,44.90344569704702,0.9964339733123779,0.9992919564247131,0.09044820815324783,0.008453309535980225,380140,0.008955721,0.004626918118447065,0.0047118160873651505,0.0047886306419968605
388056,dct_high_nontargeted_white_box_eps0.0627_iter2,0.13636363636363638,0.10269360269360271,0.9989031,53.302673566439715,0.9998395442962646,0.999946653842926,0.0022406531497836113,0.00014013051986694336,238939,0.0035748174,0.0018607161473482847,0.0018638402689248323,0.0018706778064370155
235836,dct_high_nontargeted_white_box_eps0.0627_iter3,0.1666666666666667,0.14285714285714288,0.9985797,50.13240297574938,0.9998182058334351,0.9999027252197266,0.004486626945436001,0.00024890899658203125,296082,0.0052122795,0.0028729760088026524,0.0028543295338749886,0.0028856382705271244
343218,dct_high_nontargeted_white_box_eps0.0627_iter1,0.2171717171717172,0.1623376623376624,0.99902374,58.03564096824136,0.9998602271080017,0.9999715089797974,0.004328113980591297,0.00022464990615844727,284607,0.0021714438,0.0012534792767837644,0.001253563561476767,0.0012535558780655265
205105,dct_high_nontargeted_white_box_eps0.0627_iter19,0.1666666666666667,0.0,0.95436335,40.97757342032363,0.9934583902359009,0.9980689883232117,0.16661542654037476,0.020746052265167236,394168,0.013517288,0.0071710580959916115,0.007058462128043175,0.00714933080598712
513283,dct_high_nontargeted_white_box_eps0.0627_iter1,0.14285714285714288,0.0,0.9990342,58.05391965648533,0.9998883008956909,0.9999643564224243,0.00727361673489213,0.00014197826385498047,264146,0.002165517,0.0012513544643297791,0.0012498943833634257,0.0012435571989044547
497599,dct_high_nontargeted_white_box_eps0.0627_iter1,0.20000000000000004,0.1090909090909091,0.99908143,58.03415931023126,0.9998834133148193,0.9999683499336243,0.005495219491422176,0.00045043230056762695,268956,0.0021719574,0.0012539469171315432,0.0012539583258330822,0.001253978000022471
232684,dct_high_nontargeted_white_box_eps0.0627_iter2,0.20000000000000004,0.08333333333333331,0.9920028,55.8997966192124,0.9993161559104919,0.9932173490524292,0.061220720410346985,0.0024008750915527344,58596,0.0022304773,0.001152674900367856,0.0011331391287967563,0.0011267681838944554
144784,dct_high_nontargeted_white_box_eps0.0627_iter1,0.25000000000000006,0.0,0.9990971,58.03494430855998,0.9998864531517029,0.9999631643295288,0.005297369323670864,0.0006475448608398438,269664,0.0021716976,0.0012538550654426217,0.0012536859139800072,0.001253668568097055
167486,dct_high_nontargeted_white_box_eps0.0627_iter1,0.23863636363636365,0.11931818181818182,0.99933857,58.13322836705914,0.9999105334281921,0.9999725818634033,0.0028511143755167723,0.0002459883689880371,271253,0.0021419036,0.0012410010676831007,0.0012388416798785329,0.0011972109787166119
191013,dct_high_nontargeted_white_box_eps0.0627_iter2,0.5454545454545455,0.21212121212121215,0.9977667,53.46770642646639,0.9996797442436218,0.9999309182167053,0.009241102263331413,0.00018155574798583984,221850,0.0034559881,0.001791791059076786,0.001802573329769075,0.001789292087778449
163562,dct_high_nontargeted_white_box_eps0.0627_iter3,0.3333333333333334,0.20000000000000004,0.99581885,51.55352466749129,0.9994598627090454,0.9998491406440735,0.041342414915561676,0.0011928677558898926,274891,0.0042488636,0.002331720432266593,0.0023264046758413315,0.002342228079214692
232563,dct_high_nontargeted_white_box_eps0.0627_iter1,0.1666666666666667,0.14285714285714288,0.99915,58.08421344774612,0.9998897314071655,0.9999748468399048,0.009192420169711113,0.0003262162208557129,271478,0.0021533095,0.00124122085981071,0.0012420288985595107,0.0012355386279523373
520910,dct_high_nontargeted_white_box_eps0.0627_iter5,0.1666666666666667,0.12500000000000003,0.9904804,48.80332395186233,0.9987214803695679,0.9995976090431213,0.11777135729789734,0.013139426708221436,337130,0.0057127173,0.003114996012300253,0.003067220561206341,0.003066224744543433
206411,dct_high_nontargeted_white_box_eps0.0627_iter1,0.3333333333333334,0.25000000000000006,0.99892044,58.034018582482815,0.99985671043396,0.9999554753303528,0.006979878060519695,0.00037223100662231445,271686,0.0021719998,0.0012540020979940891,0.001254004891961813,0.001254004891961813
472375,dct_high_nontargeted_white_box_eps0.0627_iter1,0.12500000000000003,0.055555555555555546,0.99926835,58.25516098277675,0.9999212026596069,0.9999729990959167,0.006123508792370558,0.0004031658172607422,271305,0.0021093239,0.001231892965734005,0.0010985552798956633,0.0012447728076949716
17436,dct_high_nontargeted_white_box_eps0.0627_iter2,0.3333333333333334,0.20000000000000004,0.9984021,53.77621224250474,0.9997643232345581,0.9999485611915588,0.00998428463935852,0.0003324747085571289,219812,0.0033176735,0.0016813616966828704,0.0016926979878917336,0.0016528605483472347
177934,dct_high_nontargeted_white_box_eps0.0627_iter1,0.5000000000000001,0.3750000000000001,0.9996064,58.14169408266585,0.999946117401123,0.9999799728393555,0.0024523353204131126,0.00013363361358642578,289301,0.002139052,0.0012434306554496288,0.0012075043050572276,0.0012189395492896438
165518,dct_high_nontargeted_white_box_eps0.0627_iter1,1.0000000000000002,0.5000000000000001,0.9988157,58.03427858201975,0.9998223781585693,0.9999532699584961,0.006057246588170528,0.000298917293548584,277852,0.0021719227,0.0012538301525637507,0.0012539474992081523,0.0012540018651634455
571718,dct_high_nontargeted_white_box_eps0.0627_iter1,0.1666666666666667,0.14141414141414138,0.9995881,58.05872196273665,0.9999525547027588,0.9999789595603943,0.0016349728684872389,8.71419906616211e-05,274438,0.0021631843,0.0012425044551491737,0.001249211491085589,0.0012489482760429382
459467,dct_high_nontargeted_white_box_eps0.0627_iter3,1.0000000000000002,0.0,0.9945111,51.06460519232918,0.9991464614868164,0.9998059272766113,0.0386749729514122,0.0019227266311645508,293789,0.0045802463,0.002511820988729596,0.0025052381679415703,0.0024847330059856176
135673,dct_high_nontargeted_white_box_eps0.0627_iter5,1.0000000000000002,0.6666666666666665,0.9872808,47.70652357324727,0.9977923631668091,0.9988564252853394,0.06776896864175797,0.010572850704193115,362961,0.0066237045,0.003828270360827446,0.0035833558067679405,0.003294894006103277
134886,dct_high_nontargeted_white_box_eps0.0627_iter1,0.7878787878787881,0.7121212121212123,0.9986722,58.03416738725662,0.9998033046722412,0.999942421913147,0.013657607138156891,0.0003033876419067383,286286,0.0021719472,0.001253982656635344,0.0012539448216557503,0.0012539251474663615
289222,dct_high_nontargeted_white_box_eps0.0627_iter1,0.590909090909091,0.34090909090909094,0.9991465,58.035762696649186,0.9998945593833923,0.9999681115150452,0.0037280600517988205,0.00012832880020141602,275677,0.0021715087,0.0012532016262412071,0.0012535137357190251,0.0012537619331851602
372819,dct_high_nontargeted_white_box_eps0.0627_iter1,0.1666666666666667,0.14285714285714288,0.99987435,58.03962550264931,0.999973475933075,0.9999858140945435,0.00018526404164731503,2.5510787963867188e-05,318055,0.0021700899,0.0012526470236480236,0.001252428744919598,0.0012520584277808666
310072,dct_high_nontargeted_white_box_eps0.0627_iter5,0.18181818181818185,0.17045454545454547,0.995218,47.32322968378071,0.9993773698806763,0.9997393488883972,0.024800874292850494,0.00144195556640625,364970,0.006899258,0.0037292323540896177,0.0037238290533423424,0.0037532353308051825
87144,dct_high_nontargeted_white_box_eps0.0627_iter2,0.2575757575757576,0.22077922077922082,0.99877185,53.16173952057615,0.9998472929000854,0.999937891960144,0.003441908396780491,0.000217437744140625,242034,0.0036629683,0.0019146035192534328,0.0019392003305256367,0.0019244169816374779
430875,dct_high_nontargeted_white_box_eps0.0627_iter1,1.0000000000000002,0.6363636363636365,0.9984698,58.03767796880405,0.9997692108154297,0.9999343752861023,0.010535238310694695,0.0005927085876464844,275501,0.002170938,0.001252386369742453,0.001253186259418726,0.0012532520340755582
60347,dct_high_nontargeted_white_box_eps0.0627_iter2,0.3333333333333334,0.25000000000000006,0.99933845,53.295501086233116,0.9999038577079773,0.9999584555625916,0.002599220722913742,0.00035500526428222656,240541,0.003590523,0.0018827711464837193,0.0018571699038147926,0.0018615050939843059
42070,dct_high_nontargeted_white_box_eps0.0627_iter1,0.6666666666666669,0.25000000000000006,0.9993272,58.056198752480704,0.999919593334198,0.9999723434448242,0.0027769203297793865,0.00015628337860107422,281004,0.0021650603,0.0012487960048019886,0.001247368403710425,0.0012466717744246125
420916,dct_high_nontargeted_white_box_eps0.0627_iter1,0.20000000000000004,0.1515151515151515,0.9995684,58.04761950385451,0.9999372363090515,0.9999769330024719,0.0011486567091196775,5.1081180572509766e-05,288735,0.0021675702,0.0012510414235293865,0.0012499509612098336,0.0012492563109844923
296224,dct_high_nontargeted_white_box_eps0.0627_iter1,0.5454545454545455,0.4545454545454546,0.99932814,58.11458632860632,0.9999188184738159,0.9999780058860779,0.003389290999621153,0.00011897087097167969,284177,0.002146384,0.0012252297019585967,0.0012418437981978059,0.0012257829075679183
122606,dct_high_nontargeted_white_box_eps0.0627_iter1,0.5000000000000001,0.3333333333333334,0.999449,58.07458129047197,0.9999308586120605,0.9999759197235107,0.0019474709406495094,0.00010597705841064453,280776,0.0021594116,0.0012356155784800649,0.0012456881813704967,0.0012457289267331362
311909,dct_high_nontargeted_white_box_eps0.0627_iter1,1.0000000000000002,0.5000000000000001,0.9994333,58.100812804956036,0.9999341368675232,0.9999735951423645,0.002250567777082324,0.0003597736358642578,276305,0.0021509605,0.0012316415086388588,0.001234985189512372,0.0012379654217511415
439715,dct_high_nontargeted_white_box_eps0.0627_iter1,0.11237373737373735,0.08901515151515153,0.9997711,58.04105301844321,0.9999658465385437,0.9999827742576599,0.000775593682192266,9.876489639282227e-05,299450,0.002169878,0.0012521124444901943,0.0012522194301709533,0.0012515939306467772
284991,dct_high_nontargeted_white_box_eps0.0627_iter1,0.5000000000000001,0.20000000000000004,0.998813,58.145821237192095,0.9998733997344971,0.9999611973762512,0.009358013980090618,0.0003775954246520996,252641,0.002126196,0.0012224380625411868,0.001222997554577887,0.0012209643609821796
389566,dct_high_nontargeted_white_box_eps0.0627_iter2,0.3333333333333334,0.25000000000000006,0.9978002,53.418672788302885,0.9996756911277771,0.9999157190322876,0.013323764316737652,0.0007164478302001953,227832,0.0035045154,0.0018156281439587474,0.0018396065570414066,0.0017914348281919956
78843,dct_high_nontargeted_white_box_eps0.0627_iter1,0.5000000000000001,0.14545454545454548,0.9995113,58.049514152459295,0.9999276995658875,0.9999731183052063,0.002338995225727558,0.00012683868408203125,276707,0.0021672724,0.0012496114941313863,0.0012515581911429763,0.001247446984052658
225532,dct_high_nontargeted_white_box_eps0.0627_iter1,0.22727272727272727,0.17045454545454544,0.99887055,58.03773408036692,0.9998399019241333,0.999962568283081,0.005333579611033201,0.0003083944320678711,275041,0.0021709683,0.0012527063954621553,0.0012539253802970052,0.0012521460885182023
395633,dct_high_nontargeted_white_box_eps0.0627_iter4,0.5000000000000001,0.3333333333333334,0.9938491,49.36665644538914,0.999052882194519,0.9997937083244324,0.03900400921702385,0.0035251379013061523,338132,0.005469293,0.0028077312745153904,0.002810632809996605,0.0028866250067949295
419096,dct_high_nontargeted_white_box_eps0.0627_iter3,1.0000000000000002,0.0,0.9965186,51.49851515980794,0.9995599985122681,0.9998974204063416,0.05080687999725342,0.0037060976028442383,278698,0.0042897277,0.0023514260537922382,0.002353993710130453,0.002351322676986456
414795,dct_high_nontargeted_white_box_eps0.0627_iter2,0.16363636363636366,0.10389610389610392,0.99884063,53.18185221179614,0.999832808971405,0.9999375343322754,0.0032937421929091215,0.0002570152282714844,240762,0.00365241,0.0019254842773079872,0.0019232594640925527,0.0019012953853234649
508101,dct_high_nontargeted_white_box_eps0.0627_iter4,0.21212121212121215,0.06060606060606061,0.99060374,48.425819394248364,0.9984564781188965,0.9997515082359314,0.09876003861427307,0.007087230682373047,369407,0.006244728,0.003267979249358177,0.0033489230554550886,0.0032815132290124893
253386,dct_high_nontargeted_white_box_eps0.0627_iter1,0.3333333333333334,0.0,0.9987869,58.32795390566518,0.9998880624771118,0.9999638199806213,0.008062786422669888,0.0002735257148742676,235118,0.0020537772,0.0011705734068527818,0.0011735252337530255,0.001171732204966247
530854,dct_high_nontargeted_white_box_eps0.0627_iter1,0.3333333333333334,0.0,0.998985,58.03981952958411,0.999873161315918,0.9999643564224243,0.00791795551776886,0.0002453327178955078,264953,0.002169547,0.001252413960173726,0.0012521655298769474,0.0012524076737463474
338624,dct_high_nontargeted_white_box_eps0.0627_iter2,0.17171717171717174,0.15454545454545457,0.9986811,53.394492081325986,0.9998047351837158,0.9999438524246216,0.00451063085347414,0.0004329681396484375,234375,0.0035250338,0.0018370954785495996,0.0018417485989630222,0.001805692445486784
378454,dct_high_nontargeted_white_box_eps0.0627_iter10,0.25000000000000006,0.20000000000000004,0.98153764,44.148768744017524,0.9970558881759644,0.9993300437927246,0.17444278299808502,0.023093044757843018,385841,0.00970167,0.005094507243484259,0.005038834176957607,0.005032351240515709
476215,dct_high_nontargeted_white_box_eps0.0627_iter5,0.3333333333333334,0.20000000000000004,0.99072236,47.277696952366135,0.9985260367393494,0.999678373336792,0.03331612050533295,0.00505751371383667,364845,0.0070180893,0.0038170041516423225,0.0038799108006060123,0.003724665381014347
247917,dct_high_nontargeted_white_box_eps0.0627_iter1,0.20000000000000004,0.18181818181818185,0.99941415,58.061044405586124,0.9999209642410278,0.9999784827232361,0.002206060802564025,0.00015527009963989258,280198,0.0021630647,0.0012466332409530878,0.0012468532659113407,0.0012451823567971587
439522,dct_high_nontargeted_white_box_eps0.0627_iter1,1.0000000000000002,0.5000000000000001,0.9987208,58.0530907498138,0.9998452663421631,0.9999464750289917,0.012391828931868076,0.0003415346145629883,267238,0.0021659224,0.001252196729183197,0.0012512968387454748,0.0012420021230354905
26690,dct_high_nontargeted_white_box_eps0.0627_iter1,0.14999999999999997,0.06666666666666667,0.9989529,58.12165235586281,0.9998670816421509,0.9999668598175049,0.005602934863418341,0.00021725893020629883,266752,0.0021398407,0.0012305548880249262,0.0012354552745819092,0.0012208594707772136
176901,dct_high_nontargeted_white_box_eps0.0627_iter1,0.25000000000000006,0.20000000000000004,0.9990322,58.03508749254078,0.9998581409454346,0.9999674558639526,0.0048360275104641914,0.0001544952392578125,282638,0.002171628,0.0012537389993667603,0.0012536532012745738,0.0012536561116576195
334767,dct_high_nontargeted_white_box_eps0.0627_iter5,0.27272727272727276,0.20606060606060608,0.99670553,46.71795951622046,0.9995598793029785,0.9998202323913574,0.009072673507034779,0.0008504390716552734,380072,0.0075755436,0.004090340342372656,0.004102880135178566,0.004057467449456453
301563,dct_high_nontargeted_white_box_eps0.0627_iter8,0.20000000000000004,0.15909090909090912,0.9809213,44.84546049015191,0.9967545866966248,0.9991725087165833,0.09147385507822037,0.010888934135437012,383597,0.009082355,0.004738944116979837,0.004779334180057049,0.004768058191984892
86755,dct_high_nontargeted_white_box_eps0.0627_iter13,0.1090909090909091,0.09090909090909093,0.97434783,42.558166630826044,0.9958698749542236,0.998996376991272,0.11252421140670776,0.024011611938476562,394831,0.011594433,0.005946015007793903,0.005970018450170755,0.006406174972653389
194471,dct_high_nontargeted_white_box_eps0.0627_iter2,0.3333333333333334,0.25000000000000006,0.9974332,53.70147221008287,0.9996604919433594,0.999912679195404,0.012040271423757076,0.00041806697845458984,214447,0.0033361467,0.0016478948527947068,0.0017422373639419675,0.0017352248542010784
420281,dct_high_nontargeted_white_box_eps0.0627_iter1,0.3333333333333334,0.25000000000000006,0.99916536,58.03850195742975,0.999897837638855,0.9999672770500183,0.004635040182620287,0.00025540590286254883,270080,0.0021707418,0.001253808382898569,0.0012538294540718198,0.0012504857731983066
99810,dct_high_nontargeted_white_box_eps0.0627_iter10,0.14285714285714288,0.10000000000000002,0.9792628,45.54497450530077,0.9973276853561401,0.9992755651473999,0.2582913339138031,0.02203315496444702,367485,0.008074704,0.004231184720993042,0.004130443092435598,0.004236067645251751
404805,dct_high_nontargeted_white_box_eps0.0627_iter11,0.3333333333333334,0.0,0.98180765,43.39926493532467,0.9972237348556519,0.9992948770523071,0.06442698836326599,0.0051993727684021,393800,0.0106554795,0.005616315640509129,0.005571405403316021,0.005662098061293364
2261,dct_high_nontargeted_white_box_eps0.0627_iter2,0.5000000000000001,0.25000000000000006,0.9983203,53.31230081391957,0.999750018119812,0.9999500513076782,0.004979606717824936,0.0005530118942260742,236715,0.0035664479,0.001871671644039452,0.0018556261202320457,0.00185575766954571
425702,dct_high_nontargeted_white_box_eps0.0627_iter2,0.3333333333333334,0.25000000000000006,0.9980467,53.674844657651974,0.9997224807739258,0.99993896484375,0.01411874033510685,0.001282811164855957,217825,0.003337193,0.0017225746996700764,0.0017064593266695738,0.001704598544165492
361238,dct_high_nontargeted_white_box_eps0.0627_iter1,0.10000000000000002,0.09090909090909093,0.99928164,58.117964454428694,0.9999158382415771,0.9999762177467346,0.0036067406181246042,0.00011646747589111328,266009,0.0021476632,0.0012459061108529568,0.0012328356970101595,0.0012112414697185159
77460,dct_high_nontargeted_white_box_eps0.0627_iter1,0.19228418640183342,0.16808266006126968,0.99914867,58.03996749466862,0.9998883008956909,0.999970555305481,0.0035457706544548273,0.00027447938919067383,284902,0.0021702433,0.001252212212421,0.0012532543623819947,0.0012513649417087436
14439,dct_high_nontargeted_white_box_eps0.0627_iter2,0.10227272727272729,0.10139860139860142,0.99923354,53.20618832253015,0.9998785257339478,0.9999439716339111,0.0009948508813977242,4.83393669128418e-05,239077,0.003647785,0.0019332036608830094,0.00195669149979949,0.0018373397178947926
181303,dct_high_nontargeted_white_box_eps0.0627_iter1,0.3333333333333334,0.25000000000000006,0.9996453,58.047603649399385,0.9999431371688843,0.9999837875366211,0.0010474162409082055,0.00021076202392578125,295776,0.002167396,0.0012510477099567652,0.0012506155762821436,0.0012485942570492625
58350,dct_high_nontargeted_white_box_eps0.0627_iter2,0.1666666666666667,0.14285714285714288,0.9971631,53.77661995499772,0.9996959567070007,0.9999120235443115,0.015535105019807816,0.0004976987838745117,192504,0.0032505752,0.001684869988821447,0.0016946259420365095,0.0016748994821682572
26465,dct_high_nontargeted_white_box_eps0.0627_iter2,0.10000000000000002,0.030303030303030297,0.9973664,53.98991093507777,0.9996652603149414,0.9998917579650879,0.02918449230492115,0.0005730390548706055,192777,0.003122549,0.0015918094431981444,0.0015951601089909673,0.0015882643638178706
433980,dct_high_nontargeted_white_box_eps0.0627_iter1,0.3333333333333334,0.25000000000000006,0.9994729,58.222687067106904,0.999926745891571,0.9999738931655884,0.002453829161822796,0.0001786947250366211,264025,0.0021194215,0.0012496120762079954,0.0012206683168187737,0.001131808152422309
380913,dct_high_nontargeted_white_box_eps0.0627_iter2,0.14285714285714288,0.11688311688311691,0.9983805,53.504951602043775,0.9998335838317871,0.999940037727356,0.006209700368344784,0.00023514032363891602,215194,0.0034265122,0.0017694922862574458,0.0017889938317239285,0.001788601977750659
32887,dct_high_nontargeted_white_box_eps0.0627_iter1,0.25000000000000006,0.1666666666666667,0.9995343,58.038998860653166,0.9999353885650635,0.9999828338623047,0.0017872529570013285,0.0004228353500366211,279425,0.0021704368,0.0012534542474895716,0.001252777292393148,0.001251467503607273
399205,dct_high_nontargeted_white_box_eps0.0627_iter1,0.19969172241899513,0.14127066115702477,0.9997614,58.05821058639617,0.999966025352478,0.9999855160713196,0.0005181409069336951,9.584426879882812e-05,290353,0.0021644025,0.0012451647780835629,0.0012476560659706593,0.0012482855236157775
350002,dct_high_nontargeted_white_box_eps0.0627_iter1,0.3333333333333334,0.25000000000000006,0.9991284,58.03401538068915,0.9999017715454102,0.999967098236084,0.006416475400328636,0.00033605098724365234,268038,0.0021719965,0.00125400023534894,0.00125399068929255,0.0012540025636553764
334399,dct_high_nontargeted_white_box_eps0.0627_iter1,0.17090909090909095,0.1272727272727273,0.9989071,58.28934271902061,0.9998626708984375,0.9999579191207886,0.009188862517476082,0.0002707242965698242,263536,0.002073372,0.0011929203756153584,0.0011812555603682995,0.0011730445548892021
57150,dct_high_nontargeted_white_box_eps0.0627_iter1,0.10544842363024182,0.07572665429808288,0.9991471,58.039056033029716,0.9998998641967773,0.9999734163284302,0.0035090665332973003,0.00019568204879760742,269639,0.0021703457,0.0012534016277641058,0.0012521003372967243,0.001252147601917386
169996,dct_high_nontargeted_white_box_eps0.0627_iter1,0.8000000000000002,0.6363636363636365,0.99948627,58.041406222437416,0.9999329447746277,0.9999768733978271,0.0012229799758642912,0.00010758638381958008,290162,0.0021694917,0.0012519833398982882,0.0012516980059444904,0.0012519124429672956
226417,dct_high_nontargeted_white_box_eps0.0627_iter1,0.32272727272727275,0.2506887052341598,0.99962074,58.04522333608635,0.9999513626098633,0.999984622001648,0.001044783042743802,5.233287811279297e-05,291049,0.0021679446,0.001250492176041007,0.0012502963654696941,0.001251514651812613
481573,dct_high_nontargeted_white_box_eps0.0627_iter1,0.5000000000000001,0.3333333333333334,0.99896264,58.36759147612857,0.9999014735221863,0.9999743700027466,0.00601554848253727,0.0003630518913269043,242754,0.002051453,0.0011435222113505006,0.0011642217868939042,0.0011761363130062819
123480,dct_high_nontargeted_white_box_eps0.0627_iter1,0.5151515151515152,0.3333333333333334,0.9987307,58.033977518340436,0.999811589717865,0.99994295835495,0.008110185153782368,0.0006605982780456543,282946,0.002172009,0.0012540137395262718,0.0012540071038529277,0.0012540045427158475
274687,dct_high_nontargeted_white_box_eps0.0627_iter2,0.3333333333333334,0.25000000000000006,0.9987424,53.51587600743936,0.9998213648796082,0.9999260306358337,0.0047628264874219894,0.0003445744514465332,216541,0.003424604,0.001773156109265983,0.0017681517638266087,0.0017839595675468445
493286,dct_high_nontargeted_white_box_eps0.0627_iter1,0.28484848484848485,0.20000000000000004,0.999305,58.06252717937369,0.9999120235443115,0.9999721646308899,0.0019750052597373724,4.7206878662109375e-05,278961,0.0021626481,0.0012473976239562035,0.0012451380025595427,0.0012448476627469063
345027,dct_high_nontargeted_white_box_eps0.0627_iter1,0.27609427609427617,0.25589225589225595,0.99911135,58.03975362956588,0.9998588562011719,0.9999707937240601,0.0036357459612190723,0.00015550851821899414,288812,0.0021701562,0.0012517210561782122,0.0012522197794169188,0.001253061112947762
230008,dct_high_nontargeted_white_box_eps0.0627_iter3,0.8484848484848486,0.5984848484848486,0.9985977,50.66597180319875,0.9998419284820557,0.9999114871025085,0.004405348561704159,0.00015592575073242188,286897,0.0048345327,0.002653575735166669,0.0026556190568953753,0.002630549715831876
284698,dct_high_nontargeted_white_box_eps0.0627_iter1,0.3333333333333334,0.25000000000000006,0.99949867,58.10967055148985,0.9999343156814575,0.9999790787696838,0.005026663653552532,0.00017696619033813477,279519,0.0021457183,0.0012364496942609549,0.00123775249812752,0.0012228486593812704
102356,dct_high_nontargeted_white_box_eps0.0627_iter1,0.5000000000000001,0.20000000000000004,0.99914646,58.05237016141106,0.9998987913131714,0.9999687075614929,0.0049056364223361015,0.00013905763626098633,268195,0.0021667602,0.001243359874933958,0.001252314425073564,0.0012504728510975838
456394,dct_high_nontargeted_white_box_eps0.0627_iter1,0.3750000000000001,0.2954545454545455,0.9994089,58.063477370088144,0.9999324679374695,0.9999831318855286,0.0023858705535531044,7.37309455871582e-05,276269,0.0021628458,0.001243352540768683,0.0012489320943132043,0.0012442979495972395
323709,dct_high_nontargeted_white_box_eps0.0627_iter1,1.0000000000000002,0.5000000000000001,0.9989068,58.04920278282091,0.9998530149459839,0.9999529123306274,0.006997196935117245,0.00030118227005004883,274544,0.0021664042,0.001249337918125093,0.0012491997331380844,0.001250308589078486
452122,dct_high_nontargeted_white_box_eps0.0627_iter8,1.0000000000000002,0.0,0.9821592,47.12748431931907,0.9974099397659302,0.9980120062828064,0.24794262647628784,0.04098391532897949,350320,0.006759497,0.003458016784861684,0.0034347367472946644,0.003548565786331892
579158,dct_high_nontargeted_white_box_eps0.0627_iter1,0.5000000000000001,0.4000000000000001,0.9994173,58.040642779740786,0.9999291300773621,0.9999759197235107,0.0021047787740826607,7.891654968261719e-05,279880,0.0021697886,0.001251899404451251,0.0012518235016614199,0.001252550631761551
33114,dct_high_nontargeted_white_box_eps0.0627_iter1,0.5000000000000001,0.3333333333333334,0.99891406,58.03401375741541,0.9998396635055542,0.9999666213989258,0.008635342121124268,0.00029337406158447266,286751,0.0021719972,0.0012539977906271815,0.0012539956951513886,0.001254005474038422
8690,dct_high_nontargeted_white_box_eps0.0627_iter1,0.18181818181818185,0.1090909090909091,0.99949783,58.299159606251926,0.9999367594718933,0.9999748468399048,0.0018203207291662693,0.00020509958267211914,278677,0.002069839,0.001179782790131867,0.0011769823031499982,0.0011824156390503049
381639,dct_high_nontargeted_white_box_eps0.0627_iter1,0.3272727272727273,0.28311688311688316,0.999593,58.284737453498956,0.9999400973320007,0.9999760985374451,0.0007769963704049587,0.0001100301742553711,294280,0.0020743846,0.0011821225052699447,0.0011832404416054487,0.0011855943594127893
284445,dct_high_nontargeted_white_box_eps0.0627_iter1,0.3733333333333334,0.3068799886981705,0.99932545,58.05320795706828,0.9999076128005981,0.9999741315841675,0.004028060473501682,0.000263214111328125,288851,0.0021655587,0.001251123147085309,0.001250950968824327,0.0012433462543413043
468124,dct_high_nontargeted_white_box_eps0.0627_iter2,0.3333333333333334,0.25000000000000006,0.9983558,53.13218938856593,0.9997581243515015,0.9999327063560486,0.003548236330971122,0.00043070316314697266,242261,0.003677715,0.0019382742466405034,0.0019536942709237337,0.001924100681208074
187144,dct_high_nontargeted_white_box_eps0.0627_iter2,0.27272727272727276,0.16666666666666666,0.99804544,53.68436751410129,0.9997100830078125,0.9999087452888489,0.013315252028405666,0.0005586147308349609,237812,0.0033308936,0.0017130057094618678,0.0017317411256954074,0.0017060021637007594
273198,dct_high_nontargeted_white_box_eps0.0627_iter1,0.7500000000000002,0.5000000000000001,0.9995845,58.05272479981899,0.9999443888664246,0.9999781847000122,0.001200452446937561,3.528594970703125e-05,282777,0.0021653702,0.0012453611707314849,0.001250674482434988,0.0012497766874730587
95843,dct_high_nontargeted_white_box_eps0.0627_iter2,0.5000000000000001,0.3333333333333334,0.9976368,54.03374119524344,0.9997095465660095,0.9999094605445862,0.016203131526708603,0.0011676549911499023,193950,0.0031123569,0.0015699244104325771,0.001593100605532527,0.0015729847364127636
417779,dct_high_nontargeted_white_box_eps0.0627_iter1,0.6590909090909092,0.590909090909091,0.99946547,58.036772092436635,0.9999110102653503,0.999972939491272,0.0012520310701802373,8.296966552734375e-05,298616,0.002171194,0.001253011985681951,0.0012535298010334373,0.0012530803214758635
447342,dct_high_nontargeted_white_box_eps0.0627_iter1,0.5272727272727273,0.40606060606060607,0.9997244,58.075926256857635,0.999961256980896,0.9999846816062927,0.0006453105015680194,2.9206275939941406e-05,296418,0.002158584,0.0012444477761164308,0.0012424883898347616,0.001238938537426293
490125,dct_high_nontargeted_white_box_eps0.0627_iter1,0.3333333333333334,0.1666666666666667,0.9994631,58.054177838682186,0.999925971031189,0.9999757409095764,0.002277529798448086,0.0002576112747192383,282196,0.0021644512,0.0012465565232560039,0.0012489601504057646,0.0012490793596953154
183675,dct_high_nontargeted_white_box_eps0.0627_iter1,0.3333333333333334,0.25000000000000006,0.9995368,58.0367322016148,0.9999322891235352,0.9999765157699585,0.002162023913115263,5.543231964111328e-05,277531,0.002171108,0.0012535318965092301,0.0012530444655567408,0.0012530803214758635
532058,dct_high_nontargeted_white_box_eps0.0627_iter1,0.1666666666666667,0.07142857142857144,0.99902433,58.06182968229382,0.9998816847801208,0.9999633431434631,0.005010652355849743,0.00017404556274414062,269076,0.002161029,0.001247258041985333,0.0012443301966413856,0.0012463830644264817
214200,dct_high_nontargeted_white_box_eps0.0627_iter3,0.21212121212121215,0.1272727272727273,0.9971977,50.63548105763337,0.9996616840362549,0.9998631477355957,0.007964590564370155,0.00043964385986328125,290178,0.004852723,0.002675673458725214,0.0026047099381685257,0.002674694173038006
578093,dct_high_nontargeted_white_box_eps0.0627_iter1,0.7727272727272729,0.4242424242424243,0.999554,58.04261598488067,0.9999409914016724,0.999980092048645,0.0014678160659968853,0.00014197826385498047,299433,0.0021692475,0.0012527736835181713,0.0012511935783550143,0.0012506077764555812
369751,dct_high_nontargeted_white_box_eps0.0627_iter1,0.25000000000000006,0.20000000000000004,0.9995649,58.05092869286199,0.9999346137046814,0.9999796152114868,0.0016672707861289382,5.626678466796875e-05,291903,0.0021670691,0.0012505513150244951,0.0012522030156105757,0.0012446334585547447
429011,dct_high_nontargeted_white_box_eps0.0627_iter1,0.25000000000000006,0.14285714285714288,0.99926424,58.04586877330532,0.9998968839645386,0.9999727010726929,0.0030164318159222603,0.00016009807586669922,286138,0.0021676521,0.0012505510821938515,0.0012508051004260778,0.0012503883335739374
301061,dct_high_nontargeted_white_box_eps0.0627_iter1,0.6666666666666669,0.20000000000000004,0.99940985,58.070955060128824,0.9999317526817322,0.999975323677063,0.002826111391186714,0.0001392364501953125,274027,0.0021578872,0.0012414955999702215,0.0012421980500221252,0.001246452797204256
105264,dct_high_nontargeted_white_box_eps0.0627_iter2,0.18181818181818185,0.15909090909090912,0.9977791,53.42603954740635,0.9996797442436218,0.9999051094055176,0.015638265758752823,0.0004400014877319336,231735,0.003495737,0.0018245710525661707,0.0018021668074652553,0.0018151066033169627
370711,dct_high_nontargeted_white_box_eps0.0627_iter1,0.3333333333333334,0.10000000000000002,0.99980766,58.05268680457422,0.999974250793457,0.9999839663505554,0.0005358701455406845,5.21540641784668e-05,290936,0.0021657282,0.001248669228516519,0.0012492466485127807,0.0012479607248678803
25393,dct_high_nontargeted_white_box_eps0.0627_iter1,0.31818181818181823,0.25000000000000006,0.9989498,58.04474244388441,0.9998509287834167,0.9999576807022095,0.005253800190985203,0.00034350156784057617,270691,0.002168114,0.0012519198935478926,0.0012513052206486464,0.0012495169648900628
471087,dct_high_nontargeted_white_box_eps0.0627_iter8,0.3333333333333334,0.20000000000000004,0.9955031,43.96938551830736,0.9993106722831726,0.9996247291564941,0.0161810964345932,0.001940310001373291,393834,0.01021496,0.005347506608814001,0.005600211676210165,0.005225899163633585
106757,dct_high_nontargeted_white_box_eps0.0627_iter4,0.18181818181818185,0.0,0.99563915,48.74375583402145,0.9993224143981934,0.9998083114624023,0.016846738755702972,0.0012598037719726562,356983,0.005960566,0.003134397557005286,0.0031022909097373486,0.0031636557541787624
183648,dct_high_nontargeted_white_box_eps0.0627_iter1,0.20000000000000004,0.1666666666666667,0.9995492,58.05488122016285,0.99993896484375,0.9999784231185913,0.0019198396475985646,8.165836334228516e-05,282273,0.0021647504,0.0012480904115363955,0.0012475271942093968,0.0012483635218814015
358525,dct_high_nontargeted_white_box_eps0.0627_iter1,0.1666666666666667,0.11111111111111113,0.99929494,58.22094705216128,0.9999222755432129,0.9999730587005615,0.0036839102394878864,0.00018858909606933594,271652,0.0020977906,0.0012027262710034847,0.0012006375472992659,0.0012001375434920192
519688,dct_high_nontargeted_white_box_eps0.0627_iter1,0.3333333333333334,0.12500000000000003,0.9989643,58.03434768901046,0.9998668432235718,0.9999616146087646,0.010811133310198784,0.00038427114486694336,268589,0.0021719085,0.0012537343427538872,0.0012539983727037907,0.001253995462320745
130699,dct_high_nontargeted_white_box_eps0.0627_iter1,0.5568181818181819,0.28409090909090917,0.99949557,58.03444493489668,0.9999228715896606,0.9999778866767883,0.0015450388891622424,0.0001964569091796875,290892,0.0021718605,0.0012539030285552144,0.0012539008166640997,0.0012538497103378177
405249,dct_high_nontargeted_white_box_eps0.0627_iter1,0.16859504132231404,0.09350649350649351,0.9995015,58.05996197333749,0.9999372363090515,0.9999798536300659,0.0018902041483670473,0.00015860795974731445,275005,0.0021633117,0.0012471345253288746,0.001249182503670454,0.0012432822259142995
235784,dct_high_nontargeted_white_box_eps0.0627_iter1,0.25000000000000006,0.20000000000000004,0.9991377,58.13729788367486,0.9998799562454224,0.9999642968177795,0.0052523138001561165,0.00019222497940063477,290825,0.0021311631,0.0012190085835754871,0.0012257276102900505,0.001228826236911118
537506,dct_high_nontargeted_white_box_eps0.0627_iter1,0.17045454545454547,0.08080808080808081,0.999294,58.0599310372126,0.9999223947525024,0.9999767541885376,0.004334204830229282,0.0001709461212158203,266070,0.002162477,0.0012430299539119005,0.0012483112514019012,0.0012482773745432496
119445,dct_high_nontargeted_white_box_eps0.0627_iter2,0.10606060606060608,0.09090909090909093,0.99912316,53.01993467183891,0.9998504519462585,0.9999412894248962,0.002415983472019434,0.0001189112663269043,262728,0.003764728,0.0019822432659566402,0.0020155925303697586,0.001972635742276907
507015,dct_high_nontargeted_white_box_eps0.0627_iter4,0.25000000000000006,0.13636363636363638,0.99639505,48.20372299411798,0.9993463754653931,0.9998179078102112,0.006989621091634035,0.0006694793701171875,378090,0.006458634,0.003452804172411561,0.003492406103760004,0.003344625234603882
173830,dct_high_nontargeted_white_box_eps0.0627_iter1,0.3333333333333334,0.20000000000000004,0.99893165,58.034510135413,0.9998650550842285,0.9999594688415527,0.006135264411568642,0.00032258033752441406,269935,0.0021718272,0.0012538924347609282,0.0012538587907329202,0.0012538040755316615
373315,dct_high_nontargeted_white_box_eps0.0627_iter5,0.3333333333333334,0.12500000000000003,0.9920512,48.54878180162821,0.9987585544586182,0.9996722936630249,0.04649318754673004,0.0032167434692382812,337771,0.005951558,0.003219753736630082,0.003268241183832288,0.0031554989982396364
13546,dct_high_nontargeted_white_box_eps0.0627_iter14,0.14285714285714288,0.07792207792207793,0.9739749,40.50308682591535,0.9954966902732849,0.9988319873809814,0.05272911116480827,0.008241057395935059,402318,0.015023317,0.007773029617965221,0.007809811737388372,0.008016851730644703
67310,dct_high_nontargeted_white_box_eps0.0627_iter1,0.1818181818181818,0.1090909090909091,0.9995005,58.049137215173936,0.9999275207519531,0.9999814033508301,0.0017744572833180428,0.00013846158981323242,296876,0.0021675169,0.0012525089550763369,0.0012523040641099215,0.0012441137805581093
125936,dct_high_nontargeted_white_box_eps0.0627_iter1,0.1666666666666667,0.13636363636363638,0.99944454,58.092341999682944,0.9999391436576843,0.9999778270721436,0.001957579981535673,5.3048133850097656e-05,270272,0.0021542392,0.001244539744220674,0.0012468455825001001,0.0012204451486468315
128476,dct_high_nontargeted_white_box_eps0.0627_iter7,0.1666666666666667,0.06818181818181819,0.9919664,45.246237302158974,0.9990472197532654,0.9996134638786316,0.03240837901830673,0.0031562447547912598,378116,0.008700568,0.0046942648477852345,0.004717417061328888,0.004642718005925417
414034,dct_high_nontargeted_white_box_eps0.0627_iter1,0.11111111111111113,0.10000000000000002,0.9991916,58.03606347470266,0.9999014139175415,0.9999725818634033,0.0057997372932732105,0.00011909008026123047,268542,0.0021713756,0.00125360325910151,0.0012536667054519057,0.0012529757805168629
99182,dct_high_nontargeted_white_box_eps0.0627_iter1,0.20000000000000004,0.1666666666666667,0.99901915,58.19854407644093,0.9999009966850281,0.9999697804450989,0.006336768623441458,0.00014901161193847656,253125,0.0021069283,0.001200379803776741,0.001211194903589785,0.001210585585795343
351823,dct_high_nontargeted_white_box_eps0.0627_iter2,0.25000000000000006,0.20000000000000004,0.9981801,53.40479600789605,0.9997437000274658,0.9999336004257202,0.00558222271502018,0.00040978193283081055,228200,0.0035103401,0.001804680097848177,0.0018302839016541839,0.0018266087863594294
65736,dct_high_nontargeted_white_box_eps0.0627_iter2,0.20000000000000004,0.1666666666666667,0.9965314,54.12357790668794,0.999512791633606,0.9998549222946167,0.03901217132806778,0.0014984607696533203,192219,0.0030512202,0.0015362751437351108,0.0015387057792395353,0.0015536651480942965
1000,dct_high_nontargeted_white_box_eps0.0627_iter1,0.14898989898989903,0.12457542457542457,0.99959093,58.06911485424057,0.9999504089355469,0.9999803304672241,0.0014893438201397657,0.00028443336486816406,282227,0.0021607447,0.0012450807262212038,0.001242297817952931,0.0012443452142179012
559543,dct_high_nontargeted_white_box_eps0.0627_iter2,0.10000000000000002,0.09090909090909093,0.9977513,54.091810404087795,0.9997129440307617,0.9999248385429382,0.01661035604774952,0.0014011859893798828,190970,0.0030777953,0.0015607656678184867,0.0015580961480736732,0.001551361638121307
185890,dct_high_nontargeted_white_box_eps0.0627_iter1,0.193939393939394,0.15272727272727277,0.9994723,58.05254258046546,0.9999278783798218,0.9999793767929077,0.002266181167215109,0.0002015233039855957,284642,0.0021659378,0.0012507368810474873,0.0012497745919972658,0.0012454960960894823
129492,dct_high_nontargeted_white_box_eps0.0627_iter1,0.10000000000000002,0.09090909090909093,0.9991985,58.04401360902371,0.9998941421508789,0.9999687671661377,0.0037704091519117355,0.00016671419143676758,274008,0.0021690172,0.0012529519153758883,0.0012522473698481917,0.0012481656158342957
410510,dct_high_nontargeted_white_box_eps0.0627_iter1,0.20000000000000004,0.14285714285714288,0.9988298,58.06486961437691,0.9998409152030945,0.9999581575393677,0.006542915944010019,0.00021129846572875977,274669,0.002161881,0.0012414195807650685,0.0012465142644941807,0.001247462467290461
306700,dct_high_nontargeted_white_box_eps0.0627_iter1,0.12500000000000003,0.11111111111111113,0.999218,58.05417390341421,0.9998921155929565,0.9999761581420898,0.003558588679879904,0.00011008977890014648,272688,0.0021663927,0.001251646550372243,0.0012521848548203707,0.0012407625326886773
332845,dct_high_nontargeted_white_box_eps0.0627_iter1,0.14285714285714288,0.11111111111111113,0.99881095,58.08748194197203,0.9998478889465332,0.9999548196792603,0.010961247608065605,0.0011127591133117676,264608,0.0021489393,0.0012388366740196943,0.0012387537863105536,0.0012383987195789814
334309,dct_high_nontargeted_white_box_eps0.0627_iter1,0.27272727272727276,0.11363636363636365,0.99946517,58.09524011129815,0.9999358654022217,0.9999788403511047,0.0016666734591126442,0.00031256675720214844,277141,0.0021525535,0.0012345245340839028,0.0012448780471459031,0.001229948247782886
413552,dct_high_nontargeted_white_box_eps0.0627_iter2,0.27272727272727276,0.13636363636363638,0.99752116,54.25732914330179,0.9996911287307739,0.9999056458473206,0.016013432294130325,0.0007997751235961914,185080,0.0029646698,0.001496582292020321,0.001493342686444521,0.0015030130743980408
89556,dct_high_nontargeted_white_box_eps0.0627_iter1,0.38663101604278083,0.10181818181818184,0.99953264,58.18659910422697,0.9999446272850037,0.9999775290489197,0.0024201516062021255,0.00023663043975830078,286119,0.002111695,0.0012106079375371337,0.0012106382055208087,0.001210880232974887
86220,dct_high_nontargeted_white_box_eps0.0627_iter4,0.5000000000000001,0.4000000000000001,0.995575,48.616472663551335,0.9993754625320435,0.9998494386672974,0.021050212904810905,0.0012110471725463867,362487,0.0060571404,0.003221353981643915,0.003226442961022258,0.003115154104307294
508602,dct_high_nontargeted_white_box_eps0.0627_iter3,0.3333333333333334,0.13636363636363638,0.9977644,50.9915661305806,0.9997613430023193,0.9998970031738281,0.010486799292266369,0.00028264522552490234,279196,0.004591672,0.0025027927476912737,0.0025074773002415895,0.002515912288799882
10363,dct_high_nontargeted_white_box_eps0.0627_iter1,0.28571428571428575,0.0,0.9992302,58.035928562261574,0.9998979568481445,0.9999679923057556,0.003534213174134493,0.00020635128021240234,275978,0.002171425,0.001253526657819748,0.0012534278212115169,0.001253415597602725
17178,dct_high_nontargeted_white_box_eps0.0627_iter3,0.25000000000000006,0.20000000000000004,0.99812746,50.49721725654539,0.9996771216392517,0.9999060034751892,0.006379574537277222,0.0007595419883728027,306503,0.0049645416,0.0027307909913361073,0.0027206293307244778,0.002678520977497101
507975,dct_high_nontargeted_white_box_eps0.0627_iter1,0.1545454545454546,0.10303030303030304,0.99963564,58.06475110970447,0.9999566078186035,0.9999816417694092,0.0012719666119664907,3.254413604736328e-05,277970,0.0021612907,0.00124529714230448,0.0012446664040908217,0.0012455112300813198
314177,dct_high_nontargeted_white_box_eps0.0627_iter1,0.3333333333333334,0.25000000000000006,0.9990054,58.046886746598105,0.9998509883880615,0.9999578595161438,0.0043182047083973885,0.000466763973236084,279369,0.0021681837,0.0012516769347712398,0.0012521542375907302,0.0012470613000914454
313182,dct_high_nontargeted_white_box_eps0.0627_iter1,0.41245791245791247,0.3246753246753248,0.9994769,58.55994496200937,0.9999753832817078,0.9999741911888123,0.005104991607367992,6.723403930664062e-05,291703,0.0019813862,0.0011352329747751355,0.0010948420967906713,0.0011028454173356295
538364,dct_high_nontargeted_white_box_eps0.0627_iter1,0.3246753246753248,0.21428571428571427,0.99940604,58.05008764730016,0.9999152421951294,0.9999758005142212,0.0016572799067944288,9.846687316894531e-05,286043,0.0021670822,0.0012516150018200278,0.0012516098795458674,0.001244900980964303
149406,dct_high_nontargeted_white_box_eps0.0627_iter2,1.0000000000000002,0.3333333333333334,0.9985771,53.54517783979822,0.9998215436935425,0.9999284744262695,0.004564628005027771,0.00016045570373535156,217696,0.0034091482,0.0017643821192905307,0.0017645439365878701,0.0017591643845662475
180383,dct_high_nontargeted_white_box_eps0.0627_iter2,0.14285714285714288,0.11111111111111113,0.99772865,53.67986151722006,0.9997302889823914,0.9999083280563354,0.010449295863509178,0.0006231069564819336,201451,0.003301468,0.0017120628617703915,0.0017110896296799183,0.001703727524727583
449996,dct_high_nontargeted_white_box_eps0.0627_iter1,0.2727272727272727,0.14545454545454545,0.9989367,58.03905895612739,0.9998406767845154,0.9999723434448242,0.00858452171087265,0.0005056858062744141,290236,0.0021702955,0.0012519854353740811,0.0012528987135738134,0.001252721413038671
103548,dct_high_nontargeted_white_box_eps0.0627_iter8,0.3333333333333334,0.25000000000000006,0.98971653,42.66581287951732,0.9980051517486572,0.9994279146194458,0.02570105716586113,0.006130993366241455,404530,0.012207805,0.00649268040433526,0.006610030308365822,0.006464655511081219
15338,dct_high_nontargeted_white_box_eps0.0627_iter1,0.3090909090909092,0.22077922077922082,0.99961644,58.12324990727725,0.9999456405639648,0.9999774694442749,0.0010602008551359177,6.622076034545898e-05,294628,0.0021373525,0.001231860020197928,0.0012285535922273993,0.0012250849977135658
512564,dct_high_nontargeted_white_box_eps0.0627_iter1,0.65974025974026,0.4242424242424243,0.9995275,58.1019008752914,0.9999415278434753,0.999980628490448,0.0015521410387009382,0.00013005733489990234,294029,0.0021501733,0.0012398181715980172,0.001243054517544806,0.0012207836844027042
336658,dct_high_nontargeted_white_box_eps0.0627_iter1,0.27727272727272734,0.08116883116883118,0.99905854,58.124618560934785,0.9998680353164673,0.9999730587005615,0.0031863537151366472,0.000213623046875,276104,0.002146424,0.0012034089304506779,0.0012441305443644524,0.001236808835528791
568439,dct_high_nontargeted_white_box_eps0.0627_iter2,0.40681818181818186,0.4049586776859505,0.9987004,53.488988736856925,0.9997984766960144,0.9999473690986633,0.0038545585703104734,0.0002480745315551758,238129,0.0034815806,0.0017771950224414468,0.0018084313487634063,0.0017751844134181738
372317,dct_high_nontargeted_white_box_eps0.0627_iter2,0.5000000000000001,0.25000000000000006,0.9983352,53.60867483245634,0.9997521638870239,0.999948263168335,0.004471618682146072,0.0001423954963684082,220208,0.0033855499,0.001719611114822328,0.001751185511238873,0.0017410259461030364
476704,dct_high_nontargeted_white_box_eps0.0627_iter1,0.6212121212121212,0.38961038961038963,0.9991669,58.05746229703156,0.9998928904533386,0.9999704957008362,0.005198034457862377,0.0002707839012145996,281914,0.0021637105,0.0012484462931752205,0.0012491170782595873,0.0012441725702956319
260266,dct_high_nontargeted_white_box_eps0.0627_iter1,0.7597402597402598,0.5000000000000001,0.99896556,58.04774947946009,0.99983811378479,0.9999586343765259,0.004747538827359676,0.00011050701141357422,288995,0.0021678312,0.0012486519990488887,0.0012525542406365275,0.0012489210348576307
106048,dct_high_nontargeted_white_box_eps0.0627_iter1,1.0000000000000002,0.5000000000000001,0.9990527,58.04007225350348,0.9998804926872253,0.9999648928642273,0.006240808870643377,0.00017523765563964844,270150,0.0021702023,0.0012534521520137787,0.0012531029060482979,0.00125021580606699
177893,dct_high_nontargeted_white_box_eps0.0627_iter1,0.7727272727272729,0.3333333333333334,0.99941134,58.460925048904635,0.9999423027038574,0.999969482421875,0.0026360959745943546,0.00017243623733520508,287561,0.002007462,0.001136581413447857,0.001136196544393897,0.0011370019055902958
315450,dct_high_nontargeted_white_box_eps0.0627_iter2,0.47727272727272735,0.27272727272727276,0.9977639,53.589361557595545,0.9996918439865112,0.9999192357063293,0.010419132187962532,0.0006328821182250977,229637,0.0033718687,0.0017604610184207559,0.0017487959703430533,0.0017522723646834493
171050,dct_high_nontargeted_white_box_eps0.0627_iter1,1.0000000000000002,0.5000000000000001,0.99927264,58.12955483618205,0.9999114871025085,0.9999702572822571,0.002660291036590934,0.000213623046875,271583,0.0021440436,0.0012092720717191696,0.0012172299902886152,0.0012536515714600682
243867,dct_high_nontargeted_white_box_eps0.0627_iter2,1.0000000000000002,0.4696969696969697,0.9973545,54.07399706308496,0.9996654987335205,0.9998874664306641,0.019060224294662476,0.0013498663902282715,198068,0.0030798085,0.001575181377120316,0.0015640659257769585,0.0015611493727192283
263594,dct_high_nontargeted_white_box_eps0.0627_iter1,0.446969696969697,0.42613636363636376,0.999451,58.11335248238449,0.9999257326126099,0.999975860118866,0.0015269966097548604,7.545948028564453e-05,284788,0.0021473374,0.0012460743309929967,0.001222080085426569,0.0012257382040843368
147725,dct_high_nontargeted_white_box_eps0.0627_iter1,0.5,0.3636363636363637,0.99930763,58.05886527642589,0.9998907446861267,0.9999698400497437,0.0016875891014933586,0.00013053417205810547,287680,0.0021644244,0.001252291607670486,0.0012497672578319907,0.0012384848669171333
88432,dct_high_nontargeted_white_box_eps0.0627_iter1,0.6590909090909092,0.5272727272727273,0.99960464,58.074114532176694,0.9999486207962036,0.9999815821647644,0.0012480102013796568,5.942583084106445e-05,292315,0.0021581987,0.001239835168235004,0.0012448984198272228,0.0012427018955349922
138979,dct_high_nontargeted_white_box_eps0.0627_iter1,0.7370129870129871,0.5636363636363637,0.99924034,58.05661540213129,0.9999121427536011,0.999971330165863,0.003448775503784418,0.00010788440704345703,273394,0.0021637448,0.0012477874988690019,0.0012473856331780553,0.0012473062379285693
100283,dct_high_nontargeted_white_box_eps0.0627_iter1,0.11363636363636365,0.05454545454545454,0.99926287,58.044122512004805,0.999889612197876,0.9999728202819824,0.002489052014425397,0.00026911497116088867,276931,0.0021689143,0.001250974484719336,0.0012513427063822746,0.001250955741852522
563653,dct_high_nontargeted_white_box_eps0.0627_iter1,0.7454545454545455,0.6690909090909092,0.9994731,58.04484744630904,0.9999171495437622,0.9999837279319763,0.0016139005310833454,6.711483001708984e-05,300022,0.0021687264,0.0012509223306551576,0.001251339795999229,0.0012503811158239841
113051,dct_high_nontargeted_white_box_eps0.0627_iter1,0.5000000000000001,0.25000000000000006,0.9989975,58.298305106390416,0.9998783469200134,0.999960720539093,0.012364650145173073,0.0011380910873413086,270353,0.0020691005,0.0011875773780047894,0.0011859149672091007,0.0011664159828796983
73702,dct_high_nontargeted_white_box_eps0.0627_iter1,0.22077922077922082,0.14141414141414144,0.99936056,58.057022512336644,0.9999260306358337,0.9999740123748779,0.0030011923518031836,0.00011599063873291016,271104,0.0021653734,0.0012381038395687938,0.0012513963738456368,0.0012526257196441293
86483,dct_high_nontargeted_white_box_eps0.0627_iter3,0.2545454545454546,0.05454545454545455,0.99792784,50.838426288929675,0.9997379183769226,0.9999040961265564,0.006983110681176186,0.00025975704193115234,296461,0.004732663,0.0026109921745955944,0.002583929570391774,0.002542819594964385
521141,dct_high_nontargeted_white_box_eps0.0627_iter1,0.8181818181818183,0.4062500000000001,0.99946195,58.159940711329284,0.9999262690544128,0.9999774694442749,0.0018304489785805345,0.00015783309936523438,300855,0.002125444,0.0012218268821015954,0.0012163433711975813,0.0012163188075646758
61268,dct_high_nontargeted_white_box_eps0.0627_iter1,0.5227272727272728,0.20000000000000004,0.9992366,58.3875032450921,0.9999065399169922,0.9999673366546631,0.00489188265055418,0.00038802623748779297,272091,0.0020343221,0.0011631797533482313,0.0011599550489336252,0.0011448037112131715
393093,dct_high_nontargeted_white_box_eps0.0627_iter1,0.6363636363636365,0.4363636363636365,0.9995865,58.243747209620935,0.9999582767486572,0.9999803304672241,0.001435695681720972,0.00013393163681030273,286158,0.0020921635,0.0011937145609408617,0.0011941716074943542,0.0011967557948082685
493566,dct_high_nontargeted_white_box_eps0.0627_iter1,0.5454545454545455,0.27272727272727276,0.99961966,58.0586504837327,0.9999538660049438,0.9999831914901733,0.0008819778449833393,7.56382942199707e-05,282034,0.002163089,0.0012435957323759794,0.0012477595591917634,0.0012493733083829284
198510,dct_high_nontargeted_white_box_eps0.0627_iter1,1.0000000000000002,0.6666666666666669,0.9991884,58.38814399654888,0.9998976588249207,0.9999670386314392,0.006091802380979061,0.0003211498260498047,266264,0.0020532357,0.0011278237216174603,0.0011783207301050425,0.0011612670496106148
126592,dct_high_nontargeted_white_box_eps0.0627_iter1,0.17954545454545456,0.14090909090909093,0.9992547,58.063733516658544,0.9998881220817566,0.9999781847000122,0.003814361523836851,0.00010478496551513672,286868,0.0021627597,0.0012464247411116958,0.0012489899527281523,0.0012409188784658909
416269,dct_high_nontargeted_white_box_eps0.0627_iter1,0.5000000000000001,0.3333333333333334,0.9993059,58.11101129354719,0.9999094009399414,0.9999785423278809,0.005104571580886841,0.0006427764892578125,271775,0.002146479,0.0012366195442155004,0.0012350400211289525,0.0012242530938237906
133567,dct_high_nontargeted_white_box_eps0.0627_iter2,0.6666666666666669,0.5000000000000001,0.99855393,53.71726881432248,0.9998070001602173,0.9999350905418396,0.005416424944996834,0.00021123886108398438,217140,0.0033224204,0.0017006549751386046,0.0017007366986945271,0.0016883286880329251
521052,dct_high_nontargeted_white_box_eps0.0627_iter2,1.0000000000000002,0.5000000000000001,0.9991657,53.4577410140693,0.9998874068260193,0.9999538064002991,0.002489093691110611,0.0004805326461791992,235464,0.0034918564,0.0017999715637415648,0.0018083734903484583,0.001788764726370573
332318,dct_high_nontargeted_white_box_eps0.0627_iter2,0.13636363636363638,0.06818181818181818,0.99879694,52.79510485960262,0.9997655749320984,0.9999364614486694,0.007025488652288914,0.0007624626159667969,282301,0.0039041466,0.0021014113444834948,0.0020954287610948086,0.002089698566123843
415990,dct_high_nontargeted_white_box_eps0.0627_iter1,0.20000000000000004,0.16969696969696965,0.99930125,58.038156841435935,0.9998757839202881,0.9999717473983765,0.022190101444721222,0.0003719329833984375,290176,0.0021704931,0.0012532002292573452,0.001252642716281116,0.0012525819474831223
460147,dct_high_nontargeted_white_box_eps0.0627_iter1,0.18903318903318903,0.12367178276269186,0.9993768,58.1186764173691,0.9999205470085144,0.9999794363975525,0.0027759666554629803,0.0001906752586364746,285299,0.002144244,0.0012335439678281546,0.001236654119566083,0.0012191843707114458
190140,dct_high_nontargeted_white_box_eps0.0627_iter2,0.38636363636363646,0.2545454545454546,0.99816054,53.76348632038034,0.9997736215591431,0.999932587146759,0.0139597337692976,0.00023221969604492188,202751,0.0032561312,0.0016805038321763277,0.0016704328591004014,0.0016783296596258879
126216,dct_high_nontargeted_white_box_eps0.0627_iter1,0.13636363636363635,0.0,0.9999106,58.05447688199208,0.9999809265136719,0.9999909400939941,0.0002550608478486538,0.00023686885833740234,312191,0.002165427,0.0012499518925324082,0.0012499600416049361,0.0012444074964150786
84270,dct_high_nontargeted_white_box_eps0.0627_iter1,0.11797802587276271,0.10194003527336862,0.99944395,58.109713142174954,0.9999403953552246,0.9999738931655884,0.0017267229268327355,0.00011479854583740234,273136,0.0021440778,0.0012315682834014297,0.0012368126772344112,0.001228635199368
267191,dct_high_nontargeted_white_box_eps0.0627_iter4,0.3333333333333334,0.25000000000000006,0.996799,48.50326525412519,0.9995296001434326,0.9998354911804199,0.017647888511419296,0.001597762107849121,364129,0.0061344267,0.003243786981329322,0.0032643559388816357,0.0032386439852416515
213547,dct_high_nontargeted_white_box_eps0.0627_iter2,0.10000000000000002,0.05454545454545455,0.99837327,53.587557086051724,0.999811053276062,0.9999383091926575,0.011831885203719139,0.0005834102630615234,210441,0.003365706,0.0017422703094780445,0.0017547511961311102,0.001740965060889721
456015,dct_high_nontargeted_white_box_eps0.0627_iter1,0.3333333333333334,0.25000000000000006,0.99903077,58.03419788290942,0.9998550415039062,0.9999721050262451,0.004019947722554207,0.0004595518112182617,289665,0.0021719434,0.0012539641465991735,0.0012539081508293748,0.0012539471499621868
547886,dct_high_nontargeted_white_box_eps0.0627_iter1,0.3333333333333334,0.20000000000000004,0.9988257,58.03412899431841,0.9998351335525513,0.9999616742134094,0.008307937532663345,0.00045877695083618164,277768,0.002171963,0.001253988710232079,0.001253985334187746,0.0012539044255390763
69356,dct_high_nontargeted_white_box_eps0.0627_iter1,0.14285714285714288,0.12500000000000003,0.99974823,58.085319335301136,0.9999634027481079,0.9999833106994629,0.0006055703852325678,4.780292510986328e-05,299982,0.0021542374,0.0012399882543832064,0.001240778830833733,0.0012370668118819594
162415,dct_high_nontargeted_white_box_eps0.0627_iter5,0.3333333333333334,0.25000000000000006,0.99270725,48.16937892877631,0.9991187453269958,0.9996981024742126,0.043031126260757446,0.001595139503479004,342845,0.0061808,0.0033383313566446304,0.0033464226871728897,0.0033735898323357105
274708,dct_high_nontargeted_white_box_eps0.0627_iter1,0.25000000000000006,0.20454545454545459,0.9986925,58.13002822493175,0.9998397827148438,0.9999418258666992,0.021529650315642357,0.0008871555328369141,266673,0.0021350721,0.0012201498029753566,0.001226432272233069,0.0012331383768469095
377113,dct_high_nontargeted_white_box_eps0.0627_iter1,0.16666666666666666,0.11363636363636363,0.99965096,58.042278928085835,0.9999492168426514,0.9999797940254211,0.001281074364669621,5.328655242919922e-05,288268,0.0021696636,0.001253684749826789,0.001247764565050602,0.0012534070992842317
430377,dct_high_nontargeted_white_box_eps0.0627_iter1,0.3333333333333334,0.20000000000000004,0.99898815,58.03422415997914,0.9998617172241211,0.9999562501907349,0.004417747259140015,0.0006699562072753906,273339,0.0021719402,0.0012537636794149876,0.001254014321602881,0.0012540178140625358
512776,dct_high_nontargeted_white_box_eps0.0627_iter3,0.3333333333333334,0.2575757575757575,0.99501485,51.552543701002264,0.9995937347412109,0.9998593926429749,0.02405477687716484,0.0012651681900024414,238257,0.0041881814,0.0022868909873068333,0.002277000341564417,0.0022955448366701603
95155,dct_high_nontargeted_white_box_eps0.0627_iter4,0.3333333333333334,0.25000000000000006,0.99419284,48.49247758820826,0.9990245699882507,0.9997555613517761,0.017173301428556442,0.0011820793151855469,366165,0.0061815535,0.0032629885245114565,0.003310662694275379,0.003223356558009982
184978,dct_high_nontargeted_white_box_eps0.0627_iter2,0.3333333333333334,0.25000000000000006,0.99799985,53.76828520160732,0.9997207522392273,0.9999411702156067,0.00955826323479414,0.00039708614349365234,213588,0.0032870143,0.0016941282665356994,0.001672425540164113,0.0016564385732635856
199055,dct_high_nontargeted_white_box_eps0.0627_iter1,0.25000000000000006,0.20000000000000004,0.9995692,58.03575299229118,0.9999379515647888,0.999981164932251,0.0019203098490834236,0.00014781951904296875,292203,0.0021714019,0.0012535977875813842,0.0012534158304333687,0.0012534771813079715
431848,dct_high_nontargeted_white_box_eps0.0627_iter3,0.18181818181818185,0.13636363636363638,0.99639726,51.264155344307866,0.9996187090873718,0.9998639822006226,0.017822008579969406,0.0015055537223815918,258323,0.0043972395,0.0024091557133942842,0.0024342266842722893,0.002390581415966153
128699,dct_high_nontargeted_white_box_eps0.0627_iter2,0.3333333333333334,0.30050505050505055,0.9972275,53.59727499299193,0.9996191263198853,0.999918520450592,0.031165512278676033,0.0009540915489196777,221227,0.0033734806,0.0017542983405292034,0.0017368581611663103,0.0017366348765790462
121591,dct_high_nontargeted_white_box_eps0.0627_iter1,0.5000000000000001,0.0,0.99939936,58.34228805832993,0.9999220371246338,0.9999740123748779,0.0025030227843672037,0.00013816356658935547,282738,0.0020521733,0.0011731814593076706,0.0011631520465016365,0.0011678643058985472
176799,dct_high_nontargeted_white_box_eps0.0627_iter1,0.20000000000000004,0.14285714285714288,0.9996405,58.04840328029333,0.9999553561210632,0.999980628490448,0.0010519020725041628,6.216764450073242e-05,290790,0.00216733,0.0012488459469750524,0.0012509026564657688,0.0012498252326622605
424521,dct_high_nontargeted_white_box_eps0.0627_iter1,0.3333333333333334,0.25000000000000006,0.999377,58.061685705913746,0.99991774559021,0.9999808073043823,0.0039679924957454205,0.00012242794036865234,283710,0.0021628805,0.0012445107568055391,0.0012493792455643415,0.0012442289153113961
254016,dct_high_nontargeted_white_box_eps0.0627_iter2,0.20000000000000004,0.0,0.99822515,53.70707854958921,0.9997864961624146,0.9999332427978516,0.011324195191264153,0.0009126663208007812,201729,0.0032813349,0.001699215266853571,0.0017021496314555407,0.0016931035788729787
73946,dct_high_nontargeted_white_box_eps0.0627_iter2,0.21212121212121215,0.15909090909090912,0.9975812,53.78530487952805,0.9996950030326843,0.9999053478240967,0.01847715862095356,0.0008320808410644531,198654,0.0032340926,0.001658523571677506,0.0016690309857949615,0.0016787578351795673
230819,dct_high_nontargeted_white_box_eps0.0627_iter2,0.3333333333333334,0.25000000000000006,0.99844027,53.236642099346554,0.9997624754905701,0.9999373555183411,0.004470336250960827,0.00019818544387817383,254907,0.0036265028,0.0019066825043410063,0.0018909164937213063,0.0018795229261741042
82715,dct_high_nontargeted_white_box_eps0.0627_iter9,0.3333333333333334,0.1666666666666667,0.9880266,43.03677863316616,0.9979121685028076,0.9994478821754456,0.027958735823631287,0.004252970218658447,398063,0.011404891,0.006019961088895798,0.006119309458881617,0.006130431313067675
27696,dct_high_nontargeted_white_box_eps0.0627_iter1,0.14285714285714288,0.0,0.9993627,58.119212145981564,0.9999281764030457,0.9999769926071167,0.002720818854868412,7.653236389160156e-05,265630,0.002148,0.0012526963837444782,0.0012370023177936673,0.0011992250801995397
497344,dct_high_nontargeted_white_box_eps0.0627_iter2,0.12500000000000003,0.11111111111111113,0.9975259,53.963925906248676,0.9996805191040039,0.9999017715454102,0.023881256580352783,0.0005067586898803711,193830,0.0031372318,0.001607356360182166,0.0015981661854311824,0.0015991218388080597
361147,dct_high_nontargeted_white_box_eps0.0627_iter16,0.1272727272727273,0.11363636363636365,0.96735257,39.91215235701933,0.9944624304771423,0.9987150430679321,0.08191119879484177,0.008383214473724365,402426,0.015861796,0.008429410867393017,0.008231176994740963,0.008407753892242908
343706,dct_high_nontargeted_white_box_eps0.0627_iter1,0.5000000000000001,0.3333333333333334,0.9996521,58.04458736208279,0.9999537467956543,0.9999852180480957,0.003452908480539918,0.00028198957443237305,296590,0.0021687662,0.0012483849423006177,0.0012513335095718503,0.0012531186221167445
199395,dct_high_nontargeted_white_box_eps0.0627_iter1,0.4318181818181819,0.40909090909090917,0.9987767,58.03436483449943,0.9998142123222351,0.9999470114707947,0.008432270959019661,0.00044971704483032227,290414,0.002171889,0.001253866241313517,0.0012538633309304714,0.00125396391376853
514797,dct_high_nontargeted_white_box_eps0.0627_iter1,0.3333333333333334,0.25000000000000006,0.9991946,58.056662388417166,0.9998787641525269,0.999967098236084,0.002232288010418415,0.0003465414047241211,279840,0.0021648882,0.0012463727034628391,0.0012468085624277592,0.0012492440873757005
279774,dct_high_nontargeted_white_box_eps0.0627_iter3,0.1545454545454546,0.14383838383838385,0.9970119,50.49992494874551,0.9995478987693787,0.9998641610145569,0.010765348561108112,0.000689387321472168,288626,0.0049457448,0.0027044666931033134,0.0027345335111021996,0.0027107594069093466
474078,dct_high_nontargeted_white_box_eps0.0627_iter6,0.1666666666666667,0.11363636363636363,0.9958749,45.03511132026611,0.9990760684013367,0.999657154083252,0.007020797114819288,0.0010872483253479004,397207,0.00928159,0.0048948316834867,0.005001718178391457,0.004952794406563044
872,dct_high_nontargeted_white_box_eps0.0627_iter9,0.13636363636363638,0.05454545454545455,0.9908728,43.66167455673266,0.9986227750778198,0.9995740056037903,0.03810369223356247,0.0028621554374694824,392195,0.010443385,0.0055369664914906025,0.005511941388249397,0.005640042945742607
32038,dct_high_nontargeted_white_box_eps0.0627_iter1,0.14285714285714288,0.12500000000000003,0.99811935,58.99723159593609,0.9998587369918823,0.9999722242355347,0.015560075640678406,0.0005213022232055664,170705,0.0018191749,0.0010140086524188519,0.0010207127779722214,0.0009789739269763231
261732,dct_high_nontargeted_white_box_eps0.0627_iter4,0.20000000000000004,0.1666666666666667,0.99347275,48.897054506795584,0.9990404844284058,0.9998032450675964,0.027503499761223793,0.0009706020355224609,345173,0.005801836,0.003083999967202544,0.0030632158741354942,0.003001099219545722
564091,dct_high_nontargeted_white_box_eps0.0627_iter1,0.12500000000000003,0.11111111111111113,0.99924296,58.05242470560785,0.999904990196228,0.999976396560669,0.0042803785763680935,0.00017654895782470703,277163,0.0021664216,0.0012472177622839808,0.0012509525986388326,0.0012479218421503901
280930,dct_high_nontargeted_white_box_eps0.0627_iter3,0.14285714285714288,0.11111111111111113,0.99613667,51.22010689243892,0.9995913505554199,0.9998512268066406,0.030714858323335648,0.0011045336723327637,264659,0.004433459,0.002412457950413227,0.002414087764918804,0.0024395380169153214
384136,dct_high_nontargeted_white_box_eps0.0627_iter2,0.3333333333333334,0.20000000000000004,0.99750066,53.99422996670012,0.999669075012207,0.9999086856842041,0.01304797362536192,0.0005850791931152344,190578,0.0031168929,0.001601079828105867,0.0015886087203398347,0.0015789296012371778
173057,dct_high_nontargeted_white_box_eps0.0627_iter1,0.10000000000000002,0.09943181818181819,0.9993024,58.03738791597975,0.9999024271965027,0.9999759793281555,0.0029307983350008726,0.00019073486328125,293158,0.002170817,0.0012529247906059027,0.0012531758984550834,0.0012529735686257482
475572,dct_high_nontargeted_white_box_eps0.0627_iter1,0.14285714285714288,0.07792207792207793,0.99911195,58.06195928267541,0.9998898506164551,0.9999635815620422,0.005496416240930557,0.0003001093864440918,269457,0.0021624519,0.0012477425625547767,0.0012499220902100205,0.0012402278371155262
183709,dct_high_nontargeted_white_box_eps0.0627_iter1,0.4712121212121213,0.3272727272727273,0.9992521,58.18128489452982,0.9999138712882996,0.999968409538269,0.004287771414965391,0.0005548000335693359,280151,0.0021268632,0.0011930824257433414,0.0011917647207155824,0.0012517255963757634
57672,dct_high_nontargeted_white_box_eps0.0627_iter1,0.44406698564593305,0.4195887445887447,0.9996249,58.034520736349904,0.999945342540741,0.9999820590019226,0.0008893077028915286,4.76837158203125e-05,294205,0.0021718566,0.0012537618167698383,0.0012539613526314497,0.0012538492446765304
138639,dct_high_nontargeted_white_box_eps0.0627_iter1,0.7051282051282053,0.5154845154845156,0.99956673,58.07056694811323,0.9999350309371948,0.9999827742576599,0.0010345978662371635,7.653236389160156e-05,300542,0.002160587,0.0012456078547984362,0.0012457495322450995,0.0012391239870339632
110884,dct_high_nontargeted_white_box_eps0.0627_iter1,0.14285714285714288,0.0,0.99855775,58.49199181994457,0.9998711943626404,0.9999609589576721,0.007037011906504631,0.00026607513427734375,230994,0.0020070297,0.0010717632248997688,0.0011593293165788054,0.0011544019216671586
139099,dct_high_nontargeted_white_box_eps0.0627_iter1,0.10472370766488416,0.04135472370766489,0.9995234,58.03715496706473,0.9999441504478455,0.9999802708625793,0.0015167011879384518,0.0001583099365234375,276446,0.002171046,0.0012530311942100525,0.001253248774446547,0.0012530145468190312
467511,dct_high_nontargeted_white_box_eps0.0627_iter1,0.6590909090909092,0.47727272727272735,0.9994262,58.0577388338181,0.9999286532402039,0.9999775290489197,0.001919011352583766,7.575750350952148e-05,278936,0.0021636058,0.0012470532674342394,0.0012472760863602161,0.0012471809750422835
291791,dct_high_nontargeted_white_box_eps0.0627_iter1,0.34090909090909094,0.27272727272727276,0.9996589,58.17834233071259,0.999954879283905,0.9999799728393555,0.001874082488939166,7.2479248046875e-05,287704,0.002115539,0.0012131547555327415,0.0012144873617216945,0.0012113937409594655
343934,dct_high_nontargeted_white_box_eps0.0627_iter2,1.0000000000000002,0.25000000000000006,0.99918956,53.38858496741091,0.99990314245224,0.9999486207962036,0.0021317084319889545,0.00035309791564941406,227399,0.0035151038,0.0018264040118083358,0.0018362478585913777,0.0018209533300250769
273551,dct_high_nontargeted_white_box_eps0.0627_iter1,1.0000000000000002,0.5000000000000001,0.99943113,58.04599208942207,0.9999207258224487,0.9999791979789734,0.001865615602582693,4.3272972106933594e-05,285934,0.0021677834,0.0012509060325101018,0.0012508322251960635,0.0012498990399762988
513580,dct_high_nontargeted_white_box_eps0.0627_iter3,1.0000000000000002,0.5000000000000001,0.99509907,51.30960649078026,0.9993212223052979,0.9998319149017334,0.08947636187076569,0.0031026601791381836,282613,0.004408352,0.0024172517005354166,0.0024079056456685066,0.0024201683700084686
213816,dct_high_nontargeted_white_box_eps0.0627_iter4,0.3333333333333334,0.20000000000000004,0.9952975,50.22445003213514,0.9994462728500366,0.9998207092285156,0.028200490400195122,0.000998377799987793,300175,0.0048120995,0.002487846417352557,0.002470807870849967,0.0024627656675875187
101787,dct_high_nontargeted_white_box_eps0.0627_iter5,1.0000000000000002,0.5000000000000001,0.98794216,47.59570625014674,0.9980387687683105,0.9995728135108948,0.038055844604969025,0.002969682216644287,360912,0.006759443,0.003830042202025652,0.003650143975391984,0.0034564572852104902
221754,dct_high_nontargeted_white_box_eps0.0627_iter3,0.2909090909090909,0.2509090909090909,0.9966035,50.45699424656113,0.9994704127311707,0.9998584389686584,0.026695597916841507,0.0007917881011962891,308306,0.004948074,0.0027160539757460356,0.002706342376768589,0.0026322382036596537
522751,dct_high_nontargeted_white_box_eps0.0627_iter1,0.8181818181818183,0.7878787878787881,0.9989581,58.049419389281134,0.9998590350151062,0.9999664425849915,0.004047953523695469,0.00021409988403320312,281400,0.002167117,0.0012500174343585968,0.0012513617984950542,0.0012472919188439846
503841,dct_high_nontargeted_white_box_eps0.0627_iter1,1.0000000000000002,0.3333333333333334,0.99934816,58.04947158691634,0.999925971031189,0.9999666810035706,0.002298288978636265,0.0001933574676513672,280671,0.0021674423,0.0012480814475566149,0.0012483330210670829,0.0012522176839411259
274272,dct_high_nontargeted_white_box_eps0.0627_iter1,0.8181818181818183,0.7045454545454546,0.99946404,58.03951410141184,0.9999173879623413,0.999975860118866,0.00132361042778939,0.00033169984817504883,296640,0.002170241,0.001252739573828876,0.001252350164577365,0.001252169138751924
127092,dct_high_nontargeted_white_box_eps0.0627_iter3,0.4285714285714287,0.3333333333333334,0.99590826,50.581923313921195,0.9994089007377625,0.99986332654953,0.022476891055703163,0.002247750759124756,292224,0.004896161,0.0027277073822915554,0.002708207117393613,0.0026152634527534246
507797,dct_high_nontargeted_white_box_eps0.0627_iter1,0.37260920897284533,0.20995670995670998,0.9991588,58.18516141960755,0.9998940229415894,0.9999692440032959,0.005120294634252787,7.832050323486328e-05,280713,0.0021140547,0.0012204383965581656,0.00120452675037086,0.0012083472684025764
146498,dct_high_nontargeted_white_box_eps0.0627_iter1,0.5,0.36363636363636365,0.9995856,58.39386935439025,0.999975323677063,0.9999846816062927,0.002306753071025014,0.0006286501884460449,320259,0.0020460384,0.0011522644199430943,0.0011552716605365276,0.001155313802883029
369675,dct_high_nontargeted_white_box_eps0.0627_iter1,0.5454545454545455,0.4545454545454546,0.9995036,58.11029485600346,0.9999362826347351,0.9999786019325256,0.0013686266029253602,9.465217590332031e-05,282609,0.0021475004,0.0012261918745934963,0.001226288266479969,0.001244014361873269
151857,dct_high_nontargeted_white_box_eps0.0627_iter4,1.0000000000000002,0.5000000000000001,0.9961741,50.014241359716934,0.9995426535606384,0.9998389482498169,0.03414137288928032,0.004039585590362549,305379,0.0049325894,0.0025532653089612722,0.002584070200100541,0.002532043494284153
505638,dct_high_nontargeted_white_box_eps0.0627_iter1,0.6363636363636365,0.4242424242424243,0.9994314,58.044956793827716,0.9999091625213623,0.9999731779098511,0.0010884717339649796,4.488229751586914e-05,284119,0.0021686936,0.0012491426896303892,0.0012520768214017153,0.001251307432539761
475387,dct_high_nontargeted_white_box_eps0.0627_iter1,0.20811688311688314,0.19372294372294377,0.9997706,58.07473662507072,0.9999699592590332,0.999984085559845,0.00046689779264852405,6.365776062011719e-05,300319,0.0021581233,0.001241559162735939,0.0012426561443135142,0.001242677099071443
70254,dct_high_nontargeted_white_box_eps0.0627_iter1,0.2893939393939395,0.26731601731601734,0.99945927,58.08915433935252,0.9999299049377441,0.999980092048645,0.0016154386103153229,4.673004150390625e-05,282860,0.0021521512,0.00123459508176893,0.0012408437905833125,0.001239095232449472
539143,dct_high_nontargeted_white_box_eps0.0627_iter2,1.0000000000000002,0.5000000000000001,0.9988062,53.60717957942505,0.9998421669006348,0.9999313354492188,0.003483166918158531,0.0006203055381774902,218300,0.003373989,0.001731263124383986,0.001749903429299593,0.0017342476639896631
508917,dct_high_nontargeted_white_box_eps0.0627_iter1,0.2153679653679654,0.20037105751391468,0.99937916,58.33387926660435,0.9999312162399292,0.9999731183052063,0.002200266346335411,0.00013828277587890625,277720,0.002056151,0.0011702338233590126,0.0011695417342707515,0.0011712462874129415
448410,dct_high_nontargeted_white_box_eps0.0627_iter1,0.16649831649831648,0.0941077441077441,0.9995219,58.0751235812409,0.9999415278434753,0.9999783635139465,0.002088333247229457,0.00044918060302734375,281343,0.0021598316,0.001236609765328467,0.001237366464920342,0.001252585556358099
316054,dct_high_nontargeted_white_box_eps0.0627_iter2,0.6818181818181819,0.4545454545454546,0.9980724,53.830866938950635,0.9997153282165527,0.9999406933784485,0.008815376088023186,0.0007779598236083984,226137,0.0032666726,0.0016580467345193028,0.0016547866398468614,0.0016389547381550074
201148,dct_high_nontargeted_white_box_eps0.0627_iter2,0.5000000000000001,0.3750000000000001,0.9982283,53.321968209559785,0.9997372031211853,0.9999492168426514,0.009898058138787746,0.0003171563148498535,242501,0.0035651233,0.0018315049819648266,0.0018571517430245876,0.0018799081444740295
231169,dct_high_nontargeted_white_box_eps0.0627_iter1,1.0000000000000002,0.25000000000000006,0.99979955,58.14258918931568,0.9999722838401794,0.9999834895133972,0.0011270076502114534,0.00013709068298339844,294603,0.0021275193,0.001223016413860023,0.0012229951098561287,0.0012231081491336226
511999,dct_high_nontargeted_white_box_eps0.0627_iter6,0.7500000000000002,0.5584415584415586,0.9921581,46.62887138630303,0.9989596605300903,0.9996663928031921,0.04779977723956108,0.0030826330184936523,367632,0.0073620756,0.0038858652114868164,0.0038820458576083183,0.0038516120985150337
488664,dct_high_nontargeted_white_box_eps0.0627_iter2,0.5000000000000001,0.3333333333333334,0.9974435,53.692168664091604,0.9996392726898193,0.9999107718467712,0.05923367664217949,0.003722846508026123,214362,0.0033144667,0.0016901266062632203,0.0017356458120048046,0.0016908540856093168
444879,dct_high_nontargeted_white_box_eps0.0627_iter2,1.0000000000000002,0.5000000000000001,0.9989436,54.734063905814864,0.9998626112937927,0.9999486804008484,0.018383342772722244,0.0005075931549072266,233740,0.0027655202,0.0014174326788634062,0.0013893438735976815,0.0013567128917202353
287874,dct_high_nontargeted_white_box_eps0.0627_iter1,0.2619047619047619,0.1904761904761905,0.9996397,58.386265970125315,0.999966561794281,0.9999811053276062,0.0018752946052700281,0.00010949373245239258,294006,0.0020390097,0.0011611642548814416,0.0011539228726178408,0.0011538247345015407
297022,dct_high_nontargeted_white_box_eps0.0627_iter1,1.0000000000000002,0.6666666666666669,0.99938774,58.04710215512757,0.999912440776825,0.9999766945838928,0.016143005341291428,0.0007790327072143555,285496,0.0021675592,0.0012475081020966172,0.0012516076676547527,0.0012515634298324585
407083,dct_high_nontargeted_white_box_eps0.0627_iter1,0.25000000000000006,0.20000000000000004,0.99909836,58.06315951880392,0.9998880624771118,0.9999657869338989,0.00658942386507988,0.0004898309707641602,269277,0.0021632512,0.0012457974953576922,0.001238046563230455,0.0012530076783150434
212226,dct_high_nontargeted_white_box_eps0.0627_iter1,0.3333333333333334,0.20000000000000004,0.99887115,58.106297899731615,0.9998688697814941,0.9999590516090393,0.014284750446677208,0.00038564205169677734,263295,0.0021483754,0.0012453641975298524,0.0012448690831661224,0.0012096668360754848
394206,dct_high_nontargeted_white_box_eps0.0627_iter1,0.5127272727272728,0.16010101010101013,0.99953467,58.062729496476805,0.9999491572380066,0.9999819397926331,0.002142383484169841,0.0001304149627685547,278452,0.0021633045,0.0012466451153159142,0.0012438809499144554,0.0012466878397390246
220858,dct_high_nontargeted_white_box_eps0.0627_iter1,0.6060606060606062,0.3636363636363637,0.99934965,58.03649326609718,0.9999079704284668,0.9999716877937317,0.0027516442351043224,0.00010347366333007812,289340,0.0021711239,0.0012532712426036596,0.0012532506370916963,0.0012533469125628471
289741,dct_high_nontargeted_white_box_eps0.0627_iter1,0.20202020202020204,0.19878984651711928,0.9993944,58.045204201645895,0.9999176859855652,0.9999801516532898,0.0028973969165235758,0.00012546777725219727,287334,0.0021684838,0.0012505730846896768,0.0012513977708294988,0.001250354922376573
453166,dct_high_nontargeted_white_box_eps0.0627_iter4,0.25000000000000006,0.20000000000000004,0.99343824,49.57241724797274,0.9991778135299683,0.999775230884552,0.031040117144584656,0.002916276454925537,316680,0.0052445596,0.002730292035266757,0.0027253911830484867,0.0027644019573926926
6894,dct_high_nontargeted_white_box_eps0.0627_iter7,0.3333333333333334,0.0,0.9914079,45.86231747840837,0.9988057017326355,0.9995943307876587,0.04616474360227585,0.003647327423095703,374285,0.008030611,0.004298197105526924,0.004320519044995308,0.004295450635254383
161032,dct_high_nontargeted_white_box_eps0.0627_iter2,0.3333333333333334,0.1666666666666667,0.99845773,53.97935715142822,0.9997625350952148,0.9999383687973022,0.009197643026709557,0.0006363391876220703,207411,0.0031698497,0.0015919937286525965,0.0015955123817548156,0.0016016702866181731
437239,dct_high_nontargeted_white_box_eps0.0627_iter1,0.20454545454545459,0.17171717171717174,0.9996864,58.068264896607246,0.9999551773071289,0.9999833106994629,0.0015065614134073257,5.1140785217285156e-05,292852,0.0021606532,0.0012457111151888967,0.0012462768936529756,0.0012404609005898237
348243,dct_high_nontargeted_white_box_eps0.0627_iter1,0.18181818181818185,0.0,0.99942166,58.04221933669787,0.9999231100082397,0.9999784231185913,0.002826137701049447,0.00016510486602783203,284792,0.0021691315,0.001250884379260242,0.0012516932329162955,0.0012523493496701121
382111,dct_high_nontargeted_white_box_eps0.0627_iter1,0.34285714285714286,0.27272727272727276,0.9994674,58.03882718345362,0.9999301433563232,0.9999821782112122,0.001616806723177433,0.00010389089584350586,283985,0.002170599,0.0012512746034190059,0.0012534073321148753,0.0012531678657978773
317433,dct_high_nontargeted_white_box_eps0.0627_iter1,0.25000000000000006,0.20000000000000004,0.9995889,58.04988403293672,0.9999464750289917,0.9999799728393555,0.0011223334586247802,0.0005633234977722168,282948,0.002166935,0.0012496918207034469,0.001251007430255413,0.0012476029805839062
132408,dct_high_nontargeted_white_box_eps0.0627_iter5,0.3333333333333334,0.25000000000000006,0.99331456,46.47990170966991,0.9989129304885864,0.9996896386146545,0.02153957635164261,0.002178668975830078,387737,0.007867676,0.0042891064658761024,0.004250186029821634,0.004248418845236301
191288,dct_high_nontargeted_white_box_eps0.0627_iter1,0.3333333333333334,0.20000000000000004,0.9996674,58.05422897232296,0.9999657869338989,0.999983549118042,0.0013751807855442166,7.712841033935547e-05,276016,0.0021648714,0.0012468114728108048,0.0012488533975556493,0.0012488695792853832
260106,dct_high_nontargeted_white_box_eps0.0627_iter1,0.18181818181818185,0.1090909090909091,0.9995237,58.04802419205621,0.9999443888664246,0.9999825954437256,0.0013773766113445163,5.6743621826171875e-05,277269,0.002167454,0.0012487150961533189,0.0012517092982307076,0.0012494756374508142
100510,dct_high_nontargeted_white_box_eps0.0627_iter2,0.25000000000000006,0.07272727272727272,0.9988659,53.290929534854364,0.9998536109924316,0.9999501705169678,0.0034795089159160852,0.000296175479888916,229160,0.003573931,0.0018728070426732302,0.0018813310889527202,0.0018533046822994947
441442,dct_high_nontargeted_white_box_eps0.0627_iter6,0.20000000000000004,0.14141414141414138,0.9941759,45.6609936650933,0.9991776347160339,0.9997440576553345,0.01752571389079094,0.0009454488754272461,385029,0.008464861,0.004484327509999275,0.0045327176339924335,0.004486459773033857
140270,dct_high_nontargeted_white_box_eps0.0627_iter4,0.3333333333333334,0.25000000000000006,0.9946914,48.39785720259314,0.9992229342460632,0.9998086094856262,0.019678577780723572,0.0009971261024475098,362207,0.006220124,0.0033117542043328285,0.003327268175780773,0.0032711224630475044
553990,dct_high_nontargeted_white_box_eps0.0627_iter2,0.3333333333333334,0.25000000000000006,0.99899167,53.14980911914149,0.9998602867126465,0.9999454021453857,0.0032889260910451412,0.00031369924545288086,236439,0.003667953,0.0019413154805079103,0.0019443765049800277,0.0019069872796535492
97924,dct_high_nontargeted_white_box_eps0.0627_iter2,0.40909090909090917,0.3712121212121212,0.99854344,53.731306438013526,0.9998058080673218,0.9999407529830933,0.019717924296855927,0.00045859813690185547,224589,0.0032954623,0.0016936898464336991,0.0017187537159770727,0.001688498305156827
331799,dct_high_nontargeted_white_box_eps0.0627_iter2,0.1666666666666667,0.12987012987012986,0.99826545,53.53730277397429,0.99979567527771,0.9999388456344604,0.007005646824836731,0.00021457672119140625,214294,0.0034044357,0.0017736646113917232,0.00177647708915174,0.0017495951615273952
326542,dct_high_nontargeted_white_box_eps0.0627_iter1,0.25000000000000006,0.22727272727272724,0.99879056,58.043431873654285,0.9998120069503784,0.9999426603317261,0.005958756431937218,0.0002148151397705078,289574,0.0021691,0.0012529913801699877,0.0012522058095782995,0.001248651766218245
576566,dct_high_nontargeted_white_box_eps0.0627_iter1,0.25000000000000006,0.0,0.9990301,58.127835256872046,0.9998784065246582,0.9999642372131348,0.004459480755031109,0.00019818544387817383,271542,0.002137888,0.0012305532582104206,0.0012342417612671852,0.0012168064713478088
327306,dct_high_nontargeted_white_box_eps0.0627_iter1,0.3333333333333334,0.25000000000000006,0.99917316,58.05554700695911,0.999874472618103,0.9999650716781616,0.0038282223977148533,0.00010460615158081055,283494,0.0021650407,0.0012482493184506893,0.0012476724805310369,0.0012474620016291738
94944,dct_high_nontargeted_white_box_eps0.0627_iter3,0.14285714285714288,0.09090909090909093,0.9961743,50.370162213888165,0.999386191368103,0.99986332654953,0.02066958136856556,0.002472519874572754,302196,0.0050564324,0.002802156610414386,0.00273514399304986,0.002773958956822753
151051,dct_high_nontargeted_white_box_eps0.0627_iter3,0.20000000000000004,0.1666666666666667,0.9947402,51.633746953068496,0.9991111755371094,0.99972003698349,0.023100875318050385,0.0017423629760742188,290781,0.0042419927,0.0023376597091555595,0.0023208940401673317,0.002265690825879574
93717,dct_high_nontargeted_white_box_eps0.0627_iter1,0.29166666666666674,0.17954545454545456,0.999469,58.06261125954044,0.9999272227287292,0.9999802112579346,0.001736482372507453,0.00021272897720336914,282155,0.0021618821,0.001247229753062129,0.0012476672418415546,0.0012424286687746644
394510,dct_high_nontargeted_white_box_eps0.0627_iter5,0.5090909090909091,0.36363636363636365,0.9922388,47.5779345466534,0.998812198638916,0.9996654987335205,0.02819850482046604,0.0012557506561279297,361878,0.0067417705,0.0036527267657220364,0.0036506575997918844,0.0036227020900696516
18193,dct_high_nontargeted_white_box_eps0.0627_iter1,0.14285714285714288,0.12500000000000003,0.999095,58.0437694201083,0.9998753070831299,0.9999664425849915,0.00677464110776782,0.00025153160095214844,275351,0.0021688072,0.0012502963654696941,0.001251230132766068,0.001252052141353488
160728,dct_high_nontargeted_white_box_eps0.0627_iter1,0.17466329966329966,0.14879679144385027,0.99914336,58.04011549795619,0.9998700618743896,0.9999741911888123,0.00686792004853487,0.0002307891845703125,301482,0.002169962,0.0012524727499112487,0.0012524075573310256,0.0012518242001533508
43435,dct_high_nontargeted_white_box_eps0.0627_iter1,0.3333333333333334,0.18181818181818185,0.9993184,58.03451267421436,0.9998868703842163,0.9999674558639526,0.0025603468529880047,0.00025010108947753906,294627,0.0021718207,0.0012538379523903131,0.001253847498446703,0.0012538814917206764
40757,dct_high_nontargeted_white_box_eps0.0627_iter1,0.20000000000000004,0.0,0.9988391,58.05429113431576,0.999846339225769,0.999955415725708,0.010028403252363205,0.0006459951400756836,266232,0.0021647054,0.0012481940211728215,0.0012456327676773071,0.001250670524314046
35062,dct_high_nontargeted_white_box_eps0.0627_iter1,0.3333333333333334,0.0,0.99880487,58.15198899069327,0.9998576045036316,0.9999570846557617,0.011937493458390236,0.0011425018310546875,254657,0.0021270302,0.0012303084367886186,0.0012066545896232128,0.0012242457596585155
35279,dct_high_nontargeted_white_box_eps0.0627_iter1,0.15384615384615388,0.07692307692307694,0.9991017,58.489792771284506,0.9999445676803589,0.9999745488166809,0.002524840645492077,0.00011992454528808594,237351,0.0020008453,0.0011311834678053856,0.0011307732202112675,0.0011252477997913957
503755,dct_high_nontargeted_white_box_eps0.0627_iter2,0.3333333333333334,0.20000000000000004,0.9974699,53.79823352727428,0.9996645450592041,0.9999135136604309,0.014001153409481049,0.0007842779159545898,204783,0.0032390673,0.0016695979284122586,0.0016597197391092777,0.0016613018233329058
320642,dct_high_nontargeted_white_box_eps0.0627_iter1,0.3333333333333334,0.25000000000000006,0.99914926,58.069877585470486,0.999890923500061,0.9999678134918213,0.0033891666680574417,0.0001983046531677246,273511,0.002160145,0.0012441187864169478,0.0012416226090863347,0.001245348248630762
235778,dct_high_nontargeted_white_box_eps0.0627_iter1,0.5000000000000001,0.27272727272727276,0.99897546,58.07433669508258,0.9998760223388672,0.9999642968177795,0.0054886615835130215,0.00023043155670166016,266893,0.0021607014,0.0012462385930120945,0.0012513422407209873,0.0012296718778088689
494759,dct_high_nontargeted_white_box_eps0.0627_iter2,0.3333333333333334,0.25000000000000006,0.99665755,54.147674791496215,0.9995095729827881,0.9998493790626526,0.03186458721756935,0.0017009377479553223,195196,0.0030652995,0.0015296089695766568,0.0015418068505823612,0.0015314992051571608
409542,dct_high_nontargeted_white_box_eps0.0627_iter1,0.3333333333333334,0.20606060606060608,0.9995427,58.04312411065731,0.9999407529830933,0.9999765753746033,0.0011812584707513452,7.212162017822266e-05,291082,0.0021688791,0.0012523531913757324,0.001250788220204413,0.0012509690131992102
427055,dct_high_nontargeted_white_box_eps0.0627_iter1,0.12727272727272726,0.07878787878787881,0.99936867,58.0475016033115,0.9999122023582458,0.999975323677063,0.0021303389221429825,0.00020867586135864258,293554,0.0021677876,0.0012512138346210122,0.0012523616896942258,0.0012467659544199705
119995,dct_high_nontargeted_white_box_eps0.0627_iter5,0.27272727272727276,0.11363636363636365,0.9912364,47.990355447487005,0.9988290667533875,0.9996944069862366,0.0404115691781044,0.0011914968490600586,347366,0.00632684,0.003420310327783227,0.0034261427354067564,0.003438513958826661
369323,dct_high_nontargeted_white_box_eps0.0627_iter1,0.1272727272727273,0.10909090909090909,0.9989634,58.036071305823775,0.9998631477355957,0.999963104724884,0.00411707628518343,0.0003600120544433594,272633,0.0021713015,0.0012533738045021892,0.001253361813724041,0.0012534873094409704
127270,dct_high_nontargeted_white_box_eps0.0627_iter1,0.16161616161616166,0.12121212121212124,0.9991677,58.06131921446336,0.9998844861984253,0.9999735951423645,0.002693573012948036,0.0002440810203552246,280737,0.0021622411,0.0012470971560105681,0.0012460524449124932,0.0012452710652723908
168337,dct_high_nontargeted_white_box_eps0.0627_iter5,0.22222222222222227,0.20000000000000004,0.9918944,47.343586140561285,0.9987092018127441,0.999681293964386,0.02641855925321579,0.0033197402954101562,368353,0.006978662,0.0037890179082751274,0.003778894431889057,0.0037488723173737526
226408,dct_high_nontargeted_white_box_eps0.0627_iter1,0.25000000000000006,0.08333333333333331,0.9991923,58.05907906976684,0.9999041557312012,0.9999719858169556,0.008536318317055702,0.0002313852310180664,263798,0.002160977,0.0012467587366700172,0.0012467986671254039,0.0012467987835407257
54654,dct_high_nontargeted_white_box_eps0.0627_iter1,0.25000000000000006,0.14285714285714288,0.99928564,58.051840388648266,0.9999123811721802,0.9999698996543884,0.003855053335428238,0.00017142295837402344,271587,0.002166524,0.0012502687750384212,0.0012495346600189805,0.00124679459258914
152771,dct_high_nontargeted_white_box_eps0.0627_iter3,0.4772727272727273,0.4545454545454546,0.99779445,50.00190134588392,0.9996301531791687,0.9999049305915833,0.005609889514744282,0.0008749961853027344,300634,0.005322395,0.0029496564529836178,0.002939436351880431,0.002889572409912944
309391,dct_high_nontargeted_white_box_eps0.0627_iter1,0.6863636363636365,0.6714646464646465,0.99978775,58.0511608378649,0.9999732375144958,0.9999887943267822,0.0006055206176824868,0.00015050172805786133,293377,0.0021664351,0.0012503548059612513,0.0012493615504354239,0.001247481326572597
480944,dct_high_nontargeted_white_box_eps0.0627_iter1,0.590909090909091,0.43030303030303035,0.9995168,58.039003630321446,0.9999305009841919,0.9999788999557495,0.0012004496529698372,3.826618194580078e-05,306014,0.0021704442,0.0012520781019702554,0.001252896967343986,0.0012527111684903502
554291,dct_high_nontargeted_white_box_eps0.0627_iter1,0.10000000000000002,0.0,0.9992213,58.03851036201316,0.9998945593833923,0.9999603629112244,0.004012894816696644,0.0005081892013549805,267186,0.0021707418,0.0012520583113655448,0.0012537870788946748,0.0012522701872512698
502599,dct_high_nontargeted_white_box_eps0.0627_iter1,0.18181818181818182,0.12121212121212122,0.9992819,58.22224199636545,0.9999260902404785,0.9999721050262451,0.005201773717999458,0.0001207590103149414,268210,0.0021141148,0.0012406260939314961,0.001201015431433916,0.001160797313787043
224119,dct_high_nontargeted_white_box_eps0.0627_iter1,0.21818181818181823,0.06818181818181818,0.9989543,58.042680126701626,0.9998420476913452,0.9999527335166931,0.005628942511975765,0.0007464289665222168,278399,0.0021691544,0.0012503158068284392,0.0012511120876297355,0.0012530959211289883
537964,dct_high_nontargeted_white_box_eps0.0627_iter2,1.0000000000000002,0.3333333333333334,0.9996362,53.58062929287993,0.9999496936798096,0.9999748468399048,0.0012269607977941632,0.0004547238349914551,232772,0.0034418479,0.001769214402884245,0.0017593876691535115,0.001732545206323266
542423,dct_high_nontargeted_white_box_eps0.0627_iter1,0.12121212121212122,0.0909090909090909,0.9996148,58.49706094673999,0.9999767541885376,0.9999797940254211,0.002289168071001768,0.0002104640007019043,298652,0.002000653,0.0011281064944341779,0.0011244571069255471,0.0011289847316220403
344909,dct_high_nontargeted_white_box_eps0.0627_iter2,0.6666666666666669,0.5000000000000001,0.99852926,53.68997559531536,0.9998024702072144,0.9999282956123352,0.006704310420900583,0.00013625621795654297,216329,0.0033250176,0.0017067021690309048,0.0017142033902928233,0.0017000894295051694
140556,dct_high_nontargeted_white_box_eps0.0627_iter1,0.4318181818181819,0.3454545454545455,0.9992726,58.04452225899006,0.9999088048934937,0.9999765753746033,0.004057729616761208,8.785724639892578e-05,276625,0.0021688943,0.0012492097448557615,0.0012523503974080086,0.0012513581896200776
82696,dct_high_nontargeted_white_box_eps0.0627_iter1,0.12500000000000003,0.11111111111111113,0.9992835,58.037533126671654,0.9999062418937683,0.9999730587005615,0.0026214406825602055,8.392333984375e-05,275307,0.0021708282,0.0012530103558674455,0.0012533458648249507,0.0012525973143056035
189698,dct_high_nontargeted_white_box_eps0.0627_iter1,0.5000000000000001,0.0,0.9992396,58.07560786948768,0.9999095797538757,0.9999755620956421,0.002901647938415408,9.417533874511719e-05,278386,0.0021599801,0.0012443301966413856,0.0012463114690035582,0.001235517906025052
19109,dct_high_nontargeted_white_box_eps0.0627_iter1,0.28261183261183265,0.23461891643709826,0.9997413,58.04279484795849,0.9999663233757019,0.9999853372573853,0.0004964375402778387,0.00016498565673828125,297889,0.0021693085,0.001250599161721766,0.0012522743782028556,0.0012515372363850474
206994,dct_high_nontargeted_white_box_eps0.0627_iter2,0.3333333333333334,0.25000000000000006,0.99882525,53.237247098680214,0.9998222589492798,0.9999383091926575,0.004566759802401066,0.0002709627151489258,244976,0.003627477,0.0019018613966181874,0.0019130834843963385,0.0018635982414707541
523241,dct_high_nontargeted_white_box_eps0.0627_iter1,0.7878787878787881,0.5151515151515152,0.9988439,58.041846252698605,0.9998375177383423,0.9999600648880005,0.014542318880558014,0.0001773834228515625,277296,0.0021693497,0.001252359594218433,0.0012519087176769972,0.0012509472435340285
67616,dct_high_nontargeted_white_box_eps0.0627_iter1,0.2853146853146854,0.12447552447552447,0.9997147,58.03710096310908,0.999962329864502,0.9999825358390808,0.0006502849282696843,0.00010585784912109375,301150,0.0021709474,0.001253286493010819,0.0012531513348221779,0.0012529089581221342
258793,dct_high_nontargeted_white_box_eps0.0627_iter1,0.5000000000000001,0.33333333333333337,0.9990558,58.217251983299356,0.9998773336410522,0.9999594688415527,0.005589282605797052,0.0006742477416992188,284243,0.0020991627,0.0012014709645882249,0.0012021627044305205,0.0012029502540826797
413395,dct_high_nontargeted_white_box_eps0.0627_iter7,0.14285714285714288,0.0,0.98102933,46.58245620827098,0.9982566237449646,0.9995477199554443,0.07754017412662506,0.0036514997482299805,322226,0.007157728,0.0038326801732182503,0.00381399760954082,0.0038543695118278265
469067,dct_high_nontargeted_white_box_eps0.0627_iter1,0.12500000000000003,0.11111111111111113,0.99916625,58.0345630997587,0.999882161617279,0.9999602437019348,0.00411369651556015,0.0003063082695007324,273431,0.0021718317,0.0012539289891719818,0.001253919443115592,0.001253681373782456
448256,dct_high_nontargeted_white_box_eps0.0627_iter1,0.4000000000000001,0.3000000000000001,0.9995219,58.07279790659865,0.9999405741691589,0.9999814033508301,0.002488719765096903,0.00012564659118652344,279138,0.0021594784,0.0012458902783691883,0.0012444150634109974,0.0012382579734548926
549390,dct_high_nontargeted_white_box_eps0.0627_iter1,0.24415584415584418,0.15844155844155844,0.9994858,58.065245241502836,0.9999162554740906,0.9999752640724182,0.0017933771014213562,7.015466690063477e-05,299497,0.002161014,0.0012459085555747151,0.0012465751497074962,0.0012425805907696486
401991,dct_high_nontargeted_white_box_eps0.0627_iter1,0.1090909090909091,0.09090909090909093,0.99949366,58.03721572038789,0.9999305009841919,0.9999732375144958,0.0017379128839820623,0.0001882314682006836,278313,0.002170973,0.0012529906816780567,0.0012528110528364778,0.001253423746675253
364102,dct_high_nontargeted_white_box_eps0.0627_iter13,0.3333333333333334,0.0,0.97262996,43.750895108687345,0.9958028197288513,0.9989065527915955,0.17009766399860382,0.02053278684616089,388449,0.010008249,0.0052467514760792255,0.005222168751060963,0.005420480854809284
13291,dct_high_nontargeted_white_box_eps0.0627_iter4,0.3333333333333334,0.31515151515151524,0.9936805,48.69192806665555,0.9990519881248474,0.9998331665992737,0.0742562934756279,0.003087162971496582,352408,0.0059686257,0.0031560021452605724,0.0031465264037251472,0.0031603046227246523
440336,dct_high_nontargeted_white_box_eps0.0627_iter1,0.3333333333333334,0.25000000000000006,0.9990514,58.04364362216283,0.9998633861541748,0.9999776482582092,0.00927380844950676,0.00019276142120361328,279607,0.0021690174,0.0012520328164100647,0.0012519449228420854,0.0012497201096266508
488251,dct_high_nontargeted_white_box_eps0.0627_iter1,0.3090909090909092,0.13636363636363638,0.9992552,58.05769850766043,0.9999010562896729,0.999975323677063,0.0031081116758286953,0.0004667043685913086,283382,0.002164797,0.001244767801836133,0.0012497726129367948,0.0012469915673136711
229601,dct_high_nontargeted_white_box_eps0.0627_iter1,0.2626262626262626,0.22703222703222706,0.99945575,58.06670279689495,0.9999125003814697,0.9999757409095764,0.001871407264843583,0.0004196763038635254,284711,0.0021626772,0.0012501553865149617,0.0012509869411587715,0.0012326621217653155
427160,dct_high_nontargeted_white_box_eps0.0627_iter2,0.25000000000000006,0.1818181818181818,0.9976866,53.63281114950492,0.9996740221977234,0.9999133348464966,0.00912446714937687,0.0003438591957092285,210078,0.003345421,0.0017403129022568464,0.0017349810805171728,0.0017078217351809144
437205,dct_high_nontargeted_white_box_eps0.0627_iter1,0.20000000000000004,0.1666666666666667,0.99903744,58.10072655170167,0.9998873472213745,0.999966025352478,0.005593052599579096,0.00022089481353759766,264935,0.0021536737,0.0012093057157471776,0.00125325086992234,0.0012421074789017439
434204,dct_high_nontargeted_white_box_eps0.0627_iter5,0.14285714285714288,0.09740259740259741,0.9932073,47.79324767832796,0.9990317225456238,0.9997419714927673,0.030678795650601387,0.0015425682067871094,357922,0.0065451846,0.003522475715726614,0.0035328841768205166,0.0035440141800791025
289417,dct_high_nontargeted_white_box_eps0.0627_iter1,0.1272727272727273,0.1090909090909091,0.99871105,58.038725853171016,0.9998081922531128,0.9999542832374573,0.009066877886652946,0.000326693058013916,282904,0.0021702554,0.0012522130273282528,0.0012525701895356178,0.0012531188549473882
309467,dct_high_nontargeted_white_box_eps0.0627_iter5,0.20000000000000004,0.13636363636363638,0.9900572,47.748859204463955,0.9983717799186707,0.999652624130249,0.044253796339035034,0.00307464599609375,359870,0.0065964446,0.0034869767259806395,0.0035295309498906136,0.0036448794417083263
473121,dct_high_nontargeted_white_box_eps0.0627_iter2,0.3333333333333334,0.25000000000000006,0.9970848,53.886146342323954,0.9995972514152527,0.9999176263809204,0.0314195416867733,0.0006849169731140137,202109,0.0032130606,0.0016759796999394894,0.0016522413352504373,0.0015620890771970153
327605,dct_high_nontargeted_white_box_eps0.0627_iter6,0.18181818181818185,0.13636363636363638,0.9902186,46.442613633746234,0.9984337091445923,0.999538004398346,0.05293947458267212,0.005513489246368408,368457,0.007502826,0.003926744684576988,0.004000922664999962,0.0038756325375288725
451084,dct_high_nontargeted_white_box_eps0.0627_iter3,0.3333333333333334,0.25000000000000006,0.9962039,50.915316544071004,0.9994295835494995,0.9998455047607422,0.02130744233727455,0.000774085521697998,286435,0.0046614055,0.0025464310310781,0.0025542222429066896,0.002544091083109379
22479,dct_high_nontargeted_white_box_eps0.0627_iter2,0.1666666666666667,0.12500000000000003,0.99757844,53.82775460728525,0.9996830821037292,0.9999276399612427,0.01869099773466587,0.0006356239318847656,203568,0.0032339063,0.0016625900752842426,0.0016548926942050457,0.0016381950117647648
243148,dct_high_nontargeted_white_box_eps0.0627_iter1,0.5000000000000001,0.3333333333333334,0.99907666,58.047251529271804,0.999877393245697,0.9999657273292542,0.0035667256452143192,0.00020015239715576172,269369,0.0021680905,0.0012472540838643909,0.0012512607499957085,0.0012520169839262962
581062,dct_high_nontargeted_white_box_eps0.0627_iter1,0.3333333333333334,0.20000000000000004,0.99893695,58.03415063577816,0.9998517036437988,0.9999650716781616,0.006298425607383251,0.0005325078964233398,277229,0.0021719502,0.001253945636563003,0.0012539635645225644,0.0012539626331999898
185950,dct_high_nontargeted_white_box_eps0.0627_iter3,0.25000000000000006,0.20000000000000004,0.9962409,51.9212490137111,0.9995170831680298,0.9998728632926941,0.04390557482838631,0.0013616085052490234,277168,0.004051255,0.0022159137297421694,0.002213886007666588,0.002210893901064992
44195,dct_high_nontargeted_white_box_eps0.0627_iter2,0.3333333333333334,0.25000000000000006,0.99761707,54.011568939904755,0.9996787905693054,0.9999157190322876,0.014408023096621037,0.0006396770477294922,199365,0.0031351692,0.0015875414246693254,0.001566684222780168,0.0016003100899979472
364126,dct_high_nontargeted_white_box_eps0.0627_iter10,0.3333333333333334,0.25000000000000006,0.9787163,43.187923577223934,0.996472954750061,0.9992173910140991,0.07920151203870773,0.007598280906677246,394572,0.011019502,0.005793594755232334,0.005732983350753784,0.005768601316958666
354307,dct_high_nontargeted_white_box_eps0.0627_iter1,0.5000000000000001,0.0,0.9991019,58.124978381514765,0.9998974204063416,0.9999669790267944,0.007189685478806496,0.00029343366622924805,263039,0.0021419046,0.0012346494477242231,0.0012277448549866676,0.0012216271134093404
170191,dct_high_nontargeted_white_box_eps0.0627_iter9,0.1666666666666667,0.14285714285714288,0.9871692,45.313580603504505,0.9982666969299316,0.9993615746498108,0.06802400946617126,0.005546689033508301,372342,0.008363091,0.0044851447455585,0.004429739899933338,0.004491402301937342
179487,dct_high_nontargeted_white_box_eps0.0627_iter1,0.13553719008264462,0.09725829725829727,0.9993823,58.09283445578896,0.9999189376831055,0.9999738931655884,0.0020340662449598312,9.632110595703125e-05,278975,0.0021542236,0.0012235315516591072,0.001244314480572939,0.0012435537064448
445999,dct_high_nontargeted_white_box_eps0.0627_iter3,0.5000000000000001,0.3333333333333334,0.996572,51.96705436518993,0.9995635747909546,0.9998643398284912,0.02846718393266201,0.0011490583419799805,273648,0.0040208856,0.002204513642936945,0.0022214101627469063,0.0021958923898637295
426836,dct_high_nontargeted_white_box_eps0.0627_iter2,0.5000000000000001,0.0,0.9977987,53.703359174476695,0.999661922454834,0.9999406933784485,0.038470007479190826,0.0016222000122070312,226927,0.003339482,0.0016917207976803184,0.001706484705209732,0.0017007995629683137
557916,dct_high_nontargeted_white_box_eps0.0627_iter2,0.1666666666666667,0.0,0.9970047,54.0323034945243,0.9996117949485779,0.9998867511749268,0.02661399357020855,0.001021265983581543,187881,0.0030898629,0.0015814980724826455,0.0015871715731918812,0.0015628200490027666
99024,dct_high_nontargeted_white_box_eps0.0627_iter4,0.25000000000000006,0.20000000000000004,0.99507004,48.85508228004103,0.9992661476135254,0.999778687953949,0.01864883489906788,0.0007465481758117676,348366,0.0058426363,0.0030643215868622065,0.0030894360970705748,0.003074674867093563
305309,dct_high_nontargeted_white_box_eps0.0627_iter3,0.31818181818181823,0.21212121212121215,0.9972913,50.780471001617,0.999595046043396,0.9998815059661865,0.012977254576981068,0.0011625289916992188,282840,0.0047490774,0.0026125500444322824,0.0026473680045455694,0.0025554425083100796
311928,dct_high_nontargeted_white_box_eps0.0627_iter7,0.20000000000000004,0.0,0.99141663,45.69937143244904,0.998820960521698,0.9996558427810669,0.04372895509004593,0.0020464658737182617,376906,0.008247981,0.004420281387865543,0.004391122609376907,0.004473402164876461
384949,dct_high_nontargeted_white_box_eps0.0627_iter1,0.1090909090909091,0.05454545454545454,0.9991009,58.04158018296783,0.9998635649681091,0.9999727606773376,0.005069409962743521,0.0004164576530456543,294829,0.0021696477,0.0012515614507719874,0.0012520333984866738,0.001251834910362959
196141,dct_high_nontargeted_white_box_eps0.0627_iter1,0.18181818181818185,0.1306818181818182,0.99949694,58.05355753687829,0.9999279975891113,0.9999766945838928,0.0010707241017371416,2.8133392333984375e-05,283793,0.0021662752,0.0012466076295822859,0.0012485117185860872,0.0012499974109232426
136915,dct_high_nontargeted_white_box_eps0.0627_iter2,0.11111111111111113,0.09090909090909093,0.9979952,53.61549154580249,0.9997314810752869,0.9999268651008606,0.011212008073925972,0.0007663369178771973,216685,0.003374366,0.0016984024550765753,0.0017369978595525026,0.0017681079916656017
533816,dct_high_nontargeted_white_box_eps0.0627_iter1,0.21745166598107774,0.16641711229946526,0.99957967,58.063578102631375,0.9999514818191528,0.9999820590019226,0.0013023421633988619,6.99758529663086e-05,281398,0.0021624637,0.0012415321543812752,0.0012479450087994337,0.0012470089131966233
522889,dct_high_nontargeted_white_box_eps0.0627_iter1,0.14285714285714288,0.07070707070707072,0.9987839,58.27759119979088,0.999863862991333,0.9999727606773376,0.004251877777278423,0.0003447532653808594,262045,0.002106452,0.0010557915084064007,0.00125033815857023,0.0012506800703704357
548246,dct_high_nontargeted_white_box_eps0.0627_iter1,0.12121212121212123,0.10389610389610392,0.9993357,58.06614247987874,0.999912679195404,0.9999738335609436,0.002028816379606724,0.00020372867584228516,285140,0.0021611992,0.0012451860820874572,0.0012464174069464207,0.0012426862958818674
37988,dct_high_nontargeted_white_box_eps0.0627_iter2,0.20000000000000004,0.1666666666666667,0.99660164,53.84349174250758,0.9994739294052124,0.9998562932014465,0.01908796653151512,0.00058746337890625,209065,0.003236864,0.0016375783598050475,0.001631686114706099,0.0016680638073012233
325838,dct_high_nontargeted_white_box_eps0.0627_iter4,0.10000000000000002,0.09090909090909093,0.99405146,49.2185598533858,0.9992119073867798,0.9997498393058777,0.029557187110185623,0.0019072294235229492,333442,0.0055312733,0.0029030584264546633,0.002890706295147538,0.002905935049057007
154644,dct_high_nontargeted_white_box_eps0.0627_iter1,0.25000000000000006,0.09090909090909093,0.99890596,58.04718945086688,0.9998589754104614,0.99996018409729,0.014115674421191216,0.0006215572357177734,263790,0.0021660842,0.0012501891469582915,0.001250186120159924,0.001250247354619205
474039,dct_high_nontargeted_white_box_eps0.0627_iter2,0.3333333333333334,0.25000000000000006,0.9977818,53.750005497321105,0.9997250437736511,0.9999120235443115,0.022262128069996834,0.0012642145156860352,199309,0.0032579147,0.00168495939578861,0.0016781322192400694,0.0016821257304400206
461751,dct_high_nontargeted_white_box_eps0.0627_iter1,0.19696969696969702,0.015151515151515152,0.99931306,58.03666906031496,0.9999238848686218,0.9999778270721436,0.005122228525578976,0.0001684427261352539,270813,0.002171173,0.0012532976688817143,0.0012532159453257918,0.001253210473805666
466986,dct_high_nontargeted_white_box_eps0.0627_iter1,0.12500000000000003,0.10000000000000002,0.9995286,58.26603120257598,0.9999537467956543,0.9999796152114868,0.001528498250991106,7.43865966796875e-05,271543,0.002082656,0.0011893499176949263,0.0011838905047625303,0.0011930481996387243
465179,dct_high_nontargeted_white_box_eps0.0627_iter1,0.7727272727272729,0.3350649350649351,0.99893117,58.04327544804938,0.9998685717582703,0.9999626874923706,0.008055094629526138,0.00022971630096435547,270649,0.0021692282,0.0012495178962126374,0.0012517072027549148,0.0012527524959295988
567197,dct_high_nontargeted_white_box_eps0.0627_iter1,0.20454545454545453,0.125,0.999191,58.05275317815376,0.999887228012085,0.9999714493751526,0.005493544042110443,0.00026726722717285156,289846,0.0021645802,0.001248873071745038,0.0012488026404753327,0.0012481262674555182
498286,dct_high_nontargeted_white_box_eps0.0627_iter1,0.5000000000000001,0.25000000000000006,0.9993238,58.045496733002395,0.9999145269393921,0.9999721646308899,0.00453781895339489,0.00013530254364013672,273955,0.002168484,0.0012495933333411813,0.0012510226806625724,0.0012514761183410883
153217,dct_high_nontargeted_white_box_eps0.0627_iter2,0.3333333333333334,0.25000000000000006,0.99900407,53.402997090157584,0.9998747706413269,0.999951183795929,0.0028984984382987022,0.00014346837997436523,222118,0.0035061133,0.0018268892308697104,0.0018487863708287477,0.0017904250416904688
206487,dct_high_nontargeted_white_box_eps0.0627_iter1,0.781818181818182,0.6515151515151517,0.9995511,58.248961718537196,0.9999465942382812,0.9999744892120361,0.0016471308190375566,0.00018024444580078125,283386,0.0020897815,0.0011954958317801356,0.0011923417914658785,0.001192508963868022
565012,dct_high_nontargeted_white_box_eps0.0627_iter1,0.2181818181818182,0.09090909090909093,0.9992897,58.058741435619254,0.99990314245224,0.9999744296073914,0.0018263030797243118,0.00018662214279174805,288461,0.0021646998,0.0012465770123526454,0.001248398912139237,0.001245681312866509
455085,dct_high_nontargeted_white_box_eps0.0627_iter2,0.3333333333333334,0.25000000000000006,0.997667,54.025422234123546,0.999709963798523,0.9999314546585083,0.01308438554406166,0.00042366981506347656,197851,0.0031047913,0.001581032294780016,0.001571626402437687,0.0015872301300987601
542856,dct_high_nontargeted_white_box_eps0.0627_iter3,0.9090909090909092,0.3454545454545455,0.99677557,50.42522853923633,0.9995580911636353,0.9998869299888611,0.01134415715932846,0.0004909038543701172,295902,0.0050022416,0.0027885877061635256,0.0027314007747918367,0.0027149212546646595
427500,dct_high_nontargeted_white_box_eps0.0627_iter4,0.3333333333333334,0.25000000000000006,0.99761915,48.3119079827237,0.9996328353881836,0.9998835325241089,0.00766694825142622,0.0003854036331176758,372321,0.0063421186,0.003346513258293271,0.003346949117258191,0.003362260526046157
15517,dct_high_nontargeted_white_box_eps0.0627_iter1,0.16883116883116883,0.0625,0.9993429,58.0492001492148,0.9999039173126221,0.9999781250953674,0.0020710730459541082,0.00013571977615356445,308816,0.0021672868,0.0012518477160483599,0.0012503174366429448,0.001246705069206655
213605,dct_high_nontargeted_white_box_eps0.0627_iter1,1.0000000000000002,0.7000000000000002,0.99930805,58.07727949723723,0.9999074339866638,0.9999744296073914,0.00380580872297287,7.915496826171875e-05,286223,0.0021600057,0.0012529439991340041,0.001251657260581851,0.001220101723447442
389532,dct_high_nontargeted_white_box_eps0.0627_iter12,0.25000000000000006,0.20000000000000004,0.9617842,44.45091563138347,0.9950975775718689,0.9987332820892334,0.27006781101226807,0.03181278705596924,369122,0.009079344,0.004665846470743418,0.004707328975200653,0.004828503355383873
39670,dct_high_nontargeted_white_box_eps0.0627_iter2,0.5000000000000001,0.3333333333333334,0.9993203,53.614674222519454,0.9999110698699951,0.9999521970748901,0.0025959189515560865,0.00024962425231933594,226510,0.0033976594,0.0017296895384788513,0.001741372630931437,0.0017400443321093917
429718,dct_high_nontargeted_white_box_eps0.0627_iter1,1.0000000000000002,0.3333333333333334,0.99945855,58.04898026688532,0.9999224543571472,0.999975860118866,0.0015344738494604826,0.00011426210403442383,295742,0.0021674526,0.001251579262316227,0.0012513853143900633,0.0012460951693356037
563604,dct_high_nontargeted_white_box_eps0.0627_iter1,0.13636363636363638,0.11688311688311691,0.9997162,58.08238955429203,0.9999570846557617,0.9999809861183167,0.00045259433682076633,7.081031799316406e-05,295167,0.0021569575,0.0012336085783317685,0.0012449147179722786,0.0012418096885085106
496722,dct_high_nontargeted_white_box_eps0.0627_iter1,0.11363636363636365,0.09090909090909091,0.9994257,58.05776531057993,0.999911904335022,0.9999723434448242,0.007433940656483173,0.0006456375122070312,292082,0.0021633818,0.0012474614195525646,0.0012469313805922866,0.0012470964575186372
78565,dct_high_nontargeted_white_box_eps0.0627_iter1,0.27272727272727276,0.27029220779220786,0.9992147,58.03395971201289,0.9998778700828552,0.9999648928642273,0.003445931477472186,0.00019091367721557617,286284,0.0021720142,0.0012540160678327084,0.0012540168827399611,0.0012540060561150312
116439,dct_high_nontargeted_white_box_eps0.0627_iter1,0.3333333333333334,0.26406926406926406,0.9996125,58.092665879088266,0.9999515414237976,0.9999814033508301,0.0013352201785892248,0.00012731552124023438,278635,0.0021525223,0.0012364855501800776,0.0012405655579641461,0.0012345045106485486
107851,dct_high_nontargeted_white_box_eps0.0627_iter1,0.13073593073593073,0.050505050505050504,0.99948996,58.77269409521108,1.0000145435333252,0.9999719262123108,0.003975908271968365,0.0006412267684936523,289545,0.0018935542,0.0010568173602223396,0.001058239839039743,0.0010585397249087691
274219,dct_high_nontargeted_white_box_eps0.0627_iter4,0.3333333333333334,0.20000000000000004,0.99507743,50.250539473881105,0.9993433952331543,0.9998013377189636,0.03370600938796997,0.00220412015914917,297016,0.004788464,0.002471020445227623,0.0024915910325944424,0.0024272988084703684
105923,dct_high_nontargeted_white_box_eps0.0627_iter1,0.39393939393939403,0.2954545454545455,0.99931365,58.03674199621977,0.9998953342437744,0.9999712109565735,0.003328284714370966,0.0001747608184814453,291533,0.0021710661,0.0012531164102256298,0.001253222580999136,0.0012533058179542422
166664,dct_high_nontargeted_white_box_eps0.0627_iter2,0.3333333333333334,0.25000000000000006,0.997595,53.40596965477499,0.9996328353881836,0.9999163150787354,0.015587356872856617,0.0008185505867004395,229197,0.0035003694,0.0018159636529162526,0.0018224222585558891,0.001821662881411612
212573,dct_high_nontargeted_white_box_eps0.0627_iter1,0.3610389610389611,0.3590909090909092,0.9996303,58.03517692287825,0.9999446272850037,0.9999786615371704,0.0011185382027179003,0.0002079010009765625,302209,0.002171635,0.0012535983696579933,0.001253659138455987,0.0012537413276731968
319369,dct_high_nontargeted_white_box_eps0.0627_iter1,0.29090909090909095,0.25378787878787884,0.99969584,58.347853147389785,0.999964714050293,0.9999838471412659,0.0014429731527343392,0.000283658504486084,295060,0.0020505278,0.0011637496063485742,0.0011670131934806705,0.001168969669379294
26941,dct_high_nontargeted_white_box_eps0.0627_iter1,0.3333333333333334,0.13636363636363638,0.9993822,58.07638125875541,0.999921441078186,0.9999746680259705,0.0016041609924286604,0.00013083219528198242,280083,0.0021599298,0.001222355174832046,0.001252033282071352,0.0012510919477790594
252716,dct_high_nontargeted_white_box_eps0.0627_iter7,0.12121212121212122,0.09090909090909091,0.98818046,45.027427365946274,0.998130738735199,0.9995835423469543,0.07759791612625122,0.005782008171081543,384271,0.009013437,0.00483193201944232,0.004850152414292097,0.0048792618326842785
64868,dct_high_nontargeted_white_box_eps0.0627_iter1,0.25000000000000006,0.12500000000000003,0.99915177,58.037580639189706,0.9999014139175415,0.9999697804450989,0.005124977324157953,0.0002739429473876953,267941,0.0021707418,0.0012532423716038465,0.0012531428365036845,0.0012525292113423347
205324,dct_high_nontargeted_white_box_eps0.0627_iter1,0.18181818181818185,0.13636363636363638,0.99948454,58.039852783149925,0.9999314546585083,0.9999803304672241,0.002154518384486437,0.00024712085723876953,280732,0.002170272,0.0012505154591053724,0.0012527528451755643,0.0012536915019154549
48555,dct_high_nontargeted_white_box_eps0.0627_iter2,0.12121212121212122,0.09090909090909091,0.99762774,53.65783968590398,0.9996376037597656,0.9999155402183533,0.015841949731111526,0.0005910396575927734,246528,0.0033377698,0.0018255955073982477,0.001845919992774725,0.0015356220537796617
244099,dct_high_nontargeted_white_box_eps0.0627_iter8,0.3333333333333334,0.25000000000000006,0.98701423,44.778163115924706,0.9976724982261658,0.9995415806770325,0.09781114757061005,0.019371867179870605,388749,0.009187582,0.004638181068003178,0.004909256473183632,0.004796160850673914
460682,dct_high_nontargeted_white_box_eps0.0627_iter1,0.5000000000000001,0.0,0.99936026,58.05530998018839,0.9999213218688965,0.9999764561653137,0.009290977381169796,0.0002866983413696289,272170,0.0021625345,0.001247828477062285,0.001247877604328096,0.0012479019351303577
50679,dct_high_nontargeted_white_box_eps0.0627_iter1,0.18181818181818185,0.17727272727272728,0.99913424,58.048391148015035,0.9998704791069031,0.9999707341194153,0.006255858577787876,0.0001232624053955078,281761,0.002168019,0.001251022331416607,0.001253822585567832,0.0012447324115782976
10764,dct_high_nontargeted_white_box_eps0.0627_iter2,0.3333333333333334,0.25000000000000006,0.9979741,53.597922499795,0.9996975660324097,0.9999266266822815,0.006887644995003939,0.0001920461654663086,219405,0.0033932405,0.0017272852128371596,0.0017495057545602322,0.0017492967890575528
537827,dct_high_nontargeted_white_box_eps0.0627_iter5,0.3333333333333334,0.25000000000000006,0.9971058,45.9233491569437,0.9993879199028015,0.9997962117195129,0.0041366443037986755,0.0003170967102050781,398259,0.008495441,0.0045145065523684025,0.004613818600773811,0.004747986793518066
329827,dct_high_nontargeted_white_box_eps0.0627_iter3,0.3333333333333334,0.06666666666666665,0.9950283,51.999490674130314,0.9992675185203552,0.9998310804367065,0.05814544856548309,0.004048943519592285,284664,0.004023194,0.002249200828373432,0.002192253712564707,0.002150830579921603
500270,dct_high_nontargeted_white_box_eps0.0627_iter1,0.13636363636363638,0.07272727272727272,0.9988599,58.03927803724808,0.9998375177383423,0.9999619126319885,0.008955132216215134,0.0004150867462158203,287656,0.002170331,0.0012509843800216913,0.0012531917309388518,0.0012532707769423723
308165,dct_high_nontargeted_white_box_eps0.0627_iter4,0.25000000000000006,0.20000000000000004,0.9927524,49.537452008064484,0.9989086985588074,0.9997538924217224,0.07741369307041168,0.006498217582702637,333306,0.0053288005,0.002717084251344204,0.002769355196505785,0.0027577450964599848
544444,dct_high_nontargeted_white_box_eps0.0627_iter7,0.3333333333333334,0.25000000000000006,0.98610234,47.133283921756345,0.9981011152267456,0.999495267868042,0.11747941374778748,0.005623936653137207,358661,0.0068553523,0.0036528364289551973,0.0036660467740148306,0.003690018318593502
378244,dct_high_nontargeted_white_box_eps0.0627_iter2,0.25000000000000006,0.20000000000000004,0.997534,53.81454309221206,0.9996423721313477,0.9999363422393799,0.024057507514953613,0.0011237263679504395,206227,0.0032509333,0.001698921318165958,0.0016858906019479036,0.0015875139506533742
90956,dct_high_nontargeted_white_box_eps0.0627_iter13,0.3333333333333334,0.0,0.9791569,40.27005623800746,0.9956619739532471,0.9991520047187805,0.0495125874876976,0.003506958484649658,404630,0.015647717,0.008054729551076889,0.008615691214799881,0.008389751426875591
313562,dct_high_nontargeted_white_box_eps0.0627_iter1,0.20000000000000004,0.1666666666666667,0.9996104,58.14827432674964,0.9999569654464722,0.9999789595603943,0.0012240703217685223,4.9591064453125e-05,273973,0.002132402,0.0012201305944472551,0.0012259165523573756,0.0012182677164673805
258388,dct_high_nontargeted_white_box_eps0.0627_iter1,0.25000000000000006,0.1666666666666667,0.9986512,58.188299992557056,0.9998192191123962,0.9999499917030334,0.008724246174097061,0.0005893707275390625,266243,0.0021290837,0.0012505647027865052,0.0012334644561633468,0.001146694179624319
358195,dct_high_nontargeted_white_box_eps0.0627_iter3,0.3333333333333334,0.20000000000000004,0.99842626,50.37857415329165,0.9996469020843506,0.9999048113822937,0.003915557637810707,0.000504612922668457,305183,0.0050569177,0.0027542500756680965,0.0027878957334905863,0.0027518633287400007
3553,dct_high_nontargeted_white_box_eps0.0627_iter2,0.25000000000000006,0.20000000000000004,0.9982818,53.79693542724936,0.9997970461845398,0.999939501285553,0.010593658313155174,0.0003966093063354492,202779,0.0032444156,0.001665950519964099,0.0016643244307488203,0.0016664026770740747
253819,dct_high_nontargeted_white_box_eps0.0627_iter2,0.3333333333333334,0.20000000000000004,0.9986922,53.50692192576339,0.9998146295547485,0.9999426603317261,0.0043996162712574005,0.00041991472244262695,240676,0.0034503469,0.001795283518731594,0.0017936842050403357,0.0017738353926688433
278705,dct_high_nontargeted_white_box_eps0.0627_iter2,0.5000000000000001,0.3090909090909092,0.99871486,53.2753952927651,0.9998142123222351,0.9999378323554993,0.004926606081426144,0.00029218196868896484,238665,0.0035846934,0.0018686200492084026,0.0018900621216744184,0.0018685339018702507
187990,dct_high_nontargeted_white_box_eps0.0627_iter1,0.25000000000000006,0.20000000000000004,0.999103,58.03850007109705,0.9998770952224731,0.9999661445617676,0.004193149507045746,0.0002473592758178711,275402,0.0021706396,0.001252591609954834,0.0012534107081592083,0.0012521148892119527
51938,dct_high_nontargeted_white_box_eps0.0627_iter2,0.3636363636363637,0.3454545454545455,0.9967688,53.17032541385161,0.9995155334472656,0.9999234080314636,0.019503427669405937,0.0004947781562805176,251142,0.0036625587,0.001958004431799054,0.0019178192596882582,0.0018887377809733152
188296,dct_high_nontargeted_white_box_eps0.0627_iter3,0.23538961038961043,0.19480519480519484,0.99900824,50.03702561712049,0.9998741149902344,0.9999081492424011,0.0024386062286794186,0.00017434358596801758,296853,0.005273683,0.0028749064076691866,0.00289977272041142,0.0029049303848296404
45090,dct_high_nontargeted_white_box_eps0.0627_iter1,0.28282828282828276,0.2575757575757575,0.99944633,58.121276452443816,0.9999346137046814,0.9999644160270691,0.010407702066004276,0.0005666017532348633,297624,0.0021398913,0.0012303759576752782,0.0012267942074686289,0.0012300125090405345
347174,dct_high_nontargeted_white_box_eps0.0627_iter2,0.25000000000000006,0.0,0.997709,53.788895290916905,0.9997026920318604,0.9999054074287415,0.014006060548126698,0.0005433559417724609,198219,0.0032362565,0.001669481280259788,0.0016637418884783983,0.0016663270071148872
341196,dct_high_nontargeted_white_box_eps0.0627_iter6,0.3333333333333334,0.303030303030303,0.9924564,45.423030196197814,0.9986709952354431,0.9996582865715027,0.018787454813718796,0.0012862682342529297,394346,0.008806678,0.004734469577670097,0.004678644705563784,0.00451465742662549
439525,dct_high_nontargeted_white_box_eps0.0627_iter1,0.12500000000000003,0.09090909090909093,0.9993315,58.03860125665853,0.9999228715896606,0.9999732375144958,0.003065676661208272,0.00033092498779296875,269162,0.0021706824,0.0012536827707663178,0.0012536323629319668,0.0012507247738540173
329455,dct_high_nontargeted_white_box_eps0.0627_iter1,0.10000000000000002,0.057851239669421496,0.9993715,58.053202626101836,0.9999281764030457,0.9999746680259705,0.0026072836481034756,4.744529724121094e-05,270408,0.0021660978,0.0012498870491981506,0.0012512706452980638,0.0012442623265087605
302990,dct_high_nontargeted_white_box_eps0.0627_iter2,0.3333333333333334,0.18181818181818185,0.9988718,53.067900519615385,0.9998220205307007,0.9999449849128723,0.0037687276490032673,0.00013309717178344727,257920,0.0037377106,0.001956612104550004,0.0020006599370390177,0.0019478813046589494
262587,dct_high_nontargeted_white_box_eps0.0627_iter3,0.3333333333333334,0.25000000000000006,0.99418324,50.711401419162634,0.999112606048584,0.9998274445533752,0.03473159298300743,0.0011420845985412598,313252,0.0048350454,0.0027193736750632524,0.002631995128467679,0.002547299023717642
117719,dct_high_nontargeted_white_box_eps0.0627_iter2,0.20000000000000004,0.06666666666666665,0.99790126,53.52556995799641,0.9997274875640869,0.9999383687973022,0.0160315353423357,0.001577615737915039,213214,0.0034094253,0.001772749819792807,0.0017763817450031638,0.001766469213180244
107339,dct_high_nontargeted_white_box_eps0.0627_iter3,0.1666666666666667,0.07792207792207793,0.99537,51.76860192465598,0.9993483424186707,0.9998517632484436,0.06433923542499542,0.0018044710159301758,287666,0.004152651,0.002287119859829545,0.002226881915703416,0.0022811610251665115
468501,dct_high_nontargeted_white_box_eps0.0627_iter3,0.12500000000000003,0.07070707070707072,0.9966199,51.0954010676517,0.9995365142822266,0.9998748898506165,0.01747027598321438,0.0005496740341186523,281962,0.004545595,0.002480433788150549,0.0024976148270070553,0.0024849066976457834
511760,dct_high_nontargeted_white_box_eps0.0627_iter2,0.34090909090909094,0.25000000000000006,0.9963405,53.52223710551168,0.9994215965270996,0.999824583530426,0.07096806913614273,0.002981424331665039,223342,0.0034280359,0.0017929254099726677,0.0017434019828215241,0.0017795894527807832
361730,dct_high_nontargeted_white_box_eps0.0627_iter1,0.11616161616161619,0.1149607967789786,0.99901485,58.06101729372293,0.9998626112937927,0.9999605417251587,0.004155904985964298,0.0002880096435546875,279418,0.0021634279,0.0012462912127375603,0.0012478461721912026,0.0012445419561117887
427077,dct_high_nontargeted_white_box_eps0.0627_iter3,0.5000000000000001,0.3333333333333334,0.99582386,51.316075010512385,0.9994248151779175,0.9998442530632019,0.024945057928562164,0.0009534955024719238,277923,0.00439402,0.0024001826532185078,0.002400524215772748,0.0024131827522069216
346968,dct_high_nontargeted_white_box_eps0.0627_iter2,0.1666666666666667,0.14285714285714288,0.9975875,54.01606697054186,0.9996488094329834,0.9999028444290161,0.020472077652812004,0.0010694265365600586,196778,0.0031305517,0.0015985248610377312,0.0015853801742196083,0.001560726435855031
229216,dct_high_nontargeted_white_box_eps0.0627_iter1,0.3333333333333334,0.25000000000000006,0.9994895,58.05693807272106,0.9999362826347351,0.9999749064445496,0.0014684258494526148,0.00011456012725830078,277232,0.0021651136,0.0012481320882216096,0.0012511106906458735,0.0012429658090695739
563882,dct_high_nontargeted_white_box_eps0.0627_iter1,0.14190607372425554,0.09444444444444444,0.9989209,58.098413153728146,0.9998685717582703,0.9999624490737915,0.009810038842260838,0.0005140900611877441,262235,0.0021491977,0.0012245123507454991,0.0012396515812724829,0.001242473372258246
58705,dct_high_nontargeted_white_box_eps0.0627_iter3,0.1666666666666667,0.04545454545454546,0.9967744,51.076431468288234,0.9995628595352173,0.9998403191566467,0.00901652593165636,0.000689089298248291,274557,0.0045342413,0.002494082087650895,0.0024680637288838625,0.0025005287025123835
323263,dct_high_nontargeted_white_box_eps0.0627_iter1,0.20000000000000004,0.18961038961038965,0.99947786,58.06565632421308,0.9999257922172546,0.9999752044677734,0.0014729938702657819,6.830692291259766e-05,281400,0.00216266,0.0012388606555759907,0.001247409381903708,0.0012484295293688774
248334,dct_high_nontargeted_white_box_eps0.0627_iter2,0.38636363636363646,0.3798701298701299,0.9992029,53.11845466537306,0.9998916983604431,0.9999557733535767,0.0026371004059910774,0.00015532970428466797,245691,0.0036969485,0.0019412684487178922,0.0019652985502034426,0.0019292132928967476
400803,dct_high_nontargeted_white_box_eps0.0627_iter3,0.5151515151515152,0.3090909090909092,0.9977329,50.33511526781225,0.999701738357544,0.9998902678489685,0.010375550016760826,0.0003598332405090332,285782,0.0050551756,0.00279071182012558,0.002778862603008747,0.0027757876086980104
422706,dct_high_nontargeted_white_box_eps0.0627_iter1,0.390909090909091,0.2954545454545455,0.9994752,58.05166800888646,0.9999207258224487,0.9999769926071167,0.0013761990703642368,4.303455352783203e-05,298152,0.0021668123,0.0012452383525669575,0.0012510260567069054,0.0012504784390330315
78823,dct_high_nontargeted_white_box_eps0.0627_iter2,0.20000000000000004,0.1818181818181818,0.99900717,53.08111731425282,0.999841570854187,0.9999328851699829,0.002835324266925454,0.00014400482177734375,241778,0.003704265,0.0019659302197396755,0.0019660168327391148,0.0019524538656696677
527220,dct_high_nontargeted_white_box_eps0.0627_iter1,0.25000000000000006,0.0,0.99926144,58.10254991187633,0.9999164342880249,0.9999739527702332,0.0025455618742853403,6.151199340820312e-05,264726,0.0021475435,0.0012327340664342046,0.0012354275677353144,0.0012349474709481
178982,dct_high_nontargeted_white_box_eps0.0627_iter1,0.4000000000000001,0.2181818181818182,0.99880695,58.08329096462003,0.999833345413208,0.9999555349349976,0.007310093846172094,0.00033336877822875977,272642,0.0021578372,0.0012518890434876084,0.001247165258973837,0.0012205286184325814
408696,dct_high_nontargeted_white_box_eps0.0627_iter1,0.13636363636363638,0.04545454545454545,0.9993208,58.03632466205828,0.9999110102653503,0.9999690055847168,0.0032047575805336237,0.0003952980041503906,276016,0.0021712794,0.0012532758992165327,0.0012534040724858642,0.001253338297829032
144300,dct_high_nontargeted_white_box_eps0.0627_iter1,0.4090909090909091,0.3383838383838384,0.9994046,58.06390550606296,0.9999286532402039,0.9999728202819824,0.0035391247365623713,9.763240814208984e-05,275279,0.00216294,0.0012507073115557432,0.0012458654819056392,0.001239632605575025
7816,dct_high_nontargeted_white_box_eps0.0627_iter1,0.7651515151515154,0.7375000000000002,0.9994758,58.0418011761972,0.9999274611473083,0.9999799728393555,0.001426792237907648,6.073713302612305e-05,284888,0.0021693846,0.0012519313022494316,0.0012518722796812654,0.001251462148502469
152120,dct_high_nontargeted_white_box_eps0.0627_iter7,1.0000000000000002,0.5000000000000001,0.9890054,45.4616104003248,0.998639702796936,0.9995923042297363,0.03986483812332153,0.0020574331283569336,378699,0.008488747,0.0045745838433504105,0.004531641490757465,0.004592968616634607
308631,dct_high_nontargeted_white_box_eps0.0627_iter3,0.4772727272727274,0.3225108225108226,0.9983166,50.55213132113258,0.9997932314872742,0.9998909831047058,0.0051386794075369835,0.000775456428527832,286216,0.0049086455,0.0026822038926184177,0.002703446429222822,0.0026904065161943436
517523,dct_high_nontargeted_white_box_eps0.0627_iter2,1.0000000000000002,0.3333333333333334,0.99687046,54.14096527430422,0.9995752573013306,0.9998767375946045,0.04094181954860687,0.0009554028511047363,189248,0.0030426083,0.0015358958626165986,0.0015379199758172035,0.0015366715379059315
5477,dct_high_nontargeted_white_box_eps0.0627_iter1,1.0000000000000002,0.27272727272727276,0.99903375,58.03841338245583,0.999871015548706,0.999962329864502,0.004401392303407192,0.0002689361572265625,272713,0.0021705625,0.001252391142770648,0.0012529892846941948,0.0012527923099696636
15272,dct_high_nontargeted_white_box_eps0.0627_iter1,1.0000000000000002,0.0,0.99988025,58.149187439837476,0.9999875426292419,0.9999890327453613,0.0002281863271491602,5.97834587097168e-05,305283,0.0021338973,0.0012225257232785225,0.0012225632090121508,0.0012184502556920052
391375,dct_high_nontargeted_white_box_eps0.0627_iter3,0.3333333333333334,0.25000000000000006,0.99673575,51.35711011429506,0.9995843768119812,0.9998584389686584,0.015895605087280273,0.0015361905097961426,272775,0.0043718745,0.002400975674390793,0.0023835592437535524,0.002358374185860157
69138,dct_high_nontargeted_white_box_eps0.0627_iter1,0.5000000000000001,0.1666666666666667,0.9990924,58.03800564439883,0.9998760223388672,0.9999640583992004,0.008820664137601852,0.000530242919921875,276991,0.0021708386,0.0012517699506133795,0.0012532881228253245,0.001253505819477141
432553,dct_high_nontargeted_white_box_eps0.0627_iter2,0.3333333333333334,0.1785714285714286,0.99808913,53.60914483492918,0.999735951423645,0.9999149441719055,0.011439482681453228,0.0006497502326965332,213856,0.0033548968,0.0017430862644687295,0.0017357777105644345,0.0017408834537491202
315187,dct_high_nontargeted_white_box_eps0.0627_iter1,0.5333333333333334,0.490909090909091,0.999222,58.05940378449937,0.9998845458030701,0.9999803304672241,0.0032884818501770496,9.882450103759766e-05,305986,0.0021634533,0.0012469380162656307,0.0012486757477745414,0.0012444506864994764
76417,dct_high_nontargeted_white_box_eps0.0627_iter2,0.4000000000000001,0.05454545454545455,0.99795604,53.54278582392933,0.9996882677078247,0.999891459941864,0.008048011921346188,0.00035119056701660156,212356,0.0034023717,0.0017707098741084337,0.0017609433270990849,0.0017601795261725783
196843,dct_high_nontargeted_white_box_eps0.0627_iter1,0.5454545454545455,0.4545454545454546,0.9994988,58.06044464125747,0.9999376535415649,0.999977171421051,0.0028025417122989893,9.679794311523438e-05,284496,0.0021632777,0.001245982013642788,0.0012472314992919564,0.0012459602439776063
138550,dct_high_nontargeted_white_box_eps0.0627_iter1,0.3333333333333334,0.25000000000000006,0.9994946,58.156368059570234,0.9999427199363708,0.9999741911888123,0.0012626212555915117,0.0001888275146484375,274625,0.0021301936,0.0012083124602213502,0.001217313576489687,0.0012318763183429837
244019,dct_high_nontargeted_white_box_eps0.0627_iter4,0.5000000000000001,0.1666666666666667,0.9954012,49.26145459729636,0.9993438720703125,0.9998098611831665,0.014742584899067879,0.0008075833320617676,339109,0.0055377507,0.0028770980425179005,0.0029101120308041573,0.0028423387557268143
439623,dct_high_nontargeted_white_box_eps0.0627_iter1,0.8939393939393941,0.8712121212121213,0.99940556,58.07133389719884,0.9999164938926697,0.9999749064445496,0.002037982689216733,0.0001251697540283203,287685,0.0021578397,0.001243861741386354,0.0012436537072062492,0.0012423030566424131
343315,dct_high_nontargeted_white_box_eps0.0627_iter1,1.0000000000000002,0.5000000000000001,0.99974364,58.04173870007682,0.9999533891677856,0.999981701374054,0.0006111247930675745,0.00013053417205810547,311063,0.0021695127,0.0012514847330749035,0.001251791138201952,0.00125203188508749
340451,dct_high_nontargeted_white_box_eps0.0627_iter4,0.25000000000000006,0.1666666666666667,0.99642366,48.73989244756598,0.9995492696762085,0.9998455047607422,0.023763619363307953,0.0016312599182128906,356264,0.0059192423,0.0031406329944729805,0.003155533690005541,0.003071385668590665
436883,dct_high_nontargeted_white_box_eps0.0627_iter3,0.3818181818181819,0.18181818181818182,0.99748904,50.37763250043579,0.9996797442436218,0.9998899102210999,0.007394526153802872,0.0007166862487792969,285216,0.0050282837,0.0027575858402997255,0.002768930746242404,0.002765174023807049
459500,dct_high_nontargeted_white_box_eps0.0627_iter3,0.20000000000000004,0.1666666666666667,0.99602467,50.92236880808787,0.9994659423828125,0.9998606443405151,0.025828901678323746,0.001156628131866455,288140,0.004652825,0.002562787150964141,0.0025485714431852102,0.0025436088908463717
338718,dct_high_nontargeted_white_box_eps0.0627_iter2,1.0000000000000002,0.5454545454545455,0.99903613,53.87474200892335,0.9998505115509033,0.9999450445175171,0.0032955054193735123,0.00014537572860717773,209539,0.0032400705,0.0016487661050632596,0.0016640500398352742,0.0015917365672066808
50165,dct_high_nontargeted_white_box_eps0.0627_iter1,1.0000000000000002,0.5000000000000001,0.9992822,58.044591519857896,0.999881386756897,0.9999735951423645,0.0024089543148875237,0.00016456842422485352,305646,0.002168486,0.0012515914859250188,0.0012516379356384277,0.0012496312847360969
158956,dct_high_nontargeted_white_box_eps0.0627_iter1,0.14285714285714288,0.12500000000000003,0.998789,58.10055560384458,0.9998286962509155,0.999955952167511,0.007360073272138834,0.00018310546875,274159,0.002153804,0.0011971689527854323,0.0012538920855149627,0.0012537587899714708
311883,dct_high_nontargeted_white_box_eps0.0627_iter1,0.7545454545454546,0.4141414141414142,0.99903697,58.03719224865678,0.99985671043396,0.999968409538269,0.005292541813105345,0.0003674030303955078,279613,0.0021708836,0.0012529143132269382,0.0012530252570286393,0.0012532976688817143
431896,dct_high_nontargeted_white_box_eps0.0627_iter2,1.0000000000000002,0.25000000000000006,0.998357,53.94343294378957,0.9997758865356445,0.99993497133255,0.005540044978260994,0.0007494688034057617,201823,0.0031736505,0.0016066387761384249,0.001612361054867506,0.0016061312053352594
442456,dct_high_nontargeted_white_box_eps0.0627_iter1,0.3636363636363637,0.3068181818181819,0.9994859,58.05907078530105,0.9999345541000366,0.9999762177467346,0.0015000111889094114,0.0001283884048461914,274562,0.00216333,0.0012477360432967544,0.0012453992385417223,0.0012472177622839808
79229,dct_high_nontargeted_white_box_eps0.0627_iter7,0.20000000000000004,0.1666666666666667,0.99414235,43.7328792556069,0.9985031485557556,0.9995445013046265,0.015376487746834755,0.002055525779724121,402628,0.010833856,0.005863965954631567,0.006058496423065662,0.005616682581603527
188439,dct_high_nontargeted_white_box_eps0.0627_iter4,0.5000000000000001,0.3750000000000001,0.9976081,48.57888834223316,0.9996689558029175,0.9998821020126343,0.007786167785525322,0.0006490349769592285,367451,0.006116447,0.0032245623879134655,0.0031885593198239803,0.003223940497264266
151480,dct_high_nontargeted_white_box_eps0.0627_iter1,0.1868165924984107,0.1702020202020202,0.9992477,58.03888857500642,0.9998914003372192,0.9999688863754272,0.0017829493153840303,0.00010889768600463867,283606,0.002170562,0.00125385622959584,0.001252829097211361,0.0012511101085692644
46872,dct_high_nontargeted_white_box_eps0.0627_iter2,0.5090909090909091,0.4242424242424243,0.99874496,53.33783417440475,0.9998311996459961,0.99993896484375,0.004512212239205837,0.00020503997802734375,229035,0.0035466698,0.0018511557718738914,0.0018519987352192402,0.00184626504778862
489014,dct_high_nontargeted_white_box_eps0.0627_iter3,0.25000000000000006,0.10000000000000002,0.99657327,51.40637684661202,0.9995371699333191,0.9998698830604553,0.026622239500284195,0.001482844352722168,292422,0.0043596495,0.002391828689724207,0.0023790341801941395,0.0023640780709683895
289229,dct_high_nontargeted_white_box_eps0.0627_iter3,0.3333333333333334,0.25000000000000006,0.99483114,51.969402918211365,0.9993101358413696,0.9998009204864502,0.08045203983783722,0.004748702049255371,277467,0.004015758,0.0022073956206440926,0.0022048912942409515,0.002201093127951026
281929,dct_high_nontargeted_white_box_eps0.0627_iter1,0.5000000000000001,0.4000000000000001,0.9993598,58.04503110311578,0.9999169111251831,0.9999765157699585,0.0025755802635103464,0.00022089481353759766,285267,0.0021682077,0.001250333501957357,0.0012509669177234173,0.0012511701788753271
257896,dct_high_nontargeted_white_box_eps0.0627_iter1,0.3333333333333334,0.25000000000000006,0.9993538,58.133226862866366,0.9999128580093384,0.9999648928642273,0.0038781417533755302,0.0002218484878540039,271084,0.0021427583,0.0012502477038651705,0.0012193130096420646,0.0012074831174686551
179174,dct_high_nontargeted_white_box_eps0.0627_iter4,0.10227272727272729,0.06818181818181819,0.9968975,48.67589876418626,0.9995272159576416,0.9998254179954529,0.01363641768693924,0.001017451286315918,358103,0.0060139424,0.003169028554111719,0.003154442412778735,0.003182791406288743
393115,dct_high_nontargeted_white_box_eps0.0627_iter1,0.3333333333333334,0.25000000000000006,0.9990929,58.03888456305661,0.9998881220817566,0.9999668002128601,0.008578571490943432,0.00024902820587158203,270138,0.0021703932,0.0012525037163868546,0.0012528826482594013,0.001252408022992313
370813,dct_high_nontargeted_white_box_eps0.0627_iter1,0.3333333333333334,0.1666666666666667,0.9993976,58.03404697546091,0.9998811483383179,0.9999633431434631,0.0025051827542483807,0.00017088651657104492,295464,0.0021719835,0.0012539930175989866,0.0012539930175989866,0.001253990107215941
442746,dct_high_nontargeted_white_box_eps0.0627_iter2,0.4000000000000001,0.3333333333333334,0.9988203,52.83168167285848,0.9998252391815186,0.9999507069587708,0.0026802606880664825,0.00019276142120361328,252703,0.0038582303,0.00204534363001585,0.002097662538290024,0.0020929621532559395
369541,dct_high_nontargeted_white_box_eps0.0627_iter1,0.15272727272727277,0.04924242424242424,0.99954444,58.04165197840902,0.999936044216156,0.9999799132347107,0.002048875205218792,0.00010263919830322266,277732,0.0021693762,0.0012510694796219468,0.0012520087184384465,0.0012523190816864371
381971,dct_high_nontargeted_white_box_eps0.0627_iter1,0.30519480519480524,0.2954545454545455,0.99970007,58.060752166118625,0.9999556541442871,0.9999845027923584,0.0005788527196273208,0.0002321004867553711,302421,0.0021638186,0.001242837286554277,0.001248262240551412,0.0012478332500904799
396863,dct_high_nontargeted_white_box_eps0.0627_iter9,0.13636363636363638,0.1090909090909091,0.9907715,43.263678103437314,0.9989819526672363,0.9995889067649841,0.027255171909928322,0.0023363232612609863,386518,0.01092374,0.0058042919263243675,0.005765593145042658,0.0058785551227629185
576052,dct_high_nontargeted_white_box_eps0.0627_iter3,0.3333333333333334,0.25000000000000006,0.9961901,50.853816883256926,0.9993988275527954,0.9998522400856018,0.01817939430475235,0.0011299848556518555,295156,0.004720132,0.0025701476261019707,0.0025896751321852207,0.0025739117991179228
51712,dct_high_nontargeted_white_box_eps0.0627_iter4,0.3333333333333334,0.0,0.9965159,49.49221346307003,0.9995424151420593,0.9999053478240967,0.03478352352976799,0.00224912166595459,333115,0.005371401,0.0027813243214040995,0.0028061082120984793,0.002750383922830224
476770,dct_high_nontargeted_white_box_eps0.0627_iter1,0.12823691460055095,0.09099567099567099,0.9994416,58.04165927561656,0.9999272227287292,0.9999827742576599,0.0026633315719664097,6.079673767089844e-05,280517,0.0021697935,0.001249294844456017,0.0012533009285107255,0.001252789399586618
220764,dct_high_nontargeted_white_box_eps0.0627_iter8,0.25000000000000006,0.1666666666666667,0.9803727,43.65455269228609,0.9969698786735535,0.9995512962341309,0.13277538120746613,0.010432779788970947,394328,0.010565484,0.005401757545769215,0.005670784506946802,0.005874453112483025
312720,dct_high_nontargeted_white_box_eps0.0627_iter4,0.3333333333333334,0.25000000000000006,0.9924515,49.24794841379975,0.998856782913208,0.9997857809066772,0.04101933538913727,0.003968179225921631,340158,0.005553544,0.002797347493469715,0.002884064568206668,0.0029719427693635225
568981,dct_high_nontargeted_white_box_eps0.0627_iter1,0.20000000000000004,0.1666666666666667,0.9995241,58.03702994823272,0.9999338984489441,0.9999774694442749,0.001650123274885118,6.55055046081543e-05,290734,0.002171126,0.0012522618053480983,0.0012537853326648474,0.0012533442350104451
461009,dct_high_nontargeted_white_box_eps0.0627_iter1,0.20000000000000004,0.16233766233766236,0.99894077,58.05005079290086,0.9998714327812195,0.9999647736549377,0.011186575517058372,0.0008075237274169922,266952,0.0021674747,0.0012414278462529182,0.001253106165677309,0.0012536015128716826
563648,dct_high_nontargeted_white_box_eps0.0627_iter1,0.12354312354312354,0.11212121212121212,0.99965495,58.068109471320675,0.9999459981918335,0.9999808669090271,0.0006861892761662602,6.783008575439453e-05,290104,0.002161003,0.00124234682880342,0.0012452449882403016,0.001244999933987856
532855,dct_high_nontargeted_white_box_eps0.0627_iter1,0.25000000000000006,0.11111111111111109,0.9991541,58.036273142301944,0.9998688697814941,0.9999641180038452,0.0040885405614972115,0.0002123117446899414,279247,0.0021712217,0.0012534915003925562,0.0012534536654129624,0.0012531167594715953
38210,dct_high_nontargeted_white_box_eps0.0627_iter2,0.3333333333333334,0.25000000000000006,0.9989088,53.53629974119674,0.9998361468315125,0.9999478459358215,0.003866576822474599,0.00036323070526123047,235242,0.0034411638,0.0017941959667950869,0.0017746147932484746,0.0017306265654042363
563349,dct_high_nontargeted_white_box_eps0.0627_iter1,0.3333333333333334,0.25000000000000006,0.99885505,58.035989127410446,0.9998399615287781,0.9999651312828064,0.012815755791962147,0.001108705997467041,282836,0.0021713749,0.0012533152475953102,0.0012535915011540055,0.0012533533154055476
250901,dct_high_nontargeted_white_box_eps0.0627_iter1,0.21022727272727265,0.06363636363636364,0.9993181,58.08408400692656,0.9999161958694458,0.9999733567237854,0.0036078719422221184,0.0002663135528564453,270075,0.0021572798,0.001225549727678299,0.00125135260168463,0.0012420023558661342
74457,dct_high_nontargeted_white_box_eps0.0627_iter1,0.3333333333333334,0.25000000000000006,0.9990878,58.034536312682654,0.9998703002929688,0.9999675154685974,0.008487839251756668,0.00023651123046875,272889,0.002171823,0.0012537639122456312,0.0012539082672446966,0.0012538688024505973
190007,dct_high_nontargeted_white_box_eps0.0627_iter12,0.3333333333333334,0.25000000000000006,0.982302,42.407121947189054,0.9970066547393799,0.9992544651031494,0.04877656698226929,0.005045711994171143,397155,0.01195165,0.006097929086536169,0.006230507977306843,0.006343799643218517
177357,dct_high_nontargeted_white_box_eps0.0627_iter4,0.3333333333333334,0.0,0.9964216,48.48546503263223,0.999452531337738,0.9998409152030945,0.012139920145273209,0.0009984970092773438,368090,0.0061968416,0.003266500309109688,0.0032905624248087406,0.0032637130934745073
185292,dct_high_nontargeted_white_box_eps0.0627_iter3,0.3333333333333334,0.25000000000000006,0.9956424,51.23511625173455,0.9994053244590759,0.9998952150344849,0.05966085195541382,0.0022637248039245605,292842,0.004461968,0.002476152265444398,0.002437843009829521,0.0024019067641347647
493864,dct_high_nontargeted_white_box_eps0.0627_iter9,0.21212121212121215,0.13636363636363635,0.9787879,44.340156888336324,0.9967731833457947,0.9990836381912231,0.0918983668088913,0.0058768391609191895,383947,0.009506713,0.005078673828393221,0.005098462104797363,0.005059986840933561
102820,dct_high_nontargeted_white_box_eps0.0627_iter2,0.25000000000000006,0.20000000000000004,0.9986089,53.72293347253926,0.9998800158500671,0.9999380707740784,0.004126816522330046,0.00025177001953125,197798,0.0032897836,0.0016993731260299683,0.0017056468641385436,0.001700491877272725
51976,dct_high_nontargeted_white_box_eps0.0627_iter7,0.3333333333333334,0.0,0.9871308,45.194297769119544,0.9979100227355957,0.9995297789573669,0.031612686812877655,0.004819512367248535,389776,0.008961246,0.004306328948587179,0.004651013761758804,0.005301669705659151
381360,dct_high_nontargeted_white_box_eps0.0627_iter1,0.25000000000000006,0.20000000000000004,0.9995349,58.040484834137516,0.9999337196350098,0.9999787211418152,0.0014157878467813134,0.0001404285430908203,288401,0.0021696552,0.0012520099990069866,0.0012519664596766233,0.0012524259509518743
304812,dct_high_nontargeted_white_box_eps0.0627_iter3,0.12121212121212122,0.06060606060606061,0.9945884,50.84967363105197,0.9991299510002136,0.999834418296814,0.054938290268182755,0.004562735557556152,298336,0.0047147023,0.0025852015241980553,0.002543809125199914,0.002600658917799592
258883,dct_high_nontargeted_white_box_eps0.0627_iter3,0.14285714285714288,0.12500000000000003,0.99617726,51.415524002723245,0.9995448589324951,0.999867856502533,0.029833070933818817,0.0019314885139465332,273316,0.0043262597,0.002383340848609805,0.002375284442678094,0.002377795521169901
55950,dct_high_nontargeted_white_box_eps0.0627_iter5,0.20000000000000004,0.0,0.9910849,47.341362644408306,0.9987403154373169,0.9998040795326233,0.040851689875125885,0.001972675323486328,364156,0.0069458075,0.003829542314633727,0.0037514069117605686,0.0037106189411133528
175251,dct_high_nontargeted_white_box_eps0.0627_iter1,1.0000000000000002,0.6666666666666669,0.9992049,58.03712678849435,0.9998911619186401,0.9999643564224243,0.0032176438253372908,0.0005227923393249512,272210,0.0021711437,0.001253990805707872,0.0012513278052210808,0.0012539944145828485
368212,dct_high_nontargeted_white_box_eps0.0627_iter1,0.5000000000000001,0.25000000000000006,0.9993458,58.038265765614796,0.9999130964279175,0.9999693632125854,0.002607453614473343,0.00028377771377563477,270372,0.0021707981,0.0012528221122920513,0.0012536373687908053,0.00125186110381037
190637,dct_high_nontargeted_white_box_eps0.0627_iter1,0.20000000000000004,0.0,0.9989199,58.04413481750344,0.9998680353164673,0.9999632239341736,0.00849853828549385,0.0006297826766967773,267646,0.0021686791,0.0012523208279162645,0.0012518631992861629,0.0012490535154938698
300341,dct_high_nontargeted_white_box_eps0.0627_iter1,0.3333333333333334,0.20000000000000004,0.99891156,58.05479008921552,0.9998624324798584,0.9999622106552124,0.008694196119904518,0.00016677379608154297,270758,0.0021650775,0.0012491639936342835,0.0012483395403251052,0.0012465720064938068
284743,dct_high_nontargeted_white_box_eps0.0627_iter1,0.1818181818181818,0.11931818181818181,0.9974344,59.534268335266525,0.9998555183410645,0.9999626874923706,0.01258885394781828,0.00033462047576904297,122481,0.0016434394,0.0008972201030701399,0.000883150496520102,0.0008827795973047614
132375,dct_high_nontargeted_white_box_eps0.0627_iter1,0.16363636363636366,0.14876033057851243,0.9990449,58.09723541034907,0.9998934268951416,0.9999662041664124,0.006031166296452284,0.0002232193946838379,264788,0.0021526224,0.0012502754107117653,0.0012283552205190063,0.0012290015583857894
341828,dct_high_nontargeted_white_box_eps0.0627_iter2,0.25000000000000006,0.20000000000000004,0.9983546,53.76523850352771,0.9997788667678833,0.9999237060546875,0.009605826810002327,0.0005612373352050781,200646,0.0032743835,0.0016753540839999914,0.0017166974721476436,0.0016359096625819802
546976,dct_high_nontargeted_white_box_eps0.0627_iter1,0.4000000000000001,0.14285714285714288,0.9990533,58.0667611940376,0.9998811483383179,0.9999638795852661,0.004948590416461229,6.872415542602539e-05,268142,0.0021623343,0.0012450995855033398,0.0012503811158239841,0.001238278578966856
423123,dct_high_nontargeted_white_box_eps0.0627_iter1,0.10389610389610392,0.03409090909090909,0.9990523,58.08696673803194,0.999893069267273,0.9999676942825317,0.0067939478904008865,0.00023174285888671875,264917,0.0021544204,0.0012357649393379688,0.0012370082549750805,0.0012436490505933762
45596,dct_high_nontargeted_white_box_eps0.0627_iter1,0.45151515151515154,0.29090909090909095,0.9996268,58.04861370728204,0.9999426603317261,0.9999767541885376,0.0011203549802303314,4.124641418457031e-05,312158,0.0021671876,0.0012508290819823742,0.0012495226692408323,0.0012490334920585155
232649,dct_high_nontargeted_white_box_eps0.0627_iter5,0.1666666666666667,0.04166666666666668,0.9914599,48.52831435501554,0.998870849609375,0.9996704459190369,0.06771568208932877,0.004119575023651123,339795,0.005921743,0.0032038085628300905,0.003175044897943735,0.003217552322894335
70774,dct_high_nontargeted_white_box_eps0.0627_iter1,0.3863636363636364,0.28030303030303033,0.9995969,58.161029518545334,0.9999577403068542,0.9999839663505554,0.0016701861750334501,0.00012063980102539062,263650,0.0021180024,0.0012179255718365312,0.0012181061320006847,0.0012175490846857429
172330,dct_high_nontargeted_white_box_eps0.0627_iter3,0.25000000000000006,0.21212121212121215,0.99787253,50.68249954960124,0.999719500541687,0.999876081943512,0.0074777379631996155,0.0005689859390258789,283059,0.004809712,0.0026441235095262527,0.002641444094479084,0.0026355150621384382
192699,dct_high_nontargeted_white_box_eps0.0627_iter1,0.1666666666666667,0.14285714285714288,0.999677,58.04664607575094,0.9999620914459229,0.9999834299087524,0.0012717992067337036,7.671117782592773e-05,281625,0.0021682272,0.0012521329335868359,0.0012520659947767854,0.0012468849308788776
44652,dct_high_nontargeted_white_box_eps0.0627_iter1,1.0000000000000002,0.5000000000000001,0.998488,58.04295934253201,0.9997849464416504,0.9999375939369202,0.021296638995409012,0.0008420348167419434,264619,0.0021683523,0.0012515784474089742,0.0012513601686805487,0.0012513516703620553
575187,dct_high_nontargeted_white_box_eps0.0627_iter2,0.20000000000000004,0.0,0.9983337,53.837224211479004,0.9997810125350952,0.9999366998672485,0.011531415395438671,0.0007302761077880859,220417,0.003245197,0.0016471082344651222,0.0016513833543285728,0.0016738539561629295
319607,dct_high_nontargeted_white_box_eps0.0627_iter1,0.29870129870129875,0.25974025974025977,0.9993364,58.51930699920226,0.9999348521232605,0.9999744892120361,0.0015779994428157806,0.00014662742614746094,256090,0.0019978841,0.001123051973991096,0.0011172565864399076,0.0011239703744649887
302452,dct_high_nontargeted_white_box_eps0.0627_iter1,0.12727272727272726,0.05555555555555555,0.9995678,58.03897861265365,0.9999423027038574,0.9999821186065674,0.001059380709193647,7.12275505065918e-05,292082,0.002170373,0.0012516601709648967,0.0012528602965176105,0.0012531876564025879
201934,dct_high_nontargeted_white_box_eps0.0627_iter1,0.7727272727272729,0.5151515151515152,0.99938804,58.05180766133108,0.9999179840087891,0.999977707862854,0.0017436986090615392,0.00012576580047607422,284930,0.002166512,0.001250767381861806,0.0012479383731260896,0.0012479189317673445
353180,dct_high_nontargeted_white_box_eps0.0627_iter1,0.30000000000000004,0.27272727272727276,0.99922276,58.04188221897718,0.9999067187309265,0.9999759793281555,0.005990312434732914,0.000352323055267334,269419,0.002168569,0.0012517236173152924,0.0012517049908638,0.0012517417781054974
423519,dct_high_nontargeted_white_box_eps0.0627_iter6,0.5000000000000001,0.3333333333333334,0.9915828,46.66900705476251,0.9987272024154663,0.9996793866157532,0.03969472646713257,0.0017653703689575195,369960,0.0074084373,0.003906488884240389,0.0038871988654136658,0.0038249788340181112
516804,dct_high_nontargeted_white_box_eps0.0627_iter1,1.0000000000000002,0.3333333333333334,0.9990985,58.040777232236245,0.9998767375946045,0.9999686479568481,0.003265781793743372,0.00010478496551513672,287609,0.0021699062,0.0012520807795226574,0.0012521800817921758,0.0012518861331045628
441468,dct_high_nontargeted_white_box_eps0.0627_iter1,0.5636363636363637,0.5454545454545455,0.99959165,58.14056768031143,0.9999340772628784,0.9999752640724182,0.0009718277142383158,4.1484832763671875e-05,303716,0.0021333564,0.0012199231423437595,0.0012226200196892023,0.0012282909592613578
277005,dct_high_nontargeted_white_box_eps0.0627_iter1,0.45316804407713507,0.3746556473829201,0.9996886,58.06062126172803,0.9999628067016602,0.9999833703041077,0.0007533570169471204,4.851818084716797e-05,292609,0.0021630018,0.0012443349696695805,0.0012475585099309683,0.0012471323134377599
484893,dct_high_nontargeted_white_box_eps0.0627_iter1,0.3333333333333334,0.18181818181818185,0.9995324,58.047056466417786,0.9999410510063171,0.9999776482582092,0.0022549116984009743,0.00010001659393310547,279894,0.0021677627,0.0012517503928393126,0.0012509573716670275,0.0012480213772505522
130386,dct_high_nontargeted_white_box_eps0.0627_iter1,0.27272727272727276,0.24675324675324678,0.9993875,58.39202757225963,0.9999250769615173,0.9999763369560242,0.006418519653379917,8.559226989746094e-05,298812,0.00206667,0.001241799327544868,0.0011028432054445148,0.0011196797713637352
221213,dct_high_nontargeted_white_box_eps0.0627_iter1,1.0000000000000002,0.5454545454545455,0.9996736,58.06522910597756,0.9999529719352722,0.9999808073043823,0.001111041521653533,0.0001710653305053711,283440,0.002161615,0.001249835011549294,0.0012464048340916634,0.0012388360919430852
534639,dct_high_nontargeted_white_box_eps0.0627_iter1,0.5227272727272728,0.3090909090909092,0.99922633,58.064028360852916,0.9999088644981384,0.999966561794281,0.0041242968291044235,0.0003198385238647461,274125,0.0021614227,0.0012445240281522274,0.001246312982402742,0.001245254767127335
106281,dct_high_nontargeted_white_box_eps0.0627_iter1,0.5000000000000001,0.3333333333333334,0.9998142,58.037446819847986,0.9999731779098511,0.9999851584434509,0.00040413072565570474,3.635883331298828e-05,299885,0.0021708452,0.00125303550157696,0.0012531507527455688,0.0012528549414128065
570664,dct_high_nontargeted_white_box_eps0.0627_iter1,0.1666666666666667,0.14285714285714288,0.99922365,58.03666427708204,0.9999033808708191,0.9999675154685974,0.0032390006817877293,0.00029337406158447266,270355,0.0021711222,0.0012527636718004942,0.0012534514535218477,0.0012535031419247389
563702,dct_high_nontargeted_white_box_eps0.0627_iter3,0.7727272727272729,0.5454545454545454,0.9984414,50.13486931759908,0.9997506141662598,0.9999198913574219,0.004118156153708696,0.0004987716674804688,307486,0.0052268277,0.0028840911109000444,0.002856301376596093,0.0028633358888328075
445722,dct_high_nontargeted_white_box_eps0.0627_iter1,0.20000000000000004,0.04545454545454546,0.9990695,58.163714830388535,0.9999004602432251,0.9999659657478333,0.005327004939317703,0.0003177523612976074,261368,0.0021263724,0.0012261049123480916,0.0012231877772137523,0.0012020310387015343
496597,dct_high_nontargeted_white_box_eps0.0627_iter4,1.0000000000000002,0.6666666666666669,0.99517894,48.93727863906864,0.9992794990539551,0.9998239278793335,0.024143781512975693,0.002006053924560547,352682,0.005813729,0.0030130106024444103,0.003094553016126156,0.0029729651287198067
389316,dct_high_nontargeted_white_box_eps0.0627_iter1,0.3333333333333334,0.20000000000000004,0.9995964,58.039303286732945,0.9999502897262573,0.9999791979789734,0.0012346754083409905,7.796287536621094e-05,279704,0.0021703197,0.0012523592449724674,0.0012529772939160466,0.0012520914897322655
21604,dct_high_nontargeted_white_box_eps0.0627_iter2,0.3333333333333334,0.20000000000000004,0.9965956,54.401978284661546,0.9996010661125183,0.9998276829719543,0.06363833695650101,0.0023059844970703125,170619,0.002889023,0.0014602274168282747,0.0014522698475047946,0.0014559401897713542
267940,dct_high_nontargeted_white_box_eps0.0627_iter1,0.5000000000000001,0.0,0.9988601,58.05686054286575,0.9998471140861511,0.9999532699584961,0.008179424330592155,0.00037550926208496094,277275,0.002162921,0.0012473962269723415,0.0012480061268433928,0.001246861182153225
486112,dct_high_nontargeted_white_box_eps0.0627_iter1,0.12500000000000003,0.0,0.9996535,58.04883213937045,0.9999566078186035,0.9999791383743286,0.0017993033397942781,0.0001016855239868164,286009,0.0021675543,0.0012456747936084867,0.0012525856727734208,0.001250929431989789
103723,dct_high_nontargeted_white_box_eps0.0627_iter1,0.10606060606060608,0.061038961038961045,0.9992962,58.51276930509691,0.9999523162841797,0.9999657273292542,0.008562270551919937,0.00040262937545776367,290194,0.0019874838,0.0011224085465073586,0.0011232757242396474,0.0011236458085477352
530162,dct_high_nontargeted_white_box_eps0.0627_iter1,0.1954545454545455,0.09090909090909093,0.99947953,58.038156786161295,0.999932050704956,0.9999787211418152,0.001955369021743536,0.00016570091247558594,277679,0.0021706095,0.0012526315404102206,0.0012527290964499116,0.0012530669337138534
266981,dct_high_nontargeted_white_box_eps0.0627_iter1,0.16262626262626265,0.13463203463203463,0.99945974,58.13302714313518,0.9999227523803711,0.9999743700027466,0.0024966001510620117,0.00017940998077392578,295741,0.0021382177,0.0012345007853582501,0.0012334040366113186,0.00120930140838027
184611,dct_high_nontargeted_white_box_eps0.0627_iter1,0.29535615899252265,0.2908249158249159,0.99950004,58.06752993123471,0.9999362230300903,0.9999752044677734,0.001501016435213387,0.00048160552978515625,284971,0.0021613673,0.0012409108458086848,0.0012470153160393238,0.0012451690854504704
17029,dct_high_nontargeted_white_box_eps0.0627_iter2,0.10000000000000002,0.0303030303030303,0.99922293,53.169158938092025,0.9998890161514282,0.9999481439590454,0.003043066244572401,0.0003993511199951172,238186,0.003660387,0.0019208826124668121,0.0019328499911352992,0.001915535656735301
163118,dct_high_nontargeted_white_box_eps0.0627_iter1,0.3333333333333334,0.25000000000000006,0.99871963,58.09756789187655,0.9998466968536377,0.9999591708183289,0.00920618511736393,0.00023418664932250977,265434,0.002154619,0.0011999196140095592,0.001253974623978138,0.0012534740380942822
6954,dct_high_nontargeted_white_box_eps0.0627_iter3,0.25000000000000006,0.20000000000000004,0.9981048,50.481513538553486,0.9997443556785583,0.9999113082885742,0.02227606624364853,0.0010238885879516602,289096,0.004950166,0.0027210756670683622,0.00273128692060709,0.0027104381006211042
128654,dct_high_nontargeted_white_box_eps0.0627_iter2,0.3333333333333334,0.25000000000000006,0.9967988,54.19465148700424,0.999564528465271,0.9998262524604797,0.03078148514032364,0.0009273290634155273,187742,0.003015402,0.001518789678812027,0.001507258857600391,0.0015319904778152704
459195,dct_high_nontargeted_white_box_eps0.0627_iter1,0.3333333333333334,0.25000000000000006,0.99984384,58.07444778029698,0.9999794363975525,0.9999919533729553,0.0004665244196075946,0.00010073184967041016,292005,0.0021599925,0.0012359623797237873,0.0012450336944311857,0.0012461490696296096
481582,dct_high_nontargeted_white_box_eps0.0627_iter1,0.20000000000000004,0.06060606060606061,0.99918747,58.088536815501925,0.9999008178710938,0.9999668598175049,0.003934182226657867,0.0008138418197631836,269753,0.0021525149,0.0012367304880172014,0.001238146796822548,0.0012402040883898735
227898,dct_high_nontargeted_white_box_eps0.0627_iter1,0.28571428571428575,0.27829313543599266,0.99959105,58.04761342645588,0.9999389052391052,0.9999842643737793,0.0011116102105006576,6.222724914550781e-05,289996,0.0021674903,0.001250644912943244,0.0012501170858740807,0.0012494681868702173
411530,dct_high_nontargeted_white_box_eps0.0627_iter1,0.10212010212010213,0.08048418972332015,0.99963635,58.05297078085607,0.9999436140060425,0.9999850988388062,0.0013118479400873184,0.00014090538024902344,307228,0.0021654235,0.0012475964613258839,0.0012483984464779496,0.0012496153358370066
542127,dct_high_nontargeted_white_box_eps0.0627_iter1,0.13275613275613277,0.08932567858399061,0.9986639,58.047769845478214,0.9998070597648621,0.9999350309371948,0.006484144367277622,0.0002307295799255371,275171,0.0021677462,0.0012520159361883998,0.0012519481824710965,0.0012461384758353233
130579,dct_high_nontargeted_white_box_eps0.0627_iter6,0.3333333333333334,0.25000000000000006,0.99042743,46.47481344005638,0.9984207153320312,0.9996140599250793,0.02665821649134159,0.001906275749206543,373648,0.0076036397,0.0039709811098873615,0.0039458065293729305,0.004028012044727802
451043,dct_high_nontargeted_white_box_eps0.0627_iter12,0.25000000000000006,0.0,0.96264905,42.192813902654464,0.9943820834159851,0.9989206194877625,0.20736408233642578,0.022704243659973145,391078,0.011930126,0.006188527215272188,0.0064363302662968636,0.0063020712696015835
552842,dct_high_nontargeted_white_box_eps0.0627_iter9,0.25000000000000006,0.20000000000000004,0.9822678,44.95549593658161,0.9970759153366089,0.9992613196372986,0.03949814289808273,0.00481337308883667,381698,0.008879248,0.004727751482278109,0.004665285814553499,0.004783657845109701
190841,dct_high_nontargeted_white_box_eps0.0627_iter2,0.20000000000000004,0.1666666666666667,0.9987786,53.532949147678075,0.9998101592063904,0.9999384880065918,0.0035582527052611113,0.0003104209899902344,235525,0.0034593928,0.001787434215657413,0.0017593898810446262,0.001759860198944807
38678,dct_high_nontargeted_white_box_eps0.0627_iter2,0.10389610389610392,0.08080808080808083,0.9980824,53.833348848964334,0.9997639656066895,0.9999221563339233,0.013462287373840809,0.00045222043991088867,206336,0.0032161982,0.0016538951313123107,0.0016556588234379888,0.001660770969465375
161799,dct_high_nontargeted_white_box_eps0.0627_iter4,0.18181818181818185,0.18181818181818182,0.99342245,48.952828003169685,0.998898446559906,0.9997515678405762,0.0740901529788971,0.004248619079589844,361405,0.0056898133,0.003030930645763874,0.0029197195544838905,0.002966055180877447
87476,dct_high_nontargeted_white_box_eps0.0627_iter1,0.11688311688311691,0.09642857142857143,0.9992173,58.0489519836092,0.9999030828475952,0.9999673366546631,0.0031504372600466013,0.00023508071899414062,272232,0.0021673173,0.0012514909030869603,0.0012493967078626156,0.0012482213787734509
490515,dct_high_nontargeted_white_box_eps0.0627_iter1,0.25000000000000006,0.10000000000000002,0.9987049,58.0374679529903,0.9998153448104858,0.9999518990516663,0.009326407685875893,0.000617682933807373,269499,0.0021709264,0.0012525703059509397,0.001252764486707747,0.001253647031262517
445602,dct_high_nontargeted_white_box_eps0.0627_iter2,0.20606060606060608,0.20202020202020202,0.99797267,53.661590580127125,0.9996815919876099,0.9999110698699951,0.017032869160175323,0.0007720589637756348,244296,0.0033565848,0.0017159123672172427,0.0017290548421442509,0.0017306713853031397
400044,dct_high_nontargeted_white_box_eps0.0627_iter1,0.3333333333333334,0.25000000000000006,0.99923164,58.04633633114216,0.999876856803894,0.9999665021896362,0.002265071962028742,0.0005040764808654785,282559,0.0021680254,0.0012516032438725233,0.0012510493397712708,0.001248661894351244
210230,dct_high_nontargeted_white_box_eps0.0627_iter1,0.13636363636363638,0.1325757575757576,0.9992501,58.25986422965656,0.9999310970306396,0.9999745488166809,0.002475273795425892,0.00011372566223144531,257881,0.0020848168,0.0011855971533805132,0.0011917355004698038,0.0011940386611968279
80273,dct_high_nontargeted_white_box_eps0.0627_iter6,0.3333333333333334,0.25000000000000006,0.98820084,47.07942969162467,0.9981478452682495,0.9995511770248413,0.0506487637758255,0.0031896233558654785,361687,0.0070035695,0.0036164310295134783,0.003631223225966096,0.0037081509362906218
193429,dct_high_nontargeted_white_box_eps0.0627_iter7,0.3333333333333334,0.25000000000000006,0.99188584,45.41130821392941,0.998741090297699,0.9996125102043152,0.025745321065187454,0.00218355655670166,383113,0.008590931,0.004589542280882597,0.0046313367784023285,0.004567309748381376
69224,dct_high_nontargeted_white_box_eps0.0627_iter1,0.11111111111111113,0.10000000000000002,0.99911934,58.0375069560431,0.9998945593833923,0.9999648928642273,0.005018319934606552,0.0002332925796508789,269065,0.0021708813,0.0012535108253359795,0.0012529013911262155,0.0012525740312412381
187362,dct_high_nontargeted_white_box_eps0.0627_iter8,0.3333333333333334,0.20000000000000004,0.9842308,45.36276380197297,0.9975282549858093,0.9994068145751953,0.07506410032510757,0.011765360832214355,377665,0.008490929,0.004387293476611376,0.00439594266936183,0.004506167955696583
21879,dct_high_nontargeted_white_box_eps0.0627_iter5,0.24242424242424246,0.2272727272727273,0.99544567,46.46153729814675,0.999201238155365,0.9997792840003967,0.011172957718372345,0.0007314682006835938,388697,0.007888568,0.004289431497454643,0.004315520636737347,0.004230327904224396
252701,dct_high_nontargeted_white_box_eps0.0627_iter10,0.3333333333333334,0.09090909090909093,0.98733854,42.627736845330055,0.9979016184806824,0.9993734359741211,0.030081048607826233,0.0015430450439453125,398911,0.011857537,0.0062685818411409855,0.006285393610596657,0.006191129796206951
398203,dct_high_nontargeted_white_box_eps0.0627_iter1,0.17727272727272728,0.17355371900826447,0.9996136,58.05565387167833,0.9999592304229736,0.9999809265136719,0.001198875019326806,4.1484832763671875e-05,277369,0.002164992,0.0012451488291844726,0.0012478507123887539,0.0012503027683123946
518326,dct_high_nontargeted_white_box_eps0.0627_iter1,0.13636363636363638,0.1090909090909091,0.99951476,58.067628097002775,0.9999383687973022,0.9999809861183167,0.0018669238779693842,7.987022399902344e-05,280147,0.002160766,0.0012460469733923674,0.0012446932960301638,0.0012422746513038874
463802,dct_high_nontargeted_white_box_eps0.0627_iter3,0.3333333333333334,0.0,0.99715465,51.234583171187126,0.9996499419212341,0.999869167804718,0.0236250888556242,0.0003795027732849121,282113,0.0044372883,0.00243780598975718,0.0024247118271887302,0.002428369363769889
96427,dct_high_nontargeted_white_box_eps0.0627_iter2,0.3333333333333334,0.20000000000000004,0.99743396,53.98439324654873,0.9996609091758728,0.9999088048934937,0.014015385881066322,0.0006821751594543457,196060,0.0031375077,0.0016019109170883894,0.0015853429213166237,0.0015955741982907057
189775,dct_high_nontargeted_white_box_eps0.0627_iter1,0.11871657754010694,0.09634743153459731,0.99916625,58.04688291444978,0.9998910427093506,0.9999796748161316,0.004604094661772251,0.00015527009963989258,277344,0.0021677904,0.0012505515478551388,0.001249216846190393,0.001251091482117772
376900,dct_high_nontargeted_white_box_eps0.0627_iter1,0.11334120425029517,0.10879574970484063,0.99920064,58.0589033018427,0.9998898506164551,0.9999736547470093,0.00434290012344718,0.00010395050048828125,287953,0.002163767,0.001246181083843112,0.0012478409335017204,0.0012464766623452306
359540,dct_high_nontargeted_white_box_eps0.0627_iter4,0.11688311688311691,0.07792207792207793,0.99771565,48.05145098669711,0.9995936751365662,0.9998515844345093,0.004121167119592428,0.0006492137908935547,385667,0.0066155125,0.0035145124420523643,0.003522865241393447,0.003492457326501608
174371,dct_high_nontargeted_white_box_eps0.0627_iter1,0.1545454545454546,0.12363636363636366,0.999697,58.126538838753596,0.9999656677246094,0.9999854564666748,0.0009647978004068136,9.59634780883789e-05,284259,0.0021371394,0.0012290064478293061,0.001228231587447226,0.001225467654876411
168883,dct_high_nontargeted_white_box_eps0.0627_iter1,0.20000000000000004,0.1666666666666667,0.9996288,58.04902569899042,0.999947726726532,0.9999793171882629,0.0013884574873372912,0.00010728836059570312,282393,0.0021673965,0.0012524990597739816,0.0012499411823228002,0.0012465937761589885
356424,dct_high_nontargeted_white_box_eps0.0627_iter2,0.14876033057851243,0.13636363636363638,0.9978426,53.90066231414694,0.9997367858886719,0.9999099969863892,0.018296193331480026,0.0019849538803100586,208301,0.0031811178,0.001632295548915863,0.001630608458071947,0.0016357179265469313
492077,dct_high_nontargeted_white_box_eps0.0627_iter1,0.5757575757575758,0.5184747912020641,0.9994118,58.21840024690496,0.9999227523803711,0.9999754428863525,0.004359789192676544,0.0005598664283752441,285944,0.0020994744,0.0012010681675747037,0.0012012911029160023,0.0012032779632136226
383606,dct_high_nontargeted_white_box_eps0.0627_iter4,0.1666666666666667,0.14285714285714288,0.9915331,49.12776135644343,0.9987351298332214,0.9997011423110962,0.04093854874372482,0.0032634735107421875,338784,0.005613105,0.002984444610774517,0.0029562946874648333,0.0028921267949044704
561256,dct_high_nontargeted_white_box_eps0.0627_iter1,0.3333333333333334,0.25000000000000006,0.99934834,58.05480374483785,0.9999186396598816,0.999972403049469,0.002122080884873867,9.703636169433594e-05,279291,0.0021637508,0.0012480580480769277,0.0012478659627959132,0.0012481105513870716
357737,dct_high_nontargeted_white_box_eps0.0627_iter1,0.5787878787878789,0.5181818181818183,0.9997597,58.07717322394421,0.9999614953994751,0.9999852776527405,0.00044648401672020555,3.0934810638427734e-05,301113,0.0021553964,0.0012422337895259261,0.0012409688206389546,0.0012415953679010272
365642,dct_high_nontargeted_white_box_eps0.0627_iter1,0.45057720057720063,0.36700336700336705,0.99890226,58.03556342931778,0.999834418296814,0.999957263469696,0.006721241865307093,0.0004756450653076172,268925,0.0021713253,0.001253558206371963,0.0012535735731944442,0.0012535491259768605
410878,dct_high_nontargeted_white_box_eps0.0627_iter1,0.3333333333333334,0.25000000000000006,0.9993313,58.042555300832845,0.9999098777770996,0.9999750852584839,0.002919649239629507,0.00013405084609985352,280219,0.0021691208,0.0012511968379840255,0.001251564477570355,0.0012518506264314055
48924,dct_high_nontargeted_white_box_eps0.0627_iter3,0.20000000000000004,0.1666666666666667,0.99848956,50.64063520818586,0.9997288584709167,0.9998928308486938,0.00488491402938962,0.0005797147750854492,303089,0.0048634093,0.002691639121621847,0.002655903110280633,0.0026179607957601547
140420,dct_high_nontargeted_white_box_eps0.0627_iter1,0.3333333333333334,0.0,0.99977773,58.10746972009923,0.999962329864502,0.9999906420707703,0.0005227128858678043,0.00012063980102539062,284801,0.0021505333,0.0012356082443147898,0.001250827219337225,0.001212495844811201
459634,dct_high_nontargeted_white_box_eps0.0627_iter1,0.6666666666666669,0.34848484848484856,0.99921876,58.05568159319048,0.9998769760131836,0.9999697804450989,0.002984450664371252,0.0003057122230529785,286560,0.002164636,0.0012464297469705343,0.0012474565301090479,0.001249390421435237
488385,dct_high_nontargeted_white_box_eps0.0627_iter2,1.0000000000000002,0.3333333333333334,0.99882317,53.50135125097141,0.9998284578323364,0.9999387860298157,0.004015060141682625,0.00023418664932250977,224049,0.0034340578,0.001791453454643488,0.0017808726988732815,0.0017703361809253693
520009,dct_high_nontargeted_white_box_eps0.0627_iter2,0.5000000000000001,0.41558441558441567,0.9982354,53.23463433251181,0.999718189239502,0.9999403953552246,0.009116953238844872,0.0002509951591491699,265454,0.0036380237,0.0019419671734794974,0.001929445075802505,0.0018248189007863402
362682,dct_high_nontargeted_white_box_eps0.0627_iter2,0.4242424242424243,0.31818181818181823,0.99857503,53.55282270661927,0.999821662902832,0.9999338388442993,0.004258709028363228,0.00015842914581298828,217741,0.003410087,0.001745477900840342,0.0017659756122156978,0.001771561335772276
396518,dct_high_nontargeted_white_box_eps0.0627_iter2,0.5000000000000001,0.3333333333333334,0.9984098,53.567722179988465,0.9998025298118591,0.9999433159828186,0.005488911643624306,0.0003571510314941406,209975,0.003415708,0.0017654438270255923,0.001803939463570714,0.001716972328722477
290293,dct_high_nontargeted_white_box_eps0.0627_iter1,0.6818181818181819,0.4545454545454546,0.9992347,58.08435594481068,0.9999057054519653,0.9999734163284302,0.00481553515419364,0.000296175479888916,269264,0.0021548646,0.0012450620997697115,0.0012455539545044303,0.0012280410155653954
474164,dct_high_nontargeted_white_box_eps0.0627_iter1,0.5000000000000001,0.20000000000000004,0.99927497,58.09776560643393,0.9999141693115234,0.9999719858169556,0.0035485764965415,0.00016438961029052734,276225,0.0021466124,0.0012356664519757032,0.0012366215232759714,0.0012349009048193693
356612,dct_high_nontargeted_white_box_eps0.0627_iter2,0.577922077922078,0.4848484848484849,0.99845386,53.311793511896504,0.9997698664665222,0.9999436140060425,0.0049946121871471405,0.0007668733596801758,239433,0.0035768345,0.0018645385280251503,0.001863563316874206,0.0018530635861679912
61960,dct_high_nontargeted_white_box_eps0.0627_iter1,0.25000000000000006,0.12500000000000003,0.9993364,58.03505826679175,0.9999107122421265,0.9999668598175049,0.002957356395199895,0.0005983114242553711,270998,0.00217169,0.0012538401642814279,0.0012536616995930672,0.0012536033755168319
410612,dct_high_nontargeted_white_box_eps0.0627_iter1,0.5000000000000001,0.0,0.9994273,58.148364902794505,0.9999088644981384,0.9999749660491943,0.0028357328847050667,0.00017523765563964844,298220,0.0021382652,0.001253267633728683,0.0012079488951712847,0.0012030324432998896
477689,dct_high_nontargeted_white_box_eps0.0627_iter5,0.3333333333333334,0.25000000000000006,0.9931845,48.70075486666426,0.999441385269165,0.9996227025985718,0.031706809997558594,0.0023224353790283203,325922,0.005646707,0.0030264698434621096,0.0030100324656814337,0.003036903217434883
258541,dct_high_nontargeted_white_box_eps0.0627_iter2,0.3333333333333334,0.20000000000000004,0.9972095,54.168002937186074,0.9996468424797058,0.9998946189880371,0.021997321397066116,0.001170039176940918,188331,0.003022786,0.0015432235086336732,0.0015388643369078636,0.0015093169640749693
423506,dct_high_nontargeted_white_box_eps0.0627_iter1,0.25000000000000006,0.13636363636363638,0.99928695,58.04415844924853,0.9999117255210876,0.9999712109565735,0.0029116440564393997,0.00014495849609375,270946,0.0021689234,0.0012534222332760692,0.0012504467740654945,0.0012493765680119395
510329,dct_high_nontargeted_white_box_eps0.0627_iter2,0.14285714285714288,0.11111111111111113,0.99853724,53.54219534800578,0.9997894167900085,0.9999338388442993,0.00802883505821228,0.00048416852951049805,226884,0.0034184295,0.0017685103230178356,0.00177298067137599,0.0017603639280423522
139872,dct_high_nontargeted_white_box_eps0.0627_iter3,0.1090909090909091,0.0,0.99880356,50.30956686870027,0.9997981786727905,0.9998937249183655,0.005027830600738525,0.0004914402961730957,297638,0.005085681,0.0027908063493669033,0.0028222810942679644,0.002760276198387146
308328,dct_high_nontargeted_white_box_eps0.0627_iter2,0.23376623376623382,0.19480519480519481,0.9982032,53.5141423338845,0.9997708797454834,0.9999243021011353,0.007776226382702589,0.000554502010345459,216642,0.0034301174,0.0017907859291881323,0.0017752667190507054,0.001760590705089271
339823,dct_high_nontargeted_white_box_eps0.0627_iter2,0.5000000000000001,0.25000000000000006,0.99762034,53.77174229421543,0.9997047185897827,0.9999076724052429,0.019411470741033554,0.0005098581314086914,197907,0.003247009,0.001677485415711999,0.0016727052861824632,0.0016803102334961295
55150,dct_high_nontargeted_white_box_eps0.0627_iter1,0.16646989374262106,0.11544011544011545,0.99936724,58.069224549095715,0.9999256134033203,0.9999752044677734,0.002994892653077841,5.97834587097168e-05,275029,0.0021592563,0.001242521102540195,0.0012438006233423948,0.0012453066883608699
323799,dct_high_nontargeted_white_box_eps0.0627_iter3,0.3030303030303031,0.27272727272727276,0.99824613,50.25988290147551,0.9997102618217468,0.9998885989189148,0.004031078889966011,0.0009666085243225098,293503,0.0051249308,0.002814160892739892,0.0028246985748410225,0.0028107506223022938
352582,dct_high_nontargeted_white_box_eps0.0627_iter1,0.25000000000000006,0.20000000000000004,0.9992886,58.036073859657684,0.9999148845672607,0.9999774098396301,0.0039905970916152,0.00012868642807006836,275118,0.0021714084,0.0012538471492007375,0.0012532556429505348,0.0012531341053545475
166747,dct_high_nontargeted_white_box_eps0.0627_iter1,0.18112947658402206,0.054235537190082644,0.99915624,58.044137165766955,0.9998778700828552,0.9999788403511047,0.004412411246448755,0.00016671419143676758,291543,0.002168471,0.0012511980021372437,0.0012512006796896458,0.0012508376967161894
12748,dct_high_nontargeted_white_box_eps0.0627_iter4,0.13636363636363638,0.0,0.995152,49.367836111366756,0.9993898868560791,0.9997931122779846,0.025901099666953087,0.00207597017288208,327899,0.0054082847,0.0028284951113164425,0.0028213674668222666,0.002838959451764822
79014,dct_high_nontargeted_white_box_eps0.0627_iter2,0.3333333333333334,0.0,0.99706477,54.457916899232885,0.9996331930160522,0.999897301197052,0.03212381899356842,0.0013074278831481934,175896,0.0028582409,0.001433450379408896,0.0014253065455704927,0.0014289156533777714
60886,dct_high_nontargeted_white_box_eps0.0627_iter1,0.2922077922077922,0.2865761689291102,0.99913436,58.046697918441936,0.9998732805252075,0.9999703764915466,0.002472921274602413,0.00010335445404052734,276524,0.00216771,0.0012508551590144634,0.0012497649295255542,0.001250433619134128
8844,dct_high_nontargeted_white_box_eps0.0627_iter1,0.21212121212121215,0.12121212121212122,0.9991084,58.0374345480984,0.9998975992202759,0.9999697208404541,0.007268041372299194,0.00010764598846435547,266760,0.0021709553,0.001253747963346541,0.0012535594869405031,0.0012517375871539116
108495,dct_high_nontargeted_white_box_eps0.0627_iter1,0.3333333333333334,0.20000000000000004,0.99920684,58.03947727232447,0.9999003410339355,0.9999710321426392,0.002951329108327627,7.975101470947266e-05,270009,0.0021703993,0.0012509399093687534,0.0012535020941868424,0.0012528280494734645
438955,dct_high_nontargeted_white_box_eps0.0627_iter1,0.18181818181818185,0.13888888888888887,0.99949217,58.29666290121899,0.9999415278434753,0.9999786019325256,0.0027390415780246258,0.0001302957534790039,286309,0.0020731098,0.0011905678547918797,0.001182051608338952,0.0011686000507324934
489924,dct_high_nontargeted_white_box_eps0.0627_iter3,0.25000000000000006,0.0,0.9959278,51.593589337802264,0.9994039535522461,0.9998255372047424,0.031434331089258194,0.0022917985916137695,279084,0.0042382902,0.0023234225809574127,0.002332408679649234,0.0023095167707651854
15597,dct_high_nontargeted_white_box_eps0.0627_iter1,0.20000000000000004,0.1666666666666667,0.99898,58.04527510017019,0.9998553991317749,0.9999634623527527,0.006412995979189873,0.0003878474235534668,274622,0.002168516,0.00125118566211313,0.001250196946784854,0.0012508706422522664
528314,dct_high_nontargeted_white_box_eps0.0627_iter1,0.25688705234159787,0.16702741702741705,0.9991703,58.07092769076079,0.9998844861984253,0.9999724626541138,0.0034265141002833843,0.00014585256576538086,281576,0.002161227,0.001227462780661881,0.001250560162588954,0.0012521275784820318
401250,dct_high_nontargeted_white_box_eps0.0627_iter3,0.3333333333333334,0.25000000000000006,0.9932199,51.51352669266149,0.9989800453186035,0.9995565414428711,0.12194624543190002,0.009324908256530762,283444,0.004280275,0.002362002618610859,0.0023317367304116488,0.0023469917941838503
72281,dct_high_nontargeted_white_box_eps0.0627_iter2,0.3333333333333334,0.25000000000000006,0.99797934,54.02370387359553,0.9997619390487671,0.9999239444732666,0.010287683457136154,0.0004413127899169922,191531,0.0031089946,0.0015787716256454587,0.0015848673647269607,0.001576283830218017
111207,dct_high_nontargeted_white_box_eps0.0627_iter2,0.25000000000000006,0.14285714285714288,0.99817055,53.758356125052806,0.9997614622116089,0.9999290108680725,0.009902860037982464,0.0005333423614501953,210403,0.0032876732,0.0016833033878356218,0.0016833367990329862,0.0016722400905564427
129812,dct_high_nontargeted_white_box_eps0.0627_iter1,0.3333333333333334,0.25000000000000006,0.99883246,58.05245151679198,0.9998542070388794,0.9999588131904602,0.016260026022791862,0.000911712646484375,265360,0.0021665152,0.0012526965001598,0.001250770059414208,0.0012425893219187856
336209,dct_high_nontargeted_white_box_eps0.0627_iter1,0.3333333333333334,0.1666666666666667,0.99911267,58.04202611338521,0.9998714923858643,0.9999722242355347,0.0037455749697983265,0.00018447637557983398,284003,0.0021695835,0.0012497896095737815,0.0012529381783679128,0.0012523223413154483
558213,dct_high_nontargeted_white_box_eps0.0627_iter7,0.20000000000000004,0.1666666666666667,0.983028,45.51542653250415,0.9971935153007507,0.9993438720703125,0.05691538006067276,0.007291138172149658,379080,0.0084420405,0.004540482070297003,0.0045225899666547775,0.004517475608736277
492968,dct_high_nontargeted_white_box_eps0.0627_iter4,0.3333333333333334,0.1666666666666667,0.99142,50.15171364275669,0.9987594485282898,0.9992202520370483,0.11073840409517288,0.011396646499633789,304642,0.0048639956,0.0024950774386525154,0.0024733333848416805,0.0025114065501838923
23359,dct_high_nontargeted_white_box_eps0.0627_iter1,0.3333333333333334,0.20000000000000004,0.9984729,58.03442508497869,0.9997658729553223,0.9998914003372192,0.019462093710899353,0.0008518695831298828,280478,0.0021718699,0.0012538551818579435,0.0012539112940430641,0.001253912691026926
63047,dct_high_nontargeted_white_box_eps0.0627_iter1,0.21212121212121215,0.15909090909090912,0.9995788,58.22081229601896,0.9999525547027588,0.9999790191650391,0.0009040751028805971,5.233287811279297e-05,277179,0.0021102864,0.0012170301051810384,0.001212880713865161,0.0011737196473404765
426376,dct_high_nontargeted_white_box_eps0.0627_iter5,0.3333333333333334,0.20000000000000004,0.99276155,47.71047058051166,0.9986716508865356,0.9996894001960754,0.02601115219295025,0.0015254020690917969,368079,0.0066819442,0.0036078921984881163,0.0035922443494200706,0.003526851534843445
364884,dct_high_nontargeted_white_box_eps0.0627_iter1,0.11363636363636363,0.03409090909090909,0.99916965,58.040518003667465,0.9998919367790222,0.9999701380729675,0.005635435692965984,0.0003317594528198242,274667,0.002169919,0.0012524230405688286,0.001252464484423399,0.001251472975127399
327592,dct_high_nontargeted_white_box_eps0.0627_iter2,0.14285714285714288,0.12500000000000003,0.9979394,53.72977738646685,0.9997144937515259,0.999916672706604,0.01065310649573803,0.0003904104232788086,206261,0.0032898355,0.0016911507118493319,0.0016837355215102434,0.0016933296574279666
567011,dct_high_nontargeted_white_box_eps0.0627_iter21,0.25000000000000006,0.0,0.9329937,38.60113280013348,0.988240122795105,0.9979411363601685,0.16882723569869995,0.030514001846313477,405384,0.018235374,0.009002894163131714,0.009954564273357391,0.009860916063189507
292024,dct_high_nontargeted_white_box_eps0.0627_iter2,0.11111111111111113,0.0,0.99833584,53.34731491995119,0.9997535943984985,0.999919593334198,0.006649144925177097,0.00028693675994873047,219732,0.0035313296,0.0018424831796437502,0.0018608835525810719,0.0018323814729228616
104424,dct_high_nontargeted_white_box_eps0.0627_iter1,0.20000000000000004,0.14285714285714288,0.99919295,58.04193761915866,0.9998862743377686,0.9999746084213257,0.0033164736814796925,0.00040161609649658203,280730,0.0021697248,0.0012481178855523467,0.0012532648397609591,0.001253768801689148
563281,dct_high_nontargeted_white_box_eps0.0627_iter1,0.5000000000000001,0.25000000000000006,0.9992698,58.034014782542734,0.9998922348022461,0.999970555305481,0.002524358220398426,0.00034928321838378906,276516,0.0021719993,0.0012540119932964444,0.0012540060561150312,0.0012539831222966313
559348,dct_high_nontargeted_white_box_eps0.0627_iter1,0.1335227272727273,0.13131313131313133,0.9994275,58.034465778794086,0.9999136328697205,0.9999783039093018,0.0015597444726154208,0.00046706199645996094,286420,0.0021718664,0.0012537731090560555,0.0012539614690467715,0.0012539029121398926
276804,dct_high_nontargeted_white_box_eps0.0627_iter1,0.13636363636363638,0.10227272727272729,0.9992483,58.04742081268622,0.9998831748962402,0.9999763369560242,0.0025206375867128372,0.00039780139923095703,296232,0.002167944,0.001244727405719459,0.001252666232176125,0.001253017457202077
427256,dct_high_nontargeted_white_box_eps0.0627_iter1,0.11053493941194475,0.09803159803159804,0.99966234,58.10072952773206,0.9999562501907349,0.9999793171882629,0.0011260050814598799,6.568431854248047e-05,276702,0.002151171,0.0012314446503296494,0.0012377193197607994,0.001235511153936386
208363,dct_high_nontargeted_white_box_eps0.0627_iter1,0.13190730837789663,0.1231962481962482,0.9993832,58.054591953307295,0.9999257326126099,0.9999760985374451,0.002970288973301649,8.350610733032227e-05,275649,0.0021639543,0.0012473303359001875,0.0012482870370149612,0.0012486034538596869
326970,dct_high_nontargeted_white_box_eps0.0627_iter1,0.14285714285714288,0.11111111111111113,0.99914175,58.25868520588908,0.9999006986618042,0.9999637603759766,0.005671337246894836,0.0006263852119445801,272307,0.0020792931,0.0011916805524379015,0.00118741812184453,0.0011932430788874626
478420,dct_high_nontargeted_white_box_eps0.0627_iter2,0.3333333333333334,0.25000000000000006,0.997798,53.82754895955573,0.9997140169143677,0.9999063014984131,0.030490931123495102,0.0020951032638549805,202278,0.0032208448,0.0016498304903507233,0.001650500576943159,0.0016549553256481886