image_id,variant,map_original,map_adversarial,SSIM,PSNR,MS-SSIM,FSIM,LPIPS,DISTS,L0,L2
397133,dct_high_nontargeted_white_box_eps0.0627_iter3,0.15702479338842978,0.15384615384615388,0.9947645,50.29681617683194,0.9992371797561646,0.9997778534889221,0.12075769901275635,0.008252501487731934,248630,0.0050021266,0.002808163408190012,0.0027997284196317196,0.002792959101498127
37777,dct_high_nontargeted_white_box_eps0.0627_iter11,0.25000000000000006,0.22727272727272732,0.96021533,42.76907923466655,0.9939371943473816,0.9971752166748047,0.3392283320426941,0.06590372323989868,378713,0.011094674,0.006115706637501717,0.006071456708014011,0.006125731859356165
252219,dct_high_nontargeted_white_box_eps0.0627_iter18,0.20000000000000004,0.19230769230769237,0.93934274,38.62109571681351,0.992449939250946,0.9975336790084839,0.23956483602523804,0.052893638610839844,398238,0.017841779,0.009216115809977055,0.009688629768788815,0.009950301609933376
174482,dct_high_nontargeted_white_box_eps0.0627_iter2,0.38068181818181823,0.24621212121212124,0.99729013,53.17794123521114,0.9995862245559692,0.9999080300331116,0.10637292265892029,0.002480149269104004,204670,0.0035669657,0.0019244436407461762,0.0019162966636940837,0.001914964523166418
403385,dct_high_nontargeted_white_box_eps0.0627_iter1,1.0000000000000002,0.7500000000000002,0.99892664,58.0355510369922,0.9998466968536377,0.9999291896820068,0.010411659255623817,0.0015032291412353516,245965,0.0021715187,0.0012536778813228011,0.001253813155926764,0.0012531819520518184
6818,dct_high_nontargeted_white_box_eps0.0627_iter1,1.0000000000000002,0.5000000000000001,0.9988604,58.03986874326192,0.9998321533203125,0.9999309182167053,0.006006614305078983,0.00041687488555908203,243638,0.0021703548,0.001252744230441749,0.0012534321285784245,0.00125077273696661
480985,dct_high_nontargeted_white_box_eps0.0627_iter1,0.13636363636363635,0.0909090909090909,0.99928576,58.182808195099895,0.999905526638031,0.9999714493751526,0.003967738710343838,0.00018155574798583984,252362,0.0021066794,0.0012116660363972187,0.0012107535731047392,0.001212890725582838
296649,dct_high_nontargeted_white_box_eps0.0627_iter5,0.11818181818181818,0.09285714285714286,0.99034595,46.76062722002843,0.9985820055007935,0.9996119737625122,0.14770829677581787,0.02898186445236206,354155,0.00737399,0.00408204086124897,0.004064024426043034,0.004097464494407177
386912,dct_high_nontargeted_white_box_eps0.0627_iter4,0.1666666666666667,0.10227272727272729,0.9940719,48.37820289927811,0.9991570711135864,0.9997003674507141,0.0874880999326706,0.014438152313232422,337459,0.0061048646,0.003311955137178302,0.003297487273812294,0.003335708985105157
502136,dct_high_nontargeted_white_box_eps0.0627_iter3,0.7727272727272729,0.5151515151515152,0.9959186,51.10896502409405,0.99964439868927,0.9998507499694824,0.050789378583431244,0.002594888210296631,236956,0.0044258763,0.0024593013804405928,0.002451876411214471,0.0024585991632193327
491497,dct_high_nontargeted_white_box_eps0.0627_iter3,0.20000000000000004,0.1666666666666667,0.99517155,50.86577859179976,0.9993302822113037,0.9998147487640381,0.0706491768360138,0.005161285400390625,253613,0.0046180193,0.0025759744457900524,0.0025667143054306507,0.0025786871556192636
348881,dct_high_nontargeted_white_box_eps0.0627_iter2,0.18181818181818185,0.1090909090909091,0.9973073,53.52878862937245,0.9996093511581421,0.9998546242713928,0.0752028226852417,0.0036130547523498535,193175,0.003316791,0.001774913864210248,0.0017671134555712342,0.0017777628963813186
522713,dct_high_nontargeted_white_box_eps0.0627_iter4,0.3333333333333334,0.25000000000000006,0.9917345,48.54050031826801,0.9986690878868103,0.999537467956543,0.1292515993118286,0.02634871006011963,332855,0.0059687663,0.003230524016544223,0.0032230818178504705,0.003238477511331439
181666,dct_high_nontargeted_white_box_eps0.0627_iter18,0.30303030303030304,0.21572871572871574,0.94450736,39.71743761480345,0.9917687177658081,0.9972688555717468,0.2989175319671631,0.08020281791687012,391231,0.015499511,0.008369136601686478,0.008252386003732681,0.008445624262094498
17627,dct_high_nontargeted_white_box_eps0.0627_iter5,0.21212121212121215,0.21043771043771045,0.988664,46.955289450779546,0.998288631439209,0.9994484782218933,0.12994270026683807,0.018635988235473633,345548,0.0071538086,0.003961249720305204,0.003960033413022757,0.003985825460404158
143931,dct_high_nontargeted_white_box_eps0.0627_iter12,0.5000000000000001,0.3750000000000001,0.9759504,43.34003949512567,0.9961909651756287,0.998478353023529,0.16041556000709534,0.02724766731262207,363729,0.010072206,0.0054544806480407715,0.005455635022372007,0.005486347246915102
303818,dct_high_nontargeted_white_box_eps0.0627_iter2,0.4,0.3333333333333333,0.99815035,53.167279073035814,0.9997051954269409,0.9999068379402161,0.030564192682504654,0.0021420717239379883,209899,0.0035794694,0.001923728152178228,0.0019198507070541382,0.0019253278151154518
463730,dct_high_nontargeted_white_box_eps0.0627_iter17,0.196969696969697,0.1956126110731374,0.94785786,38.95714416151091,0.9921638369560242,0.9975422620773315,0.2497348189353943,0.05515474081039429,396210,0.017104533,0.009312017820775509,0.009243867360055447,0.009467841126024723
460347,dct_high_nontargeted_white_box_eps0.0627_iter3,0.6666666666666669,0.5000000000000001,0.9951408,50.71679619330088,0.9992346167564392,0.9997270703315735,0.08692564070224762,0.005283057689666748,248675,0.0047052945,0.002636880613863468,0.002622858388349414,0.0026248658541589975
322864,dct_high_nontargeted_white_box_eps0.0627_iter1,0.8545454545454547,0.8272727272727274,0.9989397,58.044241586510466,0.9998564124107361,0.9999552369117737,0.006187663413584232,0.000502169132232666,242778,0.0021691464,0.0012534139677882195,0.0012535623973235488,0.0012462009908631444
153299,dct_high_nontargeted_white_box_eps0.0627_iter5,0.5454545454545455,0.3333333333333334,0.9944415,47.383190865378594,0.9993371963500977,0.9997914433479309,0.02863655984401703,0.0016046762466430664,336815,0.006760913,0.003739373292773962,0.003740193322300911,0.0037528183311223984
308394,dct_high_nontargeted_white_box_eps0.0627_iter2,0.25000000000000006,0.1666666666666667,0.99656993,53.656323003993336,0.9995424747467041,0.9998156428337097,0.08882631361484528,0.005063772201538086,174162,0.0032326279,0.0017438660142943263,0.0017137442482635379,0.0017162731382995844
456496,dct_high_nontargeted_white_box_eps0.0627_iter1,0.6363636363636364,0.6136363636363636,0.99919915,58.05884032523562,0.9998817443847656,0.999968409538269,0.01685749925673008,0.0007417798042297363,247089,0.0021608656,0.0012468183413147926,0.0012468979693949223,0.0012468581553548574
41888,dct_high_nontargeted_white_box_eps0.0627_iter3,1.0000000000000002,0.5000000000000001,0.9964211,50.77303960882915,0.9994243383407593,0.9998770356178284,0.09295090287923813,0.009478926658630371,270434,0.0047183395,0.0026130040641874075,0.0026090042665600777,0.002604726469144225
184321,dct_high_nontargeted_white_box_eps0.0627_iter2,1.0000000000000002,0.5000000000000001,0.99719,53.158409076079636,0.9995591044425964,0.9998489022254944,0.06484490633010864,0.0030442476272583008,200404,0.0035661655,0.0019254531944170594,0.0019229957833886147,0.0019320474239066243
565778,dct_high_nontargeted_white_box_eps0.0627_iter10,0.3333333333333334,0.20000000000000004,0.97636706,41.971949560316055,0.9961888194084167,0.9992755055427551,0.19840481877326965,0.03173649311065674,387702,0.01249156,0.006781998090445995,0.006744257174432278,0.00683947978541255
297343,dct_high_nontargeted_white_box_eps0.0627_iter3,1.0000000000000002,0.5000000000000001,0.9939775,51.30949013388702,0.9990439414978027,0.9992938041687012,0.11804299056529999,0.010191917419433594,245652,0.004316768,0.0024112146347761154,0.0024131678510457277,0.002419309224933386
336587,dct_high_nontargeted_white_box_eps0.0627_iter2,0.5000000000000001,0.3333333333333334,0.9978311,53.32010567335289,0.9996711611747742,0.9998829364776611,0.05591794103384018,0.002392292022705078,201319,0.0034665475,0.0018618203466758132,0.0018538084113970399,0.0018541584722697735
122745,dct_high_nontargeted_white_box_eps0.0627_iter7,1.0000000000000002,0.5000000000000001,0.94347864,47.0498089528695,0.9942816495895386,0.9767917394638062,0.2856020927429199,0.05221867561340332,230228,0.00619206,0.0034158641938120127,0.003392715472728014,0.0034056068398058414
555705,dct_high_nontargeted_white_box_eps0.0627_iter3,1.0000000000000002,0.5000000000000001,0.99494654,51.107058813944846,0.9992582201957703,0.999811053276062,0.15873120725154877,0.007127046585083008,246993,0.00445112,0.002488446421921253,0.00246981019154191,0.0024807641748338938
443303,dct_high_nontargeted_white_box_eps0.0627_iter3,0.3333333333333334,0.20000000000000004,0.99412537,51.12679194536729,0.9991719722747803,0.9997196197509766,0.10630109906196594,0.008921563625335693,249131,0.0044408785,0.0024769692681729794,0.002469185972586274,0.002489410573616624
500663,dct_high_nontargeted_white_box_eps0.0627_iter5,0.18181818181818182,0.12121212121212122,0.9885147,47.18376303784965,0.9981991052627563,0.9993258118629456,0.14630675315856934,0.027787327766418457,342338,0.006948566,0.0038541494868695736,0.0038506684359163046,0.0038324848283082247
418281,dct_high_nontargeted_white_box_eps0.0627_iter5,0.5454545454545455,0.3333333333333334,0.99098516,47.073216202192434,0.9985338449478149,0.9996415376663208,0.14482779800891876,0.018925249576568604,347375,0.007038871,0.003893990768119693,0.003889993764460087,0.0038967623841017485
25560,dct_high_nontargeted_white_box_eps0.0627_iter2,0.5000000000000001,0.4000000000000001,0.9969232,53.67335059343339,0.9995627403259277,0.9998450875282288,0.0649031400680542,0.0025238394737243652,176064,0.0032019308,0.0017127449391409755,0.0017091536428779364,0.0017125504091382027
403817,dct_high_nontargeted_white_box_eps0.0627_iter2,0.3333333333333334,0.25000000000000006,0.99666905,53.82266286328325,0.9995221495628357,0.9998016953468323,0.06631524860858917,0.003492593765258789,175051,0.0031229758,0.0016959001077339053,0.0016717022517696023,0.0016125324182212353
85329,dct_high_nontargeted_white_box_eps0.0627_iter5,0.5000000000000001,0.3333333333333334,0.9868188,48.16259567334255,0.9978554248809814,0.9983347058296204,0.26961541175842285,0.057460784912109375,311540,0.0060538677,0.0033575661946088076,0.0033536232076585293,0.0033781472593545914
329323,dct_high_nontargeted_white_box_eps0.0627_iter1,0.2727272727272727,0.2694805194805195,0.9990786,58.041595717993005,0.9998730421066284,0.9999669194221497,0.00514790927991271,0.0005148649215698242,247609,0.002169568,0.0012520019663497806,0.0012514323461800814,0.0012520226882770658
286994,dct_high_nontargeted_white_box_eps0.0627_iter3,0.8181818181818183,0.5000000000000001,0.9951928,50.0983207493353,0.999255359172821,0.9997787475585938,0.1009368747472763,0.011427879333496094,257486,0.005172453,0.0028968933038413525,0.0028889572713524103,0.0028825816698372364
511321,dct_high_nontargeted_white_box_eps0.0627_iter4,0.5454545454545455,0.27272727272727276,0.9920516,48.47306485748596,0.9988474249839783,0.9996201395988464,0.12243270874023438,0.006591916084289551,335050,0.006029016,0.0032693904358893633,0.00324893556535244,0.0032889468129724264
314294,dct_high_nontargeted_white_box_eps0.0627_iter4,0.5454545454545455,0.5000000000000001,0.9939878,48.708759822328666,0.9990062713623047,0.9998232126235962,0.16488054394721985,0.01976156234741211,337138,0.005878122,0.003152217948809266,0.003122548805549741,0.003155508078634739
233771,dct_high_nontargeted_white_box_eps0.0627_iter2,0.2181818181818182,0.20454545454545459,0.9977811,53.431086370962795,0.9997875094413757,0.9999102354049683,0.013674244284629822,0.0022225379943847656,185684,0.0033577252,0.001816669711843133,0.001819032710045576,0.001824844628572464
475779,dct_high_nontargeted_white_box_eps0.0627_iter8,1.0000000000000002,0.5000000000000001,0.9902397,43.89394013945987,0.9983636736869812,0.9995624423027039,0.11112117022275925,0.030733823776245117,384783,0.010169322,0.0054325805976986885,0.005401129834353924,0.0054671550169587135
301867,dct_high_nontargeted_white_box_eps0.0627_iter2,0.3333333333333334,0.20000000000000004,0.99795103,53.263502601951636,0.9997100830078125,0.9999049305915833,0.05817754566669464,0.002796649932861328,198383,0.003492288,0.001878597540780902,0.0018793476046994328,0.0018855332164093852
312421,dct_high_nontargeted_white_box_eps0.0627_iter7,0.18181818181818182,0.16666666666666669,0.9831559,45.78679913945482,0.9976074695587158,0.9991694092750549,0.2079634815454483,0.03213077783584595,351163,0.007871109,0.004323701839894056,0.0043051037937402725,0.004359324462711811
185250,dct_high_nontargeted_white_box_eps0.0627_iter8,0.38636363636363646,0.3333333333333334,0.9813235,43.23746149720998,0.9970844984054565,0.9992814064025879,0.18834911286830902,0.024290800094604492,383866,0.010945093,0.005944383796304464,0.005919202696532011,0.005924772471189499
356427,dct_high_nontargeted_white_box_eps0.0627_iter4,0.31818181818181823,0.28181818181818186,0.99450225,48.582274340961575,0.9991163611412048,0.9997447729110718,0.12828414142131805,0.013050377368927002,333016,0.0059359465,0.003204197622835636,0.0031948306132107973,0.0031899334862828255
572517,dct_high_nontargeted_white_box_eps0.0627_iter3,0.5000000000000001,0.3333333333333334,0.99644774,50.998061656460116,0.9994222521781921,0.9998535513877869,0.11162973940372467,0.006510376930236816,259810,0.0045519145,0.0025229211896657944,0.0025211265310645103,0.002529727527871728
270244,dct_high_nontargeted_white_box_eps0.0627_iter3,1.0000000000000002,0.5000000000000001,0.9955478,50.9049068166043,0.9993008375167847,0.9998186230659485,0.1122211366891861,0.0097428560256958,248219,0.0045791934,0.002536067273467779,0.0025622081011533737,0.002569144358858466
516316,dct_high_nontargeted_white_box_eps0.0627_iter2,0.5000000000000001,0.3333333333333334,0.9976949,53.05136787663027,0.999640166759491,0.9998926520347595,0.062074095010757446,0.0018666982650756836,213245,0.0036517868,0.0019833778496831656,0.0019796902779489756,0.001962620997801423
562121,dct_high_nontargeted_white_box_eps0.0627_iter2,0.6363636363636365,0.31818181818181823,0.9975484,53.56806592187357,0.9996281862258911,0.9999071955680847,0.06715095043182373,0.003565669059753418,189495,0.0033038442,0.001755398465320468,0.0017526972806081176,0.0017523865681141615
360661,dct_high_nontargeted_white_box_eps0.0627_iter11,0.8636363636363638,0.5858585858585859,0.96070594,42.19883569659295,0.993781566619873,0.9981120824813843,0.2586948871612549,0.05016899108886719,382961,0.011930296,0.006570230238139629,0.0065500009804964066,0.006605214439332485
16228,dct_high_nontargeted_white_box_eps0.0627_iter10,0.21212121212121215,0.19451871657754014,0.97097754,41.96741808776299,0.9957420825958252,0.9989821910858154,0.20657742023468018,0.031085550785064697,385964,0.012480493,0.006830763071775436,0.006764696910977364,0.0068328166380524635
382088,dct_high_nontargeted_white_box_eps0.0627_iter3,1.0000000000000002,0.5000000000000001,0.9958671,51.18310704970174,0.9993733763694763,0.9998435378074646,0.11228892207145691,0.007326245307922363,253717,0.004416601,0.002460356568917632,0.0024538428988307714,0.002461445750668645
266409,dct_high_nontargeted_white_box_eps0.0627_iter11,0.5000000000000001,0.3000000000000001,0.9674837,42.855826057470026,0.9951826930046082,0.9980868697166443,0.2297026515007019,0.059950828552246094,376427,0.010967094,0.0060342904180288315,0.005997271742671728,0.006033496931195259
430961,dct_high_nontargeted_white_box_eps0.0627_iter1,0.8484848484848486,0.7575757575757578,0.9988124,58.036498622748155,0.9998282194137573,0.9999477863311768,0.016447674483060837,0.0009300112724304199,250314,0.002171153,0.0012536058202385902,0.0012535579735413194,0.0012527102371677756
80671,dct_high_nontargeted_white_box_eps0.0627_iter5,0.5000000000000001,0.25000000000000006,0.9873588,48.189108237400085,0.9980438947677612,0.9989098310470581,0.19419211149215698,0.024056851863861084,311872,0.0060131405,0.0033439628314226866,0.0033401059918105602,0.0033418533857911825
476258,dct_high_nontargeted_white_box_eps0.0627_iter14,1.0000000000000002,0.6666666666666669,0.9626088,42.17339731140207,0.993851363658905,0.9982033967971802,0.3076849579811096,0.06257861852645874,380194,0.011654122,0.0063495575450360775,0.0062917242757976055,0.006340916268527508
448365,dct_high_nontargeted_white_box_eps0.0627_iter2,0.6666666666666669,0.5000000000000001,0.9970451,53.436345055062766,0.9995593428611755,0.9998794794082642,0.07483174651861191,0.0031027793884277344,188983,0.0033742373,0.0018037428380921483,0.0018052554223686457,0.0018143017077818513
35197,dct_high_nontargeted_white_box_eps0.0627_iter6,0.7727272727272729,0.5555555555555556,0.98474616,46.56026421979516,0.997809112071991,0.998991847038269,0.17358896136283875,0.012650251388549805,336396,0.007219809,0.003931465558707714,0.003908124752342701,0.003914431668817997
349860,dct_high_nontargeted_white_box_eps0.0627_iter2,0.5000000000000001,0.4000000000000001,0.9958523,53.27363920823239,0.9993815422058105,0.9997043609619141,0.10247714817523956,0.006698668003082275,195219,0.0034850494,0.0018789588939398527,0.0018692862940952182,0.0018809654284268618
180135,dct_high_nontargeted_white_box_eps0.0627_iter4,0.5000000000000001,0.3333333333333334,0.98115903,49.71421755642748,0.9984955787658691,0.9990503787994385,0.16707536578178406,0.012118041515350342,244088,0.0048163645,0.0026045728009194136,0.0025910737458616495,0.0026130089536309242
486438,dct_high_nontargeted_white_box_eps0.0627_iter6,0.40909090909090917,0.403409090909091,0.98690844,47.324175830924844,0.9980915784835815,0.999301016330719,0.18434205651283264,0.018852829933166504,318469,0.0065162624,0.0035314965061843395,0.003520939964801073,0.0035355505533516407
400573,dct_high_nontargeted_white_box_eps0.0627_iter1,0.13636363636363635,0.0909090909090909,0.9991908,58.053290149041494,0.9998793005943298,0.999961793422699,0.0038799787871539593,0.00020843744277954102,251163,0.0021640463,0.0012492737732827663,0.0012475939001888037,0.0012484944891184568
109798,dct_high_nontargeted_white_box_eps0.0627_iter1,0.5000000000000001,0.3333333333333334,0.9988427,58.08294759975845,0.9998409152030945,0.9999532103538513,0.0220002681016922,0.0009964704513549805,238719,0.0021521444,0.0012428783811628819,0.0012426505563780665,0.0012343432754278183
370677,dct_high_nontargeted_white_box_eps0.0627_iter2,0.5681818181818183,0.407925407925408,0.99719244,53.14395156357497,0.9996190071105957,0.9999006986618042,0.07913967967033386,0.003694593906402588,198374,0.0035699797,0.0019360885489732027,0.0019274861551821232,0.0019389864755794406
238866,dct_high_nontargeted_white_box_eps0.0627_iter6,0.639009139009139,0.6308172468789528,0.98999214,45.9614392111217,0.9985901713371277,0.9995220899581909,0.1384904384613037,0.022243738174438477,356703,0.007902306,0.0042957826517522335,0.004269740078598261,0.004311596974730492
515579,dct_high_nontargeted_white_box_eps0.0627_iter4,0.27272727272727276,0.23376623376623382,0.99296576,48.89667645493154,0.9990693926811218,0.9997491240501404,0.14997152984142303,0.013615071773529053,309485,0.005607099,0.0030465328600257635,0.0030289101414382458,0.003051260719075799
515445,dct_high_nontargeted_white_box_eps0.0627_iter4,0.3727272727272728,0.18181818181818185,0.9924572,48.92099253034143,0.998878002166748,0.999638020992279,0.11606229096651077,0.019311726093292236,315743,0.0056322785,0.0030395365320146084,0.0030244803056120872,0.003052708227187395
438862,dct_high_nontargeted_white_box_eps0.0627_iter2,0.6060606060606062,0.45454545454545464,0.9978623,53.02970250418752,0.9996674060821533,0.9999065399169922,0.0664379671216011,0.0016980767250061035,212108,0.0036648302,0.001989165786653757,0.001981097972020507,0.0019846863579005003
180560,dct_high_nontargeted_white_box_eps0.0627_iter2,0.5000000000000001,0.25000000000000006,0.99688643,53.746355358404976,0.9995361566543579,0.9998109340667725,0.0833907425403595,0.0037485361099243164,171572,0.003141944,0.0016866698861122131,0.0016783333849161863,0.0016850136453285813
39956,dct_high_nontargeted_white_box_eps0.0627_iter4,0.5000000000000001,0.3333333333333334,0.9911817,48.737656465182056,0.9987720847129822,0.9996100664138794,0.15019606053829193,0.016027629375457764,318581,0.005773862,0.003173324977979064,0.0031129182316362858,0.0030929497443139553
474028,dct_high_nontargeted_white_box_eps0.0627_iter5,0.3636363636363637,0.24242424242424246,0.9906756,46.366521816400315,0.998531699180603,0.9996080994606018,0.14681920409202576,0.01711040735244751,366133,0.007819233,0.004326502792537212,0.0043273186311125755,0.004346935078501701
514508,dct_high_nontargeted_white_box_eps0.0627_iter4,0.3636363636363637,0.18909090909090914,0.993489,48.471726209390255,0.9991626739501953,0.9997355937957764,0.09155278652906418,0.008701086044311523,329621,0.0059973164,0.003263081656768918,0.003255177056416869,0.0032731243409216404
473237,dct_high_nontargeted_white_box_eps0.0627_iter2,0.3333333333333334,0.12500000000000003,0.99673915,53.767818420522886,0.9995174407958984,0.9998170137405396,0.09396440535783768,0.005177199840545654,172776,0.0031389948,0.0016785587649792433,0.0016734999371692538,0.0016721389256417751
206027,dct_high_nontargeted_white_box_eps0.0627_iter5,0.31818181818181823,0.30519480519480524,0.9913159,48.389008349924765,0.9988042116165161,0.9995266199111938,0.11597272753715515,0.011029839515686035,311937,0.0058888514,0.0032611798960715532,0.003254353767260909,0.003266501473262906
78915,dct_high_nontargeted_white_box_eps0.0627_iter15,0.38636363636363646,0.3636363636363637,0.9645741,39.90833690905137,0.993979811668396,0.9980188608169556,0.14825941622257233,0.023230373859405518,394960,0.015477913,0.008455914445221424,0.008448293432593346,0.008542342111468315
551215,dct_high_nontargeted_white_box_eps0.0627_iter4,0.5000000000000001,0.3333333333333334,0.9946273,48.82983224189654,0.9990811347961426,0.99969881772995,0.08154913783073425,0.005305290222167969,326266,0.0057526915,0.0030982615426182747,0.0030880726408213377,0.00310701597481966
544519,dct_high_nontargeted_white_box_eps0.0627_iter5,0.5000000000000001,0.20000000000000004,0.9887813,47.97833464045736,0.9983606338500977,0.9993740916252136,0.18749943375587463,0.025296390056610107,321753,0.0062266765,0.00344574055634439,0.0034397339913994074,0.003452692646533251
96493,dct_high_nontargeted_white_box_eps0.0627_iter7,0.3333333333333334,0.25000000000000006,0.9861069,45.90932812231517,0.9977928996086121,0.99918532371521,0.15123602747917175,0.014910280704498291,350792,0.0078103263,0.004297024570405483,0.004270521458238363,0.004293947946280241
340175,dct_high_nontargeted_white_box_eps0.0627_iter40,0.14772727272727276,0.14303030303030306,0.87901753,34.98382433285326,0.9816500544548035,0.9928144216537476,0.3414161503314972,0.09412837028503418,404653,0.025960231,0.013912972994148731,0.013641524128615856,0.014271237887442112
578500,dct_high_nontargeted_white_box_eps0.0627_iter12,0.18181818181818182,0.1534090909090909,0.9523817,41.38591676246041,0.9923030138015747,0.9946821928024292,0.35111403465270996,0.06745684146881104,384900,0.013005579,0.007159121800214052,0.00708166416734457,0.007123695686459541
366141,dct_high_nontargeted_white_box_eps0.0627_iter4,0.25000000000000006,0.20000000000000004,0.99113464,49.05141019919206,0.9986631870269775,0.9995206594467163,0.12376759946346283,0.014174997806549072,303458,0.0054761725,0.0029631280340254307,0.002965922700241208,0.002967142965644598
57597,dct_high_nontargeted_white_box_eps0.0627_iter1,0.21212121212121215,0.18181818181818185,0.99903727,58.039401779816856,0.999851405620575,0.9999567270278931,0.017250623553991318,0.0006325244903564453,245470,0.0021703842,0.0012528193183243275,0.001253135851584375,0.0012514181435108185
559842,dct_high_nontargeted_white_box_eps0.0627_iter7,0.4204545454545455,0.3798898071625345,0.9845763,43.694157765279854,0.9976160526275635,0.9992443919181824,0.16498859226703644,0.027627944946289062,385233,0.010569746,0.005833579692989588,0.005821472033858299,0.005871366709470749
434230,dct_high_nontargeted_white_box_eps0.0627_iter1,0.16363636363636364,0.13352272727272727,0.99923825,58.04023578806336,0.9998883008956909,0.9999827146530151,0.014750003814697266,0.0010027289390563965,252479,0.0021702508,0.0012526217615231872,0.0012539717135950923,0.0012500471202656627
428454,dct_high_nontargeted_white_box_eps0.0627_iter8,0.5000000000000001,0.4000000000000001,0.97525615,43.83697460660878,0.9961501955986023,0.9988731741905212,0.2676584720611572,0.04834485054016113,377360,0.010098718,0.005494676996022463,0.00547495624050498,0.005502634681761265
399462,dct_high_nontargeted_white_box_eps0.0627_iter2,1.0000000000000002,0.3333333333333334,0.9976203,53.08041387475392,0.9996546506881714,0.9999372363090515,0.06167755275964737,0.0012744665145874023,203183,0.0036270856,0.0019686007872223854,0.0019601713865995407,0.001956326188519597
261061,dct_high_nontargeted_white_box_eps0.0627_iter1,0.3333333333333334,0.25000000000000006,0.9990335,58.05195879667464,0.9998590350151062,0.9999651312828064,0.015179889276623726,0.0008180141448974609,240102,0.0021659317,0.0012472171802073717,0.0012508684303611517,0.0012484353501349688
168330,dct_high_nontargeted_white_box_eps0.0627_iter16,0.27272727272727276,0.25000000000000006,0.95112175,40.7336050789436,0.9920239448547363,0.9971843957901001,0.2715398073196411,0.05752432346343994,389830,0.013836415,0.007528773043304682,0.0074586705304682255,0.007574747782200575
383384,dct_high_nontargeted_white_box_eps0.0627_iter31,0.13636363636363638,0.1310543451039319,0.90540695,36.018508483110104,0.9837921857833862,0.9938804507255554,0.31461647152900696,0.0767747163772583,403062,0.02338029,0.01264401338994503,0.012539592571556568,0.01291193813085556
342006,dct_high_nontargeted_white_box_eps0.0627_iter3,0.5000000000000001,0.3333333333333334,0.9935797,49.99129858396622,0.9989771842956543,0.9996415376663208,0.11558867990970612,0.012993216514587402,254917,0.00525132,0.0029349548276513815,0.0029305354692041874,0.0029448976274579763
217285,dct_high_nontargeted_white_box_eps0.0627_iter20,0.31818181818181823,0.27896373603204727,0.94524884,37.50102503636257,0.9922754168510437,0.997527003288269,0.2201794981956482,0.0734294056892395,400938,0.020297939,0.010944565758109093,0.010957371443510056,0.011242471635341644
236412,dct_high_nontargeted_white_box_eps0.0627_iter3,0.5000000000000001,0.25000000000000006,0.99623746,50.80611504211213,0.999426007270813,0.9997962117195129,0.07589036226272583,0.005220770835876465,253174,0.004655726,0.0026005408726632595,0.002590783638879657,0.002594652585685253
153343,dct_high_nontargeted_white_box_eps0.0627_iter3,1.0000000000000002,0.5000000000000001,0.9958882,50.80732701207275,0.9993566274642944,0.9997667670249939,0.0842425748705864,0.003829777240753174,250901,0.0046546245,0.00259422161616385,0.0025961161591112614,0.0025811628438532352
95786,dct_high_nontargeted_white_box_eps0.0627_iter3,0.13636363636363638,0.09090909090909093,0.9939089,51.40512331603446,0.9991170167922974,0.9996969103813171,0.13910409808158875,0.00892949104309082,250248,0.0042740465,0.0023792474530637264,0.0023732364643365145,0.002395462943241
326541,dct_high_nontargeted_white_box_eps0.0627_iter3,0.24242424242424243,0.23636363636363641,0.99400973,50.909419799600855,0.9990619421005249,0.9997205138206482,0.176728755235672,0.016115128993988037,248275,0.0045683356,0.0025571545120328665,0.002547996584326029,0.002544779097661376
231339,dct_high_nontargeted_white_box_eps0.0627_iter2,0.3333333333333334,0.25000000000000006,0.99729043,53.468018652085135,0.9996010661125183,0.9998747706413269,0.04082208871841431,0.0014662742614746094,186513,0.00334623,0.0017959049437195063,0.0017893012845888734,0.001798209734261036
508730,dct_high_nontargeted_white_box_eps0.0627_iter2,0.25000000000000006,0.20000000000000004,0.9977676,53.62014627379489,0.9996403455734253,0.999851405620575,0.0547003373503685,0.0037685036659240723,176766,0.003229333,0.0017352652503177524,0.001734588760882616,0.0017288347007706761
550426,dct_high_nontargeted_white_box_eps0.0627_iter2,1.0000000000000002,0.3333333333333334,0.99730635,53.59762520384402,0.9995982646942139,0.9998801350593567,0.060298606753349304,0.002250373363494873,179498,0.0032622484,0.0017490050522610545,0.001745823654346168,0.001733482233248651
368294,dct_high_nontargeted_white_box_eps0.0627_iter3,0.5000000000000001,0.3333333333333334,0.99492484,50.644440691205276,0.9993147253990173,0.99979168176651,0.11873118579387665,0.0053408145904541016,245244,0.004754664,0.0026580900885164738,0.002639962825924158,0.002629198832437396
171190,dct_high_nontargeted_white_box_eps0.0627_iter1,0.16558441558441558,0.1606679035250464,0.99898154,58.04633101607437,0.999853253364563,0.9999374747276306,0.012900757603347301,0.0005892515182495117,239057,0.0021685488,0.001252662856131792,0.0012513267574831843,0.0012473806273192167
301135,dct_high_nontargeted_white_box_eps0.0627_iter25,0.13636363636363638,0.12430426716141005,0.9366965,36.10655430783686,0.9906148910522461,0.9965755939483643,0.21322101354599,0.04970812797546387,403752,0.023741653,0.012698611244559288,0.012743501923978329,0.012785651721060276
580294,dct_high_nontargeted_white_box_eps0.0627_iter3,0.14285714285714288,0.12500000000000003,0.99480337,50.44645696333064,0.9992587566375732,0.9997521638870239,0.1124916598200798,0.006135702133178711,248773,0.004894849,0.0027360350359231234,0.0027363919652998447,0.0027414951473474503
494869,dct_high_nontargeted_white_box_eps0.0627_iter15,0.2575757575757576,0.2393939393939394,0.95420974,40.349542871990664,0.9931318163871765,0.9974180459976196,0.21416912972927094,0.039847373962402344,392110,0.014591439,0.007867918349802494,0.007943742908537388,0.008111150935292244
33638,dct_high_nontargeted_white_box_eps0.0627_iter1,0.25000000000000006,0.20000000000000004,0.99880195,58.11241825232963,0.9998319149017334,0.9999382495880127,0.007559848017990589,0.00043326616287231445,241398,0.0021505987,0.0012538618175312877,0.0012539294548332691,0.0011869337176904082
329219,dct_high_nontargeted_white_box_eps0.0627_iter1,0.28571428571428575,0.25000000000000006,0.9989962,58.034267976601924,0.9998514652252197,0.9999502301216125,0.015566390007734299,0.0008425712585449219,246114,0.0021719218,0.0012539197923615575,0.001253955764696002,0.0012539359740912914
186980,dct_high_nontargeted_white_box_eps0.0627_iter1,0.10000000000000002,0.09090909090909093,0.9991729,58.03417350783759,0.9998836517333984,0.9999647736549377,0.004158154595643282,0.00040024518966674805,244447,0.0021719562,0.0012539525050669909,0.0012539875460788608,0.0012539407471194863
127182,dct_high_nontargeted_white_box_eps0.0627_iter2,0.4285714285714287,0.3333333333333334,0.996552,53.35004607456999,0.9994970560073853,0.9998204708099365,0.06459921598434448,0.0033534765243530273,192696,0.003434428,0.001839107251726091,0.0018418498802930117,0.0018514133989810944
356387,dct_high_nontargeted_white_box_eps0.0627_iter2,0.20454545454545456,0.18181818181818182,0.9973612,53.067290396958136,0.999609649181366,0.9998886585235596,0.08284726738929749,0.004271447658538818,204070,0.003627868,0.001968208933249116,0.001962400274351239,0.001972447382286191
367680,dct_high_nontargeted_white_box_eps0.0627_iter3,0.5818181818181819,0.47272727272727283,0.99496365,50.296191345034664,0.9992733001708984,0.9998143315315247,0.10398611426353455,0.00972825288772583,247333,0.0050029983,0.002799019915983081,0.002795972628518939,0.002812726190313697
487583,dct_high_nontargeted_white_box_eps0.0627_iter5,0.5000000000000001,0.25000000000000006,0.98753923,47.68959241379769,0.998184859752655,0.9992559552192688,0.1810692399740219,0.01578068733215332,330302,0.0064656273,0.0035832745488733053,0.0035666273906826973,0.0035854163579642773
363840,dct_high_nontargeted_white_box_eps0.0627_iter1,0.4204545454545455,0.3737373737373738,0.9990776,58.190044461429494,0.9998712539672852,0.9999489784240723,0.015913421288132668,0.0007315874099731445,247800,0.0021286798,0.0012376952217891812,0.001163060194812715,0.0012284948024898767
214720,dct_high_nontargeted_white_box_eps0.0627_iter29,0.14285714285714288,0.13383838383838384,0.90893036,36.42515399263262,0.9871625900268555,0.9953173995018005,0.28333988785743713,0.06225109100341797,403030,0.022440141,0.012045865878462791,0.011980274692177773,0.012493875809013844
379453,dct_high_nontargeted_white_box_eps0.0627_iter10,1.0000000000000002,0.5000000000000001,0.9718323,45.42035618289236,0.9955710172653198,0.9973562955856323,0.27298080921173096,0.03096187114715576,350799,0.008033692,0.004304738249629736,0.004292314872145653,0.004338553175330162
311295,dct_high_nontargeted_white_box_eps0.0627_iter1,0.4545454545454546,0.30303030303030304,0.99900883,58.03429518909774,0.9998452663421631,0.9999508857727051,0.01849452033638954,0.000732719898223877,255548,0.0021719192,0.0012538745068013668,0.001253949711099267,0.0012539440067484975
29393,dct_high_nontargeted_white_box_eps0.0627_iter3,0.5000000000000001,0.25000000000000006,0.9963183,50.711650289481085,0.9995064735412598,0.9998685717582703,0.08131690323352814,0.0053446292877197266,251927,0.004720612,0.0026229836512356997,0.002615917008370161,0.002640453167259693
278848,dct_high_nontargeted_white_box_eps0.0627_iter1,0.7500000000000002,0.6000000000000002,0.99906427,58.13618347254216,0.9998733997344971,0.9999507069587708,0.005849601700901985,0.0002913475036621094,236259,0.0021237843,0.001225008862093091,0.0012246690457686782,0.0012248771963641047
166391,dct_high_nontargeted_white_box_eps0.0627_iter3,0.45454545454545464,0.41212121212121217,0.9921666,50.26806210832028,0.9987718462944031,0.9996010661125183,0.15892677009105682,0.015992164611816406,246309,0.005017454,0.0028194142505526543,0.002807130105793476,0.0028177364729344845
223130,dct_high_nontargeted_white_box_eps0.0627_iter5,1.0000000000000002,0.5000000000000001,0.99114037,47.32865774025786,0.9985892176628113,0.9996687769889832,0.14234933257102966,0.009478211402893066,350741,0.0068837446,0.003783095395192504,0.003757997415959835,0.0037837200798094273
198960,dct_high_nontargeted_white_box_eps0.0627_iter4,1.0000000000000002,0.5000000000000001,0.99480486,48.14737861345958,0.9991674423217773,0.9998840689659119,0.13288186490535736,0.013188362121582031,359567,0.006384826,0.0034473463892936707,0.0034218234941363335,0.0034491620026528835
344059,dct_high_nontargeted_white_box_eps0.0627_iter4,1.0000000000000002,0.8484848484848483,0.9922388,48.642292473988846,0.9987779855728149,0.999680757522583,0.16192731261253357,0.017494380474090576,334085,0.005905614,0.0031933081336319447,0.003168693743646145,0.0031651193276047707
410428,dct_high_nontargeted_white_box_eps0.0627_iter1,0.5303030303030304,0.49999999999999994,0.999175,58.04116841834346,0.9998795986175537,0.9999694228172302,0.015499865636229515,0.0005279183387756348,250045,0.00216968,0.0012527285143733025,0.0012532520340755582,0.0012498475844040513
87875,dct_high_nontargeted_white_box_eps0.0627_iter3,1.0000000000000002,0.5000000000000001,0.99682933,50.64866090104199,0.9995567202568054,0.9998534917831421,0.0691249817609787,0.0062133073806762695,249399,0.00475665,0.0026666128542274237,0.0026567853055894375,0.002639411948621273
450758,dct_high_nontargeted_white_box_eps0.0627_iter7,0.8181818181818183,0.40909090909090917,0.9839305,44.909035764753995,0.9973883032798767,0.9991746544837952,0.15199686586856842,0.04747426509857178,370520,0.008989679,0.004926933441311121,0.004926361609250307,0.004960508551448584
460160,dct_high_nontargeted_white_box_eps0.0627_iter2,1.0000000000000002,0.5000000000000001,0.9979527,53.274038460655646,0.9996674060821533,0.9999223351478577,0.05422285944223404,0.0032330751419067383,202177,0.0035078132,0.0018755446653813124,0.001875620917417109,0.001877266215160489
458109,dct_high_nontargeted_white_box_eps0.0627_iter3,0.5000000000000001,0.0909090909090909,0.9962282,50.432408964323336,0.999485969543457,0.9998188614845276,0.07354555279016495,0.0071253180503845215,256982,0.004921227,0.0027335244230926037,0.002737876493483782,0.002752752508968115
30675,dct_high_nontargeted_white_box_eps0.0627_iter7,1.0000000000000002,0.5000000000000001,0.9825255,45.50147367788465,0.9971318244934082,0.9990983605384827,0.24633508920669556,0.039462924003601074,357794,0.008251398,0.004565505310893059,0.004529348108917475,0.004510083701461554
566524,dct_high_nontargeted_white_box_eps0.0627_iter2,0.6818181818181819,0.4545454545454546,0.99757534,53.32326102652374,0.9996360540390015,0.9999052882194519,0.06007162854075432,0.002318441867828369,197652,0.0034615246,0.0018581291660666466,0.0018545970087870955,0.001852738088928163
338428,dct_high_nontargeted_white_box_eps0.0627_iter3,0.18181818181818182,0.12121212121212122,0.99504423,50.38553722281514,0.9992272853851318,0.9998565316200256,0.15462984144687653,0.010874748229980469,251249,0.004947087,0.002761352341622114,0.002763399388641119,0.002728792140260339
476415,dct_high_nontargeted_white_box_eps0.0627_iter8,0.5000000000000001,0.22222222222222224,0.97294146,46.01426320097457,0.9968334436416626,0.9986894130706787,0.22583574056625366,0.030418992042541504,325543,0.007435098,0.0040242839604616165,0.00399064039811492,0.004027719143778086
292082,dct_high_nontargeted_white_box_eps0.0627_iter7,0.18181818181818185,0.10389610389610392,0.9881029,45.50500246779969,0.9983773231506348,0.9993345141410828,0.047772690653800964,0.007623791694641113,353713,0.008226727,0.004549127072095871,0.004533556289970875,0.004570549353957176
122046,dct_high_nontargeted_white_box_eps0.0627_iter9,0.3333333333333334,0.25000000000000006,0.97796386,44.162027571500886,0.9965596199035645,0.9988251328468323,0.1660517454147339,0.01682865619659424,361573,0.009437313,0.005233204923570156,0.005167028866708279,0.005223984830081463
352684,dct_high_nontargeted_white_box_eps0.0627_iter12,0.31818181818181823,0.2823691460055097,0.95940715,42.18429807438098,0.9937191009521484,0.997528612613678,0.2328951060771942,0.05453759431838989,378845,0.011754797,0.006405755411833525,0.006367536261677742,0.006456115748733282
512836,dct_high_nontargeted_white_box_eps0.0627_iter5,0.25000000000000006,0.20000000000000004,0.9916699,48.07997739917405,0.9987848997116089,0.9995763897895813,0.09421760588884354,0.0052950382232666016,322029,0.0061551593,0.0034065130166709423,0.003392830491065979,0.0033992105163633823
8021,dct_high_nontargeted_white_box_eps0.0627_iter3,0.6666666666666669,0.5000000000000001,0.9946873,51.21457863602318,0.999213695526123,0.999650776386261,0.0834735631942749,0.006602644920349121,240112,0.004364356,0.00245915655978024,0.002441656542941928,0.0024074458051472902
107226,dct_high_nontargeted_white_box_eps0.0627_iter4,0.18181818181818182,0.1539141414141414,0.9926531,48.831686724888534,0.9989537596702576,0.9996664524078369,0.09774535894393921,0.00618511438369751,318561,0.0056917234,0.0031053058337420225,0.0030951572116464376,0.0030278144404292107
84477,dct_high_nontargeted_white_box_eps0.0627_iter1,1.0000000000000002,0.6666666666666669,0.99884564,58.06780423410238,0.9998264312744141,0.9999375343322754,0.020070187747478485,0.0009801983833312988,244338,0.0021627177,0.0012252816231921315,0.0012537682196125388,0.001253813854418695
562243,dct_high_nontargeted_white_box_eps0.0627_iter8,1.0000000000000002,0.7500000000000002,0.9809115,46.095918137313774,0.9972314834594727,0.998943030834198,0.14364126324653625,0.019489824771881104,333546,0.00741483,0.004023225512355566,0.003950361628085375,0.004043031483888626
181859,dct_high_nontargeted_white_box_eps0.0627_iter1,0.5000000000000001,0.3333333333333334,0.99877065,58.04089497879395,0.9998204112052917,0.999920666217804,0.007962693460285664,0.00045359134674072266,239830,0.0021700999,0.0012533916160464287,0.0012538426090031862,0.00124882732052356
292236,dct_high_nontargeted_white_box_eps0.0627_iter1,0.5151515151515152,0.45454545454545464,0.99895066,58.042006335148535,0.9998549818992615,0.9999596476554871,0.006331304088234901,0.0002796649932861328,240490,0.0021695471,0.0012517865980044007,0.001250646309927106,0.0012526814825832844
288042,dct_high_nontargeted_white_box_eps0.0627_iter2,0.6666666666666669,0.3333333333333334,0.99761987,53.31470447431037,0.9996336698532104,0.999887228012085,0.06544402986764908,0.0035909414291381836,198996,0.003475219,0.0018620112678036094,0.0018667649710550904,0.0018500830046832561
453860,dct_high_nontargeted_white_box_eps0.0627_iter5,1.0000000000000002,0.8484848484848483,0.9908059,47.63190613120533,0.9985731840133667,0.998928427696228,0.1802450716495514,0.02495265007019043,328229,0.0063158055,0.0034950643312186003,0.003458192339166999,0.0035147457383573055
125062,dct_high_nontargeted_white_box_eps0.0627_iter2,0.27272727272727276,0.18181818181818185,0.99704164,53.67363218620774,0.9996486902236938,0.9999107718467712,0.05381830409169197,0.0022211670875549316,175877,0.0032275736,0.0017228244105353951,0.0017199666472151875,0.0017061077523976564
375015,dct_high_nontargeted_white_box_eps0.0627_iter3,1.0000000000000002,0.5000000000000001,0.9951281,51.42958091911669,0.9992474913597107,0.9997991323471069,0.13220590353012085,0.009252309799194336,252811,0.0042649223,0.0023764597717672586,0.0023682485334575176,0.0023800013586878777
334719,dct_high_nontargeted_white_box_eps0.0627_iter1,0.24242424242424246,0.18181818181818185,0.9991289,58.03469280782521,0.999864935874939,0.9999657869338989,0.016463881358504295,0.0005713701248168945,251550,0.0021718096,0.0012538370210677385,0.0012538933660835028,0.001253702794201672
283520,dct_high_nontargeted_white_box_eps0.0627_iter3,0.7727272727272729,0.5151515151515152,0.99637604,50.18014994924912,0.9994019865989685,0.9998628497123718,0.11416361480951309,0.006370186805725098,265465,0.005126229,0.002852310426533222,0.0028503774665296078,0.0028558396734297276
31269,dct_high_nontargeted_white_box_eps0.0627_iter10,1.0000000000000002,0.5000000000000001,0.97955513,41.769427130211085,0.9966060519218445,0.9991521239280701,0.16580557823181152,0.041739583015441895,393120,0.012995474,0.007048449944704771,0.006979155354201794,0.007009560242295265
319721,dct_high_nontargeted_white_box_eps0.0627_iter6,0.8181818181818183,0.4000000000000001,0.9882862,46.16936921605333,0.998283863067627,0.9994401335716248,0.11040355265140533,0.009660482406616211,352812,0.0076871263,0.0041817263700068,0.0041738771833479404,0.004144438076764345
347265,dct_high_nontargeted_white_box_eps0.0627_iter22,0.5000000000000001,0.3333333333333334,0.9497817,38.02841586844711,0.9922694563865662,0.9973544478416443,0.21647921204566956,0.05094665288925171,401226,0.019094862,0.010195658542215824,0.01008553709834814,0.010310284793376923
414170,dct_high_nontargeted_white_box_eps0.0627_iter12,0.3333333333333334,0.27272727272727276,0.9706981,41.194017476269906,0.9956750869750977,0.9987411499023438,0.1815548539161682,0.0314098596572876,390066,0.013490474,0.007274228148162365,0.007258689496666193,0.0073472862131893635
231508,dct_high_nontargeted_white_box_eps0.0627_iter1,0.2106060606060606,0.19264069264069267,0.9991956,58.036036612020496,0.9998801946640015,0.9999749064445496,0.004073123447597027,0.0004888772964477539,250091,0.0021714368,0.0012538832379505038,0.0012537279399111867,0.00125267100520432
389381,dct_high_nontargeted_white_box_eps0.0627_iter1,0.20000000000000004,0.1666666666666667,0.9995237,58.07144167121728,0.999924898147583,0.9999732971191406,0.004526427946984768,0.00017374753952026367,240145,0.0021615447,0.0012349067255854607,0.0012526832288131118,0.0012421304127201438
118921,dct_high_nontargeted_white_box_eps0.0627_iter4,0.7727272727272729,0.5151515151515152,0.99200994,48.88577323195295,0.998816728591919,0.9995786547660828,0.14684182405471802,0.018946290016174316,318143,0.0056584715,0.0030507338233292103,0.0030375332571566105,0.003048454411327839
785,dct_high_nontargeted_white_box_eps0.0627_iter4,0.5000000000000001,0.25000000000000006,0.9899985,48.80420141724499,0.9984315633773804,0.9991635084152222,0.16701889038085938,0.016843676567077637,312692,0.005674402,0.003089283127337694,0.0030698322225362062,0.0030845501460134983
105014,dct_high_nontargeted_white_box_eps0.0627_iter13,0.1090909090909091,0.05454545454545455,0.9715059,40.39979141690057,0.9960850477218628,0.9988266229629517,0.17139694094657898,0.02420365810394287,395997,0.014886321,0.008145518600940704,0.00810208823531866,0.008012964390218258
261982,dct_high_nontargeted_white_box_eps0.0627_iter8,0.4545454545454546,0.3080808080808081,0.98225373,44.82956964270328,0.9975242614746094,0.9991132616996765,0.14895501732826233,0.024417579174041748,356874,0.008767568,0.004715746734291315,0.004741239361464977,0.004828718490898609
99242,dct_high_nontargeted_white_box_eps0.0627_iter5,1.0000000000000002,0.6666666666666669,0.9873206,48.291018834974615,0.9979445338249207,0.9986926913261414,0.17908021807670593,0.02487635612487793,309836,0.005927114,0.003287927247583866,0.00329276523552835,0.003309374675154686
314709,dct_high_nontargeted_white_box_eps0.0627_iter4,1.0000000000000002,0.6666666666666669,0.99139005,49.439854067469525,0.998680591583252,0.9994486570358276,0.1503993570804596,0.016945600509643555,289007,0.005192029,0.0028030979447066784,0.0027918326668441296,0.0028201958630234003
460494,dct_high_nontargeted_white_box_eps0.0627_iter2,0.28571428571428575,0.2727272727272728,0.99712676,53.36446284817586,0.9996025562286377,0.9998962879180908,0.07644256204366684,0.0016011595726013184,194081,0.0034502659,0.0018707726849243045,0.001842019148170948,0.0018128135707229376
339442,dct_high_nontargeted_white_box_eps0.0627_iter3,0.6666666666666669,0.4000000000000001,0.994584,51.43170978469026,0.9992443323135376,0.9997461438179016,0.05738559365272522,0.004478335380554199,243620,0.0042422097,0.0023813864681869745,0.0023601828143000603,0.0023529876489192247
541055,dct_high_nontargeted_white_box_eps0.0627_iter3,0.27272727272727276,0.2545454545454546,0.9940338,50.17812785370306,0.9990541338920593,0.9997158646583557,0.1724010705947876,0.01685917377471924,254069,0.0051011983,0.002878525061532855,0.0028536475729197264,0.002799580106511712
409475,dct_high_nontargeted_white_box_eps0.0627_iter3,1.0000000000000002,0.5000000000000001,0.9944367,50.76716318200301,0.9991905093193054,0.9997263550758362,0.09237423539161682,0.011108756065368652,249039,0.004671949,0.0026084654964506626,0.002605745103210211,0.0026184418238699436
378605,dct_high_nontargeted_white_box_eps0.0627_iter3,0.6666666666666669,0.5000000000000001,0.99385643,50.825331623345,0.999062180519104,0.999659538269043,0.11274793744087219,0.004514455795288086,248922,0.0046352027,0.002587069757282734,0.002586068818345666,0.002590952208265662
331817,dct_high_nontargeted_white_box_eps0.0627_iter7,0.12121212121212123,0.08712121212121214,0.98651046,44.44173274985691,0.9982010722160339,0.9993395209312439,0.12580502033233643,0.013880729675292969,369799,0.009450967,0.005217243917286396,0.00522585678845644,0.005240476690232754
218091,dct_high_nontargeted_white_box_eps0.0627_iter5,0.3090909090909092,0.2545454545454546,0.9878451,47.577371887702775,0.9981706142425537,0.99936842918396,0.17278379201889038,0.020306110382080078,327583,0.0065607284,0.0036432351917028427,0.003623469267040491,0.003660288406535983
578545,dct_high_nontargeted_white_box_eps0.0627_iter3,0.4000000000000001,0.3333333333333334,0.995382,50.832526396005974,0.9992995262145996,0.9997647404670715,0.08761591464281082,0.006853818893432617,243998,0.004615123,0.0025869403034448624,0.002585966605693102,0.002586127258837223
363207,dct_high_nontargeted_white_box_eps0.0627_iter9,0.16363636363636366,0.15151515151515152,0.9764367,43.36495986064966,0.9963210821151733,0.9986851811408997,0.173225998878479,0.03169417381286621,375634,0.0105340425,0.005793163552880287,0.005772166419774294,0.005831168964505196
372577,dct_high_nontargeted_white_box_eps0.0627_iter5,1.0000000000000002,0.7500000000000002,0.9895649,47.53461828961029,0.9983595609664917,0.9994727969169617,0.11601024866104126,0.012749791145324707,328246,0.006577264,0.0036585757043212652,0.0036527651827782393,0.0036483437288552523
172571,dct_high_nontargeted_white_box_eps0.0627_iter4,0.1666666666666667,0.15909090909090912,0.9916108,48.632230745952796,0.9986957907676697,0.9996251463890076,0.19419556856155396,0.01708763837814331,322242,0.0058543496,0.0031923570204526186,0.0031786581967025995,0.003185993991792202
294831,dct_high_nontargeted_white_box_eps0.0627_iter12,0.20000000000000004,0.18181818181818185,0.9577515,42.09410379466498,0.9934269785881042,0.9980412721633911,0.30439406633377075,0.05104720592498779,380085,0.011906947,0.006490595173090696,0.006461183540523052,0.006558484397828579
84431,dct_high_nontargeted_white_box_eps0.0627_iter3,1.0000000000000002,0.5000000000000001,0.9941466,51.16851090943704,0.9991084933280945,0.9997528791427612,0.1288692057132721,0.005398154258728027,245682,0.004403115,0.0024639859329909086,0.0024598408490419388,0.002466841833665967
323355,dct_high_nontargeted_white_box_eps0.0627_iter2,0.7727272727272729,0.6666666666666669,0.99742246,53.4217800346103,0.9996333122253418,0.9998842477798462,0.03733089566230774,0.0012655258178710938,187495,0.0033749817,0.001810215413570404,0.0018102602334693074,0.001820729929022491
355325,dct_high_nontargeted_white_box_eps0.0627_iter7,0.22077922077922082,0.17171717171717177,0.98667556,45.00983664803322,0.998088538646698,0.9993978142738342,0.10898785293102264,0.007945656776428223,362448,0.008784927,0.004865824710577726,0.004846859723329544,0.004839208908379078
4495,dct_high_nontargeted_white_box_eps0.0627_iter7,0.5000000000000001,0.41666666666666674,0.9827135,46.019145153681215,0.9973615407943726,0.9989703893661499,0.15890315175056458,0.023864269256591797,342678,0.00765875,0.004232284612953663,0.004237214103341103,0.0042519415728747845
9483,dct_high_nontargeted_white_box_eps0.0627_iter1,0.672727272727273,0.5606060606060608,0.9990588,58.03548030067809,0.9998583793640137,0.9999260902404785,0.014040973037481308,0.00036466121673583984,240879,0.0021715865,0.0012533148983493447,0.0012537798611447215,0.001253654365427792
326082,dct_high_nontargeted_white_box_eps0.0627_iter8,0.19191919191919193,0.19011544011544013,0.97510356,44.103049106573806,0.9962234497070312,0.9986204504966736,0.2383205145597458,0.04286658763885498,367302,0.009652524,0.005271953996270895,0.005248913075774908,0.005267379339784384
398237,dct_high_nontargeted_white_box_eps0.0627_iter8,0.25000000000000006,0.20000000000000004,0.9889285,43.7477168319804,0.9980765581130981,0.9993957877159119,0.1207057312130928,0.030858159065246582,385442,0.010348885,0.005538541823625565,0.005527951754629612,0.00558041175827384
239537,dct_high_nontargeted_white_box_eps0.0627_iter14,1.0000000000000002,0.7500000000000002,0.968806,40.840074725151645,0.9940924644470215,0.9980918765068054,0.18676498532295227,0.040442049503326416,390240,0.013836764,0.007503203582018614,0.007479914464056492,0.007527429610490799
537991,dct_high_nontargeted_white_box_eps0.0627_iter2,0.6363636363636365,0.5000000000000001,0.99736094,53.17131694310048,0.9996092319488525,0.999869704246521,0.05811218544840813,0.0019252896308898926,199982,0.0035580986,0.0019210543250665069,0.0019165321718901396,0.0019261501729488373
321333,dct_high_nontargeted_white_box_eps0.0627_iter4,0.5000000000000001,0.4000000000000001,0.9927854,49.210103856855696,0.9988853335380554,0.9996911287307739,0.15536656975746155,0.016513943672180176,298950,0.0053672274,0.002907584886997938,0.0029019424691796303,0.0029006481636315584
521282,dct_high_nontargeted_white_box_eps0.0627_iter3,1.0000000000000002,0.0,0.99361396,51.151429172173025,0.9990164041519165,0.9994491338729858,0.12569046020507812,0.011620283126831055,245103,0.0044195307,0.0024734013713896275,0.0024660483468323946,0.002459372626617551
108026,dct_high_nontargeted_white_box_eps0.0627_iter1,0.3333333333333334,0.25000000000000006,0.9983918,58.49708602947371,0.9998361468315125,0.9999075531959534,0.019173506647348404,0.001147150993347168,206806,0.0019990308,0.0011634896509349346,0.001121825654990971,0.0010962336091324687
177935,dct_high_nontargeted_white_box_eps0.0627_iter3,0.25000000000000006,0.20000000000000004,0.99529546,50.947437150365424,0.999297022819519,0.9997499585151672,0.06705246865749359,0.004202127456665039,252726,0.0045645325,0.002540969755500555,0.002539923181757331,0.0025460058823227882
38829,dct_high_nontargeted_white_box_eps0.0627_iter12,0.20454545454545459,0.1681818181818182,0.9629667,41.12317499445277,0.9949607849121094,0.9985130429267883,0.20510661602020264,0.03518068790435791,387809,0.013555717,0.007348208222538233,0.007370023522526026,0.007376448716968298
397327,dct_high_nontargeted_white_box_eps0.0627_iter7,0.5000000000000001,0.4444444444444445,0.9796881,46.08082237955529,0.9967591166496277,0.9970681071281433,0.25229039788246155,0.05767202377319336,345657,0.0076055075,0.004194660112261772,0.004185373894870281,0.004205355420708656
501523,dct_high_nontargeted_white_box_eps0.0627_iter3,0.5000000000000001,0.4285714285714287,0.99488896,50.9784593693172,0.9992429614067078,0.9997121691703796,0.09359243512153625,0.0049942731857299805,244834,0.004522939,0.0025349005591124296,0.0025314909871667624,0.00252362759783864
555050,dct_high_nontargeted_white_box_eps0.0627_iter3,0.3636363636363637,0.28571428571428575,0.994507,50.146338205086415,0.9991862773895264,0.9998127818107605,0.14230501651763916,0.01156759262084961,247149,0.00511052,0.002876145299524069,0.002863549394533038,0.0028589721769094467
187243,dct_high_nontargeted_white_box_eps0.0627_iter12,0.3333333333333334,0.275,0.9705706,42.305115011058916,0.9956633448600769,0.9981496930122375,0.18739347159862518,0.03160339593887329,376818,0.011504365,0.006233032327145338,0.00620396388694644,0.006277021020650864
42276,dct_high_nontargeted_white_box_eps0.0627_iter1,0.5000000000000001,0.3333333333333334,0.9990275,58.05099461501171,0.9998646974563599,0.9999571442604065,0.005786509718745947,0.00032913684844970703,243038,0.0021671357,0.0012508871732279658,0.0012461183359846473,0.0012503291945904493
534827,dct_high_nontargeted_white_box_eps0.0627_iter3,0.3636363636363637,0.2545454545454546,0.9957841,51.06538091470572,0.9994093775749207,0.9997763633728027,0.05928109586238861,0.002576589584350586,257269,0.004347769,0.0024130886886268854,0.0024075957480818033,0.0024220834020525217
482917,dct_high_nontargeted_white_box_eps0.0627_iter2,0.20000000000000004,0.14285714285714288,0.99692273,53.4782094342676,0.9995684623718262,0.9998349547386169,0.05848243832588196,0.0019286274909973145,184377,0.0033373474,0.001789201982319355,0.0017858302453532815,0.0017956781666725874
300659,dct_high_nontargeted_white_box_eps0.0627_iter10,1.0000000000000002,0.5000000000000001,0.9686677,44.14112952007005,0.9952149391174316,0.9973961114883423,0.30444324016571045,0.07380294799804688,361778,0.00934862,0.005065432284027338,0.005042168311774731,0.005119901150465012
199977,dct_high_nontargeted_white_box_eps0.0627_iter16,1.0000000000000002,0.5000000000000001,0.94857526,42.38459268262073,0.9918738603591919,0.994498074054718,0.3214346170425415,0.10721039772033691,376589,0.011250233,0.0061286939308047295,0.006100867874920368,0.006116006523370743
384350,dct_high_nontargeted_white_box_eps0.0627_iter4,0.5454545454545455,0.27272727272727276,0.9941799,50.891915281415336,0.9991470575332642,0.9996631145477295,0.09015949070453644,0.007473111152648926,243821,0.0041934,0.002209020545706153,0.0022018286399543285,0.0022192306350916624
383621,dct_high_nontargeted_white_box_eps0.0627_iter3,1.0000000000000002,0.5000000000000001,0.9922321,50.93858335380205,0.9988070726394653,0.9992004036903381,0.1717558652162552,0.016338348388671875,253298,0.0045709563,0.002546079456806183,0.00253988616168499,0.0025538085028529167
412894,dct_high_nontargeted_white_box_eps0.0627_iter5,0.3484848484848485,0.2696608946608947,0.9890244,46.99636560348032,0.9985442161560059,0.9995189309120178,0.13879916071891785,0.012840032577514648,348005,0.0071241064,0.0039354548789560795,0.003936161752790213,0.003931948449462652
537153,dct_high_nontargeted_white_box_eps0.0627_iter4,0.5000000000000001,0.3333333333333334,0.9910741,48.487117130211594,0.9985809326171875,0.9996470212936401,0.1763765811920166,0.029404819011688232,330282,0.0059817494,0.003251052461564541,0.0032500445377081633,0.003248718334361911
361103,dct_high_nontargeted_white_box_eps0.0627_iter1,0.12987012987012989,0.1168831168831169,0.9991391,58.08927828811868,0.9998816847801208,0.9999666213989258,0.014052552171051502,0.0003905296325683594,247046,0.0021511577,0.001236982294358313,0.0012391958152875304,0.0012382710119709373
392722,dct_high_nontargeted_white_box_eps0.0627_iter9,0.4545454545454547,0.40909090909090917,0.9733615,42.53199336600226,0.9958847761154175,0.9987939596176147,0.21997198462486267,0.03844118118286133,385611,0.011792303,0.006498210597783327,0.006451391614973545,0.006509916391223669
338560,dct_high_nontargeted_white_box_eps0.0627_iter5,0.6060606060606062,0.5000000000000001,0.99078685,47.39100243190114,0.9986789226531982,0.9995564818382263,0.09546135365962982,0.007197976112365723,335567,0.00671229,0.0037236162461340427,0.0037110652774572372,0.003730031894519925
264535,dct_high_nontargeted_white_box_eps0.0627_iter1,0.21212121212121215,0.15909090909090912,0.99967974,58.07634293849997,0.9999655485153198,0.9999805092811584,0.0012160108890384436,0.00014913082122802734,259676,0.0021582418,0.001238210592418909,0.00123654177878052,0.0012507750652730465
295231,dct_high_nontargeted_white_box_eps0.0627_iter7,0.18181818181818182,0.14848484848484847,0.9894156,44.773003502106675,0.9984827041625977,0.9995794892311096,0.11157731711864471,0.012156546115875244,370899,0.009117827,0.005003688856959343,0.004997964017093182,0.004999473225325346
154947,dct_high_nontargeted_white_box_eps0.0627_iter4,1.0000000000000002,0.5000000000000001,0.9940861,48.174728713683386,0.9989902377128601,0.9997725486755371,0.10830558091402054,0.012354433536529541,354311,0.0063462877,0.003433416597545147,0.003429415635764599,0.0034368173219263554
212559,dct_high_nontargeted_white_box_eps0.0627_iter4,0.8181818181818183,0.45000000000000007,0.9955279,48.45700246026343,0.9993712306022644,0.9997632503509521,0.06339097023010254,0.007313251495361328,344545,0.006093793,0.003290346823632717,0.003276437520980835,0.003292754525318742
130599,dct_high_nontargeted_white_box_eps0.0627_iter1,1.0000000000000002,0.5000000000000001,0.9992382,58.037698724617606,0.9998873472213745,0.9999724626541138,0.011858855374157429,0.00029462575912475586,259696,0.0021709446,0.0012526982463896275,0.0012534218840301037,0.0012527016224339604
227187,dct_high_nontargeted_white_box_eps0.0627_iter8,0.2272727272727273,0.10909090909090911,0.98603153,44.25352171719703,0.9979208707809448,0.9994032382965088,0.12731434404850006,0.02511143684387207,371435,0.009539972,0.0051633757539093494,0.00515519455075264,0.005176906008273363
523811,dct_high_nontargeted_white_box_eps0.0627_iter3,1.0000000000000002,0.3333333333333334,0.995286,51.310121508989475,0.9993412494659424,0.999811053276062,0.1014174222946167,0.010153532028198242,256061,0.004349619,0.002408900298178196,0.0024107112549245358,0.0024250992573797703
456559,dct_high_nontargeted_white_box_eps0.0627_iter3,1.0000000000000002,0.6666666666666669,0.99420637,51.409649143696484,0.9991425275802612,0.999588131904602,0.10745218396186829,0.01180356740951538,250022,0.0042706085,0.002384115708991885,0.002377498196437955,0.002382982987910509
101068,dct_high_nontargeted_white_box_eps0.0627_iter3,0.5000000000000001,0.4000000000000001,0.99516296,50.429634176891234,0.9992548823356628,0.9997793436050415,0.1239384263753891,0.00892782211303711,253156,0.004912123,0.0027439154218882322,0.0027432211209088564,0.002751789055764675
140640,dct_high_nontargeted_white_box_eps0.0627_iter3,0.4545454545454547,0.40909090909090917,0.994627,50.55944516813022,0.999194860458374,0.9997309446334839,0.12061746418476105,0.010773658752441406,249121,0.004810992,0.0027027809992432594,0.0026873776223510504,0.0026834108866751194
516708,dct_high_nontargeted_white_box_eps0.0627_iter2,1.0000000000000002,0.5000000000000001,0.9971517,53.40504702844352,0.9996176958084106,0.999859094619751,0.060919567942619324,0.0025617480278015137,193540,0.0034049386,0.0018357145600020885,0.0018056075787171721,0.0018249622080475092
385190,dct_high_nontargeted_white_box_eps0.0627_iter1,0.21212121212121215,0.1414141414141414,0.9991999,58.0348629628569,0.9998893141746521,0.9999657869338989,0.012473251670598984,0.0006501078605651855,249377,0.002171711,0.0012537987204268575,0.0012538133887574077,0.0012536633294075727
338986,dct_high_nontargeted_white_box_eps0.0627_iter1,0.8181818181818183,0.5454545454545455,0.99884254,58.041536549121275,0.9998242259025574,0.9999133944511414,0.007662885822355747,0.0007624626159667969,242779,0.0021698102,0.001250170054845512,0.0012529349187389016,0.001252420130185783
53994,dct_high_nontargeted_white_box_eps0.0627_iter2,0.5000000000000001,0.12121212121212122,0.99792415,53.41449807610654,0.9996985197067261,0.999911904335022,0.030826035887002945,0.0011840462684631348,195247,0.0033944035,0.0018207483226433396,0.0018111317185685039,0.001818486605770886
152740,dct_high_nontargeted_white_box_eps0.0627_iter1,0.6883116883116883,0.6782106782106782,0.99908215,58.03496769208101,0.9998542070388794,0.999973475933075,0.020775647833943367,0.000929415225982666,255880,0.002171722,0.001253696857020259,0.0012538209557533264,0.0012536817230284214
24919,dct_high_nontargeted_white_box_eps0.0627_iter4,1.0000000000000002,0.27272727272727276,0.9918141,49.220084714454934,0.9986852407455444,0.9995670318603516,0.16777528822422028,0.019228219985961914,304287,0.005398043,0.0029059050139039755,0.0028965759556740522,0.0029173085931688547
79837,dct_high_nontargeted_white_box_eps0.0627_iter2,0.18181818181818182,0.12121212121212122,0.9962303,53.36686105812607,0.9994136095046997,0.9995443224906921,0.07117246091365814,0.004321575164794922,186151,0.0034005682,0.0018395180813968182,0.0018331115134060383,0.0018372139893472195
21903,dct_high_nontargeted_white_box_eps0.0627_iter2,1.0000000000000002,0.6666666666666669,0.9980623,53.135982220905206,0.999710738658905,0.9999291300773621,0.06085198000073433,0.0021570920944213867,210975,0.0036160564,0.0019680471159517765,0.0019328524358570576,0.0019157615024596453
564133,dct_high_nontargeted_white_box_eps0.0627_iter2,0.6363636363636365,0.28701298701298705,0.99692726,53.2319394510347,0.999513566493988,0.9997072219848633,0.10779089480638504,0.0053931474685668945,205063,0.003534106,0.0018974916310980916,0.0018826426239684224,0.0019031583797186613
110638,dct_high_nontargeted_white_box_eps0.0627_iter9,0.6363636363636365,0.5,0.98186564,44.11607578151846,0.9968990683555603,0.9990694522857666,0.17299175262451172,0.03113579750061035,369667,0.009592703,0.005261165089905262,0.005252179689705372,0.00527577567845583
34139,dct_high_nontargeted_white_box_eps0.0627_iter1,0.3333333333333334,0.25000000000000006,0.9992385,58.066290439703614,0.999896228313446,0.9999659061431885,0.01110624149441719,0.0002536177635192871,247769,0.0021620165,0.0012447107583284378,0.001243442646227777,0.0012460165889933705
80340,dct_high_nontargeted_white_box_eps0.0627_iter40,0.10389610389610392,0.1027968763262881,0.89701277,34.44268039392882,0.983831524848938,0.9932705163955688,0.2812199890613556,0.075065016746521,406029,0.028151434,0.014972584322094917,0.014811396598815918,0.015460396185517311
83113,dct_high_nontargeted_white_box_eps0.0627_iter4,0.5454545454545455,0.5000000000000001,0.99426967,48.60353596191146,0.9991384744644165,0.9997696876525879,0.10565682500600815,0.012376606464385986,336415,0.0059440364,0.003212145296856761,0.003186100162565708,0.00320006487891078
255664,dct_high_nontargeted_white_box_eps0.0627_iter14,1.0000000000000002,0.6666666666666669,0.97868544,40.38809002690571,0.9967222213745117,0.9991540908813477,0.14726777374744415,0.03148770332336426,395018,0.014755644,0.007952965795993805,0.007929766550660133,0.007989288307726383
72813,dct_high_nontargeted_white_box_eps0.0627_iter4,0.6666666666666669,0.5000000000000001,0.9929374,49.25736929086389,0.9989091753959656,0.9995516538619995,0.11206413805484772,0.010929882526397705,299977,0.005348867,0.0028923049103468657,0.0028730814810842276,0.0028903093189001083
545129,dct_high_nontargeted_white_box_eps0.0627_iter4,1.0000000000000002,0.5000000000000001,0.9932826,48.60360202796422,0.9989354014396667,0.9997280240058899,0.10080019384622574,0.007163107395172119,332445,0.005926257,0.0032016776967793703,0.003188008675351739,0.003211296396329999
546011,dct_high_nontargeted_white_box_eps0.0627_iter2,1.0000000000000002,0.6363636363636365,0.9978197,52.90078523103196,0.9996618032455444,0.9999423623085022,0.09063467383384705,0.0038889646530151367,228620,0.003774678,0.0020483292173594236,0.002043650485575199,0.0020416760817170143
121031,dct_high_nontargeted_white_box_eps0.0627_iter11,0.6363636363636365,0.4848484848484849,0.98048145,40.966695833803314,0.9966912269592285,0.9991660714149475,0.16168026626110077,0.034974515438079834,396067,0.014215943,0.007719844579696655,0.007677834015339613,0.0077525051310658455
369081,dct_high_nontargeted_white_box_eps0.0627_iter2,1.0000000000000002,0.5000000000000001,0.9963768,53.03957204414952,0.9994336366653442,0.9997897744178772,0.10531795024871826,0.005222201347351074,205426,0.0036487388,0.001990709686651826,0.001977928914129734,0.0019720483105629683
509131,dct_high_nontargeted_white_box_eps0.0627_iter1,0.25000000000000006,0.20000000000000004,0.9986746,58.061726560213565,0.9998151659965515,0.9999193549156189,0.02009463682770729,0.0008779168128967285,241806,0.002161694,0.0012492722598835826,0.0012491497909650207,0.0012396806851029396
578922,dct_high_nontargeted_white_box_eps0.0627_iter12,0.20000000000000004,0.18371212121212122,0.9719021,42.00624547492158,0.9964054822921753,0.9983792901039124,0.06765171885490417,0.012647092342376709,381666,0.012085688,0.006713470444083214,0.00644852826371789,0.006393932271748781
464089,dct_high_nontargeted_white_box_eps0.0627_iter6,0.6136363636363638,0.5060606060606062,0.9893019,45.09752260435277,0.9983086585998535,0.9994954466819763,0.1171218603849411,0.013814926147460938,375338,0.008954931,0.004890453070402145,0.004869106225669384,0.00489260908216238
453708,dct_high_nontargeted_white_box_eps0.0627_iter2,0.4090909090909091,0.3863636363636364,0.99723,53.74083395549627,0.9996045827865601,0.9998781085014343,0.08050819486379623,0.0032387971878051758,175689,0.0031483648,0.0016868020175024867,0.001684404443949461,0.0016895441804081202
261116,dct_high_nontargeted_white_box_eps0.0627_iter4,0.16363636363636364,0.09090909090909091,0.9924836,48.63750393968773,0.9989721179008484,0.9996638298034668,0.10652334988117218,0.009829521179199219,323172,0.0058446936,0.00317310425452888,0.0031643917318433523,0.003189672250300646
29640,dct_high_nontargeted_white_box_eps0.0627_iter6,0.20454545454545456,0.20404040404040408,0.9862623,45.336997863084775,0.9982770681381226,0.9994370341300964,0.1700422614812851,0.022727489471435547,364814,0.008591115,0.004682860802859068,0.004680574871599674,0.004740532021969557
308430,dct_high_nontargeted_white_box_eps0.0627_iter3,0.20000000000000004,0.10606060606060608,0.996185,50.49797952317267,0.9994827508926392,0.9998264312744141,0.07243578135967255,0.0060749053955078125,249748,0.0048640133,0.002724508987739682,0.002721368568018079,0.0026937127113342285
43314,dct_high_nontargeted_white_box_eps0.0627_iter1,0.12121212121212122,0.045454545454545456,0.99890524,58.229007210624566,0.9998784065246582,0.9999611973762512,0.012969978153705597,0.0003857612609863281,225920,0.0020859304,0.0011984731536358595,0.0011983568547293544,0.001200013211928308
273715,dct_high_nontargeted_white_box_eps0.0627_iter2,0.3636363636363637,0.34090909090909094,0.99619967,53.1365117391228,0.9995344877243042,0.9998556971549988,0.07302252948284149,0.0024083852767944336,194378,0.0035730293,0.0019417661242187023,0.0019371111411601305,0.0019394003320485353
475064,dct_high_nontargeted_white_box_eps0.0627_iter3,0.18181818181818182,0.15909090909090912,0.9949524,50.66527698285142,0.9993078708648682,0.9998050332069397,0.1189168319106102,0.012748241424560547,242879,0.0047307755,0.0026497317012399435,0.0026496262289583683,0.0026221629232168198
137246,dct_high_nontargeted_white_box_eps0.0627_iter10,0.21212121212121215,0.20681818181818185,0.970594,42.905317153914126,0.9957965612411499,0.9987044334411621,0.23378977179527283,0.032217442989349365,377598,0.010992023,0.005973861087113619,0.005944843403995037,0.006030133925378323
226147,dct_high_nontargeted_white_box_eps0.0627_iter6,0.2587412587412588,0.24708624708624707,0.9860999,46.02675084975406,0.9981161952018738,0.9992936849594116,0.1210651844739914,0.010090768337249756,352261,0.0078106155,0.004261611960828304,0.004227777943015099,0.0042360094375908375
127517,dct_high_nontargeted_white_box_eps0.0627_iter2,0.31818181818181823,0.29545454545454547,0.99802303,53.40368803340109,0.9997055530548096,0.999904215335846,0.05327807366847992,0.0029380321502685547,197332,0.0034123538,0.0018240633653476834,0.0018258284544572234,0.001818532939068973
162092,dct_high_nontargeted_white_box_eps0.0627_iter4,0.13636363636363638,0.09643898881866794,0.9930509,49.159940660741064,0.998989999294281,0.9996221661567688,0.034182410687208176,0.006010711193084717,300075,0.0054056966,0.0029402037616819143,0.0029191477224230766,0.0029024758841842413
366611,dct_high_nontargeted_white_box_eps0.0627_iter1,1.0000000000000002,0.6666666666666669,0.9994677,58.0614944127153,0.9999181628227234,0.9999796152114868,0.0081458929926157,0.0003364086151123047,273103,0.0021630772,0.0012464288156479597,0.0012425744207575917,0.0012492974055930972
551439,dct_high_nontargeted_white_box_eps0.0627_iter2,0.3333333333333334,0.25000000000000006,0.99680525,53.465613459283134,0.9995846748352051,0.999868631362915,0.05754798278212547,0.002385735511779785,184535,0.0033625022,0.0018063614843413234,0.001796508440747857,0.0017934361239895225
474167,dct_high_nontargeted_white_box_eps0.0627_iter4,0.3818181818181819,0.3766233766233767,0.99156874,48.566153534220675,0.9988282918930054,0.9996251463890076,0.12645184993743896,0.008036494255065918,328801,0.0059240162,0.0032322669867426157,0.0032035817857831717,0.0031875839922577143
554735,dct_high_nontargeted_white_box_eps0.0627_iter5,0.5000000000000001,0.1666666666666667,0.98907334,48.01309653491167,0.9984642267227173,0.9994826316833496,0.14265704154968262,0.013520956039428711,317935,0.006181763,0.003432808443903923,0.0034173927269876003,0.0034396471455693245
386352,dct_high_nontargeted_white_box_eps0.0627_iter1,0.5454545454545455,0.20454545454545459,0.9990196,58.044067250173455,0.9998630881309509,0.9999639391899109,0.01653231680393219,0.000620722770690918,240959,0.0021691732,0.0012480589793995023,0.0012525144265964627,0.0012527498183771968
173004,dct_high_nontargeted_white_box_eps0.0627_iter10,0.19480519480519481,0.14876033057851243,0.9778605,42.33057172439291,0.9970793724060059,0.9989473223686218,0.14264407753944397,0.025581538677215576,385100,0.011926609,0.006458091549575329,0.006482264492660761,0.006454457528889179
311394,dct_high_nontargeted_white_box_eps0.0627_iter4,0.5000000000000001,0.20000000000000004,0.993596,49.18801451321717,0.9990085363388062,0.9995717406272888,0.08547402918338776,0.003329157829284668,303884,0.005404506,0.0029103062115609646,0.0029129984322935343,0.0029086703434586525
578489,dct_high_nontargeted_white_box_eps0.0627_iter7,0.18181818181818185,0.18073593073593078,0.9826748,45.102827119089824,0.9976224899291992,0.9990979433059692,0.14719387888908386,0.02332383394241333,359771,0.008652241,0.00477191898971796,0.0047826203517615795,0.004768552724272013
189310,dct_high_nontargeted_white_box_eps0.0627_iter4,1.0000000000000002,0.5000000000000001,0.9917638,49.34134277885946,0.9988280534744263,0.9994956254959106,0.105044886469841,0.009936690330505371,291776,0.0052257646,0.0028484605718404055,0.002817169763147831,0.002800900023430586
448076,dct_high_nontargeted_white_box_eps0.0627_iter2,0.3333333333333334,0.25974025974025977,0.99703234,53.26735558700265,0.9995877146720886,0.9998497366905212,0.062396708875894547,0.0013582706451416016,191949,0.0034647458,0.0018795111682265997,0.0018759083468466997,0.0018841713899746537
293804,dct_high_nontargeted_white_box_eps0.0627_iter18,0.38636363636363646,0.380952380952381,0.9407483,40.585860991095764,0.9910609126091003,0.9962378740310669,0.29947805404663086,0.07933086156845093,386354,0.013778512,0.007509325165301561,0.007460321765393019,0.007549742236733437
221291,dct_high_nontargeted_white_box_eps0.0627_iter4,1.0000000000000002,0.6666666666666669,0.98748636,48.40532709610217,0.9981236457824707,0.998742938041687,0.23656661808490753,0.017086446285247803,338500,0.0060877353,0.0033008370082825422,0.0032890867441892624,0.0033141053281724453
141821,dct_high_nontargeted_white_box_eps0.0627_iter18,0.13636363636363638,0.1272727272727273,0.9549327,39.47989962944306,0.9936601519584656,0.9979631900787354,0.19269590079784393,0.03524947166442871,396353,0.016115857,0.0087008997797966,0.008628737181425095,0.008842704817652702
199310,dct_high_nontargeted_white_box_eps0.0627_iter5,1.0000000000000002,0.6666666666666669,0.9936574,48.24063400194662,0.9990655183792114,0.9997472763061523,0.10362350195646286,0.006215155124664307,322290,0.0060318448,0.003295096568763256,0.0033529940992593765,0.0032574862707406282
323151,dct_high_nontargeted_white_box_eps0.0627_iter2,0.6000000000000002,0.4285714285714287,0.9973402,53.33910000774245,0.9996249079704285,0.9998805522918701,0.04987788945436478,0.001183927059173584,202223,0.0034724125,0.0018937315326184034,0.0018358202651143074,0.00182801962364465
219283,dct_high_nontargeted_white_box_eps0.0627_iter2,0.3333333333333334,0.0,0.9967453,53.6746664246556,0.999547004699707,0.9998606443405151,0.035643793642520905,0.0031880736351013184,175407,0.0032048365,0.001708763069473207,0.0017083557322621346,0.0017192641971632838
471869,dct_high_nontargeted_white_box_eps0.0627_iter1,0.3333333333333334,0.25000000000000006,0.9992115,58.034295434936524,0.9998910427093506,0.999965250492096,0.0037835282273590565,0.00036978721618652344,247045,0.002171922,0.0012538189766928554,0.0012539807939901948,0.0012539554154500365
520264,dct_high_nontargeted_white_box_eps0.0627_iter3,0.3636363636363637,0.29752066115702486,0.99463683,50.42013759071335,0.999211311340332,0.9996835589408875,0.0965365469455719,0.010814189910888672,246349,0.0049015707,0.0027508302591741085,0.00273953378200531,0.0027393754571676254
111179,dct_high_nontargeted_white_box_eps0.0627_iter2,0.5454545454545455,0.5000000000000001,0.99694395,53.334937673831476,0.9995450377464294,0.9998507499694824,0.049750156700611115,0.004381120204925537,193654,0.003433714,0.0018534261034801602,0.0018484698375687003,0.0018484782194718719
151000,dct_high_nontargeted_white_box_eps0.0627_iter2,0.11363636363636365,0.09090909090909091,0.9969619,53.31657094841722,0.9995724558830261,0.9998708367347717,0.08471577614545822,0.005183696746826172,193215,0.003453078,0.0018649158300831914,0.0018522748723626137,0.0018584210192784667
100624,dct_high_nontargeted_white_box_eps0.0627_iter4,0.25000000000000006,0.18750000000000006,0.99147683,49.09225735317469,0.9988698363304138,0.9996697902679443,0.14554455876350403,0.021992385387420654,303655,0.0054653334,0.002985222963616252,0.0029360393527895212,0.0029231023509055376
332570,dct_high_nontargeted_white_box_eps0.0627_iter7,0.5000000000000001,0.3333333333333334,0.9859743,46.20196813114323,0.9981220960617065,0.9992700219154358,0.15825089812278748,0.017264187335968018,339053,0.0072830687,0.003988392185419798,0.003962332848459482,0.0040390328504145145
57238,dct_high_nontargeted_white_box_eps0.0627_iter2,0.6666666666666669,0.5000000000000001,0.9960785,53.404119655094746,0.999411940574646,0.9997345209121704,0.05782919004559517,0.005733609199523926,189079,0.003394142,0.0018239234341308475,0.0018182845087721944,0.0018201980274170637
135561,dct_high_nontargeted_white_box_eps0.0627_iter3,0.14285714285714288,0.10000000000000002,0.9944659,50.804754598238404,0.9991849660873413,0.9996711611747742,0.10536319017410278,0.010055184364318848,246451,0.004639742,0.0025978151243180037,0.002594285411760211,0.002594859804958105
173044,dct_high_nontargeted_white_box_eps0.0627_iter5,1.0000000000000002,0.5000000000000001,0.9884884,47.02005139797813,0.9982452392578125,0.9994398951530457,0.18814128637313843,0.01620042324066162,349472,0.007116452,0.003933620639145374,0.003921837545931339,0.003940606955438852
168458,dct_high_nontargeted_white_box_eps0.0627_iter1,0.5000000000000001,0.25000000000000006,0.9990077,58.03713186276607,0.9998425245285034,0.9999164938926697,0.005086003802716732,0.0005364418029785156,245607,0.0021710666,0.0012530124513432384,0.0012532493565231562,0.0012530487729236484
512194,dct_high_nontargeted_white_box_eps0.0627_iter1,1.0000000000000002,0.5000000000000001,0.9992618,58.156212199415656,0.9998984336853027,0.9999645948410034,0.009512154385447502,0.00042724609375,243375,0.0021311766,0.0012151588452979922,0.0012290944578126073,0.0012133788550272584
370042,dct_high_nontargeted_white_box_eps0.0627_iter1,0.2727272727272727,0.18181818181818182,0.9990613,58.03912202501563,0.9998611211776733,0.9999694228172302,0.021077359095215797,0.0009824037551879883,254426,0.0021705097,0.0012518280418589711,0.0012530216481536627,0.0012527531944215298
117645,dct_high_nontargeted_white_box_eps0.0627_iter1,0.5000000000000001,0.3333333333333334,0.9985612,58.03402542295082,0.9997776746749878,0.9998924136161804,0.01786528341472149,0.0017303228378295898,241664,0.002171996,0.00125397730153054,0.0012540040770545602,0.001254008966498077
221708,dct_high_nontargeted_white_box_eps0.0627_iter3,0.2575757575757576,0.21590909090909094,0.99509996,50.68512503850246,0.9992580413818359,0.9997296929359436,0.06902115046977997,0.0030472874641418457,245978,0.004718146,0.002645226428285241,0.002643798477947712,0.0026238583959639072
202228,dct_high_nontargeted_white_box_eps0.0627_iter2,1.0000000000000002,0.5000000000000001,0.9962921,53.545251916598176,0.9994408488273621,0.999753475189209,0.051419246941804886,0.0038144588470458984,180522,0.0032888895,0.0017627765191718936,0.0017566169844940305,0.0017703835619613528
403565,dct_high_nontargeted_white_box_eps0.0627_iter7,0.6666666666666669,0.5000000000000001,0.9858127,44.63692862970636,0.997794508934021,0.9994291067123413,0.14245927333831787,0.01516193151473999,372082,0.009297291,0.005076065193861723,0.0050693778321146965,0.005075628869235516
211042,dct_high_nontargeted_white_box_eps0.0627_iter2,0.5000000000000001,0.3333333333333334,0.9974899,53.65784274826914,0.9996198415756226,0.9999058246612549,0.04523716866970062,0.0017974376678466797,178870,0.0032192015,0.0017202156595885754,0.0017162663862109184,0.0017169953789561987
492878,dct_high_nontargeted_white_box_eps0.0627_iter2,0.20000000000000004,0.14285714285714288,0.99741906,53.66980274826694,0.9997066855430603,0.9998801350593567,0.009487682953476906,0.0007468461990356445,171699,0.0032118387,0.001699221902526915,0.0017355484887957573,0.0017259058076888323
441586,dct_high_nontargeted_white_box_eps0.0627_iter3,0.3636363636363637,0.29090909090909095,0.9943294,50.15399707947243,0.9991468191146851,0.9997338652610779,0.12902840971946716,0.008649468421936035,252666,0.005116342,0.002848387463018298,0.002862956142053008,0.0028744395822286606
547816,dct_high_nontargeted_white_box_eps0.0627_iter2,0.3333333333333334,0.25000000000000006,0.9966467,53.2674996491685,0.999494731426239,0.9998015761375427,0.0626038908958435,0.002726912498474121,191297,0.0034734658,0.0018766194116324186,0.001878573326393962,0.0018822429701685905
306733,dct_high_nontargeted_white_box_eps0.0627_iter2,0.13636363636363638,0.1090909090909091,0.99637604,53.193133981986236,0.9994680285453796,0.9996891021728516,0.08812342584133148,0.00721132755279541,192951,0.003521275,0.0019151900196447968,0.00191068509593606,0.001909392885863781
530099,dct_high_nontargeted_white_box_eps0.0627_iter4,0.5000000000000001,0.3333333333333334,0.99112004,49.81111045952972,0.9986838102340698,0.9992585778236389,0.19642555713653564,0.024097800254821777,274295,0.0049015977,0.0026387698017060757,0.0026312728878110647,0.0026494436897337437
97679,dct_high_nontargeted_white_box_eps0.0627_iter11,0.3333333333333334,0.3000000000000001,0.965785,41.99268848879108,0.9945285320281982,0.997909426689148,0.22975023090839386,0.05351066589355469,387465,0.012365415,0.006752931047230959,0.006736572366207838,0.006815312895923853
564127,dct_high_nontargeted_white_box_eps0.0627_iter3,1.0000000000000002,0.1666666666666667,0.99469453,51.26245916746524,0.999179482460022,0.9997195601463318,0.09350506961345673,0.006382107734680176,248224,0.0043547354,0.0024300343357026577,0.0024303451646119356,0.0024283898528665304
251065,dct_high_nontargeted_white_box_eps0.0627_iter3,1.0000000000000002,0.5000000000000001,0.9950245,51.703583240796334,0.9992935657501221,0.999744713306427,0.0635996162891388,0.004373431205749512,245921,0.0040938603,0.002291932236403227,0.0022861489560455084,0.0022744527086615562
3845,dct_high_nontargeted_white_box_eps0.0627_iter18,0.18181818181818185,0.16439393939393943,0.94837976,39.6337306748246,0.9930081367492676,0.998038113117218,0.20751194655895233,0.042540669441223145,395599,0.015769413,0.008606700226664543,0.008534620516002178,0.008591396734118462
205834,dct_high_nontargeted_white_box_eps0.0627_iter5,0.5000000000000001,0.4000000000000001,0.99129623,47.80758336065404,0.9986728429794312,0.9995862245559692,0.15194520354270935,0.008666753768920898,330736,0.0063784975,0.0035179974511265755,0.003503193845972419,0.0035306524951010942
166521,dct_high_nontargeted_white_box_eps0.0627_iter1,0.3333333333333334,0.25000000000000006,0.9988068,58.04547599274031,0.9998205900192261,0.9999368786811829,0.017921455204486847,0.0014947056770324707,243338,0.0021686093,0.0012519157025963068,0.001251321635209024,0.0012488680658861995
485802,dct_high_nontargeted_white_box_eps0.0627_iter7,1.0000000000000002,0.5000000000000001,0.979502,46.720830380349874,0.9968404173851013,0.9979370832443237,0.3012635111808777,0.05934011936187744,338822,0.0070519657,0.003887667553499341,0.0038578109815716743,0.0038869413547217846
22969,dct_high_nontargeted_white_box_eps0.0627_iter6,1.0000000000000002,0.5000000000000001,0.99125093,45.95614860161249,0.9986173510551453,0.9996246099472046,0.11105883121490479,0.01714378595352173,359688,0.007940001,0.0043001496233046055,0.004285293631255627,0.004288719967007637
278353,dct_high_nontargeted_white_box_eps0.0627_iter4,1.0000000000000002,0.5000000000000001,0.99778223,49.610533524684044,0.9996793270111084,0.9998492002487183,0.01348691526800394,0.0015673637390136719,305495,0.005129099,0.0026900589000433683,0.0026856535114347935,0.0026965728029608727
158548,dct_high_nontargeted_white_box_eps0.0627_iter22,0.14545454545454545,0.12987012987012989,0.9417909,37.43769458324906,0.9901394844055176,0.9967566132545471,0.18943855166435242,0.047748863697052,401763,0.020353716,0.011000173166394234,0.010941431857645512,0.011174564249813557
461405,dct_high_nontargeted_white_box_eps0.0627_iter10,0.8181818181818183,0.47510822510822515,0.9748676,42.46481030848696,0.9961976408958435,0.9992119669914246,0.1987801194190979,0.03487664461135864,382815,0.011683012,0.00638611800968647,0.0063389199785888195,0.006370726972818375
176606,dct_high_nontargeted_white_box_eps0.0627_iter7,0.5000000000000001,0.3333333333333334,0.9889069,44.66235230107395,0.9983099699020386,0.9994725584983826,0.11803124845027924,0.018650174140930176,373900,0.00925385,0.005079152062535286,0.005052889697253704,0.005066807381808758
44699,dct_high_nontargeted_white_box_eps0.0627_iter13,1.0000000000000002,0.9454545454545457,0.96164197,40.96580523149151,0.993565022945404,0.998197615146637,0.23518908023834229,0.052265048027038574,390443,0.01375499,0.007535623386502266,0.007477722130715847,0.007531540468335152
559956,dct_high_nontargeted_white_box_eps0.0627_iter4,0.25,0.1872727272727273,0.99412173,48.6080812148652,0.9991025924682617,0.999714195728302,0.09413409233093262,0.008918404579162598,330198,0.0059098173,0.0031991759315133095,0.003198225749656558,0.0032003684900701046
11197,dct_high_nontargeted_white_box_eps0.0627_iter1,0.3272727272727273,0.29696969696969694,0.9990334,58.041419672320984,0.9998557567596436,0.9999561309814453,0.017405010759830475,0.00044983625411987305,245861,0.0021698538,0.0012510637752711773,0.0012531912652775645,0.0012513571418821812
483667,dct_high_nontargeted_white_box_eps0.0627_iter3,0.6666666666666669,0.5000000000000001,0.9949359,51.76636582458141,0.9992443919181824,0.9997122287750244,0.08495858311653137,0.004790544509887695,246496,0.0040579657,0.0022688850294798613,0.0022692966740578413,0.0022642917465418577
448810,dct_high_nontargeted_white_box_eps0.0627_iter2,1.0000000000000002,0.5000000000000001,0.99741507,53.30933141338576,0.9996650218963623,0.9998947381973267,0.0517982542514801,0.005171060562133789,194383,0.0034629705,0.0018599609611555934,0.0018508858047425747,0.0018721497617661953
724,dct_high_nontargeted_white_box_eps0.0627_iter3,0.18181818181818185,0.13636363636363638,0.9947112,50.417840586276824,0.9992722868919373,0.9997692108154297,0.07375557720661163,0.003420710563659668,250461,0.0049209,0.0027493066154420376,0.002750466112047434,0.002750601852312684
51961,dct_high_nontargeted_white_box_eps0.0627_iter2,1.0000000000000002,0.5000000000000001,0.9980257,53.51724580596904,0.9997193813323975,0.9999205470085144,0.047359611839056015,0.002056300640106201,194177,0.0033564984,0.001779071637429297,0.0017741417977958918,0.0017761866329237819
302165,dct_high_nontargeted_white_box_eps0.0627_iter1,0.13636363636363635,0.0,0.99932534,58.06866192825992,0.9999008178710938,0.9999673366546631,0.011471042409539223,0.0005490779876708984,252847,0.0021590707,0.0012451517395675182,0.001244499348104,0.0012424786109477282
131131,dct_high_nontargeted_white_box_eps0.0627_iter5,0.5000000000000001,0.25000000000000006,0.98936677,47.39259077831051,0.9984750151634216,0.9994361996650696,0.14176329970359802,0.01344388723373413,338108,0.0067597143,0.003728325944393873,0.003723166650161147,0.0037560882046818733
98839,dct_high_nontargeted_white_box_eps0.0627_iter1,0.3333333333333334,0.25000000000000006,0.99903274,58.04575921722079,0.9998636245727539,0.9999524354934692,0.012195194140076637,0.0009493827819824219,245288,0.0021682694,0.0012523013865575194,0.0012504123151302338,0.001249136170372367
402992,dct_high_nontargeted_white_box_eps0.0627_iter2,0.5909090909090909,0.3454545454545455,0.9984018,52.955723478019905,0.999745786190033,0.9999328255653381,0.054068323224782944,0.0024847984313964844,221205,0.003731952,0.0020196642726659775,0.00201887683942914,0.0020183103624731302
240754,dct_high_nontargeted_white_box_eps0.0627_iter3,0.6363636363636365,0.5454545454545454,0.99576074,50.67357803936497,0.9993473887443542,0.9998449087142944,0.10834811627864838,0.006456196308135986,253396,0.0047450303,0.002642878796905279,0.002644276013597846,0.0026554649230092764
21167,dct_high_nontargeted_white_box_eps0.0627_iter4,0.5151515151515152,0.5113636363636365,0.9901051,49.34979058020911,0.9985066652297974,0.9991470575332642,0.15875686705112457,0.01657414436340332,289725,0.005227593,0.002832234837114811,0.0028244606219232082,0.002831872319802642
384468,dct_high_nontargeted_white_box_eps0.0627_iter13,0.5151515151515152,0.490909090909091,0.97255653,40.838328241655674,0.995697021484375,0.9984508752822876,0.1675219088792801,0.03842371702194214,387723,0.013858285,0.007535952143371105,0.007526346016675234,0.007612895220518112
253742,dct_high_nontargeted_white_box_eps0.0627_iter10,0.23636363636363641,0.23287959812023987,0.97870654,41.19872432268174,0.9966777563095093,0.9987314343452454,0.13296401500701904,0.023679077625274658,394875,0.013928881,0.007597565185278654,0.007555505260825157,0.007584439590573311
186873,dct_high_nontargeted_white_box_eps0.0627_iter12,0.13636363636363635,0.1279602750190986,0.97431237,42.12425884444638,0.9964388608932495,0.9990413188934326,0.13546985387802124,0.02374899387359619,381821,0.011944506,0.00648267287760973,0.006427633110433817,0.006524403113871813
82180,dct_high_nontargeted_white_box_eps0.0627_iter4,0.5000000000000001,0.20000000000000004,0.9938824,48.71527172086766,0.9991403818130493,0.9997555017471313,0.1284957230091095,0.008249044418334961,324907,0.005810189,0.00314219924621284,0.003128157462924719,0.003148068441078067
446522,dct_high_nontargeted_white_box_eps0.0627_iter3,0.25000000000000006,0.20000000000000004,0.9947,50.62900792866617,0.9992607831954956,0.9997326135635376,0.07300348579883575,0.0053386688232421875,250237,0.004770065,0.002667111111804843,0.002656178083270788,0.002668007044121623
552902,dct_high_nontargeted_white_box_eps0.0627_iter15,1.0000000000000002,0.3333333333333334,0.9703668,39.7799735714605,0.995130717754364,0.9990274906158447,0.19358663260936737,0.03981292247772217,397985,0.015927419,0.008606556802988052,0.008562155067920685,0.008620653301477432
125405,dct_high_nontargeted_white_box_eps0.0627_iter12,0.5000000000000001,0.4000000000000001,0.9762623,42.12753652020382,0.9961618185043335,0.9990794062614441,0.1828489452600479,0.03295165300369263,384813,0.011978686,0.0064580487087368965,0.00645104655995965,0.0065027750097215176
110211,dct_high_nontargeted_white_box_eps0.0627_iter3,0.5454545454545455,0.40909090909090917,0.9946678,50.01506608940992,0.9990876913070679,0.9998252987861633,0.18131130933761597,0.014686048030853271,257799,0.005232502,0.0029357594903558493,0.0029244618490338326,0.0029191181529313326
16010,dct_high_nontargeted_white_box_eps0.0627_iter4,0.18181818181818185,0.13636363636363638,0.99390775,48.25012385754793,0.9990276098251343,0.9996700286865234,0.11089697480201721,0.01715564727783203,349825,0.0062624747,0.0033963515888899565,0.003375908825546503,0.0033841098193079233
64462,dct_high_nontargeted_white_box_eps0.0627_iter3,1.0000000000000002,0.6666666666666669,0.994211,50.96207358508853,0.9991763830184937,0.999686598777771,0.08361907303333282,0.010228157043457031,250904,0.004552747,0.002525035757571459,0.0025225006975233555,0.0025490352418273687
314182,dct_high_nontargeted_white_box_eps0.0627_iter2,0.6363636363636364,0.4772727272727273,0.996891,53.27434589555871,0.9995776414871216,0.9998639822006226,0.05068318545818329,0.0013332962989807129,199309,0.0034912112,0.0018808686872944236,0.0018672550795599818,0.0018801961559802294
68387,dct_high_nontargeted_white_box_eps0.0627_iter3,0.6666666666666669,0.6363636363636365,0.99499005,51.19372011406323,0.9992349147796631,0.9997494220733643,0.08606290817260742,0.00670933723449707,245098,0.004384841,0.0024582042824476957,0.0024481359869241714,0.002455722074955702
345466,dct_high_nontargeted_white_box_eps0.0627_iter49,0.2272727272727273,0.22021349862258957,0.8584893,34.000407491934624,0.9784504771232605,0.9927551746368408,0.283669650554657,0.06950056552886963,406632,0.029365472,0.01572839915752411,0.015474343672394753,0.016301732510328293
352900,dct_high_nontargeted_white_box_eps0.0627_iter11,0.31818181818181823,0.24819624819624822,0.9658327,42.13049775582532,0.9949766993522644,0.9984470009803772,0.2248898446559906,0.047564029693603516,383318,0.012041939,0.006646620109677315,0.00662187859416008,0.006588045507669449
118367,dct_high_nontargeted_white_box_eps0.0627_iter6,0.25000000000000006,0.14285714285714288,0.98661256,46.9536925366032,0.9980266094207764,0.999305248260498,0.18379747867584229,0.015880942344665527,333607,0.006896993,0.003724783891811967,0.003707614727318287,0.003727442817762494
113235,dct_high_nontargeted_white_box_eps0.0627_iter1,0.25000000000000006,0.20000000000000004,0.9993613,58.04727262600237,0.9999042749404907,0.999970555305481,0.00896809808909893,0.00036025047302246094,254414,0.002167816,0.001250340137630701,0.001251811976544559,0.0012484011240303516
163640,dct_high_nontargeted_white_box_eps0.0627_iter4,0.40909090909090917,0.3333333333333334,0.99419504,48.50968843843863,0.9991068840026855,0.9997156262397766,0.10467977821826935,0.010025739669799805,334371,0.0059976145,0.003239290090277791,0.0032356686424463987,0.003253769828006625
1490,dct_high_nontargeted_white_box_eps0.0627_iter6,0.5000000000000001,0.3333333333333334,0.98279047,45.5473244265514,0.9971499443054199,0.9989234805107117,0.2881980240345001,0.07830822467803955,364146,0.008366439,0.004545917734503746,0.004548885393887758,0.0045798178762197495
329456,dct_high_nontargeted_white_box_eps0.0627_iter9,0.13636363636363638,0.12240259740259743,0.9742761,43.03352034834429,0.9962455034255981,0.9988279342651367,0.2052920162677765,0.040032029151916504,377069,0.010991083,0.005999356508255005,0.005963705945760012,0.00611907197162509
570471,dct_high_nontargeted_white_box_eps0.0627_iter8,0.1666666666666667,0.1351010101010101,0.9791813,44.292326062720456,0.997565746307373,0.9992064237594604,0.15137486159801483,0.019040286540985107,364181,0.0094114,0.005130254663527012,0.005090185906738043,0.005125496536493301
260470,dct_high_nontargeted_white_box_eps0.0627_iter10,0.29545454545454547,0.2554112554112554,0.97442645,42.82508712368685,0.9966884851455688,0.9990790486335754,0.20601117610931396,0.03284263610839844,376224,0.011071742,0.0060567958280444145,0.0060212267562747,0.005971940234303474
193494,dct_high_nontargeted_white_box_eps0.0627_iter2,1.0000000000000002,0.0,0.9977252,53.43803876518404,0.9996623992919922,0.9999142289161682,0.05032214894890785,0.002007007598876953,192162,0.0033840486,0.001809821929782629,0.0018009641207754612,0.0018100971356034279
252776,dct_high_nontargeted_white_box_eps0.0627_iter2,0.3333333333333334,0.25000000000000006,0.9967225,53.589174593639356,0.9995337724685669,0.9998600482940674,0.05780543386936188,0.002729058265686035,180294,0.003259421,0.0017511798068881035,0.0017402514349669218,0.001743544009514153
201072,dct_high_nontargeted_white_box_eps0.0627_iter1,1.0000000000000002,0.8142857142857144,0.99902433,58.04091338919658,0.999858558177948,0.999968945980072,0.006633128505200148,0.0005105137825012207,247692,0.0021699052,0.0012515356065705419,0.001252821646630764,0.00125169160310179
18150,dct_high_nontargeted_white_box_eps0.0627_iter2,0.5090909090909091,0.4242424242424243,0.9974044,53.29047854271849,0.9996091723442078,0.9998596906661987,0.055591609328985214,0.003064393997192383,190534,0.003460104,0.0018673394806683064,0.0018693784950301051,0.001870717154815793
337498,dct_high_nontargeted_white_box_eps0.0627_iter27,0.18181818181818185,0.1623376623376623,0.93539304,37.50204763022144,0.9916173815727234,0.997124195098877,0.2125001847743988,0.037288129329681396,396903,0.019701477,0.010740607976913452,0.010601622052490711,0.010717201046645641
518770,dct_high_nontargeted_white_box_eps0.0627_iter2,0.27272727272727276,0.20909090909090913,0.99665284,53.20942700313043,0.9995125532150269,0.9998467564582825,0.07453840225934982,0.002550184726715088,195545,0.0035236836,0.0019035062287002802,0.0018994180718436837,0.0019102537771686912
201646,dct_high_nontargeted_white_box_eps0.0627_iter13,0.25000000000000006,0.1666666666666667,0.9621952,42.46738448473687,0.993966817855835,0.9971506595611572,0.23420071601867676,0.06718266010284424,375302,0.0112842545,0.0062152124010026455,0.006164817605167627,0.006275083404034376
36936,dct_high_nontargeted_white_box_eps0.0627_iter4,0.20202020202020204,0.14049586776859505,0.99160594,48.48342536862968,0.9986560344696045,0.999561607837677,0.16040264070034027,0.01727062463760376,325498,0.0059678038,0.0032642835285514593,0.003251041518524289,0.0032453779131174088
59044,dct_high_nontargeted_white_box_eps0.0627_iter1,0.11363636363636363,0.08333333333333333,0.9988826,58.03761749572534,0.9998401999473572,0.9999405741691589,0.019454948604106903,0.0010083317756652832,242533,0.0021708906,0.0012530263047665358,0.0012533168774098158,0.0012525689089670777
172946,dct_high_nontargeted_white_box_eps0.0627_iter2,0.12121212121212122,0.09090909090909091,0.9970773,53.39849994996085,0.9995864629745483,0.9998753666877747,0.055637724697589874,0.002155900001525879,189732,0.0033935178,0.0018245598766952753,0.0018204360967501998,0.0018245200626552105
532690,dct_high_nontargeted_white_box_eps0.0627_iter9,0.12121212121212122,0.07327823691460053,0.97813416,43.594222659009,0.9966385364532471,0.9986870884895325,0.12796318531036377,0.024097740650177002,373840,0.01022743,0.0056138839572668076,0.00559533666819334,0.00564291886985302
323895,dct_high_nontargeted_white_box_eps0.0627_iter5,0.7727272727272729,0.5151515151515152,0.98858696,47.30355348235993,0.998083233833313,0.9992464184761047,0.11200324445962906,0.018708467483520508,334367,0.0067970897,0.0037740753032267094,0.003769472474232316,0.003782249055802822
384670,dct_high_nontargeted_white_box_eps0.0627_iter4,0.6666666666666669,0.5000000000000001,0.9917333,48.77736771410617,0.9985172152519226,0.9995124340057373,0.10270561277866364,0.008884072303771973,315598,0.005715817,0.0031081216875463724,0.0031117319595068693,0.003098957007750869
50326,dct_high_nontargeted_white_box_eps0.0627_iter2,0.3333333333333334,0.25000000000000006,0.99693984,53.52728073261065,0.9995538592338562,0.9998791813850403,0.06994366645812988,0.0034297704696655273,187159,0.0033188714,0.0017681745812296867,0.0017704479396343231,0.0017710202373564243
205542,dct_high_nontargeted_white_box_eps0.0627_iter2,1.0000000000000002,0.5000000000000001,0.99807334,53.59517015451516,0.9997264742851257,0.9999428391456604,0.03458060324192047,0.001335740089416504,194818,0.003305845,0.001741258311085403,0.0017428030259907246,0.001743640168569982
217957,dct_high_nontargeted_white_box_eps0.0627_iter3,1.0000000000000002,0.5000000000000001,0.9965151,50.82117677464537,0.9994893074035645,0.9998494386672974,0.0685867965221405,0.0030530691146850586,261976,0.0046059154,0.002560320310294628,0.002549422439187765,0.002542319241911173
162035,dct_high_nontargeted_white_box_eps0.0627_iter3,0.4545454545454546,0.30303030303030304,0.9953387,51.03522543720302,0.9993062019348145,0.9997648000717163,0.0868057906627655,0.005506277084350586,248767,0.004496371,0.002511079888790846,0.0025094253942370415,0.0025133355520665646
415727,dct_high_nontargeted_white_box_eps0.0627_iter4,0.15909090909090912,0.12499999999999996,0.9923387,48.439522083424144,0.998917281627655,0.9996922612190247,0.11158941686153412,0.01054072380065918,330905,0.0060289847,0.003290874883532524,0.0032800263725221157,0.0032954474445432425
182021,dct_high_nontargeted_white_box_eps0.0627_iter6,0.21212121212121215,0.15909090909090912,0.9849794,47.606325766784174,0.9976645708084106,0.9992406368255615,0.25553765892982483,0.04310578107833862,313190,0.0062758564,0.0033889187034219503,0.0033700005151331425,0.003390434430912137
90284,dct_high_nontargeted_white_box_eps0.0627_iter13,0.5000000000000001,0.25000000000000006,0.9685459,42.74821484095578,0.9956005811691284,0.9981145858764648,0.11952043324708939,0.013135075569152832,368047,0.010792842,0.0059183938428759575,0.0059433020651340485,0.0059949131682515144
286553,dct_high_nontargeted_white_box_eps0.0627_iter11,0.2626262626262627,0.2489177489177489,0.9709945,42.30386672191183,0.9956492781639099,0.9982777237892151,0.17937159538269043,0.042633056640625,380035,0.011718428,0.006445365957915783,0.006433981470763683,0.006498776841908693
488736,dct_high_nontargeted_white_box_eps0.0627_iter5,1.0000000000000002,0.5000000000000001,0.9932712,47.045158955375626,0.9990296363830566,0.999706506729126,0.0968775749206543,0.01682424545288086,352021,0.007082573,0.0038967791479080915,0.0038763401098549366,0.003929528873413801
63602,dct_high_nontargeted_white_box_eps0.0627_iter4,0.6666666666666669,0.5000000000000001,0.98974234,48.824207916196904,0.9984158277511597,0.9993959069252014,0.16731439530849457,0.021979331970214844,310780,0.0056627886,0.003087257035076618,0.003078519133850932,0.0030772241298109293
383386,dct_high_nontargeted_white_box_eps0.0627_iter2,0.5000000000000001,0.303030303030303,0.99792653,53.126126840282225,0.9996727705001831,0.9998936057090759,0.05976082384586334,0.002235889434814453,214055,0.0036169114,0.0019404360791668296,0.0019424924394115806,0.0019406049977988005
5060,dct_high_nontargeted_white_box_eps0.0627_iter3,0.5000000000000001,0.20000000000000004,0.9960932,50.50058461250111,0.9993630647659302,0.99973064661026,0.06323403120040894,0.0036611557006835938,249452,0.0048621823,0.0027195713482797146,0.0027153787668794394,0.0027042769361287355
579655,dct_high_nontargeted_white_box_eps0.0627_iter26,0.1666666666666667,0.1510695187165776,0.92339754,39.10748655753973,0.990057647228241,0.9963715076446533,0.2948382496833801,0.08692735433578491,381576,0.015930638,0.008637959137558937,0.008573848754167557,0.008787622675299644
550322,dct_high_nontargeted_white_box_eps0.0627_iter1,0.25000000000000006,0.20000000000000004,0.9992009,58.10462959294859,0.9998819231987,0.9999675750732422,0.004465119447559118,0.00034105777740478516,248126,0.00215205,0.0012488758657127619,0.0012489872751757503,0.0012034873943775892
213224,dct_high_nontargeted_white_box_eps0.0627_iter6,0.6666666666666669,0.6363636363636365,0.98595804,46.035673030059236,0.99796462059021,0.9993607997894287,0.1493600606918335,0.01517188549041748,351920,0.0078005106,0.004245179705321789,0.004229622893035412,0.004245259333401918
297578,dct_high_nontargeted_white_box_eps0.0627_iter4,0.25000000000000006,0.18939393939393945,0.99029785,49.2882537616393,0.9986952543258667,0.9995764493942261,0.2109629213809967,0.02198880910873413,290053,0.005272444,0.0028576108161360025,0.0028381007723510265,0.002858249004930258
458992,dct_high_nontargeted_white_box_eps0.0627_iter2,0.4000000000000001,0.3333333333333334,0.99750775,53.315342535601715,0.9996483325958252,0.9998936057090759,0.038162875920534134,0.0010677576065063477,193357,0.0034556857,0.0018507485510781407,0.001864901976659894,0.001862328383140266
164602,dct_high_nontargeted_white_box_eps0.0627_iter17,0.13636363636363638,0.08181818181818183,0.95594674,40.975538251032056,0.9934179186820984,0.9976913332939148,0.21476474404335022,0.04777705669403076,387414,0.013331653,0.007284496910870075,0.007219182793051004,0.00736625911667943
440475,dct_high_nontargeted_white_box_eps0.0627_iter29,0.15151515151515152,0.1479385142486747,0.9090402,36.2308525093087,0.9868285059928894,0.9947810769081116,0.28414419293403625,0.08676981925964355,403071,0.022894751,0.01238216832280159,0.012238793075084686,0.012519825249910355
101762,dct_high_nontargeted_white_box_eps0.0627_iter3,0.5000000000000001,0.0,0.99575084,51.13990310959423,0.9993890523910522,0.9997790455818176,0.07676658034324646,0.004495382308959961,251807,0.004438186,0.002473772270604968,0.0024700486101210117,0.0024768707808107138
557501,dct_high_nontargeted_white_box_eps0.0627_iter2,1.0000000000000002,0.3333333333333334,0.9970097,53.63718265407015,0.999573826789856,0.9998384714126587,0.061406999826431274,0.0032294392585754395,176126,0.0032167563,0.001725195674225688,0.0017250009113922715,0.0017268115188926458
203317,dct_high_nontargeted_white_box_eps0.0627_iter3,1.0000000000000002,0.5000000000000001,0.9965062,50.64743812801072,0.9994978904724121,0.9998396039009094,0.04838278144598007,0.0028441548347473145,253034,0.0047665,0.0026562137063592672,0.0026553976349532604,0.0026621364522725344
368940,dct_high_nontargeted_white_box_eps0.0627_iter2,1.0000000000000002,0.3333333333333334,0.9971408,53.712667133646896,0.9995700120925903,0.9997785091400146,0.05819206312298775,0.003834962844848633,175418,0.003172355,0.0016957831103354692,0.0016931252321228385,0.0016991286538541317
569917,dct_high_nontargeted_white_box_eps0.0627_iter3,0.25000000000000006,0.20000000000000004,0.9953399,50.78723974314816,0.9992283582687378,0.9997114539146423,0.07033047080039978,0.00428926944732666,245332,0.0046503223,0.0026054619811475277,0.0025991881266236305,0.002606132999062538
144798,dct_high_nontargeted_white_box_eps0.0627_iter1,0.5000000000000001,0.4000000000000001,0.9986286,58.03872247475723,0.9997968077659607,0.9998623728752136,0.011159136891365051,0.001233518123626709,243222,0.002170697,0.0012529878877103329,0.0012537931324914098,0.00125116016715765
284623,dct_high_nontargeted_white_box_eps0.0627_iter2,0.13636363636363638,0.1090909090909091,0.9975478,53.64307497214128,0.9996243715286255,0.999891996383667,0.061332158744335175,0.0017117857933044434,190026,0.0032691164,0.0017246301285922527,0.0017216629348695278,0.001724444911815226
63740,dct_high_nontargeted_white_box_eps0.0627_iter3,0.5227272727272729,0.49696969696969706,0.994854,50.371780133519515,0.9992908239364624,0.9997624754905701,0.0975005030632019,0.007367432117462158,247585,0.004951141,0.002767617115750909,0.0027683121152222157,0.0027596803847700357
36494,dct_high_nontargeted_white_box_eps0.0627_iter22,0.12121212121212123,0.12032190032190034,0.9347222,37.63831720363969,0.9926044344902039,0.9972222447395325,0.2379046529531479,0.06115537881851196,393030,0.019618876,0.010626641102135181,0.010507401078939438,0.010609311051666737
488270,dct_high_nontargeted_white_box_eps0.0627_iter4,1.0000000000000002,0.5000000000000001,0.9912562,49.94927086224898,0.9985927939414978,0.999019980430603,0.16794314980506897,0.022522807121276855,273216,0.004830791,0.0025834471452981234,0.0025892516132444143,0.002590252086520195
67180,dct_high_nontargeted_white_box_eps0.0627_iter1,0.5000000000000001,0.3333333333333334,0.9994293,58.03720133243143,0.9999105334281921,0.9999729990959167,0.0028900320176035166,0.00043064355850219727,262522,0.0021710636,0.0012534904526546597,0.001253486261703074,0.0012522825272753835
64359,dct_high_nontargeted_white_box_eps0.0627_iter3,1.0000000000000002,0.6666666666666669,0.9948528,50.63975489214037,0.9992127418518066,0.9997901320457458,0.1275169849395752,0.008755624294281006,251415,0.0047653974,0.0026603650767356157,0.002657628385350108,0.0026651015505194664
126226,dct_high_nontargeted_white_box_eps0.0627_iter3,0.18181818181818185,0.13636363636363638,0.9953351,50.707289408496656,0.9992738962173462,0.9997072219848633,0.08523345738649368,0.005761265754699707,243407,0.0047010137,0.002628413960337639,0.0026352114509791136,0.0026211568620055914
150265,dct_high_nontargeted_white_box_eps0.0627_iter3,0.5151515151515152,0.3636363636363637,0.99476415,50.60451320227158,0.999205470085144,0.9997280836105347,0.07217239588499069,0.002989649772644043,245703,0.004781963,0.0026750811375677586,0.0026754073332995176,0.0026663625612854958
216739,dct_high_nontargeted_white_box_eps0.0627_iter3,0.5000000000000001,0.4545454545454546,0.99419355,50.9874129330225,0.9991108179092407,0.9994399547576904,0.13078607618808746,0.006317019462585449,252192,0.004530935,0.00253358599729836,0.0025225323624908924,0.002528376877307892
38048,dct_high_nontargeted_white_box_eps0.0627_iter2,0.5000000000000001,0.4000000000000001,0.9968875,53.38930886650745,0.9995223879814148,0.9998406767845154,0.06955493241548538,0.001165151596069336,191283,0.003400945,0.001826159656047821,0.0018260310171172023,0.0018294742330908775
525155,dct_high_nontargeted_white_box_eps0.0627_iter5,0.5000000000000001,0.3333333333333334,0.98666805,47.79444255527166,0.9979080557823181,0.9991886019706726,0.22366081178188324,0.026046276092529297,327522,0.0063828896,0.0035202011931687593,0.003512501483783126,0.003559758421033621
259571,dct_high_nontargeted_white_box_eps0.0627_iter27,0.15151515151515152,0.14963578088578092,0.91835874,38.39239361191184,0.9878446459770203,0.9958489537239075,0.33652710914611816,0.07062649726867676,397806,0.017702565,0.009560951963067055,0.00950462743639946,0.009789359755814075
153529,dct_high_nontargeted_white_box_eps0.0627_iter5,0.36363636363636365,0.34848484848484856,0.9909663,46.986740374658275,0.9986597299575806,0.9995158314704895,0.1022782176733017,0.008508682250976562,348215,0.007152827,0.003934322390705347,0.003952170256525278,0.003977830056101084
473015,dct_high_nontargeted_white_box_eps0.0627_iter5,0.2727272727272727,0.13636363636363635,0.9885393,47.542110378369856,0.998268723487854,0.9993943572044373,0.16797059774398804,0.03659343719482422,333605,0.0066150804,0.0036610926035791636,0.0036469344049692154,0.003654377767816186
379800,dct_high_nontargeted_white_box_eps0.0627_iter1,0.6060606060606061,0.4545454545454546,0.9993476,58.05902410703672,0.999902606010437,0.999970555305481,0.01002979464828968,0.0002776980400085449,254692,0.0021643527,0.0012481029843911529,0.0012479759752750397,0.0012443354353308678
253835,dct_high_nontargeted_white_box_eps0.0627_iter2,0.34848484848484856,0.29870129870129875,0.9974715,53.21270461352674,0.9996109008789062,0.9998554587364197,0.06476996093988419,0.0023484230041503906,199596,0.0035292648,0.0019015371799468994,0.001900206319987774,0.0019070039270445704
36861,dct_high_nontargeted_white_box_eps0.0627_iter2,1.0000000000000002,0.5000000000000001,0.99776673,53.48868766056836,0.9996694326400757,0.9998819828033447,0.03572603687644005,0.001174628734588623,187787,0.0033424904,0.0017895193304866552,0.0017862757667899132,0.0017815422033891082
205647,dct_high_nontargeted_white_box_eps0.0627_iter5,1.0000000000000002,0.5000000000000001,0.98848814,47.445980519390496,0.9981803894042969,0.9994036555290222,0.18283334374427795,0.025487005710601807,339212,0.006715579,0.0037134948652237654,0.003687797812744975,0.0037196874618530273
460841,dct_high_nontargeted_white_box_eps0.0627_iter2,0.25000000000000006,0.1666666666666667,0.99642295,53.64834733015803,0.9994553923606873,0.9997604489326477,0.08767997473478317,0.0034875869750976562,181076,0.0032318004,0.0017190247308462858,0.001721037202514708,0.001723669352941215
123131,dct_high_nontargeted_white_box_eps0.0627_iter1,0.2727272727272727,0.13636363636363635,0.9989069,58.1938231202905,0.999834418296814,0.9999100565910339,0.022816486656665802,0.000725090503692627,247862,0.002122806,0.0012453760718926787,0.001216005883179605,0.0011647151550278068
334006,dct_high_nontargeted_white_box_eps0.0627_iter6,0.38636363636363646,0.2666666666666667,0.98513705,45.20083458663461,0.9977498054504395,0.9993597865104675,0.16864924132823944,0.024718046188354492,371595,0.008797746,0.004814033396542072,0.004782014526426792,0.004834623076021671
137576,dct_high_nontargeted_white_box_eps0.0627_iter2,0.2727272727272727,0.15151515151515152,0.99862885,53.38205685916947,0.9997987747192383,0.9999289512634277,0.020291002467274666,0.0009002685546875,200723,0.0034441212,0.0018281347583979368,0.0018306486308574677,0.0018327789148315787
87470,dct_high_nontargeted_white_box_eps0.0627_iter2,0.329004329004329,0.32467532467532473,0.99769586,53.251529589537625,0.9996477365493774,0.9998994469642639,0.06468746066093445,0.002254009246826172,198407,0.0035049934,0.0018855069065466523,0.001878690323792398,0.0018935337429866195
9769,dct_high_nontargeted_white_box_eps0.0627_iter1,0.4545454545454546,0.09090909090909091,0.99941295,58.04721350240782,0.9999117851257324,0.9999730587005615,0.013224953785538673,0.0004279613494873047,256809,0.00216808,0.001250498928129673,0.0012502047466114163,0.001249898225069046
163257,dct_high_nontargeted_white_box_eps0.0627_iter2,0.27272727272727276,0.25000000000000006,0.9967931,53.633636297360056,0.9995490908622742,0.9998419880867004,0.05740870535373688,0.0015104413032531738,176021,0.0032278204,0.001735457219183445,0.0017294562421739101,0.0017239375738427043
475678,dct_high_nontargeted_white_box_eps0.0627_iter5,0.2727272727272727,0.12424242424242425,0.99156696,47.40078224453953,0.9989278316497803,0.9995770454406738,0.10519741475582123,0.01205456256866455,337170,0.0067455466,0.0037198765203356743,0.003718463471159339,0.0037438783328980207
85478,dct_high_nontargeted_white_box_eps0.0627_iter1,1.0000000000000002,0.5000000000000001,0.99906987,58.03520483451941,0.9998611807823181,0.9999658465385437,0.01886805146932602,0.0004987120628356934,250181,0.002171642,0.0012534558773040771,0.0012537132715806365,0.001253835973329842
318080,dct_high_nontargeted_white_box_eps0.0627_iter4,1.0000000000000002,0.5000000000000001,0.9951074,49.13983220977001,0.9992502927780151,0.9997891783714294,0.09555588662624359,0.008300065994262695,316924,0.005503821,0.0029389250557869673,0.0029359785839915276,0.0029425856191664934
361551,dct_high_nontargeted_white_box_eps0.0627_iter1,0.2954545454545455,0.22727272727272732,0.9989416,58.03418725848345,0.9998485445976257,0.9999504089355469,0.006120083853602409,0.0003521442413330078,249024,0.002171942,0.0012539793970063329,0.001253955066204071,0.0012539251474663615
560266,dct_high_nontargeted_white_box_eps0.0627_iter4,1.0000000000000002,0.5000000000000001,0.9943371,48.51296066225706,0.9990955591201782,0.9997844696044922,0.14003312587738037,0.013227999210357666,340680,0.006024976,0.0032426221296191216,0.003232234623283148,0.003244517371058464
486479,dct_high_nontargeted_white_box_eps0.0627_iter4,0.5000000000000001,0.3333333333333334,0.9935401,49.28542902877972,0.9990455508232117,0.9997900724411011,0.10222908109426498,0.010462045669555664,298956,0.005323806,0.002863381989300251,0.002866473514586687,0.0028761988505721092
342971,dct_high_nontargeted_white_box_eps0.0627_iter6,1.0000000000000002,0.3333333333333334,0.9845174,46.734790999462376,0.9974517822265625,0.9956246018409729,0.2574239671230316,0.01649951934814453,341535,0.0071256887,0.0038580927066504955,0.0038282170426100492,0.0038346298970282078
11760,dct_high_nontargeted_white_box_eps0.0627_iter6,1.0000000000000002,0.5000000000000001,0.9903908,45.2581518342914,0.9983091354370117,0.999665379524231,0.1509406864643097,0.025656580924987793,380805,0.008850596,0.004768746439367533,0.0047428603284060955,0.004771039355546236
69106,dct_high_nontargeted_white_box_eps0.0627_iter4,0.7272727272727274,0.3636363636363637,0.9931068,48.71334607192698,0.9989416003227234,0.9997169375419617,0.13702568411827087,0.013224124908447266,329486,0.0058315923,0.003154921345412731,0.003123253583908081,0.003131263190880418
70158,dct_high_nontargeted_white_box_eps0.0627_iter9,0.6363636363636365,0.5000000000000001,0.9843437,42.53871445058553,0.9975250959396362,0.9993100166320801,0.1541144847869873,0.019076108932495117,388739,0.011861389,0.006430796813219786,0.0064042555168271065,0.006480944808572531
281447,dct_high_nontargeted_white_box_eps0.0627_iter6,0.18181818181818182,0.0,0.9868509,45.76245560298347,0.9979192614555359,0.9994754791259766,0.17230015993118286,0.02277439832687378,361340,0.008140784,0.004447038285434246,0.00441634701564908,0.00441671023145318
552371,dct_high_nontargeted_white_box_eps0.0627_iter2,0.5454545454545455,0.27272727272727276,0.9974935,53.35808669047789,0.9996317625045776,0.9999043941497803,0.08204049617052078,0.0025815963745117188,191982,0.0034359335,0.0018461946165189147,0.0018443576991558075,0.0018346479628235102
361919,dct_high_nontargeted_white_box_eps0.0627_iter3,0.21212121212121215,0.15909090909090912,0.9937845,50.41465322688576,0.9990300536155701,0.9996735453605652,0.13978353142738342,0.011971354484558105,248152,0.0049083834,0.0027584198396652937,0.0027452409267425537,0.002753068692982197
138115,dct_high_nontargeted_white_box_eps0.0627_iter3,0.5000000000000001,0.3333333333333334,0.99412817,51.2374714824647,0.9991881847381592,0.9997251033782959,0.08275415003299713,0.003021836280822754,244054,0.004365359,0.0024134244304150343,0.0024482973385602236,0.0024293845053762197
374369,dct_high_nontargeted_white_box_eps0.0627_iter3,1.0000000000000002,0.6666666666666669,0.992472,50.99229359880085,0.9988325834274292,0.999286949634552,0.13231925666332245,0.017291784286499023,245048,0.004511537,0.002527315402403474,0.0025199137162417173,0.0025334516540169716
123213,dct_high_nontargeted_white_box_eps0.0627_iter15,0.47272727272727283,0.47212121212121205,0.94867736,39.87779868177435,0.9917963743209839,0.9973530769348145,0.24649769067764282,0.06345242261886597,393896,0.015504048,0.008515789173543453,0.008454465307295322,0.008572941645979881
357742,dct_high_nontargeted_white_box_eps0.0627_iter9,0.5000000000000001,0.4000000000000001,0.9707019,43.672551733358446,0.9956649541854858,0.9969198703765869,0.24997355043888092,0.056244850158691406,374550,0.010169137,0.005578591022640467,0.005547541193664074,0.005592997185885906
439854,dct_high_nontargeted_white_box_eps0.0627_iter1,0.590909090909091,0.490909090909091,0.99866223,58.04852741518468,0.9998061060905457,0.9999232888221741,0.021400632336735725,0.0005537271499633789,238945,0.0021675592,0.0012437948025763035,0.0012525100028142333,0.0012531694956123829
465836,dct_high_nontargeted_white_box_eps0.0627_iter5,0.4545454545454546,0.4000000000000001,0.99132466,47.66189131432607,0.9987834692001343,0.9996123909950256,0.11377205699682236,0.016276836395263672,331228,0.0064942623,0.003598675364628434,0.0035794961731880903,0.0035995584912598133
414385,dct_high_nontargeted_white_box_eps0.0627_iter7,0.5151515151515152,0.3090909090909092,0.97915965,45.354484944956184,0.9967455863952637,0.9982317686080933,0.17209984362125397,0.03488922119140625,356307,0.008397939,0.004644910804927349,0.004638283047825098,0.004646058194339275
322724,dct_high_nontargeted_white_box_eps0.0627_iter7,0.27272727272727276,0.25000000000000006,0.97900397,45.26268002940402,0.996860682964325,0.9987881779670715,0.24426931142807007,0.054090023040771484,352362,0.00836615,0.004531823564320803,0.004616366233676672,0.004646785091608763
481390,dct_high_nontargeted_white_box_eps0.0627_iter2,0.1272727272727273,0.12121212121212123,0.9980801,53.01645797835404,0.9997124075889587,0.9999098777770996,0.04888191074132919,0.001360177993774414,210204,0.003676185,0.001979678636416793,0.0019854309502989054,0.002011791802942753
276434,dct_high_nontargeted_white_box_eps0.0627_iter4,0.3090909090909092,0.19696969696969702,0.99237585,49.208638568181144,0.9989073276519775,0.999610424041748,0.14537841081619263,0.011698901653289795,302721,0.0053840475,0.002886547241359949,0.0028986751567572355,0.0029104766435921192
579635,dct_high_nontargeted_white_box_eps0.0627_iter7,1.0000000000000002,0.6666666666666669,0.97848576,45.09412298694536,0.9964093565940857,0.9985878467559814,0.23659385740756989,0.04756355285644531,358425,0.008653849,0.004782798234373331,0.004798745736479759,0.004811512306332588
295316,dct_high_nontargeted_white_box_eps0.0627_iter6,0.5000000000000001,0.3333333333333334,0.9822795,45.747384126171404,0.9971529841423035,0.9990905523300171,0.17660212516784668,0.03337174654006958,352330,0.00806528,0.0043766978196799755,0.004413613583892584,0.004460916854441166
571313,dct_high_nontargeted_white_box_eps0.0627_iter9,0.22222222222222227,0.21428571428571436,0.9741034,43.78870916399861,0.9962422251701355,0.9983925223350525,0.1885710060596466,0.028329074382781982,370587,0.009938895,0.005454270634800196,0.005438706371933222,0.005495307967066765
183127,dct_high_nontargeted_white_box_eps0.0627_iter7,1.0000000000000002,0.7500000000000002,0.98257834,45.85979365277996,0.9969977140426636,0.9991115927696228,0.18372340500354767,0.042988717555999756,345789,0.0077897403,0.004284832160919905,0.004298925865441561,0.004355203825980425
115898,dct_high_nontargeted_white_box_eps0.0627_iter6,1.0000000000000002,0.7500000000000002,0.98948455,45.81030936679133,0.9983938932418823,0.9995269179344177,0.16221189498901367,0.024171411991119385,365487,0.008129137,0.004376536700874567,0.004365178290754557,0.004406099673360586
189752,dct_high_nontargeted_white_box_eps0.0627_iter4,0.17045454545454547,0.11363636363636365,0.99343777,48.59928524901784,0.9990496635437012,0.9996603727340698,0.103646419942379,0.011643826961517334,325349,0.005903601,0.0032146209850907326,0.0032165010925382376,0.0032043280079960823
290163,dct_high_nontargeted_white_box_eps0.0627_iter33,0.20000000000000004,0.18484848484848487,0.88770443,35.452079934944805,0.9848778247833252,0.9937398433685303,0.2807016968727112,0.0647122859954834,405022,0.025115857,0.013489792123436928,0.013335861265659332,0.013944982551038265
91406,dct_high_nontargeted_white_box_eps0.0627_iter2,0.3766233766233767,0.3446969696969697,0.99681646,53.18977366708079,0.9995460510253906,0.9998629689216614,0.09014387428760529,0.005583703517913818,197087,0.0035349268,0.0019108835840597749,0.0019073027651757002,0.0019213462946936488
322352,dct_high_nontargeted_white_box_eps0.0627_iter6,0.27272727272727276,0.2643841007477371,0.9874411,45.614514153034946,0.9981564879417419,0.9994398355484009,0.13366787135601044,0.01575922966003418,358665,0.008240773,0.004502080846577883,0.004487605765461922,0.004504005424678326
223959,dct_high_nontargeted_white_box_eps0.0627_iter1,1.0000000000000002,0.6666666666666669,0.9989057,58.04276535102944,0.9998371005058289,0.9999469518661499,0.006332636810839176,0.00048041343688964844,243118,0.0021691145,0.0012531557586044073,0.0012493658578023314,0.0012519294396042824
326248,dct_high_nontargeted_white_box_eps0.0627_iter19,0.10795454545454546,0.10454545454545455,0.9449048,38.33064938716655,0.9925484657287598,0.9975278973579407,0.24142809212207794,0.06733083724975586,398348,0.018337997,0.009982507675886154,0.009918381460011005,0.010145973414182663
453722,dct_high_nontargeted_white_box_eps0.0627_iter5,0.6666666666666669,0.5000000000000001,0.99068713,47.36356068932033,0.9985637068748474,0.999566376209259,0.15166501700878143,0.022149980068206787,336789,0.006773055,0.003746994538232684,0.003741147229447961,0.0037602917291224003
293625,dct_high_nontargeted_white_box_eps0.0627_iter2,0.1666666666666667,0.14285714285714288,0.99707144,53.62098624231865,0.9995724558830261,0.9998413920402527,0.06579999625682831,0.0039632320404052734,178196,0.003237263,0.0017341821221634746,0.0017322234343737364,0.0017307394882664084
411817,dct_high_nontargeted_white_box_eps0.0627_iter6,0.2272727272727273,0.2261904761904762,0.98819566,45.93760093804584,0.9984276294708252,0.9993839263916016,0.12121787667274475,0.021811842918395996,354777,0.00790064,0.004274933133274317,0.004269071388989687,0.004314574413001537
546964,dct_high_nontargeted_white_box_eps0.0627_iter2,0.2272727272727273,0.19090909090909092,0.99788254,53.07235484260896,0.9997062087059021,0.9999063611030579,0.05883096903562546,0.0016301870346069336,207382,0.003637425,0.001973674399778247,0.0019522297661751509,0.001972838770598173
215259,dct_high_nontargeted_white_box_eps0.0627_iter8,0.4242424242424243,0.3575757575757576,0.9760482,44.70722342545337,0.9966776371002197,0.9989234805107117,0.20953384041786194,0.023212015628814697,361642,0.008938094,0.004866436123847961,0.004824511241167784,0.004898606333881617
573094,dct_high_nontargeted_white_box_eps0.0627_iter4,0.28571428571428575,0.18750000000000006,0.99184924,48.96708449150937,0.9988503456115723,0.999620258808136,0.10145483165979385,0.0077037811279296875,310705,0.005576683,0.0030245620291680098,0.003023794386535883,0.0030194628052413464
560011,dct_high_nontargeted_white_box_eps0.0627_iter3,0.3333333333333334,0.0,0.99266917,51.14394679608075,0.998872697353363,0.998991847038269,0.1647702306509018,0.022344589233398438,253260,0.004438339,0.002471538260579109,0.002459680661559105,0.0024861099664121866
38576,dct_high_nontargeted_white_box_eps0.0627_iter7,0.5151515151515152,0.5000000000000001,0.98152494,45.53631528817373,0.997437596321106,0.9989226460456848,0.16983960568904877,0.018549323081970215,347704,0.00812537,0.004514056723564863,0.004497329704463482,0.004520433954894543
147729,dct_high_nontargeted_white_box_eps0.0627_iter2,0.5000000000000001,0.446969696969697,0.99701244,53.95857751855334,0.999542236328125,0.9997832179069519,0.06316302716732025,0.0048874616622924805,165390,0.0030063756,0.0016009551472961903,0.0016017602756619453,0.001605070079676807
579307,dct_high_nontargeted_white_box_eps0.0627_iter2,0.3333333333333334,0.25000000000000006,0.99737287,53.4588030644165,0.999614417552948,0.9998551607131958,0.041628751903772354,0.0012640953063964844,189999,0.0033612421,0.0017999763367697597,0.0017991168424487114,0.0017950477777048945
154425,dct_high_nontargeted_white_box_eps0.0627_iter3,0.5000000000000001,0.3333333333333334,0.9955065,50.35744704722547,0.9993264079093933,0.9997993111610413,0.11595672369003296,0.00823831558227539,251622,0.0049679694,0.002778249327093363,0.0027750409208238125,0.0027689870912581682
432898,dct_high_nontargeted_white_box_eps0.0627_iter21,0.11363636363636363,0.10506493506493507,0.9302916,38.44637943864082,0.9888905882835388,0.9961249828338623,0.28011709451675415,0.06870710849761963,398555,0.01787859,0.009741203859448433,0.009689107537269592,0.009821169078350067
404923,dct_high_nontargeted_white_box_eps0.0627_iter1,0.7727272727272729,0.5757575757575758,0.99925023,58.038659901392734,0.9998687505722046,0.999954104423523,0.008357478305697441,0.00023829936981201172,246091,0.0021704966,0.0012525550555437803,0.0012526970822364092,0.0012527602957561612
130586,dct_high_nontargeted_white_box_eps0.0627_iter5,1.0000000000000002,0.5000000000000001,0.990774,47.33109341976971,0.998517632484436,0.9994021058082581,0.16067546606063843,0.009767770767211914,342468,0.0066353534,0.003661069320514798,0.0036456910893321037,0.0036506911274045706
163057,dct_high_nontargeted_white_box_eps0.0627_iter10,0.2626262626262626,0.20595238095238094,0.97419167,42.011536958850826,0.9957801103591919,0.9984363913536072,0.19279517233371735,0.06457686424255371,388506,0.01243814,0.006792386993765831,0.006741452030837536,0.006683005020022392
7511,dct_high_nontargeted_white_box_eps0.0627_iter10,0.27272727272727276,0.26136363636363635,0.9723394,42.42889447833526,0.9956368207931519,0.9985460042953491,0.17187684774398804,0.04136943817138672,380441,0.011703316,0.0063558113761246204,0.006348974071443081,0.006330062635242939
67406,dct_high_nontargeted_white_box_eps0.0627_iter9,1.0000000000000002,0.6666666666666669,0.9579064,42.86055257759371,0.9928860664367676,0.9944323897361755,0.32658639550209045,0.07572078704833984,377665,0.01118775,0.006180404219776392,0.006201931741088629,0.006215458735823631
290179,dct_high_nontargeted_white_box_eps0.0627_iter7,0.10606060606060608,0.08571428571428573,0.98511773,45.10687739480527,0.9978312849998474,0.9994006156921387,0.18814954161643982,0.042084455490112305,364376,0.008694937,0.004777862224727869,0.004738964606076479,0.004793190862983465
248752,dct_high_nontargeted_white_box_eps0.0627_iter4,0.5000000000000001,0.4444444444444445,0.99177456,49.66610099044625,0.9987959265708923,0.9996671080589294,0.12357278168201447,0.009077310562133789,292510,0.0050776596,0.002713429741561413,0.0027008564211428165,0.002708008512854576
54593,dct_high_nontargeted_white_box_eps0.0627_iter18,0.20202020202020207,0.19559228650137744,0.95627326,37.97472326978736,0.9926106333732605,0.9977263808250427,0.21168360114097595,0.058474838733673096,401280,0.019535627,0.010501694865524769,0.010505913756787777,0.010665408335626125
116208,dct_high_nontargeted_white_box_eps0.0627_iter11,0.25974025974025977,0.25303030303030305,0.9759877,41.714912736478105,0.9967129230499268,0.9988340735435486,0.14882689714431763,0.028746187686920166,387161,0.012737241,0.006985106039792299,0.00694827176630497,0.007018563337624073
340697,dct_high_nontargeted_white_box_eps0.0627_iter2,0.13636363636363635,0.047619047619047616,0.99769765,53.49083465935236,0.9996911883354187,0.9999129176139832,0.06031275913119316,0.0022281408309936523,188840,0.0033413481,0.0017898364458233118,0.0017807793337851763,0.0017862305976450443
450303,dct_high_nontargeted_white_box_eps0.0627_iter5,0.4090909090909091,0.379093970003061,0.9859865,46.747467192789706,0.997991681098938,0.999294102191925,0.152227520942688,0.02682483196258545,349489,0.0073376317,0.004082405474036932,0.004067950416356325,0.0041008442640304565
494427,dct_high_nontargeted_white_box_eps0.0627_iter1,0.5000000000000001,0.3333333333333334,0.99884266,58.04223380372988,0.9998372793197632,0.9999367594718933,0.007837341167032719,0.0010568499565124512,242418,0.0021697143,0.0012496376875787973,0.0012536850990727544,0.0012515693670138717
137294,dct_high_nontargeted_white_box_eps0.0627_iter1,0.27272727272727276,0.13636363636363638,0.9989163,58.04586971662548,0.9998447895050049,0.9999511241912842,0.016695600003004074,0.00105363130569458,247231,0.0021686135,0.001252155052497983,0.0012527432991191745,0.001246869913302362
410880,dct_high_nontargeted_white_box_eps0.0627_iter4,0.1666666666666667,0.04761904761904761,0.99263954,48.56773073702573,0.9989864230155945,0.9996638894081116,0.10680627822875977,0.008007168769836426,327462,0.0059095975,0.003207450732588768,0.0032022492960095406,0.003206456545740366
181796,dct_high_nontargeted_white_box_eps0.0627_iter3,0.24242424242424246,0.22077922077922082,0.99409014,50.464058053612575,0.9991183280944824,0.9997590184211731,0.1681714951992035,0.011762619018554688,249564,0.0048818216,0.002735423156991601,0.002728124149143696,0.0027298841159790754
2431,dct_high_nontargeted_white_box_eps0.0627_iter29,0.1666666666666667,0.1328671328671329,0.9081585,37.75504259750016,0.9870744943618774,0.9951328039169312,0.3122532367706299,0.07294875383377075,400318,0.019058978,0.0102700749412179,0.010162629187107086,0.010611061006784439
298396,dct_high_nontargeted_white_box_eps0.0627_iter7,0.20202020202020207,0.1900826446280992,0.9857088,44.26831860449157,0.9978453516960144,0.9992613792419434,0.1262044757604599,0.02423650026321411,375425,0.009738142,0.005377163179218769,0.005349477753043175,0.005385464522987604
472046,dct_high_nontargeted_white_box_eps0.0627_iter4,0.13131313131313135,0.11818181818181821,0.99037313,48.33264179173785,0.9986194372177124,0.9995760321617126,0.16131408512592316,0.01899421215057373,333301,0.0061051305,0.003331222338601947,0.0033174168784171343,0.003336011664941907
74058,dct_high_nontargeted_white_box_eps0.0627_iter3,0.13636363636363635,0.11363636363636363,0.9956353,50.5760577849952,0.9993481040000916,0.9997991323471069,0.12926481664180756,0.011251330375671387,252246,0.004745522,0.0026635611429810524,0.002636249177157879,0.002650017384439707
58029,dct_high_nontargeted_white_box_eps0.0627_iter6,0.5000000000000001,0.1666666666666667,0.9836424,46.68068214690556,0.997589111328125,0.9989905953407288,0.15923236310482025,0.03367471694946289,334932,0.0071133845,0.003859202843159437,0.0038398345932364464,0.003870278364047408
134096,dct_high_nontargeted_white_box_eps0.0627_iter1,0.3333333333333334,0.1666666666666667,0.99914473,58.05524544823621,0.9998685717582703,0.9999523162841797,0.011664850637316704,0.0003705024719238281,239182,0.0021660181,0.001251886016689241,0.0012516076676547527,0.0012401745188981295
111951,dct_high_nontargeted_white_box_eps0.0627_iter1,0.3333333333333334,0.25000000000000006,0.99887276,58.112648450366436,0.9998351335525513,0.9999481439590454,0.01668349653482437,0.000886380672454834,234732,0.0021505216,0.0012203126680105925,0.0012534537818282843,0.0012207498075440526
103585,dct_high_nontargeted_white_box_eps0.0627_iter4,0.6666666666666669,0.6000000000000002,0.98921245,48.74377865276733,0.9983915090560913,0.9994156360626221,0.15117895603179932,0.012562394142150879,317853,0.0057508587,0.0031311556231230497,0.0031224351841956377,0.0031140518840402365
210273,dct_high_nontargeted_white_box_eps0.0627_iter18,0.29545454545454547,0.2565429668370845,0.90518695,39.581615324304934,0.9917058348655701,0.9967114925384521,0.30403900146484375,0.083889901638031,369675,0.015537648,0.008417393080890179,0.008346671238541603,0.008590134792029858
446651,dct_high_nontargeted_white_box_eps0.0627_iter13,0.15909090909090912,0.06909090909090912,0.9539079,41.85740009340868,0.9947733283042908,0.9983351826667786,0.2680532932281494,0.052129268646240234,371834,0.01206622,0.0066196490079164505,0.00655624084174633,0.0067026955075562
52017,dct_high_nontargeted_white_box_eps0.0627_iter13,0.5000000000000001,0.3333333333333334,0.95887065,43.5331457745938,0.9935654997825623,0.9932356476783752,0.3785882592201233,0.08643090724945068,369501,0.00992913,0.0054588112980127335,0.005430932156741619,0.005471516866236925
336309,dct_high_nontargeted_white_box_eps0.0627_iter4,1.0000000000000002,0.5000000000000001,0.98929316,49.45509914217766,0.9983513355255127,0.9991337656974792,0.18697234988212585,0.030916810035705566,295195,0.0052071824,0.0027972599491477013,0.002773129614070058,0.0028075266163796186
227478,dct_high_nontargeted_white_box_eps0.0627_iter2,0.18181818181818185,0.13636363636363638,0.99839,53.25964148601376,0.9997591972351074,0.9999249577522278,0.048317961394786835,0.0022686123847961426,201678,0.0035065494,0.0018839436816051602,0.0018794680945575237,0.0018846115563064814
339870,dct_high_nontargeted_white_box_eps0.0627_iter2,0.27272727272727276,0.13636363636363638,0.99684596,53.53496097113315,0.9995335340499878,0.9998107552528381,0.08723070472478867,0.00494462251663208,182801,0.0032944325,0.0017677166033536196,0.0017632305389270186,0.0017695799469947815
33707,dct_high_nontargeted_white_box_eps0.0627_iter3,0.5454545454545455,0.28282828282828276,0.99722904,50.52830439929083,0.9996012449264526,0.9998728632926941,0.028993139043450356,0.0015219449996948242,252464,0.0048494544,0.00270543759688735,0.0027007630560547113,0.002707605017349124
327601,dct_high_nontargeted_white_box_eps0.0627_iter1,0.3333333333333334,0.20000000000000004,0.9989025,58.0360411751516,0.9998395442962646,0.9999582767486572,0.007922224700450897,0.0003612041473388672,247194,0.0021714293,0.0012537059374153614,0.0012539458693936467,0.0012526263017207384
255749,dct_high_nontargeted_white_box_eps0.0627_iter7,0.6363636363636365,0.5984848484848485,0.9701843,46.248046298539734,0.9970797300338745,0.9983519911766052,0.23292170464992523,0.04083669185638428,301188,0.0071725487,0.0039863064885139465,0.003962700255215168,0.00400412455201149
8762,dct_high_nontargeted_white_box_eps0.0627_iter1,0.3727272727272728,0.3522727272727272,0.9985025,58.05550587543081,0.9997746348381042,0.9998191595077515,0.027075480669736862,0.0020856261253356934,236841,0.002165518,0.001251006731763482,0.0012498153373599052,0.0012426449684426188
526392,dct_high_nontargeted_white_box_eps0.0627_iter1,0.6363636363636365,0.6136363636363638,0.9989495,58.03435685382243,0.9998551607131958,0.9999628663063049,0.015413524582982063,0.0007811188697814941,248341,0.0021718792,0.0012539525050669909,0.0012539344606921077,0.0012538401642814279
535578,dct_high_nontargeted_white_box_eps0.0627_iter19,0.4545454545454546,0.32362258953168044,0.95578474,37.59939402976578,0.9927068948745728,0.9976229071617126,0.19403821229934692,0.047389864921569824,402820,0.020416336,0.01106728333979845,0.010963217355310917,0.011154702864587307
580757,dct_high_nontargeted_white_box_eps0.0627_iter3,1.0000000000000002,0.5000000000000001,0.99499226,50.61956929549514,0.9992392063140869,0.9997783899307251,0.12107134610414505,0.009504437446594238,251365,0.0047781807,0.002665098523721099,0.0026678210124373436,0.002664548344910145
165039,dct_high_nontargeted_white_box_eps0.0627_iter6,0.5,0.4045454545454546,0.9853037,45.673638062974874,0.997846782207489,0.9992872476577759,0.1763983964920044,0.022949934005737305,358742,0.008202067,0.004455996211618185,0.004468097817152739,0.004487655125558376
148719,dct_high_nontargeted_white_box_eps0.0627_iter1,0.2272727272727273,0.15151515151515152,0.9994083,58.045743475460306,0.9999086856842041,0.999979555606842,0.010645052418112755,0.0003369450569152832,255718,0.0021683283,0.001251006731763482,0.0012507179053500295,0.0012501580640673637
489842,dct_high_nontargeted_white_box_eps0.0627_iter6,0.17668997668997669,0.11824286824286827,0.99284697,45.024478134305504,0.9990703463554382,0.9995442032814026,0.0505068376660347,0.020640909671783447,377447,0.009052107,0.004945095628499985,0.004937359597533941,0.004964031279087067
423229,dct_high_nontargeted_white_box_eps0.0627_iter14,0.3333333333333334,0.148989898989899,0.9662481,39.901309904769185,0.9948077201843262,0.9987258911132812,0.21899420022964478,0.05708134174346924,396559,0.015735982,0.008510775864124298,0.00841433648020029,0.008490042760968208
166287,dct_high_nontargeted_white_box_eps0.0627_iter3,0.5625,0.5357067175248994,0.9937865,50.74257166012153,0.9990317225456238,0.9996427297592163,0.11644850671291351,0.01339179277420044,249486,0.0046917056,0.0026195840910077095,0.0026154275983572006,0.0026268037036061287
334555,dct_high_nontargeted_white_box_eps0.0627_iter7,0.21212121212121215,0.17992424242424246,0.98229885,44.59398040102595,0.9972747564315796,0.9992403388023376,0.17071180045604706,0.01908397674560547,369555,0.009295011,0.005132503341883421,0.005119915120303631,0.0051652491092681885
196759,dct_high_nontargeted_white_box_eps0.0627_iter1,0.5000000000000001,0.3333333333333334,0.9989042,58.08024783827741,0.9998442530632019,0.9999479651451111,0.01457790657877922,0.0004011988639831543,238845,0.0021527077,0.0012398231774568558,0.001240710960701108,0.0012416504323482513
61418,dct_high_nontargeted_white_box_eps0.0627_iter1,0.48484848484848486,0.47159090909090917,0.9992406,58.03403156934391,0.9998877048492432,0.9999732375144958,0.013394756242632866,0.00044417381286621094,245254,0.0021719963,0.00125400279648602,0.00125400279648602,0.00125400279648602
526751,dct_high_nontargeted_white_box_eps0.0627_iter3,0.2727272727272727,0.16363636363636364,0.9946661,50.16175437430582,0.9991564750671387,0.9997695684432983,0.12813803553581238,0.013918519020080566,253412,0.005114253,0.0028518300969153643,0.0028598227072507143,0.002860073233023286
277020,dct_high_nontargeted_white_box_eps0.0627_iter6,0.37878787878787884,0.35064935064935066,0.9751902,46.435346081942804,0.9971973299980164,0.9986152648925781,0.25944283604621887,0.04143810272216797,320038,0.007199043,0.0039177038706839085,0.003889561863616109,0.003970548510551453
47828,dct_high_nontargeted_white_box_eps0.0627_iter2,0.12121212121212122,0.09090909090909091,0.9963736,53.58879739052922,0.9994463920593262,0.9991517066955566,0.1485535204410553,0.006566882133483887,176110,0.003238898,0.001752177719026804,0.0017454565968364477,0.0017391175497323275
183716,dct_high_nontargeted_white_box_eps0.0627_iter12,0.3333333333333334,0.3290043290043289,0.9661532,42.331879842418026,0.9955477118492126,0.998448371887207,0.20190495252609253,0.034091830253601074,375463,0.011496493,0.0062549239955842495,0.006203590426594019,0.00632187444716692
271997,dct_high_nontargeted_white_box_eps0.0627_iter10,1.0000000000000002,0.6666666666666669,0.98455256,46.693296682244025,0.997754693031311,0.9991391897201538,0.13341066241264343,0.015777647495269775,320336,0.0067567034,0.003584927413612604,0.0035832077264785767,0.003618685295805335
8532,dct_high_nontargeted_white_box_eps0.0627_iter6,0.5000000000000001,0.3333333333333334,0.9841079,46.79876895949369,0.9976526498794556,0.9992342591285706,0.2401173710823059,0.040924251079559326,337844,0.0070333914,0.0037786150351166725,0.0037753062788397074,0.0038333579432219267
94336,dct_high_nontargeted_white_box_eps0.0627_iter2,0.5000000000000001,0.3333333333333334,0.99627894,53.48413049462024,0.9995376467704773,0.9998544454574585,0.08434241265058517,0.0029382705688476562,183058,0.00334877,0.001770464819855988,0.0018018601695075631,0.0018083123723044991
390555,dct_high_nontargeted_white_box_eps0.0627_iter1,0.1910507792860734,0.18695372623566367,0.9993146,58.03895539845325,0.9998973608016968,0.9999770522117615,0.00898669846355915,0.0014683008193969727,258265,0.0021705686,0.0012516897404566407,0.0012532665859907866,0.001252784626558423
250282,dct_high_nontargeted_white_box_eps0.0627_iter1,0.11818181818181818,0.09994683678894205,0.99927646,58.0418442609756,0.9998923540115356,0.9999765157699585,0.008757384493947029,0.0010848045349121094,249438,0.0021684254,0.0012517357245087624,0.0012517847353592515,0.0012517295544967055
68409,dct_high_nontargeted_white_box_eps0.0627_iter4,0.13636363636363635,0.12499999999999999,0.9914365,48.58063051194194,0.9986131191253662,0.9889307022094727,0.2570928931236267,0.02840125560760498,332875,0.005957967,0.0032266206108033657,0.0032070097513496876,0.0032340874895453453
2299,dct_high_nontargeted_white_box_eps0.0627_iter7,0.2546090273363001,0.1650564843499626,0.9843323,44.43672549250245,0.9978013038635254,0.9995092153549194,0.20242664217948914,0.046729207038879395,373812,0.009521026,0.005249247420579195,0.005213409196585417,0.005280485842376947
11051,dct_high_nontargeted_white_box_eps0.0627_iter3,0.7727272727272729,0.6666666666666669,0.9939962,51.01599124827728,0.9991579055786133,0.9996610879898071,0.08587231487035751,0.011547088623046875,246419,0.0045043733,0.0025210638996213675,0.0025128480046987534,0.0025136235635727644
66038,dct_high_nontargeted_white_box_eps0.0627_iter9,0.44318181818181823,0.3693506493506494,0.97812766,42.43069528561062,0.9967659711837769,0.9988812804222107,0.1471182405948639,0.026520490646362305,387724,0.011987146,0.006486933678388596,0.006589250173419714,0.006613760720938444
360960,dct_high_nontargeted_white_box_eps0.0627_iter2,0.9090909090909093,0.7613636363636365,0.9962136,53.468139085117876,0.9994702339172363,0.9997928142547607,0.06698475778102875,0.0036119818687438965,178228,0.0033314337,0.0017933008493855596,0.0017919153906404972,0.0018075894331559539
504589,dct_high_nontargeted_white_box_eps0.0627_iter8,1.0000000000000002,0.6666666666666669,0.9819532,43.88608281624249,0.9973992109298706,0.9991689324378967,0.16683897376060486,0.026995301246643066,378209,0.0100364955,0.005476466845721006,0.005393213126808405,0.005411228165030479
464522,dct_high_nontargeted_white_box_eps0.0627_iter3,0.5454545454545455,0.27272727272727276,0.99494725,51.08387261627614,0.9993053674697876,0.9998095035552979,0.07899978756904602,0.0045923590660095215,248811,0.004468321,0.0024800212122499943,0.002483924152329564,0.0024914327077567577
454750,dct_high_nontargeted_white_box_eps0.0627_iter6,1.0000000000000002,0.5000000000000001,0.9870685,46.42881289929328,0.9981427192687988,0.9994192123413086,0.19197851419448853,0.030797481536865234,346748,0.0074142204,0.00399618037045002,0.0039777206256985664,0.0039984118193387985
509735,dct_high_nontargeted_white_box_eps0.0627_iter7,0.590909090909091,0.48484848484848486,0.98665327,44.388898476532674,0.9977208375930786,0.9994971752166748,0.16105686128139496,0.027926921844482422,380620,0.009653697,0.005283921491354704,0.0052735405042767525,0.0052735768258571625
23034,dct_high_nontargeted_white_box_eps0.0627_iter2,0.6666666666666669,0.38636363636363646,0.9977107,53.423098905925784,0.9996634721755981,0.9999237656593323,0.07840907573699951,0.002822697162628174,198348,0.003408778,0.00181019795127213,0.0018105870112776756,0.0018190245609730482
141671,dct_high_nontargeted_white_box_eps0.0627_iter1,0.11363636363636363,0.10181818181818181,0.9989929,58.03478848928875,0.999846875667572,0.9999684691429138,0.023819301277399063,0.0014359354972839355,249838,0.0021716831,0.0012537729926407337,0.0012537790462374687,0.0012538096634671092
506656,dct_high_nontargeted_white_box_eps0.0627_iter3,0.5454545454545455,0.34090909090909094,0.9945871,50.50731057981372,0.9991804957389832,0.9997137188911438,0.10202321410179138,0.004010438919067383,252268,0.0048588775,0.002720363438129425,0.0027123356703668833,0.002707492094486952
272566,dct_high_nontargeted_white_box_eps0.0627_iter2,0.13636363636363638,0.1272727272727273,0.99842864,52.99559177433259,0.9997681379318237,0.9999414086341858,0.05361926555633545,0.0009555816650390625,222437,0.0036987974,0.0020031749736517668,0.002010233933106065,0.001990583026781678
424551,dct_high_nontargeted_white_box_eps0.0627_iter7,1.0000000000000002,0.6666666666666669,0.9828389,45.275028859686934,0.9972872138023376,0.9991021156311035,0.16942092776298523,0.040715813636779785,357920,0.00847523,0.004666321445256472,0.004656336735934019,0.004693824797868729
341719,dct_high_nontargeted_white_box_eps0.0627_iter2,0.5151515151515152,0.2878787878787879,0.99751765,53.19069137951388,0.9996201992034912,0.9999053478240967,0.06101617217063904,0.004415392875671387,209648,0.0035654288,0.0019133166642859578,0.0019046891247853637,0.0019195935456082225
72795,dct_high_nontargeted_white_box_eps0.0627_iter1,0.2022727272727273,0.19823232323232323,0.99936175,58.049389678419786,0.9999051094055176,0.9999721050262451,0.0069539546966552734,0.0006563663482666016,259972,0.0021671534,0.0012488806387409568,0.0012509508524090052,0.0012489031068980694
417285,dct_high_nontargeted_white_box_eps0.0627_iter4,0.20000000000000004,0.1306818181818182,0.9908388,48.91766479433557,0.9986481666564941,0.9996469020843506,0.22481930255889893,0.019527673721313477,314768,0.0056310566,0.003063188400119543,0.003041633404791355,0.0030049318447709084
2157,dct_high_nontargeted_white_box_eps0.0627_iter4,0.24242424242424246,0.20779220779220783,0.9925723,48.513680867268825,0.9989725947380066,0.9996915459632874,0.1439034342765808,0.01019960641860962,326904,0.005950866,0.0032491490710526705,0.003221613122150302,0.0032431911677122116
43816,dct_high_nontargeted_white_box_eps0.0627_iter15,0.7500000000000002,0.7121212121212122,0.9550349,39.55038160301173,0.992561936378479,0.9974130392074585,0.21773001551628113,0.04409056901931763,396078,0.016192434,0.008877988904714584,0.00881963036954403,0.00892597995698452
455555,dct_high_nontargeted_white_box_eps0.0627_iter6,0.5000000000000001,0.4000000000000001,0.9880409,46.36839050892604,0.9986628293991089,0.999480128288269,0.07509391009807587,0.013274192810058594,331724,0.0073612607,0.004003074951469898,0.003992665559053421,0.004007399547845125
535306,dct_high_nontargeted_white_box_eps0.0627_iter3,1.0000000000000002,0.3750000000000001,0.9950703,50.657553859128925,0.9992448091506958,0.9998222589492798,0.11968252062797546,0.008103668689727783,250370,0.004752396,0.0026562309358268976,0.002642658306285739,0.002662541577592492
30504,dct_high_nontargeted_white_box_eps0.0627_iter6,0.6666666666666669,0.5000000000000001,0.98935413,46.32100323549868,0.9985204935073853,0.9995504021644592,0.10346755385398865,0.011874079704284668,349001,0.007527504,0.004082883708178997,0.004065756220370531,0.004074764437973499
473118,dct_high_nontargeted_white_box_eps0.0627_iter4,1.0000000000000002,0.6000000000000002,0.9921346,49.33202829728836,0.9988880157470703,0.9997071623802185,0.11762559413909912,0.007851719856262207,299090,0.0053074723,0.002836268860846758,0.002859031781554222,0.002862336579710245
91779,dct_high_nontargeted_white_box_eps0.0627_iter3,0.39393939393939403,0.3675324675324676,0.9956983,50.72137144214782,0.9994090795516968,0.9998185038566589,0.08418957889080048,0.004802107810974121,249369,0.004707066,0.0026320822071284056,0.002622789703309536,0.002627101493999362
283113,dct_high_nontargeted_white_box_eps0.0627_iter3,0.27272727272727276,0.2613636363636364,0.9954281,51.10184591415076,0.9993375539779663,0.9997946619987488,0.06387604773044586,0.002178370952606201,247417,0.004455336,0.002489671343937516,0.002485900418832898,0.0024860622361302376
97278,dct_high_nontargeted_white_box_eps0.0627_iter1,0.5000000000000001,0.3333333333333334,0.99902064,58.11922357508373,0.9998580813407898,0.9999426603317261,0.004901404492557049,0.0003870725631713867,245660,0.0021387362,0.0012268292484804988,0.0012267341371625662,0.0012353495694696903
567640,dct_high_nontargeted_white_box_eps0.0627_iter18,0.45454545454545464,0.37641723356009077,0.94418937,39.09955954494653,0.9918259978294373,0.997462809085846,0.24733829498291016,0.049508750438690186,394393,0.016652552,0.009047879837453365,0.008994891308248043,0.0092030493542552
532493,dct_high_nontargeted_white_box_eps0.0627_iter1,1.0000000000000002,0.5000000000000001,0.99923754,58.040103356687766,0.9998781681060791,0.999970555305481,0.014426959678530693,0.0010613799095153809,259161,0.0021700978,0.001252358895726502,0.0012524802004918456,0.0012519079027697444
45550,dct_high_nontargeted_white_box_eps0.0627_iter7,0.5454545454545456,0.4919810348381778,0.9826785,45.40783199134145,0.9973728060722351,0.9991022944450378,0.15783721208572388,0.024428904056549072,352039,0.00829555,0.0045791990123689175,0.004592874087393284,0.004608856048434973
156643,dct_high_nontargeted_white_box_eps0.0627_iter4,0.31818181818181823,0.31363636363636366,0.9935262,48.87388289877624,0.9990630149841309,0.9996256232261658,0.09514184296131134,0.006833195686340332,315874,0.005659079,0.0030606475193053484,0.0030504229944199324,0.003075697924941778
430056,dct_high_nontargeted_white_box_eps0.0627_iter2,0.27272727272727276,0.18181818181818185,0.99692494,53.9306546156249,0.9995588064193726,0.9998343586921692,0.06347902119159698,0.0020074844360351562,168899,0.0030414565,0.0016103539383038878,0.0016078901244327426,0.0016213878989219666
410456,dct_high_nontargeted_white_box_eps0.0627_iter6,0.40909090909090917,0.2545454545454546,0.98830587,45.50958599579681,0.9982313513755798,0.9994356632232666,0.11845441907644272,0.01819545030593872,365796,0.0084248725,0.004583291709423065,0.004581110551953316,0.004587696399539709
441286,dct_high_nontargeted_white_box_eps0.0627_iter3,1.0000000000000002,0.6666666666666669,0.9957984,50.868711245653344,0.9993443489074707,0.9997863173484802,0.07795112580060959,0.0077054500579833984,252520,0.0046097143,0.002569042146205902,0.002568350173532963,0.0025788440834730864
279541,dct_high_nontargeted_white_box_eps0.0627_iter1,0.398989898989899,0.3939393939393939,0.9991188,58.06594228516314,0.9998718500137329,0.999965250492096,0.005140130408108234,0.00024890899658203125,252734,0.0021624556,0.0012522387551143765,0.0012476206757128239,0.0012346116127446294
885,dct_high_nontargeted_white_box_eps0.0627_iter7,0.4545454545454546,0.3772727272727273,0.97440654,45.01813829493861,0.9963244795799255,0.9980964064598083,0.24836419522762299,0.057299017906188965,360139,0.008750854,0.0048482599668204784,0.004818185698240995,0.004882682114839554
156076,dct_high_nontargeted_white_box_eps0.0627_iter2,0.13636363636363638,0.12396694214876035,0.9979965,53.16958338529058,0.999700665473938,0.999917209148407,0.05738196149468422,0.001133739948272705,200039,0.0035596816,0.0019252639031037688,0.0019226684235036373,0.0019186617573723197
39551,dct_high_nontargeted_white_box_eps0.0627_iter5,1.0000000000000002,0.7500000000000002,0.9876046,47.815728300567514,0.9979433417320251,0.9993255138397217,0.16346797347068787,0.015309929847717285,315866,0.0063193445,0.0035158873070031404,0.003519591875374317,0.0035383831709623337
56344,dct_high_nontargeted_white_box_eps0.0627_iter2,0.6000000000000002,0.5909090909090909,0.9967725,53.525026167803915,0.9995542764663696,0.9998384118080139,0.07064920663833618,0.0030940771102905273,182317,0.0033004528,0.001773920259438455,0.0017701205797493458,0.0017693940317258239
193348,dct_high_nontargeted_white_box_eps0.0627_iter10,0.5000000000000001,0.3333333333333334,0.9764814,45.23658062802225,0.9964112043380737,0.9987190961837769,0.23710933327674866,0.03013557195663452,346345,0.008151151,0.004388793837279081,0.004383373074233532,0.0044414931908249855
16958,dct_high_nontargeted_white_box_eps0.0627_iter4,0.4242424242424243,0.38181818181818183,0.99166507,48.723064212275915,0.998806357383728,0.9995455145835876,0.14337781071662903,0.014894485473632812,321177,0.005781388,0.003140366869047284,0.0031105452217161655,0.0031347444746643305
341681,dct_high_nontargeted_white_box_eps0.0627_iter4,1.0000000000000002,0.7500000000000002,0.98987514,49.05194822573027,0.9984380602836609,0.9995338320732117,0.16188792884349823,0.012594938278198242,301839,0.0054775155,0.002966110361739993,0.0029626204632222652,0.0029997380916029215
83172,dct_high_nontargeted_white_box_eps0.0627_iter18,0.5000000000000001,0.4285714285714287,0.94065064,40.59647256186332,0.9905692338943481,0.9957634806632996,0.288534015417099,0.06037330627441406,387569,0.013793813,0.007514101918786764,0.007449908647686243,0.007540937513113022
343524,dct_high_nontargeted_white_box_eps0.0627_iter6,0.6666666666666669,0.5000000000000001,0.984353,46.99463325931333,0.9975458979606628,0.9992524981498718,0.18479475378990173,0.019311845302581787,329663,0.0068333154,0.0036932046059519053,0.003680453635752201,0.0037142052315175533
395801,dct_high_nontargeted_white_box_eps0.0627_iter1,0.2575757575757576,0.2207792207792208,0.9989181,58.038960942934835,0.9998440742492676,0.9999386668205261,0.012873713858425617,0.0006068944931030273,246806,0.0021705488,0.001253130380064249,0.0012515353737398982,0.0012530722888186574
388056,dct_high_nontargeted_white_box_eps0.0627_iter7,0.8787878787878789,0.6994949494949496,0.98286027,44.42466947812343,0.9974462985992432,0.9992930889129639,0.17274442315101624,0.02115386724472046,373755,0.009536994,0.005269186571240425,0.005246924702078104,0.005284394137561321
235836,dct_high_nontargeted_white_box_eps0.0627_iter18,0.3750000000000001,0.2828282828282829,0.95815796,38.32907383367953,0.9938156008720398,0.997919499874115,0.19907274842262268,0.03697293996810913,400300,0.018637396,0.010072573088109493,0.010013866238296032,0.010147375985980034
343218,dct_high_nontargeted_white_box_eps0.0627_iter14,0.38636363636363646,0.3361742424242425,0.9516279,41.03225224747277,0.992572546005249,0.9977080821990967,0.26988643407821655,0.057282447814941406,387629,0.013437257,0.007300719618797302,0.007265410386025906,0.007386213634163141
205105,dct_high_nontargeted_white_box_eps0.0627_iter2,0.6969696969696971,0.5454545454545456,0.9966704,53.57461341521167,0.9995014071464539,0.9997501373291016,0.08661209046840668,0.005494117736816406,178235,0.0032687539,0.0017655139090493321,0.0017514494247734547,0.0017439781222492456
371677,dct_high_nontargeted_white_box_eps0.0627_iter1,0.3333333333333334,0.29924242424242425,0.99905616,58.04622099015632,0.9998592734336853,0.9999497532844543,0.012352739460766315,0.0008946061134338379,241264,0.0021684347,0.0012493510730564594,0.0012513718102127314,0.0012507438659667969
308531,dct_high_nontargeted_white_box_eps0.0627_iter3,0.3333333333333334,0.25000000000000006,0.9946174,50.31144922573282,0.99919193983078,0.9997844696044922,0.1319052129983902,0.005774736404418945,254746,0.005004947,0.0028003696352243423,0.002789469435811043,0.0027636904269456863
455352,dct_high_nontargeted_white_box_eps0.0627_iter3,1.0000000000000002,0.5000000000000001,0.99527305,51.15518277327944,0.9992837905883789,0.9997345209121704,0.07388709485530853,0.007515609264373779,252909,0.004432241,0.002475565765053034,0.0024695845786482096,0.0024383426643908024
236914,dct_high_nontargeted_white_box_eps0.0627_iter1,0.25000000000000006,0.20000000000000004,0.9990236,58.228527032767374,0.999874472618103,0.9999621510505676,0.012629995122551918,0.0005493760108947754,237144,0.0020957869,0.0012091451790183783,0.0012068510986864567,0.0011812507873401046
232684,dct_high_nontargeted_white_box_eps0.0627_iter4,0.5000000000000001,0.3333333333333334,0.97444123,49.869829939871266,0.9975032806396484,0.997377872467041,0.243305042386055,0.03095453977584839,219478,0.004561854,0.00250294990837574,0.002475123619660735,0.0024649163242429495
290843,dct_high_nontargeted_white_box_eps0.0627_iter1,0.25000000000000006,0.20000000000000004,0.99869394,58.03416211442781,0.999804675579071,0.9999091029167175,0.00950365699827671,0.0006078481674194336,240492,0.0021719576,0.001253975206054747,0.0012539607705548406,0.0012539580930024385
519522,dct_high_nontargeted_white_box_eps0.0627_iter3,0.6363636363636365,0.31818181818181823,0.9939282,50.54414206976574,0.9990989565849304,0.9996470808982849,0.11699617654085159,0.00741422176361084,251383,0.0048306105,0.0026955455541610718,0.0026831659488379955,0.002708206884562969
167486,dct_high_nontargeted_white_box_eps0.0627_iter2,0.27272727272727276,0.18636363636363637,0.9974739,53.428325193914745,0.9996256232261658,0.999871015548706,0.062048669904470444,0.0020372867584228516,186254,0.0033833345,0.0018352314364165068,0.0018231433350592852,0.0017835056642070413
392228,dct_high_nontargeted_white_box_eps0.0627_iter6,1.0000000000000002,0.5000000000000001,0.98430777,46.923772813946,0.9976625442504883,0.9988700151443481,0.17193566262722015,0.015234947204589844,337385,0.006924229,0.003791534574702382,0.0037757998798042536,0.0036236238665878773
488673,dct_high_nontargeted_white_box_eps0.0627_iter8,0.13636363636363638,0.1303030303030303,0.97842485,43.848672818565134,0.9970778226852417,0.9989813566207886,0.15525203943252563,0.023697316646575928,373870,0.010026198,0.0054588112980127335,0.005437076557427645,0.00548062426969409
191013,dct_high_nontargeted_white_box_eps0.0627_iter1,0.6363636363636365,0.4318181818181819,0.99902123,58.04024209236418,0.9998595714569092,0.9999589323997498,0.005523474887013435,0.0003638267517089844,247709,0.0021702617,0.0012525920756161213,0.0012537689181044698,0.0012502599274739623
163562,dct_high_nontargeted_white_box_eps0.0627_iter4,1.0000000000000002,0.6666666666666669,0.99138784,49.32054916669234,0.9987269639968872,0.9995794892311096,0.16322174668312073,0.015223503112792969,296882,0.005280152,0.0028391489759087563,0.0028280671685934067,0.0028637582436203957
136355,dct_high_nontargeted_white_box_eps0.0627_iter16,0.20454545454545459,0.18887670770787657,0.94493407,40.04150948398235,0.9920129776000977,0.9970047473907471,0.2903934717178345,0.07161521911621094,390849,0.014961912,0.008131046779453754,0.008070871233940125,0.00821775570511818
492362,dct_high_nontargeted_white_box_eps0.0627_iter7,0.23376623376623382,0.23140495867768604,0.9826942,44.55134356009469,0.9975361227989197,0.9992043972015381,0.1511085331439972,0.013708353042602539,370436,0.009357025,0.005166633054614067,0.0051356470212340355,0.005193791352212429
232563,dct_high_nontargeted_white_box_eps0.0627_iter2,0.3636363636363637,0.27272727272727276,0.99720985,53.492010389032885,0.9995869398117065,0.9998659491539001,0.049197446554899216,0.0021179914474487305,190701,0.00333668,0.0017866630805656314,0.001784482621587813,0.0017849081195890903
10977,dct_high_nontargeted_white_box_eps0.0627_iter5,0.5000000000000001,0.3750000000000001,0.98739004,47.64635697489135,0.9981544017791748,0.9994104504585266,0.17060191929340363,0.025827467441558838,330768,0.0064421697,0.0035791366826742887,0.003556264331564307,0.0035499597433954477
51598,dct_high_nontargeted_white_box_eps0.0627_iter2,0.5000000000000001,0.3333333333333334,0.9956314,53.32049359807378,0.999311625957489,0.9990949034690857,0.09558357298374176,0.0050841569900512695,185058,0.0034240836,0.0018634491134434938,0.0018571126274764538,0.0018500894075259566
32285,dct_high_nontargeted_white_box_eps0.0627_iter1,1.0000000000000002,0.5000000000000001,0.9987057,58.03781285358725,0.9998094439506531,0.9999046921730042,0.01883498579263687,0.0016952753067016602,244504,0.0021708237,0.0012536681024357677,0.0012534226989373565,0.001251640496775508
520910,dct_high_nontargeted_white_box_eps0.0627_iter3,0.6666666666666669,0.4000000000000001,0.9930485,50.78216247023882,0.99896639585495,0.9993895888328552,0.13975897431373596,0.011090755462646484,250915,0.0046664495,0.0026041027158498764,0.002595622558146715,0.0026154303923249245
206411,dct_high_nontargeted_white_box_eps0.0627_iter2,1.0000000000000002,0.4000000000000001,0.9968295,53.715399871057826,0.999531626701355,0.9998343586921692,0.06251963973045349,0.005003631114959717,178320,0.0031868676,0.0016908207908272743,0.0016920083435252309,0.0017017286736518145
17436,dct_high_nontargeted_white_box_eps0.0627_iter3,0.5000000000000001,0.38636363636363646,0.99538803,50.44158067605317,0.9993104338645935,0.9998257160186768,0.06820350140333176,0.004658043384552002,253767,0.0049190396,0.0027634231373667717,0.002745450474321842,0.002670522313565016
177934,dct_high_nontargeted_white_box_eps0.0627_iter2,0.4545454545454546,0.37878787878787884,0.99780655,52.896427787674234,0.9996774196624756,0.9999033212661743,0.06797276437282562,0.0020743608474731445,219952,0.0037728972,0.002076638862490654,0.00202841404825449,0.002039873506873846
165518,dct_high_nontargeted_white_box_eps0.0627_iter4,0.5000000000000001,0.25000000000000006,0.9922778,50.13428175679772,0.9988161325454712,0.9995805621147156,0.051799625158309937,0.0034309029579162598,264993,0.004692781,0.0025066970847547054,0.002509874291718006,0.002522699534893036
571718,dct_high_nontargeted_white_box_eps0.0627_iter2,0.2272727272727273,0.2234848484848485,0.9977402,53.15887635815045,0.9996864795684814,0.9999072551727295,0.07416556030511856,0.0020575523376464844,201679,0.0035649652,0.0019227111479267478,0.0019230194156989455,0.0019353360403329134
134886,dct_high_nontargeted_white_box_eps0.0627_iter5,0.7272727272727275,0.5681818181818183,0.9846886,47.42786434554795,0.9975183010101318,0.998701810836792,0.23321294784545898,0.03804433345794678,334030,0.0066963527,0.0037237924989312887,0.003716452047228813,0.0036978721618652344
485895,dct_high_nontargeted_white_box_eps0.0627_iter1,1.0000000000000002,0.5000000000000001,0.99908346,58.03426691890108,0.9998636245727539,0.9999645352363586,0.015709588304162025,0.0015991926193237305,250706,0.0021719313,0.001253996160812676,0.001253998838365078,0.0012538168812170625
287545,dct_high_nontargeted_white_box_eps0.0627_iter3,1.0000000000000002,0.8484848484848483,0.99574894,51.10350826487264,0.9993764162063599,0.9998119473457336,0.08613413572311401,0.006852865219116211,252590,0.0044608535,0.002480024704709649,0.0024806910660117865,0.0024907945189625025
577182,dct_high_nontargeted_white_box_eps0.0627_iter8,0.6818181818181819,0.6666666666666669,0.9865639,44.37089229639489,0.9980120658874512,0.9995334148406982,0.16101422905921936,0.023519575595855713,364485,0.009303969,0.005055112764239311,0.005014474969357252,0.005071493797004223
289222,dct_high_nontargeted_white_box_eps0.0627_iter4,0.4545454545454546,0.4242424242424243,0.9922928,48.94232707854279,0.9989155530929565,0.9996582865715027,0.1110936626791954,0.01545017957687378,313618,0.0056075836,0.0030232174322009087,0.003024082165211439,0.0030383076518774033
372819,dct_high_nontargeted_white_box_eps0.0627_iter1,0.3090909090909092,0.2545454545454546,0.99937075,58.03833593035455,0.9998984336853027,0.9999794363975525,0.010908134281635284,0.0002905726432800293,266558,0.0021706738,0.0012530472595244646,0.0012528306106105447,0.001252393121831119
310072,dct_high_nontargeted_white_box_eps0.0627_iter15,0.24242424242424246,0.17532467532467536,0.9627107,40.985008424981906,0.9942622184753418,0.9983512163162231,0.2484932541847229,0.0437619686126709,385428,0.01333208,0.00727033382281661,0.007231823168694973,0.007370625622570515
87144,dct_high_nontargeted_white_box_eps0.0627_iter2,0.38636363636363646,0.3090909090909092,0.99795705,53.11980825548605,0.9997174739837646,0.9999095797538757,0.05941285565495491,0.0020102262496948242,206328,0.0036090177,0.0019461801275610924,0.0019415017450228333,0.0019461044576019049
430875,dct_high_nontargeted_white_box_eps0.0627_iter6,0.6363636363636365,0.5000000000000001,0.97733855,46.283442126786824,0.9963130950927734,0.9976813793182373,0.27308526635169983,0.05862319469451904,346475,0.007531916,0.0040772659704089165,0.00408818619325757,0.004129176959395409
60347,dct_high_nontargeted_white_box_eps0.0627_iter7,0.5000000000000001,0.3333333333333334,0.9902132,44.843097874715276,0.9985537528991699,0.9996223449707031,0.10185621678829193,0.014895915985107422,372427,0.009067437,0.004976315423846245,0.004960843827575445,0.004963620100170374
42070,dct_high_nontargeted_white_box_eps0.0627_iter5,0.3333333333333334,0.14285714285714288,0.9921114,47.745192128096676,0.9989461898803711,0.999593198299408,0.09068308770656586,0.006243884563446045,331204,0.0064144754,0.003538733348250389,0.0035250072833150625,0.00355442613363266
420916,dct_high_nontargeted_white_box_eps0.0627_iter8,0.3333333333333334,0.2575757575757576,0.9819773,43.859467080802794,0.9973000288009644,0.9990702271461487,0.19654782116413116,0.035951435565948486,374602,0.010029503,0.005443706642836332,0.005400369875133038,0.005462350323796272
296224,dct_high_nontargeted_white_box_eps0.0627_iter12,0.3333333333333334,0.23737373737373738,0.9696996,41.72058608441901,0.9958249926567078,0.9985739588737488,0.17748188972473145,0.0360834002494812,384208,0.012529091,0.006747585721313953,0.006769170053303242,0.006787842605262995
122606,dct_high_nontargeted_white_box_eps0.0627_iter1,1.0000000000000002,0.6666666666666669,0.99921846,58.06416619985101,0.9998866319656372,0.999963641166687,0.013159040361642838,0.0003333091735839844,250292,0.002162943,0.0012402626452967525,0.0012483206810429692,0.0012474090326577425
311909,dct_high_nontargeted_white_box_eps0.0627_iter4,1.0000000000000002,0.5000000000000001,0.99391943,48.653101572754935,0.9991532564163208,0.9997062683105469,0.09041361510753632,0.010106265544891357,329420,0.005877006,0.003163584740832448,0.003164938185364008,0.003187938593327999
579893,dct_high_nontargeted_white_box_eps0.0627_iter4,1.0000000000000002,0.5000000000000001,0.9928383,49.605267583207834,0.9989403486251831,0.9997354745864868,0.15869876742362976,0.010971367359161377,289176,0.0050843083,0.0027224691584706306,0.0027096522971987724,0.0027309409342706203
284296,dct_high_nontargeted_white_box_eps0.0627_iter3,1.0000000000000002,0.5000000000000001,0.99664783,50.879842053728055,0.9994986057281494,0.9998605251312256,0.10440367460250854,0.007684946060180664,268566,0.0046423553,0.002543628215789795,0.0025597941130399704,0.002586781745776534
315001,dct_high_nontargeted_white_box_eps0.0627_iter4,0.18181818181818182,0.13636363636363635,0.9953343,48.15651338445532,0.9992746114730835,0.9998401999473572,0.03506563976407051,0.00550997257232666,355099,0.0063646226,0.0034523308277130127,0.0034418099094182253,0.003435513935983181
439715,dct_high_nontargeted_white_box_eps0.0627_iter2,0.4545454545454546,0.40909090909090917,0.9981852,52.94524675024802,0.9997135400772095,0.9999255537986755,0.061960503458976746,0.0019196867942810059,213384,0.0037282314,0.002023274078965187,0.002028965624049306,0.0020195413380861282
389566,dct_high_nontargeted_white_box_eps0.0627_iter1,0.7727272727272729,0.7670454545454547,0.9989907,58.04729186267582,0.9998525381088257,0.9999536275863647,0.016446227207779884,0.0006677508354187012,248669,0.0021674042,0.001251337118446827,0.0012517261784523726,0.001247482025064528
122927,dct_high_nontargeted_white_box_eps0.0627_iter3,1.0000000000000002,0.5000000000000001,0.99445295,51.42256028752794,0.9991580843925476,0.9997492432594299,0.16529607772827148,0.0067057013511657715,247430,0.0042539625,0.0023735484573990107,0.0023697642609477043,0.0023872717283666134
225532,dct_high_nontargeted_white_box_eps0.0627_iter2,0.2727272727272727,0.16363636363636364,0.9965165,53.56198050205044,0.9994892477989197,0.999752402305603,0.07297644764184952,0.0029482245445251465,178094,0.00326321,0.0017519471002742648,0.0017566930036991835,0.001758783357217908
13659,dct_high_nontargeted_white_box_eps0.0627_iter8,0.5151515151515152,0.47777777777777786,0.9784766,43.612317257262106,0.9970092177391052,0.9989895224571228,0.14943495392799377,0.026773810386657715,376122,0.010353061,0.00565937627106905,0.0056312126107513905,0.005692492239177227
203488,dct_high_nontargeted_white_box_eps0.0627_iter2,0.5000000000000001,0.3333333333333334,0.99683976,53.494834204681624,0.9995524287223816,0.9998264908790588,0.06797496974468231,0.004565238952636719,189148,0.0033409481,0.0017862163949757814,0.001781789236702025,0.001782238599844277
361268,dct_high_nontargeted_white_box_eps0.0627_iter1,1.0000000000000002,0.0,0.9992711,58.05395858715224,0.9998863935470581,0.9999648332595825,0.013093356043100357,0.00042128562927246094,252902,0.0021661078,0.0012510620290413499,0.0012516549322754145,0.0012420753482729197
414795,dct_high_nontargeted_white_box_eps0.0627_iter4,0.6060606060606061,0.6017666543982334,0.9945266,48.437600009653195,0.9991557002067566,0.9997223615646362,0.09017407149076462,0.008680939674377441,340366,0.006083921,0.00329663697630167,0.003283808007836342,0.0032932197209447622
508101,dct_high_nontargeted_white_box_eps0.0627_iter8,0.31818181818181823,0.21212121212121215,0.973196,44.05557844688857,0.9956182837486267,0.9979146718978882,0.25548839569091797,0.05567389726638794,371614,0.009747272,0.005337040405720472,0.0053106676787137985,0.00531120365485549
338624,dct_high_nontargeted_white_box_eps0.0627_iter12,0.3787878787878789,0.3097643097643098,0.9600043,40.78514235172914,0.9936978220939636,0.9982885718345642,0.252703458070755,0.06399917602539062,391279,0.014178492,0.007726867217570543,0.007642936892807484,0.007788125891238451
138492,dct_high_nontargeted_white_box_eps0.0627_iter10,0.5000000000000001,0.25000000000000006,0.9766181,44.299521925233265,0.9965068101882935,0.9989326596260071,0.20230484008789062,0.016088366508483887,363850,0.0092311585,0.005005692131817341,0.0049714925698935986,0.004983654711395502
226592,dct_high_nontargeted_white_box_eps0.0627_iter2,1.0000000000000002,0.5000000000000001,0.9979649,53.19094531805266,0.9997189044952393,0.9999128580093384,0.048109039664268494,0.002019226551055908,207113,0.0035596956,0.0019181035459041595,0.0019136397168040276,0.0019085785606876016
378454,dct_high_nontargeted_white_box_eps0.0627_iter4,1.0000000000000002,0.6666666666666669,0.9906568,48.95065398154641,0.9985253810882568,0.9991109371185303,0.18624646961688995,0.01631563901901245,316180,0.005611887,0.003034088294953108,0.003015942871570587,0.0030288046691566706
20059,dct_high_nontargeted_white_box_eps0.0627_iter6,1.0000000000000002,0.3333333333333334,0.989757,45.61440605952128,0.9983267188072205,0.9996641278266907,0.1501949578523636,0.03095400333404541,368831,0.008355226,0.004506520461291075,0.004459274001419544,0.00449327053502202
227686,dct_high_nontargeted_white_box_eps0.0627_iter1,1.0000000000000002,0.0,0.99925995,58.08063260846477,0.9998879432678223,0.9999791383743286,0.0043357256799936295,0.0004576444625854492,252276,0.0021556076,0.0012463709572330117,0.0012426963075995445,0.001232797745615244
476215,dct_high_nontargeted_white_box_eps0.0627_iter3,1.0000000000000002,0.9242424242424243,0.9943219,50.59846704467528,0.9990963935852051,0.9994495511054993,0.14345690608024597,0.014498353004455566,250521,0.004789476,0.0026872442103922367,0.0026705279015004635,0.0026722820475697517
247917,dct_high_nontargeted_white_box_eps0.0627_iter3,0.7272727272727274,0.5454545454545455,0.99602824,49.961597581958586,0.999441385269165,0.9998271465301514,0.02011025696992874,0.0015109777450561523,248437,0.0052594133,0.0029491514433175325,0.0029461246449500322,0.0029524550773203373
439522,dct_high_nontargeted_white_box_eps0.0627_iter2,1.0000000000000002,0.5000000000000001,0.9962452,53.66509929933641,0.9994596838951111,0.9996863007545471,0.06904375553131104,0.0025954842567443848,179655,0.0032180892,0.0017184811877086759,0.0017185179749503732,0.0017081977566704154
479448,dct_high_nontargeted_white_box_eps0.0627_iter1,0.19191919191919196,0.057808857808857805,0.9990034,58.06451405625157,0.9998644590377808,0.9999598264694214,0.011448303237557411,0.00041687488555908203,240055,0.002163436,0.001253945636563003,0.0012492233654484153,0.0012325267307460308
26690,dct_high_nontargeted_white_box_eps0.0627_iter11,0.15151515151515152,0.10795657105817531,0.96815974,43.368899722567555,0.9957286715507507,0.9983216524124146,0.20907002687454224,0.031903743743896484,367544,0.01020785,0.005602801218628883,0.0055909412913024426,0.005600219592452049
558854,dct_high_nontargeted_white_box_eps0.0627_iter4,0.7575757575757577,0.7142857142857144,0.99185973,48.64304271902988,0.9988735914230347,0.9996585249900818,0.11742773652076721,0.006270051002502441,325541,0.005859478,0.0031800768338143826,0.00316509697586298,0.003191715106368065
176901,dct_high_nontargeted_white_box_eps0.0627_iter3,0.5000000000000001,0.3333333333333334,0.993279,50.59588743993186,0.9989370107650757,0.9996615648269653,0.1839366853237152,0.01170647144317627,249830,0.0047867405,0.0026757176965475082,0.0026758890599012375,0.002683594822883606
334767,dct_high_nontargeted_white_box_eps0.0627_iter14,0.40909090909090917,0.1745454545454546,0.96408564,39.84182332482843,0.9946339130401611,0.9985486268997192,0.20581582188606262,0.055768489837646484,396073,0.015794305,0.008502300828695297,0.00851350836455822,0.008639776147902012
301563,dct_high_nontargeted_white_box_eps0.0627_iter3,0.3333333333333334,0.25000000000000006,0.99359506,50.60967109871072,0.9989756345748901,0.9996057748794556,0.13849222660064697,0.014130353927612305,244586,0.004768324,0.002672871109098196,0.0026685481425374746,0.0026746660005301237
86755,dct_high_nontargeted_white_box_eps0.0627_iter7,0.18181818181818185,0.13636363636363638,0.9835933,45.42107110542878,0.9974842071533203,0.9987381100654602,0.1680062711238861,0.03828716278076172,357164,0.008335184,0.00458300719037652,0.004563179798424244,0.0045826188288629055
194471,dct_high_nontargeted_white_box_eps0.0627_iter17,0.5000000000000001,0.4000000000000001,0.93572575,40.26940174971371,0.9908390045166016,0.9967467784881592,0.27942025661468506,0.04550755023956299,390834,0.014513948,0.00769047299399972,0.007978463545441628,0.008067934773862362
420281,dct_high_nontargeted_white_box_eps0.0627_iter4,0.31818181818181823,0.25000000000000006,0.99325293,49.53955201769075,0.999060869216919,0.99969482421875,0.08634763956069946,0.005213320255279541,289859,0.005132763,0.0027553474064916372,0.002755823079496622,0.0027617155574262142
533206,dct_high_nontargeted_white_box_eps0.0627_iter4,0.5000000000000001,0.4285714285714287,0.99124354,49.081586228767975,0.99875807762146,0.9996736645698547,0.1559242308139801,0.008442103862762451,305337,0.0054703914,0.0029654300305992365,0.0029564618598669767,0.0029179472476243973
99810,dct_high_nontargeted_white_box_eps0.0627_iter13,0.45454545454545464,0.38484848484848494,0.9537793,42.42383420888467,0.992972731590271,0.9972667098045349,0.3908708393573761,0.08043450117111206,380420,0.01140379,0.0062344991602003574,0.006208719220012426,0.0063165463507175446
334483,dct_high_nontargeted_white_box_eps0.0627_iter12,0.12121212121212122,0.11239669421487605,0.96838886,41.001855325941925,0.9956740736961365,0.9982940554618835,0.1688828468322754,0.0292818546295166,388052,0.013712692,0.007486358750611544,0.007438440341502428,0.007549846079200506
404805,dct_high_nontargeted_white_box_eps0.0627_iter14,0.5000000000000001,0.3333333333333334,0.9649964,41.56700965671619,0.9945213198661804,0.9983424544334412,0.23338469862937927,0.05205601453781128,385166,0.012602777,0.006814721971750259,0.006746111903339624,0.006855000276118517
2261,dct_high_nontargeted_white_box_eps0.0627_iter21,0.5000000000000001,0.3750000000000001,0.94520885,38.72556520357191,0.9916579127311707,0.997186541557312,0.2524278163909912,0.07725787162780762,397225,0.017356833,0.009421011433005333,0.009351312182843685,0.009537016972899437
36844,dct_high_nontargeted_white_box_eps0.0627_iter5,0.20454545454545459,0.19696969696969696,0.98886037,47.29995134891874,0.9983655214309692,0.9994012117385864,0.13078784942626953,0.018428504467010498,335531,0.0067995596,0.003773234086111188,0.003760881721973419,0.0037745414301753044
12576,dct_high_nontargeted_white_box_eps0.0627_iter1,0.4805194805194806,0.4545454545454546,0.9993105,58.050900658003684,0.9999027252197266,0.999968945980072,0.003235090058296919,0.00013828277587890625,246567,0.0021664384,0.0012480615405365825,0.0012481044977903366,0.001251250971108675
361238,dct_high_nontargeted_white_box_eps0.0627_iter3,0.39393939393939403,0.3636363636363637,0.9949631,50.55190169594588,0.9992812871932983,0.999809741973877,0.08626796305179596,0.006362795829772949,245418,0.0048195194,0.002714572474360466,0.00268228049390018,0.0026558267418295145
108253,dct_high_nontargeted_white_box_eps0.0627_iter7,0.19318181818181823,0.05454545454545455,0.9829176,45.36126885273815,0.9977020025253296,0.999117374420166,0.13933393359184265,0.01936095952987671,353168,0.008341235,0.004646222572773695,0.00461127795279026,0.004554940853267908
319935,dct_high_nontargeted_white_box_eps0.0627_iter7,0.24675324675324678,0.24675324675324675,0.9800804,44.89745526496342,0.9969128370285034,0.9991312026977539,0.21864454448223114,0.03464984893798828,363982,0.008896963,0.0049231648445129395,0.00487320963293314,0.00493287667632103
3934,dct_high_nontargeted_white_box_eps0.0627_iter1,0.41818181818181827,0.40909090909090917,0.9990584,58.03663597584251,0.9998670816421509,0.9999582767486572,0.005135181825608015,0.00022733211517333984,245374,0.002171264,0.0012536871945485473,0.0012532215332612395,0.0012528523802757263
29596,dct_high_nontargeted_white_box_eps0.0627_iter14,0.3750000000000001,0.3429752066115703,0.9525986,40.71762598916101,0.9928436279296875,0.99750155210495,0.2721683979034424,0.05902695655822754,386780,0.013877562,0.007603958714753389,0.007512091193348169,0.007572252303361893
77460,dct_high_nontargeted_white_box_eps0.0627_iter25,0.10227272727272727,0.0974025974025974,0.91705275,37.714887018821415,0.9875843524932861,0.9959569573402405,0.3031243681907654,0.0903090238571167,399738,0.019176444,0.01040569692850113,0.010291025973856449,0.010623050853610039
14439,dct_high_nontargeted_white_box_eps0.0627_iter1,0.15681818181818183,0.14214876033057852,0.9992547,58.141589935217446,0.9998828768730164,0.999973714351654,0.015061960555613041,0.000538945198059082,244648,0.002142648,0.0012411869829520583,0.0012524038320407271,0.0011763949878513813
447314,dct_high_nontargeted_white_box_eps0.0627_iter10,0.6363636363636365,0.5000000000000001,0.9699145,43.47080578879832,0.9951826930046082,0.9981904625892639,0.2396666258573532,0.057555198669433594,371038,0.010189832,0.0055266451090574265,0.0055085234344005585,0.005530111026018858
181303,dct_high_nontargeted_white_box_eps0.0627_iter1,0.3333333333333334,0.25000000000000006,0.99908525,58.042385415170266,0.9998610019683838,0.9999656081199646,0.018669115379452705,0.000565946102142334,250590,0.002169433,0.001252650865353644,0.0012520140735432506,0.0012501197634264827
58350,dct_high_nontargeted_white_box_eps0.0627_iter5,0.38636363636363646,0.3636363636363637,0.98585755,47.41389618387021,0.9982562065124512,0.9992879629135132,0.13610441982746124,0.01902484893798828,321475,0.0066510863,0.003694855608046055,0.0036868455354124308,0.0036901035346090794
26465,dct_high_nontargeted_white_box_eps0.0627_iter8,0.3333333333333334,0.22222222222222227,0.9765946,44.95778911107935,0.996548056602478,0.9987098574638367,0.20870329439640045,0.03657519817352295,360192,0.008665239,0.004690214525908232,0.0046501485630869865,0.004745809826999903
246968,dct_high_nontargeted_white_box_eps0.0627_iter6,0.3333333333333334,0.28787878787878796,0.98497444,46.063478687017046,0.9978348612785339,0.9993517994880676,0.17895115911960602,0.031032443046569824,346941,0.007726806,0.004200912546366453,0.004194780718535185,0.0042284345254302025
536947,dct_high_nontargeted_white_box_eps0.0627_iter5,0.25000000000000006,0.2380952380952381,0.98966265,47.05541224641198,0.9984327554702759,0.999475359916687,0.12333168089389801,0.02363741397857666,345175,0.007060445,0.0039052183274179697,0.0038951141759753227,0.003929943311959505
286182,dct_high_nontargeted_white_box_eps0.0627_iter9,0.2545454545454546,0.21742424242424246,0.9802432,43.248637711193176,0.99715256690979,0.9989911913871765,0.12233422696590424,0.013604879379272461,377458,0.010695412,0.0059116678312420845,0.005913456901907921,0.005835135001689196
380913,dct_high_nontargeted_white_box_eps0.0627_iter4,0.3333333333333334,0.16363636363636366,0.99269706,48.561775002705254,0.9989978075027466,0.9997205138206482,0.1376567780971527,0.0191648006439209,324288,0.0059078215,0.0031947968527674675,0.00321781518869102,0.0032258492428809404
32887,dct_high_nontargeted_white_box_eps0.0627_iter5,0.18181818181818185,0.14285714285714288,0.99296397,47.579199536932116,0.9990044832229614,0.999703049659729,0.10594680160284042,0.013128936290740967,338137,0.0066005886,0.00363794039003551,0.0036240387707948685,0.0036420896649360657
517687,dct_high_nontargeted_white_box_eps0.0627_iter13,0.3333333333333334,0.2575757575757575,0.9678047,42.226590820279156,0.9947983026504517,0.9984425902366638,0.2473052442073822,0.05496656894683838,379198,0.011640503,0.006385055836290121,0.006342304404824972,0.006432774476706982
213035,dct_high_nontargeted_white_box_eps0.0627_iter3,0.12121212121212122,0.09090909090909093,0.99354833,50.9964727812219,0.9990338087081909,0.9994689226150513,0.1433572620153427,0.013959169387817383,236553,0.004489565,0.0025206785649061203,0.0025073972065001726,0.002510082209482789
399205,dct_high_nontargeted_white_box_eps0.0627_iter2,0.21212121212121215,0.1986531986531986,0.9983456,52.978902590849906,0.9997531771659851,0.9999303817749023,0.04427848756313324,0.002012789249420166,213008,0.0036911562,0.002006102818995714,0.0020037898793816566,0.002015808131545782
349837,dct_high_nontargeted_white_box_eps0.0627_iter12,0.6363636363636365,0.5000000000000001,0.9587272,42.965604479254566,0.9937331080436707,0.9969077706336975,0.35362058877944946,0.09536123275756836,376819,0.010755322,0.005822612438350916,0.005796707235276699,0.005893307738006115
350002,dct_high_nontargeted_white_box_eps0.0627_iter3,0.5000000000000001,0.25000000000000006,0.9939092,50.41630513598713,0.9990934729576111,0.9997482895851135,0.11237321048974991,0.007736563682556152,248622,0.0049190135,0.0027522889431566,0.002755401423200965,0.002747958293184638
131431,dct_high_nontargeted_white_box_eps0.0627_iter3,1.0000000000000002,0.5000000000000001,0.9953311,50.88758410590056,0.9992934465408325,0.9998198747634888,0.09270885586738586,0.0056008100509643555,254105,0.0046072244,0.0025697550736367702,0.002559336367994547,0.0025648174341768026
356248,dct_high_nontargeted_white_box_eps0.0627_iter17,0.1931818181818182,0.19313841238974927,0.9508729,39.37275421240836,0.9925553798675537,0.9971480965614319,0.17114821076393127,0.030203700065612793,394912,0.016239494,0.00891311839222908,0.008754899725317955,0.00898507609963417
334399,dct_high_nontargeted_white_box_eps0.0627_iter6,0.25000000000000006,0.2272727272727273,0.9832585,46.45238374391649,0.9976474642753601,0.9990306496620178,0.19060668349266052,0.023575425148010254,335107,0.0072785337,0.003984117414802313,0.003933883737772703,0.0039552487432956696
363666,dct_high_nontargeted_white_box_eps0.0627_iter18,0.20454545454545459,0.1993746993746994,0.93758696,38.04973286386951,0.9917581081390381,0.9968187212944031,0.23754815757274628,0.05352425575256348,400095,0.019168962,0.010206412523984909,0.01038851123303175,0.010633762925863266
507235,dct_high_nontargeted_white_box_eps0.0627_iter1,0.27272727272727276,0.13636363636363638,0.9994088,58.03710567857365,0.9999276995658875,0.9999696612358093,0.0023165554739534855,0.0003352165222167969,245198,0.0021711155,0.0012533580884337425,0.0012529880041256547,0.0012529849773272872
169996,dct_high_nontargeted_white_box_eps0.0627_iter3,0.5454545454545455,0.5000000000000001,0.99543446,49.970389089487135,0.9993486404418945,0.9997876286506653,0.08869238197803497,0.007862389087677002,253629,0.00526024,0.0029504522681236267,0.002947490895166993,0.0029416768811643124
226417,dct_high_nontargeted_white_box_eps0.0627_iter4,0.4431818181818183,0.42424242424242437,0.9932452,48.16050229049861,0.9990214109420776,0.9997507333755493,0.14270642399787903,0.018522202968597412,345279,0.006309437,0.0034358168486505747,0.0034266228321939707,0.003457702463492751
481573,dct_high_nontargeted_white_box_eps0.0627_iter2,0.5000000000000001,0.3333333333333334,0.9969278,53.63282524106906,0.9996792078018188,0.9999093413352966,0.015388773754239082,0.000792384147644043,173992,0.0032757842,0.0017118838150054216,0.0017431916203349829,0.0017632863018661737
123480,dct_high_nontargeted_white_box_eps0.0627_iter4,0.3333333333333334,0.25000000000000006,0.990772,49.514474289941575,0.9985654354095459,0.9993501305580139,0.13812795281410217,0.014669656753540039,289593,0.0051446934,0.002759789116680622,0.0027629039250314236,0.002780950628221035
178028,dct_high_nontargeted_white_box_eps0.0627_iter6,0.20000000000000004,0.18750000000000006,0.9849059,46.37391731537115,0.9978317022323608,0.9993181228637695,0.13277015089988708,0.013692736625671387,347353,0.0074666147,0.0040523586794734,0.004057079553604126,0.004023542162030935
345027,dct_high_nontargeted_white_box_eps0.0627_iter16,0.25000000000000006,0.22222222222222227,0.94579715,40.18749872914828,0.9912766814231873,0.9925557971000671,0.28459903597831726,0.06496316194534302,391015,0.014740846,0.0080043850466609,0.007957094348967075,0.00807039812207222
140658,dct_high_nontargeted_white_box_eps0.0627_iter2,1.0000000000000002,0.5000000000000001,0.9973971,53.744152512139294,0.9996097087860107,0.9998588562011719,0.04690840095281601,0.0012807846069335938,192844,0.0032027296,0.0017033176263794303,0.0016770130023360252,0.0016922567738220096
102644,dct_high_nontargeted_white_box_eps0.0627_iter1,1.0000000000000002,0.3333333333333334,0.99863094,58.03406131779215,0.9998012781143188,0.9999312162399292,0.010827179998159409,0.0011734962463378906,245388,0.0021719881,0.0012539953459054232,0.0012539929011836648,0.0012539972085505724
581615,dct_high_nontargeted_white_box_eps0.0627_iter4,1.0000000000000002,0.5000000000000001,0.99215823,49.77388091946345,0.9987887144088745,0.999443531036377,0.09067291021347046,0.007237792015075684,281625,0.0049683736,0.0026561073027551174,0.002659125253558159,0.002671732334420085
279887,dct_high_nontargeted_white_box_eps0.0627_iter2,0.18181818181818182,0.09090909090909091,0.9972806,53.20639400095706,0.9996079206466675,0.9999074339866638,0.08420071005821228,0.0033853650093078613,199516,0.003533725,0.0019018548773601651,0.0019089889246970415,0.0019083087099716067
230008,dct_high_nontargeted_white_box_eps0.0627_iter2,0.8484848484848486,0.6363636363636365,0.99758667,53.36869346457302,0.9996417760848999,0.9999327063560486,0.11193712055683136,0.0032191872596740723,198090,0.0034383272,0.0018387238960713148,0.0018342165276408195,0.0018356273649260402
323709,dct_high_nontargeted_white_box_eps0.0627_iter1,1.0000000000000002,0.5000000000000001,0.99864525,58.042359529304896,0.9997968673706055,0.9996432065963745,0.030816704034805298,0.0014333128929138184,243662,0.0021688717,0.0012515089474618435,0.0012513940455392003,0.0012518918374553323
452122,dct_high_nontargeted_white_box_eps0.0627_iter12,1.0000000000000002,0.5000000000000001,0.96046686,43.76229647692763,0.9937681555747986,0.9855186343193054,0.39812612533569336,0.11893284320831299,365592,0.009688731,0.0052681271918118,0.00523793138563633,0.005268947687000036
525322,dct_high_nontargeted_white_box_eps0.0627_iter4,0.5454545454545455,0.27272727272727276,0.989502,49.558543624737155,0.9983148574829102,0.9955506324768066,0.19873619079589844,0.028670907020568848,283546,0.005051059,0.0027030394412577152,0.002700627548620105,0.0027407824527472258
381639,dct_high_nontargeted_white_box_eps0.0627_iter1,0.18181818181818185,0.14545454545454548,0.99952286,58.264779205948955,0.99993896484375,0.9999613165855408,0.0013506937539204955,8.589029312133789e-05,249624,0.0020722211,0.0011874749325215816,0.0011890833266079426,0.0011907609878107905
217614,dct_high_nontargeted_white_box_eps0.0627_iter8,1.0000000000000002,0.5000000000000001,0.99036527,43.65780619406287,0.9985315799713135,0.9995781183242798,0.10370734333992004,0.024135172367095947,387960,0.010500285,0.005620425567030907,0.005576125346124172,0.005619776900857687
284445,dct_high_nontargeted_white_box_eps0.0627_iter7,0.1340909090909091,0.1212121212121212,0.985377,44.42809061616045,0.9979556798934937,0.9992573261260986,0.0851043313741684,0.01088106632232666,372771,0.0095233545,0.005263303406536579,0.005255992524325848,0.005243533756583929
187144,dct_high_nontargeted_white_box_eps0.0627_iter4,0.16363636363636364,0.16141001855287573,0.9923804,48.61344619667675,0.9988434314727783,0.9995711445808411,0.12231428921222687,0.009679317474365234,331291,0.0058621885,0.003197581972926855,0.003178730607032776,0.003162853419780731
273198,dct_high_nontargeted_white_box_eps0.0627_iter3,0.7878787878787881,0.6000000000000002,0.9959286,50.481592122631156,0.9994003176689148,0.9998244047164917,0.0822700709104538,0.005497992038726807,253411,0.0048818816,0.0027285197284072638,0.002720639342442155,0.0027222370263189077
95843,dct_high_nontargeted_white_box_eps0.0627_iter4,1.0000000000000002,0.5000000000000001,0.99067545,48.89185053700872,0.9985787272453308,0.9995692372322083,0.1629129946231842,0.019711732864379883,310804,0.0056187077,0.003037516726180911,0.0030536905396729708,0.00304427626542747
417779,dct_high_nontargeted_white_box_eps0.0627_iter4,0.6590909090909092,0.43939393939393945,0.9937882,48.62763764654254,0.999010443687439,0.9996379613876343,0.09618420898914337,0.009020686149597168,328110,0.005882858,0.003181343898177147,0.0031720625702291727,0.0031877763103693724
447342,dct_high_nontargeted_white_box_eps0.0627_iter5,0.4242424242424243,0.3636363636363637,0.99176764,46.58153937681994,0.9987878799438477,0.9996841549873352,0.15308977663516998,0.0204504132270813,362871,0.0075836573,0.004196553025394678,0.004168464336544275,0.004185931291431189
490125,dct_high_nontargeted_white_box_eps0.0627_iter5,0.23691460055096422,0.19650349650349652,0.98876673,46.895615321114015,0.9983651041984558,0.9995267391204834,0.1684029996395111,0.02112758159637451,351636,0.0072325254,0.003998518921434879,0.003987507428973913,0.004020934924483299
561009,dct_high_nontargeted_white_box_eps0.0627_iter4,1.0000000000000002,0.3333333333333334,0.9923418,49.68792004612765,0.9989279508590698,0.999656617641449,0.1566629260778427,0.01513749361038208,287315,0.005026934,0.002687630243599415,0.0026630335487425327,0.0026956466026604176
183675,dct_high_nontargeted_white_box_eps0.0627_iter2,1.0000000000000002,0.5000000000000001,0.9975919,53.44149094654082,0.9996085166931152,0.9998959898948669,0.08530965447425842,0.0031533241271972656,189221,0.0033696475,0.0018100093584507704,0.001800847938284278,0.001804826664738357
214200,dct_high_nontargeted_white_box_eps0.0627_iter5,0.8181818181818183,0.6666666666666669,0.9893956,46.95477547594415,0.9985413551330566,0.9995158910751343,0.13014531135559082,0.00796973705291748,352524,0.0071836156,0.003980219829827547,0.003890403313562274,0.003998203203082085
578093,dct_high_nontargeted_white_box_eps0.0627_iter4,0.5000000000000001,0.3333333333333334,0.9935878,48.20165511644542,0.9990679621696472,0.9997464418411255,0.10011230409145355,0.01454770565032959,346111,0.0062818117,0.003423890098929405,0.0034106671810150146,0.00342495646327734
369751,dct_high_nontargeted_white_box_eps0.0627_iter1,0.8181818181818183,0.6136363636363638,0.99917537,58.046056919225954,0.9998736381530762,0.999968945980072,0.005219733342528343,0.00017267465591430664,251770,0.0021685911,0.001251455512829125,0.001252872054465115,0.0012472807429730892
429011,dct_high_nontargeted_white_box_eps0.0627_iter1,0.3333333333333334,0.14285714285714288,0.99887514,58.040224827492075,0.9998313784599304,0.9999458193778992,0.025517268106341362,0.0009558796882629395,242729,0.0021697814,0.0012521344469860196,0.0012524985941126943,0.001252015121281147
301061,dct_high_nontargeted_white_box_eps0.0627_iter2,0.3333333333333334,0.25000000000000006,0.9977868,53.473737833002765,0.999701201915741,0.9999045133590698,0.03240453451871872,0.0014379620552062988,194072,0.0033657828,0.0017931102775037289,0.0017887576250359416,0.001797145581804216
105264,dct_high_nontargeted_white_box_eps0.0627_iter3,0.27272727272727276,0.25000000000000006,0.99411947,50.38358963190535,0.9990990161895752,0.9996826648712158,0.13473664224147797,0.006993532180786133,252156,0.0049507627,0.0027721195947378874,0.0027362939435988665,0.0027709335554391146
267434,dct_high_nontargeted_white_box_eps0.0627_iter3,0.7272727272727274,0.3977272727272728,0.99629307,50.61433725747914,0.999430775642395,0.9998230338096619,0.08191104233264923,0.007219851016998291,252957,0.0047863387,0.0026833773590624332,0.0026758024469017982,0.002605951391160488
25393,dct_high_nontargeted_white_box_eps0.0627_iter3,0.6363636363636365,0.3636363636363636,0.9942581,50.982954945786254,0.9991371035575867,0.9996389746665955,0.09273891896009445,0.005533933639526367,242635,0.004511924,0.002528808079659939,0.002528267912566662,0.0025292441714555025
471087,dct_high_nontargeted_white_box_eps0.0627_iter12,0.5000000000000001,0.4000000000000001,0.9830473,41.48461519714908,0.9975345134735107,0.9990333318710327,0.09986661374568939,0.028673410415649414,388286,0.013021008,0.007052048575133085,0.007013856898993254,0.007079795002937317
106757,dct_high_nontargeted_white_box_eps0.0627_iter1,0.7727272727272729,0.27272727272727276,0.9991195,58.03480435702711,0.9998645782470703,0.9999606013298035,0.004713204223662615,0.00037980079650878906,254290,0.0021717753,0.0012536623980849981,0.001253837370313704,0.001253839465789497
183648,dct_high_nontargeted_white_box_eps0.0627_iter4,0.5000000000000001,0.25000000000000006,0.99347305,48.59396718629938,0.9989911913871765,0.9996876120567322,0.13044315576553345,0.012560009956359863,333321,0.005922981,0.0031924531795084476,0.0031834871042519808,0.0032019405625760555
49269,dct_high_nontargeted_white_box_eps0.0627_iter5,1.0000000000000002,0.5000000000000001,0.9907439,47.92203847446103,0.9986300468444824,0.9996051788330078,0.1254635751247406,0.005797624588012695,324944,0.0062417137,0.0034427144564688206,0.003446989692747593,0.0033780173398554325
79144,dct_high_nontargeted_white_box_eps0.0627_iter3,1.0000000000000002,0.5000000000000001,0.9969681,50.73291092967605,0.9995235204696655,0.9998810887336731,0.09294956922531128,0.007378935813903809,262639,0.0047343443,0.0026272786781191826,0.002619971986860037,0.0026249834336340427
130699,dct_high_nontargeted_white_box_eps0.0627_iter3,0.47727272727272735,0.4000000000000001,0.9952375,50.174535838955585,0.9992470145225525,0.9997848272323608,0.11817091703414917,0.008274435997009277,254302,0.005106107,0.002856376813724637,0.002847656374797225,0.0028626369312405586
215245,dct_high_nontargeted_white_box_eps0.0627_iter9,0.5272727272727273,0.34772727272727266,0.97557765,42.57517460471628,0.9958986043930054,0.9987085461616516,0.17988701164722443,0.038696467876434326,384207,0.011725188,0.006456001196056604,0.006428994704037905,0.006455868482589722
91921,dct_high_nontargeted_white_box_eps0.0627_iter6,0.5454545454545455,0.27272727272727276,0.99040097,45.33707548655074,0.9983531832695007,0.9995453357696533,0.11188353598117828,0.017172932624816895,373306,0.008682737,0.004712387919425964,0.0046873618848621845,0.004701690748333931
218424,dct_high_nontargeted_white_box_eps0.0627_iter9,0.5454545454545455,0.34090909090909094,0.986638,42.821204172272786,0.9976698160171509,0.9994538426399231,0.12264418601989746,0.020720362663269043,386463,0.011408555,0.006214991211891174,0.006192865315824747,0.006219359580427408
473974,dct_high_nontargeted_white_box_eps0.0627_iter6,0.8181818181818183,0.47402597402597413,0.98947954,45.34798067730301,0.9982559680938721,0.9996533393859863,0.154153972864151,0.031509995460510254,376207,0.008701491,0.004715044051408768,0.004688879009336233,0.004713135771453381
405249,dct_high_nontargeted_white_box_eps0.0627_iter5,0.2272727272727273,0.17568542568542567,0.990599,46.87386046425759,0.9986414909362793,0.999559223651886,0.11689215898513794,0.01567375659942627,347698,0.007223541,0.0040182797238230705,0.004008190240710974,0.004014601465314627
235784,dct_high_nontargeted_white_box_eps0.0627_iter2,1.0000000000000002,0.6666666666666669,0.99716645,53.59382857574672,0.9995532035827637,0.9998088479042053,0.06741990894079208,0.0025968551635742188,192173,0.0032851226,0.0017413507448509336,0.0017386068357154727,0.0017562081338837743
537506,dct_high_nontargeted_white_box_eps0.0627_iter10,0.3454545454545455,0.3181818181818182,0.97236556,42.93927234055446,0.9961509108543396,0.9990006685256958,0.23619452118873596,0.04006063938140869,376597,0.010924582,0.005932793021202087,0.005910764914005995,0.0060149896889925
119445,dct_high_nontargeted_white_box_eps0.0627_iter20,0.7500000000000002,0.6250000000000002,0.95186645,38.13039066789556,0.9921360015869141,0.9974173307418823,0.21897625923156738,0.050909578800201416,401197,0.018938176,0.010142868384718895,0.010118700563907623,0.010301578789949417
507015,dct_high_nontargeted_white_box_eps0.0627_iter5,0.5000000000000001,0.47474747474747475,0.99004835,46.636581598003715,0.9983005523681641,0.9995368123054504,0.15062616765499115,0.015582680702209473,357902,0.007522704,0.004165864083915949,0.004173047374933958,0.004164363723248243
173830,dct_high_nontargeted_white_box_eps0.0627_iter2,0.5000000000000001,0.3333333333333334,0.99693274,53.43595120658229,0.999570369720459,0.999828040599823,0.02104409784078598,0.0018175840377807617,183799,0.0033538856,0.001804765430279076,0.0018092697719112039,0.001808430883102119
356498,dct_high_nontargeted_white_box_eps0.0627_iter2,0.5454545454545455,0.5000000000000001,0.99778014,53.75690947167093,0.9996840357780457,0.9999103546142578,0.06991218030452728,0.0021700263023376465,170906,0.0031344064,0.0016788686625659466,0.001675456645898521,0.0016818807926028967
373315,dct_high_nontargeted_white_box_eps0.0627_iter4,1.0000000000000002,0.5000000000000001,0.99323326,49.87498926994367,0.9989423751831055,0.9996265172958374,0.08429886400699615,0.009668231010437012,270960,0.004852144,0.002628759481012821,0.0026054454501718283,0.0026085292920470238
13546,dct_high_nontargeted_white_box_eps0.0627_iter1,0.6060606060606062,0.5227272727272728,0.9991395,58.06022943659382,0.9998707175254822,0.9999654293060303,0.014634696766734123,0.00042062997817993164,248627,0.0021635399,0.0012463578023016453,0.0012505148770287633,0.0012425113236531615
67310,dct_high_nontargeted_white_box_eps0.0627_iter3,0.7727272727272729,0.5151515151515152,0.9961303,50.595539922131856,0.9994300603866577,0.9998411536216736,0.062120385468006134,0.0019450187683105469,256699,0.004807827,0.0026798751205205917,0.002680882578715682,0.0026676496490836143
125936,dct_high_nontargeted_white_box_eps0.0627_iter10,0.13636363636363638,0.11931818181818182,0.97231716,42.46337220692128,0.9963354468345642,0.9989487528800964,0.21145044267177582,0.03289276361465454,381984,0.011652386,0.006356332916766405,0.006311678793281317,0.006375947967171669
389109,dct_high_nontargeted_white_box_eps0.0627_iter3,0.3272727272727273,0.30909090909090914,0.99453,50.937148471492726,0.9992423057556152,0.9997103214263916,0.09479613602161407,0.004664897918701172,243091,0.004562066,0.002516998676583171,0.002556727733463049,0.002512849634513259
184384,dct_high_nontargeted_white_box_eps0.0627_iter4,0.1090909090909091,0.06818181818181819,0.99277973,48.573974180685326,0.9989937543869019,0.9996747374534607,0.10866957902908325,0.008158564567565918,329059,0.0059384364,0.0032368155661970377,0.0032215844839811325,0.003197323065251112
128476,dct_high_nontargeted_white_box_eps0.0627_iter5,0.39393939393939403,0.38360881542699726,0.99134177,47.38744193487723,0.9988211989402771,0.9996025562286377,0.14376533031463623,0.01653522253036499,338612,0.006744629,0.0037216416094452143,0.003727307543158531,0.003704250557348132
450488,dct_high_nontargeted_white_box_eps0.0627_iter3,0.6666666666666669,0.4000000000000001,0.99358124,50.69877092831596,0.9990401268005371,0.9996881484985352,0.12818174064159393,0.012384891510009766,249031,0.0047228024,0.002635807963088155,0.0026332431007176638,0.002644325839355588
51738,dct_high_nontargeted_white_box_eps0.0627_iter3,0.3333333333333334,0.25000000000000006,0.9943767,51.49010780917361,0.9991757273674011,0.9996715784072876,0.11404552310705185,0.014886856079101562,249461,0.004220907,0.0023484795819967985,0.0023537026718258858,0.0023626619949936867
99039,dct_high_nontargeted_white_box_eps0.0627_iter2,0.23376623376623382,0.20454545454545459,0.99746084,53.14749993142037,0.9996399879455566,0.9998818039894104,0.06791064888238907,0.001967787742614746,205001,0.0035673303,0.0019309157505631447,0.00193099956959486,0.0019416683353483677
134882,dct_high_nontargeted_white_box_eps0.0627_iter2,0.20000000000000004,0.15584415584415587,0.99820286,53.52103900768364,0.9997453093528748,0.9999004602432251,0.005840695463120937,0.001134037971496582,187038,0.003322362,0.0017579797422513366,0.00179412798024714,0.001772266230545938
442323,dct_high_nontargeted_white_box_eps0.0627_iter3,0.4000000000000001,0.3750000000000001,0.99395466,50.74681770576007,0.9990984797477722,0.9995375871658325,0.09054872393608093,0.006887078285217285,246434,0.004679321,0.0026139956898987293,0.002609478309750557,0.002629171824082732
351823,dct_high_nontargeted_white_box_eps0.0627_iter1,1.0000000000000002,0.6666666666666669,0.99918157,58.03481252806917,0.9998805522918701,0.9999648332595825,0.003685389645397663,0.00032079219818115234,246751,0.0021717646,0.0012538098962977529,0.001253835973329842,0.0012536760186776519
65736,dct_high_nontargeted_white_box_eps0.0627_iter4,1.0000000000000002,0.7500000000000002,0.988708,49.08100645930067,0.9981583952903748,0.9985741376876831,0.20098799467086792,0.021004080772399902,304400,0.005472068,0.0029519284144043922,0.0029551885090768337,0.0029768957756459713
1000,dct_high_nontargeted_white_box_eps0.0627_iter10,0.15909090909090912,0.15725524475524477,0.97888803,42.14681563075777,0.9970130920410156,0.9989768862724304,0.1432003676891327,0.03517669439315796,386078,0.012217957,0.006648372858762741,0.006591114215552807,0.006716515868902206
379842,dct_high_nontargeted_white_box_eps0.0627_iter2,0.3333333333333334,0.25000000000000006,0.997159,53.61844417709797,0.9995756149291992,0.9998566508293152,0.10638216137886047,0.005438089370727539,179201,0.00323992,0.0017315206350758672,0.0017278339946642518,0.001740141655318439
13923,dct_high_nontargeted_white_box_eps0.0627_iter17,0.40909090909090917,0.358974358974359,0.9444992,39.685138019098794,0.9919821619987488,0.9967307448387146,0.26869797706604004,0.08290046453475952,392260,0.015548679,0.008408981375396252,0.008406338281929493,0.008651298470795155
559543,dct_high_nontargeted_white_box_eps0.0627_iter4,0.4000000000000001,0.33333333333333337,0.9905717,48.734850484353764,0.9986411929130554,0.9994997382164001,0.16757608950138092,0.01982903480529785,319411,0.0057692863,0.00313493050634861,0.0031165811233222485,0.0031318282708525658
185890,dct_high_nontargeted_white_box_eps0.0627_iter9,0.13636363636363638,0.1328042328042328,0.98103637,43.23135643408173,0.9973830580711365,0.9991174936294556,0.11707375198602676,0.02098745107650757,379896,0.01077162,0.005912893917411566,0.005876507610082626,0.005925193428993225
357978,dct_high_nontargeted_white_box_eps0.0627_iter13,0.25974025974025977,0.2591408591408592,0.9596119,41.34218469704206,0.994417667388916,0.9981591105461121,0.21908700466156006,0.04499959945678711,386874,0.0130724525,0.007164620328694582,0.007121938280761242,0.007246579974889755
129492,dct_high_nontargeted_white_box_eps0.0627_iter2,0.25000000000000006,0.23376623376623382,0.9971979,53.35908828921414,0.9995794296264648,0.9998552203178406,0.06178513169288635,0.0032334327697753906,190671,0.0034218077,0.0018408511532470584,0.0018387135351076722,0.0018406447488814592
410510,dct_high_nontargeted_white_box_eps0.0627_iter6,0.6666666666666669,0.1666666666666667,0.9834194,46.57029561974368,0.9975217580795288,0.9990416169166565,0.1848278045654297,0.0285835862159729,336166,0.0072131883,0.0039025151636451483,0.0039036753587424755,0.003946480806916952
39951,dct_high_nontargeted_white_box_eps0.0627_iter4,0.7878787878787881,0.7102272727272727,0.99195766,49.186030842969004,0.9988319873809814,0.9996338486671448,0.1278221309185028,0.0122109055519104,300258,0.0053766794,0.002894256729632616,0.0029000036884099245,0.0029068770818412304
306700,dct_high_nontargeted_white_box_eps0.0627_iter15,0.25000000000000006,0.18750000000000006,0.96363324,41.54780639430082,0.9943550825119019,0.9982461333274841,0.1724507212638855,0.02482706308364868,382567,0.012495083,0.006847710814327002,0.006836303509771824,0.006859265733510256
146457,dct_high_nontargeted_white_box_eps0.0627_iter8,0.45454545454545464,0.44412878787878796,0.98384404,44.17643921221365,0.9976392984390259,0.999177873134613,0.1452203392982483,0.02104884386062622,371201,0.009625083,0.00521807000041008,0.005194084718823433,0.0052293455228209496
214224,dct_high_nontargeted_white_box_eps0.0627_iter1,0.27272727272727276,0.20454545454545459,0.99871045,58.04012637078081,0.9998104572296143,0.9999080300331116,0.02011985518038273,0.0013048648834228516,243222,0.0021702787,0.0012520786840468645,0.001253296621143818,0.001251367968507111
332845,dct_high_nontargeted_white_box_eps0.0627_iter2,0.7500000000000002,0.7000000000000002,0.9965272,53.68108818999182,0.9995102882385254,0.999778151512146,0.07877698540687561,0.0055735111236572266,172735,0.0031892937,0.00171198311727494,0.0017065949505195022,0.0017102293204516172
187271,dct_high_nontargeted_white_box_eps0.0627_iter2,1.0000000000000002,0.0,0.9965851,53.67463079404865,0.9995032548904419,0.99979567527771,0.05016088858246803,0.008588254451751709,177774,0.0032074647,0.001710889395326376,0.0017071017064154148,0.0017145585734397173
462629,dct_high_nontargeted_white_box_eps0.0627_iter3,0.18181818181818182,0.1393939393939394,0.9942312,50.607322361249544,0.9992547035217285,0.9997678399085999,0.1249723881483078,0.009005904197692871,237482,0.004765569,0.0026370035484433174,0.0026495796628296375,0.002633716445416212
544565,dct_high_nontargeted_white_box_eps0.0627_iter5,0.13636363636363638,0.11111111111111113,0.992516,47.628326746287684,0.9990053176879883,0.9995887875556946,0.025260185822844505,0.004977226257324219,326984,0.006514053,0.0036135297268629074,0.0036078982520848513,0.003626598045229912
369771,dct_high_nontargeted_white_box_eps0.0627_iter2,0.16363636363636364,0.0909090909090909,0.99781424,53.312978088390665,0.9996920824050903,0.9999094605445862,0.05391432344913483,0.0024133920669555664,193849,0.0034566738,0.0018530047964304686,0.001867409679107368,0.0018622996285557747
289516,dct_high_nontargeted_white_box_eps0.0627_iter5,0.5454545454545455,0.5000000000000001,0.9883391,47.221229217597156,0.9983730316162109,0.9993636012077332,0.218613862991333,0.01431196928024292,344021,0.006893188,0.0038245946634560823,0.0037887960206717253,0.003788003697991371
334309,dct_high_nontargeted_white_box_eps0.0627_iter1,0.18181818181818182,0.15151515151515152,0.999132,58.07980537377904,0.9998769760131836,0.9999691247940063,0.01573961414396763,0.00040078163146972656,245371,0.0021573945,0.0012396546080708504,0.0012479909928515553,0.0012349248863756657
301718,dct_high_nontargeted_white_box_eps0.0627_iter2,0.5844155844155845,0.46280991735537197,0.9973521,53.39300690440383,0.9996201395988464,0.9998807907104492,0.04077029973268509,0.0017926692962646484,188653,0.0033939872,0.0018278674688190222,0.0018251265864819288,0.0018236226169392467
429598,dct_high_nontargeted_white_box_eps0.0627_iter2,0.7500000000000002,0.6666666666666669,0.99730283,53.60741373732456,0.999599814414978,0.9998666048049927,0.06368809193372726,0.003251373767852783,180474,0.0032466818,0.0017386679537594318,0.0017358302138745785,0.0017383848316967487
93437,dct_high_nontargeted_white_box_eps0.0627_iter12,0.18181818181818185,0.18181818181818182,0.9620288,41.37521825017815,0.9936205148696899,0.998015284538269,0.2627904713153839,0.06717479228973389,384605,0.013033632,0.0070813922211527824,0.007055653724819422,0.007166646886616945
413552,dct_high_nontargeted_white_box_eps0.0627_iter3,0.27272727272727276,0.1090909090909091,0.9944606,51.39568947237544,0.9991883635520935,0.999745786190033,0.09903083741664886,0.006877481937408447,246711,0.0042689294,0.002386097563430667,0.0023833811283111572,0.002380823716521263
62025,dct_high_nontargeted_white_box_eps0.0627_iter2,0.5000000000000001,0.3750000000000001,0.996593,53.444316501913605,0.9995145201683044,0.9998131394386292,0.05246933549642563,0.0028814077377319336,187439,0.003361574,0.0018062324961647391,0.0017992176581174135,0.0018071512458845973
17379,dct_high_nontargeted_white_box_eps0.0627_iter2,0.6666666666666669,0.5000000000000001,0.9972937,53.636660498205195,0.9995979070663452,0.999849259853363,0.035069599747657776,0.000995337963104248,178453,0.0032296807,0.0017257871804758906,0.001727275550365448,0.0017253353726118803
176778,dct_high_nontargeted_white_box_eps0.0627_iter1,0.5000000000000001,0.3333333333333334,0.9989547,58.05879000319745,0.999843955039978,0.99994295835495,0.00597944762557745,0.0005530118942260742,245683,0.002163832,0.0012518424773588777,0.0012505479389801621,0.0012382366694509983
104572,dct_high_nontargeted_white_box_eps0.0627_iter2,0.2272727272727273,0.15151515151515152,0.99751776,53.21414216273759,0.9996413588523865,0.9998838901519775,0.07952417433261871,0.004663288593292236,204371,0.003538933,0.001906937686726451,0.0019038839964196086,0.0018988566007465124
90108,dct_high_nontargeted_white_box_eps0.0627_iter5,0.6666666666666669,0.6250000000000002,0.98645693,47.55036359644292,0.9979702234268188,0.9990742206573486,0.1516672968864441,0.020715773105621338,330958,0.0065714126,0.003641327377408743,0.0036465891171246767,0.0036444165743887424
89556,dct_high_nontargeted_white_box_eps0.0627_iter1,0.12626262626262627,0.0946969696969697,0.9992811,58.14760446619332,0.9998989105224609,0.9999685883522034,0.010093143209815025,0.0007038712501525879,250210,0.0021217372,0.0012216221075505018,0.001221720245666802,0.0012215549359098077
86220,dct_high_nontargeted_white_box_eps0.0627_iter9,0.13636363636363638,0.1306818181818182,0.97636634,42.80060365224843,0.9965874552726746,0.9989680647850037,0.20896834135055542,0.03653562068939209,384162,0.011373294,0.006299598142504692,0.0062685757875442505,0.0061263712123036385
508602,dct_high_nontargeted_white_box_eps0.0627_iter3,0.7727272727272729,0.5151515151515152,0.99671525,50.76160638273883,0.9996112585067749,0.999854326248169,0.041139036417007446,0.0030670762062072754,247727,0.0046705967,0.0026026060804724693,0.0025932604912668467,0.0026089418679475784
10363,dct_high_nontargeted_white_box_eps0.0627_iter6,0.25000000000000006,0.11111111111111113,0.9868961,46.96078832500909,0.9979121088981628,0.99924635887146,0.20872390270233154,0.032671570777893066,329837,0.0068595344,0.003705157432705164,0.003690679557621479,0.0037156310863792896
17178,dct_high_nontargeted_white_box_eps0.0627_iter7,0.8636363636363638,0.6363636363636366,0.9859362,44.741367534924294,0.9976136088371277,0.9993564486503601,0.16969449818134308,0.019323229789733887,369352,0.00912852,0.005034015979617834,0.005026663653552532,0.005006725899875164
507975,dct_high_nontargeted_white_box_eps0.0627_iter4,0.18181818181818185,0.17316017316017318,0.9945207,48.14618989024894,0.9992133975028992,0.9997662305831909,0.09299805760383606,0.0063024163246154785,345928,0.00631612,0.0034420029260218143,0.0034368829801678658,0.003449222771450877
314177,dct_high_nontargeted_white_box_eps0.0627_iter2,0.5000000000000001,0.3333333333333334,0.9968672,53.49636905242444,0.9995073080062866,0.9997841119766235,0.043498244136571884,0.004895567893981934,182491,0.0033151698,0.0017844685353338718,0.0017890817252919078,0.0017754255095496774
313182,dct_high_nontargeted_white_box_eps0.0627_iter11,0.4318181818181819,0.3787878787878789,0.96910316,42.0096364162439,0.9950222969055176,0.9980104565620422,0.2583819329738617,0.04193228483200073,378735,0.0119999,0.006633571349084377,0.006509752478450537,0.006583548616617918
538364,dct_high_nontargeted_white_box_eps0.0627_iter1,0.3454545454545455,0.3,0.99918705,58.04740971782407,0.9998823404312134,0.9999647736549377,0.013933718204498291,0.00024044513702392578,241670,0.0021681204,0.0012522063916549087,0.0012524313060566783,0.0012458076234906912
149406,dct_high_nontargeted_white_box_eps0.0627_iter3,1.0000000000000002,0.5000000000000001,0.9973478,50.858995199260306,0.9996494054794312,0.9998295307159424,0.00749254273250699,0.0009140968322753906,249687,0.0046150787,0.0025746149476617575,0.0025737055111676455,0.00257939868606627
180383,dct_high_nontargeted_white_box_eps0.0627_iter2,0.25000000000000006,0.20000000000000004,0.9972689,53.612895406435385,0.9996283054351807,0.9998738765716553,0.06081252545118332,0.0022361278533935547,181038,0.0032455632,0.0017333244904875755,0.001736301346682012,0.0017371352296322584
449996,dct_high_nontargeted_white_box_eps0.0627_iter12,0.13636363636363635,0.08922558922558922,0.95550114,41.613918752425505,0.9928840398788452,0.9877068996429443,0.3237287998199463,0.09127986431121826,384393,0.012691673,0.006920399609953165,0.006902673747390509,0.006987386848777533
168619,dct_high_nontargeted_white_box_eps0.0627_iter3,1.0000000000000002,0.25000000000000006,0.9951435,50.677730385737874,0.999248206615448,0.9997793436050415,0.09123259782791138,0.012329816818237305,247296,0.004722316,0.0026264714542776346,0.0026349180843681097,0.00264918920584023
209613,dct_high_nontargeted_white_box_eps0.0627_iter14,0.29870129870129875,0.29610389610389615,0.966248,39.56074490653692,0.9945253729820251,0.9982151389122009,0.19586864113807678,0.052838802337646484,398816,0.016504128,0.008889848366379738,0.008810941129922867,0.008953452110290527
469652,dct_high_nontargeted_white_box_eps0.0627_iter4,1.0000000000000002,0.5000000000000001,0.9949743,49.58546647952258,0.9992141127586365,0.9998190402984619,0.11770269274711609,0.008939623832702637,291907,0.005095969,0.002725639846175909,0.0027156888972967863,0.002721050987020135
15338,dct_high_nontargeted_white_box_eps0.0627_iter27,0.18181818181818185,0.16804407713498623,0.93012017,36.51160142698754,0.988843560218811,0.9955881834030151,0.25684013962745667,0.07417583465576172,402783,0.022417454,0.012101048603653908,0.011937474831938744,0.012298515997827053
512564,dct_high_nontargeted_white_box_eps0.0627_iter3,0.27272727272727276,0.2606060606060606,0.9952703,50.13529527301905,0.9993378520011902,0.9998050332069397,0.12147900462150574,0.012534260749816895,255369,0.005134819,0.0028699017129838467,0.002869858406484127,0.0028524710796773434
568439,dct_high_nontargeted_white_box_eps0.0627_iter2,0.2954545454545455,0.23636363636363641,0.997585,52.96745957662747,0.9996294975280762,0.9999041557312012,0.0759495198726654,0.0025900602340698242,213359,0.0037045933,0.002021276857703924,0.0020096516236662865,0.00201058411039412
372317,dct_high_nontargeted_white_box_eps0.0627_iter3,0.3333333333333334,0.25000000000000006,0.99532485,50.72969600922023,0.999301552772522,0.9998021721839905,0.11626951396465302,0.006236553192138672,251715,0.0046984376,0.0026258237194269896,0.002630256349220872,0.002619179431349039
476704,dct_high_nontargeted_white_box_eps0.0627_iter5,0.4545454545454547,0.44318181818181823,0.98871183,47.27383592673009,0.9983779191970825,0.9994658827781677,0.17233997583389282,0.01764899492263794,338523,0.0068246783,0.003790341317653656,0.003767651505768299,0.0037889659870415926
260266,dct_high_nontargeted_white_box_eps0.0627_iter5,0.40909090909090917,0.3333333333333334,0.9856871,46.88880818073549,0.9977573752403259,0.9988396763801575,0.1318085789680481,0.013886451721191406,344887,0.007223834,0.004025930538773537,0.004007360897958279,0.004017572849988937
106048,dct_high_nontargeted_white_box_eps0.0627_iter2,1.0000000000000002,0.3333333333333334,0.9968125,53.44455838713976,0.9995405077934265,0.9998370409011841,0.09145982563495636,0.0037952661514282227,185868,0.0033534982,0.0018090509111061692,0.0017997703980654478,0.0018032060470432043
177893,dct_high_nontargeted_white_box_eps0.0627_iter4,0.5000000000000001,0.38636363636363646,0.9923999,48.77690657429799,0.998903751373291,0.9996108412742615,0.15975940227508545,0.014392614364624023,322661,0.0056665875,0.0030770187731832266,0.0030655257869511843,0.003084828145802021
479099,dct_high_nontargeted_white_box_eps0.0627_iter4,1.0000000000000002,0.5000000000000001,0.9960477,48.75796947081713,0.99937504529953,0.9998247027397156,0.07982111722230911,0.015619814395904541,335763,0.0058321888,0.0031177462078630924,0.003100415226072073,0.003116631181910634
269196,dct_high_nontargeted_white_box_eps0.0627_iter3,0.2727272727272727,0.05454545454545455,0.99526376,50.52666421809971,0.9992941617965698,0.999825119972229,0.1257755309343338,0.006089627742767334,253189,0.0048498884,0.0027065188623964787,0.0027077782433480024,0.0027039682026952505
315450,dct_high_nontargeted_white_box_eps0.0627_iter3,0.2954545454545455,0.27272727272727276,0.9943835,50.61562577375816,0.9991753101348877,0.99973464012146,0.13458046317100525,0.008309006690979004,250370,0.0047470527,0.002643250161781907,0.0026458909269422293,0.002672088099643588
171050,dct_high_nontargeted_white_box_eps0.0627_iter3,1.0000000000000002,0.5000000000000001,0.9954632,51.07997197363508,0.9993594884872437,0.9997761845588684,0.0633218064904213,0.003134608268737793,245317,0.004465073,0.002461551921442151,0.0024647177197039127,0.00251965643838048
243867,dct_high_nontargeted_white_box_eps0.0627_iter12,0.3333333333333334,0.25000000000000006,0.95740336,42.15483821795583,0.9938249588012695,0.9976816773414612,0.2712612748146057,0.05627167224884033,381932,0.011861334,0.006447349209338427,0.006408330984413624,0.006508090067654848
263594,dct_high_nontargeted_white_box_eps0.0627_iter6,0.12121212121212122,0.10389610389610392,0.9862681,45.52663848227822,0.9980592727661133,0.9994305372238159,0.13568080961704254,0.022273898124694824,363971,0.008383192,0.004612694960087538,0.004533032421022654,0.004568417556583881
147725,dct_high_nontargeted_white_box_eps0.0627_iter1,0.37500000000000006,0.29090909090909095,0.99896926,58.05168755447924,0.9998403787612915,0.9999465942382812,0.02189677581191063,0.0007684230804443359,243892,0.0021666451,0.0012529678642749786,0.0012511636596173048,0.001242616563104093
88432,dct_high_nontargeted_white_box_eps0.0627_iter2,0.590909090909091,0.5272727272727273,0.99799156,53.21272585646531,0.9997116923332214,0.9999154806137085,0.036825522780418396,0.001080930233001709,206339,0.0035484128,0.0019014435820281506,0.0019055764423683286,0.0019045494263991714
272364,dct_high_nontargeted_white_box_eps0.0627_iter6,0.2727272727272727,0.24545454545454548,0.9897527,45.902858239335586,0.9986824989318848,0.9996561408042908,0.13944929838180542,0.012094736099243164,363111,0.008018197,0.00433964841067791,0.0043207015842199326,0.004344383254647255
138979,dct_high_nontargeted_white_box_eps0.0627_iter3,0.5151515151515152,0.38636363636363646,0.99495703,50.70273804546767,0.9993090629577637,0.9997705817222595,0.11676381528377533,0.006141722202301025,248383,0.0047081783,0.0026382666546851397,0.002624846762046218,0.0026385439559817314
519491,dct_high_nontargeted_white_box_eps0.0627_iter24,0.5000000000000001,0.3750000000000001,0.91510886,38.964989007802686,0.9866071939468384,0.9890234470367432,0.3333563804626465,0.08095794916152954,396027,0.016626148,0.008991480804979801,0.008930242620408535,0.00912628322839737
100283,dct_high_nontargeted_white_box_eps0.0627_iter2,0.6363636363636365,0.4848484848484849,0.9975028,53.50304317871771,0.9996053576469421,0.9998494386672974,0.0570475310087204,0.002647697925567627,184922,0.0033125123,0.0017856161575764418,0.0017814006423577666,0.001773001393303275
563653,dct_high_nontargeted_white_box_eps0.0627_iter1,0.3272727272727273,0.3090909090909092,0.9991326,58.04150045628936,0.999868631362915,0.9999717473983765,0.01498481072485447,0.0009483098983764648,250709,0.0021698412,0.0012520691379904747,0.001252128160558641,0.001251351204700768
23230,dct_high_nontargeted_white_box_eps0.0627_iter6,0.2727272727272727,0.22727272727272727,0.99181396,45.54168768826898,0.9985741376876831,0.9996338486671448,0.1092311218380928,0.03380000591278076,373265,0.008464583,0.004572076257318258,0.004572011064738035,0.004572434816509485
73702,dct_high_nontargeted_white_box_eps0.0627_iter3,0.38636363636363646,0.2575757575757576,0.9952099,50.54199491867871,0.9993049502372742,0.9997993111610413,0.07970816642045975,0.0035042762756347656,246844,0.0048256875,0.002680721692740917,0.0027040031272917986,0.0027071558870375156
521141,dct_high_nontargeted_white_box_eps0.0627_iter3,0.590909090909091,0.40452140452140456,0.9953985,50.38558640648516,0.9993399977684021,0.9997897744178772,0.07037322968244553,0.003966689109802246,253231,0.0049218764,0.0027569937519729137,0.0027439903933554888,0.002754107117652893
61268,dct_high_nontargeted_white_box_eps0.0627_iter6,0.25000000000000006,0.19480519480519481,0.9861247,46.52340972735303,0.9979739189147949,0.9992332458496094,0.18634408712387085,0.03209269046783447,338071,0.007203617,0.003918919712305069,0.0038897129707038403,0.003903425997123122
393093,dct_high_nontargeted_white_box_eps0.0627_iter2,0.25000000000000006,0.23636363636363641,0.9977333,53.398361081266366,0.9996773600578308,0.9999097585678101,0.07735812664031982,0.005266547203063965,199675,0.0034047079,0.001828279229812324,0.001822864287532866,0.0018323766998946667
493566,dct_high_nontargeted_white_box_eps0.0627_iter3,1.0000000000000002,0.5000000000000001,0.9941731,50.52506635672213,0.9990816116333008,0.9986463785171509,0.23456624150276184,0.01747184991836548,252366,0.004842569,0.00270148366689682,0.0026991814374923706,0.0027161515317857265
191471,dct_high_nontargeted_white_box_eps0.0627_iter3,1.0000000000000002,0.5000000000000001,0.99520427,50.93347117892074,0.9992977380752563,0.9997593760490417,0.08985976874828339,0.006470799446105957,252276,0.004566361,0.0025505106896162033,0.002539908280596137,0.002549769589677453
11122,dct_high_nontargeted_white_box_eps0.0627_iter3,1.0000000000000002,0.5000000000000001,0.9974389,50.51607299161698,0.9996322393417358,0.9998853802680969,0.07247183471918106,0.006522655487060547,272685,0.004877932,0.002695756498724222,0.002692807000130415,0.002688569715246558
126592,dct_high_nontargeted_white_box_eps0.0627_iter5,0.7727272727272729,0.7670454545454547,0.9866325,46.438393197545125,0.9979531168937683,0.9993923306465149,0.18890348076820374,0.021999001502990723,360485,0.0076994156,0.0042815059423446655,0.004272019490599632,0.004271198064088821
416269,dct_high_nontargeted_white_box_eps0.0627_iter3,1.0000000000000002,0.5000000000000001,0.99586725,51.46716473002236,0.9993780851364136,0.9998292922973633,0.11131753027439117,0.008177697658538818,247537,0.004232161,0.0023571557831019163,0.0023542651906609535,0.0023483457043766975
133567,dct_high_nontargeted_white_box_eps0.0627_iter7,0.5000000000000001,0.4000000000000001,0.98349094,44.86002420011965,0.9974777102470398,0.9992779493331909,0.17728202044963837,0.029465019702911377,367383,0.008958843,0.004947294015437365,0.004911024589091539,0.004930666647851467
521052,dct_high_nontargeted_white_box_eps0.0627_iter2,0.5000000000000001,0.3333333333333334,0.998236,53.23196569073316,0.9997342824935913,0.9999233484268188,0.05492756515741348,0.0030164718627929688,210427,0.0035390335,0.0018968944204971194,0.0018898483831435442,0.0018976926803588867
415990,dct_high_nontargeted_white_box_eps0.0627_iter12,0.4545454545454546,0.2472727272727273,0.9592683,41.2563742491865,0.9934487342834473,0.9977796673774719,0.23699885606765747,0.06356358528137207,390519,0.013401275,0.007319148629903793,0.007269018795341253,0.007341603748500347
187236,dct_high_nontargeted_white_box_eps0.0627_iter2,0.18181818181818185,0.13636363636363638,0.99601823,54.134926803098665,0.9994158744812012,0.9997192025184631,0.07251212000846863,0.00612330436706543,158663,0.0029653704,0.001628805068321526,0.0015733367763459682,0.0014503301354125142
271728,dct_high_nontargeted_white_box_eps0.0627_iter9,0.4242424242424243,0.3953168044077135,0.972939,43.412237198293695,0.9960057139396667,0.9986052513122559,0.19944918155670166,0.029772639274597168,372884,0.0104284715,0.005752667784690857,0.005726424045860767,0.005788581445813179
77595,dct_high_nontargeted_white_box_eps0.0627_iter4,0.3333333333333334,0.25000000000000006,0.9925377,49.27221385498544,0.998900294303894,0.9997316002845764,0.16092821955680847,0.013464570045471191,302167,0.0053326683,0.002874026307836175,0.0028483273927122355,0.0028585782274603844
278463,dct_high_nontargeted_white_box_eps0.0627_iter4,0.3636363636363637,0.3333333333333334,0.9912123,48.51382899369479,0.998686671257019,0.9995699524879456,0.1418735533952713,0.012436926364898682,332155,0.005985073,0.0032538496889173985,0.003229149617254734,0.003258069744333625
190140,dct_high_nontargeted_white_box_eps0.0627_iter6,0.8484848484848486,0.6363636363636365,0.9885606,46.740929343343105,0.9983044862747192,0.9994263052940369,0.16952863335609436,0.016922354698181152,335573,0.0070666815,0.003817656310275197,0.003810147987678647,0.003843421582132578
476810,dct_high_nontargeted_white_box_eps0.0627_iter12,0.20000000000000004,0.12500000000000003,0.97472215,42.7363682226703,0.9961432814598083,0.9982112646102905,0.15634649991989136,0.02303636074066162,377940,0.011039467,0.005961859133094549,0.0059289997443556786,0.006019042804837227
126216,dct_high_nontargeted_white_box_eps0.0627_iter4,0.7272727272727274,0.5000000000000001,0.9948252,48.074099136449924,0.9991593360900879,0.9998493194580078,0.1250484734773636,0.02359098196029663,364041,0.006479602,0.0035205045714974403,0.0034862691536545753,0.003497087862342596
32901,dct_high_nontargeted_white_box_eps0.0627_iter16,0.2857142857142857,0.2542087542087542,0.9563772,39.460591428754185,0.9936752319335938,0.9973721504211426,0.13805314898490906,0.035200655460357666,395799,0.016263962,0.008797447197139263,0.008763659745454788,0.008931290358304977
407960,dct_high_nontargeted_white_box_eps0.0627_iter4,0.3333333333333334,0.28571428571428575,0.9909603,49.13530234155735,0.9986538290977478,0.9995419979095459,0.16925153136253357,0.017706692218780518,303045,0.0054294677,0.00293091032654047,0.0029238699935376644,0.0029433968011289835
84270,dct_high_nontargeted_white_box_eps0.0627_iter19,0.16233766233766236,0.15707398661944116,0.9561257,39.11978133412139,0.9943246841430664,0.9976071119308472,0.18157243728637695,0.041848957538604736,393995,0.016613051,0.008970903232693672,0.008954765275120735,0.009138052351772785
267191,dct_high_nontargeted_white_box_eps0.0627_iter8,0.8181818181818183,0.6363636363636362,0.98627275,44.344052661953704,0.9978082180023193,0.9992948770523071,0.13207897543907166,0.029370903968811035,371261,0.009422742,0.005068400874733925,0.005045899655669928,0.005103596951812506
422836,dct_high_nontargeted_white_box_eps0.0627_iter2,0.1090909090909091,0.10606060606060608,0.99730134,53.43398260632839,0.9996210336685181,0.999891459941864,0.06519083678722382,0.0034426450729370117,191974,0.003383955,0.0018112990073859692,0.0018051931401714683,0.001811603899113834
493613,dct_high_nontargeted_white_box_eps0.0627_iter1,1.0000000000000002,0.5000000000000001,0.9993653,58.0557958810744,0.9998955130577087,0.9999774694442749,0.011967887170612812,0.00046241283416748047,267184,0.0021640656,0.0012478610733523965,0.0012484565377235413,0.0012468728236854076
317024,dct_high_nontargeted_white_box_eps0.0627_iter3,1.0000000000000002,0.5000000000000001,0.9969482,50.62948958701696,0.9995507001876831,0.9998819231987,0.07068099826574326,0.004685878753662109,260928,0.0047971085,0.00266100256703794,0.002660156460478902,0.002671895083039999
463522,dct_high_nontargeted_white_box_eps0.0627_iter3,0.14545454545454545,0.12121212121212122,0.99536395,50.5918639726262,0.9993047118186951,0.9997774958610535,0.09203076362609863,0.0062139034271240234,250705,0.0047933375,0.0026669856160879135,0.0026832541916519403,0.002664499916136265
213547,dct_high_nontargeted_white_box_eps0.0627_iter1,0.1666666666666667,0.13419913419913418,0.9991563,58.04575684101703,0.999882698059082,0.9999669194221497,0.0056829871609807014,0.0004220008850097656,244637,0.0021685169,0.0012497458374127746,0.0012511503882706165,0.0012509727384895086
456015,dct_high_nontargeted_white_box_eps0.0627_iter3,0.7272727272727274,0.5757575757575758,0.99410456,50.70202076158522,0.9990689158439636,0.9996950030326843,0.13367170095443726,0.009481191635131836,245420,0.004704876,0.00263594021089375,0.002632330870255828,0.0026413060259073973
547886,dct_high_nontargeted_white_box_eps0.0627_iter7,0.8636363636363638,0.5757575757575758,0.9765318,45.139680127506594,0.9962620735168457,0.9976570010185242,0.24962104856967926,0.04373365640640259,357845,0.008596155,0.004763373173773289,0.004733205307275057,0.004787900019437075
124975,dct_high_nontargeted_white_box_eps0.0627_iter10,0.5454545454545455,0.27272727272727276,0.97927266,42.64651357782887,0.9966995716094971,0.9992551207542419,0.19413873553276062,0.028113126754760742,385498,0.011522428,0.006210563238710165,0.006175244227051735,0.006228962913155556
378453,dct_high_nontargeted_white_box_eps0.0627_iter13,0.4545454545454546,0.2461038961038961,0.9677592,40.121234257982195,0.994909942150116,0.9988390207290649,0.19651438295841217,0.048230767250061035,396889,0.015491069,0.008436935022473335,0.008382081054151058,0.008461597375571728
69356,dct_high_nontargeted_white_box_eps0.0627_iter7,0.13636363636363638,0.09090909090909093,0.99004143,44.19513695783466,0.9985349178314209,0.9994695782661438,0.09565071761608124,0.021799743175506592,379465,0.009870864,0.005418028216809034,0.005406418349593878,0.005429178010672331
162415,dct_high_nontargeted_white_box_eps0.0627_iter1,0.5000000000000001,0.3333333333333334,0.99905825,58.04979983077992,0.9998747110366821,0.9999521374702454,0.005168978124856949,0.0001666545867919922,241429,0.0021667841,0.0012487537460401654,0.0012501057935878634,0.001249511493369937
274708,dct_high_nontargeted_white_box_eps0.0627_iter4,0.8181818181818183,0.6060606060606062,0.98825645,48.59249711326569,0.9982452392578125,0.9994631409645081,0.14392125606536865,0.016974210739135742,324340,0.0058899093,0.0031810516957193613,0.0031995302997529507,0.0032449429854750633
377113,dct_high_nontargeted_white_box_eps0.0627_iter6,0.2272727272727273,0.19834710743801656,0.98949957,45.92752152835183,0.9984309077262878,0.9994977712631226,0.15430565178394318,0.023122012615203857,358251,0.007955547,0.004301352426409721,0.004267496056854725,0.004328400827944279
79651,dct_high_nontargeted_white_box_eps0.0627_iter10,1.0000000000000002,0.6666666666666669,0.98239136,43.79994171589363,0.9972662329673767,0.9989959001541138,0.12360245734453201,0.019919633865356445,364253,0.00971415,0.005235134158283472,0.005223150365054607,0.005279192700982094
104669,dct_high_nontargeted_white_box_eps0.0627_iter1,0.13636363636363638,0.10606060606060608,0.9991334,58.04245653103963,0.9998809099197388,0.9999625086784363,0.011585102416574955,0.00036704540252685547,244995,0.0021685476,0.0012521186145022511,0.00125215167645365,0.0012504425831139088
430377,dct_high_nontargeted_white_box_eps0.0627_iter3,0.7727272727272729,0.5151515151515152,0.9942916,51.054115682498356,0.9991340041160583,0.9995188117027283,0.08881661295890808,0.003058135509490967,243627,0.0044715935,0.0025045454967767,0.002505747601389885,0.0025029871612787247
512776,dct_high_nontargeted_white_box_eps0.0627_iter6,0.7727272727272729,0.5000000000000001,0.98377615,47.18289870038804,0.9982611536979675,0.9994616508483887,0.17131733894348145,0.02326256036758423,312833,0.0065977788,0.0035665640607476234,0.003552828449755907,0.003592145163565874
95155,dct_high_nontargeted_white_box_eps0.0627_iter18,0.5000000000000001,0.4151515151515152,0.94779986,39.636174984031726,0.9909290075302124,0.9965981245040894,0.2452961802482605,0.05431252717971802,392983,0.015612171,0.008441653102636337,0.008404115214943886,0.00856277346611023
184978,dct_high_nontargeted_white_box_eps0.0627_iter3,0.5000000000000001,0.3333333333333334,0.99519557,50.81365876398816,0.9993162155151367,0.9997950792312622,0.06812721490859985,0.0049381256103515625,253702,0.0046509225,0.0025993369054049253,0.0025863905902951956,0.002594566671177745
199055,dct_high_nontargeted_white_box_eps0.0627_iter2,1.0000000000000002,0.6666666666666669,0.9978506,53.19904426991887,0.9996755123138428,0.9999172687530518,0.04169563576579094,0.0007684826850891113,207046,0.0035585957,0.001909871120005846,0.0019058655016124249,0.0019108335254713893
431848,dct_high_nontargeted_white_box_eps0.0627_iter3,0.7727272727272729,0.6666666666666669,0.9948063,51.259352915232235,0.9992688894271851,0.9997807741165161,0.11225289851427078,0.005434870719909668,236759,0.0043308097,0.0024230226408690214,0.002409050241112709,0.002429657382890582
333772,dct_high_nontargeted_white_box_eps0.0627_iter16,0.1666666666666667,0.1527777777777778,0.9578852,40.94996408935322,0.9941612482070923,0.9978302121162415,0.19155344367027283,0.03121429681777954,388662,0.013461864,0.007271100766956806,0.007240004371851683,0.007363310549408197
128699,dct_high_nontargeted_white_box_eps0.0627_iter6,0.8181818181818183,0.6136363636363638,0.9814933,45.90099859199079,0.997305154800415,0.9990530014038086,0.22746127843856812,0.027081847190856934,359080,0.007988024,0.0043479073792696,0.004324796609580517,0.0043684206902980804
176799,dct_high_nontargeted_white_box_eps0.0627_iter2,0.39393939393939403,0.3090909090909092,0.99785334,53.187491219532475,0.9996942281723022,0.9999055862426758,0.06984595954418182,0.004954099655151367,206231,0.0035567696,0.0019135880284011364,0.001907045254483819,0.0019219215027987957
424521,dct_high_nontargeted_white_box_eps0.0627_iter2,1.0000000000000002,0.5000000000000001,0.9971214,53.41028914321703,0.9995702505111694,0.9998925924301147,0.06313888728618622,0.0025718212127685547,196060,0.003405168,0.0018193222349509597,0.001818450982682407,0.0018174642464146018
523807,dct_high_nontargeted_white_box_eps0.0627_iter2,0.4545454545454546,0.3272727272727273,0.99741054,53.43734965841642,0.9996511340141296,0.9998965263366699,0.05957513302564621,0.0026814937591552734,187137,0.0033777452,0.0018186226952821016,0.0018124403432011604,0.0017949639586731791
73946,dct_high_nontargeted_white_box_eps0.0627_iter3,0.21212121212121215,0.12012987012987009,0.9943065,50.95677829991011,0.999160885810852,0.9996604323387146,0.12210153043270111,0.007932662963867188,246557,0.0045419293,0.002530379220843315,0.0025262185372412205,0.0025523558724671602
230819,dct_high_nontargeted_white_box_eps0.0627_iter5,1.0000000000000002,0.6666666666666669,0.99062425,47.32451945554499,0.998580813407898,0.9995636940002441,0.15712815523147583,0.016318559646606445,338889,0.006810167,0.0037637799978256226,0.0037677737418562174,0.0037723344285041094
82715,dct_high_nontargeted_white_box_eps0.0627_iter11,0.5000000000000001,0.3333333333333334,0.97459084,42.05441175571215,0.9957358241081238,0.998742938041687,0.19242025911808014,0.0525357723236084,385522,0.012216568,0.006670377217233181,0.0066501363180577755,0.0066816722974181175
85195,dct_high_nontargeted_white_box_eps0.0627_iter4,0.3333333333333334,0.3000000000000001,0.99075824,48.97789004943977,0.9986157417297363,0.9993534684181213,0.14122062921524048,0.012724578380584717,307408,0.005542466,0.003003699705004692,0.0029952963814139366,0.003003590041771531
50828,dct_high_nontargeted_white_box_eps0.0627_iter2,0.5000000000000001,0.3333333333333334,0.9965437,53.539839017621695,0.9994785189628601,0.9997811913490295,0.07332815229892731,0.0036881566047668457,183761,0.0033014128,0.0017622234299778938,0.0017641058657318354,0.001768890069797635
27696,dct_high_nontargeted_white_box_eps0.0627_iter1,0.25000000000000006,0.20000000000000004,0.9990513,58.09892421754681,0.9998658895492554,0.999967098236084,0.01738569140434265,0.0008155107498168945,237591,0.0021536432,0.0012528174556791782,0.0012421316932886839,0.0012112646363675594
62808,dct_high_nontargeted_white_box_eps0.0627_iter1,0.23376623376623382,0.17045454545454547,0.9992171,58.04693232448606,0.9998921155929565,0.9999668002128601,0.010282661765813828,0.00017440319061279297,244377,0.002168249,0.001252673682756722,0.0012464356841519475,0.0012517438735812902
497344,dct_high_nontargeted_white_box_eps0.0627_iter1,0.5000000000000001,0.4000000000000001,0.9987517,58.037590241967365,0.9998146295547485,0.999906063079834,0.020932512357831,0.0010733604431152344,243537,0.0021709495,0.0012532800901681185,0.0012527734506875277,0.0012528750812634826
361147,dct_high_nontargeted_white_box_eps0.0627_iter16,0.30303030303030304,0.20404040404040408,0.948402,39.71861066668111,0.9918684959411621,0.9972012042999268,0.2327769547700882,0.04180717468261719,392941,0.01561766,0.008542414754629135,0.008472816087305546,0.008614537306129932
163611,dct_high_nontargeted_white_box_eps0.0627_iter33,0.1090909090909091,0.09965034965034968,0.926193,35.79182686957317,0.9891843199729919,0.996325671672821,0.20814219117164612,0.04801487922668457,404557,0.02421937,0.013087007217109203,0.012918747961521149,0.013348322361707687
10707,dct_high_nontargeted_white_box_eps0.0627_iter3,0.19318181818181823,0.19318181818181818,0.9948136,50.76369624463257,0.9992445707321167,0.9997009038925171,0.08872272819280624,0.006029725074768066,243549,0.00466164,0.002571889664977789,0.0026174273807555437,0.0026188779156655073
409630,dct_high_nontargeted_white_box_eps0.0627_iter4,0.7727272727272729,0.6666666666666669,0.99113256,49.183929563069896,0.9987356662750244,0.9995635151863098,0.12995585799217224,0.011305570602416992,307615,0.005433592,0.0029203826561570168,0.0029087872244417667,0.0029331364203244448
199395,dct_high_nontargeted_white_box_eps0.0627_iter15,0.3636363636363637,0.2666666666666667,0.93980044,40.8610024708874,0.9900302886962891,0.991294264793396,0.34270399808883667,0.0945587158203125,388161,0.013645815,0.007498662453144789,0.007456113118678331,0.00753054628148675
514797,dct_high_nontargeted_white_box_eps0.0627_iter4,0.5000000000000001,0.20000000000000004,0.99157757,48.61099750443004,0.9986359477043152,0.9994866847991943,0.13208405673503876,0.014403998851776123,321888,0.005862095,0.003197174984961748,0.0031754414085298777,0.003190777963027358
514586,dct_high_nontargeted_white_box_eps0.0627_iter1,0.31818181818181823,0.2545454545454546,0.99910325,58.03466057279928,0.9998739957809448,0.9999654293060303,0.00482796598225832,0.00040978193283081055,243507,0.0021718228,0.0012534813722595572,0.0012539817253127694,0.0012539982562884688
279774,dct_high_nontargeted_white_box_eps0.0627_iter4,0.5151515151515152,0.2859848484848485,0.9935995,48.77657903541737,0.9990865588188171,0.9997024536132812,0.05646279454231262,0.004807233810424805,317401,0.005730865,0.003105092328041792,0.0031052466947585344,0.0031166672706604004
474078,dct_high_nontargeted_white_box_eps0.0627_iter11,0.5000000000000001,0.38636363636363646,0.9796532,41.23356239947759,0.9961913824081421,0.9987078309059143,0.1314699947834015,0.03219330310821533,392914,0.013655779,0.00748453801497817,0.0074541098438203335,0.007490141782909632
872,dct_high_nontargeted_white_box_eps0.0627_iter6,0.18181818181818185,0.1515151515151515,0.9942247,46.013734590433515,0.9991647601127625,0.9996083378791809,0.021096497774124146,0.003624558448791504,359648,0.007884831,0.004243622533977032,0.00425112945958972,0.004252503160387278
32038,dct_high_nontargeted_white_box_eps0.0627_iter2,0.5000000000000001,0.4000000000000001,0.99473685,54.009179035583955,0.999468982219696,0.9997337460517883,0.07721590995788574,0.002812027931213379,140583,0.0030070844,0.0016150767914950848,0.0016158751677721739,0.001592861139215529
261732,dct_high_nontargeted_white_box_eps0.0627_iter18,0.3333333333333334,0.30129870129870134,0.94194037,39.542663390685156,0.9909070730209351,0.9972949028015137,0.25235190987586975,0.05342137813568115,392930,0.0157497,0.008542628027498722,0.008531365543603897,0.008668960072100163
346638,dct_high_nontargeted_white_box_eps0.0627_iter2,0.5000000000000001,0.4000000000000001,0.99677896,53.69323248544777,0.999548614025116,0.9998320937156677,0.05928155779838562,0.003444075584411621,178604,0.0032294288,0.0017582816071808338,0.0017413474852219224,0.001630687271244824
306139,dct_high_nontargeted_white_box_eps0.0627_iter1,0.19480519480519481,0.19065656565656566,0.9989988,58.04506294939501,0.9998587369918823,0.9999552369117737,0.01630403846502304,0.0007714033126831055,244108,0.0021683525,0.0012510598171502352,0.001251972047612071,0.0012494430411607027
564091,dct_high_nontargeted_white_box_eps0.0627_iter2,0.38636363636363646,0.340909090909091,0.9970465,53.33054846402936,0.9995679259300232,0.9998799562454224,0.060992687940597534,0.001998424530029297,192478,0.0034429913,0.0018545592902228236,0.001854963251389563,0.001847621751949191
280930,dct_high_nontargeted_white_box_eps0.0627_iter10,0.25000000000000006,0.2083333333333334,0.9671421,42.831988599666566,0.9960098266601562,0.9984245896339417,0.22977425158023834,0.04697835445404053,375808,0.011024762,0.0059805260971188545,0.00594685785472393,0.0060707819648087025
113867,dct_high_nontargeted_white_box_eps0.0627_iter3,1.0000000000000002,0.5000000000000001,0.9979544,50.55711210008484,0.9996883273124695,0.9998399019241333,0.009349821135401726,0.0018343925476074219,264893,0.0048573255,0.0026973378844559193,0.0026926614809781313,0.0026771642733365297
159282,dct_high_nontargeted_white_box_eps0.0627_iter2,0.5000000000000001,0.3333333333333334,0.9968416,53.7028329508409,0.999544620513916,0.9998373985290527,0.09010811895132065,0.0053942203521728516,175459,0.0031885162,0.001701760571449995,0.0017014421755447984,0.0017008604481816292
349678,dct_high_nontargeted_white_box_eps0.0627_iter1,1.0000000000000002,0.5000000000000001,0.99894696,58.05190830211802,0.9998489618301392,0.9999598264694214,0.007456344552338123,0.0008249282836914062,252540,0.0021669692,0.0012483180034905672,0.0012527565704658628,0.0012454717652872205
384136,dct_high_nontargeted_white_box_eps0.0627_iter1,0.5000000000000001,0.3333333333333334,0.99879783,58.03570551199978,0.9998211860656738,0.9999396204948425,0.019939396530389786,0.0005344152450561523,235371,0.0021715155,0.0012532082619145513,0.0012538102455437183,0.001253538765013218
173057,dct_high_nontargeted_white_box_eps0.0627_iter10,0.30303030303030304,0.29707792207792216,0.97342634,42.51446945130077,0.9961473345756531,0.9987210631370544,0.16188131272792816,0.04140186309814453,382396,0.011610486,0.0062994156032800674,0.0062878187745809555,0.0063735381700098515
475572,dct_high_nontargeted_white_box_eps0.0627_iter5,0.4000000000000001,0.25000000000000006,0.98912364,47.71102110530791,0.99839848279953,0.999466061592102,0.16740116477012634,0.01834207773208618,327967,0.006460035,0.0035834666341543198,0.0035704621113836765,0.0035604750737547874
405691,dct_high_nontargeted_white_box_eps0.0627_iter1,0.25000000000000006,0.20000000000000004,0.9990186,58.07540911676881,0.9998580813407898,0.9999596476554871,0.01540353149175644,0.00038754940032958984,238241,0.002160335,0.0012532375985756516,0.001234587631188333,0.001238514087162912
228214,dct_high_nontargeted_white_box_eps0.0627_iter2,0.31818181818181823,0.21212121212121215,0.9971282,53.58093920247843,0.9995697736740112,0.9998645186424255,0.061008207499980927,0.0020549893379211426,179438,0.0032633934,0.001758658792823553,0.0017406184924766421,0.0017473597545176744
183709,dct_high_nontargeted_white_box_eps0.0627_iter9,0.2272727272727273,0.19626623376623378,0.9764926,43.37051946359851,0.9967185258865356,0.9987012147903442,0.17136165499687195,0.03420531749725342,375875,0.01048172,0.0056824153289198875,0.0056485445238649845,0.00587755860760808
57672,dct_high_nontargeted_white_box_eps0.0627_iter1,0.1884469696969697,0.1856060606060606,0.9993394,58.034626439478636,0.9998990893363953,0.9999736547470093,0.010976128280162811,0.0003502964973449707,252172,0.0021718296,0.0012537703150883317,0.0012539667077362537,0.0012537542497739196
138639,dct_high_nontargeted_white_box_eps0.0627_iter11,0.3787878787878789,0.3354978354978355,0.9732034,41.09631250239234,0.9958221316337585,0.9987213611602783,0.15645480155944824,0.03596222400665283,392543,0.013851315,0.007593406364321709,0.007528799585998058,0.00761193223297596
110884,dct_high_nontargeted_white_box_eps0.0627_iter1,0.3333333333333334,0.1666666666666667,0.99855477,58.49135955814147,0.9998649954795837,0.9999527931213379,0.007066567428410053,0.00038951635360717773,207720,0.001998238,0.0010709577472880483,0.0011596265248954296,0.001155403326265514
462614,dct_high_nontargeted_white_box_eps0.0627_iter9,0.5000000000000001,0.3500000000000001,0.9791667,43.25672268597464,0.9966486692428589,0.9987250566482544,0.12959831953048706,0.032922983169555664,373249,0.010620355,0.0058615016750991344,0.005848378408700228,0.005911361426115036
467511,dct_high_nontargeted_white_box_eps0.0627_iter5,0.18181818181818185,0.13636363636363638,0.9896846,47.11122134416267,0.9985072016716003,0.9995623826980591,0.1397150605916977,0.010553896427154541,345856,0.0070082177,0.003887851256877184,0.003857313422486186,0.003881629090756178
59920,dct_high_nontargeted_white_box_eps0.0627_iter3,0.27272727272727276,0.09090909090909093,0.99361783,50.88607361787611,0.9990429282188416,0.9995898008346558,0.09913136065006256,0.010849714279174805,248908,0.0045941616,0.002568265190348029,0.0025601943489164114,0.002568538300693035
273551,dct_high_nontargeted_white_box_eps0.0627_iter2,0.6363636363636365,0.21212121212121215,0.99749994,53.15968299091879,0.9996280670166016,0.999906599521637,0.06811045110225677,0.0026593804359436035,204268,0.0035727725,0.001922262948937714,0.0019256609957665205,0.0019315024837851524
513580,dct_high_nontargeted_white_box_eps0.0627_iter3,1.0000000000000002,0.7500000000000002,0.99417925,50.990729987359785,0.9991392493247986,0.9997321367263794,0.13334564864635468,0.01085120439529419,248410,0.004525955,0.0025230625178664923,0.002528458135202527,0.00253084278665483
194832,dct_high_nontargeted_white_box_eps0.0627_iter8,0.25000000000000006,0.2454545454545455,0.9762025,43.9406117076826,0.9972004890441895,0.9991897344589233,0.18488892912864685,0.03544127941131592,360023,0.009784963,0.0053421976044774055,0.005282532423734665,0.005322697106748819
77396,dct_high_nontargeted_white_box_eps0.0627_iter15,0.3750000000000001,0.29166666666666674,0.9563915,40.31370840225469,0.9930187463760376,0.9972960948944092,0.21418586373329163,0.04451799392700195,392351,0.014715474,0.008031054399907589,0.007976231165230274,0.008117560297250748
101787,dct_high_nontargeted_white_box_eps0.0627_iter10,1.0000000000000002,0.5000000000000001,0.97294575,44.37634262900822,0.9957932233810425,0.9982544779777527,0.17148274183273315,0.03883844614028931,355170,0.009025351,0.004914834629744291,0.004904110915958881,0.004926580004394054
221754,dct_high_nontargeted_white_box_eps0.0627_iter8,0.18181818181818182,0.1772727272727273,0.97686696,43.365247331301134,0.9964436292648315,0.9987802505493164,0.21438714861869812,0.04718732833862305,377227,0.01061604,0.005847735330462456,0.005751736927777529,0.005810679867863655
522751,dct_high_nontargeted_white_box_eps0.0627_iter5,0.36363636363636365,0.22727272727272727,0.98475105,47.082181440242834,0.9976302981376648,0.998024046421051,0.24579377472400665,0.03441697359085083,342706,0.007023386,0.0039017763920128345,0.0038893711753189564,0.003899591276422143
503841,dct_high_nontargeted_white_box_eps0.0627_iter2,1.0000000000000002,0.5000000000000001,0.9980704,53.40603434934097,0.9997752904891968,0.9998735189437866,0.010456533171236515,0.001278996467590332,196824,0.003407661,0.001817855634726584,0.0018168556271120906,0.001826595631428063
274272,dct_high_nontargeted_white_box_eps0.0627_iter10,0.25000000000000006,0.23232323232323238,0.9767408,42.39444190257652,0.9964897036552429,0.998705267906189,0.14357715845108032,0.02825528383255005,383631,0.011783439,0.006409008987247944,0.0063730706460773945,0.006452470552176237
127092,dct_high_nontargeted_white_box_eps0.0627_iter5,0.5000000000000001,0.44444444444444453,0.9895144,47.09308807398537,0.9984909892082214,0.999542236328125,0.13166818022727966,0.02317500114440918,344151,0.007021436,0.0038969761226326227,0.0038765741046518087,0.003899920266121626
507797,dct_high_nontargeted_white_box_eps0.0627_iter4,0.4545454545454546,0.37424242424242427,0.9912488,48.62179628698503,0.9987474679946899,0.9995765089988708,0.1614377796649933,0.009680449962615967,328125,0.0058637112,0.003198648104444146,0.0031468034721910954,0.003201637649908662
369675,dct_high_nontargeted_white_box_eps0.0627_iter8,0.39393939393939403,0.3163636363636364,0.98092204,43.950804836139135,0.9971796870231628,0.9992302060127258,0.17446690797805786,0.03560483455657959,374753,0.009903148,0.005346508231014013,0.005329661536961794,0.005440009757876396
151857,dct_high_nontargeted_white_box_eps0.0627_iter4,1.0000000000000002,0.5000000000000001,0.9933102,49.21246748353,0.9990028142929077,0.9996993541717529,0.13637176156044006,0.015995383262634277,300070,0.0053722654,0.0029154347721487284,0.0029085844289511442,0.0029019895009696484
505638,dct_high_nontargeted_white_box_eps0.0627_iter1,0.5000000000000001,0.3333333333333334,0.999201,58.044427131737535,0.9998759627342224,0.9999560713768005,0.010409669950604439,0.00022673606872558594,245755,0.002168958,0.001248993445187807,0.0012525222264230251,0.0012514838017523289
475387,dct_high_nontargeted_white_box_eps0.0627_iter4,0.23636363636363641,0.21212121212121215,0.9947683,48.285036520499254,0.9992754459381104,0.9997856616973877,0.11977526545524597,0.009302377700805664,345551,0.0062078414,0.0033626453951001167,0.0033395043574273586,0.0033761574886739254
70254,dct_high_nontargeted_white_box_eps0.0627_iter1,0.3454545454545455,0.3303030303030304,0.9990371,58.06874521883479,0.9998601675033569,0.9999651908874512,0.018801748752593994,0.0005204081535339355,246743,0.0021596728,0.001241473015397787,0.0012461018050089478,0.0012444789754226804
539143,dct_high_nontargeted_white_box_eps0.0627_iter4,1.0000000000000002,0.5000000000000001,0.99431276,48.96812595369285,0.9991330504417419,0.9997230172157288,0.10909009724855423,0.009802818298339844,315881,0.005591448,0.003007651539519429,0.0030080184806138277,0.00300944154150784
508917,dct_high_nontargeted_white_box_eps0.0627_iter9,0.2545454545454546,0.2455411255411256,0.9715064,43.1585999816034,0.9958359599113464,0.9986615180969238,0.24779586493968964,0.052623629570007324,369235,0.010684992,0.005890622269362211,0.0058385045267641544,0.005911269690841436
316054,dct_high_nontargeted_white_box_eps0.0627_iter3,0.8181818181818183,0.5454545454545455,0.99506074,50.89646478681939,0.9992421865463257,0.9996726512908936,0.11191460490226746,0.006863951683044434,253592,0.004596078,0.0025606430135667324,0.002555358689278364,0.0025687767192721367
201148,dct_high_nontargeted_white_box_eps0.0627_iter3,0.6666666666666669,0.5000000000000001,0.99390167,50.25213384126847,0.9990442991256714,0.999626100063324,0.18271760642528534,0.015107989311218262,252261,0.005047381,0.0028187783900648355,0.0028215441852808,0.0028185101691633463
231169,dct_high_nontargeted_white_box_eps0.0627_iter2,1.0000000000000002,0.5000000000000001,0.99826354,53.2725770353101,0.9997379183769226,0.9999310374259949,0.06704691052436829,0.002246081829071045,209738,0.003513624,0.0018809937173500657,0.0018732016906142235,0.0018836666131392121
511999,dct_high_nontargeted_white_box_eps0.0627_iter1,1.0000000000000002,0.7500000000000002,0.9990971,58.159701838579664,0.999867856502533,0.9999621510505676,0.013658895157277584,0.0004404783248901367,246639,0.0021219547,0.0012234669411554933,0.0012160211335867643,0.0012152191484346986
488664,dct_high_nontargeted_white_box_eps0.0627_iter3,0.5000000000000001,0.3333333333333334,0.99444467,50.92528347023186,0.9991865158081055,0.9997738003730774,0.13076239824295044,0.015791356563568115,245765,0.00455546,0.0025347736664116383,0.002550197532400489,0.002561289118602872
444879,dct_high_nontargeted_white_box_eps0.0627_iter5,1.0000000000000002,0.0,0.991522,47.465284420842295,0.998714804649353,0.9995140433311462,0.1643671989440918,0.019206345081329346,330678,0.0064488417,0.0035616999957710505,0.0035530971363186836,0.0035710884258151054
287874,dct_high_nontargeted_white_box_eps0.0627_iter8,0.20000000000000004,0.15584415584415587,0.9822634,43.67918870893703,0.9973928332328796,0.9991110563278198,0.19291770458221436,0.033419013023376465,372217,0.01015303,0.005531115457415581,0.005463740322738886,0.005552065558731556
297022,dct_high_nontargeted_white_box_eps0.0627_iter8,0.18181818181818182,0.1666666666666667,0.9849017,44.49443729943728,0.9976180791854858,0.9993310570716858,0.1756962686777115,0.03960895538330078,372441,0.009304932,0.004838297143578529,0.00504204910248518,0.005077360197901726
212226,dct_high_nontargeted_white_box_eps0.0627_iter3,0.5000000000000001,0.3333333333333334,0.99360895,50.98807750471029,0.999100923538208,0.9996084570884705,0.14190098643302917,0.008598566055297852,247371,0.004521641,0.0025345541071146727,0.0025242886040359735,0.002507320838049054
394206,dct_high_nontargeted_white_box_eps0.0627_iter2,0.19886363636363638,0.19343434343434346,0.99789906,53.24562684722792,0.9997150301933289,0.9999178051948547,0.05531354993581772,0.0018646717071533203,197519,0.0035068272,0.0018917402485385537,0.0018856823444366455,0.001890004612505436
220858,dct_high_nontargeted_white_box_eps0.0627_iter6,0.4545454545454546,0.34090909090909094,0.98530096,45.733800473445854,0.9977496862411499,0.9993082284927368,0.1668621450662613,0.025748014450073242,363508,0.008187853,0.004449484869837761,0.004443624522536993,0.004459172021597624
244411,dct_high_nontargeted_white_box_eps0.0627_iter10,0.2727272727272727,0.20833333333333337,0.9751625,41.97738638761195,0.9960618019104004,0.9987404942512512,0.15156298875808716,0.03325188159942627,386399,0.0124510955,0.006789030972868204,0.006758419796824455,0.0068194568157196045
453166,dct_high_nontargeted_white_box_eps0.0627_iter5,0.5000000000000001,0.4848484848484849,0.98691434,47.407518271342596,0.9980446696281433,0.999062716960907,0.16963431239128113,0.029732704162597656,328173,0.0066909743,0.003730367636308074,0.003715463215485215,0.00373993837274611
133631,dct_high_nontargeted_white_box_eps0.0627_iter5,1.0000000000000002,0.5000000000000001,0.9923935,47.44016868297433,0.998881459236145,0.9997298121452332,0.11994777619838715,0.00808107852935791,346306,0.006741784,0.0036785753909498453,0.0037070258986204863,0.0036830489989370108
279927,dct_high_nontargeted_white_box_eps0.0627_iter7,0.22727272727272727,0.17424242424242423,0.9849791,44.395807436149354,0.9975903034210205,0.9993203282356262,0.160287007689476,0.02727508544921875,371063,0.009546139,0.005304551683366299,0.005236102268099785,0.005291532725095749
161032,dct_high_nontargeted_white_box_eps0.0627_iter4,1.0000000000000002,0.6666666666666669,0.9947249,49.766975917427345,0.9991320371627808,0.9997302293777466,0.09358379244804382,0.007195711135864258,286084,0.0049726786,0.0026451239828020334,0.0026464054826647043,0.0026501077227294445
415748,dct_high_nontargeted_white_box_eps0.0627_iter5,0.5000000000000001,0.25000000000000006,0.9898217,47.18385605299483,0.9984511137008667,0.9995680451393127,0.14065465331077576,0.008175909519195557,344511,0.0069524585,0.0038191615603864193,0.003854880342260003,0.0038412383291870356
460927,dct_high_nontargeted_white_box_eps0.0627_iter5,1.0000000000000002,0.3333333333333334,0.9888477,47.821854367272145,0.9981309771537781,0.9990348219871521,0.24841846525669098,0.0417935848236084,330064,0.0063692695,0.0035335300490260124,0.00350136193446815,0.003501670667901635
437239,dct_high_nontargeted_white_box_eps0.0627_iter17,0.47272727272727283,0.46818181818181814,0.95935696,38.728183171458454,0.9933415651321411,0.9979771375656128,0.2287256419658661,0.05800986289978027,398838,0.017853856,0.009650414809584618,0.009596362709999084,0.009737026877701283
348243,dct_high_nontargeted_white_box_eps0.0627_iter5,0.5454545454545455,0.27272727272727276,0.9914964,48.16134345953724,0.9986432790756226,0.9997188448905945,0.13142076134681702,0.00807332992553711,325505,0.006117602,0.003366840770468116,0.0033597773872315884,0.003369523212313652
382111,dct_high_nontargeted_white_box_eps0.0627_iter3,0.5227272727272728,0.42727272727272736,0.99517155,50.2588329589667,0.9992675185203552,0.9998325109481812,0.11744846403598785,0.004882335662841797,253063,0.0050389874,0.00281640887260437,0.0028133124578744173,0.0028247798327356577
317433,dct_high_nontargeted_white_box_eps0.0627_iter6,0.5000000000000001,0.3333333333333334,0.98808193,45.84923149197267,0.9980779886245728,0.9995592832565308,0.1565621942281723,0.019528508186340332,357644,0.008017744,0.004344460554420948,0.004346468485891819,0.004336124286055565
132408,dct_high_nontargeted_white_box_eps0.0627_iter3,0.5,0.3333333333333333,0.9952306,50.31619933924353,0.9992412328720093,0.9998037815093994,0.09281857311725616,0.00432133674621582,255916,0.0050059087,0.0028015526477247477,0.002792658284306526,0.002780201379209757
191288,dct_high_nontargeted_white_box_eps0.0627_iter5,0.5000000000000001,0.3333333333333334,0.9919086,47.29327684909501,0.9989206790924072,0.9997555613517761,0.1443091630935669,0.012151062488555908,341237,0.006836342,0.003786573652178049,0.0037637739442288876,0.003789694281294942
260106,dct_high_nontargeted_white_box_eps0.0627_iter2,0.3636363636363637,0.31818181818181823,0.99750787,53.22210530806927,0.9996544122695923,0.9999246597290039,0.052134327590465546,0.0015466809272766113,199584,0.0035270872,0.001897500129416585,0.0018948219949379563,0.001904090167954564
100510,dct_high_nontargeted_white_box_eps0.0627_iter2,0.6666666666666669,0.4000000000000001,0.9977045,53.320583813675384,0.9996678233146667,0.9999223351478577,0.07681547105312347,0.0021764039993286133,195183,0.0034518838,0.0018606281373649836,0.0018535191193223,0.0018544078338891268
441442,dct_high_nontargeted_white_box_eps0.0627_iter4,0.6666666666666669,0.5151515151515152,0.99346846,48.57023764038986,0.9990147352218628,0.9997841119766235,0.13630343973636627,0.010938882827758789,331147,0.005946255,0.00322528718970716,0.0032159280963242054,0.0032245623879134655
140270,dct_high_nontargeted_white_box_eps0.0627_iter8,1.0000000000000002,0.6666666666666669,0.9817408,44.92945475484113,0.9971580505371094,0.9993306994438171,0.18545448780059814,0.026090383529663086,357161,0.008656604,0.004701557569205761,0.004662564489990473,0.004695285577327013
553990,dct_high_nontargeted_white_box_eps0.0627_iter2,1.0000000000000002,0.6666666666666669,0.99775165,53.30605243426612,0.9996633529663086,0.9999223947525024,0.07629097998142242,0.002511143684387207,198903,0.0034793094,0.0018600517651066184,0.001859873067587614,0.0018673693994060159
97924,dct_high_nontargeted_white_box_eps0.0627_iter3,0.2954545454545455,0.2800000000000001,0.99515325,50.603524021655346,0.9992854595184326,0.9997910261154175,0.1353786587715149,0.006394028663635254,257622,0.0047642835,0.002658210461959243,0.0026503531262278557,0.0026502597611397505
331799,dct_high_nontargeted_white_box_eps0.0627_iter8,0.25,0.17402597402597403,0.9802232,44.05215683698952,0.9972814917564392,0.9991636276245117,0.15443500876426697,0.02113056182861328,368179,0.00971124,0.005324693396687508,0.005279666278511286,0.005275203380733728
326542,dct_high_nontargeted_white_box_eps0.0627_iter9,0.31818181818181823,0.21212121212121215,0.96401805,43.22230748626549,0.9938303232192993,0.9954853653907776,0.264673113822937,0.0678778886795044,374270,0.010646445,0.0058859665878117085,0.005876163952052593,0.005912293680012226
327306,dct_high_nontargeted_white_box_eps0.0627_iter5,0.5000000000000001,0.3333333333333334,0.9900144,47.976177345590514,0.9984016418457031,0.9993340969085693,0.17483554780483246,0.019521117210388184,318035,0.0061844178,0.003443669294938445,0.00342392991296947,0.0034321974962949753
567825,dct_high_nontargeted_white_box_eps0.0627_iter1,0.3333333333333334,0.25000000000000006,0.9989231,58.11971443499133,0.9998536109924316,0.9999576210975647,0.006644370034337044,0.00026673078536987305,241220,0.0021374195,0.001225415151566267,0.0012322869151830673,0.0012308022705838084
485972,dct_high_nontargeted_white_box_eps0.0627_iter1,0.20000000000000004,0.1666666666666667,0.99884415,58.03946311989905,0.9998309016227722,0.9999398589134216,0.007855375297367573,0.0006353855133056641,248508,0.0021704948,0.001252255286090076,0.001253864960744977,0.0012511851964518428
94944,dct_high_nontargeted_white_box_eps0.0627_iter4,0.38636363636363646,0.3090909090909092,0.9918849,48.541342102288745,0.9987279772758484,0.9996240735054016,0.1552688628435135,0.016077697277069092,329942,0.005956499,0.0032454493921250105,0.0032235595863312483,0.003238172270357609
151051,dct_high_nontargeted_white_box_eps0.0627_iter1,0.5000000000000001,0.3333333333333334,0.9986889,58.039413661156246,0.9997826814651489,0.9998487234115601,0.014300284907221794,0.0007252693176269531,241922,0.0021703534,0.0012528965016826987,0.0012525656493380666,0.0012518522562459111
93717,dct_high_nontargeted_white_box_eps0.0627_iter14,0.24242424242424243,0.1568181818181818,0.9640072,40.65903343190503,0.9946088790893555,0.9981874227523804,0.21444056928157806,0.04536080360412598,390086,0.014146322,0.007629882078617811,0.007569443434476852,0.007688515819609165
394510,dct_high_nontargeted_white_box_eps0.0627_iter3,0.7727272727272729,0.7090909090909092,0.9955488,50.910527347557625,0.9993168711662292,0.999741792678833,0.07506516575813293,0.004200756549835205,250701,0.004580009,0.002558948937803507,0.0025500846095383167,0.002560167573392391
18193,dct_high_nontargeted_white_box_eps0.0627_iter2,0.3333333333333334,0.25000000000000006,0.99711823,53.55867447241941,0.999566912651062,0.9998346567153931,0.06783592700958252,0.002959728240966797,182006,0.003274445,0.0017562999855726957,0.0017571203643456101,0.001758870086632669
234779,dct_high_nontargeted_white_box_eps0.0627_iter2,1.0000000000000002,0.5000000000000001,0.9965658,53.408886546003444,0.9994862079620361,0.9998037815093994,0.09626583755016327,0.004216909408569336,186275,0.0033792036,0.0018214425072073936,0.0018180194310843945,0.0018171861302107573
43435,dct_high_nontargeted_white_box_eps0.0627_iter13,0.27272727272727276,0.25000000000000006,0.97942656,42.66552470729215,0.996605634689331,0.9986672401428223,0.05998882278800011,0.008869171142578125,381033,0.011156268,0.006053520832210779,0.006038970779627562,0.006109593901783228
403584,dct_high_nontargeted_white_box_eps0.0627_iter1,0.12121212121212122,0.0909090909090909,0.99944377,58.18260617962105,0.9999359846115112,0.9999716877937317,0.0036878606770187616,0.00025177001953125,240388,0.0021147416,0.0012231733417138457,0.0012131131952628493,0.0011991967912763357
342128,dct_high_nontargeted_white_box_eps0.0627_iter17,0.1272727272727273,0.09785353535353536,0.9641812,38.80273434440577,0.9948614835739136,0.9979322552680969,0.1569681167602539,0.031772732734680176,398504,0.01757036,0.00956734362989664,0.00949432235211134,0.009704413823783398
35279,dct_high_nontargeted_white_box_eps0.0627_iter5,0.28571428571428575,0.27727272727272734,0.98676354,47.226740955230476,0.9987489581108093,0.9995752573013306,0.13013747334480286,0.012660026550292969,329885,0.006825638,0.0037409751676023006,0.003726651892066002,0.003751336131244898
503755,dct_high_nontargeted_white_box_eps0.0627_iter5,1.0000000000000002,0.6666666666666669,0.98958856,48.290214863541806,0.9984413981437683,0.9995222091674805,0.11852861940860748,0.01603752374649048,315425,0.0059553725,0.0032982442062348127,0.0032953526824712753,0.003297500079497695
24610,dct_high_nontargeted_white_box_eps0.0627_iter2,0.2272727272727273,0.19480519480519481,0.99659926,53.327003253298415,0.9995098114013672,0.999792218208313,0.06538676470518112,0.003428936004638672,183593,0.0034291681,0.001880116411484778,0.0018565746722742915,0.001831791247241199
320642,dct_high_nontargeted_white_box_eps0.0627_iter3,0.7727272727272729,0.5000000000000001,0.9939713,50.709898139077964,0.9991048574447632,0.9996931552886963,0.1379908323287964,0.006933093070983887,247062,0.0047041024,0.0026361423078924417,0.002626763889566064,0.002635063137859106
322895,dct_high_nontargeted_white_box_eps0.0627_iter1,0.4,0.38181818181818183,0.998769,58.081642463761376,0.999819278717041,0.9999165534973145,0.01716652698814869,0.0011838674545288086,242559,0.002150789,0.0012408967595547438,0.0012404076987877488,0.001239682431332767
97337,dct_high_nontargeted_white_box_eps0.0627_iter5,0.1666666666666667,0.12500000000000003,0.99040174,47.42764618022653,0.9985984563827515,0.9995142221450806,0.114344023168087,0.009897470474243164,334255,0.0066962093,0.0037134343292564154,0.003700332250446081,0.00373002584092319
235778,dct_high_nontargeted_white_box_eps0.0627_iter4,0.27272727272727276,0.25000000000000006,0.990591,49.27419544989914,0.9985636472702026,0.999498188495636,0.21923115849494934,0.02140134572982788,292013,0.005288616,0.0028873789124190807,0.002868352457880974,0.0028389706276357174
547144,dct_high_nontargeted_white_box_eps0.0627_iter1,0.9090909090909092,0.7272727272727273,0.9990118,58.07527241218429,0.9998635053634644,0.9999489188194275,0.01235185470432043,0.0011827945709228516,245280,0.0021591354,0.0012405242305248976,0.0012490893714129925,0.0012368260649964213
541952,dct_high_nontargeted_white_box_eps0.0627_iter1,1.0000000000000002,0.5000000000000001,0.99869806,58.056498458304176,0.9997985363006592,0.9998996257781982,0.010511108674108982,0.0010805726051330566,241753,0.0021657809,0.0012532524997368455,0.0012535155983641744,0.0012358041713014245
494759,dct_high_nontargeted_white_box_eps0.0627_iter8,0.5000000000000001,0.37500000000000006,0.9743461,45.19957802753143,0.9959818720817566,0.9977514743804932,0.2540261745452881,0.05676621198654175,352544,0.008351789,0.0045221783220767975,0.0045097521506249905,0.004536308813840151
409542,dct_high_nontargeted_white_box_eps0.0627_iter4,0.7727272727272729,0.5151515151515152,0.9934949,48.745700171594606,0.999069094657898,0.9997269511222839,0.11027495563030243,0.005714893341064453,323545,0.0057854573,0.003146614646539092,0.003117932705208659,0.0031311672646552324
427055,dct_high_nontargeted_white_box_eps0.0627_iter1,0.3636363636363637,0.2954545454545455,0.9991464,58.04392816381417,0.9998772144317627,0.9999633431434631,0.011467495933175087,0.0006871819496154785,249123,0.0021690154,0.0012522481847554445,0.0012530677486211061,0.0012481240555644035
119995,dct_high_nontargeted_white_box_eps0.0627_iter19,0.27272727272727276,0.26677489177489183,0.94624853,39.88186780198908,0.9926988482475281,0.9970394968986511,0.17388015985488892,0.021327614784240723,391492,0.014969333,0.00813749898225069,0.00810607522726059,0.008299048990011215
369323,dct_high_nontargeted_white_box_eps0.0627_iter5,0.5454545454545455,0.5151515151515152,0.9855759,47.06884843746418,0.997933566570282,0.9993252754211426,0.12713856995105743,0.017344951629638672,338982,0.0070198397,0.003913186490535736,0.0039059193804860115,0.003912945277988911
127270,dct_high_nontargeted_white_box_eps0.0627_iter5,0.16363636363636366,0.13636363636363638,0.9881173,47.37443032842979,0.9982931613922119,0.9994666576385498,0.1457129418849945,0.014676928520202637,333092,0.006746574,0.003748564515262842,0.003739570965990424,0.003756081685423851
413247,dct_high_nontargeted_white_box_eps0.0627_iter3,0.4000000000000001,0.3333333333333334,0.9940203,50.59421993441018,0.9991382956504822,0.9996876120567322,0.1266055405139923,0.008035898208618164,244777,0.0047800336,0.0026715737767517567,0.0026735186111181974,0.002686884952709079
179653,dct_high_nontargeted_white_box_eps0.0627_iter3,1.0000000000000002,0.3333333333333334,0.99708074,50.677009915776495,0.99958336353302,0.999871551990509,0.07234173268079758,0.007529020309448242,267612,0.0047604,0.0026430031284689903,0.00262509286403656,0.0026066801510751247
400922,dct_high_nontargeted_white_box_eps0.0627_iter3,0.5000000000000001,0.25000000000000006,0.9946914,50.92435773774477,0.9992071986198425,0.999721109867096,0.08989731967449188,0.0067026615142822266,250471,0.004570395,0.0025500392075628042,0.0025516152381896973,0.002549658063799143
259597,dct_high_nontargeted_white_box_eps0.0627_iter4,0.37500000000000006,0.2982954545454546,0.9905768,48.945000381941036,0.9986734390258789,0.9994792342185974,0.2280586063861847,0.02506864070892334,305238,0.005556299,0.0030331197194755077,0.0029971834737807512,0.0030074832029640675
297084,dct_high_nontargeted_white_box_eps0.0627_iter42,0.15909090909090912,0.15435897435897442,0.8924733,33.04828992530508,0.9857991933822632,0.9934888482093811,0.17815548181533813,0.04545903205871582,407324,0.033468064,0.01774425618350506,0.0172997135668993,0.018701976165175438
168337,dct_high_nontargeted_white_box_eps0.0627_iter10,0.4000000000000001,0.3181818181818183,0.9753475,43.24427318552945,0.996178388595581,0.9987354278564453,0.16186735033988953,0.027518868446350098,374050,0.010529152,0.005721556954085827,0.005682055372744799,0.005757926031947136
419974,dct_high_nontargeted_white_box_eps0.0627_iter16,0.1666666666666667,0.15884559884559887,0.9493005,39.68651422587121,0.9925035834312439,0.9974112510681152,0.22742852568626404,0.04459536075592041,395442,0.015810646,0.008550513535737991,0.008457804098725319,0.008698972873389721
173302,dct_high_nontargeted_white_box_eps0.0627_iter12,0.12121212121212122,0.11515151515151517,0.96056056,41.02449134461608,0.9941343069076538,0.99812912940979,0.22479994595050812,0.0593414306640625,390254,0.013752807,0.007494712248444557,0.00746958376839757,0.007536039222031832
237928,dct_high_nontargeted_white_box_eps0.0627_iter3,0.6666666666666669,0.5000000000000001,0.99346286,50.84512207625557,0.9990687370300293,0.9995753765106201,0.0971197634935379,0.007842004299163818,243834,0.0046100975,0.0025883717462420464,0.0025644092820584774,0.0025776114780455828
54654,dct_high_nontargeted_white_box_eps0.0627_iter1,0.3333333333333334,0.25000000000000006,0.99898595,58.045835432407536,0.9998500347137451,0.9999537467956543,0.006206386722624302,0.00021511316299438477,246055,0.0021684445,0.0012515188427641988,0.0012513264082372189,0.0012489533983170986
167898,dct_high_nontargeted_white_box_eps0.0627_iter4,0.6666666666666669,0.6000000000000002,0.99039954,49.000930009922016,0.9985374808311462,0.9994246363639832,0.12657500803470612,0.015922844409942627,308761,0.0055394764,0.00298882694914937,0.0029836161993443966,0.0030157342553138733
152771,dct_high_nontargeted_white_box_eps0.0627_iter1,0.4545454545454546,0.34090909090909094,0.99935603,58.072481684688206,0.9999017715454102,0.9999764561653137,0.010043316520750523,0.00047981739044189453,245888,0.002160794,0.0012500387383624911,0.0012502834433689713,0.0012285260017961264
117914,dct_high_nontargeted_white_box_eps0.0627_iter3,0.6666666666666669,0.20000000000000004,0.993213,50.436606237216175,0.9989962577819824,0.9994836449623108,0.11912232637405396,0.007236003875732422,251170,0.0049072243,0.0027533844113349915,0.0027271080762147903,0.0027369402814656496
309391,dct_high_nontargeted_white_box_eps0.0627_iter4,0.3848484848484849,0.36580086580086585,0.9931056,47.867568527218296,0.9988753199577332,0.9998263716697693,0.16368120908737183,0.022411108016967773,360008,0.0066082347,0.003618682734668255,0.0035905686672776937,0.0036152375396341085
480944,dct_high_nontargeted_white_box_eps0.0627_iter3,0.38636363636363646,0.34090909090909094,0.9956143,50.01695714247055,0.9993523955345154,0.9997920989990234,0.06708643585443497,0.00266265869140625,255288,0.0052254917,0.0029296681750565767,0.0029240306466817856,0.002922832267358899
568690,dct_high_nontargeted_white_box_eps0.0627_iter6,0.5000000000000001,0.4000000000000001,0.98780066,47.022639820727306,0.9981614947319031,0.9993518590927124,0.11872720718383789,0.015648722648620605,331963,0.0068412255,0.003692466067150235,0.0036802843678742647,0.003691333346068859
382122,dct_high_nontargeted_white_box_eps0.0627_iter3,1.0000000000000002,0.5000000000000001,0.99362326,50.954906917355686,0.9991140365600586,0.9989659786224365,0.11311979591846466,0.007372140884399414,252452,0.004568941,0.0024524822365492582,0.0025536653120070696,0.002569470088928938
234807,dct_high_nontargeted_white_box_eps0.0627_iter1,0.36363636363636365,0.18181818181818182,0.9990764,58.084360462316866,0.9998577833175659,0.9999546408653259,0.013281965628266335,0.0004671812057495117,246294,0.0021580036,0.001252071582712233,0.00125154759734869,0.001215058844536543
213935,dct_high_nontargeted_white_box_eps0.0627_iter3,0.7500000000000001,0.2803030303030302,0.9946535,50.99422420414157,0.9992390871047974,0.9997543096542358,0.11610790342092514,0.010996699333190918,244594,0.004513466,0.002529553137719631,0.002520560286939144,0.002518711145967245
417043,dct_high_nontargeted_white_box_eps0.0627_iter4,1.0000000000000002,0.5000000000000001,0.99550456,48.60966220168309,0.999299168586731,0.999815821647644,0.09603922814130783,0.012661576271057129,335164,0.0058897114,0.0031833085231482983,0.003152394900098443,0.003174813697114587
393282,dct_high_nontargeted_white_box_eps0.0627_iter3,1.0000000000000002,0.5000000000000001,0.9965656,50.43991768483788,0.9994108080863953,0.999811589717865,0.016326097771525383,0.0022095441818237305,258439,0.004914047,0.0027436711825430393,0.002741157775744796,0.0027403109706938267
78032,dct_high_nontargeted_white_box_eps0.0627_iter2,0.27272727272727276,0.18181818181818185,0.997045,53.12308176004485,0.999544084072113,0.9998763799667358,0.11067161709070206,0.005705475807189941,204754,0.0035946153,0.0019401105819270015,0.0019366175401955843,0.0019510277779772878
537964,dct_high_nontargeted_white_box_eps0.0627_iter5,1.0000000000000002,0.5000000000000001,0.9938049,47.075743786619064,0.9991268515586853,0.9998098611831665,0.11614023149013519,0.016097724437713623,355004,0.007091327,0.003910745494067669,0.003862955840304494,0.003832032438367605
542423,dct_high_nontargeted_white_box_eps0.0627_iter7,0.29090909090909095,0.24242424242424246,0.9827443,44.50289726689405,0.9972099661827087,0.9992219805717468,0.2042391300201416,0.03361856937408447,369935,0.009304819,0.0051203202456235886,0.0050820764154195786,0.005122534465044737
344909,dct_high_nontargeted_white_box_eps0.0627_iter11,0.31818181818181823,0.27272727272727276,0.97839475,43.11891669217144,0.9970225095748901,0.9988531470298767,0.13783523440361023,0.0124281644821167,373822,0.010540675,0.005756840575486422,0.005723628215491772,0.005780025850981474
140556,dct_high_nontargeted_white_box_eps0.0627_iter3,0.5757575757575758,0.3454545454545455,0.9945345,50.30277158790284,0.9991866946220398,0.9997918605804443,0.1203749030828476,0.006963253021240234,248680,0.0050004465,0.0027999402955174446,0.002801272552460432,0.0027940061409026384
277051,dct_high_nontargeted_white_box_eps0.0627_iter3,0.1090909090909091,0.07792207792207792,0.9942028,50.79540614560916,0.9991379976272583,0.9997429847717285,0.13200056552886963,0.008452415466308594,247157,0.0046495236,0.0026015297044068575,0.0025956991594284773,0.0026025271508842707
82696,dct_high_nontargeted_white_box_eps0.0627_iter11,0.20000000000000004,0.17171717171717174,0.9707945,42.62984341422266,0.995733380317688,0.9986795783042908,0.20283177495002747,0.02644062042236328,378872,0.011269662,0.006195688154548407,0.006150996312499046,0.006205090321600437
407518,dct_high_nontargeted_white_box_eps0.0627_iter2,1.0000000000000002,0.5000000000000001,0.99644107,53.68213447487837,0.9994713664054871,0.9997045993804932,0.08455827832221985,0.004739165306091309,177202,0.00320048,0.0017083495622500777,0.0017035620985552669,0.0017124253790825605
19109,dct_high_nontargeted_white_box_eps0.0627_iter3,0.26136363636363635,0.24147727272727273,0.9960787,49.914827022515446,0.9994270205497742,0.9998619556427002,0.1068105697631836,0.0072956085205078125,258184,0.0053068907,0.0029717867728322744,0.002963593928143382,0.0029822129290550947
206994,dct_high_nontargeted_white_box_eps0.0627_iter5,0.5000000000000001,0.3333333333333334,0.9909575,46.881049242837875,0.9985908269882202,0.9996041059494019,0.15373946726322174,0.01732456684112549,356425,0.00726164,0.003999654203653336,0.0040000928565859795,0.004005971364676952
523241,dct_high_nontargeted_white_box_eps0.0627_iter12,0.18181818181818185,0.16464646464646465,0.9555113,42.00224644197222,0.9932733774185181,0.9975113272666931,0.3301282525062561,0.06585824489593506,381594,0.012042886,0.006559627130627632,0.006502256263047457,0.006597364321351051
67616,dct_high_nontargeted_white_box_eps0.0627_iter14,0.20303030303030303,0.19967532467532464,0.9698917,39.650114570081286,0.9957404136657715,0.9984537363052368,0.15371105074882507,0.05341076850891113,397865,0.0162379,0.00880534015595913,0.008735477924346924,0.008886990137398243
258793,dct_high_nontargeted_white_box_eps0.0627_iter11,0.18181818181818185,0.15454545454545457,0.96518916,42.57883961066352,0.9944982528686523,0.9971513748168945,0.22090885043144226,0.06229054927825928,373670,0.01124173,0.006209919229149818,0.006165626458823681,0.006219925824552774
433774,dct_high_nontargeted_white_box_eps0.0627_iter6,0.18181818181818185,0.09090909090909091,0.9870395,45.89895091508278,0.9979532957077026,0.9995101094245911,0.1640433669090271,0.02621293067932129,356731,0.007961328,0.0043458896689116955,0.004325686022639275,0.004328156355768442
559099,dct_high_nontargeted_white_box_eps0.0627_iter10,0.5454545454545455,0.33214285714285713,0.96063334,41.81247965675478,0.9935292601585388,0.9955609440803528,0.3008996248245239,0.07894980907440186,385971,0.012691826,0.006994128227233887,0.006910667289048433,0.006916436366736889
448256,dct_high_nontargeted_white_box_eps0.0627_iter3,0.25000000000000006,0.20000000000000004,0.995584,50.57468720811147,0.9993099570274353,0.9998438358306885,0.11765104532241821,0.010217845439910889,253327,0.004818147,0.0026906700804829597,0.002681715413928032,0.002673301612958312
549390,dct_high_nontargeted_white_box_eps0.0627_iter12,0.21212121212121213,0.20086580086580086,0.96771455,41.33960706125489,0.9945260286331177,0.998186469078064,0.21657496690750122,0.04712235927581787,388769,0.013225614,0.007186497561633587,0.007147769443690777,0.00720387976616621
401991,dct_high_nontargeted_white_box_eps0.0627_iter6,0.3333333333333334,0.06818181818181819,0.98778534,46.486114558994444,0.998018741607666,0.9994016289710999,0.19179776310920715,0.027228474617004395,348830,0.0073857694,0.003982257097959518,0.0039647724479436874,0.003996418789029121
545730,dct_high_nontargeted_white_box_eps0.0627_iter2,0.7272727272727274,0.3636363636363637,0.997534,53.04455416868591,0.9996230006217957,0.9998895525932312,0.07672125846147537,0.0049436092376708984,215533,0.0036612377,0.0019830900710076094,0.0019689821638166904,0.0019818872679024935
364102,dct_high_nontargeted_white_box_eps0.0627_iter6,1.0000000000000002,0.6666666666666669,0.98134345,46.27640400335955,0.9970235228538513,0.9976739287376404,0.24529659748077393,0.04100298881530762,342567,0.0075007183,0.004086529836058617,0.004071515053510666,0.004084162414073944
13291,dct_high_nontargeted_white_box_eps0.0627_iter8,0.7727272727272729,0.4318181818181819,0.971003,43.336782367488965,0.9954737424850464,0.9985647201538086,0.27526888251304626,0.0422402024269104,380935,0.010759395,0.005894791334867477,0.005858701653778553,0.005896723363548517
440336,dct_high_nontargeted_white_box_eps0.0627_iter4,0.7727272727272729,0.6666666666666669,0.9897146,48.38646673750791,0.9984110593795776,0.9991031885147095,0.20168453454971313,0.020518481731414795,332511,0.0060694693,0.003317291149869561,0.0032965736463665962,0.003310886910185218
148783,dct_high_nontargeted_white_box_eps0.0627_iter5,0.5454545454545455,0.5000000000000001,0.9925248,46.64655615661274,0.9988551139831543,0.9997271299362183,0.10957343876361847,0.010784506797790527,354114,0.007467351,0.004119196441024542,0.004101380705833435,0.004123974125832319
325306,dct_high_nontargeted_white_box_eps0.0627_iter4,0.5454545454545455,0.27272727272727276,0.99520165,48.23500009774431,0.9992396235466003,0.9998024702072144,0.09355242550373077,0.011378824710845947,354271,0.0063025546,0.003409253666177392,0.0033977432176470757,0.0034020990133285522
488251,dct_high_nontargeted_white_box_eps0.0627_iter14,0.12500000000000003,0.12121212121212119,0.95029277,40.57527045941037,0.9923008680343628,0.9968776106834412,0.3079064190387726,0.0673987865447998,391029,0.014281291,0.007758144289255142,0.007742941379547119,0.007803885266184807
229601,dct_high_nontargeted_white_box_eps0.0627_iter11,0.5,0.3471380471380472,0.9702795,42.17536281805421,0.9948837757110596,0.9986042976379395,0.19700343906879425,0.035869598388671875,380409,0.011914454,0.006589815486222506,0.006559432949870825,0.006554987281560898
427160,dct_high_nontargeted_white_box_eps0.0627_iter5,0.3333333333333334,0.3090909090909092,0.98997355,47.58362923878494,0.9985312223434448,0.9993404150009155,0.10436257719993591,0.015934884548187256,326214,0.0065228487,0.003624898148700595,0.003628235775977373,0.003626628778874874
437205,dct_high_nontargeted_white_box_eps0.0627_iter4,0.3333333333333334,0.25000000000000006,0.99135476,49.35469656143951,0.998766303062439,0.9996259212493896,0.14929306507110596,0.006358444690704346,297233,0.005289556,0.002825904870405793,0.0028592029120773077,0.0028637682553380728
434204,dct_high_nontargeted_white_box_eps0.0627_iter22,0.18181818181818185,0.13636363636363638,0.9302459,38.89528842994149,0.9895439147949219,0.9967207312583923,0.2904677093029022,0.0724325180053711,396891,0.016915003,0.00915028527379036,0.00904682744294405,0.009326876141130924
289417,dct_high_nontargeted_white_box_eps0.0627_iter9,0.3333333333333333,0.2835497835497836,0.9672207,43.89867047977327,0.9948322772979736,0.9967732429504395,0.2590656876564026,0.04652547836303711,371890,0.009830527,0.0054185702465474606,0.005367530509829521,0.005413916893303394
309467,dct_high_nontargeted_white_box_eps0.0627_iter8,0.8484848484848486,0.7575757575757578,0.9736429,44.59556500534884,0.9955624341964722,0.9963021874427795,0.2952027916908264,0.05788469314575195,357064,0.008998496,0.004911552648991346,0.004899824038147926,0.004943104460835457
473121,dct_high_nontargeted_white_box_eps0.0627_iter4,0.5000000000000001,0.3333333333333334,0.9908164,49.32000249310387,0.9986627101898193,0.9994505047798157,0.18672965466976166,0.01702117919921875,302607,0.0053262925,0.0028625556733459234,0.0028421664610505104,0.0028713555075228214
327605,dct_high_nontargeted_white_box_eps0.0627_iter5,0.27272727272727276,0.18181818181818185,0.9901514,47.504524503006635,0.9984782934188843,0.9994170665740967,0.13092878460884094,0.019141316413879395,335562,0.006581062,0.003621820593252778,0.003611964173614979,0.00365455262362957
451084,dct_high_nontargeted_white_box_eps0.0627_iter10,1.0000000000000002,0.6666666666666669,0.9719186,43.354137021895426,0.9953012466430664,0.998347282409668,0.21186673641204834,0.0257112979888916,374476,0.010388017,0.00564015144482255,0.005623716861009598,0.005621030926704407
243148,dct_high_nontargeted_white_box_eps0.0627_iter3,0.27272727272727276,0.13636363636363638,0.9939286,50.88403569207596,0.9990642070770264,0.9996085166931152,0.16661149263381958,0.015819549560546875,245627,0.004584466,0.0025683403946459293,0.002562715671956539,0.002565017668530345
581062,dct_high_nontargeted_white_box_eps0.0627_iter1,1.0000000000000002,0.6666666666666669,0.9987729,58.033992891485966,0.9998216032981873,0.9999454617500305,0.014163361862301826,0.0007774829864501953,247023,0.0021720056,0.001254005474038422,0.0012540098978206515,0.001254008966498077
185950,dct_high_nontargeted_white_box_eps0.0627_iter3,1.0000000000000002,0.6666666666666669,0.9938626,50.76217085903471,0.9990969896316528,0.999699056148529,0.11478617787361145,0.005524754524230957,247557,0.0046776193,0.002611342119053006,0.002604998415336013,0.0026152662467211485
44195,dct_high_nontargeted_white_box_eps0.0627_iter4,0.27272727272727276,0.09090909090909093,0.9915579,49.28446034229525,0.9987794756889343,0.9996035099029541,0.11907999217510223,0.010085463523864746,301541,0.005334228,0.0028693238273262978,0.002853433135896921,0.002880494110286236
451150,dct_high_nontargeted_white_box_eps0.0627_iter8,1.0000000000000002,0.5000000000000001,0.98276,45.13590678818581,0.9976686835289001,0.9990925192832947,0.14136634767055511,0.019167721271514893,355672,0.00846067,0.00457462202757597,0.004558763932436705,0.00461604306474328
148957,dct_high_nontargeted_white_box_eps0.0627_iter8,1.0000000000000002,0.9740259740259742,0.98165864,44.59801273520321,0.9973945617675781,0.9990364909172058,0.16342231631278992,0.02423262596130371,362673,0.009052195,0.004907641559839249,0.004893349017947912,0.004958376754075289
364126,dct_high_nontargeted_white_box_eps0.0627_iter7,0.5000000000000001,0.3333333333333334,0.9829996,45.47564345579702,0.997224748134613,0.9990562200546265,0.19604408740997314,0.03274470567703247,355124,0.008231607,0.0045294007286429405,0.004513972904533148,0.0045541319996118546
483531,dct_high_nontargeted_white_box_eps0.0627_iter2,1.0000000000000002,0.5000000000000001,0.99665356,53.756391884981014,0.9995090961456299,0.9997802376747131,0.06681710481643677,0.005256295204162598,176438,0.0031504247,0.0016777884447947145,0.0016760678263381124,0.0016855383291840553
170191,dct_high_nontargeted_white_box_eps0.0627_iter9,0.3333333333333334,0.28571428571428575,0.98043793,44.24013818078799,0.997039258480072,0.9988476037979126,0.13625723123550415,0.022522568702697754,366543,0.009396088,0.005144771188497543,0.005130031146109104,0.005172635894268751
201426,dct_high_nontargeted_white_box_eps0.0627_iter17,0.4242424242424243,0.4045454545454546,0.96054584,38.97834131780355,0.9937688708305359,0.9973272085189819,0.15527908504009247,0.02849048376083374,395753,0.01708461,0.009349650703370571,0.009313967078924179,0.009452392347157001
179487,dct_high_nontargeted_white_box_eps0.0627_iter6,0.5151515151515152,0.4085399449035812,0.98706216,45.57755974953895,0.9981808662414551,0.9993547797203064,0.09730146825313568,0.010287880897521973,363115,0.008334745,0.004489031154662371,0.004542712587863207,0.004576181527227163