image_id,variant,map_original,map_adversarial,SSIM,PSNR,MS-SSIM,FSIM,LPIPS,DISTS,L0,L2
252219,pgd_eps0.008_alpha0.005_iter7,0.20000000000000004,0.1818181818181818,0.9832182,44.735012963983074,0.9982123374938965,0.9995238184928894,0.0534861795604229,0.004147648811340332,611447,0.009568859,0.004935707431286573,0.005174524616450071,0.0051955124363303185
87038,pgd_eps0.008_alpha0.005_iter1,0.13595571095571096,0.10173160173160173,0.98325413,45.05783275506002,0.9968993067741394,0.9993000030517578,0.0974486917257309,0.01292264461517334,633125,0.009284508,0.004774423781782389,0.004780941642820835,0.004782695323228836
480985,pgd_eps0.008_alpha0.005_iter1,0.3511363636363637,0.04545454545454545,0.99106663,45.26990535132161,0.9988151788711548,0.9996827244758606,0.0469050332903862,0.004455447196960449,622252,0.008932382,0.004576849285513163,0.0045837415382266045,0.004585873801261187
386912,pgd_eps0.008_alpha0.005_iter1,0.20000000000000004,0.10000000000000002,0.9901588,45.08481150562925,0.9985378980636597,0.9995850920677185,0.024374600499868393,0.0032875537872314453,632871,0.009253681,0.004749833606183529,0.004745724145323038,0.004772617947310209
348881,pgd_eps0.008_alpha0.005_iter1,0.3333333333333334,0.18181818181818185,0.985265,45.188555067420225,0.9975790977478027,0.9993563890457153,0.06977595388889313,0.008327722549438477,626725,0.0090650655,0.004671155475080013,0.004652883857488632,0.004643433261662722
181666,pgd_eps0.008_alpha0.005_iter1,0.3571428571428571,0.1664335664335664,0.98307323,45.160932627250645,0.9973452091217041,0.9996300935745239,0.128087118268013,0.01743161678314209,626471,0.009126915,0.00469197565689683,0.004679946228861809,0.004680465441197157
143931,pgd_eps0.008_alpha0.005_iter1,0.25000000000000006,0.0,0.9854545,45.0721013783535,0.9974392652511597,0.999199390411377,0.046914756298065186,0.004100322723388672,632804,0.0092658475,0.0047584110870957375,0.0047707101330161095,0.004767203703522682
303818,pgd_eps0.008_alpha0.005_iter1,0.1338257575757576,0.08874806120795427,0.99270296,45.059293988973515,0.9983546137809753,0.9996660351753235,0.020134691148996353,0.0022433996200561523,633212,0.009284456,0.004774106666445732,0.004773391876369715,0.004779832437634468
322864,pgd_eps0.008_alpha0.005_iter7,0.10000000000000002,0.038461538461538464,0.98142487,44.66631744186418,0.9972297549247742,0.9991951584815979,0.10692992806434631,0.01164466142654419,608795,0.009619363,0.005194182973355055,0.005189454648643732,0.005169807467609644
308394,pgd_eps0.008_alpha0.005_iter19,0.12500000000000003,0.08333333333333331,0.97092193,44.83956267485791,0.9966651201248169,0.9991167187690735,0.14704690873622894,0.01043480634689331,597138,0.009380547,0.005086610559374094,0.004990958608686924,0.005020265933126211
456496,pgd_eps0.008_alpha0.005_iter1,0.1666666666666667,0.08333333333333336,0.99081874,45.08733442788434,0.9985114932060242,0.9996256232261658,0.034567054361104965,0.006061434745788574,630867,0.0092379,0.004760300274938345,0.004745790269225836,0.004749971907585859
85329,pgd_eps0.008_alpha0.005_iter1,0.5000000000000001,0.25000000000000006,0.9733843,45.07817600855313,0.9955981969833374,0.9960644245147705,0.23662984371185303,0.07468211650848389,631469,0.00924766,0.004763459321111441,0.00474783917888999,0.004767464939504862
329323,pgd_eps0.008_alpha0.005_iter1,0.6219696969696971,0.5738636363636362,0.98658544,45.0692929853318,0.9982031583786011,0.999592661857605,0.053618207573890686,0.0025229454040527344,632818,0.00926999,0.004768773447722197,0.004763158969581127,0.0047726999036967754
239274,pgd_eps0.008_alpha0.005_iter1,0.25367965367965367,0.10454545454545455,0.9906802,45.078030374896436,0.9983715415000916,0.9995648264884949,0.04025161266326904,0.004638671875,632931,0.009261465,0.004744954407215118,0.004760983865708113,0.004775670822709799
233771,pgd_eps0.008_alpha0.005_iter1,0.14490358126721764,0.11285714285714285,0.9832351,45.34128249565982,0.9983185529708862,0.9995454549789429,0.06771184504032135,0.009572625160217285,610164,0.008803366,0.004518426489084959,0.004526548087596893,0.004512605722993612
301867,pgd_eps0.008_alpha0.005_iter9,0.3333333333333334,0.2848484848484849,0.9893956,44.711771443249816,0.9983177185058594,0.9995406866073608,0.05010106787085533,0.0048046112060546875,611427,0.009584228,0.005157086532562971,0.005158798769116402,0.0051557947881519794
312421,pgd_eps0.008_alpha0.005_iter1,0.13575757575757577,0.027272727272727275,0.98318535,45.29944725783034,0.9974104166030884,0.9993594288825989,0.11139330267906189,0.010787725448608398,624470,0.008911924,0.004569659475237131,0.004552848171442747,0.0045821270905435085
185250,pgd_eps0.008_alpha0.005_iter1,0.28282828282828276,0.24242424242424246,0.9961894,45.1955157278686,0.9992378950119019,0.9996815919876099,0.024771738797426224,0.004215359687805176,625786,0.009050268,0.004647975321859121,0.004649209324270487,0.004637902602553368
356427,pgd_eps0.008_alpha0.005_iter84,0.25000000000000006,0.12500000000000003,0.9929116,44.65423545512675,0.9987160563468933,0.9994961619377136,0.032529886811971664,0.0037671327590942383,618881,0.009714275,0.0052199047058820724,0.00522302882745862,0.005213741213083267
360661,pgd_eps0.008_alpha0.005_iter1,0.25000000000000006,0.15584415584415587,0.98018384,45.05750009057654,0.9965888857841492,0.9994398355484009,0.13623754680156708,0.009749889373779297,633224,0.009286318,0.004776087123900652,0.004780331160873175,0.004780319053679705
266409,pgd_eps0.008_alpha0.005_iter92,0.5000000000000001,0.08333333333333331,0.9782141,44.62474374155758,0.995948076248169,0.9991027116775513,0.16559529304504395,0.015520155429840088,611360,0.009702292,0.005240835715085268,0.0052483114413917065,0.005247730296105146
430961,pgd_eps0.008_alpha0.005_iter15,0.18181818181818185,0.09090909090909093,0.9761794,44.627178713507945,0.9962677955627441,0.9990710616111755,0.2494434267282486,0.014548182487487793,604467,0.009653011,0.005237795412540436,0.005238556768745184,0.005234992131590843
80671,pgd_eps0.008_alpha0.005_iter2,0.5000000000000001,0.16666666666666663,0.9749212,44.8831528097527,0.9952141046524048,0.9986448287963867,0.20644953846931458,0.011233627796173096,628262,0.009468055,0.005072040017694235,0.005061076954007149,0.005068398546427488
476258,pgd_eps0.008_alpha0.005_iter2,0.5000000000000001,0.25000000000000006,0.98182184,44.930859228154816,0.9971279501914978,0.9994945526123047,0.14372223615646362,0.011179685592651367,627292,0.009397198,0.005033849738538265,0.005037210416048765,0.00502344686537981
448365,pgd_eps0.008_alpha0.005_iter14,0.1666666666666667,0.0,0.98195475,44.62323354668123,0.9968820810317993,0.9993535280227661,0.10693799704313278,0.00816500186920166,611953,0.009706928,0.005247755907475948,0.005250934045761824,0.005233611445873976
35197,pgd_eps0.008_alpha0.005_iter1,0.5000000000000001,0.27272727272727276,0.9808056,45.092881984886226,0.9969092607498169,0.9993107318878174,0.11052563041448593,0.008138954639434814,630750,0.0092264945,0.004743052646517754,0.0047451527789235115,0.004751729778945446
349860,pgd_eps0.008_alpha0.005_iter2,0.21022727272727265,0.15909090909090912,0.9733898,44.89942648217269,0.9952455759048462,0.9983603954315186,0.24431824684143066,0.014678478240966797,627527,0.009435919,0.005053889937698841,0.005051696673035622,0.005057962611317635
180135,pgd_eps0.008_alpha0.005_iter9,0.5000000000000001,0.25000000000000006,0.9175008,45.27084346168025,0.9932495951652527,0.9984634518623352,0.19185927510261536,0.02753549814224243,514244,0.008500783,0.004490258172154427,0.0044942209497094154,0.00449334504082799
400573,pgd_eps0.008_alpha0.005_iter16,0.13636363636363635,0.06818181818181818,0.9871481,44.68128271914834,0.9974178075790405,0.9993764162063599,0.06656518578529358,0.008613109588623047,617084,0.009665342,0.005204633343964815,0.00519200786948204,0.005203999113291502
502737,pgd_eps0.008_alpha0.005_iter2,0.1666666666666667,0.09090909090909093,0.97922796,44.921862210559155,0.996252715587616,0.9991370439529419,0.11870474368333817,0.012973546981811523,627506,0.0094137285,0.005059314891695976,0.005040225572884083,0.005000353790819645
515579,pgd_eps0.008_alpha0.005_iter1,0.10909090909090909,0.07272727272727272,0.9872308,45.10138979848648,0.9984315633773804,0.9996296167373657,0.06686544418334961,0.01126796007156372,628468,0.009206917,0.004738627467304468,0.004739399999380112,0.004734106361865997
515445,pgd_eps0.008_alpha0.005_iter1,0.38636363636363624,0.31655844155844154,0.98244697,45.04517433950382,0.9971033334732056,0.999388575553894,0.11512152850627899,0.008105993270874023,633375,0.009301689,0.004770747851580381,0.0047944700345396996,0.004798272158950567
438862,pgd_eps0.008_alpha0.005_iter1,0.24747474747474751,0.21765271765271765,0.9930256,45.080851790468905,0.9987508654594421,0.9996915459632874,0.014303495176136494,0.001197218894958496,632791,0.009257697,0.00476129911839962,0.004759060684591532,0.00475400872528553
180560,pgd_eps0.008_alpha0.005_iter1,0.5000000000000001,0.42424242424242414,0.980042,45.07294967897888,0.9967505931854248,0.999313235282898,0.1347290724515915,0.009254872798919678,632441,0.009261965,0.0047738440334796906,0.004761870484799147,0.004762747325003147
321214,pgd_eps0.008_alpha0.005_iter2,0.3333333333333334,0.08333333333333336,0.9776663,44.893573613156484,0.9960147142410278,0.9991123676300049,0.14741870760917664,0.006804049015045166,628124,0.009449765,0.005060483701527119,0.005057413596659899,0.005059829913079739
474028,pgd_eps0.008_alpha0.005_iter1,0.3811188811188812,0.32944832944832936,0.99348766,45.05730553502524,0.9988168478012085,0.9997017979621887,0.014478219673037529,0.0016421079635620117,633230,0.009288751,0.004772225860506296,0.004781527444720268,0.004780724178999662
355257,pgd_eps0.008_alpha0.005_iter1,0.1666666666666667,0.0,0.98289686,45.11570896748853,0.9973067045211792,0.9994179606437683,0.07337183505296707,0.00467228889465332,630247,0.009203084,0.004738107789307833,0.004734651185572147,0.004707749001681805
63154,pgd_eps0.008_alpha0.005_iter2,0.25000000000000006,0.0,0.9860983,44.926616070373385,0.997463583946228,0.9995890855789185,0.06532037258148193,0.005255699157714844,629640,0.009442563,0.005040936637669802,0.00503127183765173,0.005033270921558142
199551,pgd_eps0.008_alpha0.005_iter1,0.12500000000000003,0.0,0.9830765,45.05584877521695,0.9973763227462769,0.9995272755622864,0.08233555406332016,0.007735133171081543,633330,0.009289013,0.004783491604030132,0.004775114357471466,0.0047812871634960175
239347,pgd_eps0.008_alpha0.005_iter1,0.11111111111111109,0.0,0.9820649,45.0517864306767,0.9972550272941589,0.9993047118186951,0.07718522846698761,0.009589195251464844,633407,0.009292604,0.004779532551765442,0.00478159636259079,0.00478766206651926
514508,pgd_eps0.008_alpha0.005_iter1,0.5000000000000001,0.34090909090909083,0.98758435,45.05635807509429,0.9984350204467773,0.9996518492698669,0.03332339599728584,0.0025023221969604492,633179,0.009289659,0.004778254311531782,0.004777470603585243,0.00478440010920167
473237,pgd_eps0.008_alpha0.005_iter2,0.3333333333333334,0.1666666666666667,0.9773304,44.90643199913176,0.996290385723114,0.9990269541740417,0.22505301237106323,0.011826395988464355,627329,0.009424675,0.005057561676949263,0.0050408849492669106,0.005050883628427982
78915,pgd_eps0.008_alpha0.005_iter1,0.19805194805194803,0.17772530499803227,0.99158746,45.069513838414096,0.9982460737228394,0.9996401071548462,0.019154123961925507,0.001548469066619873,633245,0.009273005,0.004761619493365288,0.004771565552800894,0.004775119945406914
551215,pgd_eps0.008_alpha0.005_iter3,0.5000000000000001,0.25000000000000006,0.99141645,44.686111376343774,0.997856080532074,0.9994672536849976,0.027024582028388977,0.003137528896331787,626850,0.009683867,0.005115669220685959,0.005110378842800856,0.005113298539072275
544519,pgd_eps0.008_alpha0.005_iter53,0.25000000000000006,0.10000000000000002,0.9783924,44.643142976875254,0.9963219165802002,0.9990909695625305,0.19848260283470154,0.01545250415802002,609213,0.0096652955,0.0052308011800050735,0.005241035483777523,0.005210335832089186
96493,pgd_eps0.008_alpha0.005_iter1,0.3333333333333334,0.1666666666666667,0.98724985,45.08598610482121,0.9976381659507751,0.9993631839752197,0.03748713433742523,0.0056302547454833984,631699,0.009246028,0.004759375471621752,0.0047421748749911785,0.004758466966450214
23899,pgd_eps0.008_alpha0.005_iter1,0.21414141414141416,0.1818181818181818,0.9761026,45.08045889464323,0.9962282180786133,0.9989653825759888,0.19505122303962708,0.0175778865814209,632746,0.00925508,0.004760351497679949,0.004759905394166708,0.00476947333663702
559842,pgd_eps0.008_alpha0.005_iter4,0.15532195077649621,0.14747474747474745,0.9936054,44.82432580284644,0.9986882209777832,0.9996528029441833,0.020305562764406204,0.0025905966758728027,623520,0.009535049,0.005104004871100187,0.005109384655952454,0.00510765053331852
428454,pgd_eps0.008_alpha0.005_iter7,0.25000000000000006,0.12500000000000003,0.98435265,44.69782275417267,0.9971855878829956,0.9996177554130554,0.1585713028907776,0.017986059188842773,613439,0.009613257,0.005161919631063938,0.005174878519028425,0.0051544178277254105
399462,pgd_eps0.008_alpha0.005_iter1,0.5000000000000001,0.4545454545454545,0.9930008,45.04179354296481,0.9990105628967285,0.9998026490211487,0.024081766605377197,0.001319289207458496,633379,0.009304745,0.004796190187335014,0.004788564518094063,0.004787459038197994
261061,pgd_eps0.008_alpha0.005_iter12,0.3333333333333334,0.11111111111111109,0.98469216,44.72373397052025,0.9978358149528503,0.9995288252830505,0.0712433010339737,0.0045127272605896,599396,0.009518341,0.005151973571628332,0.0051889559254050255,0.005156597588211298
383384,pgd_eps0.008_alpha0.005_iter1,0.1813811188811189,0.16564685314685318,0.99094886,45.097109707171825,0.9983035326004028,0.9994894862174988,0.021663319319486618,0.004510641098022461,633045,0.009238281,0.004747921600937843,0.004740690812468529,0.004752501845359802
217285,pgd_eps0.008_alpha0.005_iter1,0.10894932135533637,0.1005131964809384,0.99215394,45.100168269298216,0.9989250898361206,0.9997568130493164,0.016001977026462555,0.0020009279251098633,632966,0.009236199,0.004724736325442791,0.004752798937261105,0.004754768684506416
524456,pgd_eps0.008_alpha0.005_iter2,0.1090909090909091,0.05454545454545455,0.98854965,44.923844925206815,0.9979267120361328,0.9994314908981323,0.039881631731987,0.002535998821258545,629506,0.009436375,0.005041294265538454,0.005024558864533901,0.005030927248299122
326541,pgd_eps0.008_alpha0.005_iter1,0.1373737373737374,0.06060606060606061,0.98239785,45.15982253957798,0.9972877502441406,0.999355673789978,0.10659895837306976,0.008506417274475098,630759,0.009137476,0.004719957243651152,0.004680043086409569,0.004677440971136093
213086,pgd_eps0.008_alpha0.005_iter4,0.12500000000000003,0.08333333333333331,0.9821541,44.74892659802005,0.9971722364425659,0.9993534684181213,0.11120004206895828,0.009792923927307129,618404,0.009576927,0.005159873981028795,0.00516631081700325,0.005154431331902742
231339,pgd_eps0.008_alpha0.005_iter23,0.3333333333333334,0.11111111111111109,0.9825391,44.65981933116203,0.9968665838241577,0.9992097020149231,0.09132906794548035,0.006728053092956543,611908,0.0096627725,0.005213669966906309,0.005212085321545601,0.0052208490669727325
508730,pgd_eps0.008_alpha0.005_iter13,0.25000000000000006,0.18181818181818185,0.9867937,44.64899311765234,0.9972856044769287,0.9991033673286438,0.04301358014345169,0.004821956157684326,610749,0.009662458,0.005217714700847864,0.005222885869443417,0.005213575437664986
368294,pgd_eps0.008_alpha0.005_iter15,0.5000000000000001,0.16666666666666663,0.98370475,44.748881284059635,0.9978299140930176,0.99940025806427,0.06119447201490402,0.004744172096252441,607115,0.009538213,0.005129801109433174,0.005122626665979624,0.005110208410769701
301135,pgd_eps0.008_alpha0.005_iter1,0.10289786213178827,0.08457792207792209,0.9944715,45.19198185404129,0.9990824460983276,0.9997687935829163,0.012380322441458702,0.0018432140350341797,629231,0.009107993,0.004656170029193163,0.004715020768344402,0.004609184805303812
580294,pgd_eps0.008_alpha0.005_iter2,0.14285714285714288,0.07142857142857144,0.9848476,44.91437115093629,0.9976530075073242,0.9994100332260132,0.0777842104434967,0.008130431175231934,627991,0.009426144,0.005045037250965834,0.005041243974119425,0.0050425538793206215
494869,pgd_eps0.008_alpha0.005_iter1,0.14545454545454548,0.1272727272727273,0.98697186,45.09219746051197,0.9977628588676453,0.9994828104972839,0.0413692444562912,0.00467449426651001,632932,0.009247329,0.004693969152867794,0.004770509898662567,0.004782380070537329
33638,pgd_eps0.008_alpha0.005_iter37,0.25000000000000006,0.12500000000000003,0.9756441,44.766049562400966,0.9963704943656921,0.9991204142570496,0.1290048509836197,0.013388752937316895,608194,0.009528341,0.005205356981605291,0.005190717056393623,0.004949279595166445
329219,pgd_eps0.008_alpha0.005_iter1,0.14285714285714288,0.07142857142857144,0.98500437,45.04755853219706,0.9975860118865967,0.9993318915367126,0.04797957092523575,0.005015015602111816,633128,0.00929953,0.004783861804753542,0.004788262769579887,0.00478719687089324
356387,pgd_eps0.008_alpha0.005_iter1,0.10037878787878787,0.07651920272241128,0.99139196,45.174636109199476,0.9985922574996948,0.9996634125709534,0.03666074201464653,0.007675230503082275,632583,0.009138299,0.004661668557673693,0.004686865955591202,0.004722896963357925
214720,pgd_eps0.008_alpha0.005_iter2,0.14285714285714288,0.07142857142857144,0.9871213,44.92454138498634,0.9980109930038452,0.9994984865188599,0.0653025209903717,0.0047833919525146484,627302,0.009393441,0.005014627240598202,0.005028502084314823,0.005021130666136742
278848,pgd_eps0.008_alpha0.005_iter1,0.18749999999999994,0.15584415584415584,0.98457354,45.18520375086502,0.9974373579025269,0.9993768930435181,0.08950044214725494,0.00951915979385376,626696,0.009068063,0.004658603575080633,0.004662152845412493,0.004668409936130047
48153,pgd_eps0.008_alpha0.005_iter4,0.5000000000000001,0.25000000000000006,0.99309784,44.75867413587801,0.9987431764602661,0.9994874000549316,0.02325218729674816,0.002101600170135498,620661,0.009579967,0.005091607104986906,0.005167829338461161,0.0051704952493309975
459153,pgd_eps0.008_alpha0.005_iter17,0.25000000000000006,0.12500000000000003,0.99718475,44.5843125609029,0.9993573427200317,0.9997002482414246,0.010772797279059887,0.0024663805961608887,622265,0.009816529,0.005267050117254257,0.005267419386655092,0.005263536237180233
295713,pgd_eps0.008_alpha0.005_iter1,0.14673520923520925,0.12337662337662339,0.9880919,45.058556686245375,0.998003363609314,0.9995411038398743,0.03891271352767944,0.003833293914794922,633206,0.009285833,0.004780027084052563,0.004779336974024773,0.004773277323693037
273132,pgd_eps0.008_alpha0.005_iter2,0.3333333333333334,0.04761904761904762,0.9839594,44.90116743073399,0.9974880218505859,0.9993625283241272,0.0839110016822815,0.006967484951019287,629385,0.009465432,0.005058894399553537,0.005055703688412905,0.0050502959638834
566524,pgd_eps0.008_alpha0.005_iter1,0.28787878787878785,0.09090909090909091,0.9874237,45.06412449144772,0.997826099395752,0.9995975494384766,0.06840287894010544,0.008159875869750977,633113,0.009278484,0.004772459156811237,0.004777364898473024,0.004767559003084898
476415,pgd_eps0.008_alpha0.005_iter9,0.25000000000000006,0.16666666666666663,0.95773524,44.85264644875036,0.9945545196533203,0.9987433552742004,0.23152664303779602,0.02431952953338623,581120,0.009271929,0.00499315932393074,0.0049844118766486645,0.004973133094608784
292082,pgd_eps0.008_alpha0.005_iter1,0.3333333333333334,0.02272727272727273,0.9854884,45.06535092994853,0.9977335929870605,0.9994102120399475,0.059572137892246246,0.00836181640625,633129,0.009277808,0.004762401804327965,0.00477967131882906,0.004778532776981592
360137,pgd_eps0.008_alpha0.005_iter9,0.1666666666666667,0.0,0.97859734,44.90039493251977,0.9971115589141846,0.9994632601737976,0.05513904616236687,0.003168821334838867,602313,0.009340874,0.0046714055351912975,0.005116491112858057,0.0051200613379478455
122046,pgd_eps0.008_alpha0.005_iter54,0.3333333333333334,0.11111111111111109,0.98291516,44.674605824115545,0.9965759515762329,0.9992480278015137,0.06363813579082489,0.0064601898193359375,604488,0.009600021,0.005222128238528967,0.005179561674594879,0.005206414498388767
352684,pgd_eps0.008_alpha0.005_iter1,0.47727272727272724,0.3939393939393939,0.978965,45.06543682305576,0.9964035749435425,0.9989966154098511,0.08341434597969055,0.015053987503051758,633109,0.009277675,0.004771242383867502,0.004774034488946199,0.004773806780576706
512836,pgd_eps0.008_alpha0.005_iter1,0.18181818181818185,0.07142857142857144,0.98508865,45.055616552486875,0.997499406337738,0.9995092153549194,0.057898662984371185,0.004461705684661865,633254,0.009290145,0.004782538395375013,0.004774229135364294,0.0047834268771111965
8021,pgd_eps0.008_alpha0.005_iter1,0.303030303030303,0.2803030303030302,0.97930783,45.15493339710698,0.9963681697845459,0.998771607875824,0.07372410595417023,0.008555173873901367,630942,0.009159514,0.004751272965222597,0.004722001496702433,0.004617529455572367
84477,pgd_eps0.008_alpha0.005_iter1,0.3333333333333334,0.1666666666666667,0.9805898,45.103259318846156,0.9966263175010681,0.999283492565155,0.09169203042984009,0.00879758596420288,632693,0.0092320815,0.004644062370061874,0.004782713949680328,0.004789607599377632
292236,pgd_eps0.008_alpha0.005_iter2,0.3333333333333334,0.30303030303030315,0.98302025,44.921649494647895,0.9975531101226807,0.9993830919265747,0.0972297340631485,0.00713658332824707,626791,0.0094033405,0.005035733338445425,0.005023682489991188,0.005040274932980537
288042,pgd_eps0.008_alpha0.005_iter46,0.3333333333333334,0.0,0.98669416,44.69459371417525,0.9973779916763306,0.9993499517440796,0.08100685477256775,0.007231712341308594,616632,0.009654918,0.005186546593904495,0.005206582602113485,0.005164258182048798
500257,pgd_eps0.008_alpha0.005_iter1,0.15909090909090912,0.13636363636363635,0.98760843,45.26480387184117,0.9981018900871277,0.9995542168617249,0.06930796056985855,0.012766063213348389,631626,0.009024039,0.004692846909165382,0.0045208134688436985,0.00461064837872982
334719,pgd_eps0.008_alpha0.005_iter2,0.27272727272727276,0.20692640692640696,0.98950046,44.90574719550885,0.9979543089866638,0.9996208548545837,0.03425345569849014,0.004280030727386475,630210,0.009475673,0.005050345323979855,0.005051331128925085,0.005048839375376701
283520,pgd_eps0.008_alpha0.005_iter70,0.3863636363636363,0.33333333333333326,0.99559784,44.5501639727936,0.998828649520874,0.9996657371520996,0.018184630200266838,0.0039740800857543945,623703,0.009869528,0.005298641510307789,0.005304744001477957,0.00530437845736742
319721,pgd_eps0.008_alpha0.005_iter2,0.4204545454545453,0.38181818181818183,0.9872644,44.937588100740186,0.9977799654006958,0.9994067549705505,0.049387358129024506,0.0038226842880249023,629835,0.009426043,0.005045305471867323,0.005041539203375578,0.004983305931091309
414170,pgd_eps0.008_alpha0.005_iter8,0.3333333333333334,0.303030303030303,0.9918484,44.679270503601785,0.9985021948814392,0.9995385408401489,0.038810282945632935,0.003926217555999756,622719,0.009708538,0.0052087437361478806,0.005208830814808607,0.005211282521486282
261982,pgd_eps0.008_alpha0.005_iter2,0.1666666666666667,0.11111111111111109,0.9850726,44.99177665454913,0.9977039098739624,0.9993263483047485,0.06359034776687622,0.00917118787765503,624264,0.009324819,0.004933362361043692,0.004963370505720377,0.0049935257993638515
314709,pgd_eps0.008_alpha0.005_iter7,0.5000000000000001,0.0,0.97754383,44.64783956683604,0.9955956339836121,0.9992200136184692,0.1598791778087616,0.010271072387695312,616494,0.009686197,0.005194375757128,0.005198709666728973,0.005209189839661121
541055,pgd_eps0.008_alpha0.005_iter1,0.3232323232323233,0.1818181818181818,0.9875024,45.13134842526655,0.9979576468467712,0.9995416402816772,0.04790430888533592,0.00707632303237915,632430,0.0091937585,0.0047646211460232735,0.004743272438645363,0.004633539821952581
409475,pgd_eps0.008_alpha0.005_iter13,1.0000000000000002,0.8484848484848483,0.9792258,44.57211288955542,0.9963869452476501,0.9991808533668518,0.13529697060585022,0.010266721248626709,614278,0.009777886,0.005276617594063282,0.0052758073434233665,0.005282198544591665
464786,pgd_eps0.008_alpha0.005_iter1,0.25000000000000006,0.0,0.9791414,45.07077381424506,0.9970200061798096,0.9994165301322937,0.1603882908821106,0.017291724681854248,633221,0.009267526,0.004777261521667242,0.00476820208132267,0.0047593675553798676
578545,pgd_eps0.008_alpha0.005_iter1,0.25000000000000006,0.08333333333333331,0.9851038,45.05391832574858,0.9974719285964966,0.9994485378265381,0.04323861002922058,0.003788769245147705,633145,0.009292606,0.00478283641859889,0.004779064562171698,0.004781324882060289
363207,pgd_eps0.008_alpha0.005_iter1,0.16749311294765845,0.12181818181818178,0.98527735,45.06260465075586,0.9974408149719238,0.9993555545806885,0.06762056052684784,0.005613923072814941,633279,0.009281283,0.004771114327013493,0.004772318992763758,0.004778523929417133
372577,pgd_eps0.008_alpha0.005_iter3,0.42424242424242414,0.27272727272727276,0.98292303,44.70441300257748,0.9966089129447937,0.999212920665741,0.09536005556583405,0.009285807609558105,620101,0.009588957,0.005094903986901045,0.005094716791063547,0.005089756101369858
212166,pgd_eps0.008_alpha0.005_iter4,1.0000000000000002,0.20000000000000004,0.98008084,44.79703139828743,0.9964353442192078,0.9990270137786865,0.11342975497245789,0.007494568824768066,615613,0.009485407,0.00509854918345809,0.005109440069645643,0.005127761512994766
323355,pgd_eps0.008_alpha0.005_iter1,0.33333333333333326,0.18686868686868693,0.985096,45.06467584330346,0.9976762533187866,0.9994993209838867,0.05092689394950867,0.002001047134399414,633036,0.009277565,0.004762308206409216,0.00477655790746212,0.004777527414262295
9483,pgd_eps0.008_alpha0.005_iter2,0.25000000000000006,0.08333333333333331,0.98417026,44.90221371152194,0.9971215128898621,0.9990097880363464,0.06586578488349915,0.008431792259216309,628305,0.009441834,0.005050473380833864,0.0050513604655861855,0.005059369839727879
398237,pgd_eps0.008_alpha0.005_iter2,0.5000000000000001,0.16666666666666663,0.99662155,44.82498548374075,0.9989447593688965,0.999590277671814,0.01526014506816864,0.0031412839889526367,632390,0.009594734,0.00510471360757947,0.005112844053655863,0.005112451501190662
507223,pgd_eps0.008_alpha0.005_iter1,0.29545454545454547,0.17575757575757578,0.9917567,45.095788968342916,0.998915433883667,0.9997254610061646,0.022347982972860336,0.0019556283950805664,632386,0.009234541,0.004743455443531275,0.0047431145794689655,0.004747672472149134
239537,pgd_eps0.008_alpha0.005_iter12,0.3333333333333334,0.1666666666666667,0.9918831,44.57618283481631,0.9975346922874451,0.9994120001792908,0.022762786597013474,0.0033125877380371094,621043,0.009818361,0.005281354300677776,0.005296539515256882,0.005271176341921091
281414,pgd_eps0.008_alpha0.005_iter12,0.3333333333333334,0.06666666666666668,0.9888435,44.65083865531874,0.9981545209884644,0.9994750618934631,0.039988964796066284,0.005325675010681152,616064,0.009700035,0.005225419998168945,0.005231352522969246,0.005218130070716143
321333,pgd_eps0.008_alpha0.005_iter1,0.42424242424242414,0.33333333333333326,0.9856003,45.032725799751134,0.9977550506591797,0.9995378851890564,0.05810846760869026,0.006021857261657715,633370,0.009316504,0.004798266105353832,0.004798208829015493,0.0047972360625863075
108026,pgd_eps0.008_alpha0.005_iter4,0.3333333333333334,0.1666666666666667,0.95004684,45.15071728050421,0.9961810111999512,0.998966634273529,0.17431440949440002,0.017300009727478027,575252,0.008916712,0.004858717322349548,0.004680915270000696,0.004619062412530184
243204,pgd_eps0.008_alpha0.005_iter12,0.12500000000000003,0.04166666666666666,0.98216176,44.68789831699585,0.996527373790741,0.9988560080528259,0.07994105666875839,0.006852209568023682,613190,0.0096404245,0.0051978882402181625,0.0052033294923603535,0.005202121566981077
38829,pgd_eps0.008_alpha0.005_iter2,0.14566115702479338,0.14248737373737377,0.9858379,44.996957188510635,0.9983344078063965,0.9995934963226318,0.03895332291722298,0.0037553906440734863,622214,0.009309024,0.004936662036925554,0.004982695449143648,0.004935149103403091
187243,pgd_eps0.008_alpha0.005_iter2,0.3333333333333334,0.1666666666666667,0.98620504,45.09938907190312,0.9974352717399597,0.9992000460624695,0.08734150975942612,0.012673735618591309,616346,0.009096408,0.004835811443626881,0.004825913812965155,0.004825297277420759
534827,pgd_eps0.008_alpha0.005_iter1,0.14393939393939392,0.04545454545454546,0.98431665,45.396686321251394,0.9975321292877197,0.9993588328361511,0.13076961040496826,0.010281682014465332,605656,0.008634693,0.004437736701220274,0.004429055843502283,0.0044355676509439945
190756,pgd_eps0.008_alpha0.005_iter10,0.25000000000000006,0.16666666666666663,0.9725611,44.68456552955563,0.9951102137565613,0.9979093074798584,0.29713431000709534,0.030852437019348145,606201,0.009599173,0.005202429834753275,0.005197376478463411,0.005210391245782375
482917,pgd_eps0.008_alpha0.005_iter15,0.10000000000000002,0.0,0.9809547,44.68564507091148,0.9966453313827515,0.9990541338920593,0.10565567016601562,0.008876800537109375,608802,0.009612726,0.005195496138185263,0.005192693322896957,0.005180376581847668
412894,pgd_eps0.008_alpha0.005_iter1,0.11946336832700469,0.11352495543672013,0.986522,45.14060089809399,0.998266875743866,0.9995567202568054,0.05175849795341492,0.004746198654174805,628827,0.009164062,0.004695321433246136,0.004728871397674084,0.004695557523518801
392722,pgd_eps0.008_alpha0.005_iter1,0.14784688995215312,0.10129870129870129,0.98803777,45.049524249602285,0.997934103012085,0.9996469616889954,0.05666569992899895,0.005100905895233154,633132,0.009295667,0.004786369856446981,0.004781900439411402,0.004785568919032812
264535,pgd_eps0.008_alpha0.005_iter2,0.2848484848484849,0.21212121212121215,0.99315757,44.9846927404472,0.999150276184082,0.9996010661125183,0.027333490550518036,0.004920244216918945,626587,0.0093714325,0.0049438029527664185,0.004938130266964436,0.0049979728646576405
458755,pgd_eps0.008_alpha0.005_iter2,0.2337662337662338,0.20454545454545456,0.9928291,44.918193161510004,0.9987623691558838,0.999643087387085,0.030890319496393204,0.003582000732421875,629870,0.009459375,0.005035808775573969,0.005031358916312456,0.005041173659265041
130599,pgd_eps0.008_alpha0.005_iter8,1.0000000000000002,0.11111111111111108,0.9890669,44.62704753015352,0.9979645609855652,0.9995431303977966,0.06778183579444885,0.00540536642074585,619454,0.009748323,0.005249980371445417,0.005250927526503801,0.00524835055693984
456559,pgd_eps0.008_alpha0.005_iter4,0.5000000000000001,0.16666666666666663,0.9751536,44.753798094406406,0.9953567385673523,0.9987496733665466,0.19914820790290833,0.014067411422729492,617657,0.009569859,0.005163725931197405,0.005162580870091915,0.005152840167284012
101068,pgd_eps0.008_alpha0.005_iter13,0.25000000000000006,0.05000000000000001,0.9868849,44.60993911613512,0.9974942207336426,0.9992437362670898,0.07979746162891388,0.010154128074645996,615763,0.009743499,0.005252145230770111,0.005250218790024519,0.005250228103250265
140640,pgd_eps0.008_alpha0.005_iter2,0.16363636363636364,0.15272727272727274,0.98408014,44.8858504202902,0.9973833560943604,0.9993031024932861,0.08852624893188477,0.006613373756408691,629061,0.009475533,0.005072576459497213,0.005062241572886705,0.0050536817871034145
385190,pgd_eps0.008_alpha0.005_iter1,0.2848484848484849,0.06060606060606061,0.9899065,45.09083468046978,0.9985279440879822,0.9995890855789185,0.0450601726770401,0.0070569515228271484,632566,0.009241735,0.00474352203309536,0.0047516776248812675,0.004754714667797089
21903,pgd_eps0.008_alpha0.005_iter4,0.33333333333333326,0.31818181818181823,0.9919689,44.762116830091436,0.9985452890396118,0.9996504783630371,0.034271083772182465,0.004018008708953857,623937,0.009615045,0.00518394447863102,0.005119480658322573,0.00509812543168664
337055,pgd_eps0.008_alpha0.005_iter9,0.5000000000000001,0.12500000000000003,0.99167246,44.65434316155868,0.9981088638305664,0.9994269609451294,0.03631557524204254,0.006325900554656982,621263,0.009718321,0.005198836326599121,0.005207213573157787,0.00520917447283864
34139,pgd_eps0.008_alpha0.005_iter2,0.3333333333333334,0.28282828282828276,0.9885915,44.93643099928698,0.9983634948730469,0.9995304942131042,0.044258326292037964,0.0022257566452026367,628248,0.009415838,0.005017875228077173,0.005010548047721386,0.005024505779147148
121031,pgd_eps0.008_alpha0.005_iter13,0.3142857142857143,0.23636363636363636,0.9973094,44.68408182765306,0.9992514848709106,0.9997161030769348,0.010627968236804008,0.0024473071098327637,623442,0.009699113,0.005191050004214048,0.005188608542084694,0.005195335950702429
464089,pgd_eps0.008_alpha0.005_iter1,0.12077922077922079,0.11262626262626264,0.9923341,45.07685210287657,0.9985989332199097,0.9996919631958008,0.021332399919629097,0.0008999109268188477,633021,0.009260806,0.004760912153869867,0.004768081940710545,0.004758081398904324
453708,pgd_eps0.008_alpha0.005_iter1,0.41464646464646454,0.40490128558310373,0.9826525,45.116607320442135,0.9974415302276611,0.9995152950286865,0.11244252324104309,0.00887519121170044,630471,0.009188456,0.004714174196124077,0.0047244359739124775,0.004736640490591526
261116,pgd_eps0.008_alpha0.005_iter1,0.10000000000000002,0.06666666666666665,0.98526883,45.065901999773004,0.9977941513061523,0.9995048642158508,0.07082134485244751,0.0038388967514038086,632860,0.009274209,0.004765606950968504,0.004783726762980223,0.004755188245326281
273715,pgd_eps0.008_alpha0.005_iter2,0.47272727272727283,0.3272727272727273,0.97523403,44.961229404805,0.9969640970230103,0.9991026520729065,0.1126273050904274,0.005905747413635254,615387,0.009310383,0.004966342821717262,0.004970190580934286,0.004972680471837521
456303,pgd_eps0.008_alpha0.005_iter4,0.12121212121212122,0.06060606060606061,0.973998,44.98192093334982,0.9965869784355164,0.9992878437042236,0.1355675756931305,0.007059335708618164,611853,0.0092912465,0.005095928441733122,0.004988782573491335,0.004700138233602047
406611,pgd_eps0.008_alpha0.005_iter1,0.11697621375040729,0.11515151515151516,0.98647165,45.076841546529565,0.9976558089256287,0.9996326565742493,0.09472127258777618,0.00574493408203125,632906,0.00926084,0.004756473004817963,0.004758858121931553,0.0047663915902376175
475064,pgd_eps0.008_alpha0.005_iter1,0.3749999999999999,0.09090909090909091,0.9844604,45.20591244889431,0.998080849647522,0.9996077418327332,0.06519517302513123,0.0037587881088256836,628997,0.009085842,0.00468951091170311,0.00468457443639636,0.004609205294400454
137246,pgd_eps0.008_alpha0.005_iter3,0.1666666666666667,0.14141414141414138,0.9837363,44.76937479287599,0.9974679946899414,0.9993954300880432,0.10869259387254715,0.00981128215789795,621974,0.009536425,0.005043799988925457,0.005045561119914055,0.005045791156589985
162092,pgd_eps0.008_alpha0.005_iter1,0.19794580419580418,0.15789473684210525,0.9805139,45.159304929885394,0.996752142906189,0.9991118907928467,0.08754421770572662,0.01633763313293457,630820,0.009151989,0.004731510765850544,0.004694439936429262,0.004665150307118893
263969,pgd_eps0.008_alpha0.005_iter1,0.19318181818181815,0.12500000000000003,0.9736281,45.35334712884265,0.9976007342338562,0.9994490146636963,0.07719496637582779,0.008353233337402344,604240,0.008791868,0.00453986506909132,0.004497267305850983,0.004467756021767855
551439,pgd_eps0.008_alpha0.005_iter4,0.3333333333333334,0.04166666666666668,0.97800326,44.828227384950516,0.9972752332687378,0.9992380142211914,0.09827042371034622,0.010384976863861084,609760,0.009443136,0.0050923689268529415,0.0050753336399793625,0.005041819531470537
554735,pgd_eps0.008_alpha0.005_iter15,0.25000000000000006,0.0,0.97724694,44.655420399946465,0.996148943901062,0.9991082549095154,0.19556620717048645,0.01016080379486084,604907,0.009624026,0.005222698673605919,0.005216314923018217,0.005216590594500303
386352,pgd_eps0.008_alpha0.005_iter1,0.31060606060606066,0.2503826140189776,0.9842809,45.07194225268911,0.9978553056716919,0.9995652437210083,0.08506175130605698,0.005223333835601807,632990,0.0092679,0.004747497383505106,0.00477471761405468,0.0047769383527338505
311394,pgd_eps0.008_alpha0.005_iter12,0.5000000000000001,0.16666666666666663,0.98434836,44.672928397853056,0.9968851804733276,0.9989060163497925,0.0857388973236084,0.005490422248840332,611510,0.009646692,0.005207018926739693,0.0052106124348938465,0.005212611518800259
578489,pgd_eps0.008_alpha0.005_iter1,0.22727272727272732,0.21212121212121213,0.9829345,45.11293511121472,0.9975671172142029,0.999346911907196,0.06493333727121353,0.0072154998779296875,631727,0.009212411,0.004736608359962702,0.004761794116348028,0.004704898223280907
448076,pgd_eps0.008_alpha0.005_iter1,0.1666666666666667,0.14393939393939395,0.9827911,45.09392482622288,0.9972783923149109,0.9993327856063843,0.06628870964050293,0.005918025970458984,631863,0.009230144,0.004748862702399492,0.0047464678063988686,0.004740349482744932
221291,pgd_eps0.008_alpha0.005_iter48,0.5000000000000001,0.16666666666666663,0.9738676,44.65404909803837,0.9951046705245972,0.9977080225944519,0.3066377639770508,0.02451634407043457,605412,0.009631587,0.0052232397720217705,0.005223360378295183,0.005219198763370514
199310,pgd_eps0.008_alpha0.005_iter4,0.5000000000000001,0.25000000000000006,0.99081594,44.80114045161565,0.998519778251648,0.9996284246444702,0.030246974900364876,0.007061362266540527,619611,0.009535047,0.005073831882327795,0.005161216948181391,0.005055130925029516
89648,pgd_eps0.008_alpha0.005_iter1,0.12424242424242427,0.10879851143009035,0.9833417,45.04820174366439,0.997581958770752,0.9994657039642334,0.06961099803447723,0.004796087741851807,633065,0.009297153,0.004784794058650732,0.004785003140568733,0.004786178935319185
520264,pgd_eps0.008_alpha0.005_iter5,0.14285714285714288,0.11038961038961037,0.9824665,44.73399965136012,0.9970692992210388,0.9992254972457886,0.10574033856391907,0.01241755485534668,609880,0.009519224,0.005113090854138136,0.005112414713948965,0.005086918827146292
151000,pgd_eps0.008_alpha0.005_iter1,0.16477272727272727,0.15719696969696967,0.9831911,45.08748795423258,0.9976751804351807,0.9994839429855347,0.08708132803440094,0.00701063871383667,632026,0.009241577,0.004749787971377373,0.004750791005790234,0.004753564950078726
100624,pgd_eps0.008_alpha0.005_iter4,0.13636363636363635,0.1051948051948052,0.97675425,44.84559698910229,0.9971436858177185,0.9993430376052856,0.16271744668483734,0.009269356727600098,609276,0.009414661,0.005109752062708139,0.005072853993624449,0.005007622297853231
332570,pgd_eps0.008_alpha0.005_iter10,0.5000000000000001,0.0,0.98354983,44.9499402193003,0.9975313544273376,0.999127209186554,0.14795562624931335,0.014297664165496826,586424,0.009052711,0.004833711311221123,0.004831814672797918,0.004860287997871637
117645,pgd_eps0.008_alpha0.005_iter3,0.5000000000000001,0.10000000000000002,0.97198564,44.77855692076075,0.9944273829460144,0.998333215713501,0.23835918307304382,0.022448062896728516,621258,0.00952288,0.005045353434979916,0.005043990910053253,0.005037355236709118
202228,pgd_eps0.008_alpha0.005_iter5,1.0000000000000002,0.20000000000000004,0.9731558,44.70897396633886,0.994947075843811,0.9979344010353088,0.1688137650489807,0.0239943265914917,613779,0.009584969,0.00513106444850564,0.005136734806001186,0.0051209572702646255
403565,pgd_eps0.008_alpha0.005_iter2,0.3333333333333334,0.1666666666666667,0.99041367,44.91516710022189,0.998100996017456,0.9996418356895447,0.04816538095474243,0.0034407377243041992,628507,0.009448568,0.005023392848670483,0.005045909900218248,0.005017402116209269
441586,pgd_eps0.008_alpha0.005_iter2,0.1053030303030303,0.08333333333333331,0.9854886,44.9166032093047,0.997511088848114,0.9994398355484009,0.061143502593040466,0.0033301115036010742,629073,0.009439281,0.005016127601265907,0.005045045632869005,0.005050279200077057
97679,pgd_eps0.008_alpha0.005_iter1,0.1666666666666667,0.02272727272727273,0.9835097,45.03134766797377,0.9969134330749512,0.9994111657142639,0.12140443921089172,0.011871278285980225,633400,0.009317901,0.0047923484817147255,0.00479924026876688,0.004804528318345547
99054,pgd_eps0.008_alpha0.005_iter2,0.24848484848484853,0.09696969696969698,0.9832673,44.89742698680742,0.9970754384994507,0.9995124340057373,0.12331900000572205,0.009219765663146973,628941,0.009460904,0.005055491346865892,0.005057401489466429,0.0050540827214717865
570539,pgd_eps0.008_alpha0.005_iter3,0.1189033189033189,0.0808080808080808,0.98340505,44.80789039964219,0.9976413249969482,0.9994624257087708,0.08149492740631104,0.009025752544403076,618176,0.009462559,0.0050507644191384315,0.0050210473127663136,0.004958776757121086
559956,pgd_eps0.008_alpha0.005_iter1,0.17532467532467533,0.14502164502164502,0.9896814,45.051800679676326,0.9983875751495361,0.9996197819709778,0.035830095410346985,0.003280341625213623,633272,0.009293918,0.004780614282935858,0.004786450415849686,0.0047829714603722095
11197,pgd_eps0.008_alpha0.005_iter1,0.10454545454545454,0.08727272727272728,0.98579377,45.07856544598144,0.997652530670166,0.9994550943374634,0.06115684285759926,0.011226058006286621,632852,0.009260646,0.004758629482239485,0.004766844213008881,0.004760195501148701
483667,pgd_eps0.008_alpha0.005_iter21,0.1666666666666667,0.11111111111111109,0.9777095,44.657967428330814,0.9955977201461792,0.9987781047821045,0.13741622865200043,0.015087723731994629,611693,0.009664754,0.005226233508437872,0.005221692845225334,0.005210679490119219
448810,pgd_eps0.008_alpha0.005_iter3,1.0000000000000002,0.33333333333333326,0.9852578,44.7441799197947,0.9979679584503174,0.9994889497756958,0.06902755051851273,0.004880785942077637,620593,0.0095565105,0.005068905185908079,0.005063502583652735,0.005063221789896488
21167,pgd_eps0.008_alpha0.005_iter1,0.3333333333333334,0.28282828282828276,0.9744763,45.063047548103334,0.995611846446991,0.9986751079559326,0.20092546939849854,0.023273944854736328,633211,0.00927685,0.004773318767547607,0.004779296927154064,0.004770852159708738
384468,pgd_eps0.008_alpha0.005_iter1,0.21212121212121207,0.07635175282234105,0.99237615,45.18842496036446,0.9986872673034668,0.9996136426925659,0.035962656140327454,0.005637049674987793,626143,0.00906167,0.00464998185634613,0.004654435440897942,0.00465414160862565
253742,pgd_eps0.008_alpha0.005_iter2,0.1753246753246753,0.17132867132867133,0.9943409,44.90753301521867,0.998833417892456,0.9996114373207092,0.015044035390019417,0.0023671388626098633,630759,0.009480837,0.005042774602770805,0.005055328365415335,0.005028366111218929
186873,pgd_eps0.008_alpha0.005_iter2,0.463269054178145,0.33245920745920743,0.9841357,44.90966444359533,0.9975473284721375,0.9995443820953369,0.11826978623867035,0.010473370552062988,628665,0.0094424505,0.0050567323341965675,0.005018521565943956,0.005059173796325922
64462,pgd_eps0.008_alpha0.005_iter30,0.5000000000000001,0.25000000000000006,0.97747535,44.70822942237255,0.9963087439537048,0.999110758304596,0.1482205092906952,0.018663883209228516,611454,0.009606888,0.005148363299667835,0.005157072097063065,0.0051989126950502396
68387,pgd_eps0.008_alpha0.005_iter3,0.3333333333333334,0.3030303030303031,0.9803955,44.74860550120815,0.9964438676834106,0.9991225004196167,0.09700030833482742,0.006070256233215332,621408,0.009558566,0.005064805503934622,0.005060119554400444,0.00506610656157136
345466,pgd_eps0.008_alpha0.005_iter1,0.13257575757575754,0.10125060125060124,0.9884179,45.034113791074624,0.9981905817985535,0.9996683597564697,0.02982110157608986,0.0009396076202392578,633111,0.00931217,0.004786988254636526,0.004802293609827757,0.004794301465153694
118367,pgd_eps0.008_alpha0.005_iter3,0.12500000000000003,0.08333333333333331,0.98053336,44.80928223520999,0.9965669512748718,0.9992622137069702,0.13567093014717102,0.005125999450683594,621370,0.009492264,0.00502325315028429,0.005022562574595213,0.00500913942232728
113235,pgd_eps0.008_alpha0.005_iter1,0.12500000000000003,0.08333333333333331,0.9926298,45.07258803802309,0.9987108111381531,0.9996529221534729,0.02693535014986992,0.0036861300468444824,633059,0.009267669,0.0047669075429439545,0.004770296160131693,0.00475856801494956
163640,pgd_eps0.008_alpha0.005_iter1,0.25000000000000006,0.15909090909090912,0.9917137,45.0692879433349,0.9985710978507996,0.9995997548103333,0.027380015701055527,0.0042528510093688965,632970,0.009273095,0.004754969384521246,0.0047732070088386536,0.004772047977894545
1490,pgd_eps0.008_alpha0.005_iter1,0.25000000000000006,0.0,0.9897781,45.04896308409313,0.9981340169906616,0.9997276663780212,0.0873933807015419,0.03192514181137085,633124,0.009292938,0.0047957985661923885,0.004773126449435949,0.00478434469550848
329456,pgd_eps0.008_alpha0.005_iter1,0.23701298701298706,0.21022727272727268,0.9848711,45.1773898640242,0.9978768229484558,0.9995205402374268,0.06664669513702393,0.005945086479187012,628154,0.009115836,0.004649592563509941,0.004644447471946478,0.004733997397124767
260470,pgd_eps0.008_alpha0.005_iter1,0.12878787878787878,0.0765114196148679,0.9861314,45.15384186588331,0.998234212398529,0.9996827840805054,0.06589865684509277,0.004081547260284424,630651,0.009159827,0.004747022408992052,0.004747954197227955,0.0046050953678786755
252776,pgd_eps0.008_alpha0.005_iter1,0.3333333333333334,0.1575757575757576,0.9790695,45.037931820897946,0.996870756149292,0.9993380308151245,0.1264948546886444,0.010269343852996826,633148,0.009308168,0.004791224375367165,0.004796079359948635,0.004793491214513779
201072,pgd_eps0.008_alpha0.005_iter1,0.40909090909090906,0.30681818181818177,0.9864442,45.0661569343664,0.9979717135429382,0.9996986389160156,0.06729260087013245,0.008949220180511475,633118,0.009275223,0.004768860060721636,0.004773744381964207,0.004771652165800333
18150,pgd_eps0.008_alpha0.005_iter2,0.1545454545454545,0.10000000000000002,0.9851784,44.90650825739796,0.9973530769348145,0.9992700219154358,0.05302242934703827,0.006619095802307129,628967,0.009453733,0.005048949271440506,0.005053505301475525,0.005047217011451721
518770,pgd_eps0.008_alpha0.005_iter1,0.22727272727272735,0.19090909090909094,0.98159194,45.05172741535797,0.9969517588615417,0.9993554949760437,0.10400047153234482,0.0060204267501831055,633028,0.009289815,0.0047776708379387856,0.004788948222994804,0.004779396113008261
201646,pgd_eps0.008_alpha0.005_iter3,0.25000000000000006,0.12500000000000003,0.97945815,44.763931378932796,0.9958087205886841,0.9987019896507263,0.12039048969745636,0.007346630096435547,620398,0.009530896,0.005050701089203358,0.005060992669314146,0.005046938546001911
59044,pgd_eps0.008_alpha0.005_iter1,0.22617816965643048,0.12029495126086036,0.98149824,45.04813324996072,0.9971534013748169,0.9993385672569275,0.09872274100780487,0.009464621543884277,633103,0.009296778,0.004777692724019289,0.004789365921169519,0.0047865924425423145
172946,pgd_eps0.008_alpha0.005_iter1,0.2232582232582232,0.16352296144786263,0.98341703,45.054026052461566,0.9974867701530457,0.9995198845863342,0.0819987952709198,0.007791996002197266,633256,0.009289645,0.004786469042301178,0.004779079928994179,0.004778506699949503
234607,pgd_eps0.008_alpha0.005_iter2,0.5000000000000001,0.34848484848484845,0.9808667,44.91796236192712,0.9970194101333618,0.9993211030960083,0.09229592978954315,0.007863342761993408,627334,0.009418406,0.005036161746829748,0.005036813206970692,0.005039736162871122
532690,pgd_eps0.008_alpha0.005_iter1,0.21212121212121215,0.08484848484848485,0.9836448,45.078476481732736,0.9970270395278931,0.9992281794548035,0.06599269062280655,0.007818460464477539,632754,0.009257731,0.004762536846101284,0.004766994155943394,0.004754349589347839
323895,pgd_eps0.008_alpha0.005_iter1,0.5000000000000001,0.42424242424242414,0.9828904,45.09345693861821,0.9964966177940369,0.9991948008537292,0.0539369061589241,0.00283658504486084,632935,0.009241633,0.004746128339320421,0.004751032683998346,0.004751828499138355
384670,pgd_eps0.008_alpha0.005_iter8,0.28282828282828276,0.22222222222222218,0.98161364,44.67599823913978,0.9955975413322449,0.9988269209861755,0.06892263889312744,0.003837108612060547,617561,0.009677259,0.005205170251429081,0.005214126314967871,0.005215135402977467
50326,pgd_eps0.008_alpha0.005_iter28,0.3333333333333334,0.1666666666666667,0.980342,44.690708723778286,0.9965929985046387,0.9993835687637329,0.16869305074214935,0.01251453161239624,611561,0.009624649,0.005197225138545036,0.0051996042020618916,0.005191343370825052
162035,pgd_eps0.008_alpha0.005_iter1,0.3677685950413224,0.2727272727272727,0.9875283,45.08205633420089,0.9976516962051392,0.9994001984596252,0.04264562204480171,0.004981696605682373,632862,0.009256395,0.004755083937197924,0.004762902390211821,0.0047586532309651375
415727,pgd_eps0.008_alpha0.005_iter1,0.22727272727272724,0.125,0.9851685,45.05846495048719,0.9980430603027344,0.9995794296264648,0.06581300497055054,0.006144165992736816,633137,0.009284961,0.004780758172273636,0.004784965887665749,0.0047665126621723175
46252,pgd_eps0.008_alpha0.005_iter1,0.303030303030303,0.2640692640692641,0.9967224,45.06257180693395,0.9991793632507324,0.9996861815452576,0.00824251864105463,0.0013542771339416504,633216,0.009282293,0.004766757134348154,0.004775532986968756,0.0047763376496732235
182021,pgd_eps0.008_alpha0.005_iter2,0.21212121212121215,0.1818181818181818,0.9729071,44.882876276478534,0.9955265522003174,0.9988248348236084,0.25120630860328674,0.022951960563659668,627229,0.009443518,0.005070305895060301,0.005058146081864834,0.005077627953141928
90284,pgd_eps0.008_alpha0.005_iter5,0.5000000000000001,0.07142857142857144,0.9768543,44.63567221940042,0.9958335161209106,0.9987066388130188,0.13506576418876648,0.008377552032470703,608996,0.009630629,0.005176007281988859,0.005187050439417362,0.00519409729167819
450686,pgd_eps0.008_alpha0.005_iter10,0.25000000000000006,0.16666666666666663,0.9753726,44.65591036998376,0.9951553344726562,0.9986984729766846,0.14107607305049896,0.011914968490600586,610900,0.009663674,0.005223678424954414,0.005215112119913101,0.005219551734626293
5060,pgd_eps0.008_alpha0.005_iter2,0.5000000000000001,0.0,0.9903335,44.940352374436934,0.9979879856109619,0.9992548823356628,0.02639947459101677,0.005520045757293701,629452,0.009420882,0.005030203144997358,0.0050245546735823154,0.005007097963243723
286523,pgd_eps0.008_alpha0.005_iter1,0.5000000000000001,0.0,0.98255116,45.09717638938346,0.9976406097412109,0.9994397163391113,0.09857550263404846,0.006556570529937744,631533,0.009224114,0.004743125289678574,0.00473373057320714,0.004753673914819956
120420,pgd_eps0.008_alpha0.005_iter1,0.1218181818181818,0.11190476190476191,0.9923491,45.07620322613939,0.9988644123077393,0.9997050762176514,0.02283322997391224,0.0013685226440429688,632968,0.009263326,0.0047623091377317905,0.0047668893821537495,0.004759804345667362
579655,pgd_eps0.008_alpha0.005_iter2,0.20000000000000004,0.10000000000000002,0.9763007,45.06132656784067,0.9974972009658813,0.9992827773094177,0.10790880024433136,0.01002269983291626,606988,0.009160255,0.004879239480942488,0.004866556264460087,0.004880609922111034
223747,pgd_eps0.008_alpha0.005_iter2,0.11111111111111109,0.055555555555555546,0.98169994,44.92548218051009,0.9964010715484619,0.9988447427749634,0.17092004418373108,0.01757580041885376,628324,0.009417776,0.005010255146771669,0.005048268474638462,0.005041714292019606
297578,pgd_eps0.008_alpha0.005_iter1,0.25000000000000006,0.20454545454545453,0.9750569,45.164137649769614,0.9972731471061707,0.9992965459823608,0.1677178144454956,0.012061536312103271,617522,0.009072283,0.004666015040129423,0.004665660671889782,0.004671177826821804
458992,pgd_eps0.008_alpha0.005_iter8,0.12500000000000003,0.08333333333333331,0.98521155,44.67663237740521,0.9975966215133667,0.9993888139724731,0.07019180059432983,0.0076097846031188965,609783,0.009630376,0.005193954333662987,0.005220372229814529,0.00519830035045743
164602,pgd_eps0.008_alpha0.005_iter23,0.3333333333333334,0.28282828282828276,0.98134947,44.6378319555796,0.9967381358146667,0.9991328716278076,0.09667587280273438,0.0070337653160095215,607856,0.0096641835,0.00523854186758399,0.005232525989413261,0.005230366718024015
67180,pgd_eps0.008_alpha0.005_iter3,0.5000000000000001,0.16666666666666663,0.9945304,44.791910554764996,0.9986864328384399,0.9995589852333069,0.0217034500092268,0.005056202411651611,628384,0.009570717,0.005032663699239492,0.005033069755882025,0.005033267196267843
126226,pgd_eps0.008_alpha0.005_iter1,0.1818181818181818,0.15151515151515152,0.98565215,45.107559163341094,0.9975414276123047,0.9993860125541687,0.044881079345941544,0.0038785338401794434,631488,0.0092186155,0.004736581817269325,0.004747745580971241,0.0047282567247748375
190923,pgd_eps0.008_alpha0.005_iter1,0.1590909090909091,0.11026638669301714,0.98868674,45.052914277417166,0.9984056353569031,0.9996796250343323,0.037957094609737396,0.004671633243560791,632840,0.009288444,0.004769659135490656,0.004782317206263542,0.004787800367921591
150265,pgd_eps0.008_alpha0.005_iter1,0.31168831168831174,0.2085618085618086,0.98394936,45.08724320823575,0.9972183108329773,0.9993828535079956,0.05296448618173599,0.006073117256164551,632747,0.00924855,0.004756721667945385,0.004765680059790611,0.004740931559354067
38048,pgd_eps0.008_alpha0.005_iter2,0.12500000000000003,0.08333333333333331,0.9862111,44.919581067892096,0.997504472732544,0.9994891881942749,0.07667210698127747,0.0038768649101257324,628708,0.009437825,0.0050317589193582535,0.005038891453295946,0.005018788389861584
525155,pgd_eps0.008_alpha0.005_iter7,0.5000000000000001,0.16666666666666663,0.97544503,44.6842292114815,0.9953991174697876,0.9984344840049744,0.25907933712005615,0.01565605401992798,611869,0.0096159885,0.005177565384656191,0.005173361860215664,0.005167772062122822
163314,pgd_eps0.008_alpha0.005_iter1,0.17121440650852415,0.07911501377410467,0.9862874,45.05625121609836,0.9982603788375854,0.9995844960212708,0.06587104499340057,0.0034810304641723633,632789,0.009284579,0.004789616446942091,0.004773332737386227,0.004773948807269335
259571,pgd_eps0.008_alpha0.005_iter1,0.22237076648841358,0.11893939393939396,0.98564196,45.08598916559545,0.997800350189209,0.9995329976081848,0.07099373638629913,0.007106602191925049,632914,0.009249875,0.004743189550936222,0.0047594960778951645,0.004762452095746994
236166,pgd_eps0.008_alpha0.005_iter2,0.5000000000000001,0.0,0.9835961,44.98343187272365,0.9974421262741089,0.9993836283683777,0.09554891288280487,0.006012976169586182,624714,0.009304036,0.004971670918166637,0.004959627985954285,0.004964372608810663
153529,pgd_eps0.008_alpha0.005_iter2,0.15259740259740262,0.1507034632034632,0.9880356,44.915381971143724,0.9978127479553223,0.9993122816085815,0.04544432461261749,0.005590975284576416,630415,0.009457807,0.005014469847083092,0.005057038273662329,0.005035682115703821
219271,pgd_eps0.008_alpha0.005_iter1,0.15588842975206613,0.103112573700809,0.9865597,45.0466086226257,0.9977724552154541,0.9996256828308105,0.10311712324619293,0.007922053337097168,633139,0.009296618,0.004781298339366913,0.004787755664438009,0.004791593644768
460841,pgd_eps0.008_alpha0.005_iter12,0.12500000000000003,0.06250000000000001,0.97544557,44.68229402060463,0.9952115416526794,0.9981012344360352,0.1937757283449173,0.02052408456802368,611333,0.009631006,0.005203560460358858,0.005199759267270565,0.005203964188694954
511599,pgd_eps0.008_alpha0.005_iter1,0.12878787878787878,0.092987012987013,0.98885727,45.05190277669354,0.997927188873291,0.9996402263641357,0.031882964074611664,0.002055823802947998,633402,0.00929494,0.004784392658621073,0.004782405681908131,0.004782157950103283
87470,pgd_eps0.008_alpha0.005_iter6,0.11111111111111109,0.025974025974025972,0.98826504,44.66788493391861,0.9977909922599792,0.9994367361068726,0.05742894858121872,0.010057389736175537,619916,0.0097020725,0.005217232741415501,0.005221785977482796,0.005225709639489651
558114,pgd_eps0.008_alpha0.005_iter1,0.10472255017709564,0.06602870813397128,0.9880323,45.09162360868969,0.9982314109802246,0.9995874762535095,0.0385059155523777,0.003637552261352539,632835,0.009247114,0.004780847579240799,0.004720747936517,0.004750462248921394
163257,pgd_eps0.008_alpha0.005_iter1,0.5000000000000001,0.42424242424242414,0.9787993,45.16325893709443,0.9969561100006104,0.9993456602096558,0.10479581356048584,0.005363941192626953,626198,0.009121829,0.004699078854173422,0.004677884746342897,0.004702573176473379
361551,pgd_eps0.008_alpha0.005_iter3,0.21717171717171724,0.2161616161616162,0.98069876,44.73048293167557,0.9966002702713013,0.9992288947105408,0.10880915075540543,0.010815083980560303,623131,0.009595464,0.005071306135505438,0.005078510846942663,0.005083931144326925
342971,pgd_eps0.008_alpha0.005_iter8,0.5000000000000001,0.0,0.9838558,44.6350183688197,0.9971122741699219,0.9995294213294983,0.1332472711801529,0.008446455001831055,614168,0.009706152,0.005236638244241476,0.005244165658950806,0.005245678126811981
361919,pgd_eps0.008_alpha0.005_iter1,0.18124098124098123,0.15632515632515634,0.9818179,45.0292850306035,0.9968453645706177,0.9993702173233032,0.11980694532394409,0.006832122802734375,633343,0.009321634,0.004799765069037676,0.004801617469638586,0.004800038877874613
138115,pgd_eps0.008_alpha0.005_iter6,0.5000000000000001,0.16666666666666663,0.97536474,44.76756062913794,0.99614018201828,0.9989438652992249,0.15630348026752472,0.007535398006439209,611116,0.009524873,0.005076814442873001,0.005175936035811901,0.005124701652675867
374369,pgd_eps0.008_alpha0.005_iter97,0.5000000000000001,0.16666666666666663,0.96893376,44.62614479676417,0.9939302802085876,0.9971380829811096,0.3121502697467804,0.0360872745513916,607048,0.0096740015,0.005243217572569847,0.005242171697318554,0.005245774984359741
123213,pgd_eps0.008_alpha0.005_iter1,0.13456152433425161,0.10808080808080807,0.9872344,45.07905507051602,0.9978665709495544,0.9996090531349182,0.0284125879406929,0.003489255905151367,633185,0.009260926,0.004771237261593342,0.004757426213473082,0.004757729358971119
357742,pgd_eps0.008_alpha0.005_iter14,0.5000000000000001,0.25000000000000006,0.97873336,44.533993840227836,0.9959504008293152,0.998904824256897,0.19152449071407318,0.026942551136016846,614847,0.00983127,0.005311256740242243,0.0053090741857886314,0.005317394156008959
439854,pgd_eps0.008_alpha0.005_iter1,0.1462121212121212,0.10132575757575757,0.97714764,45.11772012183811,0.9964203834533691,0.9990291595458984,0.1613808274269104,0.014797806739807129,632727,0.0092097055,0.004678054247051477,0.004754083231091499,0.004757413174957037
465836,pgd_eps0.008_alpha0.005_iter3,0.3333333333333334,0.2803030303030302,0.98755765,44.72386210996533,0.99796462059021,0.9995013475418091,0.062423668801784515,0.0074880123138427734,625093,0.009623275,0.005080034490674734,0.00508534861728549,0.0050810156390070915
414385,pgd_eps0.008_alpha0.005_iter3,0.3333333333333334,0.0,0.97726035,44.76349361355568,0.9955334067344666,0.9984036684036255,0.12779636681079865,0.010592818260192871,621566,0.009541015,0.005043443758040667,0.005060040391981602,0.005050920881330967
322724,pgd_eps0.008_alpha0.005_iter1,0.5000000000000001,0.27272727272727276,0.9800029,45.36764531190849,0.9969586133956909,0.9991618990898132,0.1563718020915985,0.015404760837554932,615997,0.008758925,0.004402039106935263,0.0045206681825220585,0.0045277769677340984
481390,pgd_eps0.008_alpha0.005_iter1,0.14214876033057852,0.13605997605997605,0.99228716,45.128498990483266,0.9987432956695557,0.9996930956840515,0.013276161625981331,0.001272439956665039,631461,0.009194059,0.004684245213866234,0.004711788147687912,0.0047521633096039295
276434,pgd_eps0.008_alpha0.005_iter3,0.12929292929292932,0.1090909090909091,0.98206115,44.779460642833556,0.9972476959228516,0.9992144703865051,0.10134794563055038,0.008152365684509277,620800,0.009517326,0.005018352530896664,0.005049569066613913,0.005045988131314516
579635,pgd_eps0.008_alpha0.005_iter15,0.3333333333333334,0.08333333333333336,0.9791185,44.63816235427718,0.9959182143211365,0.999261736869812,0.16055828332901,0.013971269130706787,612152,0.00969013,0.0052119046449661255,0.005239145830273628,0.005235590972006321
295316,pgd_eps0.008_alpha0.005_iter3,0.47272727272727283,0.45454545454545464,0.97980183,44.739067607830535,0.9962230920791626,0.9991138577461243,0.13749836385250092,0.014283537864685059,619851,0.009556714,0.005039805546402931,0.005080989561975002,0.005085187964141369
183127,pgd_eps0.008_alpha0.005_iter6,0.25000000000000006,0.0,0.9817949,44.697520601241656,0.9959648847579956,0.9990737438201904,0.09424904733896255,0.009575068950653076,620185,0.009665096,0.00519975321367383,0.005201991181820631,0.005195765756070614
115898,pgd_eps0.008_alpha0.005_iter16,0.5000000000000001,0.25000000000000006,0.99268365,44.66193754163318,0.9985584020614624,0.9995247721672058,0.0350460447371006,0.004079222679138184,622126,0.009719413,0.005216849502176046,0.005211786366999149,0.005214232485741377
290163,pgd_eps0.008_alpha0.005_iter1,0.11748251748251748,0.013636363636363636,0.98332673,45.0643093850894,0.9976465106010437,0.999487578868866,0.06591211259365082,0.00488966703414917,633133,0.009277499,0.00477744871750474,0.004778262693434954,0.004763491451740265
91406,pgd_eps0.008_alpha0.005_iter1,0.12337662337662336,0.112987012987013,0.9828529,45.06700841495824,0.9974499940872192,0.9995099902153015,0.0838065892457962,0.011055409908294678,633077,0.009271876,0.004765528719872236,0.004770453553646803,0.00477253645658493
223959,pgd_eps0.008_alpha0.005_iter2,0.5000000000000001,0.25000000000000006,0.98054,44.94151985990226,0.9965528249740601,0.9992549419403076,0.10449588298797607,0.005132079124450684,628859,0.009407033,0.005028933752328157,0.005018013995140791,0.0050233276560902596
326248,pgd_eps0.008_alpha0.005_iter1,0.14043062200956938,0.09969008264462809,0.9877979,45.07379302871105,0.9982773065567017,0.9996863007545471,0.051204241812229156,0.0059473514556884766,632879,0.009263419,0.004762694705277681,0.004767855629324913,0.004758806433528662
293625,pgd_eps0.008_alpha0.005_iter2,0.1666666666666667,0.12121212121212123,0.98047763,44.90593883827968,0.9968020915985107,0.999122142791748,0.11894048750400543,0.009470999240875244,627413,0.00942138,0.005054363049566746,0.005048283375799656,0.005048495717346668
411817,pgd_eps0.008_alpha0.005_iter1,0.125,0.11273448773448776,0.9877913,45.13276359237875,0.9983376264572144,0.9994727969169617,0.03673219308257103,0.004686713218688965,630801,0.009172139,0.004712981637567282,0.004717695061117411,0.004703701939433813
215259,pgd_eps0.008_alpha0.005_iter9,0.3333333333333334,0.2575757575757575,0.97811264,44.63567760815102,0.9964581727981567,0.9991946816444397,0.1611533761024475,0.007569432258605957,608518,0.009659608,0.005220094695687294,0.0052175819873809814,0.005218085832893848
147729,pgd_eps0.008_alpha0.005_iter1,0.22077922077922082,0.12121212121212122,0.9814534,45.05651845878166,0.9965736865997314,0.9990668892860413,0.10529258847236633,0.01537632942199707,633163,0.009288752,0.004777667112648487,0.004784564021974802,0.004776216112077236
579307,pgd_eps0.008_alpha0.005_iter4,0.3333333333333334,0.2575757575757575,0.9839735,44.75118131178196,0.9970073699951172,0.9993476271629333,0.0960543155670166,0.005959510803222656,620510,0.0095945345,0.005161216948181391,0.005160082131624222,0.0051615056581795216
154425,pgd_eps0.008_alpha0.005_iter93,0.5000000000000001,0.25000000000000006,0.98876095,44.665721442172085,0.9980185031890869,0.9995387196540833,0.03470480069518089,0.00477224588394165,616526,0.009684683,0.0052128448151052,0.005208641290664673,0.005209968890994787
404923,pgd_eps0.008_alpha0.005_iter1,0.43181818181818177,0.35974025974025975,0.98987347,45.07743641357807,0.997729480266571,0.9994174838066101,0.0278920941054821,0.0020695924758911133,633014,0.009264021,0.004765095189213753,0.004764368291944265,0.004761038348078728
130586,pgd_eps0.008_alpha0.005_iter3,0.5000000000000001,0.16666666666666663,0.9914269,45.03153102525278,0.9982160329818726,0.9992737770080566,0.09742745757102966,0.01707327365875244,597548,0.008978809,0.004703069105744362,0.004705169703811407,0.004724486265331507
163057,pgd_eps0.008_alpha0.005_iter1,0.14476658376179907,0.13888888888888892,0.9870005,45.09830701498735,0.9975516200065613,0.9993897676467896,0.08389405906200409,0.014886438846588135,633002,0.009237692,0.004788077902048826,0.004788786172866821,0.0046602776274085045
7511,pgd_eps0.008_alpha0.005_iter1,0.13073593073593076,0.07451437451437451,0.9852762,45.14595995350761,0.9974895715713501,0.9994515776634216,0.048558544367551804,0.006239414215087891,630624,0.009166598,0.004716283641755581,0.004721551667898893,0.0046728067100048065
67406,pgd_eps0.008_alpha0.005_iter7,0.4545454545454545,0.42727272727272736,0.9734704,44.57541299792413,0.9947582483291626,0.9943327307701111,0.2357875108718872,0.02240920066833496,609121,0.009723656,0.0052506220526993275,0.005249406676739454,0.005260935518890619
248752,pgd_eps0.008_alpha0.005_iter7,0.25000000000000006,0.12500000000000003,0.9755416,44.64756139259706,0.9958930015563965,0.9993039965629578,0.2365206480026245,0.006602287292480469,610212,0.0096446965,0.005201288964599371,0.005197896156460047,0.005202143453061581
450303,pgd_eps0.008_alpha0.005_iter1,0.11224489795918367,0.09148629148629149,0.97972435,45.06526457850757,0.9967806339263916,0.9992952942848206,0.10660645365715027,0.010010719299316406,632689,0.009271075,0.0047691683284938335,0.004772767424583435,0.004771191626787186
137294,pgd_eps0.008_alpha0.005_iter4,0.27272727272727276,0.04545454545454545,0.9816697,44.81303200410813,0.9969457983970642,0.9992280006408691,0.11849123239517212,0.007048845291137695,617724,0.009499761,0.005123253911733627,0.00511303311213851,0.005102920345962048
311180,pgd_eps0.008_alpha0.005_iter4,0.25000000000000006,0.0,0.9837629,44.776221491106625,0.9974455237388611,0.9994270205497742,0.07342331111431122,0.0033045411109924316,617216,0.009537984,0.005145106930285692,0.005143546499311924,0.005135163199156523
349184,pgd_eps0.008_alpha0.005_iter1,0.2012987012987013,0.07575757575757576,0.9919552,45.05826805597192,0.9988047480583191,0.9995501041412354,0.03290247917175293,0.0018624067306518555,632624,0.009280477,0.004776494577527046,0.004773900378495455,0.004775527399033308
446651,pgd_eps0.008_alpha0.005_iter1,0.24848484848484853,0.1575757575757576,0.9758976,45.26104851446769,0.9976796507835388,0.9994150400161743,0.10839942842721939,0.009244859218597412,612837,0.008938917,0.004587541334331036,0.004592537879943848,0.0045877257362008095
227478,pgd_eps0.008_alpha0.005_iter4,0.24242424242424246,0.18181818181818185,0.9941402,44.73969101873435,0.9986953735351562,0.9995766282081604,0.03352351486682892,0.009894490242004395,628566,0.009665365,0.005173059180378914,0.005170935764908791,0.005159099120646715
327601,pgd_eps0.008_alpha0.005_iter7,0.3333333333333334,0.11111111111111109,0.9822073,44.67664649978508,0.9970165491104126,0.9993685483932495,0.12927067279815674,0.01103663444519043,612787,0.009630874,0.005181045737117529,0.005182589404284954,0.005168014205992222
255749,pgd_eps0.008_alpha0.005_iter1,0.4000000000000001,0.22727272727272727,0.96000004,45.739283685801524,0.9960455894470215,0.9989668130874634,0.14024561643600464,0.02284848690032959,567006,0.008187239,0.004194531124085188,0.004196275491267443,0.004194771405309439
148719,pgd_eps0.008_alpha0.005_iter1,0.5000000000000001,0.25000000000000006,0.9939904,45.06793730696653,0.9989248514175415,0.9997457265853882,0.013899167999625206,0.001238107681274414,633045,0.00927409,0.004769669380038977,0.004766964353621006,0.004768300801515579
489842,pgd_eps0.008_alpha0.005_iter1,0.1942678011643529,0.17526591056002824,0.9941137,45.0701118171273,0.9990438222885132,0.9996845722198486,0.02388811856508255,0.006821155548095703,632837,0.00926821,0.004765860736370087,0.004763079807162285,0.00477366428822279
334555,pgd_eps0.008_alpha0.005_iter1,0.10113714037159015,0.08722943722943723,0.9883608,45.08365144200194,0.9982202053070068,0.9995788335800171,0.028594542294740677,0.003999114036560059,633058,0.009254599,0.004766893107444048,0.004756041336804628,0.004749438725411892
61418,pgd_eps0.008_alpha0.005_iter4,0.3030303030303031,0.28208350788995956,0.989841,44.73096119635504,0.9979304075241089,0.9996308088302612,0.05274774134159088,0.007541060447692871,626173,0.009660453,0.005176714155822992,0.0051823388785123825,0.005171962082386017
277020,pgd_eps0.008_alpha0.005_iter1,0.10606060606060604,0.055194805194805206,0.9631689,45.43396428794714,0.9963427782058716,0.9992254972457886,0.14262083172798157,0.015642523765563965,588705,0.008621125,0.0044202907010912895,0.004418463446199894,0.004429119639098644
47828,pgd_eps0.008_alpha0.005_iter1,0.14621212121212124,0.07575757575757576,0.97928196,45.09539112848479,0.9963377714157104,0.9991125464439392,0.18299533426761627,0.01660752296447754,632864,0.009238953,0.004755082074552774,0.0047651054337620735,0.004718555603176355
183716,pgd_eps0.008_alpha0.005_iter1,0.22222222222222218,0.1666666666666667,0.9837389,45.137382146721805,0.9977755546569824,0.9994245767593384,0.058912068605422974,0.0033365488052368164,628533,0.009164641,0.004706365056335926,0.004703722428530455,0.004713835660368204
271997,pgd_eps0.008_alpha0.005_iter6,0.5000000000000001,0.16666666666666663,0.9767887,44.69766624511436,0.9956388473510742,0.9987890124320984,0.17326876521110535,0.013283967971801758,611840,0.009610882,0.0052024247124791145,0.005201124120503664,0.005195823032408953
8532,pgd_eps0.008_alpha0.005_iter1,0.5000000000000001,0.25000000000000006,0.97786015,45.047684882175,0.9965936541557312,0.9991478323936462,0.19270867109298706,0.020627975463867188,633230,0.009296198,0.0047919717617332935,0.004787953570485115,0.004778917878866196
390555,pgd_eps0.008_alpha0.005_iter1,0.12685001273236565,0.11082251082251082,0.9938819,45.055905280032604,0.9991520643234253,0.9997224807739258,0.023761481046676636,0.0030072927474975586,633471,0.009289065,0.0047734398394823074,0.004777854774147272,0.004787371028214693
68409,pgd_eps0.008_alpha0.005_iter1,0.2487373737373737,0.13636363636363635,0.99378735,45.10870240891929,0.9991053342819214,0.9997462630271912,0.024140093475580215,0.0033758878707885742,632360,0.009217511,0.004728764295578003,0.004725383594632149,0.004754329100251198
2299,pgd_eps0.008_alpha0.005_iter1,0.24065841770941548,0.18735565509759058,0.9943238,45.09113283141896,0.9993380308151245,0.9997566342353821,0.02180274948477745,0.0023223161697387695,630077,0.00922545,0.0047540548257529736,0.004737145267426968,0.004747854080051184
11051,pgd_eps0.008_alpha0.005_iter8,0.5000000000000001,0.27272727272727276,0.97457904,44.67494478736435,0.9956753253936768,0.9989155530929565,0.21961107850074768,0.019871890544891357,606248,0.009611592,0.005222890060395002,0.005214445758610964,0.005197442136704922
66038,pgd_eps0.008_alpha0.005_iter1,0.10301062573789847,0.10173160173160174,0.98992616,45.14020659875291,0.9983127117156982,0.999649167060852,0.026847705245018005,0.0029299259185791016,631485,0.009181899,0.004646937828511,0.004738215357065201,0.004735626745969057
360960,pgd_eps0.008_alpha0.005_iter1,0.3961038961038962,0.3727272727272728,0.974695,45.19950453343046,0.9964539408683777,0.9991415739059448,0.12065589427947998,0.01828324794769287,621774,0.009059532,0.004658362828195095,0.004648594185709953,0.0046624611131846905
504589,pgd_eps0.008_alpha0.005_iter4,0.33333333333333326,0.27272727272727276,0.9899884,44.73399813461309,0.9981038570404053,0.9995198845863342,0.06029679626226425,0.005561530590057373,625232,0.009643273,0.0051950449123978615,0.005175414029508829,0.005120658315718174
23034,pgd_eps0.008_alpha0.005_iter2,0.28282828282828276,0.18181818181818185,0.9904306,44.91629528311983,0.9984075427055359,0.9996879696846008,0.049697406589984894,0.007300913333892822,629964,0.009454404,0.005033598747104406,0.005044934805482626,0.005036654882133007
506656,pgd_eps0.008_alpha0.005_iter44,0.3333333333333334,0.1666666666666667,0.9817584,44.620644454060084,0.9964746832847595,0.999243974685669,0.1211489737033844,0.011339783668518066,616615,0.009735673,0.005257653538137674,0.005259450059384108,0.005222569685429335
272566,pgd_eps0.008_alpha0.005_iter2,0.19318181818181815,0.16883116883116886,0.9965665,44.9513422379735,0.9993265867233276,0.9997797012329102,0.008964288979768753,0.0015583038330078125,630255,0.009427507,0.005007732193917036,0.005017297808080912,0.0049961032345891
424551,pgd_eps0.008_alpha0.005_iter4,0.42424242424242414,0.3863636363636363,0.9820569,44.72134838813375,0.9964386820793152,0.999177873134613,0.1176801547408104,0.013029754161834717,623142,0.009650836,0.0051811011508107185,0.005184766370803118,0.0051860688254237175
341719,pgd_eps0.008_alpha0.005_iter1,0.2626262626262627,0.19913419913419916,0.9877022,45.06511695911374,0.9978548884391785,0.9995940923690796,0.07558657228946686,0.008584976196289062,633291,0.00927944,0.004771642852574587,0.004778322763741016,0.0047680689021945
72795,pgd_eps0.008_alpha0.005_iter1,0.2505050505050505,0.21853146853146851,0.9928029,45.06952518925449,0.9987401962280273,0.9996691346168518,0.022141167894005775,0.002965569496154785,632871,0.009270367,0.004760789684951305,0.004770022351294756,0.004771283362060785
43816,pgd_eps0.008_alpha0.005_iter1,0.21212121212121207,0.16666666666666663,0.9905564,45.066076310445375,0.9982144832611084,0.9994974136352539,0.023714015260338783,0.003209710121154785,633166,0.009276852,0.004766268655657768,0.004770397674292326,0.004776415880769491
455555,pgd_eps0.008_alpha0.005_iter9,0.5000000000000001,0.42424242424242414,0.9813597,44.76593808414543,0.9974735975265503,0.9993186593055725,0.0720972865819931,0.009487748146057129,606992,0.009517542,0.0050886934623122215,0.005091269500553608,0.005087680649012327
535306,pgd_eps0.008_alpha0.005_iter2,0.25000000000000006,0.16666666666666663,0.98793143,44.93649180170614,0.9979623556137085,0.9995749592781067,0.0560666024684906,0.0021321773529052734,628921,0.009419149,0.005021820776164532,0.005029355641454458,0.005023352336138487
30504,pgd_eps0.008_alpha0.005_iter6,0.3333333333333334,0.08333333333333336,0.987698,44.67930463516434,0.9978744387626648,0.9995154738426208,0.04953661561012268,0.00538325309753418,619248,0.009682903,0.005211084149777889,0.00521332211792469,0.00521477684378624
93353,pgd_eps0.008_alpha0.005_iter4,0.12500000000000003,0.08333333333333331,0.9777713,44.79472103706259,0.9965857863426208,0.9991053938865662,0.15791083872318268,0.010759592056274414,613614,0.00948916,0.005139009095728397,0.005140605382621288,0.005098799243569374
473118,pgd_eps0.008_alpha0.005_iter5,0.3333333333333334,0.1666666666666667,0.9816565,44.73885113125039,0.9969509840011597,0.999483585357666,0.09909199178218842,0.006561100482940674,615683,0.009567512,0.0050438460893929005,0.005134279374033213,0.005131951998919249
567640,pgd_eps0.008_alpha0.005_iter1,0.20795454545454545,0.12805944055944057,0.98571306,45.099876542495394,0.9980188608169556,0.9996259808540344,0.04245336353778839,0.0036115646362304688,632259,0.009230261,0.004742149263620377,0.00475009111687541,0.004737590905278921
532493,pgd_eps0.008_alpha0.005_iter3,0.5000000000000001,0.0,0.99346644,44.797293237059755,0.998404860496521,0.9996041059494019,0.02546791546046734,0.004924416542053223,627839,0.009561727,0.005016976036131382,0.00503038614988327,0.005042057018727064
45550,pgd_eps0.008_alpha0.005_iter1,0.1349862258953168,0.03863636363636364,0.98159474,45.08896199531178,0.9969204664230347,0.9993349313735962,0.10311722755432129,0.008518338203430176,632810,0.009246352,0.00474839610978961,0.004766672849655151,0.004748619627207518
410456,pgd_eps0.008_alpha0.005_iter1,0.45804195804195813,0.40909090909090917,0.98950195,45.07484011853188,0.9982592463493347,0.9996426105499268,0.024261586368083954,0.003265559673309326,633110,0.009266311,0.004759051371365786,0.004765796009451151,0.0047650448977947235
441286,pgd_eps0.008_alpha0.005_iter4,0.5000000000000001,0.25000000000000006,0.9854657,44.74623744585733,0.9971699118614197,0.9992631673812866,0.07001830637454987,0.01086890697479248,622389,0.009613752,0.005164794158190489,0.0051750726997852325,0.00515412911772728
885,pgd_eps0.008_alpha0.005_iter1,0.426948051948052,0.26883116883116887,0.97483873,45.01278422485126,0.9957609176635742,0.9984574317932129,0.19171364605426788,0.02805107831954956,633289,0.009339803,0.004813491832464933,0.004816057626157999,0.004811114631593227
39551,pgd_eps0.008_alpha0.005_iter5,0.3333333333333334,0.11111111111111109,0.9768989,44.628950330804706,0.9954198598861694,0.998935878276825,0.10333741456270218,0.004754245281219482,614690,0.009674651,0.005181662738323212,0.0051978155970573425,0.005191772244870663
193348,pgd_eps0.008_alpha0.005_iter11,0.5000000000000001,0.25000000000000006,0.9735821,44.6792982357514,0.9954306483268738,0.998830258846283,0.2243797928094864,0.011183857917785645,600415,0.009563115,0.0051930611953139305,0.005193282384425402,0.005196158308535814
341681,pgd_eps0.008_alpha0.005_iter7,0.3333333333333334,0.08333333333333336,0.97477794,44.66873424088674,0.9951438903808594,0.9989230036735535,0.1689925491809845,0.00786125659942627,611148,0.009629188,0.005176357459276915,0.005182759836316109,0.005188158247619867
83172,pgd_eps0.008_alpha0.005_iter6,0.22727272727272724,0.1980519480519481,0.9756667,44.69821662679586,0.9953180551528931,0.9987467527389526,0.17604497075080872,0.013076543807983398,613081,0.009620078,0.005202596541494131,0.005196281708776951,0.005192640703171492
343524,pgd_eps0.008_alpha0.005_iter45,0.3333333333333334,0.1666666666666667,0.97522235,44.691394929037635,0.9950500726699829,0.9988622069358826,0.1697593629360199,0.01191645860671997,612374,0.009627129,0.005190002266317606,0.005194556433707476,0.005190724972635508
388056,pgd_eps0.008_alpha0.005_iter1,0.23725895316804405,0.22626262626262625,0.9919812,45.08292450582067,0.9987146258354187,0.999689519405365,0.01582004688680172,0.0013697147369384766,632535,0.009249183,0.004754047840833664,0.004758176859468222,0.004750958178192377
235836,pgd_eps0.008_alpha0.005_iter1,0.3333333333333334,0.1666666666666667,0.9943707,45.07528267716131,0.9991602897644043,0.9997080564498901,0.01503177359700203,0.001212477684020996,632856,0.00926408,0.004761037416756153,0.004762464668601751,0.0047640493139624596
343218,pgd_eps0.008_alpha0.005_iter13,0.25000000000000006,0.21212121212121207,0.97902274,44.6460898396746,0.9962226748466492,0.9992842674255371,0.15339036285877228,0.010790228843688965,611432,0.009674286,0.005221901461482048,0.00523008918389678,0.005218736361712217
205105,pgd_eps0.008_alpha0.005_iter5,0.3333333333333334,0.1666666666666667,0.97550875,44.826109533087994,0.9956604838371277,0.9988406300544739,0.15505242347717285,0.013092517852783203,607357,0.009421422,0.005033812485635281,0.005031195003539324,0.005022157449275255
497599,pgd_eps0.008_alpha0.005_iter2,0.15584415584415587,0.0909090909090909,0.9806344,44.907940389306276,0.9968047142028809,0.9992771148681641,0.11956256628036499,0.014726758003234863,628390,0.009438813,0.005048105493187904,0.005051865242421627,0.005048541352152824
232684,pgd_eps0.008_alpha0.005_iter4,0.25000000000000006,0.16666666666666663,0.8910074,45.61604484799874,0.9890738725662231,0.9367023706436157,0.26802313327789307,0.05834662914276123,475441,0.007929525,0.004171410575509071,0.004130474291741848,0.004124711267650127
144784,pgd_eps0.008_alpha0.005_iter1,1.0000000000000002,0.0,0.9814923,45.065428869659485,0.9971755743026733,0.9993180632591248,0.08448515832424164,0.00853055715560913,633119,0.009276097,0.004769323859363794,0.00477176858112216,0.0047749849036335945
167486,pgd_eps0.008_alpha0.005_iter1,0.12878787878787878,0.07272727272727274,0.98595786,45.17205407405627,0.9977228045463562,0.9994715452194214,0.050901614129543304,0.005420506000518799,630609,0.009139683,0.004729767795652151,0.004718664102256298,0.004602469503879547
488673,pgd_eps0.008_alpha0.005_iter2,0.12121212121212119,0.10389610389610392,0.9835407,44.925360699851666,0.9973737597465515,0.9994174838066101,0.08584814518690109,0.00776982307434082,628402,0.009421148,0.005031963810324669,0.005037243943661451,0.005034594796597958
163562,pgd_eps0.008_alpha0.005_iter17,0.25000000000000006,0.16666666666666663,0.97800547,44.63524479898708,0.9962500333786011,0.9990472197532654,0.18677932024002075,0.00890284776687622,605183,0.009650393,0.005235073156654835,0.005228765774518251,0.005237603094428778
492362,pgd_eps0.008_alpha0.005_iter1,0.12987012987012986,0.12012987012987009,0.9882142,45.10884362801919,0.9982078075408936,0.9995900988578796,0.032567817717790604,0.0018456578254699707,632778,0.009224176,0.004734429996460676,0.004735065158456564,0.004738355055451393
232563,pgd_eps0.008_alpha0.005_iter2,0.3333333333333334,0.14141414141414138,0.98259944,44.96191149718385,0.9967765212059021,0.9992527961730957,0.14204373955726624,0.01213681697845459,626565,0.00937492,0.005003681406378746,0.004993370268493891,0.004989584907889366
520910,pgd_eps0.008_alpha0.005_iter36,0.3333333333333334,0.1666666666666667,0.9738532,44.69297259294967,0.9952110648155212,0.9983174800872803,0.22138389945030212,0.047714412212371826,605800,0.009590368,0.005188227165490389,0.005193202756345272,0.005197834223508835
206411,pgd_eps0.008_alpha0.005_iter5,0.25000000000000006,0.08333333333333331,0.9767558,44.6743085555257,0.9957966804504395,0.9989365339279175,0.16503407061100006,0.01807081699371338,615882,0.009637233,0.00516285328194499,0.0051565635949373245,0.005156269297003746
17436,pgd_eps0.008_alpha0.005_iter2,0.5000000000000001,0.25000000000000006,0.98700446,44.92145293472216,0.9977259635925293,0.9995372295379639,0.09815644472837448,0.007258415222167969,626896,0.009431866,0.005045867990702391,0.005036851391196251,0.004968779161572456
177934,pgd_eps0.008_alpha0.005_iter1,0.13232323232323231,0.12954545454545452,0.99185914,45.18887613473516,0.9987043142318726,0.999651312828064,0.04071367532014847,0.0035116076469421387,631173,0.009112398,0.004744239617139101,0.004614103585481644,0.004645531997084618
165518,pgd_eps0.008_alpha0.005_iter5,0.25000000000000006,0.0,0.9752114,44.69733648747826,0.9951311945915222,0.9986651539802551,0.1924511194229126,0.009393572807312012,616401,0.009611369,0.005135159473866224,0.0051462831906974316,0.005142025649547577
571718,pgd_eps0.008_alpha0.005_iter1,0.21212121212121207,0.14346590909090917,0.99078804,45.08565177043928,0.9987586736679077,0.9996770620346069,0.03311445564031601,0.002292037010192871,632251,0.009248137,0.004745015874505043,0.004757753573358059,0.004765886813402176
289222,pgd_eps0.008_alpha0.005_iter1,0.11111111111111109,0.08333333333333336,0.98228216,45.040974088714016,0.9974275827407837,0.9994348287582397,0.08649276942014694,0.0074274539947509766,633317,0.009304922,0.004788813181221485,0.004790159408003092,0.004795292392373085
372819,pgd_eps0.008_alpha0.005_iter88,0.10000000000000002,0.06818181818181819,0.9969246,44.38835678439729,0.9989464282989502,0.999602735042572,0.008949331939220428,0.002572298049926758,626268,0.010077811,0.0054209488444030285,0.005430851597338915,0.00542700057849288
87144,pgd_eps0.008_alpha0.005_iter9,0.25000000000000006,0.22727272727272724,0.9900684,44.62917785718166,0.9985159635543823,0.999531626701355,0.04173767566680908,0.0033031702041625977,616367,0.009713832,0.005218684207648039,0.005219884216785431,0.005222891457378864
60347,pgd_eps0.008_alpha0.005_iter8,0.5000000000000001,0.0,0.994446,44.62407858115882,0.9989284873008728,0.9996616244316101,0.021709632128477097,0.006165146827697754,621335,0.009763768,0.0052549755200743675,0.005247659981250763,0.005250751040875912
420916,pgd_eps0.008_alpha0.005_iter1,0.3333333333333334,0.2848484848484849,0.9908051,45.068961175347454,0.9984409809112549,0.9996000528335571,0.028902806341648102,0.0034156441688537598,632943,0.009272068,0.004769839346408844,0.004769012797623873,0.004766399972140789
439715,pgd_eps0.008_alpha0.005_iter1,0.13091958546503998,0.10651974288337923,0.99493545,45.059736614499705,0.9991313815116882,0.9996788501739502,0.016101941466331482,0.002053976058959961,633394,0.009286144,0.004777402617037296,0.0047744098119437695,0.004775461740791798
284991,pgd_eps0.008_alpha0.005_iter1,0.25000000000000006,0.16666666666666663,0.97501963,45.13674207655134,0.9966496825218201,0.9991161227226257,0.14367303252220154,0.01341158151626587,623799,0.009141468,0.004704257473349571,0.004707006737589836,0.004692066460847855
78843,pgd_eps0.008_alpha0.005_iter1,0.33333333333333326,0.27272727272727276,0.9896522,45.06928389755191,0.998085618019104,0.9994752407073975,0.0392613485455513,0.006384134292602539,632907,0.009272988,0.004769294522702694,0.004768918734043837,0.0047665806487202644
466125,pgd_eps0.008_alpha0.005_iter1,0.12987012987012986,0.1220779220779221,0.9819986,45.09120972551075,0.9974933862686157,0.9994055032730103,0.06765644252300262,0.006179332733154297,632687,0.009244615,0.0047793397679924965,0.004773756954818964,0.004697108641266823
414795,pgd_eps0.008_alpha0.005_iter1,0.3480257116620753,0.30194805194805197,0.9916971,45.07230413151096,0.9984960556030273,0.9996545314788818,0.020554199814796448,0.002270340919494629,633185,0.009268987,0.004767651669681072,0.004769087769091129,0.004762173164635897
508101,pgd_eps0.008_alpha0.005_iter1,0.5000000000000001,0.31818181818181823,0.9793027,45.02293479978135,0.9962396621704102,0.9994675517082214,0.17888528108596802,0.017174601554870605,633403,0.009326684,0.004813672974705696,0.004799452144652605,0.00480521097779274
253386,pgd_eps0.008_alpha0.005_iter1,0.33333333333333326,0.13636363636363638,0.97230834,45.3154340174796,0.997018039226532,0.9993007779121399,0.12939541041851044,0.007079482078552246,608909,0.008858685,0.004544142168015242,0.004553268197923899,0.0045410203747451305
530854,pgd_eps0.008_alpha0.005_iter1,0.10000000000000002,0.02777777777777777,0.9794623,45.071815346669425,0.9967111349105835,0.9992626905441284,0.13293397426605225,0.009487330913543701,632798,0.009266283,0.004768219776451588,0.004772332031279802,0.004767708946019411
338624,pgd_eps0.008_alpha0.005_iter1,0.10353535353535352,0.06060606060606061,0.9903758,45.13306858128221,0.9983739256858826,0.9996610879898071,0.03933773562312126,0.0034557580947875977,630293,0.009171115,0.004709174390882254,0.004707557149231434,0.004717044997960329
378454,pgd_eps0.008_alpha0.005_iter11,0.25000000000000006,0.029411764705882353,0.9800234,44.61229450960825,0.9959744811058044,0.9993451833724976,0.19408953189849854,0.027337312698364258,613392,0.009720715,0.005240907892584801,0.005253253970295191,0.005240008234977722
476215,pgd_eps0.008_alpha0.005_iter13,0.5000000000000001,0.16666666666666663,0.98266226,44.653857434723946,0.9961902499198914,0.9991961717605591,0.1028527021408081,0.010077595710754395,618592,0.009706921,0.005215881858021021,0.005207129288464785,0.0052246274426579475
297698,pgd_eps0.008_alpha0.005_iter1,0.3324675324675325,0.0,0.9753755,45.07099683173601,0.9958054423332214,0.9986199736595154,0.2144450843334198,0.01066434383392334,631162,0.009257209,0.0047678411938250065,0.004761485382914543,0.00476662116125226
247917,pgd_eps0.008_alpha0.005_iter2,0.422077922077922,0.4199675324675325,0.9874967,44.882814391498286,0.9979466199874878,0.9995976090431213,0.05736573785543442,0.0038909912109375,628752,0.0094744265,0.005066018085926771,0.0050637987442314625,0.005056224297732115
439522,pgd_eps0.008_alpha0.005_iter2,1.0000000000000002,0.5000000000000001,0.97468066,44.92354200898453,0.9954286813735962,0.9984527230262756,0.2086430788040161,0.02306056022644043,628744,0.009412522,0.0050660111010074615,0.005059907212853432,0.004976878874003887
26690,pgd_eps0.008_alpha0.005_iter1,0.20490157990157984,0.14545454545454548,0.97828394,45.13352018944806,0.9968763589859009,0.9993487000465393,0.10099120438098907,0.008927226066589355,627753,0.009169762,0.0047130705788731575,0.004738240968436003,0.004675702657550573
176901,pgd_eps0.008_alpha0.005_iter3,0.5000000000000001,0.4545454545454545,0.98003036,44.76704063612815,0.99614018201828,0.9991927742958069,0.13956744968891144,0.008545637130737305,623838,0.009561652,0.005058110225945711,0.005049738567322493,0.0050489152781665325
334767,pgd_eps0.008_alpha0.005_iter2,0.39393939393939403,0.38636363636363646,0.99372005,45.08896409214433,0.9990341067314148,0.9997363686561584,0.0195813849568367,0.001960158348083496,626323,0.009230587,0.004866272211074829,0.004893559031188488,0.004881901200860739
301563,pgd_eps0.008_alpha0.005_iter5,0.3333333333333334,0.2848484848484849,0.97922164,44.68114630721273,0.9954668283462524,0.9986880421638489,0.16718992590904236,0.018007338047027588,619248,0.009654637,0.005159275606274605,0.0051452601328492165,0.005154444836080074
86755,pgd_eps0.008_alpha0.005_iter85,0.18181818181818185,0.0606060606060606,0.9809561,44.62073301339379,0.9960329532623291,0.9989961385726929,0.13776329159736633,0.019267678260803223,616480,0.009737472,0.005247948225587606,0.005256821401417255,0.005236160475760698
194471,pgd_eps0.008_alpha0.005_iter5,0.5000000000000001,0.25000000000000006,0.97742814,44.75489134515158,0.9965680837631226,0.9991932511329651,0.12248337268829346,0.00693124532699585,611962,0.009515422,0.004931456409394741,0.005121148657053709,0.005129685625433922
420281,pgd_eps0.008_alpha0.005_iter1,0.4545454545454545,0.3727272727272728,0.9825724,45.05219210910396,0.9973194003105164,0.999397873878479,0.0749296098947525,0.005259871482849121,633235,0.009295333,0.0047919293865561485,0.004781255032867193,0.004775158129632473
99810,pgd_eps0.008_alpha0.005_iter4,0.25000000000000006,0.12500000000000003,0.9730671,44.77262219140587,0.9954668879508972,0.9987176060676575,0.3077450394630432,0.03293490409851074,613806,0.009518468,0.005142297595739365,0.0051536550745368,0.005141586996614933
334483,pgd_eps0.008_alpha0.005_iter5,0.10153846153846155,0.09350649350649351,0.98777694,44.732145481431914,0.9980896711349487,0.9994450211524963,0.05499213561415672,0.005623877048492432,612919,0.009536828,0.005100206471979618,0.005099863279610872,0.005105679854750633
404805,pgd_eps0.008_alpha0.005_iter2,0.5000000000000001,0.25000000000000006,0.9852352,44.919436698543834,0.9974281787872314,0.9994868040084839,0.06623014807701111,0.0037813186645507812,629308,0.009445686,0.005039017181843519,0.005039520096033812,0.005044445861130953
2261,pgd_eps0.008_alpha0.005_iter2,0.5000000000000001,0.0,0.9875891,44.9195899855103,0.9979424476623535,0.9996051788330078,0.05114556476473808,0.005123734474182129,628075,0.009426818,0.005030766129493713,0.005034879315644503,0.00503498362377286
425702,pgd_eps0.008_alpha0.005_iter1,0.25000000000000006,0.0,0.9852219,45.06696178151152,0.9975106120109558,0.9995320439338684,0.10134471207857132,0.015975594520568848,632985,0.009270578,0.004766002297401428,0.004770049825310707,0.0047725774347782135
3934,pgd_eps0.008_alpha0.005_iter1,0.14636363636363633,0.11111111111111112,0.98629045,45.06852835222074,0.9978331327438354,0.9994985461235046,0.0497526079416275,0.003062427043914795,633188,0.009273924,0.004773383028805256,0.004770149011164904,0.004762351047247648
47740,pgd_eps0.008_alpha0.005_iter1,0.27272727272727276,0.22727272727272727,0.99086887,45.044282928524126,0.9985160827636719,0.9996337294578552,0.03993399068713188,0.005049467086791992,633444,0.009304072,0.004791174083948135,0.004785134457051754,0.004792440682649612
77460,pgd_eps0.008_alpha0.005_iter1,0.17285431959345002,0.1671554252199413,0.9821939,45.04000241684926,0.9973570704460144,0.9995099306106567,0.09175954014062881,0.004635810852050781,633256,0.009305838,0.004793735686689615,0.004787460435181856,0.004790657199919224
14439,pgd_eps0.008_alpha0.005_iter1,0.18339815264948955,0.17575757575757575,0.9942371,45.14219588584638,0.9989857077598572,0.9996781349182129,0.006948999594897032,0.0009785890579223633,632151,0.009185174,0.004736767150461674,0.004779460374265909,0.004589082207530737
447314,pgd_eps0.008_alpha0.005_iter1,0.2532467532467533,0.2090909090909091,0.9784637,45.06168845866544,0.9963728785514832,0.9990877509117126,0.14045122265815735,0.011673808097839355,632925,0.009278947,0.00477944640442729,0.004780566319823265,0.004765118006616831
181303,pgd_eps0.008_alpha0.005_iter2,0.5000000000000001,0.0,0.9923331,44.87355459726232,0.9983837008476257,0.9996457099914551,0.02966623194515705,0.0036078691482543945,631253,0.009524374,0.005069768521934748,0.005080560687929392,0.005067878402769566
58350,pgd_eps0.008_alpha0.005_iter4,0.12500000000000003,0.06818181818181819,0.9717819,44.86883737221423,0.9964556694030762,0.9991004467010498,0.11653901636600494,0.007018387317657471,602525,0.009367953,0.005022829864174128,0.005026440601795912,0.005025719292461872
286182,pgd_eps0.008_alpha0.005_iter21,0.10000000000000002,0.0,0.9879721,44.59681513740753,0.997856616973877,0.9993323683738708,0.04578765109181404,0.003662288188934326,611252,0.009730908,0.005271768197417259,0.005280430428683758,0.0052153561264276505
433980,pgd_eps0.008_alpha0.005_iter1,0.5000000000000001,0.0,0.98836774,45.25776497370493,0.9981274604797363,0.9995328187942505,0.04315908998250961,0.005735635757446289,630101,0.009040831,0.004771839361637831,0.004667847882956266,0.004380745347589254
380913,pgd_eps0.008_alpha0.005_iter1,0.29870129870129875,0.2848484848484849,0.9865525,45.1536639614113,0.9985002875328064,0.9996185898780823,0.04548938572406769,0.003988385200500488,629952,0.009154334,0.004660181235522032,0.004727229475975037,0.004706217907369137
32887,pgd_eps0.008_alpha0.005_iter2,0.3333333333333334,0.18181818181818185,0.9897332,44.88808955048423,0.9982506036758423,0.9996317028999329,0.058098047971725464,0.007751941680908203,630648,0.009498983,0.005062425043433905,0.005066096317023039,0.005061475094407797
399205,pgd_eps0.008_alpha0.005_iter1,0.2163248219397952,0.20011150465695918,0.9945763,45.08317438296245,0.9991315603256226,0.9997504949569702,0.011259755119681358,0.0016765594482421875,632894,0.00925493,0.004749238025397062,0.004755899775773287,0.004762617871165276
350002,pgd_eps0.008_alpha0.005_iter2,0.5000000000000001,0.25000000000000006,0.98168373,44.90164580207715,0.9971075057983398,0.9993113279342651,0.10614371299743652,0.007320761680603027,628613,0.009450791,0.005053584463894367,0.005054043140262365,0.005055153742432594
57150,pgd_eps0.008_alpha0.005_iter1,0.18318903318903315,0.17369852369852368,0.98236483,45.0908777454628,0.9974626898765564,0.9995127320289612,0.11351100355386734,0.006417572498321533,632980,0.009242308,0.004755411297082901,0.004751383792608976,0.004751961678266525
363666,pgd_eps0.008_alpha0.005_iter4,0.10052447552447555,0.061157024793388436,0.98641586,44.749402241390534,0.9981652498245239,0.9994878172874451,0.03861844539642334,0.003927946090698242,619236,0.009590656,0.00508617190644145,0.005188077688217163,0.005171055905520916
481573,pgd_eps0.008_alpha0.005_iter5,0.5000000000000001,0.25000000000000006,0.97246855,44.92062337495624,0.9970158934593201,0.9993912577629089,0.12313278019428253,0.009961962699890137,594397,0.009241165,0.004862921312451363,0.004927285946905613,0.0049519664607942104
123480,pgd_eps0.008_alpha0.005_iter1,0.3333333333333334,0.1666666666666667,0.97533137,45.0503515463613,0.9957078695297241,0.9982116222381592,0.1538480520248413,0.016372740268707275,633250,0.009295234,0.00478719687089324,0.004786372184753418,0.0047795651480555534
284698,pgd_eps0.008_alpha0.005_iter2,0.25000000000000006,0.0,0.98915195,44.991668252668624,0.9982668161392212,0.9995633959770203,0.08658216893672943,0.004605650901794434,626492,0.009337535,0.004977390635758638,0.004985201638191938,0.0049408674240112305
102356,pgd_eps0.008_alpha0.005_iter1,0.5000000000000001,0.25000000000000006,0.9827178,45.08454855957176,0.9973843097686768,0.9994122982025146,0.09381385147571564,0.005627632141113281,632960,0.009252919,0.004740453325212002,0.004771318752318621,0.004760578274726868
8690,pgd_eps0.008_alpha0.005_iter1,0.2818181818181818,0.13636363636363635,0.98935336,45.29357507506469,0.9983154535293579,0.9995784163475037,0.0432916097342968,0.006006836891174316,622969,0.008903536,0.004565150011330843,0.004555304069072008,0.004576053004711866
381639,pgd_eps0.008_alpha0.005_iter1,0.21439393939393941,0.16477272727272727,0.99093956,45.24186184761119,0.9985267519950867,0.9994889497756958,0.031809475272893906,0.0024762749671936035,622206,0.008960684,0.00459317397326231,0.004591390956193209,0.004613033961504698
284445,pgd_eps0.008_alpha0.005_iter1,0.12824675324675325,0.1228178434468757,0.9862394,45.087307386570345,0.9977884292602539,0.9995453953742981,0.0675216019153595,0.005839824676513672,632689,0.009246863,0.0047661615535616875,0.004768277518451214,0.004730892833322287
187144,pgd_eps0.008_alpha0.005_iter1,0.1090909090909091,0.10636363636363637,0.9857752,45.231798621178584,0.997596263885498,0.99933260679245,0.07705961912870407,0.006875753402709961,623301,0.008983927,0.004630844574421644,0.004627523478120565,0.004579899366945028
273198,pgd_eps0.008_alpha0.005_iter21,0.1666666666666667,0.08333333333333336,0.98994255,44.55455582538664,0.9982554912567139,0.9995104074478149,0.04519319534301758,0.0015195608139038086,617943,0.009824672,0.005282430909574032,0.005301888566464186,0.00529227452352643
183675,pgd_eps0.008_alpha0.005_iter5,0.25000000000000006,0.16666666666666663,0.9894645,44.724451124345975,0.9979066848754883,0.9994949698448181,0.0470406636595726,0.0026092529296875,617593,0.009593393,0.005123899318277836,0.005124896764755249,0.00511578656733036
532058,pgd_eps0.008_alpha0.005_iter2,0.25000000000000006,0.12500000000000003,0.97955674,44.936197637716276,0.9967340230941772,0.9992511868476868,0.11537975072860718,0.009601473808288574,626889,0.009384531,0.005021483637392521,0.005017800722271204,0.005022907163947821
578093,pgd_eps0.008_alpha0.005_iter1,0.13636363636363635,0.006493506493506494,0.9905119,45.07133263171269,0.9985456466674805,0.9996391534805298,0.03167056292295456,0.004771709442138672,633209,0.00926976,0.004767660517245531,0.004764584358781576,0.00476847542449832
301061,pgd_eps0.008_alpha0.005_iter5,0.3333333333333334,0.1666666666666667,0.98643017,44.736233172088895,0.997929573059082,0.9994668364524841,0.07519841194152832,0.0063703060150146484,617345,0.00957035,0.005103420466184616,0.0050995913334190845,0.005117389839142561
105264,pgd_eps0.008_alpha0.005_iter1,0.362987012987013,0.3311688311688312,0.9841106,45.12456284043754,0.9972704648971558,0.999289870262146,0.09463253617286682,0.005942821502685547,632804,0.009199956,0.004711278714239597,0.0046917712315917015,0.004765546415001154
25393,pgd_eps0.008_alpha0.005_iter24,0.21212121212121215,0.1818181818181818,0.9772265,44.64989957939686,0.995682954788208,0.9988910555839539,0.13570241630077362,0.012282252311706543,611773,0.0096742185,0.00522720068693161,0.005226470995694399,0.005219418555498123
106757,pgd_eps0.008_alpha0.005_iter11,0.13636363636363638,0.0909090909090909,0.9880157,44.58337417939573,0.9973968267440796,0.9993210434913635,0.054708436131477356,0.007359325885772705,619018,0.009793463,0.005261352751404047,0.005273501854389906,0.005262787453830242
183648,pgd_eps0.008_alpha0.005_iter3,0.3749999999999999,0.3212121212121212,0.9900996,44.751251318601646,0.9979844093322754,0.9995214343070984,0.042191535234451294,0.005738437175750732,626141,0.009597348,0.005061357282102108,0.005050560459494591,0.005064849276095629
358525,pgd_eps0.008_alpha0.005_iter7,0.1666666666666667,0.11111111111111109,0.9838204,44.80611383259532,0.9974545240402222,0.9993786215782166,0.1067197322845459,0.011480629444122314,602729,0.009381216,0.005038813687860966,0.005038575269281864,0.005042902193963528
519688,pgd_eps0.008_alpha0.005_iter2,0.25000000000000006,0.12500000000000003,0.97879785,44.908198084803914,0.9963118433952332,0.9991031885147095,0.1730818748474121,0.00899893045425415,628706,0.009441226,0.005047942511737347,0.0050462400540709496,0.005053121130913496
130699,pgd_eps0.008_alpha0.005_iter1,0.20512187088274048,0.19480519480519484,0.98941946,45.06613650346508,0.9980953931808472,0.9996267557144165,0.028711441904306412,0.004946529865264893,633394,0.009277464,0.004773836117237806,0.004766632337123156,0.00477531086653471
405249,pgd_eps0.008_alpha0.005_iter1,0.19775678866587956,0.13663419913419914,0.9894411,45.070033219797985,0.9983519315719604,0.9996393918991089,0.03780246526002884,0.003311753273010254,632852,0.009267978,0.004770238418132067,0.0047752466052770615,0.004752522334456444
235784,pgd_eps0.008_alpha0.005_iter3,0.5000000000000001,0.12500000000000003,0.98180693,44.80317638390247,0.9965364336967468,0.998958170413971,0.14618903398513794,0.014008522033691406,620361,0.009471731,0.004980837926268578,0.005005413666367531,0.005026231985539198
537506,pgd_eps0.008_alpha0.005_iter1,0.13831168831168833,0.06565656565656566,0.9845961,45.0927155675845,0.9980090856552124,0.9995964765548706,0.08604025095701218,0.00961846113204956,631866,0.009234212,0.004738067742437124,0.0047499933280050755,0.004765077494084835
119445,pgd_eps0.008_alpha0.005_iter1,0.16363636363636358,0.15909090909090912,0.99388653,45.081960494656165,0.9988001585006714,0.9996603727340698,0.019365597516298294,0.0023673176765441895,632569,0.009251637,0.004756953101605177,0.004758588969707489,0.0047560762614011765
507015,pgd_eps0.008_alpha0.005_iter1,0.4696969696969697,0.46753246753246763,0.9918666,45.06655060710278,0.9982826113700867,0.9996110796928406,0.022291075438261032,0.0025745630264282227,633140,0.009276185,0.004774050321429968,0.004771519917994738,0.004767728969454765
173830,pgd_eps0.008_alpha0.005_iter8,0.5000000000000001,0.16666666666666663,0.97704077,44.71159759423446,0.995998740196228,0.9990506172180176,0.14671140909194946,0.017895817756652832,611378,0.009600215,0.005180035252124071,0.005189158953726292,0.005192216485738754
373315,pgd_eps0.008_alpha0.005_iter8,0.5000000000000001,0.0,0.9804072,44.62798065735386,0.9956679344177246,0.9989172220230103,0.1534048169851303,0.026024460792541504,620876,0.009754715,0.005247876513749361,0.00524886092171073,0.005247009452432394
13546,pgd_eps0.008_alpha0.005_iter1,0.28282828282828276,0.22222222222222218,0.98910666,45.08060229520409,0.9981598258018494,0.999572217464447,0.03246763348579407,0.0035408735275268555,632212,0.009254054,0.004756690934300423,0.004768129903823137,0.004747176077216864
67310,pgd_eps0.008_alpha0.005_iter1,0.3840909090909091,0.2954545454545454,0.98969203,45.067719882887474,0.9982378482818604,0.9996620416641235,0.04127368703484535,0.004940152168273926,633057,0.009273267,0.004779828246682882,0.004769863560795784,0.004757113289088011
125936,pgd_eps0.008_alpha0.005_iter2,0.1746212121212121,0.13636363636363638,0.9871211,44.95802388659274,0.9983283877372742,0.9995415210723877,0.050309039652347565,0.0032762885093688965,626531,0.009371587,0.005007927771657705,0.005034551955759525,0.004949864000082016
389109,pgd_eps0.008_alpha0.005_iter1,0.12454545454545454,0.09696969696969696,0.9818887,45.214891702204,0.997611403465271,0.9995113015174866,0.07882978022098541,0.007070064544677734,630727,0.009091876,0.004597690422087908,0.004714218899607658,0.004627338144928217
128476,pgd_eps0.008_alpha0.005_iter2,0.22222222222222218,0.09090909090909093,0.9887864,44.96452837041046,0.9984340071678162,0.9995744824409485,0.040543314069509506,0.0049738287925720215,627137,0.009374912,0.0049817366525530815,0.005030623637139797,0.004966376814991236
414034,pgd_eps0.008_alpha0.005_iter8,0.10000000000000002,0.06666666666666665,0.9820173,44.66312555539402,0.9970316886901855,0.9994359016418457,0.124636709690094,0.007250189781188965,610283,0.009647937,0.005223294720053673,0.005220204591751099,0.005226541310548782
99182,pgd_eps0.008_alpha0.005_iter9,0.3333333333333334,0.1666666666666667,0.97521836,44.770542633034324,0.996971845626831,0.9992733597755432,0.13092464208602905,0.00981050729751587,601109,0.009473711,0.005053501110523939,0.005101835820823908,0.00509708421304822
351823,pgd_eps0.008_alpha0.005_iter9,0.5000000000000001,0.07142857142857144,0.9853163,44.54793290759389,0.997330904006958,0.9994307160377502,0.062302395701408386,0.004847288131713867,616714,0.009816876,0.005285394843667746,0.0052893380634486675,0.005287847947329283
65736,pgd_eps0.008_alpha0.005_iter12,0.3333333333333334,0.08333333333333336,0.96998626,44.65837033951307,0.9943342208862305,0.9977015256881714,0.3014356791973114,0.015801668167114258,606193,0.009629417,0.005225435830652714,0.005218957085162401,0.005226233508437872
1000,pgd_eps0.008_alpha0.005_iter2,0.21601731601731602,0.17094474153297678,0.9907642,44.896977551158585,0.9986032247543335,0.9995957016944885,0.031095203012228012,0.0037656426429748535,629275,0.009462419,0.005051257088780403,0.005043679382652044,0.005054793320596218
559543,pgd_eps0.008_alpha0.005_iter4,0.20000000000000004,0.0,0.9793706,44.792241963088145,0.9966790080070496,0.9992455244064331,0.1385388970375061,0.01865321397781372,615924,0.009515,0.00513856764882803,0.005147785414010286,0.0050728823989629745
185890,pgd_eps0.008_alpha0.005_iter1,0.22979797979797983,0.1761363636363636,0.98905784,45.06891453678412,0.9982308149337769,0.9996278882026672,0.041125424206256866,0.008551239967346191,632827,0.009272861,0.0047742691822350025,0.004771292209625244,0.004759454634040594
357978,pgd_eps0.008_alpha0.005_iter4,0.11688311688311691,0.09956709956709954,0.98172736,44.76452555136507,0.9970881938934326,0.9992817640304565,0.10502537339925766,0.007058262825012207,618270,0.0095617315,0.0051527731120586395,0.005148982163518667,0.005149999167770147
129492,pgd_eps0.008_alpha0.005_iter1,0.21022727272727265,0.1980519480519481,0.983747,45.073543865241284,0.9972797632217407,0.9993905425071716,0.06658938527107239,0.008663773536682129,633064,0.009267531,0.004770004190504551,0.004772036336362362,0.004755033645778894
410510,pgd_eps0.008_alpha0.005_iter1,0.3333333333333334,0.1666666666666667,0.9770267,45.072014586020295,0.996190071105957,0.9991092681884766,0.13729573786258698,0.010292887687683105,632376,0.009262705,0.004754349589347839,0.0047651249915361404,0.00477310735732317
39951,pgd_eps0.008_alpha0.005_iter1,0.10606060606060608,0.06060606060606061,0.98106354,45.08998220597195,0.9970993995666504,0.9994121193885803,0.09336230158805847,0.007494091987609863,632192,0.009239827,0.004748503677546978,0.004747406579554081,0.004756706301122904
306700,pgd_eps0.008_alpha0.005_iter2,0.25000000000000006,0.12500000000000003,0.9837308,44.913062797831245,0.9969476461410522,0.9994878172874451,0.07973702251911163,0.0047501325607299805,628544,0.009436618,0.005050774663686752,0.005051056854426861,0.005024136509746313
332845,pgd_eps0.008_alpha0.005_iter5,0.25000000000000006,0.0,0.9729548,44.79342084871895,0.995762825012207,0.9987426400184631,0.19843238592147827,0.021906256675720215,607372,0.009444942,0.005057532340288162,0.005064635071903467,0.005064835771918297
93437,pgd_eps0.008_alpha0.005_iter26,0.12500000000000003,0.06250000000000001,0.98785996,44.691754154653154,0.9975109100341797,0.9993899464607239,0.05326390266418457,0.005582869052886963,613374,0.009617082,0.005177783779799938,0.005163358524441719,0.005171014927327633
413552,pgd_eps0.008_alpha0.005_iter4,0.33333333333333326,0.27272727272727276,0.97710925,44.77802002136734,0.9962994456291199,0.9990249276161194,0.1564943790435791,0.014987826347351074,615583,0.009522206,0.005142668262124062,0.005138745531439781,0.0051287258975207806
17379,pgd_eps0.008_alpha0.005_iter1,0.13333333333333336,0.0,0.9830455,45.066313374048804,0.9971010088920593,0.9993056654930115,0.05593178793787956,0.005591154098510742,633251,0.009275795,0.004773168824613094,0.004774409346282482,0.004767056088894606
507975,pgd_eps0.008_alpha0.005_iter1,0.21186868686868687,0.16161616161616163,0.99187756,45.098359779700175,0.9988588094711304,0.9997271299362183,0.023277802392840385,0.0015535354614257812,632628,0.009231777,0.004742891062051058,0.004742064513266087,0.004746587481349707
314177,pgd_eps0.008_alpha0.005_iter21,0.5000000000000001,0.0,0.9788185,44.671509940604736,0.9957546591758728,0.9988074898719788,0.11560893058776855,0.0074051618576049805,612144,0.009645877,0.005206798203289509,0.005208492279052734,0.005205237306654453
180383,pgd_eps0.008_alpha0.005_iter2,0.12500000000000003,0.03125000000000001,0.98150414,44.88489758022843,0.9972074031829834,0.9993008971214294,0.08241763710975647,0.006614565849304199,628322,0.009461409,0.005064175929874182,0.005065321922302246,0.005064223427325487
138979,pgd_eps0.008_alpha0.005_iter1,0.2556332556332556,0.15977961432506887,0.9842966,45.08232116483818,0.9977869391441345,0.9994587302207947,0.0642310306429863,0.004241943359375,632396,0.009250492,0.004753525368869305,0.0047581796534359455,0.004761067684739828
563653,pgd_eps0.008_alpha0.005_iter1,0.20000000000000004,0.16969696969696965,0.98900557,45.04185028266282,0.9981564283370972,0.9997110366821289,0.04740367457270622,0.005576789379119873,633206,0.009306855,0.004784663673490286,0.004790266044437885,0.004791819956153631
73702,pgd_eps0.008_alpha0.005_iter1,0.25000000000000006,0.21212121212121207,0.98659325,45.07770729200366,0.9980248808860779,0.9995254278182983,0.04564933478832245,0.0052558183670043945,633006,0.009263155,0.004729060921818018,0.0047728195786476135,0.00477951392531395
521141,pgd_eps0.008_alpha0.005_iter1,0.3677685950413224,0.31818181818181823,0.98860854,45.13690634331304,0.998168408870697,0.9995833039283752,0.050209224224090576,0.005274176597595215,627903,0.009141518,0.0047111427411437035,0.004690831061452627,0.004692564252763987
61268,pgd_eps0.008_alpha0.005_iter2,0.25000000000000006,0.0,0.98339516,45.17808651055422,0.9973434209823608,0.9992508292198181,0.10291391611099243,0.018848955631256104,615508,0.008993177,0.0047925603576004505,0.004778930451720953,0.004736464004963636
393093,pgd_eps0.008_alpha0.005_iter67,0.1666666666666667,0.11111111111111109,0.99016666,44.787585558069935,0.9985222220420837,0.9995588064193726,0.04909221827983856,0.006111085414886475,610246,0.009459819,0.005066093057394028,0.005070090293884277,0.005088280886411667
198510,pgd_eps0.008_alpha0.005_iter5,0.5000000000000001,0.02083333333333333,0.9813938,44.95892864691793,0.9966062307357788,0.999015748500824,0.12426815181970596,0.013721585273742676,609479,0.0092404,0.004762251395732164,0.0049556405283510685,0.004957841709256172
133567,pgd_eps0.008_alpha0.005_iter21,0.5000000000000001,0.25000000000000006,0.9875544,44.608393600978225,0.9978181719779968,0.9994578957557678,0.05543367937207222,0.0044661760330200195,616443,0.009735844,0.005260372068732977,0.005251389928162098,0.00522047420963645
415990,pgd_eps0.008_alpha0.005_iter2,0.3333333333333334,0.2196969696969697,0.98588306,44.88971902467555,0.9971891641616821,0.9992465972900391,0.11700746417045593,0.01655900478363037,629870,0.009483343,0.005062389653176069,0.005073647480458021,0.005059185437858105
190140,pgd_eps0.008_alpha0.005_iter28,0.1666666666666667,0.11111111111111109,0.9837672,44.64271317149694,0.9972505569458008,0.9993561506271362,0.10843364894390106,0.007256209850311279,610296,0.009675526,0.005222320556640625,0.005231519695371389,0.005234769079834223
32901,pgd_eps0.008_alpha0.005_iter1,0.11774891774891776,0.11688311688311691,0.9865351,45.0565475113756,0.9977807402610779,0.9995085597038269,0.039122067391872406,0.004097580909729004,633268,0.0092881685,0.004778031259775162,0.00478189904242754,0.0047760833986103535
267191,pgd_eps0.008_alpha0.005_iter2,0.33333333333333326,0.13636363636363638,0.9917073,44.94630115363655,0.9982652068138123,0.9995843172073364,0.04144108295440674,0.005852341651916504,627632,0.009402273,0.004999944474548101,0.004997242242097855,0.005002771504223347
422836,pgd_eps0.008_alpha0.005_iter1,0.14545454545454548,0.13636363636363638,0.9849183,45.12291592929304,0.9979591369628906,0.9995021820068359,0.1174393743276596,0.007179737091064453,631358,0.009184069,0.004729964770376682,0.004724774044007063,0.00471085449680686
213547,pgd_eps0.008_alpha0.005_iter1,0.1666666666666667,0.14141414141414138,0.98658675,45.058909930540175,0.9980795383453369,0.9995982646942139,0.07059510052204132,0.009525597095489502,633183,0.009284242,0.004774092230945826,0.0047782110050320625,0.004776609595865011
456015,pgd_eps0.008_alpha0.005_iter1,0.47272727272727283,0.28571428571428575,0.98064494,45.03669516647561,0.9966751337051392,0.9993640780448914,0.09430579841136932,0.0077697038650512695,633439,0.009311085,0.004794696811586618,0.004793377593159676,0.004794846288859844
547886,pgd_eps0.008_alpha0.005_iter1,0.28571428571428575,0.15584415584415587,0.9772108,45.06571858245964,0.996017575263977,0.999000072479248,0.15582449734210968,0.01312720775604248,633099,0.009274096,0.004772213287651539,0.004773029591888189,0.00477223377674818
69356,pgd_eps0.008_alpha0.005_iter1,0.16856060606060602,0.16818181818181818,0.9943528,45.09539139973982,0.9990520477294922,0.9997048377990723,0.015490775927901268,0.001706540584564209,631906,0.009231176,0.004739150870591402,0.004744573496282101,0.004745634272694588
162415,pgd_eps0.008_alpha0.005_iter4,0.5000000000000001,0.25000000000000006,0.9807847,44.74337295321092,0.9969729781150818,0.9991309642791748,0.1226479560136795,0.005898773670196533,616444,0.009571319,0.005167296156287193,0.0051552532240748405,0.005167522467672825
274708,pgd_eps0.008_alpha0.005_iter1,0.40909090909090917,0.275974025974026,0.9749672,45.25438226337447,0.9959022402763367,0.9980366826057434,0.19673213362693787,0.029945015907287598,627592,0.009010931,0.004611330572515726,0.004633821547031403,0.004656167235225439
377113,pgd_eps0.008_alpha0.005_iter2,0.24494949494949494,0.18181818181818182,0.9922509,44.89364938311123,0.9984835386276245,0.9995761513710022,0.03152906522154808,0.0031729936599731445,630636,0.009497578,0.005068351048976183,0.005038046278059483,0.005069687031209469
430377,pgd_eps0.008_alpha0.005_iter1,0.42424242424242414,0.27272727272727276,0.97990847,45.05271377949455,0.9962459802627563,0.9988939166069031,0.0742354691028595,0.009306907653808594,633265,0.009293423,0.004782834090292454,0.004781101364642382,0.004784699529409409
512776,pgd_eps0.008_alpha0.005_iter1,0.33333333333333326,0.27272727272727276,0.97342014,45.29350404631133,0.997710645198822,0.9992944598197937,0.09686769545078278,0.011645078659057617,605842,0.00887192,0.004556335508823395,0.004548120312392712,0.004550710320472717
95155,pgd_eps0.008_alpha0.005_iter3,0.5000000000000001,0.4188311688311689,0.98577833,44.7240799035181,0.9966224431991577,0.9993099570274353,0.06003054603934288,0.006693720817565918,627413,0.0096432995,0.00507862726226449,0.005088174249976873,0.005084341391921043
184978,pgd_eps0.008_alpha0.005_iter14,0.5000000000000001,0.25000000000000006,0.983119,44.63444986158636,0.9969276189804077,0.9994697570800781,0.09456507861614227,0.007375538349151611,617339,0.009724693,0.005238158628344536,0.005239642690867186,0.005243986379355192
199055,pgd_eps0.008_alpha0.005_iter1,0.5000000000000001,0.25000000000000006,0.9909725,45.05796162791968,0.9984115362167358,0.9996777176856995,0.032932743430137634,0.0030483007431030273,633169,0.009287782,0.004774218425154686,0.0047779809683561325,0.0047819772735238075
431848,pgd_eps0.008_alpha0.005_iter15,0.13636363636363638,0.0,0.97977686,44.77021826650919,0.9975031614303589,0.9992729425430298,0.09897573292255402,0.015906333923339844,605375,0.009500193,0.005103761330246925,0.005097412504255772,0.005114002153277397
128699,pgd_eps0.008_alpha0.005_iter1,0.4166666666666667,0.23863636363636365,0.9795818,45.09224281360426,0.9967142939567566,0.9994285106658936,0.16546782851219177,0.01635873317718506,632491,0.009237641,0.004744654521346092,0.004756635520607233,0.004744729492813349
121591,pgd_eps0.008_alpha0.005_iter2,0.5000000000000001,0.0,0.98705894,45.06641617398714,0.9976016879081726,0.999308168888092,0.07490664720535278,0.007601618766784668,616400,0.009121354,0.004866146016865969,0.004838739056140184,0.004857977386564016
176799,pgd_eps0.008_alpha0.005_iter2,0.2545454545454546,0.1414141414141414,0.9919382,44.92467021193712,0.9987630844116211,0.9995877742767334,0.027747618034482002,0.0038472414016723633,629819,0.009447511,0.005029689986258745,0.005038767121732235,0.005032052751630545
424521,pgd_eps0.008_alpha0.005_iter14,0.25000000000000006,0.019230769230769232,0.9859714,44.59709479609224,0.9976531267166138,0.9995429515838623,0.12038574367761612,0.007241487503051758,614001,0.009747127,0.005254761315882206,0.005273455288261175,0.005258991848677397
254016,pgd_eps0.008_alpha0.005_iter1,0.3333333333333334,0.06666666666666668,0.98530537,45.059605293369145,0.9978594183921814,0.999559760093689,0.0693092942237854,0.004920482635498047,633312,0.009284453,0.0047810981050133705,0.004778305068612099,0.004771037492901087
73946,pgd_eps0.008_alpha0.005_iter1,0.2848484848484849,0.21212121212121215,0.9805978,45.088197458659835,0.9968380928039551,0.9992559552192688,0.11503499746322632,0.00891643762588501,632622,0.009246386,0.004734371323138475,0.0047619277611374855,0.004762982949614525
230819,pgd_eps0.008_alpha0.005_iter8,0.5000000000000001,0.0,0.987871,44.69726625249219,0.997765064239502,0.9994050860404968,0.05504567176103592,0.004221796989440918,616368,0.009647043,0.005192078184336424,0.00519897835329175,0.005201627034693956
82715,pgd_eps0.008_alpha0.005_iter4,0.5000000000000001,0.25000000000000006,0.990498,44.799806034648896,0.9980546236038208,0.9995236396789551,0.030995406210422516,0.002586841583251953,623656,0.009564183,0.005129543133080006,0.005129991099238396,0.005118018947541714
497344,pgd_eps0.008_alpha0.005_iter2,0.25000000000000006,0.12500000000000003,0.97911054,44.96949737283633,0.9962770342826843,0.9989296197891235,0.17164622247219086,0.009340763092041016,627128,0.009351509,0.005009836051613092,0.005004577804356813,0.004993049893528223
361147,pgd_eps0.008_alpha0.005_iter1,0.26137424666836434,0.22900432900432902,0.98700374,45.066721124355134,0.9978360533714294,0.9995136857032776,0.035794101655483246,0.002863287925720215,633165,0.009275492,0.004774784669280052,0.004773395135998726,0.004764927085489035
541123,pgd_eps0.008_alpha0.005_iter1,0.11363636363636363,0.10898760330578511,0.98791665,45.07226140282075,0.9981687068939209,0.9997023344039917,0.02868962474167347,0.0033118724822998047,633079,0.009270116,0.00477073946967721,0.004764100071042776,0.004765442106872797
343706,pgd_eps0.008_alpha0.005_iter1,0.25000000000000006,0.0,0.9929498,45.07194358711484,0.9987177848815918,0.9996839761734009,0.04334516078233719,0.005972087383270264,633244,0.009270085,0.004755813628435135,0.004769869614392519,0.00477570528164506
199395,pgd_eps0.008_alpha0.005_iter1,0.13362794612794612,0.10016835016835017,0.97658116,45.06595712490581,0.995672345161438,0.997795581817627,0.17536047101020813,0.016652941703796387,633181,0.0092751775,0.004770539700984955,0.004773689433932304,0.004771642852574587
514797,pgd_eps0.008_alpha0.005_iter3,0.5000000000000001,0.34090909090909083,0.9829472,44.75067258391447,0.9963754415512085,0.9991105198860168,0.06769029796123505,0.0031808018684387207,623279,0.009572317,0.0050506144762039185,0.005060483235865831,0.005065941717475653
279774,pgd_eps0.008_alpha0.005_iter1,0.2636622636622637,0.2575757575757575,0.988652,45.078797322831086,0.9980878829956055,0.9995406270027161,0.03305241838097572,0.0049013495445251465,633314,0.0092612235,0.004759914707392454,0.0047590467147529125,0.004767593462020159
474078,pgd_eps0.008_alpha0.005_iter1,0.22727272727272727,0.18181818181818185,0.99514,45.05564703651005,0.9988589286804199,0.9996539950370789,0.00919226836413145,0.001252293586730957,633263,0.009290463,0.004781911615282297,0.004780077841132879,0.004774507135152817
872,pgd_eps0.008_alpha0.005_iter1,0.2575757575757575,0.18181818181818185,0.9912779,45.09304274093532,0.998570442199707,0.9997193217277527,0.03229552134871483,0.00375521183013916,632011,0.009235913,0.004745810758322477,0.004753047600388527,0.004742060787975788
32038,pgd_eps0.008_alpha0.005_iter17,0.12500000000000003,0.08333333333333331,0.9372806,45.126821188521966,0.994416356086731,0.9993356466293335,0.16197025775909424,0.0199887752532959,541614,0.008791428,0.0046965512447059155,0.004711271263659,0.004607035778462887
261732,pgd_eps0.008_alpha0.005_iter5,0.3333333333333334,0.1666666666666667,0.9812692,44.651977390664655,0.9966682195663452,0.9991303086280823,0.11824942380189896,0.006321251392364502,613265,0.009645501,0.005167856812477112,0.0051668379455804825,0.005176985636353493
12120,pgd_eps0.008_alpha0.005_iter1,0.1275826446280992,0.10200216450216448,0.98399687,45.083838895976,0.9974523782730103,0.9996275305747986,0.06150513142347336,0.004465878009796143,632556,0.009252291,0.004715798422694206,0.004774789325892925,0.004769754130393267
306139,pgd_eps0.008_alpha0.005_iter1,0.1255827505827506,0.10771349862258955,0.98442715,45.063111870094076,0.9977911710739136,0.9994214773178101,0.06512366235256195,0.004703164100646973,632544,0.0092764525,0.004772135056555271,0.004780218005180359,0.00476755341514945
564091,pgd_eps0.008_alpha0.005_iter3,0.25000000000000006,0.12500000000000003,0.9833917,44.77751693673548,0.9972819685935974,0.9995251297950745,0.105108343064785,0.007430136203765869,622292,0.009534905,0.005034642294049263,0.005049699451774359,0.005043295677751303
280930,pgd_eps0.008_alpha0.005_iter1,0.25000000000000006,0.08333333333333331,0.9808733,45.31973145933732,0.9977545142173767,0.9993587732315063,0.08457398414611816,0.007351040840148926,625239,0.008933876,0.00458670174703002,0.004567558877170086,0.004595164209604263
384136,pgd_eps0.008_alpha0.005_iter3,0.5000000000000001,0.25000000000000006,0.9786413,44.785564532139134,0.9962071180343628,0.9990938901901245,0.13650788366794586,0.0067844390869140625,619541,0.009499062,0.005038085393607616,0.005035276059061289,0.005037621594965458
173057,pgd_eps0.008_alpha0.005_iter1,0.18874458874458877,0.137465564738292,0.98588634,45.0465262968294,0.9977349638938904,0.9995686411857605,0.057104554027318954,0.006667077541351318,633257,0.009300425,0.004788228776305914,0.004787220619618893,0.004783100448548794
475572,pgd_eps0.008_alpha0.005_iter1,0.10000000000000002,0.0,0.9818058,45.10070952678178,0.997301459312439,0.9992757439613342,0.10989634692668915,0.008913099765777588,631778,0.009226638,0.004749814979732037,0.0047548143193125725,0.004729917272925377
228214,pgd_eps0.008_alpha0.005_iter1,0.18749999999999994,0.09090909090909088,0.9837778,45.092227405166,0.9972223043441772,0.9993472099304199,0.07105980068445206,0.013360738754272461,632941,0.009243895,0.004772132262587547,0.004710771609097719,0.004770140629261732
183709,pgd_eps0.008_alpha0.005_iter1,0.12080199212552155,0.08927341597796142,0.98474306,45.17353035461567,0.9975297451019287,0.9993494153022766,0.08549204468727112,0.011960208415985107,630051,0.009119041,0.004624406341463327,0.004615365993231535,0.004759097937494516
57672,pgd_eps0.008_alpha0.005_iter1,0.17973219961856324,0.06678391053391054,0.9918227,45.050410459860196,0.9986690282821655,0.9997068047523499,0.022201359272003174,0.002193450927734375,633272,0.009296484,0.0047851745039224625,0.004785741679370403,0.004782065749168396
283785,pgd_eps0.008_alpha0.005_iter1,0.17923312575718994,0.12828282828282828,0.9899766,45.11197399910927,0.9986886978149414,0.9996845722198486,0.03352300077676773,0.0030278563499450684,631669,0.009213965,0.004730312619358301,0.004750643391162157,0.004711354151368141
467511,pgd_eps0.008_alpha0.005_iter1,0.3333333333333334,0.22222222222222218,0.9880329,45.07988648091085,0.9982060194015503,0.9995657205581665,0.04106073081493378,0.002488851547241211,632726,0.009253722,0.004755447153002024,0.004762878641486168,0.004755825735628605
291791,pgd_eps0.008_alpha0.005_iter1,0.11363636363636366,0.045454545454545456,0.9926932,45.19004048148229,0.9987882375717163,0.9996610879898071,0.035136230289936066,0.0030318498611450195,626512,0.009064966,0.004660907667130232,0.004663132596760988,0.004649857524782419
566436,pgd_eps0.008_alpha0.005_iter1,0.5000000000000001,0.25000000000000006,0.9889512,45.0587856716907,0.9983065128326416,0.9996553659439087,0.03992126137018204,0.004872024059295654,633138,0.009284494,0.004780595190823078,0.00478089926764369,0.004769556224346161
127092,pgd_eps0.008_alpha0.005_iter3,0.1666666666666667,0.08333333333333336,0.9837367,44.772772772639186,0.9974052309989929,0.9994621872901917,0.09069385379552841,0.007972955703735352,622515,0.009539721,0.005045163910835981,0.00504660326987505,0.005046593490988016
507797,pgd_eps0.008_alpha0.005_iter1,0.17045454545454544,0.15426997245179064,0.9832384,45.215502836408334,0.9973954558372498,0.9994449019432068,0.09834149479866028,0.008284449577331543,627322,0.009038593,0.004679183010011911,0.004613740369677544,0.004621825180947781
315492,pgd_eps0.008_alpha0.005_iter1,0.3333333333333334,0.1666666666666667,0.9841047,45.07291815706533,0.9972967505455017,0.9993712306022644,0.06405485421419144,0.003700554370880127,633198,0.009267683,0.004750443156808615,0.004770095460116863,0.004776709713041782
369675,pgd_eps0.008_alpha0.005_iter1,0.24393939393939393,0.05454545454545456,0.9896286,45.14514773523793,0.9983811378479004,0.9996101260185242,0.030543845146894455,0.0031668543815612793,631522,0.009165977,0.004679807461798191,0.004692072980105877,0.0047381543554365635
505638,pgd_eps0.008_alpha0.005_iter1,0.2181818181818182,0.0,0.9881392,45.04756178592925,0.9976959228515625,0.9994410872459412,0.024854879826307297,0.002054929733276367,633208,0.009300552,0.004780363291501999,0.004785757511854172,0.004791251849383116
70254,pgd_eps0.008_alpha0.005_iter1,0.15086580086580087,0.07092618979766316,0.9886282,45.10803826732945,0.9983283877372742,0.9996325373649597,0.04434817284345627,0.004389286041259766,630720,0.009211125,0.004725019447505474,0.004739717114716768,0.0047338553704321384
316054,pgd_eps0.008_alpha0.005_iter3,0.25000000000000006,0.16666666666666663,0.9837489,44.75308516903947,0.9967025518417358,0.9993818998336792,0.09385403245687485,0.007160663604736328,624082,0.0095794005,0.005058527924120426,0.005060938186943531,0.0050670076161623
511999,pgd_eps0.008_alpha0.005_iter4,0.21414141414141416,0.08484848484848485,0.98596287,44.78044342550784,0.9975450038909912,0.9993875622749329,0.08280718326568604,0.005786418914794922,617197,0.009515181,0.005113514605909586,0.005086206365376711,0.005086986813694239
297022,pgd_eps0.008_alpha0.005_iter1,0.4545454545454545,0.0,0.9888703,45.181098055854136,0.9979139566421509,0.9995394349098206,0.10248684138059616,0.02543485164642334,633736,0.0091414945,0.004547683522105217,0.004775651730597019,0.004778020083904266
407083,pgd_eps0.008_alpha0.005_iter4,0.1666666666666667,0.06666666666666668,0.9811129,44.80182843947354,0.9964053630828857,0.9991879463195801,0.11906823515892029,0.010538995265960693,620809,0.009531275,0.005120133049786091,0.005094293039292097,0.005137065891176462
212226,pgd_eps0.008_alpha0.005_iter2,0.5000000000000001,0.25000000000000006,0.9766101,44.97763297020178,0.9962267875671387,0.9990603923797607,0.17255118489265442,0.020301401615142822,625871,0.00932633,0.005019220523536205,0.005016229581087828,0.004904314409941435
394206,pgd_eps0.008_alpha0.005_iter1,0.15930148283089463,0.0506198347107438,0.9897974,45.08760733744964,0.9986562132835388,0.9997101426124573,0.03357104957103729,0.0031012892723083496,632726,0.009248128,0.004751251544803381,0.004749465733766556,0.004756903741508722
220858,pgd_eps0.008_alpha0.005_iter1,0.12121212121212117,0.0330675172780436,0.9867983,45.05683156732655,0.9977693557739258,0.9994462132453918,0.0753764659166336,0.006772935390472412,633278,0.009286762,0.004775741137564182,0.004777992609888315,0.004781666211783886
453166,pgd_eps0.008_alpha0.005_iter3,0.5000000000000001,0.3181818181818181,0.9781584,44.744111570532,0.9962360262870789,0.999146580696106,0.1090293824672699,0.008324384689331055,620535,0.009553274,0.005065819714218378,0.005065593868494034,0.005073671694844961
6894,pgd_eps0.008_alpha0.005_iter1,0.5000000000000001,0.12500000000000003,0.9874045,45.101335025881575,0.9977297186851501,0.9994801878929138,0.053261898458004,0.007550179958343506,629437,0.009197287,0.004729628562927246,0.004732710309326649,0.0047297910787165165
279927,pgd_eps0.008_alpha0.005_iter1,0.12575757575757576,0.12121212121212122,0.99105173,45.08313882652815,0.9981369376182556,0.9997687935829163,0.03523923084139824,0.0025406479835510254,632801,0.009253838,0.00476716086268425,0.004749401938170195,0.0047478266060352325
161032,pgd_eps0.008_alpha0.005_iter2,0.5000000000000001,0.12500000000000003,0.9868331,44.9130296903151,0.9972817897796631,0.9993887543678284,0.07275783270597458,0.00810098648071289,629484,0.009456029,0.005038456525653601,0.005037549417465925,0.005041586700826883
437239,pgd_eps0.008_alpha0.005_iter3,0.20000000000000004,0.18909090909090914,0.9930888,44.753001573551494,0.9986408948898315,0.9995619654655457,0.04183311015367508,0.003893911838531494,626532,0.009602296,0.0050603714771568775,0.005062911193817854,0.0050453562289476395
382111,pgd_eps0.008_alpha0.005_iter1,0.19318181818181815,0.08712121212121211,0.9886547,45.04987136207842,0.9981876611709595,0.9997186064720154,0.036493923515081406,0.003252387046813965,633104,0.009295647,0.004775742534548044,0.004788049962371588,0.004789281636476517
317433,pgd_eps0.008_alpha0.005_iter59,0.5000000000000001,0.08333333333333331,0.98998904,44.55296718654055,0.9983013868331909,0.9995661973953247,0.04205472767353058,0.004065752029418945,617320,0.009823105,0.005294042639434338,0.005301948171108961,0.005289210472255945
132408,pgd_eps0.008_alpha0.005_iter4,0.30000000000000004,0.25,0.98875815,44.726962893981124,0.9979045391082764,0.9994907379150391,0.055838339030742645,0.0036946535110473633,623323,0.009645862,0.005176289938390255,0.005183480679988861,0.005168437026441097
191288,pgd_eps0.008_alpha0.005_iter1,0.5000000000000001,0.25000000000000006,0.99233085,45.1092685799121,0.9990729093551636,0.9997519850730896,0.03094201534986496,0.00234299898147583,632679,0.009218911,0.004746181890368462,0.0047309077344834805,0.00473272567614913
260106,pgd_eps0.008_alpha0.005_iter1,0.34090909090909083,0.25757575757575757,0.9894068,45.10697911496648,0.9986425638198853,0.9997497200965881,0.04186507314443588,0.004406452178955078,632803,0.0092237415,0.004736225586384535,0.004736583214253187,0.0047438908368349075
100510,pgd_eps0.008_alpha0.005_iter1,0.2803030303030302,0.16666666666666666,0.9912335,45.04333298102747,0.9987640380859375,0.9997067451477051,0.026395663619041443,0.0029460787773132324,633303,0.00930271,0.0047922441735863686,0.004795157816261053,0.004778027534484863
441442,pgd_eps0.008_alpha0.005_iter4,0.22222222222222218,0.1666666666666667,0.991416,44.7601373683122,0.9985637664794922,0.9996827244758606,0.03050629049539566,0.003947734832763672,622794,0.009602438,0.005157845094799995,0.005156693514436483,0.00514833303168416
140270,pgd_eps0.008_alpha0.005_iter21,0.25000000000000006,0.0,0.9858715,44.65390765040951,0.9975802898406982,0.999542772769928,0.06989118456840515,0.004281938076019287,610663,0.009665511,0.005223306827247143,0.005219276528805494,0.005227969028055668
553990,pgd_eps0.008_alpha0.005_iter3,0.25000000000000006,0.0,0.9921499,44.696683984762245,0.9986469745635986,0.9996356964111328,0.027462881058454514,0.003371000289916992,626205,0.00966239,0.005102163180708885,0.005109340418130159,0.005097381770610809
97924,pgd_eps0.008_alpha0.005_iter1,0.21212121212121215,0.1818181818181818,0.9892095,45.2906991573081,0.9982683658599854,0.9996162056922913,0.07901419699192047,0.008754312992095947,622701,0.008901004,0.004579312168061733,0.00457405112683773,0.004569813143461943
331799,pgd_eps0.008_alpha0.005_iter1,0.19318181818181818,0.19318181818181815,0.98623115,45.06595616911976,0.9980599284172058,0.9996100068092346,0.04520036280155182,0.002885580062866211,632987,0.0092749875,0.00478578545153141,0.004772738553583622,0.0047485604882240295
326542,pgd_eps0.008_alpha0.005_iter1,0.4545454545454545,0.31818181818181823,0.97681636,45.06031863527707,0.9955379366874695,0.9962725043296814,0.13588526844978333,0.011151671409606934,633197,0.009281102,0.004781055264174938,0.0047749788500368595,0.004768743179738522
576566,pgd_eps0.008_alpha0.005_iter1,0.5000000000000001,0.0,0.979914,45.16537040500954,0.9971511363983154,0.9993165731430054,0.09842975437641144,0.010977745056152344,628813,0.009128306,0.0046982658095657825,0.00471543800085783,0.004647471010684967
327306,pgd_eps0.008_alpha0.005_iter2,0.5000000000000001,0.25000000000000006,0.98339707,44.94640847597193,0.9964455366134644,0.9990884065628052,0.08540880680084229,0.00939488410949707,629230,0.009409263,0.005022240802645683,0.005008825100958347,0.005017496179789305
378873,pgd_eps0.008_alpha0.005_iter1,0.10426716141001857,0.09529431607353686,0.9933908,45.104504074513144,0.9991400241851807,0.9997670650482178,0.012470699846744537,0.0012685060501098633,632478,0.009229669,0.00477200374007225,0.004772896412760019,0.00466209277510643
94944,pgd_eps0.008_alpha0.005_iter1,0.21022727272727265,0.15909090909090912,0.98646045,45.05373673109005,0.9976071119308472,0.9994868636131287,0.07358545809984207,0.010928034782409668,633282,0.009290968,0.004781060386449099,0.0047835903242230415,0.004779411945492029
151051,pgd_eps0.008_alpha0.005_iter5,0.5000000000000001,0.0,0.975115,44.72351659792519,0.9938828349113464,0.9965804815292358,0.1470659077167511,0.010121822357177734,619925,0.009610251,0.005123336333781481,0.005122554022818804,0.005119758192449808
93717,pgd_eps0.008_alpha0.005_iter1,0.24002260365896722,0.2359307359307359,0.98900265,45.08256185826553,0.998245120048523,0.9995831251144409,0.045397527515888214,0.004466056823730469,632362,0.009253378,0.0047628129832446575,0.004753592889755964,0.004750752821564674
394510,pgd_eps0.008_alpha0.005_iter34,0.12500000000000003,0.08333333333333331,0.9836626,44.6650303294349,0.9966952204704285,0.9991790056228638,0.07485068589448929,0.006609320640563965,617880,0.009694012,0.005218538921326399,0.005217048339545727,0.0052060275338590145
18193,pgd_eps0.008_alpha0.005_iter1,0.1666666666666667,0.08333333333333336,0.9820481,45.05590298307618,0.9967296123504639,0.9992877244949341,0.10500559210777283,0.007390737533569336,633067,0.00928741,0.004777936730533838,0.004778596106916666,0.004779739771038294
43435,pgd_eps0.008_alpha0.005_iter2,0.5000000000000001,0.33333333333333326,0.98550063,44.877586115594134,0.9969951510429382,0.9992573857307434,0.07290449738502502,0.008199572563171387,631059,0.0095174005,0.005073112901300192,0.005072306375950575,0.00507001020014286
403584,pgd_eps0.008_alpha0.005_iter1,0.2272727272727273,0.13636363636363635,0.9872637,45.18273247476113,0.9984636306762695,0.999546468257904,0.06009560823440552,0.007001638412475586,624260,0.0090919025,0.004684116691350937,0.004661399871110916,0.004656950477510691
40757,pgd_eps0.008_alpha0.005_iter7,0.1666666666666667,0.04166666666666668,0.9747985,44.733610135144176,0.995383620262146,0.9985925555229187,0.19351398944854736,0.021141886711120605,608660,0.009536842,0.005129047203809023,0.005124851129949093,0.005143812857568264
342128,pgd_eps0.008_alpha0.005_iter1,0.11524064171122994,0.0806993006993007,0.9930212,45.06875930009892,0.9989573359489441,0.999676525592804,0.019953012466430664,0.0015279054641723633,633059,0.009273691,0.004772820509970188,0.00475820479914546,0.004773927386850119
503755,pgd_eps0.008_alpha0.005_iter15,0.5000000000000001,0.16666666666666663,0.97832364,44.620615692437255,0.9962316751480103,0.9990960955619812,0.14267997443675995,0.014305830001831055,607564,0.009676926,0.005239603575319052,0.005242524202913046,0.005241920240223408
320642,pgd_eps0.008_alpha0.005_iter3,0.47272727272727283,0.43181818181818177,0.9816064,44.78963300288889,0.9968854188919067,0.9991742372512817,0.09693646430969238,0.00716322660446167,619995,0.009501912,0.005027553997933865,0.005023035686463118,0.005031000357121229
235778,pgd_eps0.008_alpha0.005_iter1,0.5000000000000001,0.27272727272727276,0.97895485,45.06731448120766,0.9969710111618042,0.9992547631263733,0.12750861048698425,0.01002645492553711,632690,0.009272715,0.004783259239047766,0.004796142224222422,0.004724398255348206
494759,pgd_eps0.008_alpha0.005_iter3,0.5000000000000001,0.42424242424242414,0.9719134,44.75187569856344,0.9946510791778564,0.997808575630188,0.2502167820930481,0.02829122543334961,620322,0.009545911,0.005067376885563135,0.00506124971434474,0.00505978986620903
409542,pgd_eps0.008_alpha0.005_iter1,0.44545454545454544,0.3831168831168832,0.9899218,45.05998459223634,0.9985265731811523,0.9995625615119934,0.02945827506482601,0.0020102858543395996,633077,0.009282121,0.004782467614859343,0.004776088520884514,0.004769467748701572
119995,pgd_eps0.008_alpha0.005_iter1,0.42954545454545456,0.26136363636363635,0.9811799,45.13897931845776,0.9969148635864258,0.999415397644043,0.07933752983808517,0.0061337947845458984,631972,0.0091777835,0.004703673999756575,0.004713298752903938,0.004713747184723616
369323,pgd_eps0.008_alpha0.005_iter1,0.2545454545454546,0.21212121212121215,0.97909594,45.03187774239183,0.9968271255493164,0.9992029666900635,0.09538504481315613,0.007020235061645508,633355,0.009317452,0.00478955265134573,0.004800938069820404,0.0048040421679615974
127270,pgd_eps0.008_alpha0.005_iter2,0.18961038961038965,0.17181818181818181,0.9826147,44.936964201233536,0.997173011302948,0.9994067549705505,0.08021965622901917,0.004064798355102539,626844,0.009383267,0.005024924874305725,0.005021203309297562,0.005014341324567795
297084,pgd_eps0.008_alpha0.005_iter4,0.12500000000000003,0.06250000000000001,0.989502,44.76453090680964,0.9983606338500977,0.9995511174201965,0.03561749309301376,0.002144336700439453,622746,0.009595574,0.005155992228537798,0.005136470776051283,0.005159121472388506
168337,pgd_eps0.008_alpha0.005_iter2,0.25000000000000006,0.21212121212121207,0.9845557,44.888883752505684,0.9971129298210144,0.9993477463722229,0.05894515663385391,0.008497953414916992,629903,0.009486764,0.005060681141912937,0.005062281619757414,0.005065515171736479
226408,pgd_eps0.008_alpha0.005_iter1,0.11111111111111109,0.0,0.9833471,45.08950798641912,0.9974600672721863,0.9994865655899048,0.13825231790542603,0.011268019676208496,631787,0.009232577,0.00474992161616683,0.004751032683998346,0.004756752401590347
173302,pgd_eps0.008_alpha0.005_iter1,0.1666666666666667,0.055555555555555546,0.9859173,45.0644434203234,0.9979145526885986,0.9995295405387878,0.0485757477581501,0.002538621425628662,632985,0.009277236,0.004782363306730986,0.004777354653924704,0.004752710927277803
54654,pgd_eps0.008_alpha0.005_iter7,0.5000000000000001,0.07142857142857144,0.98383313,44.625682594233716,0.9972891807556152,0.9992518424987793,0.07942076772451401,0.005287051200866699,613819,0.009699157,0.005217540543526411,0.005217268597334623,0.005204870365560055
425221,pgd_eps0.008_alpha0.005_iter2,0.10606060606060608,0.09090909090909093,0.9741785,45.09278324714633,0.9970523118972778,0.9990310072898865,0.0939951241016388,0.014094710350036621,607996,0.00912299,0.0048552388325333595,0.004849710967391729,0.004860143642872572
224119,pgd_eps0.008_alpha0.005_iter1,0.27272727272727276,0.0,0.9792308,45.065289640968885,0.9959046244621277,0.9981244802474976,0.11431623995304108,0.014346003532409668,633127,0.009277365,0.004765346180647612,0.004769462626427412,0.004783423151820898
140556,pgd_eps0.008_alpha0.005_iter1,0.3030303030303031,0.2272727272727273,0.9853003,45.060430526858894,0.9976961612701416,0.9995843768119812,0.07460036873817444,0.006415843963623047,633059,0.00928276,0.004773243796080351,0.004778086673468351,0.004774966277182102
258793,pgd_eps0.008_alpha0.005_iter2,0.1666666666666667,0.0,0.9806058,45.011421399595555,0.9961687922477722,0.998722493648529,0.13435634970664978,0.018864154815673828,620348,0.009241744,0.00492975814267993,0.004920837469398975,0.004923501517623663
469067,pgd_eps0.008_alpha0.005_iter1,0.20000000000000004,0.01818181818181818,0.983046,45.06320644829568,0.996813178062439,0.9991969466209412,0.07337124645709991,0.010091543197631836,633108,0.009280149,0.00477555301040411,0.004779060836881399,0.004770174622535706
448256,pgd_eps0.008_alpha0.005_iter18,0.21363636363636368,0.18181818181818177,0.98906946,44.6402716369548,0.9981234073638916,0.9995499849319458,0.05956035852432251,0.006789445877075195,614734,0.009702996,0.005237550009042025,0.005226337816566229,0.00521364901214838
549390,pgd_eps0.008_alpha0.005_iter1,0.13995215311004786,0.12878787878787878,0.9897611,45.10244383109699,0.997968852519989,0.999498188495636,0.04451169818639755,0.003830134868621826,632578,0.009227033,0.004741380922496319,0.004744917619973421,0.004737882874906063
201418,pgd_eps0.008_alpha0.005_iter1,0.11728896103896104,0.10522635259477366,0.9830015,45.05576949439405,0.9974575042724609,0.9994429349899292,0.06919322907924652,0.006808876991271973,632854,0.009283941,0.0047796317376196384,0.004777529276907444,0.004780767485499382
364102,pgd_eps0.008_alpha0.005_iter6,0.5000000000000001,0.25000000000000006,0.97510475,44.605887861201495,0.9952556490898132,0.9979429244995117,0.21773147583007812,0.02311694622039795,611632,0.009716657,0.005266592372208834,0.005265341605991125,0.005266604013741016
13291,pgd_eps0.008_alpha0.005_iter2,0.43181818181818177,0.4025974025974027,0.982676,44.88147540189825,0.9969924688339233,0.9995723962783813,0.16282418370246887,0.008708357810974121,628909,0.009470773,0.005064158700406551,0.005069962702691555,0.005064666271209717
440336,pgd_eps0.008_alpha0.005_iter1,0.43939393939393945,0.3522727272727272,0.9813829,45.03862170751499,0.9968621730804443,0.9995486736297607,0.1755639910697937,0.010125279426574707,633119,0.009307202,0.004791808780282736,0.00479382649064064,0.004792158957570791
488251,pgd_eps0.008_alpha0.005_iter5,0.19318181818181815,0.13636363636363638,0.98388463,44.66841665555022,0.9971951246261597,0.9993976354598999,0.10832652449607849,0.010731041431427002,617999,0.009654914,0.00515213655307889,0.005166827235370874,0.005154815036803484
229601,pgd_eps0.008_alpha0.005_iter1,0.3358585858585859,0.2353896103896104,0.98872966,45.09393636663227,0.9978684186935425,0.9995302557945251,0.04047907888889313,0.0047419071197509766,632728,0.009242551,0.004762844182550907,0.004761217162013054,0.00471965316683054
427160,pgd_eps0.008_alpha0.005_iter1,0.303030303030303,0.21212121212121215,0.9822375,45.07424860994357,0.9972426891326904,0.9994232654571533,0.0736282542347908,0.004220724105834961,633057,0.00926526,0.004766612313687801,0.00476529635488987,0.0047647892497479916
437205,pgd_eps0.008_alpha0.005_iter93,0.1666666666666667,0.11111111111111109,0.9776489,44.72682699139311,0.9964922666549683,0.9991485476493835,0.1286235749721527,0.009414911270141602,607226,0.009552637,0.0050921388901770115,0.0052034370601177216,0.005166110582649708
434204,pgd_eps0.008_alpha0.005_iter1,0.1384297520661157,0.08766233766233768,0.9854495,45.03382330779114,0.9977309107780457,0.9994974136352539,0.06373651325702667,0.0036821365356445312,633200,0.009314556,0.004796771798282862,0.004801423754543066,0.004792417399585247
289417,pgd_eps0.008_alpha0.005_iter1,0.25252525252525243,0.1818181818181818,0.97539186,45.0814916259433,0.9955940246582031,0.9986121654510498,0.18226617574691772,0.012827694416046143,632971,0.009254486,0.0047613708302378654,0.004759542644023895,0.004760598298162222
309467,pgd_eps0.008_alpha0.005_iter3,0.3333333333333334,0.28282828282828276,0.97900724,44.78277158577548,0.995751142501831,0.9981487989425659,0.15918008983135223,0.012528777122497559,620223,0.009508589,0.005037137772887945,0.005039786454290152,0.005040103569626808
473121,pgd_eps0.008_alpha0.005_iter21,0.5000000000000001,0.0,0.9756697,44.67074312277411,0.995787501335144,0.9992138743400574,0.22724305093288422,0.015478551387786865,607705,0.009621356,0.005212750751525164,0.005212492309510708,0.005194253753870726
327605,pgd_eps0.008_alpha0.005_iter21,0.27272727272727276,0.13636363636363638,0.9839711,44.76033202576302,0.9964486956596375,0.9990783929824829,0.09606863558292389,0.01698911190032959,609344,0.009478426,0.005064255557954311,0.0050778379663825035,0.00509381340816617
451084,pgd_eps0.008_alpha0.005_iter10,0.25000000000000006,0.16666666666666663,0.98305887,44.64684094329114,0.9966821670532227,0.9991614818572998,0.10478762537240982,0.008563697338104248,617315,0.0096987635,0.005246165674179792,0.005235542077571154,0.005185884889215231
22479,pgd_eps0.008_alpha0.005_iter45,0.1666666666666667,0.0,0.9789782,44.6921784447943,0.9965497851371765,0.9993582367897034,0.1713392734527588,0.011649012565612793,607965,0.009602986,0.005181609187275171,0.005199092905968428,0.00520035345107317
243148,pgd_eps0.008_alpha0.005_iter4,0.5000000000000001,0.27272727272727276,0.9801995,44.751144410820054,0.9965043067932129,0.9992104172706604,0.1150938868522644,0.007084965705871582,617830,0.009572857,0.005153396632522345,0.005160192493349314,0.005162645131349564
581062,pgd_eps0.008_alpha0.005_iter7,0.5000000000000001,0.25000000000000006,0.9773218,44.68880344318244,0.9959964752197266,0.9991419911384583,0.17524489760398865,0.01674938201904297,611450,0.00960919,0.0051699611358344555,0.005169019568711519,0.005172141827642918
185950,pgd_eps0.008_alpha0.005_iter10,0.5000000000000001,0.16666666666666663,0.9781802,44.69691980100576,0.996396541595459,0.9992085099220276,0.190163254737854,0.016930460929870605,605656,0.009587907,0.005182326305657625,0.005189396440982819,0.005178676452487707
44195,pgd_eps0.008_alpha0.005_iter2,0.5000000000000001,0.42424242424242414,0.9800336,44.92295032361434,0.9967131614685059,0.9991755485534668,0.1444561630487442,0.013010144233703613,626742,0.009404393,0.005031613167375326,0.005028728861361742,0.005033817607909441
364126,pgd_eps0.008_alpha0.005_iter13,0.5000000000000001,0.12500000000000003,0.9821801,44.63483480793535,0.9965114593505859,0.9993128180503845,0.10173314809799194,0.007478892803192139,615464,0.009710731,0.005234483163803816,0.005243821535259485,0.005221951752901077
354307,pgd_eps0.008_alpha0.005_iter1,1.0000000000000002,0.5000000000000001,0.98106,45.30111816252288,0.9974747896194458,0.999420702457428,0.11036859452724457,0.009759485721588135,628605,0.008968614,0.00461745448410511,0.004586347844451666,0.004574664868414402
170191,pgd_eps0.008_alpha0.005_iter64,0.3333333333333334,0.1666666666666667,0.9822256,44.702285273699395,0.996464192867279,0.9990423321723938,0.10874917358160019,0.011242508888244629,610359,0.009605536,0.0051808119751513,0.005179703235626221,0.005190677009522915
179487,pgd_eps0.008_alpha0.005_iter1,0.24916815210932855,0.15633608815426997,0.9868596,45.10617986217901,0.9979802966117859,0.9995120167732239,0.039090197533369064,0.004773199558258057,631743,0.009224135,0.004691402427852154,0.004762404132634401,0.00475416611880064
445999,pgd_eps0.008_alpha0.005_iter20,0.5000000000000001,0.0,0.9806986,44.66196006013444,0.9964733123779297,0.9991841316223145,0.1477055549621582,0.022907674312591553,615049,0.009679578,0.005219416692852974,0.005203592125326395,0.005230468697845936
91500,pgd_eps0.008_alpha0.005_iter10,0.11111111111111113,0.07407407407407406,0.9848358,44.689060502554156,0.9972108602523804,0.9992228150367737,0.07976391911506653,0.007359206676483154,607707,0.009605346,0.00520410668104887,0.00520675303414464,0.005198340397328138
426836,pgd_eps0.008_alpha0.005_iter1,0.5000000000000001,0.25000000000000006,0.98286456,45.056953812288256,0.9969608783721924,0.9994903206825256,0.1518847942352295,0.027788519859313965,633225,0.009286165,0.004778391681611538,0.004781852476298809,0.004776165820658207
557916,pgd_eps0.008_alpha0.005_iter1,0.25000000000000006,0.12500000000000003,0.97585934,45.10001947627576,0.9959582090377808,0.9988985061645508,0.16357581317424774,0.012040674686431885,632861,0.009234776,0.00476152403280139,0.004774848930537701,0.004692970775067806
99024,pgd_eps0.008_alpha0.005_iter47,0.3333333333333334,0.1666666666666667,0.98591286,44.595909273735316,0.9968907237052917,0.9993516802787781,0.05407487601041794,0.00624316930770874,619249,0.009787402,0.005273721646517515,0.005268051289021969,0.005252974107861519
305309,pgd_eps0.008_alpha0.005_iter14,0.31818181818181823,0.2121212121212121,0.988144,44.65350164538161,0.9975828528404236,0.9993929266929626,0.10477688908576965,0.01212608814239502,621546,0.009726767,0.005228140857070684,0.005212959833443165,0.005228814668953419
311928,pgd_eps0.008_alpha0.005_iter17,0.3333333333333334,0.1666666666666667,0.9872053,44.65549825547633,0.9980350732803345,0.9995735883712769,0.07983189821243286,0.0034908652305603027,609934,0.009655855,0.005220159888267517,0.005214351695030928,0.0052217780612409115
196141,pgd_eps0.008_alpha0.005_iter2,0.17545454545454547,0.16363636363636366,0.9888719,44.95729904669693,0.9981554746627808,0.9995680451393127,0.03609481826424599,0.0015221834182739258,628373,0.009388976,0.005004944279789925,0.005011882167309523,0.005012473091483116
136915,pgd_eps0.008_alpha0.005_iter16,0.1818181818181818,0.17090909090909095,0.9830443,44.682418001658,0.9972469210624695,0.9993518590927124,0.10399286448955536,0.012613117694854736,611127,0.009631834,0.00519991060718894,0.00519654480740428,0.0052099269814789295
533816,pgd_eps0.008_alpha0.005_iter1,0.4352066115702479,0.36853329533580315,0.9909354,45.07496628685886,0.9987284541130066,0.9996907114982605,0.028581345453858376,0.0018671154975891113,632584,0.009261937,0.0047513144090771675,0.004768105689436197,0.004765953402966261
522889,pgd_eps0.008_alpha0.005_iter2,0.2803030303030302,0.2272727272727272,0.97146827,45.1227347056396,0.9963741302490234,0.9994135499000549,0.1252603530883789,0.005971252918243408,621961,0.00915521,0.004452812951058149,0.005027804523706436,0.00502058444544673
548246,pgd_eps0.008_alpha0.005_iter4,0.24242424242424246,0.2045454545454545,0.9852186,44.75934557093309,0.9975680112838745,0.9993588328361511,0.0687248557806015,0.006227016448974609,620036,0.009578847,0.0051504927687346935,0.005149295553565025,0.005143408663570881
37988,pgd_eps0.008_alpha0.005_iter2,0.2545454545454546,0.24242424242424235,0.97392994,44.92619493381377,0.994956910610199,0.997812807559967,0.17138835787773132,0.009232401847839355,627954,0.009405099,0.00503271259367466,0.005036228336393833,0.005037713795900345
325838,pgd_eps0.008_alpha0.005_iter2,0.1666666666666667,0.02083333333333334,0.9820375,44.922882525608294,0.9968997240066528,0.999161422252655,0.08490116149187088,0.008638978004455566,628935,0.009424194,0.00503406161442399,0.005041766911745071,0.005035281181335449
527427,pgd_eps0.008_alpha0.005_iter5,0.1666666666666667,0.055555555555555546,0.9852318,44.70612228647255,0.9973289370536804,0.9993607401847839,0.07179252058267593,0.0044515132904052734,617841,0.0096158795,0.0051364293321967125,0.005134601145982742,0.0051298378966748714
74256,pgd_eps0.008_alpha0.005_iter1,0.10909090909090911,0.08712121212121211,0.9889154,45.09245944902393,0.9984021186828613,0.9995085597038269,0.04192579537630081,0.004602551460266113,632737,0.009241604,0.004769726190716028,0.004737979266792536,0.0047345650382339954
154644,pgd_eps0.008_alpha0.005_iter1,0.2575757575757575,0.18181818181818185,0.9780429,45.10366155655002,0.9964634776115417,0.9991618990898132,0.19338932633399963,0.01989990472793579,632242,0.009221404,0.004744657780975103,0.00473996764048934,0.004750863183289766
474039,pgd_eps0.008_alpha0.005_iter21,0.25000000000000006,0.16666666666666663,0.98077583,44.65845232686158,0.9966051578521729,0.9991356730461121,0.14241212606430054,0.011288881301879883,608618,0.0096440585,0.0052212257869541645,0.005214669741690159,0.005215917248278856
461751,pgd_eps0.008_alpha0.005_iter1,0.125,0.11363636363636362,0.9851617,45.04710632557387,0.9980062246322632,0.999619722366333,0.08832050114870071,0.011972784996032715,633346,0.009299458,0.004782457835972309,0.004787754733115435,0.004790851846337318
466986,pgd_eps0.008_alpha0.005_iter1,0.21212121212121207,0.19318181818181815,0.98897076,45.268639673843374,0.9987244606018066,0.9996470212936401,0.03508920595049858,0.0017933845520019531,621438,0.008950841,0.0045875017531216145,0.004574068821966648,0.004607691429555416
465179,pgd_eps0.008_alpha0.005_iter54,0.5000000000000001,0.0,0.97660583,44.66865901531524,0.9961764812469482,0.9991108179092407,0.17914259433746338,0.013779640197753906,606007,0.009617765,0.005209957715123892,0.005210848990827799,0.005211159586906433
542856,pgd_eps0.008_alpha0.005_iter1,0.1818181818181818,0.14545454545454548,0.9877717,45.08089562905937,0.9982016086578369,0.9996137619018555,0.04421970993280411,0.004544496536254883,632345,0.0092534255,0.004750845953822136,0.004760534502565861,0.004763840697705746
429718,pgd_eps0.008_alpha0.005_iter2,0.25000000000000006,0.0,0.98826104,44.881418031881395,0.997715413570404,0.9993862509727478,0.049598075449466705,0.004831254482269287,630448,0.009506739,0.005068144295364618,0.005066183861345053,0.005064900033175945
563604,pgd_eps0.008_alpha0.005_iter2,0.1994949494949495,0.15625000000000003,0.99362,44.926779346933756,0.9987468123435974,0.9995994567871094,0.01406803261488676,0.002278566360473633,630385,0.009448328,0.005010619759559631,0.0050344038754701614,0.005028137471526861
78565,pgd_eps0.008_alpha0.005_iter1,0.11101272464908829,0.11100131752305666,0.9841148,45.04465629895269,0.9971829652786255,0.9993194937705994,0.08100606501102448,0.008814454078674316,633292,0.009301308,0.00479169562458992,0.004786743316799402,0.004785990808159113
116439,pgd_eps0.008_alpha0.005_iter1,0.25000000000000006,0.0,0.99135375,45.09336562044409,0.99876868724823,0.9996740818023682,0.029978517442941666,0.003960609436035156,631766,0.009233829,0.004741901997476816,0.004752508830279112,0.004739520605653524
107851,pgd_eps0.008_alpha0.005_iter1,0.1090909090909091,0.05785123966942149,0.9889414,45.56564602763739,0.9979267120361328,0.9992688298225403,0.1194966584444046,0.024763762950897217,600732,0.008386642,0.004288304131478071,0.004296908620744944,0.004297186154872179
274219,pgd_eps0.008_alpha0.005_iter7,0.5000000000000001,0.25000000000000006,0.98150796,44.703195636258016,0.9963140487670898,0.9991722702980042,0.1539703607559204,0.021872282028198242,618507,0.009634237,0.005154486745595932,0.00516381673514843,0.005157646257430315
143961,pgd_eps0.008_alpha0.005_iter2,0.12109044408277145,0.08953962703962703,0.9876464,44.95520381752873,0.9981063604354858,0.9995114803314209,0.053783632814884186,0.005670785903930664,628930,0.009377895,0.004959351848810911,0.005007288884371519,0.00504416273906827
212573,pgd_eps0.008_alpha0.005_iter1,0.25000000000000006,0.19318181818181815,0.99210423,45.05796888506225,0.9985098838806152,0.9996138215065002,0.028681045398116112,0.004223346710205078,633418,0.009287778,0.004780494142323732,0.004778199829161167,0.004776542074978352
319369,pgd_eps0.008_alpha0.005_iter1,0.18383838383838386,0.14545454545454548,0.9936541,45.34920567992514,0.9990273714065552,0.9997302293777466,0.04257209599018097,0.005948781967163086,619527,0.0088097835,0.00451010512188077,0.00451736431568861,0.004523970186710358
252716,pgd_eps0.008_alpha0.005_iter1,0.4204545454545453,0.22727272727272724,0.9863345,45.07220474061626,0.9975675940513611,0.9995071887969971,0.09012648463249207,0.006951689720153809,633168,0.009269919,0.004761815071105957,0.004782568197697401,0.004751401022076607
64868,pgd_eps0.008_alpha0.005_iter13,0.10000000000000002,0.04000000000000001,0.98099154,44.68495861369575,0.9970185160636902,0.9993186593055725,0.1348150223493576,0.009055614471435547,609536,0.009617283,0.00519793713465333,0.0051963552832603455,0.005190584808588028
205324,pgd_eps0.008_alpha0.005_iter16,0.25000000000000006,0.022727272727272724,0.9876912,44.64581685197154,0.9980282187461853,0.9995777606964111,0.08620775490999222,0.008761286735534668,616769,0.009710748,0.005221034400165081,0.005227581597864628,0.0052362363785505295
48555,pgd_eps0.008_alpha0.005_iter1,0.18181818181818182,0.0,0.98444444,45.462035953954036,0.9971399307250977,0.9990220665931702,0.10949143022298813,0.015876412391662598,605328,0.008550819,0.004371196031570435,0.00437778327614069,0.004395551513880491
61584,pgd_eps0.008_alpha0.005_iter1,0.13636363636363638,0.022727272727272724,0.99356514,45.3114302745449,0.9990495443344116,0.9997755885124207,0.022532975301146507,0.003106415271759033,623575,0.008916777,0.004552043043076992,0.004585564602166414,0.004539634566754103
244099,pgd_eps0.008_alpha0.005_iter2,0.25000000000000006,0.0,0.9864448,44.88704603696041,0.997124195098877,0.9995139241218567,0.1163334771990776,0.02129906415939331,630676,0.009499181,0.005066846963018179,0.005058504641056061,0.00507360277697444
10764,pgd_eps0.008_alpha0.005_iter15,0.25000000000000006,0.12500000000000003,0.9827883,44.509534536096425,0.9968842267990112,0.9992251396179199,0.10578795522451401,0.0060440897941589355,612402,0.009843452,0.0053183408454060555,0.005334943998605013,0.005321608856320381
537827,pgd_eps0.008_alpha0.005_iter37,0.5000000000000001,0.3863636363636363,0.9953339,44.27830435046242,0.998644232749939,0.9996431469917297,0.010976279154419899,0.0013584494590759277,624231,0.010203308,0.00551657984033227,0.005517864599823952,0.005506372079253197
329827,pgd_eps0.008_alpha0.005_iter5,0.5000000000000001,0.16666666666666663,0.97414523,44.732753057137515,0.9951969385147095,0.9983809590339661,0.24003000557422638,0.024793505668640137,612609,0.009545341,0.005113973282277584,0.005113204009830952,0.00511969393119216
500270,pgd_eps0.008_alpha0.005_iter1,0.18831168831168832,0.0909090909090909,0.977578,45.03728343262181,0.9962538480758667,0.9990595579147339,0.15848979353904724,0.025624990463256836,633236,0.0093098385,0.004787001758813858,0.004797894507646561,0.004797932226210833
308165,pgd_eps0.008_alpha0.005_iter13,0.25000000000000006,0.0,0.97702104,44.609255660306985,0.9955700635910034,0.9985790848731995,0.18909260630607605,0.030871689319610596,611577,0.0097065065,0.005265313666313887,0.00527605228126049,0.005174470134079456
544444,pgd_eps0.008_alpha0.005_iter5,0.5000000000000001,0.0,0.97402054,44.67347092900667,0.9952060580253601,0.9987807869911194,0.2210884988307953,0.016282200813293457,614925,0.009632164,0.005152416881173849,0.0051660845056176186,0.005157758481800556
378244,pgd_eps0.008_alpha0.005_iter4,0.3333333333333334,0.0,0.98035884,44.81458169780935,0.9962486624717712,0.9992362260818481,0.1717972457408905,0.022078394889831543,621287,0.009518355,0.005127716809511185,0.005124070681631565,0.005075132939964533
90956,pgd_eps0.008_alpha0.005_iter13,0.5000000000000001,0.0,0.9922209,44.63291689772291,0.9973304271697998,0.9994065761566162,0.039291512221097946,0.010089278221130371,626560,0.009778444,0.005233652889728546,0.005226736888289452,0.005237104371190071
313562,pgd_eps0.008_alpha0.005_iter4,0.3333333333333334,0.18670576735092867,0.9905486,44.808036781655716,0.9986064434051514,0.9995404481887817,0.03738100826740265,0.0023520588874816895,618478,0.009498763,0.005088106729090214,0.005102944560348988,0.005081596318632364
258388,pgd_eps0.008_alpha0.005_iter1,0.4545454545454545,0.31818181818181823,0.9720916,45.24520515403878,0.9956820011138916,0.9987906217575073,0.16578933596611023,0.017794787883758545,630720,0.009056677,0.0047738696448504925,0.004689706489443779,0.00441676564514637
358195,pgd_eps0.008_alpha0.005_iter84,0.25000000000000006,0.045454545454545456,0.9935281,44.47799290601702,0.9976687431335449,0.9995137453079224,0.026127303019165993,0.0033646821975708008,624779,0.009959132,0.005351562984287739,0.005362438037991524,0.00534665584564209
3553,pgd_eps0.008_alpha0.005_iter3,0.25000000000000006,0.12500000000000003,0.98484117,44.80629883727893,0.9976856112480164,0.9995088577270508,0.09768489003181458,0.01372671127319336,621106,0.0094815465,0.005015689879655838,0.00501517066732049,0.005015707109123468
253819,pgd_eps0.008_alpha0.005_iter11,0.5000000000000001,0.25000000000000006,0.9900164,44.675400491446155,0.9980840086936951,0.9995059967041016,0.04348140209913254,0.005108833312988281,617346,0.0096333865,0.005159445572644472,0.005160483997315168,0.005136510822921991
278705,pgd_eps0.008_alpha0.005_iter17,0.3333333333333334,0.28282828282828276,0.9896045,44.637900159543975,0.9979138374328613,0.9994651079177856,0.04584450274705887,0.0030906200408935547,617516,0.00972386,0.005237420555204153,0.005232441239058971,0.005224584601819515
187990,pgd_eps0.008_alpha0.005_iter1,0.25000000000000006,0.16666666666666663,0.9818818,45.07655290474269,0.9970450401306152,0.9993364810943604,0.08899207413196564,0.0057967305183410645,633007,0.00926196,0.004764148965477943,0.004762860480695963,0.004764009267091751
51938,pgd_eps0.008_alpha0.005_iter1,0.3470418470418471,0.26121605667060216,0.97925204,45.06377315257708,0.996387243270874,0.9992837309837341,0.13536208868026733,0.011363506317138672,633227,0.009279713,0.004777984693646431,0.004769724793732166,0.004774098750203848
188296,pgd_eps0.008_alpha0.005_iter1,0.23106060606060608,0.18787878787878792,0.99614555,45.18585141709255,0.9994702339172363,0.9997475743293762,0.010267680510878563,0.0006695389747619629,629252,0.009101944,0.004649670794606209,0.004663487430661917,0.004680967889726162
45090,pgd_eps0.008_alpha0.005_iter1,0.5000000000000001,0.06818181818181819,0.98857194,45.13441176208606,0.9984441995620728,0.9989726543426514,0.0696193277835846,0.03106558322906494,629305,0.009164237,0.004715864546597004,0.004704487044364214,0.004708240274339914
347174,pgd_eps0.008_alpha0.005_iter2,0.5000000000000001,0.16666666666666663,0.98155856,44.910115637927774,0.9966027140617371,0.9991028904914856,0.09043515473604202,0.008747279644012451,627901,0.009428874,0.005044996738433838,0.005051332991570234,0.005046719219535589
341196,pgd_eps0.008_alpha0.005_iter2,0.4204545454545453,0.18181818181818182,0.99115425,45.03399293237743,0.9982366561889648,0.9995402693748474,0.031008191406726837,0.0026113390922546387,625711,0.009260467,0.004917485639452934,0.004910685587674379,0.004919247701764107
329455,pgd_eps0.008_alpha0.005_iter4,0.11132867132867133,0.10909090909090909,0.9859411,44.7687691285271,0.9978047609329224,0.9994511604309082,0.058526329696178436,0.006134033203125,619138,0.009561853,0.005145605653524399,0.005148801486939192,0.00513898441568017
302990,pgd_eps0.008_alpha0.005_iter1,0.3863636363636363,0.3636363636363637,0.9922703,45.10897266113962,0.9986026287078857,0.999634861946106,0.028776761144399643,0.0032275915145874023,632481,0.009219071,0.004752449691295624,0.0047343517653644085,0.004731455817818642
262587,pgd_eps0.008_alpha0.005_iter11,0.5000000000000001,0.25000000000000006,0.9762346,44.65240565189299,0.9953281879425049,0.998806357383728,0.209898442029953,0.014803707599639893,613673,0.009675637,0.0052069975063204765,0.005213990807533264,0.005229152739048004
117719,pgd_eps0.008_alpha0.005_iter2,0.25000000000000006,0.007352941176470588,0.98322576,44.95391037448003,0.9972976446151733,0.9995449185371399,0.1084863618016243,0.012558221817016602,627057,0.009371206,0.004999096505343914,0.005014230031520128,0.005009024403989315
309678,pgd_eps0.008_alpha0.005_iter2,0.3333333333333334,0.1666666666666667,0.98016644,44.98794048486932,0.9968540072441101,0.9992281198501587,0.07907379418611526,0.007228970527648926,625998,0.009325701,0.00503421388566494,0.005029613617807627,0.004869996104389429
107339,pgd_eps0.008_alpha0.005_iter6,0.25000000000000006,0.21212121212121207,0.9755791,44.72639281249654,0.99598228931427,0.9989652037620544,0.2525056004524231,0.01954019069671631,604573,0.009530286,0.005179501138627529,0.005174678284674883,0.005170074291527271
468501,pgd_eps0.008_alpha0.005_iter3,0.20000000000000004,0.15454545454545454,0.9841311,44.75598396851582,0.997330904006958,0.9994510412216187,0.08492790907621384,0.005488157272338867,622299,0.009560006,0.005059985909610987,0.005052915774285793,0.005063077434897423
511760,pgd_eps0.008_alpha0.005_iter15,0.3333333333333334,0.28282828282828276,0.97270995,44.63448271842375,0.994476318359375,0.9942456483840942,0.29797613620758057,0.035977959632873535,607614,0.009663813,0.00523117883130908,0.005228147841989994,0.00524369440972805
361730,pgd_eps0.008_alpha0.005_iter1,0.11880165289256198,0.10227272727272727,0.9805234,45.062159285552255,0.9967345595359802,0.9991084933280945,0.10382670164108276,0.00624239444732666,632697,0.009277714,0.004767926409840584,0.004776939749717712,0.004767722450196743
427077,pgd_eps0.008_alpha0.005_iter13,0.5000000000000001,0.25000000000000006,0.9801344,44.73409799629145,0.9965655207633972,0.9992069602012634,0.13616237044334412,0.008803486824035645,608603,0.00954123,0.005150064826011658,0.005142915993928909,0.005147261079400778
346968,pgd_eps0.008_alpha0.005_iter14,0.25000000000000006,0.12500000000000003,0.97850865,44.660389711334204,0.9959882497787476,0.9990027546882629,0.1890019178390503,0.01522064208984375,606591,0.009632712,0.005221639294177294,0.005223263520747423,0.0052177621982991695
229216,pgd_eps0.008_alpha0.005_iter1,0.5000000000000001,0.20000000000000004,0.9888895,45.085329948731534,0.9983401298522949,0.9995720982551575,0.03501581400632858,0.0061577558517456055,632841,0.009251718,0.004756822716444731,0.00476283160969615,0.004746182821691036
563882,pgd_eps0.008_alpha0.005_iter1,0.2502658160552897,0.17477808386899296,0.9778171,45.16350990189656,0.9966729879379272,0.9992563128471375,0.1543971598148346,0.009671628475189209,629975,0.009140159,0.004656244069337845,0.004706847481429577,0.0047224173322319984
483999,pgd_eps0.008_alpha0.005_iter1,0.10659525880817747,0.1036615575982459,0.98539263,45.12577446273065,0.9980461001396179,0.9995771050453186,0.07827597111463547,0.0118941068649292,630001,0.009171427,0.0047183712013065815,0.004716344643384218,0.004713162314146757
58705,pgd_eps0.008_alpha0.005_iter4,0.22222222222222218,0.09090909090909093,0.98490524,44.78335028896368,0.9969488978385925,0.9990352988243103,0.04563314467668533,0.003737032413482666,616383,0.009522383,0.005137560423463583,0.005094622261822224,0.005145704839378595
323263,pgd_eps0.008_alpha0.005_iter1,0.28821548821548826,0.24009324009324018,0.9887158,45.08795486620299,0.9981838464736938,0.9995689392089844,0.03176124766469002,0.002070307731628418,632572,0.009248338,0.004734900314360857,0.004758875817060471,0.00476322416216135
248334,pgd_eps0.008_alpha0.005_iter1,0.1585858585858586,0.1406926406926407,0.9942282,45.096093045679154,0.9991025924682617,0.9997836351394653,0.016050083562731743,0.0013927817344665527,632623,0.009235118,0.004747638013213873,0.004749810788780451,0.004740832839161158
422706,pgd_eps0.008_alpha0.005_iter1,0.12121212121212123,0.07575757575757576,0.9890414,45.084815064453245,0.9981107115745544,0.999484121799469,0.0356905497610569,0.0022835731506347656,632890,0.009253403,0.0047438303008675575,0.004765891935676336,0.004756940994411707
178982,pgd_eps0.008_alpha0.005_iter2,0.11111111111111109,0.07407407407407406,0.97517496,44.94809749787297,0.9957770109176636,0.9986931681632996,0.17315828800201416,0.015636324882507324,626289,0.009366451,0.005052266176789999,0.005030666943639517,0.00494129816070199
408696,pgd_eps0.008_alpha0.005_iter1,0.3977272727272726,0.19090909090909092,0.9858382,45.06786274421849,0.9977619647979736,0.9994921088218689,0.055670902132987976,0.00748133659362793,633132,0.009274582,0.0047700246796011925,0.004773390479385853,0.004770547617226839
144300,pgd_eps0.008_alpha0.005_iter1,0.16666666666666663,0.1553030303030303,0.98754865,45.07549998680558,0.9981274604797363,0.9994702339172363,0.05327916890382767,0.004011750221252441,632725,0.009260775,0.004776313900947571,0.0047587440349161625,0.00474874023348093
7816,pgd_eps0.008_alpha0.005_iter1,0.3558884297520661,0.2159090909090909,0.9883731,45.02954157492166,0.998335599899292,0.9997036457061768,0.03288821130990982,0.00197446346282959,633183,0.009319495,0.004793594591319561,0.004806410521268845,0.004798209294676781
152120,pgd_eps0.008_alpha0.005_iter9,0.25000000000000006,0.07142857142857144,0.98407793,44.65518883788402,0.9976324439048767,0.9995140433311462,0.062462225556373596,0.002737104892730713,611730,0.009657611,0.0052058338187634945,0.005204235203564167,0.0052034431137144566
308631,pgd_eps0.008_alpha0.005_iter1,0.3085399449035812,0.26753246753246757,0.9930108,45.07345312769432,0.9989616274833679,0.9996517300605774,0.018368534743785858,0.0014380216598510742,633026,0.0092656035,0.004760753363370895,0.004764243960380554,0.004768329672515392
391375,pgd_eps0.008_alpha0.005_iter1,0.5000000000000001,0.16666666666666663,0.9846346,45.18235876646383,0.9977123141288757,0.999416172504425,0.06185257062315941,0.010922253131866455,623942,0.009090995,0.004679376725107431,0.004672858864068985,0.004656211473047733
432553,pgd_eps0.008_alpha0.005_iter3,0.12500000000000003,0.06250000000000001,0.9846309,44.83522924044809,0.9969682693481445,0.9992398023605347,0.08937658369541168,0.010100245475769043,620745,0.009441749,0.004985726438462734,0.004984634462743998,0.004995674826204777
340451,pgd_eps0.008_alpha0.005_iter2,0.25000000000000006,0.16666666666666663,0.9901027,44.97577014615038,0.9983752965927124,0.999608039855957,0.05390835553407669,0.006893038749694824,626213,0.009337244,0.005000025499612093,0.004982383456081152,0.004909596871584654
158956,pgd_eps0.008_alpha0.005_iter1,0.20000000000000004,0.10000000000000002,0.97628134,45.11304801007667,0.9959948062896729,0.9988606572151184,0.19425532221794128,0.009653210639953613,633014,0.00922077,0.004585058428347111,0.004802708048373461,0.004804686643183231
100723,pgd_eps0.008_alpha0.005_iter1,0.10533910533910534,0.10450089126559714,0.9897618,45.10454357590862,0.9986230731010437,0.9996703267097473,0.03411790356040001,0.005578041076660156,632052,0.00922294,0.004736550617963076,0.004734882153570652,0.004741487093269825
442456,pgd_eps0.008_alpha0.005_iter2,0.20000000000000004,0.16969696969696965,0.9886286,44.914441931741614,0.9981176853179932,0.9995003938674927,0.04004254564642906,0.0050629377365112305,628878,0.009451514,0.005037139169871807,0.0050338637083768845,0.00504224793985486
79229,pgd_eps0.008_alpha0.005_iter8,0.11111111111111109,0.08333333333333336,0.99485654,44.60792923328955,0.9980154037475586,0.9994672536849976,0.02801971510052681,0.007568240165710449,624774,0.009805979,0.005258903373032808,0.005266373977065086,0.0052721211686730385
188439,pgd_eps0.008_alpha0.005_iter2,0.16666666666666663,0.10000000000000002,0.99357843,44.901611752887675,0.9989380240440369,0.9996575117111206,0.026592381298542023,0.0019074678421020508,629838,0.009477754,0.005034428555518389,0.005039396230131388,0.005045068450272083
151480,pgd_eps0.008_alpha0.005_iter1,0.26792929292929285,0.1734848484848485,0.98426723,45.057880854666514,0.9975193738937378,0.9994096159934998,0.03839506953954697,0.0027875304222106934,633271,0.009286603,0.004781880881637335,0.004777682479470968,0.0047730919905006886
289229,pgd_eps0.008_alpha0.005_iter1,0.5000000000000001,0.25000000000000006,0.97391576,45.0649908982885,0.9954253435134888,0.9985368251800537,0.214378222823143,0.03128981590270996,632753,0.009269116,0.0047696493566036224,0.004768066573888063,0.004776369780302048
281929,pgd_eps0.008_alpha0.005_iter1,0.1666666666666667,0.11111111111111109,0.98694056,45.066188271345524,0.9979085922241211,0.9995450973510742,0.04359803348779678,0.004056096076965332,633065,0.0092759,0.004765920806676149,0.004769985098391771,0.004773319698870182
257896,pgd_eps0.008_alpha0.005_iter1,0.5000000000000001,0.25000000000000006,0.9867563,45.18430046921008,0.9977371692657471,0.9992689490318298,0.06326395273208618,0.008063971996307373,631959,0.009117323,0.004724555648863316,0.004672931507229805,0.004621430765837431
179174,pgd_eps0.008_alpha0.005_iter1,0.16710399574849702,0.14284759358288768,0.9913706,45.061643963516254,0.9984022974967957,0.9995685815811157,0.029660165309906006,0.006323635578155518,633277,0.009283727,0.004784005228430033,0.0047707040794193745,0.004773178603500128
393115,pgd_eps0.008_alpha0.005_iter4,0.5000000000000001,0.0,0.980856,44.75422955425462,0.9965578317642212,0.999229907989502,0.13869886100292206,0.008260548114776611,620454,0.009588952,0.0051511661149561405,0.0051643019542098045,0.005160226486623287
370813,pgd_eps0.008_alpha0.005_iter3,0.25000000000000006,0.0,0.9875973,44.73777570140261,0.9959015846252441,0.9986938238143921,0.07498602569103241,0.027061820030212402,628334,0.009632594,0.0050623659044504166,0.005096545442938805,0.005062911659479141
442746,pgd_eps0.008_alpha0.005_iter22,0.25000000000000006,0.0,0.99121547,44.51428613469844,0.9985198974609375,0.9996134638786316,0.036571480333805084,0.0030637383460998535,613935,0.009846285,0.005325191654264927,0.005322595592588186,0.0053162602707743645
396863,pgd_eps0.008_alpha0.005_iter1,0.13636363636363638,0.0909090909090909,0.9902188,45.211064502809094,0.998916506767273,0.9996753334999084,0.026108969002962112,0.0027591586112976074,624134,0.009052837,0.004687792155891657,0.004625888541340828,0.004596222657710314
576052,pgd_eps0.008_alpha0.005_iter2,0.25000000000000006,0.12500000000000003,0.98391056,44.87620396122141,0.9970346689224243,0.9993234872817993,0.09935850650072098,0.007341861724853516,630343,0.00950429,0.005080915056169033,0.005073785316199064,0.005068520549684763
51712,pgd_eps0.008_alpha0.005_iter9,0.5000000000000001,0.0,0.98723143,44.60285020998047,0.997599720954895,0.999647855758667,0.11048324406147003,0.01351010799407959,619389,0.009767367,0.005236322991549969,0.005250576883554459,0.005245448090136051
282037,pgd_eps0.008_alpha0.005_iter1,0.1398989898989899,0.12706611570247933,0.98835135,45.103513790567845,0.9979669451713562,0.9993990063667297,0.04157104715704918,0.004134058952331543,631311,0.009213355,0.004741403739899397,0.00474263820797205,0.004725286271423101
476770,pgd_eps0.008_alpha0.005_iter1,0.24155844155844158,0.1529040404040404,0.98821753,45.06603207485174,0.9982044100761414,0.9997096061706543,0.05204828083515167,0.006621122360229492,633093,0.009277049,0.0047652218490839005,0.004773283842951059,0.0047758640721440315
220764,pgd_eps0.008_alpha0.005_iter21,0.3333333333333334,0.1666666666666667,0.981699,44.61998120060272,0.9963670969009399,0.9991136789321899,0.1631791740655899,0.017748892307281494,614720,0.009717816,0.005231075454503298,0.005236207041889429,0.005245144944638014
312720,pgd_eps0.008_alpha0.005_iter17,0.5000000000000001,0.0,0.9770963,44.65869455013377,0.9960169792175293,0.9990697503089905,0.16833552718162537,0.016052067279815674,607838,0.009639797,0.005207349546253681,0.005212015938013792,0.005225169938057661
568981,pgd_eps0.008_alpha0.005_iter2,0.3333333333333334,0.28282828282828276,0.9897687,44.921882993593684,0.9980920553207397,0.9995858073234558,0.03481903672218323,0.0031145811080932617,630267,0.0094600115,0.00503529841080308,0.005045958328992128,0.005034214351326227
461009,pgd_eps0.008_alpha0.005_iter2,0.32467532467532473,0.3080808080808081,0.9778436,44.937363257533065,0.996569812297821,0.9992233514785767,0.2252282202243805,0.01772284507751465,627345,0.009382002,0.004998757503926754,0.005035701673477888,0.005040609277784824
563648,pgd_eps0.008_alpha0.005_iter1,0.24621212121212122,0.16774891774891776,0.99235845,45.084583976493995,0.998650074005127,0.9996529817581177,0.01735498197376728,0.002414226531982422,632291,0.009249031,0.004744117148220539,0.004759150557219982,0.004755321424454451
532855,pgd_eps0.008_alpha0.005_iter8,0.5000000000000001,0.0,0.9817584,44.683204489935335,0.9959349036216736,0.9989899396896362,0.10741058737039566,0.010245919227600098,618267,0.009677169,0.005206889472901821,0.00521117215976119,0.005207180976867676
38210,pgd_eps0.008_alpha0.005_iter18,0.5000000000000001,0.42424242424242414,0.9913132,44.58665918388451,0.9980486631393433,0.9994709491729736,0.042542845010757446,0.00832986831665039,624665,0.009820307,0.00527782179415226,0.005277764983475208,0.005263098981231451
563349,pgd_eps0.008_alpha0.005_iter3,0.16666666666666663,0.0,0.9768587,44.7726698989031,0.9955100417137146,0.9990691542625427,0.18774618208408356,0.022138535976409912,621820,0.009537512,0.0050539919175207615,0.005045254714787006,0.00504262326285243
250901,pgd_eps0.008_alpha0.005_iter2,0.1414141414141414,0.10606060606060608,0.98503256,44.954902218218955,0.9976372718811035,0.9994872808456421,0.06901735812425613,0.007205843925476074,627823,0.009391082,0.00496229063719511,0.005041058640927076,0.005011038854718208
74457,pgd_eps0.008_alpha0.005_iter9,0.5000000000000001,0.0,0.9809881,44.57925414633686,0.9961204528808594,0.9987992644309998,0.17747825384140015,0.016584575176239014,615535,0.009770647,0.005265274550765753,0.005262935999780893,0.0052601033821702
190007,pgd_eps0.008_alpha0.005_iter13,0.5000000000000001,0.05555555555555554,0.9878544,44.658089484552086,0.9973781108856201,0.9994145631790161,0.057328611612319946,0.004712343215942383,616034,0.00969351,0.0051805791445076466,0.005230778828263283,0.005227019544690847
177357,pgd_eps0.008_alpha0.005_iter6,0.25000000000000006,0.0,0.99043256,44.66650266824531,0.9979035258293152,0.9995412230491638,0.038423918187618256,0.007386147975921631,624223,0.009729178,0.0052160280756652355,0.005222357343882322,0.005224546883255243
185292,pgd_eps0.008_alpha0.005_iter4,0.5000000000000001,0.0,0.9785617,44.751174828219796,0.9965696334838867,0.9993852972984314,0.19418801367282867,0.02266228199005127,616312,0.009564418,0.005139576271176338,0.005174351390451193,0.005164886824786663
493864,pgd_eps0.008_alpha0.005_iter11,0.31818181818181823,0.18181818181818182,0.9783055,44.656391442813074,0.9953269958496094,0.9987058043479919,0.12237086892127991,0.009470999240875244,617233,0.00969236,0.0052077751606702805,0.005224201362580061,0.0052017942070961
102820,pgd_eps0.008_alpha0.005_iter1,0.5000000000000001,0.25000000000000006,0.987083,45.195442409073635,0.9987956881523132,0.9995383024215698,0.0305442176759243,0.00154036283493042,620206,0.009056924,0.004645154811441898,0.00464971736073494,0.004640061408281326
51976,pgd_eps0.008_alpha0.005_iter10,0.5000000000000001,0.0,0.98430043,44.69918332718963,0.9972795248031616,0.9992024302482605,0.06520310044288635,0.011719048023223877,603128,0.009564775,0.005192493088543415,0.005196284037083387,0.00519893504679203
381360,pgd_eps0.008_alpha0.005_iter5,0.5000000000000001,0.25000000000000006,0.98931044,44.74253291223214,0.9980361461639404,0.9994896650314331,0.05580368638038635,0.006457090377807617,619948,0.009587518,0.005106749478727579,0.005103704985231161,0.005110835190862417
258883,pgd_eps0.008_alpha0.005_iter3,0.12500000000000003,0.08333333333333331,0.980413,44.76600280504763,0.9969865679740906,0.9992548823356628,0.14830560982227325,0.008260011672973633,619393,0.009522174,0.005050622392445803,0.005053302273154259,0.005051484797149897
55950,pgd_eps0.008_alpha0.005_iter2,0.11111111111111109,0.0,0.98229456,44.88584309812659,0.9970114231109619,0.9996801614761353,0.08723562210798264,0.008315980434417725,628229,0.009466094,0.0050645009614527225,0.005059088580310345,0.005067869089543819
175251,pgd_eps0.008_alpha0.005_iter29,0.25000000000000006,0.10000000000000002,0.9824094,44.64128949024652,0.9966347217559814,0.9990435838699341,0.08855632692575455,0.006872773170471191,611947,0.009683381,0.005235210992395878,0.005221256986260414,0.005236492957919836
368212,pgd_eps0.008_alpha0.005_iter3,0.3333333333333334,0.1666666666666667,0.9853632,44.734601114552916,0.9972802996635437,0.9992396831512451,0.058960068970918655,0.0037775039672851562,622305,0.009583885,0.005071830470114946,0.005081293638795614,0.005075071007013321
300341,pgd_eps0.008_alpha0.005_iter2,0.4870129870129871,0.4545454545454546,0.9778976,44.91498966254845,0.9962779879570007,0.9990671873092651,0.17102044820785522,0.019379079341888428,627350,0.009419362,0.0050425659865140915,0.005041054449975491,0.005036255344748497
445792,pgd_eps0.008_alpha0.005_iter1,0.10000000000000002,0.06666666666666665,0.98169523,45.085985015358986,0.9968880414962769,0.9992899298667908,0.12478621304035187,0.017620861530303955,633024,0.009249985,0.004719702061265707,0.004760506097227335,0.004780413582921028
284743,pgd_eps0.008_alpha0.005_iter1,0.3484848484848484,0.2575757575757575,0.93667626,46.07777569321968,0.9952847361564636,0.999096691608429,0.15254077315330505,0.022488772869110107,522368,0.0076173376,0.003891653148457408,0.003841234603896737,0.0038582656998187304
341828,pgd_eps0.008_alpha0.005_iter5,0.3333333333333334,0.0,0.98610926,44.67632587453,0.9973124265670776,0.999342143535614,0.09218914806842804,0.012492001056671143,621467,0.00967535,0.0051587591879069805,0.0051522026769816875,0.00515697943046689
546976,pgd_eps0.008_alpha0.005_iter6,0.3333333333333334,0.1666666666666667,0.97934484,44.74271630205281,0.9965336322784424,0.9989995956420898,0.12832969427108765,0.009136974811553955,610910,0.009550989,0.005162824410945177,0.0051717073656618595,0.0051397401839494705
423123,pgd_eps0.008_alpha0.005_iter1,0.10330578512396692,0.0909090909090909,0.9800599,45.10282480399913,0.9972516894340515,0.9994096755981445,0.11734679341316223,0.012115836143493652,631014,0.009218441,0.004727476742118597,0.004729664418846369,0.004753869026899338
45596,pgd_eps0.008_alpha0.005_iter2,0.25000000000000006,0.18181818181818185,0.9918367,44.9581028142546,0.9983867406845093,0.9994063973426819,0.03401176631450653,0.005194425582885742,629681,0.009413739,0.00501002324745059,0.005011939909309149,0.005006177816540003
232649,pgd_eps0.008_alpha0.005_iter4,0.3333333333333334,0.1666666666666667,0.9777886,44.76137410627445,0.9964127540588379,0.9990727305412292,0.1558055877685547,0.012498676776885986,616402,0.009552565,0.005147569812834263,0.005153885576874018,0.0051499311812222
192699,pgd_eps0.008_alpha0.005_iter2,0.3333333333333334,0.28282828282828276,0.9922542,44.90416166225092,0.9989215135574341,0.9996927976608276,0.03526465594768524,0.0052912235260009766,629785,0.009465959,0.005061214789748192,0.0050498247146606445,0.00504046306014061
575187,pgd_eps0.008_alpha0.005_iter7,0.3333333333333334,0.06666666666666668,0.9859882,44.75831791091662,0.9976191520690918,0.9993912577629089,0.08259796351194382,0.013004302978515625,608554,0.009472285,0.00505870534107089,0.005075538065284491,0.005091504193842411
302452,pgd_eps0.008_alpha0.005_iter1,0.16098484848484845,0.15449604743083004,0.99050134,45.063927536472306,0.9986470937728882,0.9997185468673706,0.028264159336686134,0.0014247298240661621,633348,0.009276605,0.004773804917931557,0.004772050306200981,0.0047728074714541435
58393,pgd_eps0.008_alpha0.005_iter1,0.13636363636363638,0.0909090909090909,0.9808218,45.18833466207232,0.9976439476013184,0.9992897510528564,0.14194579422473907,0.033952534198760986,619810,0.009057616,0.004657712299376726,0.0046568443067371845,0.004651897586882114
353180,pgd_eps0.008_alpha0.005_iter1,0.3030303030303031,0.16717171717171717,0.98434263,45.08387285322614,0.9975826144218445,0.9996057152748108,0.10113565623760223,0.007996737957000732,632807,0.009249066,0.004762290511280298,0.004752148874104023,0.004761513322591782
277005,pgd_eps0.008_alpha0.005_iter1,0.10053475935828875,0.08386363636363638,0.99315524,45.08935201740479,0.9990538358688354,0.9997140169143677,0.018779713660478592,0.003964781761169434,632588,0.009243685,0.004741868935525417,0.00475462106987834,0.0047569796442985535
484893,pgd_eps0.008_alpha0.005_iter2,0.25000000000000006,0.13636363636363638,0.9897795,44.8976272808352,0.9982485771179199,0.9995023012161255,0.047713425010442734,0.00567626953125,630025,0.009482692,0.005057553295046091,0.005049286875873804,0.005057533737272024
570664,pgd_eps0.008_alpha0.005_iter8,0.16666666666666663,0.06250000000000001,0.98287433,44.68968224484741,0.997018039226532,0.9992501735687256,0.08393307030200958,0.0091513991355896,614480,0.009645974,0.00519958371296525,0.005206929054111242,0.0052019632421433926
563702,pgd_eps0.008_alpha0.005_iter1,0.3636363636363637,0.27272727272727276,0.9942234,45.083598852460455,0.9990119338035583,0.9997469782829285,0.014911838807165623,0.0012640953063964844,632698,0.0092530325,0.004756273701786995,0.004754978697746992,0.004749532323330641
445722,pgd_eps0.008_alpha0.005_iter1,0.25000000000000006,0.02727272727272728,0.9801138,45.157081987564574,0.9974867701530457,0.9993664026260376,0.09586630016565323,0.01264500617980957,627173,0.009129839,0.004716875031590462,0.004709500819444656,0.004626519978046417
496597,pgd_eps0.008_alpha0.005_iter1,0.13636363636363638,0.0909090909090909,0.98610276,45.066895152479425,0.9976346492767334,0.9993841648101807,0.07430185377597809,0.008977532386779785,633183,0.009274106,0.0047658090479671955,0.00477782916277647,0.004769052378833294
389316,pgd_eps0.008_alpha0.005_iter2,0.25000000000000006,0.16666666666666663,0.990818,44.93184210618219,0.9985702037811279,0.9996207356452942,0.03198413550853729,0.003921806812286377,629784,0.009437534,0.005030303727835417,0.0050324504263699055,0.00503040524199605
21604,pgd_eps0.008_alpha0.005_iter18,0.25000000000000006,0.16666666666666663,0.9653738,44.78364944085287,0.9945189356803894,0.9963920712471008,0.2845066785812378,0.03633284568786621,596729,0.009440762,0.005106538534164429,0.005098251160234213,0.005078020505607128
455157,pgd_eps0.008_alpha0.005_iter14,0.10000000000000002,0.05000000000000001,0.9884339,44.619767067030764,0.9979603290557861,0.9995533227920532,0.05172683298587799,0.0038852691650390625,616843,0.00974119,0.005248296540230513,0.005251574795693159,0.005251198075711727
486112,pgd_eps0.008_alpha0.005_iter3,0.25000000000000006,0.08333333333333331,0.99230003,44.777274173821624,0.9985886812210083,0.9994882345199585,0.04189402610063553,0.0060389041900634766,627182,0.009575756,0.005025684367865324,0.005047157872468233,0.005047517828643322
530162,pgd_eps0.008_alpha0.005_iter1,0.296969696969697,0.2481060606060606,0.98889065,45.04880043740993,0.9982113242149353,0.999626874923706,0.03546816110610962,0.00533604621887207,633364,0.009298153,0.004784260410815477,0.004788549616932869,0.004782604053616524
266981,pgd_eps0.008_alpha0.005_iter1,0.10714962121212121,0.09711538461538462,0.9887572,45.17985733435729,0.998119056224823,0.9994918704032898,0.05823167786002159,0.008325278759002686,630186,0.009112322,0.004716822411864996,0.004696105606853962,0.004612452816218138
184611,pgd_eps0.008_alpha0.005_iter1,0.14144500775516816,0.12662640389913116,0.9892993,45.08268442703944,0.9983987808227539,0.9995337128639221,0.03444482758641243,0.004050493240356445,632386,0.0092521915,0.004745633341372013,0.004761798307299614,0.0047562564723193645
163118,pgd_eps0.008_alpha0.005_iter1,0.5000000000000001,0.42424242424242414,0.97430277,45.107240837338416,0.9961714744567871,0.998988687992096,0.17261622846126556,0.01821756362915039,632645,0.0092247715,0.004622109699994326,0.004788301885128021,0.004785928875207901
6954,pgd_eps0.008_alpha0.005_iter1,0.3727272727272728,0.23966942148760328,0.99280995,45.217572870194815,0.9988841414451599,0.9997273683547974,0.041969913989305496,0.004824995994567871,633177,0.00908321,0.0046806978061795235,0.004666288383305073,0.004676260054111481
128654,pgd_eps0.008_alpha0.005_iter1,0.5000000000000001,0.16666666666666663,0.9740546,45.09657485955152,0.9954397678375244,0.9964050054550171,0.1941618025302887,0.016097187995910645,632492,0.0092335185,0.004745813552290201,0.004724887665361166,0.0047674160450696945
459195,pgd_eps0.008_alpha0.005_iter1,0.4545454545454545,0.42727272727272736,0.996466,45.08821531058321,0.9994755983352661,0.9998453855514526,0.012998774647712708,0.0028916597366333008,632742,0.009246241,0.004725289065390825,0.004759103991091251,0.004762905649840832
481582,pgd_eps0.008_alpha0.005_iter1,0.25000000000000006,0.21969696969696967,0.9832522,45.117888853461814,0.997478723526001,0.9993935227394104,0.06686696410179138,0.0063950419425964355,631521,0.009196088,0.004719403572380543,0.004723069723695517,0.004737791605293751
227898,pgd_eps0.008_alpha0.005_iter1,0.19204545454545455,0.13636363636363635,0.9914007,45.059432631681844,0.9984875917434692,0.9997591376304626,0.026851994916796684,0.002420186996459961,633175,0.009284101,0.004774598870426416,0.004775231704115868,0.004776326473802328
411530,pgd_eps0.008_alpha0.005_iter1,0.1555944055944056,0.12881288671802507,0.992595,45.07901671703753,0.9986498355865479,0.9997259378433228,0.03748109191656113,0.003792107105255127,632848,0.009258669,0.00476114684715867,0.004757789429277182,0.004760765470564365
542127,pgd_eps0.008_alpha0.005_iter2,0.1973657061892356,0.18764568764568765,0.97355986,44.89013696116652,0.9947934150695801,0.996535062789917,0.16463147103786469,0.016268908977508545,627469,0.009435357,0.005071388091892004,0.005059665534645319,0.005050322040915489
130579,pgd_eps0.008_alpha0.005_iter15,0.5000000000000001,0.25000000000000006,0.98394346,44.509347040452845,0.996737003326416,0.9991607666015625,0.06553304940462112,0.006292998790740967,612533,0.009842387,0.00533736776560545,0.005336878355592489,0.005300871562212706
451043,pgd_eps0.008_alpha0.005_iter7,0.5000000000000001,0.25000000000000006,0.97790045,44.655955381125956,0.9954850673675537,0.9986607432365417,0.19799119234085083,0.02067101001739502,616349,0.009675852,0.005184656009078026,0.0052023641765117645,0.005191918928176165
552842,pgd_eps0.008_alpha0.005_iter35,0.5000000000000001,0.25000000000000006,0.9792418,44.62113914234776,0.9961214065551758,0.9990075826644897,0.09617878496646881,0.003595590591430664,609568,0.00969113,0.005246898625046015,0.00524469930678606,0.005247608758509159
190841,pgd_eps0.008_alpha0.005_iter10,0.25000000000000006,0.10000000000000002,0.98976165,44.506628851980814,0.9977840781211853,0.9993983507156372,0.043532971292734146,0.007996618747711182,620745,0.009896987,0.005341482814401388,0.005346403922885656,0.005309048108756542
38678,pgd_eps0.008_alpha0.005_iter1,0.1590909090909091,0.0909090909090909,0.9848666,45.169151300232826,0.9977378845214844,0.9994475841522217,0.07317756116390228,0.006945490837097168,626922,0.009092744,0.004653738345950842,0.004682470578700304,0.004677859600633383
161799,pgd_eps0.008_alpha0.005_iter1,0.27272727272727276,0.18181818181818182,0.9852629,45.49610732585931,0.9971250891685486,0.9991878271102905,0.13051511347293854,0.02831709384918213,612861,0.008578319,0.004455039277672768,0.004324606154114008,0.004374985117465258
87476,pgd_eps0.008_alpha0.005_iter1,0.24848484848484842,0.22121212121212122,0.98364025,45.0730282280517,0.9975548982620239,0.9993928670883179,0.0610709972679615,0.005144238471984863,632934,0.009266287,0.004774777684360743,0.004763227887451649,0.004761064890772104
490515,pgd_eps0.008_alpha0.005_iter6,0.3333333333333334,0.0,0.97326404,44.72010969421124,0.9948059320449829,0.9985424280166626,0.2133816033601761,0.01799952983856201,611880,0.009585256,0.005176030099391937,0.00519168796017766,0.005178239196538925
445602,pgd_eps0.008_alpha0.005_iter1,0.31818181818181823,0.22727272727272727,0.98573,45.2831192421796,0.9973956346511841,0.9993948936462402,0.08503103256225586,0.012027084827423096,619943,0.0088881785,0.00456368550658226,0.004563701804727316,0.0045614116825163364
400044,pgd_eps0.008_alpha0.005_iter3,0.5000000000000001,0.16666666666666663,0.98349524,44.75075765081094,0.9961172938346863,0.9990585446357727,0.073346808552742,0.004545450210571289,625790,0.009595461,0.00506439758464694,0.005063433665782213,0.005053924396634102
210230,pgd_eps0.008_alpha0.005_iter1,0.2601010101010101,0.2227272727272727,0.98294157,45.262521021215754,0.998200535774231,0.9995585083961487,0.04866401478648186,0.0049399733543396,619214,0.008960133,0.00457661971449852,0.00460050068795681,0.004608828574419022
468505,pgd_eps0.008_alpha0.005_iter14,0.14285714285714288,0.0,0.98216414,44.623615901504635,0.996902346611023,0.999108076095581,0.1090889573097229,0.007633984088897705,606373,0.009669265,0.005242527928203344,0.00524023687466979,0.005248022731393576
80273,pgd_eps0.008_alpha0.005_iter56,0.5000000000000001,0.25000000000000006,0.9775265,44.596613360759676,0.9954156279563904,0.9988937973976135,0.14884866774082184,0.012531042098999023,613603,0.009748447,0.0052531687542796135,0.005272368434816599,0.00526800099760294
193429,pgd_eps0.008_alpha0.005_iter15,0.5000000000000001,0.25000000000000006,0.98893285,44.69809514080054,0.9974212050437927,0.9993946552276611,0.043520309031009674,0.006016254425048828,619892,0.009664079,0.005179334431886673,0.00517989369109273,0.005191080272197723
69224,pgd_eps0.008_alpha0.005_iter1,0.16969696969696965,0.10000000000000002,0.98160404,45.033035318801936,0.9973273277282715,0.9993626475334167,0.11736258119344711,0.009339094161987305,633255,0.009312763,0.004798529203981161,0.004794588778167963,0.004797812085598707
517056,pgd_eps0.008_alpha0.005_iter5,0.1666666666666667,0.11111111111111109,0.9818271,44.788797541479425,0.9971293210983276,0.9992846250534058,0.09976175427436829,0.011274516582489014,611261,0.0094475,0.005055936519056559,0.005043402314186096,0.00504549453034997
187362,pgd_eps0.008_alpha0.005_iter9,0.5000000000000001,0.25000000000000006,0.98000526,44.687258800038315,0.9962441921234131,0.9991852045059204,0.13058117032051086,0.011829018592834473,615800,0.009646577,0.005179370753467083,0.005184630863368511,0.00517980707809329
21879,pgd_eps0.008_alpha0.005_iter1,0.4188311688311689,0.4015151515151516,0.9928091,45.05729527304533,0.9985359907150269,0.999727725982666,0.0199764184653759,0.0012612342834472656,633259,0.009288384,0.0047725592739880085,0.0047791823744773865,0.004785355646163225
252701,pgd_eps0.008_alpha0.005_iter1,0.42424242424242414,0.33333333333333326,0.9915666,45.071954773133,0.9984420537948608,0.9996495842933655,0.021899539977312088,0.0016598701477050781,633139,0.0092690345,0.004766149912029505,0.004766102880239487,0.004769347608089447
398203,pgd_eps0.008_alpha0.005_iter1,0.3134469696969696,0.26823176823176825,0.9911761,45.08121086954333,0.9989298582077026,0.9996946454048157,0.03248976916074753,0.0018461346626281738,633036,0.009254716,0.0047462754882872105,0.004758137743920088,0.004773667547851801
518326,pgd_eps0.008_alpha0.005_iter15,0.27272727272727276,0.0,0.9888706,44.72600229976264,0.9980568885803223,0.9995471835136414,0.05065783113241196,0.0039147138595581055,615801,0.009607167,0.005165547132492065,0.005153486970812082,0.005154442507773638
463802,pgd_eps0.008_alpha0.005_iter2,0.3333333333333334,0.1666666666666667,0.98580474,44.956939312477374,0.9976077079772949,0.9993041157722473,0.10969467461109161,0.007276952266693115,627847,0.009369847,0.005017886869609356,0.004989724140614271,0.004982043989002705
96427,pgd_eps0.008_alpha0.005_iter3,0.4545454545454545,0.2727272727272727,0.9777437,44.79377744339018,0.996281623840332,0.9990243315696716,0.1340203583240509,0.008293092250823975,617122,0.009471197,0.005045322701334953,0.005048397928476334,0.004989543464034796
189775,pgd_eps0.008_alpha0.005_iter1,0.14474829596780817,0.1423951048951049,0.9830644,45.045178974636016,0.9973158836364746,0.9996731281280518,0.08948729932308197,0.004908204078674316,633088,0.009298433,0.004788211081176996,0.00478053605183959,0.004790777340531349
376900,pgd_eps0.008_alpha0.005_iter1,0.272516835016835,0.18959649975692758,0.98414665,45.08394818645985,0.997266411781311,0.9994047284126282,0.07406803965568542,0.010378003120422363,632753,0.009252671,0.004749228712171316,0.004764856304973364,0.004758140072226524
359540,pgd_eps0.008_alpha0.005_iter1,0.20454545454545459,0.16623376623376626,0.99489456,45.063891756756185,0.9989890456199646,0.9997407793998718,0.011060187593102455,0.0016680359840393066,633374,0.009280743,0.004772156942635775,0.00477277347818017,0.004776183515787125
174371,pgd_eps0.008_alpha0.005_iter1,0.2848484848484849,0.20707070707070704,0.99316853,45.13102117198556,0.9990646839141846,0.9997575283050537,0.022901613265275955,0.0025478601455688477,629667,0.009166608,0.004714983981102705,0.0047107175923883915,0.004702344536781311
168883,pgd_eps0.008_alpha0.005_iter1,0.28787878787878785,0.2754820936639119,0.99175835,45.05877228135645,0.9986317157745361,0.9996454119682312,0.025386033579707146,0.00279843807220459,633204,0.009285912,0.004788718186318874,0.004778494592756033,0.004762899596244097
356424,pgd_eps0.008_alpha0.005_iter3,0.10606060606060604,0.041666666666666664,0.98182344,44.825737067332874,0.9968434572219849,0.9992153644561768,0.11563646793365479,0.015274882316589355,617145,0.009412412,0.0049803475849330425,0.00497095100581646,0.004977640695869923
383606,pgd_eps0.008_alpha0.005_iter4,0.3333333333333334,0.08333333333333336,0.9765094,44.76655231817291,0.995675802230835,0.9988876581192017,0.14062516391277313,0.010408341884613037,618322,0.009554409,0.005144961178302765,0.005142488982528448,0.005150500684976578
561256,pgd_eps0.008_alpha0.005_iter15,0.5000000000000001,0.25000000000000006,0.9849317,44.59055515949694,0.9976911544799805,0.9993062615394592,0.06528131663799286,0.009506583213806152,609011,0.009720968,0.0052610402926802635,0.005257649812847376,0.005265648476779461
357737,pgd_eps0.008_alpha0.005_iter2,0.1090909090909091,0.09090909090909091,0.99456996,44.90158178283898,0.9988483190536499,0.999695897102356,0.015420719049870968,0.0028885602951049805,630068,0.009479901,0.005042592063546181,0.005041175521910191,0.005047081038355827
365642,pgd_eps0.008_alpha0.005_iter7,0.3333333333333334,0.1666666666666667,0.9765305,44.645625536870085,0.9949105978012085,0.9986638426780701,0.20263049006462097,0.025700926780700684,617207,0.009693004,0.0052064876072108746,0.0051994347013533115,0.005199385806918144
459634,pgd_eps0.008_alpha0.005_iter1,0.25000000000000006,0.0,0.9844041,45.08443962048511,0.9970204830169678,0.9993099570274353,0.08051174134016037,0.01216799020767212,632463,0.009251719,0.004752480890601873,0.004754800349473953,0.0047621713019907475
396518,pgd_eps0.008_alpha0.005_iter4,0.5000000000000001,0.25000000000000006,0.98533314,44.85725718592418,0.9981203079223633,0.9995015859603882,0.056451790034770966,0.004033088684082031,612683,0.009429384,0.005015071015805006,0.005081026814877987,0.005005144514143467
290293,pgd_eps0.008_alpha0.005_iter2,0.18181818181818182,0.0606060606060606,0.98280114,44.983450502217586,0.9974684715270996,0.9994868040084839,0.10170599818229675,0.006613254547119141,625681,0.009327836,0.005003195721656084,0.00499877380207181,0.004945298191159964
435206,pgd_eps0.008_alpha0.005_iter1,0.12424242424242422,0.0,0.98996335,46.16809607823022,0.9980198740959167,0.9317245483398438,0.197525754570961,0.04816854000091553,567764,0.0074489065,0.0037755314260721207,0.0037872802931815386,0.0037930263206362724
61960,pgd_eps0.008_alpha0.005_iter12,0.5000000000000001,0.08333333333333331,0.9850587,44.65657599238049,0.9970331192016602,0.9991085529327393,0.07236377894878387,0.007148802280426025,614286,0.009684565,0.005223109386861324,0.005225030705332756,0.005221781320869923
477689,pgd_eps0.008_alpha0.005_iter31,0.25000000000000006,0.16666666666666663,0.9797346,44.89994195279618,0.997948169708252,0.9987435340881348,0.08068865537643433,0.011758685111999512,586444,0.009171544,0.004912106320261955,0.00491306371986866,0.004907554015517235
258541,pgd_eps0.008_alpha0.005_iter4,0.5000000000000001,0.25000000000000006,0.9747035,44.79760352533173,0.9958836436271667,0.998816192150116,0.1917802393436432,0.017389893531799316,613929,0.009475925,0.005162921734154224,0.005160310305655003,0.005014144349843264
423506,pgd_eps0.008_alpha0.005_iter1,0.1666666666666667,0.0,0.9851108,45.068421447756926,0.9976681470870972,0.9994781017303467,0.04881444200873375,0.004329323768615723,633013,0.009273421,0.004780218005180359,0.004761748015880585,0.00476391427218914
510329,pgd_eps0.008_alpha0.005_iter2,0.28282828282828276,0.1666666666666667,0.98881555,44.9837615652639,0.9979220628738403,0.9995077252388,0.058064624667167664,0.006235301494598389,626764,0.0093421135,0.004978603683412075,0.0049709537997841835,0.004957091994583607
308328,pgd_eps0.008_alpha0.005_iter4,0.3333333333333334,0.3030303030303031,0.9853541,44.76746934305724,0.9975641965866089,0.9993935823440552,0.06519836187362671,0.004469037055969238,621806,0.009586781,0.005154842976480722,0.005138133652508259,0.00515028927475214
339823,pgd_eps0.008_alpha0.005_iter8,0.5000000000000001,0.25000000000000006,0.9791107,44.75325830160318,0.9964323043823242,0.9990875720977783,0.13294634222984314,0.01190173625946045,605307,0.009517951,0.005142129026353359,0.005129385273903608,0.005147599149495363
55150,pgd_eps0.008_alpha0.005_iter1,0.1090909090909091,0.06411483253588517,0.98668426,45.101134068012655,0.9980782270431519,0.9995662569999695,0.056908369064331055,0.0031647682189941406,631313,0.009222355,0.004739247728139162,0.00473781256005168,0.004746807739138603
323799,pgd_eps0.008_alpha0.005_iter10,0.3833041958041957,0.3652597402597403,0.99275774,44.62517419389032,0.9984720945358276,0.9995675683021545,0.019449995830655098,0.004237711429595947,620090,0.0097520435,0.005244619678705931,0.0052499473094940186,0.005240515805780888
352582,pgd_eps0.008_alpha0.005_iter2,0.42424242424242414,0.25000000000000006,0.98459655,44.90573967255732,0.9977068305015564,0.999535858631134,0.09327822923660278,0.00718998908996582,628573,0.009446151,0.005055724643170834,0.0050470056012272835,0.005050272680819035
12748,pgd_eps0.008_alpha0.005_iter4,0.33333333333333326,0.20129870129870134,0.9846093,44.77978316512835,0.9972271919250488,0.9993475079536438,0.07101841270923615,0.01087796688079834,620668,0.009559106,0.005135077517479658,0.005127691198140383,0.0051342700608074665
79014,pgd_eps0.008_alpha0.005_iter2,0.5000000000000001,0.25000000000000006,0.97319955,44.908510783934105,0.9956731200218201,0.9989038109779358,0.24814242124557495,0.01561892032623291,626463,0.009409168,0.005058485083281994,0.005056461784988642,0.005025489255785942
60886,pgd_eps0.008_alpha0.005_iter1,0.41207867444498464,0.3531468531468532,0.98244554,45.07861415348554,0.9970502853393555,0.9994713664054871,0.05413252115249634,0.0029164552688598633,632712,0.0092584295,0.004763616714626551,0.0047602723352611065,0.0047601861879229546
8844,pgd_eps0.008_alpha0.005_iter1,0.31818181818181823,0.2121212121212121,0.981105,45.038137920937025,0.9973811507225037,0.9994338154792786,0.14190706610679626,0.008858799934387207,633182,0.009310274,0.0047942036762833595,0.004793145228177309,0.004796233028173447
108495,pgd_eps0.008_alpha0.005_iter8,0.5000000000000001,0.25000000000000006,0.9825056,44.686882796393434,0.9969916343688965,0.9993578791618347,0.08554534614086151,0.005293071269989014,609988,0.009617482,0.005197604652494192,0.005202003754675388,0.005213732365518808
438955,pgd_eps0.008_alpha0.005_iter1,0.1959670231729055,0.09090909090909091,0.9895235,45.28910643906577,0.9983823299407959,0.9996428489685059,0.07136361300945282,0.004630923271179199,623052,0.008915816,0.004611726850271225,0.004583482164889574,0.004506832454353571
7977,pgd_eps0.008_alpha0.005_iter4,0.13636363636363635,0.06818181818181818,0.98628736,44.735843088292384,0.9967168569564819,0.9993112683296204,0.06738892197608948,0.005224943161010742,625174,0.009649994,0.005174871068447828,0.005180498585104942,0.005161719396710396
489924,pgd_eps0.008_alpha0.005_iter2,0.5000000000000001,0.12500000000000003,0.9804025,44.91108678026522,0.9960079193115234,0.9989813566207886,0.13285590708255768,0.012519478797912598,629116,0.009451084,0.005045166239142418,0.005045383702963591,0.005052161403000355
15597,pgd_eps0.008_alpha0.005_iter1,0.3333333333333334,0.1666666666666667,0.9795761,45.045337441045994,0.9964596629142761,0.999314546585083,0.10695403814315796,0.009063720703125,633189,0.009301051,0.004785413388162851,0.004781458061188459,0.004795892629772425
528314,pgd_eps0.008_alpha0.005_iter1,0.3130165289256198,0.23798701298701302,0.9831293,45.09075830207963,0.9972203969955444,0.9994751214981079,0.0729079619050026,0.007235169410705566,632729,0.009243335,0.004705554805696011,0.00476699136197567,0.004775646608322859
401250,pgd_eps0.008_alpha0.005_iter8,0.25000000000000006,0.0,0.9679918,44.66524540890495,0.9937515258789062,0.9937098026275635,0.3484613299369812,0.05361098051071167,605187,0.009613821,0.005213204305619001,0.00522199459373951,0.005226592067629099
72281,pgd_eps0.008_alpha0.005_iter2,0.25000000000000006,0.10000000000000002,0.98219895,44.929267050581565,0.9973387122154236,0.9993423819541931,0.09585349261760712,0.009024977684020996,627315,0.0094083715,0.005020676646381617,0.005028588231652975,0.005034097004681826
111207,pgd_eps0.008_alpha0.005_iter1,0.28282828282828276,0.2575757575757575,0.98513895,45.08618985920759,0.9977561831474304,0.9994950294494629,0.0681631863117218,0.005261898040771484,632323,0.009243838,0.004763678647577763,0.00475993100553751,0.004737338051199913
129812,pgd_eps0.008_alpha0.005_iter2,0.5000000000000001,0.0,0.97654676,44.93261985185139,0.9958914518356323,0.9989399909973145,0.22643955051898956,0.03360593318939209,627322,0.009396336,0.005043572746217251,0.005031379871070385,0.005010506138205528
336209,pgd_eps0.008_alpha0.005_iter7,0.3333333333333334,0.0,0.98123115,44.70583843023471,0.996536910533905,0.9993303418159485,0.11538062989711761,0.010455787181854248,612078,0.009593432,0.005155280698090792,0.005157467909157276,0.005156568251550198
558213,pgd_eps0.008_alpha0.005_iter1,0.25000000000000006,0.21212121212121207,0.9797172,45.069441781120176,0.9963849782943726,0.9989787936210632,0.08127909153699875,0.006999969482421875,633132,0.009270828,0.004763019736856222,0.0047680772840976715,0.004774164874106646
492968,pgd_eps0.008_alpha0.005_iter3,0.5000000000000001,0.0,0.9700344,44.76917448617577,0.9939049482345581,0.9856663346290588,0.2871662974357605,0.053330183029174805,618810,0.009515591,0.005054921377450228,0.005042264703661203,0.005045432597398758
23359,pgd_eps0.008_alpha0.005_iter8,0.25000000000000006,0.10000000000000002,0.9689681,44.68533061261019,0.9937969446182251,0.9913629293441772,0.3196481466293335,0.050922930240631104,603646,0.009581581,0.005203732755035162,0.005209145601838827,0.005207747220993042
63047,pgd_eps0.008_alpha0.005_iter25,0.31818181818181823,0.22727272727272727,0.9878146,44.80848973589907,0.9984790682792664,0.9994837641716003,0.028322719037532806,0.002712249755859375,611645,0.009494723,0.005102722439914942,0.00509051326662302,0.005010467022657394
426376,pgd_eps0.008_alpha0.005_iter4,0.5000000000000001,0.16666666666666663,0.9850836,44.770006465859815,0.996211051940918,0.999172568321228,0.07974131405353546,0.011393189430236816,625528,0.00961306,0.005151834338903427,0.0051462831906974316,0.005145899020135403
364884,pgd_eps0.008_alpha0.005_iter1,0.1590909090909091,0.14285714285714285,0.98369074,45.074255708011044,0.9972068667411804,0.9993402361869812,0.08752696216106415,0.01088094711303711,633050,0.00926467,0.004766818135976791,0.004765074234455824,0.004762568976730108
567011,pgd_eps0.008_alpha0.005_iter12,0.5000000000000001,0.08333333333333331,0.9812553,44.633519558544606,0.9957561492919922,0.9991450309753418,0.10449063777923584,0.010360658168792725,619199,0.009740395,0.005246428772807121,0.005246952176094055,0.005233505740761757
292024,pgd_eps0.008_alpha0.005_iter1,0.25000000000000006,0.12500000000000003,0.98818827,45.07545148438737,0.9977296590805054,0.9994174838066101,0.041756290942430496,0.003245532512664795,633190,0.009267307,0.004753270652145147,0.004774858243763447,0.0047609019093215466
104424,pgd_eps0.008_alpha0.005_iter44,0.3333333333333334,0.1666666666666667,0.98186874,44.57279173992673,0.9968411326408386,0.9993190765380859,0.10903995484113693,0.006015658378601074,610991,0.009757933,0.005271421279758215,0.005287320353090763,0.005286733154207468
563281,pgd_eps0.008_alpha0.005_iter4,0.5000000000000001,0.0,0.9843977,44.78409255322781,0.9968953132629395,0.999228298664093,0.06405597180128098,0.007175445556640625,620609,0.009556331,0.00513808149844408,0.0051366351544857025,0.005137444008141756
325483,pgd_eps0.008_alpha0.005_iter25,0.14285714285714288,0.12121212121212119,0.9799138,44.646720077942334,0.9964888095855713,0.9990137219429016,0.13687673211097717,0.012445032596588135,611384,0.009675761,0.005222231615334749,0.0052338773384690285,0.005227236542850733
324258,pgd_eps0.008_alpha0.005_iter2,0.1666666666666667,0.14141414141414138,0.98219544,44.9080230449135,0.9970048666000366,0.9992740154266357,0.09204850345849991,0.009756267070770264,628572,0.009442595,0.005046260543167591,0.005049649626016617,0.005047013517469168
559348,pgd_eps0.008_alpha0.005_iter1,0.17669172932330826,0.10106749311294765,0.9880583,45.076934310469724,0.9980501532554626,0.9996505379676819,0.03612641245126724,0.003920316696166992,633153,0.0092626875,0.004767575301229954,0.0047590164467692375,0.00476512685418129
276804,pgd_eps0.008_alpha0.005_iter1,0.3160173160173161,0.27272727272727276,0.9848547,45.07165619539873,0.9972409009933472,0.9994888305664062,0.05147005245089531,0.004075109958648682,633169,0.0092693735,0.004749238025397062,0.004778699018061161,0.0047712791711091995
427256,pgd_eps0.008_alpha0.005_iter1,0.2028138528138528,0.1595238095238095,0.99243027,45.13379874673126,0.9988223314285278,0.9996348023414612,0.019862854853272438,0.0029438138008117676,631265,0.009188214,0.004704163875430822,0.004713911097496748,0.00472607696428895
208363,pgd_eps0.008_alpha0.005_iter4,0.21212121212121207,0.20875420875420872,0.98634416,44.80019407807188,0.9978516101837158,0.9994838833808899,0.07138659060001373,0.004285156726837158,617673,0.009512977,0.00511710112914443,0.005124959163367748,0.005120166577398777
326970,pgd_eps0.008_alpha0.005_iter7,0.25000000000000006,0.21363636363636368,0.98093504,44.793079520127776,0.996799886226654,0.999075174331665,0.13354000449180603,0.02310502529144287,602050,0.009385036,0.005039860960096121,0.005036563146859407,0.005051758140325546
478420,pgd_eps0.008_alpha0.005_iter3,0.42424242424242414,0.30769230769230765,0.9810624,44.770227676535654,0.9965038299560547,0.9990230202674866,0.14884129166603088,0.010876476764678955,621785,0.009538733,0.005044498946517706,0.005052601452916861,0.005050565116107464
411754,pgd_eps0.008_alpha0.005_iter1,0.2424242424242425,0.1761363636363636,0.9776848,45.086407052979226,0.9966339468955994,0.9992568492889404,0.20624446868896484,0.01282423734664917,632756,0.009243459,0.004713050555437803,0.004769507329910994,0.004772185813635588
369503,pgd_eps0.008_alpha0.005_iter1,0.5000000000000001,0.16666666666666663,0.9765847,45.11793957101616,0.9962234497070312,0.9989767074584961,0.16852760314941406,0.023862838745117188,632745,0.009204488,0.004722372628748417,0.004657648503780365,0.004800741095095873
456662,pgd_eps0.008_alpha0.005_iter1,0.5000000000000001,0.25000000000000006,0.9795511,45.06773223157286,0.9967631101608276,0.9991210103034973,0.0991528332233429,0.011409759521484375,633141,0.009272894,0.004759352654218674,0.004777396563440561,0.004775259178131819
500716,pgd_eps0.008_alpha0.005_iter2,0.5000000000000001,0.25000000000000006,0.9807177,44.904538394435264,0.996576189994812,0.998872697353363,0.14205074310302734,0.011071979999542236,628212,0.009439314,0.005051854532212019,0.005051339045166969,0.005052564200013876
257169,pgd_eps0.008_alpha0.005_iter2,0.12500000000000003,0.08333333333333331,0.9776044,44.9422992131842,0.9963006973266602,0.9991267919540405,0.15278185904026031,0.015601396560668945,627192,0.00937307,0.005023573059588671,0.005019091069698334,0.005018929019570351
418062,pgd_eps0.008_alpha0.005_iter1,0.38181818181818183,0.31818181818181823,0.9874151,45.46436724939878,0.9979208707809448,0.9994446635246277,0.09602662920951843,0.00866246223449707,611733,0.008599515,0.004391354974359274,0.004406183026731014,0.004411269910633564
489339,pgd_eps0.008_alpha0.005_iter36,0.5000000000000001,0.25000000000000006,0.97495365,44.68993355344775,0.9956936240196228,0.9987635612487793,0.23728466033935547,0.018541932106018066,605348,0.009590454,0.005195187404751778,0.005188108887523413,0.0052007269114255905
560474,pgd_eps0.008_alpha0.005_iter1,0.15633608815426997,0.07157097288676235,0.9897194,45.07404896783253,0.9985222816467285,0.9997064471244812,0.0401335135102272,0.003330826759338379,633032,0.009266977,0.004762813448905945,0.004767990671098232,0.004764466546475887
380706,pgd_eps0.008_alpha0.005_iter2,0.1490909090909091,0.12892561983471076,0.97718906,45.085695056289865,0.9976775646209717,0.9994375109672546,0.06308406591415405,0.009061217308044434,605360,0.009134853,0.004828565288335085,0.004843955859541893,0.004853791557252407
136715,pgd_eps0.008_alpha0.005_iter1,0.14498663101604276,0.08623694500180068,0.9893746,45.11362823105972,0.9985918402671814,0.999672532081604,0.03205610066652298,0.0035130977630615234,631338,0.009209795,0.0047279768623411655,0.004730537999421358,0.004738462623208761
545594,pgd_eps0.008_alpha0.005_iter1,0.3522727272727273,0.27922077922077926,0.9901512,45.10888271397128,0.9985911250114441,0.9995465874671936,0.029485855251550674,0.0023290514945983887,631598,0.009212288,0.004721411503851414,0.004738543648272753,0.004740872420370579
531036,pgd_eps0.008_alpha0.005_iter27,0.3333333333333334,0.1666666666666667,0.99121046,44.6347091079342,0.9980764389038086,0.9994181990623474,0.03340554237365723,0.0023433566093444824,617619,0.009722083,0.0052357446402311325,0.005235125310719013,0.00522659020498395
516143,pgd_eps0.008_alpha0.005_iter2,0.16666666666666663,0.0,0.9835241,44.88659103036207,0.9972640872001648,0.9994553923606873,0.09693117439746857,0.005515575408935547,629033,0.009470106,0.005063829943537712,0.005056276917457581,0.005070602986961603
42628,pgd_eps0.008_alpha0.005_iter2,0.25000000000000006,0.20454545454545459,0.9833539,44.92280635309755,0.9971396327018738,0.9994542598724365,0.07606224715709686,0.005773186683654785,628792,0.009436613,0.005034252535551786,0.005039155948907137,0.005037195049226284
369442,pgd_eps0.008_alpha0.005_iter1,0.16010101010101008,0.09412878787878787,0.98865587,45.12406956305618,0.9985634088516235,0.9996359944343567,0.04246935993432999,0.0034810900688171387,630983,0.009195124,0.004764390643686056,0.004705141764134169,0.004690544214099646
151657,pgd_eps0.008_alpha0.005_iter2,0.5000000000000001,0.3863636363636363,0.981009,44.93648742776578,0.9963091611862183,0.9986793398857117,0.08087977766990662,0.007445335388183594,627801,0.00940421,0.005022288300096989,0.0050153410993516445,0.005034961737692356
495146,pgd_eps0.008_alpha0.005_iter1,0.1555844155844156,0.08090461262875057,0.9790403,45.04220877153841,0.9963895082473755,0.9990073442459106,0.14985693991184235,0.01222771406173706,633428,0.009304377,0.0047829668037593365,0.004794423468410969,0.004793479107320309
217400,pgd_eps0.008_alpha0.005_iter1,0.13636363636363638,0.0,0.98349816,45.06732535619317,0.9973344206809998,0.9994215369224548,0.07317835837602615,0.005898237228393555,632921,0.009272852,0.004766169004142284,0.004767663776874542,0.004775179550051689
352491,pgd_eps0.008_alpha0.005_iter1,0.20454545454545453,0.0,0.98209196,45.20814643017214,0.9969202876091003,0.9992635250091553,0.09034381806850433,0.010621309280395508,626746,0.009042495,0.004645907785743475,0.004646455403417349,0.004647961817681789
313454,pgd_eps0.008_alpha0.005_iter3,0.1666666666666667,0.03333333333333334,0.9797618,44.88280545877075,0.9967536330223083,0.9990969300270081,0.11101357638835907,0.009291648864746094,619071,0.009371839,0.005018751136958599,0.004907302092760801,0.004943740088492632
20571,pgd_eps0.008_alpha0.005_iter1,0.21212121212121215,0.1414141414141414,0.98888135,45.07050434733458,0.998302698135376,0.9995512366294861,0.043050505220890045,0.0062713623046875,632596,0.009265178,0.004758202936500311,0.004770862404257059,0.004767939448356628
4134,pgd_eps0.008_alpha0.005_iter1,0.11330447330447331,0.08545454545454546,0.9822895,45.0837422772873,0.9972565174102783,0.9993240237236023,0.08345681428909302,0.013072848320007324,632826,0.00925306,0.004763598088175058,0.004764087963849306,0.0047484529204666615
215072,pgd_eps0.008_alpha0.005_iter1,0.1666666666666667,0.10256410256410255,0.9880593,45.06749600716972,0.9982085227966309,0.999560534954071,0.042039476335048676,0.002913236618041992,632738,0.009271296,0.00476450938731432,0.004769559018313885,0.004774515982717276
223955,pgd_eps0.008_alpha0.005_iter28,0.25000000000000006,0.12500000000000003,0.9888096,44.66112081846447,0.9978710412979126,0.9994024038314819,0.044748395681381226,0.0038453340530395508,613556,0.009673818,0.005202602129429579,0.005233061965554953,0.005208638031035662
269316,pgd_eps0.008_alpha0.005_iter5,0.42727272727272736,0.2818181818181818,0.98321205,44.66049118489026,0.9972445964813232,0.9994634985923767,0.09452714771032333,0.004605352878570557,617530,0.009665362,0.0051648616790771484,0.005170783959329128,0.005163592752069235
391290,pgd_eps0.008_alpha0.005_iter1,0.14502164502164502,0.12500000000000003,0.98861456,45.00929072565416,0.9981098175048828,0.9996286034584045,0.038153208792209625,0.0034299492835998535,633413,0.009347094,0.004810067359358072,0.0048191179521381855,0.004818653222173452
132931,pgd_eps0.008_alpha0.005_iter2,0.5000000000000001,0.33333333333333326,0.98488003,44.87730560298427,0.9977969527244568,0.9994491934776306,0.07010253518819809,0.004918992519378662,628159,0.009468422,0.0050692991353571415,0.0050718896090984344,0.005073548294603825
153669,pgd_eps0.008_alpha0.005_iter1,0.16710994045480212,0.15237262737262738,0.98604053,45.05405809196393,0.9980306029319763,0.9995919466018677,0.05868157744407654,0.005371689796447754,633205,0.009290566,0.00477958470582962,0.004787026438862085,0.004776259884238243
434548,pgd_eps0.008_alpha0.005_iter32,0.3333333333333334,0.11111111111111109,0.9890995,44.65030579056075,0.9979400038719177,0.999342143535614,0.03547387570142746,0.005022823810577393,613498,0.009684214,0.005220095161348581,0.005227834917604923,0.00521440664306283
556158,pgd_eps0.008_alpha0.005_iter3,0.5000000000000001,0.10000000000000002,0.9803777,44.750428002145554,0.9962589740753174,0.9991962909698486,0.13897915184497833,0.012324213981628418,623582,0.009574293,0.005066536832600832,0.005061044357717037,0.005063957069069147
407002,pgd_eps0.008_alpha0.005_iter39,0.5000000000000001,0.25000000000000006,0.98825043,44.608221723489436,0.9974856376647949,0.9992467761039734,0.06190204620361328,0.005010664463043213,617268,0.0097564785,0.005256835371255875,0.005257624667137861,0.0052496287971735
493442,pgd_eps0.008_alpha0.005_iter5,0.5000000000000001,0.0,0.9778435,44.723101878371956,0.9957386255264282,0.9990702867507935,0.1726965308189392,0.00929713249206543,617326,0.009594138,0.00512408884242177,0.005121308844536543,0.005122835747897625
559160,pgd_eps0.008_alpha0.005_iter1,0.2727272727272727,0.1696969696969697,0.9767571,45.18702871875554,0.9968191981315613,0.9992817044258118,0.16464658081531525,0.019146442413330078,624021,0.009084361,0.004683570004999638,0.0046814256347715855,0.004613291937857866
186042,pgd_eps0.008_alpha0.005_iter5,0.5000000000000001,0.25000000000000006,0.9741008,44.774154531807014,0.9965157508850098,0.999147891998291,0.12188510596752167,0.017607510089874268,604889,0.009471148,0.0050485567189753056,0.005058738403022289,0.005024414975196123
359833,pgd_eps0.008_alpha0.005_iter1,0.3333333333333334,0.018518518518518514,0.97773457,45.05088690246819,0.9966408610343933,0.9991635680198669,0.1551823616027832,0.012839734554290771,633282,0.009292533,0.0047829714603722095,0.004780884366482496,0.004787393379956484
188592,pgd_eps0.008_alpha0.005_iter2,0.5000000000000001,0.25000000000000006,0.98907185,44.91431688248536,0.9978625178337097,0.9995501041412354,0.04226143658161163,0.004633963108062744,630023,0.009460645,0.005043134093284607,0.005053170025348663,0.005032035987824202
71877,pgd_eps0.008_alpha0.005_iter11,0.1666666666666667,0.04761904761904762,0.9831647,44.668520119408974,0.9968283176422119,0.9993209838867188,0.11538013815879822,0.010006308555603027,614073,0.009661601,0.005186757072806358,0.0052033946849405766,0.0052137780003249645
419408,pgd_eps0.008_alpha0.005_iter12,0.25000000000000006,0.21212121212121207,0.9900961,44.65486548593915,0.9983828067779541,0.9996449947357178,0.04364436864852905,0.003237903118133545,609043,0.0096515445,0.005214381031692028,0.005224830005317926,0.005227783229202032
125472,pgd_eps0.008_alpha0.005_iter2,0.5000000000000001,0.25000000000000006,0.9751107,44.966740078450144,0.9959559440612793,0.9988917708396912,0.19835789501667023,0.0234830379486084,620983,0.009324937,0.004971996881067753,0.004986714571714401,0.004977246280759573
428111,pgd_eps0.008_alpha0.005_iter1,0.10227272727272728,0.06818181818181818,0.97834206,45.1109726400852,0.9966459274291992,0.9991728067398071,0.15523481369018555,0.011861443519592285,629719,0.009201795,0.004734759218990803,0.004732625093311071,0.004712246358394623
145665,pgd_eps0.008_alpha0.005_iter9,0.25000000000000006,0.0,0.976346,44.73969179382414,0.9959020018577576,0.9992044568061829,0.12154752761125565,0.009829699993133545,608035,0.009546696,0.005193440243601799,0.005198928527534008,0.004954456351697445
581206,pgd_eps0.008_alpha0.005_iter2,0.25000000000000006,0.12500000000000003,0.9837238,44.906070463979965,0.9972443580627441,0.9991903305053711,0.08785610646009445,0.00651472806930542,628608,0.009444903,0.005045307334512472,0.005054745357483625,0.005052114371210337
532481,pgd_eps0.008_alpha0.005_iter19,0.13636363636363638,0.06818181818181819,0.98659676,44.645435232538986,0.9965567588806152,0.9988555312156677,0.06465566158294678,0.005640804767608643,613480,0.00969062,0.00522898742929101,0.005225790198892355,0.005228121764957905
398742,pgd_eps0.008_alpha0.005_iter1,0.2045454545454545,0.18181818181818185,0.9850504,45.40354976520565,0.9978364706039429,0.9994378089904785,0.11008624732494354,0.009647905826568604,613253,0.008693845,0.004499705508351326,0.004428046755492687,0.004423432517796755
248400,pgd_eps0.008_alpha0.005_iter3,0.25000000000000006,0.12500000000000003,0.97729707,44.773796377856996,0.9962741732597351,0.9991664290428162,0.1441740244626999,0.011860013008117676,619225,0.009513064,0.005053842440247536,0.005033127032220364,0.005048906896263361
63965,pgd_eps0.008_alpha0.005_iter2,0.1666666666666667,0.0,0.97137165,45.053708220590266,0.9961363077163696,0.9990707635879517,0.20569723844528198,0.014786839485168457,619621,0.00921608,0.0050084455870091915,0.004986895713955164,0.004701338242739439
498807,pgd_eps0.008_alpha0.005_iter6,0.5000000000000001,0.25000000000000006,0.9859585,44.747456469821074,0.9976631999015808,0.9994539618492126,0.08107088506221771,0.010670602321624756,619662,0.009606056,0.005150982178747654,0.0051595126278698444,0.0051660081371665
475191,pgd_eps0.008_alpha0.005_iter5,0.5000000000000001,0.25000000000000006,0.9746186,44.7211925337877,0.9955927729606628,0.9987531900405884,0.17921440303325653,0.017518162727355957,610577,0.009541306,0.005122087895870209,0.005121335387229919,0.005126418545842171
316404,pgd_eps0.008_alpha0.005_iter3,0.3333333333333334,0.28282828282828276,0.9501757,45.16791206089824,0.9945840835571289,0.9988256692886353,0.18085142970085144,0.016520023345947266,576094,0.00886491,0.004738570190966129,0.00467738788574934,0.004519644659012556
261535,pgd_eps0.008_alpha0.005_iter6,0.3333333333333334,0.1666666666666667,0.987084,44.6920244372966,0.9977297186851501,0.9994833469390869,0.044479578733444214,0.0033644437789916992,617769,0.009662247,0.005194373428821564,0.005185599438846111,0.005192101467400789
203864,pgd_eps0.008_alpha0.005_iter3,0.28282828282828276,0.22222222222222218,0.9967707,44.77256852529066,0.9992269277572632,0.9997177720069885,0.006926081143319607,0.001539468765258789,627577,0.0095863035,0.005043560639023781,0.005051705054938793,0.00504264933988452
357888,pgd_eps0.008_alpha0.005_iter47,0.11111111111111113,0.055555555555555566,0.9848215,44.69416551632751,0.9972044825553894,0.9992539882659912,0.0842544287443161,0.006083369255065918,605901,0.009584531,0.005173769313842058,0.005201068706810474,0.0051977187395095825
124442,pgd_eps0.008_alpha0.005_iter16,0.5000000000000001,0.0,0.9842722,44.56942685145127,0.9969014525413513,0.9992777705192566,0.1137821301817894,0.009456753730773926,615900,0.009792166,0.0053038266487419605,0.005288847256451845,0.005252207163721323
93261,pgd_eps0.008_alpha0.005_iter5,0.2727272727272727,0.0606060606060606,0.99493283,44.777492790078725,0.9991403818130493,0.999733567237854,0.022460240870714188,0.0024333596229553223,621543,0.009557436,0.005053503904491663,0.005096662323921919,0.005080434028059244
474344,pgd_eps0.008_alpha0.005_iter6,0.5000000000000001,0.42424242424242414,0.990422,44.6078679247823,0.998478889465332,0.9996004104614258,0.044017791748046875,0.0032219290733337402,616671,0.009749176,0.005262380000203848,0.005267210304737091,0.005262061487883329
264968,pgd_eps0.008_alpha0.005_iter1,0.3636363636363637,0.17532467532467533,0.9854247,45.00308289729326,0.9978546500205994,0.9996371865272522,0.06704548746347427,0.006088674068450928,633303,0.009351729,0.004817250184714794,0.004824305418878794,0.004818437620997429
88345,pgd_eps0.008_alpha0.005_iter1,0.5000000000000001,0.42424242424242414,0.97744817,45.04924951705878,0.9961730241775513,0.999147355556488,0.14728254079818726,0.010999441146850586,633254,0.009295253,0.00478430837392807,0.0047836569137871265,0.004788040183484554
6771,pgd_eps0.008_alpha0.005_iter1,0.38606847697756796,0.3333333333333333,0.9804015,45.06738712547165,0.9971776008605957,0.9993325471878052,0.15372225642204285,0.008304357528686523,633180,0.009271963,0.004769837483763695,0.004769632592797279,0.0047725229524075985
545100,pgd_eps0.008_alpha0.005_iter1,0.22727272727272724,0.16396103896103897,0.9924779,45.07349168707643,0.9989852905273438,0.9997828006744385,0.024245835840702057,0.002574145793914795,633211,0.009266399,0.004771322011947632,0.004759251140058041,0.00476599857211113
66886,pgd_eps0.008_alpha0.005_iter3,1.0000000000000002,0.5000000000000001,0.97959375,44.77810740372916,0.9966863989830017,0.9991751909255981,0.16342991590499878,0.010858416557312012,620432,0.009514668,0.005034266971051693,0.005043252371251583,0.005050694104284048
435205,pgd_eps0.008_alpha0.005_iter1,0.25000000000000006,0.0,0.9768798,45.09156201291585,0.9962889552116394,0.9989476203918457,0.14931339025497437,0.007420361042022705,632275,0.009240552,0.004782553296536207,0.004770603030920029,0.0046892547979950905
146155,pgd_eps0.008_alpha0.005_iter1,0.19354838709677422,0.16287878787878787,0.9853272,45.09582176115123,0.9978508353233337,0.99957674741745,0.04601048678159714,0.005168318748474121,632559,0.009239525,0.004755039233714342,0.004765974823385477,0.004716944415122271
485844,pgd_eps0.008_alpha0.005_iter1,0.12500000000000003,0.0,0.98234814,45.139408093873435,0.9980049133300781,0.9994043111801147,0.07428952306509018,0.005060911178588867,629313,0.009163191,0.004771753214299679,0.004656685050576925,0.0046564131043851376
508370,pgd_eps0.008_alpha0.005_iter1,0.13333333333333336,0.11111111111111109,0.9904284,45.07406144956056,0.9986206293106079,0.99968022108078,0.0451747328042984,0.0033764243125915527,631956,0.009260234,0.0047629051841795444,0.004763034638017416,0.004756747279316187
67213,pgd_eps0.008_alpha0.005_iter1,0.2443482443482444,0.1787878787878788,0.988851,45.14424878624334,0.998445987701416,0.9996697902679443,0.045791953802108765,0.004132866859436035,632059,0.009178379,0.0047203307040035725,0.00471676466986537,0.0046975621953606606
102331,pgd_eps0.008_alpha0.005_iter2,0.16666666666666663,0.0,0.9849076,44.886776869568365,0.9974982142448425,0.9996504187583923,0.13013498485088348,0.010042190551757812,628505,0.009466509,0.005068633705377579,0.005063214339315891,0.005060767754912376
37670,pgd_eps0.008_alpha0.005_iter1,0.1666666666666667,0.11111111111111109,0.97442573,45.065734538155894,0.9956295490264893,0.9985281229019165,0.16479292511940002,0.02019566297531128,632999,0.009275072,0.004774853587150574,0.00477420911192894,0.004765761084854603
389812,pgd_eps0.008_alpha0.005_iter1,0.5000000000000001,0.25000000000000006,0.99367744,45.07704471069285,0.9990569949150085,0.9997820258140564,0.02198287472128868,0.0025867223739624023,632938,0.009263606,0.004766765981912613,0.004771864973008633,0.004746214486658573
553776,pgd_eps0.008_alpha0.005_iter4,0.5000000000000001,0.25000000000000006,0.9848027,44.75197413566251,0.9966694712638855,0.9991424679756165,0.07179974019527435,0.0045722126960754395,623014,0.009612161,0.005165417678654194,0.005156341008841991,0.005156838335096836
491090,pgd_eps0.008_alpha0.005_iter37,0.5000000000000001,0.08333333333333331,0.98930377,44.54646732584723,0.9980015754699707,0.9994686841964722,0.03874794766306877,0.0038439035415649414,619931,0.009843262,0.005290850531309843,0.005303165875375271,0.005304683465510607
169076,pgd_eps0.008_alpha0.005_iter1,0.20000000000000004,0.05454545454545455,0.9731658,45.1871946523233,0.9964867830276489,0.9990543127059937,0.12712424993515015,0.023746073246002197,631819,0.009126076,0.004788655322045088,0.004377454519271851,0.00478878989815712
319534,pgd_eps0.008_alpha0.005_iter2,0.12758264462809918,0.0909090909090909,0.98386353,44.91615003293228,0.9975764155387878,0.9993417859077454,0.07240886986255646,0.00808250904083252,627968,0.009434274,0.00504462793469429,0.005039670504629612,0.005036752671003342
52007,pgd_eps0.008_alpha0.005_iter2,0.13636363636363635,0.12121212121212122,0.99199843,45.1020819414373,0.9987268447875977,0.9995792508125305,0.0603453628718853,0.01070713996887207,614106,0.009066824,0.004804365336894989,0.0048054796643555164,0.004803377203643322
49259,pgd_eps0.008_alpha0.005_iter2,1.0000000000000002,0.5000000000000001,0.9932745,44.948253731009935,0.9985873103141785,0.999624490737915,0.022118518128991127,0.003689706325531006,628459,0.009402065,0.0049987901002168655,0.004999666940420866,0.005005187354981899
278749,pgd_eps0.008_alpha0.005_iter1,0.18078890806163536,0.15656565656565655,0.99394673,45.06850527807736,0.9987603425979614,0.9996358752250671,0.029579903930425644,0.0039746761322021484,631766,0.009261781,0.004765183664858341,0.004768664948642254,0.004766008350998163
401862,pgd_eps0.008_alpha0.005_iter1,0.388961038961039,0.3484848484848485,0.98934895,45.077080914293184,0.998244047164917,0.9996355772018433,0.05061886087059975,0.006726562976837158,632704,0.009259226,0.004756679758429527,0.004755351226776838,0.004771659150719643
267169,pgd_eps0.008_alpha0.005_iter2,0.28282828282828276,0.22222222222222218,0.98700786,44.92567893078523,0.997908353805542,0.999485969543457,0.06378797441720963,0.004890918731689453,628087,0.009420853,0.0050307996571063995,0.005032073240727186,0.005028812680393457
566282,pgd_eps0.008_alpha0.005_iter1,0.125,0.09545454545454546,0.98720455,45.1584532003426,0.9981505870819092,0.9996537566184998,0.05111755430698395,0.006291747093200684,625568,0.00911628,0.004683050327003002,0.004685373045504093,0.004688301123678684
67534,pgd_eps0.008_alpha0.005_iter9,0.3333333333333334,0.1666666666666667,0.988632,44.66457014852756,0.9982241988182068,0.9995375871658325,0.056080058217048645,0.006313681602478027,613205,0.009655962,0.005195450969040394,0.005201163701713085,0.005196451209485531
408120,pgd_eps0.008_alpha0.005_iter6,0.3333333333333334,0.11111111111111109,0.98042864,44.762934520896465,0.9983792304992676,0.9992579221725464,0.049242280423641205,0.0060536861419677734,604342,0.009519027,0.005100532900542021,0.00509814964607358,0.005102287977933884
250619,pgd_eps0.008_alpha0.005_iter1,0.25000000000000006,0.0,0.98414963,45.06257780723304,0.9968805313110352,0.9993260502815247,0.06621173769235611,0.0074806809425354,633160,0.0092815375,0.004771006293594837,0.004775333683937788,0.004776715766638517
132796,pgd_eps0.008_alpha0.005_iter1,0.20000000000000004,0.1490909090909091,0.9919016,45.07601658263316,0.9986283779144287,0.9997805953025818,0.02979816123843193,0.003915905952453613,633034,0.009263298,0.004760913550853729,0.00475873239338398,0.00476527726277709
47585,pgd_eps0.008_alpha0.005_iter1,0.2978354978354979,0.24848484848484853,0.9850251,45.08605790237833,0.9975944757461548,0.9994351267814636,0.06474196910858154,0.009908437728881836,632895,0.009250616,0.004772366490215063,0.004771564621478319,0.004719344433397055
11699,pgd_eps0.008_alpha0.005_iter1,0.2545454545454546,0.25252525252525254,0.9826072,45.12702946179567,0.997471034526825,0.9994918704032898,0.07078438997268677,0.009296298027038574,631392,0.009190741,0.004757356364279985,0.00465767178684473,0.00473639415577054
198489,pgd_eps0.008_alpha0.005_iter4,0.25000000000000006,0.05000000000000001,0.99070287,44.709280476065196,0.9979647397994995,0.9994531869888306,0.03541559725999832,0.005543708801269531,623771,0.009670595,0.005191691219806671,0.005192618817090988,0.0051927706226706505
9448,pgd_eps0.008_alpha0.005_iter5,0.5000000000000001,0.10000000000000002,0.98603374,44.708383818912374,0.9977859258651733,0.9995127320289612,0.04640324413776398,0.0018579959869384766,615876,0.00960724,0.0049415105022490025,0.005180835723876953,0.005187792703509331
82986,pgd_eps0.008_alpha0.005_iter2,0.24999999999999992,0.21414141414141416,0.9905501,44.97183240693122,0.998114824295044,0.9995321035385132,0.07070254534482956,0.016068220138549805,630291,0.009395001,0.005014537367969751,0.004998859483748674,0.0049557676538825035
470952,pgd_eps0.008_alpha0.005_iter1,0.40909090909090917,0.27792207792207796,0.9868038,45.06310194211771,0.9979398250579834,0.9995421767234802,0.04243706911802292,0.005747199058532715,633097,0.00927948,0.004775604698807001,0.004773855209350586,0.004774115979671478
271471,pgd_eps0.008_alpha0.005_iter2,0.33333333333333326,0.22727272727272732,0.9778423,44.93786042198548,0.9965667128562927,0.999171793460846,0.13670657575130463,0.008943021297454834,626724,0.009382888,0.005047094542533159,0.0050466847606003284,0.00497103575617075
172935,pgd_eps0.008_alpha0.005_iter3,0.18181818181818185,0.0,0.9747488,44.78763249094005,0.9954330921173096,0.9991176128387451,0.2814553678035736,0.026343345642089844,619282,0.009492501,0.005030347965657711,0.005027450155466795,0.005031169392168522
447465,pgd_eps0.008_alpha0.005_iter1,0.3333333333333334,0.28282828282828276,0.9884313,45.06187397757101,0.9983372688293457,0.9996076226234436,0.045202963054180145,0.003664731979370117,633109,0.009278798,0.004776576068252325,0.004778983537107706,0.004769208375364542
397351,pgd_eps0.008_alpha0.005_iter3,0.18181818181818185,0.09090909090909093,0.99069744,44.85460713413393,0.9987050294876099,0.9996841549873352,0.028962451964616776,0.0023884177207946777,615454,0.0093775345,0.004976420663297176,0.004963244777172804,0.004879246465861797
33104,pgd_eps0.008_alpha0.005_iter1,0.16433566433566438,0.15613275613275615,0.9913834,45.08161278474609,0.9986958503723145,0.9996116757392883,0.027766108512878418,0.0030341744422912598,632992,0.009255928,0.004756459966301918,0.004759809467941523,0.004759484436362982
161781,pgd_eps0.008_alpha0.005_iter11,0.5000000000000001,0.16666666666666663,0.98477674,44.64420154234928,0.9973418116569519,0.999476969242096,0.11518334597349167,0.010197877883911133,608478,0.009654238,0.00521975988522172,0.005231926683336496,0.005202682688832283
24567,pgd_eps0.008_alpha0.005_iter2,0.3333333333333334,0.08333333333333336,0.9877012,44.90692139531455,0.9979546070098877,0.9994478821754456,0.05365653708577156,0.003807663917541504,629114,0.009449802,0.005040071904659271,0.005049035418778658,0.005057196598500013
480936,pgd_eps0.008_alpha0.005_iter2,0.25000000000000006,0.06250000000000001,0.9846582,44.91318833590171,0.9975954294204712,0.9994782209396362,0.06882492452859879,0.005321323871612549,628845,0.009444213,0.005044755060225725,0.005039907060563564,0.005047351121902466
364557,pgd_eps0.008_alpha0.005_iter7,0.25000000000000006,0.0909090909090909,0.98033285,44.65357918902919,0.9966959953308105,0.999167799949646,0.11628306657075882,0.01167917251586914,611880,0.009653887,0.005191605072468519,0.005196199286729097,0.00518181873485446
257624,pgd_eps0.008_alpha0.005_iter8,0.5000000000000001,0.25000000000000006,0.9803131,44.65131969802794,0.9967828989028931,0.999187171459198,0.1439732015132904,0.007059633731842041,607071,0.00964159,0.005227132234722376,0.005230039358139038,0.005237460136413574
149770,pgd_eps0.008_alpha0.005_iter16,0.5000000000000001,0.16666666666666663,0.97080517,44.70252532934782,0.994945764541626,0.9985628724098206,0.39397209882736206,0.03777647018432617,601826,0.009550882,0.00515238381922245,0.005198652856051922,0.005199636332690716
240023,pgd_eps0.008_alpha0.005_iter1,0.14067599067599068,0.06818181818181819,0.98222953,45.054010617164366,0.9970074892044067,0.9993240833282471,0.06491467356681824,0.0028020143508911133,632974,0.009288035,0.004773852881044149,0.004785085096955299,0.004778251051902771
292446,pgd_eps0.008_alpha0.005_iter1,0.16477272727272724,0.05681818181818182,0.9874285,45.064045762134114,0.9979643821716309,0.9994913935661316,0.03387412801384926,0.0064051151275634766,633119,0.009279759,0.0047685266472399235,0.0047645773738622665,0.004783075302839279
117744,pgd_eps0.008_alpha0.005_iter43,0.25000000000000006,0.12500000000000003,0.9845884,44.64901353686482,0.9972044229507446,0.9994783401489258,0.10727287083864212,0.00558161735534668,614678,0.009694007,0.005221170373260975,0.005225936882197857,0.005226801615208387
271402,pgd_eps0.008_alpha0.005_iter4,0.5000000000000001,0.42424242424242414,0.9866576,44.78562229983312,0.997403085231781,0.999431848526001,0.08414927870035172,0.008426904678344727,622800,0.009549152,0.005181357264518738,0.005120330490171909,0.005038158968091011
122962,pgd_eps0.008_alpha0.005_iter2,0.15976808294252515,0.13005441411014168,0.9881001,44.902957424462485,0.9982666969299316,0.9995710849761963,0.044223710894584656,0.004447281360626221,628596,0.009449043,0.005054369568824768,0.005051562562584877,0.005046027712523937
289059,pgd_eps0.008_alpha0.005_iter12,0.33333333333333326,0.21212121212121207,0.97695184,44.627506999990416,0.9961211085319519,0.9990837574005127,0.15395711362361908,0.009629607200622559,604540,0.00965355,0.005245952866971493,0.005239924881607294,0.005244114901870489
488166,pgd_eps0.008_alpha0.005_iter3,0.1666666666666667,0.08333333333333336,0.9872816,45.04853614466413,0.9977988600730896,0.9993807077407837,0.09837643802165985,0.01663106679916382,624357,0.009171163,0.004854528233408928,0.004854304250329733,0.0048590837977826595
371042,pgd_eps0.008_alpha0.005_iter1,0.15844155844155847,0.1272727272727273,0.9895002,45.059830660344495,0.9982141256332397,0.9997236132621765,0.032221488654613495,0.003502368927001953,633182,0.009283517,0.004777528811246157,0.004776460118591785,0.004774592816829681
406129,pgd_eps0.008_alpha0.005_iter3,0.3333333333333334,0.11111111111111109,0.9809235,44.74905481865176,0.9961020946502686,0.9991453886032104,0.12794899940490723,0.02194267511367798,624432,0.009585636,0.0050639924593269825,0.005066628567874432,0.005059706978499889
327701,pgd_eps0.008_alpha0.005_iter4,0.22727272727272727,0.193939393939394,0.9883967,44.88800679527411,0.9979158639907837,0.9994732737541199,0.06890763342380524,0.007968604564666748,610850,0.00932102,0.004987148102372885,0.004977414850145578,0.004993026610463858
575081,pgd_eps0.008_alpha0.005_iter29,0.3333333333333334,0.08333333333333336,0.9798077,44.69075995586182,0.9966410398483276,0.9990622401237488,0.12578347325325012,0.014024138450622559,608493,0.00959718,0.005196262616664171,0.005193088203668594,0.005154638085514307
144984,pgd_eps0.008_alpha0.005_iter35,0.11111111111111109,0.0,0.9773956,44.679748382298996,0.995492160320282,0.9986472725868225,0.1505022794008255,0.012407660484313965,610150,0.009628489,0.005200603511184454,0.005204064771533012,0.005204689688980579
22705,pgd_eps0.008_alpha0.005_iter15,0.20000000000000004,0.05000000000000001,0.98125106,44.62623952950241,0.9967153072357178,0.9991526007652283,0.08407508581876755,0.0074881911277771,611410,0.009696303,0.005237046163529158,0.005231167655438185,0.005232013296335936
187734,pgd_eps0.008_alpha0.005_iter1,0.14321789321789322,0.11740006447453258,0.98765296,45.061888674258526,0.9980229139328003,0.9995871782302856,0.03344232961535454,0.0035010576248168945,632930,0.009279572,0.004766174126416445,0.004778585396707058,0.004776014480739832
462643,pgd_eps0.008_alpha0.005_iter1,0.5000000000000001,0.10000000000000002,0.97595644,45.08625380901218,0.9962449073791504,0.9990187287330627,0.17898571491241455,0.019932866096496582,632810,0.009249804,0.004764432553201914,0.004762713797390461,0.004738722462207079
505789,pgd_eps0.008_alpha0.005_iter3,0.17532467532467536,0.17045454545454547,0.9943631,44.70346799145588,0.9991062879562378,0.9996470212936401,0.01772955060005188,0.0018908977508544922,627157,0.009663448,0.0050929090939462185,0.005104211624711752,0.005092303268611431
243034,pgd_eps0.008_alpha0.005_iter1,0.16425619834710742,0.10795454545454546,0.9789476,45.07811424607503,0.9962937235832214,0.9992899894714355,0.17069266736507416,0.014727473258972168,632971,0.009259174,0.004775140900164843,0.004778108559548855,0.0047316038981080055
144333,pgd_eps0.008_alpha0.005_iter1,0.20000000000000004,0.06666666666666665,0.98511153,45.29777236368163,0.9984711408615112,0.9995383024215698,0.04815653711557388,0.0037637948989868164,622686,0.008942464,0.004624196328222752,0.004594804719090462,0.004522513132542372
261888,pgd_eps0.008_alpha0.005_iter100,0.20000000000000004,0.06666666666666665,0.97973037,44.559691717601375,0.9955762624740601,0.9987215399742126,0.15591756999492645,0.011412441730499268,613185,0.009791855,0.00528844865038991,0.0052951546385884285,0.005289725959300995
480021,pgd_eps0.008_alpha0.005_iter1,0.22727272727272732,0.10271546635183,0.99067956,45.054621108936374,0.9984056353569031,0.9995529651641846,0.029111091047525406,0.005174994468688965,633431,0.00929178,0.004778910893946886,0.004777176305651665,0.004786286037415266
187249,pgd_eps0.008_alpha0.005_iter2,0.1666666666666667,0.11111111111111109,0.98067313,45.06963558625883,0.9967490434646606,0.9989643692970276,0.10100521147251129,0.011552572250366211,623737,0.0092371395,0.004931960254907608,0.0049565862864255905,0.004834150429815054
130826,pgd_eps0.008_alpha0.005_iter1,0.3160173160173161,0.2805325987144169,0.99069643,45.08141516043438,0.9987370371818542,0.9996275901794434,0.025070074945688248,0.0022523999214172363,632312,0.009248547,0.004748011939227581,0.004759049974381924,0.004761917982250452
500477,pgd_eps0.008_alpha0.005_iter1,0.5000000000000001,0.25000000000000006,0.9885438,45.05814670753854,0.9982826113700867,0.9996812343597412,0.04162346571683884,0.0032733678817749023,633422,0.009286234,0.004775393754243851,0.004782150499522686,0.004775860346853733
375493,pgd_eps0.008_alpha0.005_iter1,0.20000000000000004,0.06666666666666665,0.98019886,45.14150067893942,0.9964966773986816,0.9991492033004761,0.1327885538339615,0.01578289270401001,631970,0.009182033,0.004745975136756897,0.004679857287555933,0.004727202467620373
494188,pgd_eps0.008_alpha0.005_iter2,0.1142857142857143,0.07948051948051948,0.9879615,44.92893594302802,0.9978522062301636,0.9993967413902283,0.06645840406417847,0.006472349166870117,629014,0.009430058,0.005029994063079357,0.0050268941558897495,0.0050149173475801945
60823,pgd_eps0.008_alpha0.005_iter6,0.13636363636363638,0.06818181818181819,0.9912626,44.63520633187342,0.9986642599105835,0.9996749758720398,0.03757043927907944,0.004697263240814209,621192,0.00974871,0.005240363068878651,0.0052531398832798,0.005241215694695711
344268,pgd_eps0.008_alpha0.005_iter3,0.5000000000000001,0.16666666666666663,0.9585821,45.08464953401994,0.9956879615783691,0.99882972240448,0.14577502012252808,0.013541936874389648,596682,0.009055811,0.004923431668430567,0.0045971437357366085,0.00467983353883028
81594,pgd_eps0.008_alpha0.005_iter11,0.3333333333333334,0.0,0.98642904,44.639036397952516,0.997635006904602,0.9994062185287476,0.0536038838326931,0.0064885616302490234,618588,0.009720323,0.00523839658126235,0.005196999758481979,0.005225847475230694
286503,pgd_eps0.008_alpha0.005_iter1,0.3749999999999999,0.1272727272727273,0.9928622,45.07237998228747,0.9989446997642517,0.9996896386146545,0.021896589547395706,0.0035308003425598145,633082,0.009269578,0.004769572988152504,0.0047755371779203415,0.004749929998070002
562207,pgd_eps0.008_alpha0.005_iter3,0.24999999999999992,0.0707070707070707,0.98808616,44.85457390812278,0.9977749586105347,0.9994786977767944,0.07044883072376251,0.007575809955596924,623840,0.009433983,0.004986650310456753,0.004975020419806242,0.004962576553225517
182805,pgd_eps0.008_alpha0.005_iter10,0.25000000000000006,0.0,0.9830189,44.667883319545034,0.99729984998703,0.9993656277656555,0.11541417241096497,0.01119852066040039,610339,0.009646305,0.005216413177549839,0.005211349111050367,0.005228296387940645
539962,pgd_eps0.008_alpha0.005_iter1,0.12727272727272726,0.0769230769230769,0.9881013,45.13864259360907,0.9983668327331543,0.9995726943016052,0.03472626209259033,0.004729747772216797,627727,0.009163476,0.004704261664301157,0.0047358800657093525,0.0046634492464363575
291619,pgd_eps0.008_alpha0.005_iter10,0.5000000000000001,0.42424242424242414,0.9843521,44.65150403605151,0.9961921572685242,0.998555600643158,0.08274607360363007,0.009978055953979492,615812,0.00969946,0.005223128478974104,0.005228332709521055,0.00522210169583559
330396,pgd_eps0.008_alpha0.005_iter1,0.41948051948051956,0.2272727272727273,0.98210716,45.04318124067459,0.9969243407249451,0.9994882941246033,0.1670394241809845,0.012218892574310303,633161,0.009303022,0.0047933426685631275,0.0047838143073022366,0.004789573140442371
241677,pgd_eps0.008_alpha0.005_iter1,0.10000000000000002,0.07900432900432901,0.9955282,45.06451950638705,0.9991059303283691,0.9997859597206116,0.01189706102013588,0.001950979232788086,633273,0.009279751,0.00477475393563509,0.004771791864186525,0.004771564621478319
275392,pgd_eps0.008_alpha0.005_iter1,0.5000000000000001,0.10000000000000002,0.9905183,45.617680145990605,0.9984035491943359,0.999533474445343,0.08989174664020538,0.012608170509338379,599661,0.008339708,0.004301056265830994,0.004302013199776411,0.004158783238381147
5529,pgd_eps0.008_alpha0.005_iter12,0.5000000000000001,0.25000000000000006,0.9901705,44.705087499160754,0.9975011348724365,0.9996269941329956,0.049616552889347076,0.006188690662384033,624026,0.009682754,0.005184840876609087,0.005191565491259098,0.005184838082641363
197658,pgd_eps0.008_alpha0.005_iter5,0.25000000000000006,0.16666666666666663,0.9833023,44.661439889023725,0.9968274831771851,0.9991870522499084,0.11817272007465363,0.01427072286605835,615341,0.009639692,0.005160045810043812,0.005156661383807659,0.005161800421774387
388903,pgd_eps0.008_alpha0.005_iter1,0.13636363636363635,0.11028893587033121,0.9860248,45.0623792201918,0.9980435371398926,0.9995893239974976,0.08562760055065155,0.005428493022918701,633032,0.0092788115,0.004764489363878965,0.004778019152581692,0.004777691327035427
573258,pgd_eps0.008_alpha0.005_iter39,0.3333333333333334,0.11111111111111109,0.9753936,44.65122868882663,0.9952222108840942,0.9987191557884216,0.2243807315826416,0.02197742462158203,611856,0.009673869,0.0052203768864274025,0.00522574782371521,0.0052292244508862495
107094,pgd_eps0.008_alpha0.005_iter5,0.3333333333333334,0.1666666666666667,0.98465014,44.8282033054165,0.9967190027236938,0.9991319179534912,0.11942924559116364,0.01620352268218994,610898,0.009376513,0.004987800493836403,0.004982905462384224,0.004982839338481426
457559,pgd_eps0.008_alpha0.005_iter1,0.38636363636363646,0.3659090909090909,0.9888726,45.11599241942274,0.9984714388847351,0.9997081756591797,0.025807060301303864,0.0020779967308044434,632228,0.009212632,0.004719817545264959,0.004712063353508711,0.004753135144710541
142238,pgd_eps0.008_alpha0.005_iter2,0.24037433155080215,0.19033140772271206,0.9943409,44.95227912822803,0.999006450176239,0.9997682571411133,0.01729736104607582,0.0010524988174438477,628600,0.009402564,0.00500819506123662,0.005022048018872738,0.004977963864803314
416343,pgd_eps0.008_alpha0.005_iter1,0.15909090909090912,0.13636363636363635,0.9836487,45.07180886311663,0.9973587989807129,0.999364972114563,0.0636797770857811,0.008380651473999023,633149,0.00926977,0.0047682421281933784,0.004771263338625431,0.004764040466398001
5193,pgd_eps0.008_alpha0.005_iter1,0.30303030303030304,0.21969696969696964,0.9835486,45.064802136396054,0.9975742101669312,0.9994708299636841,0.08681868016719818,0.006693542003631592,633099,0.009275792,0.004776535555720329,0.004774851258844137,0.0047663007862865925
479953,pgd_eps0.008_alpha0.005_iter2,0.5000000000000001,0.25000000000000006,0.9895973,44.82961069907712,0.9971872568130493,0.9993378520011902,0.02549472451210022,0.0034036636352539062,631058,0.009570723,0.005098456051200628,0.005124214570969343,0.005103605799376965
409211,pgd_eps0.008_alpha0.005_iter1,0.2354473589651455,0.13246753246753246,0.98038507,45.18333118236248,0.9973763227462769,0.9996362328529358,0.08023858070373535,0.00643002986907959,631849,0.009132366,0.004485424607992172,0.0047428300604224205,0.004767199046909809
127530,pgd_eps0.008_alpha0.005_iter16,0.3333333333333334,0.1666666666666667,0.9609883,44.86101313385721,0.9954814910888672,0.9991073608398438,0.2027280330657959,0.013472914695739746,599650,0.009384066,0.0045351930893957615,0.0052252826280891895,0.005225870758295059
223182,pgd_eps0.008_alpha0.005_iter4,0.13636363636363635,0.1287878787878788,0.9870703,44.78981212319123,0.9984860420227051,0.9995322227478027,0.03971052169799805,0.0040740966796875,617205,0.009524397,0.005045269150286913,0.005131823942065239,0.005164581350982189
362716,pgd_eps0.008_alpha0.005_iter4,0.3333333333333334,0.1666666666666667,0.9790242,44.76203494394696,0.9966733455657959,0.9991430044174194,0.1338415890932083,0.009656071662902832,615242,0.009538896,0.0051543451845645905,0.00515097426250577,0.005149409640580416
321790,pgd_eps0.008_alpha0.005_iter12,0.25000000000000006,0.06250000000000001,0.9746769,44.623809028247685,0.9953241348266602,0.9991657137870789,0.2402932345867157,0.011614799499511719,608126,0.009684137,0.005209474358707666,0.005263233091682196,0.005257589742541313
463174,pgd_eps0.008_alpha0.005_iter6,0.11111111111111109,0.08333333333333336,0.9819713,44.73784762472555,0.9972681403160095,0.999496340751648,0.07250374555587769,0.005727410316467285,611514,0.009567535,0.005075568333268166,0.0051992288790643215,0.005196798592805862
152686,pgd_eps0.008_alpha0.005_iter9,0.28282828282828276,0.2575757575757575,0.9674506,44.78804164484028,0.9958428740501404,0.9990421533584595,0.16047382354736328,0.00763094425201416,603134,0.009468553,0.004695423878729343,0.0052290684543550014,0.005230126902461052
126137,pgd_eps0.008_alpha0.005_iter1,0.15971479500891267,0.12524769223333815,0.9837343,45.05241130188384,0.9976498484611511,0.9996004700660706,0.09368368983268738,0.00748896598815918,633228,0.009290879,0.00477466220036149,0.004783985670655966,0.004784237127751112
183391,pgd_eps0.008_alpha0.005_iter1,0.1302156177156177,0.12054685237575462,0.98546124,45.05961465248288,0.9977800846099854,0.9995903968811035,0.05381111800670624,0.002573251724243164,633029,0.009282623,0.0047752754762768745,0.004777138587087393,0.004778033122420311
444142,pgd_eps0.008_alpha0.005_iter13,0.3333333333333334,0.1666666666666667,0.9793067,44.658109048603734,0.9964975118637085,0.9991946220397949,0.11625915765762329,0.006787896156311035,608264,0.009639444,0.005214725621044636,0.005205113906413317,0.005218321457505226
273760,pgd_eps0.008_alpha0.005_iter9,0.5000000000000001,0.25000000000000006,0.98930985,44.5770586817727,0.9974260330200195,0.9993896484375,0.03139214590191841,0.002397775650024414,620186,0.009802149,0.005269884131848812,0.005271618254482746,0.005250000394880772
170474,pgd_eps0.008_alpha0.005_iter71,0.25000000000000006,0.12500000000000003,0.96760917,44.79739403403055,0.9959391355514526,0.9992048740386963,0.16850487887859344,0.00924980640411377,601673,0.009460029,0.004694750532507896,0.005244845990091562,0.005233932286500931
179642,pgd_eps0.008_alpha0.005_iter1,0.19782848730217154,0.17366310160427806,0.98615867,45.06021347340409,0.9980988502502441,0.9995661973953247,0.04431430622935295,0.004166066646575928,632959,0.009281627,0.004765239544212818,0.004782561678439379,0.004775374196469784
382009,pgd_eps0.008_alpha0.005_iter20,0.1666666666666667,0.11111111111111109,0.9751279,44.73543398701836,0.9961928129196167,0.9991250038146973,0.1901954710483551,0.01270592212677002,602695,0.009522494,0.005092952866107225,0.005182513501495123,0.0051847766153514385
75612,pgd_eps0.008_alpha0.005_iter1,0.24817573730617207,0.2045893719806763,0.9816925,45.0736740686731,0.9970027804374695,0.9991393685340881,0.08278171718120575,0.008653044700622559,632668,0.009260475,0.004764617886394262,0.004766026511788368,0.004762960132211447
463918,pgd_eps0.008_alpha0.005_iter14,0.15909090909090912,0.1181818181818182,0.9793827,44.69583173611266,0.9961018562316895,0.9990347027778625,0.1455392986536026,0.014559805393218994,610468,0.009615059,0.00519565399736166,0.005191519390791655,0.005193325225263834
449579,pgd_eps0.008_alpha0.005_iter15,0.5000000000000001,0.12500000000000003,0.9717705,44.655506541541705,0.9945124983787537,0.9985206127166748,0.23483961820602417,0.00982731580734253,608013,0.009640212,0.005215419456362724,0.0052217766642570496,0.005210897885262966
527215,pgd_eps0.008_alpha0.005_iter3,0.3324675324675325,0.2873376623376623,0.98197675,44.843511305712134,0.996566891670227,0.9993858337402344,0.061108313500881195,0.011303126811981201,620824,0.009425232,0.0050332690589129925,0.005036709830164909,0.004879032727330923
468965,pgd_eps0.008_alpha0.005_iter1,0.275941230486685,0.2590909090909091,0.9906501,45.06698658745875,0.9985456466674805,0.9996114373207092,0.021995116025209427,0.003932952880859375,632793,0.009273667,0.004768674261868,0.004768396727740765,0.004771163687109947
405279,pgd_eps0.008_alpha0.005_iter1,0.10202020202020201,0.08181818181818183,0.9831626,45.06162094343102,0.9967783689498901,0.9992263317108154,0.09560104459524155,0.013637423515319824,633467,0.009282886,0.004780032206326723,0.004773886874318123,0.00477388221770525
216296,pgd_eps0.008_alpha0.005_iter2,0.303030303030303,0.21212121212121215,0.97549534,44.933756166946644,0.9956222772598267,0.9988225698471069,0.16553780436515808,0.0052887797355651855,627445,0.009392984,0.005028801970183849,0.0050268592312932014,0.0050293500535190105
248616,pgd_eps0.008_alpha0.005_iter1,0.2272727272727272,0.1414141414141414,0.99520355,45.122558683339726,0.999222457408905,0.999744176864624,0.021720603108406067,0.004434347152709961,632380,0.009205293,0.004744968377053738,0.004767271224409342,0.004649583250284195
484978,pgd_eps0.008_alpha0.005_iter9,0.14285714285714288,0.07142857142857144,0.9857575,44.68283548202143,0.9979561567306519,0.9992023706436157,0.08254402130842209,0.008675098419189453,610430,0.009587148,0.005139946937561035,0.00514717772603035,0.005145873408764601
25394,pgd_eps0.008_alpha0.005_iter1,0.17045454545454541,0.13548951048951052,0.9835685,45.06614056808631,0.9974185824394226,0.9993736743927002,0.0525599867105484,0.006012618541717529,632527,0.009274557,0.0047728559002280235,0.004777092020958662,0.004762924276292324
550714,pgd_eps0.008_alpha0.005_iter3,0.5000000000000001,0.25000000000000006,0.98740107,44.834162166835725,0.9973050951957703,0.9990858435630798,0.04742637276649475,0.004492342472076416,619979,0.009438601,0.004979758057743311,0.004987658467143774,0.004974830895662308
464476,pgd_eps0.008_alpha0.005_iter1,0.3333333333333334,0.1666666666666667,0.9783303,45.10321133682553,0.9966952800750732,0.9991099834442139,0.19626384973526,0.018587768077850342,631923,0.009217378,0.004749366547912359,0.004744133912026882,0.004720906727015972
11149,pgd_eps0.008_alpha0.005_iter1,0.14141414141414138,0.11111111111111109,0.9940365,45.08319324523906,0.9989773035049438,0.9997546076774597,0.01891467534005642,0.0021677613258361816,632873,0.009253692,0.00476829195395112,0.004755825269967318,0.004747442901134491
17207,pgd_eps0.008_alpha0.005_iter2,0.25000000000000006,0.12500000000000003,0.9809683,45.004768525925904,0.9971525073051453,0.999225914478302,0.12248972058296204,0.00853884220123291,628122,0.009306782,0.004991149064153433,0.0049905357882380486,0.004946564789861441
244833,pgd_eps0.008_alpha0.005_iter1,0.25000000000000006,0.16666666666666663,0.98421305,45.099560825016134,0.9979002475738525,0.999606728553772,0.08701369166374207,0.0059310197830200195,632797,0.009232472,0.0047219605185091496,0.0047737001441419125,0.004723368678241968
31817,pgd_eps0.008_alpha0.005_iter1,0.27272727272727276,0.2727272727272727,0.9884021,45.09401343586379,0.998297393321991,0.9995401501655579,0.046303052455186844,0.004164755344390869,632660,0.009240682,0.004748453851789236,0.004767988808453083,0.004726317245513201
363875,pgd_eps0.008_alpha0.005_iter1,0.3333333333333334,0.1666666666666667,0.98422813,45.1597385965,0.9975447654724121,0.9993420839309692,0.05332108587026596,0.00512164831161499,629690,0.009147596,0.0046610585413873196,0.00473521975800395,0.004679221194237471
366884,pgd_eps0.008_alpha0.005_iter1,0.12500000000000003,0.013888888888888885,0.98218566,45.05335405545658,0.9970569610595703,0.9992918968200684,0.06878431141376495,0.006453752517700195,633283,0.009291337,0.004782823845744133,0.0047821179032325745,0.004781100433319807
551794,pgd_eps0.008_alpha0.005_iter5,0.3333333333333334,0.1666666666666667,0.99505216,44.69886998776221,0.9982633590698242,0.9995458722114563,0.026562463492155075,0.00807565450668335,628203,0.009692602,0.0051355985924601555,0.005140672903507948,0.0051442719995975494
94326,pgd_eps0.008_alpha0.005_iter1,0.25000000000000006,0.12500000000000003,0.9942689,45.083970656045565,0.9990426301956177,0.9997513294219971,0.01379413716495037,0.001891493797302246,632988,0.00925283,0.004766528960317373,0.004766910802572966,0.004732704721391201
306136,pgd_eps0.008_alpha0.005_iter1,0.1515151515151515,0.101010101010101,0.9778783,45.12282806687771,0.9963489770889282,0.9990488290786743,0.10812894999980927,0.01206141710281372,631100,0.009191094,0.004732419736683369,0.0047263456508517265,0.004702739883214235
88848,pgd_eps0.008_alpha0.005_iter1,0.193939393939394,0.18961038961038965,0.9942805,45.19569606205218,0.9991602301597595,0.999636709690094,0.025322262197732925,0.001522660255432129,626856,0.009059646,0.00465080700814724,0.004649034701287746,0.004650129470974207
29397,pgd_eps0.008_alpha0.005_iter8,0.5000000000000001,0.0,0.98516434,44.71077600601614,0.9970983266830444,0.9993034601211548,0.04098866879940033,0.004093587398529053,614137,0.009617569,0.005183375906199217,0.005192411597818136,0.00518436124548316
389684,pgd_eps0.008_alpha0.005_iter1,0.25000000000000006,0.0,0.98325855,45.049429423975056,0.9974039793014526,0.9993739724159241,0.1081143170595169,0.007489919662475586,633290,0.009294377,0.004779852461069822,0.00479344604536891,0.004781587049365044
527616,pgd_eps0.008_alpha0.005_iter9,0.25000000000000006,0.12500000000000003,0.9786906,44.758988351414914,0.9966530799865723,0.9990600943565369,0.10370039939880371,0.013988673686981201,607159,0.00952022,0.0050954194739460945,0.00511770136654377,0.0051049585454165936
252294,pgd_eps0.008_alpha0.005_iter3,0.18181818181818185,0.0303030303030303,0.98277205,44.94798218064378,0.9980826377868652,0.9995065331459045,0.05467986315488815,0.00481724739074707,608749,0.009245748,0.004833876620978117,0.004849160555750132,0.004907531663775444
1353,pgd_eps0.008_alpha0.005_iter1,0.2954545454545454,0.24242424242424243,0.9763016,45.13910374582257,0.9962958097457886,0.9991303086280823,0.13021698594093323,0.009618043899536133,632520,0.009188411,0.004778874106705189,0.0047734989784657955,0.004578809719532728
185472,pgd_eps0.008_alpha0.005_iter1,0.17532467532467536,0.1106060606060606,0.9945674,45.12062716700076,0.9990395307540894,0.9997159838676453,0.020049307495355606,0.0021099448204040527,630105,0.009179507,0.00471212062984705,0.0047214762307703495,0.004712000023573637
155341,pgd_eps0.008_alpha0.005_iter3,0.1544011544011544,0.09090909090909093,0.98238754,44.776411677097826,0.9968287348747253,0.9991697669029236,0.10784047096967697,0.005962252616882324,623052,0.009543839,0.005049569066613913,0.0050451490096747875,0.0050262995064258575
492284,pgd_eps0.008_alpha0.005_iter4,0.3333333333333334,0.1666666666666667,0.99371177,44.77146147141397,0.9985979795455933,0.9994775056838989,0.03154841810464859,0.00850534439086914,623346,0.009578619,0.005127222742885351,0.00512864300981164,0.005112039856612682
365745,pgd_eps0.008_alpha0.005_iter1,0.19318181818181815,0.13636363636363638,0.98828596,45.23438065465683,0.9981734752655029,0.9995101094245911,0.044186271727085114,0.004668831825256348,626684,0.009007583,0.004613784607499838,0.004612376447767019,0.004640687722712755
172648,pgd_eps0.008_alpha0.005_iter1,0.24242424242424246,0.18181818181818185,0.9915049,45.07945518320249,0.9985634684562683,0.9995648860931396,0.032536569982767105,0.0039871931076049805,632858,0.009259307,0.004771046340465546,0.004776468500494957,0.004732612054795027
399764,pgd_eps0.008_alpha0.005_iter6,0.25000000000000006,0.16666666666666663,0.9816343,44.7222741192558,0.9970264434814453,0.9992378950119019,0.1150452196598053,0.00509035587310791,611981,0.009581966,0.005172792822122574,0.005179955158382654,0.005176551640033722
151938,pgd_eps0.008_alpha0.005_iter1,0.12626262626262622,0.09090909090909093,0.97390294,45.35953155825125,0.9966064691543579,0.9990894198417664,0.16151732206344604,0.015335500240325928,620890,0.008868849,0.004625095520168543,0.0046032508835196495,0.004372009541839361
411953,pgd_eps0.008_alpha0.005_iter3,0.33333333333333326,0.20129870129870134,0.9661915,45.135754978992296,0.9953986406326294,0.9987833499908447,0.1319076418876648,0.012469172477722168,607257,0.009057789,0.005039263982325792,0.004474033135920763,0.00463138846680522
580197,pgd_eps0.008_alpha0.005_iter1,0.42727272727272736,0.30000000000000004,0.9802539,45.04401953735333,0.9965462684631348,0.9991147518157959,0.10112334787845612,0.01379096508026123,633381,0.009303495,0.004789547063410282,0.004788783844560385,0.004787885118275881
114049,pgd_eps0.008_alpha0.005_iter1,0.10013986013986016,0.0703030303030303,0.9834427,45.18718062348442,0.9982234835624695,0.9995682239532471,0.07191690802574158,0.005177140235900879,623405,0.009079823,0.004663529805839062,0.004649236332625151,0.004672062583267689
320743,pgd_eps0.008_alpha0.005_iter2,0.27902097902097905,0.19565217391304351,0.9895439,44.90922342612091,0.998418927192688,0.9995532035827637,0.036389753222465515,0.0051882266998291016,629724,0.009458231,0.0050177620723843575,0.005060060415416956,0.005052120424807072
453001,pgd_eps0.008_alpha0.005_iter32,0.25000000000000006,0.18181818181818185,0.9892892,44.734657655412036,0.998045802116394,0.9994692206382751,0.049934856593608856,0.006219983100891113,616282,0.009594725,0.005149791948497295,0.005155641119927168,0.0051507893949747086
AVERAGE,summary,44.931,0.9973,0.9992,0.0905,0.0089,623398.4402,0.0094,0.0049,0.0049,0.0049
