image_id,variant,map_original,map_adversarial,SSIM,PSNR,MS-SSIM,FSIM,LPIPS,DISTS,L0,L2
397133,pgd_eps0.008_alpha0.005_iter3,0.29752066115702486,0.2600865800865801,0.98090297,44.441268845735,0.9956952333450317,0.9982337355613708,0.15979525446891785,0.03439980745315552,402908,0.009994029,0.005307008512318134,0.0052956584841012955,0.005291798617690802
37777,pgd_eps0.008_alpha0.005_iter1,0.6704545454545456,0.6666666666666669,0.9754763,45.026885668106004,0.9948873519897461,0.9918093085289001,0.2437404841184616,0.05291944742202759,405332,0.009319558,0.004802986513823271,0.004811419174075127,0.004794442560523748
252219,pgd_eps0.008_alpha0.005_iter1,0.6000000000000002,0.5000000000000001,0.9818916,45.18478907509679,0.9968222379684448,0.9989069700241089,0.1331673115491867,0.03333860635757446,404003,0.00912439,0.0045188614167273045,0.00472708884626627,0.004751328844577074
87038,pgd_eps0.008_alpha0.005_iter1,0.6190476190476192,0.42272727272727284,0.9811385,45.046475905188856,0.995681643486023,0.9968847036361694,0.15535813570022583,0.028028428554534912,405277,0.009295129,0.004798444919288158,0.004787162411957979,0.004777028691023588
174482,pgd_eps0.008_alpha0.005_iter2,0.38068181818181823,0.2949907235621522,0.9826254,44.76489628113947,0.9956401586532593,0.998969316482544,0.1727350950241089,0.03217899799346924,404469,0.009652038,0.005160755477845669,0.005149992182850838,0.00515028228983283
403385,pgd_eps0.008_alpha0.005_iter1,1.0000000000000002,0.5000000000000001,0.97998667,45.03820688593136,0.9960333704948425,0.995677649974823,0.1174612045288086,0.039478600025177,405265,0.009305726,0.004791383631527424,0.004796106368303299,0.004794052802026272
6818,pgd_eps0.008_alpha0.005_iter1,1.0000000000000002,0.5000000000000001,0.979022,45.10264174590397,0.9956449270248413,0.9968624711036682,0.14550094306468964,0.023333311080932617,405016,0.009227096,0.0047510722652077675,0.00473841791972518,0.004741722717881203
480985,pgd_eps0.008_alpha0.005_iter2,0.46363636363636374,0.2707792207792208,0.98638505,44.932364968604396,0.9973806142807007,0.9987863302230835,0.11649250984191895,0.02036309242248535,400732,0.009385385,0.005005502142012119,0.004977823235094547,0.0050058988854289055
331352,pgd_eps0.008_alpha0.005_iter3,0.5000000000000001,0.21428571428571436,0.97721165,44.73187659427918,0.994879424571991,0.9976946115493774,0.19043494760990143,0.030831098556518555,400736,0.009603732,0.005091443657875061,0.005050652660429478,0.005061532836407423
296649,pgd_eps0.008_alpha0.005_iter3,0.31818181818181823,0.2925925925925926,0.983922,44.473436398279745,0.996185302734375,0.9985992312431335,0.1506882905960083,0.04791158437728882,403525,0.009955776,0.005276937037706375,0.00526307662948966,0.005277016665786505
386912,pgd_eps0.008_alpha0.005_iter7,0.1666666666666667,0.15987428464208653,0.98468596,44.08733703425048,0.9966305494308472,0.9986699223518372,0.1176576092839241,0.0341683030128479,402986,0.010464754,0.005632244981825352,0.005631416570395231,0.0056581562384963036
502136,pgd_eps0.008_alpha0.005_iter2,1.0000000000000002,0.7575757575757573,0.98143023,44.913283800933414,0.9980630278587341,0.9981316328048706,0.08991904556751251,0.02344977855682373,393118,0.009392448,0.0050170039758086205,0.004991323221474886,0.004994383547455072
491497,pgd_eps0.008_alpha0.005_iter5,0.25000000000000006,0.11606978879706155,0.9804449,44.46122616989611,0.9955019950866699,0.9983122944831848,0.16917872428894043,0.028899192810058594,401788,0.0099708745,0.005322837270796299,0.005324425175786018,0.005322819575667381
184791,pgd_eps0.008_alpha0.005_iter2,0.5454545454545455,0.27272727272727276,0.98181885,44.875182805327434,0.9964834451675415,0.9982065558433533,0.13325613737106323,0.03064948320388794,403929,0.009513325,0.00507671432569623,0.005061984062194824,0.005071442108601332
348881,pgd_eps0.008_alpha0.005_iter1,0.27272727272727276,0.2545454545454546,0.98263794,45.15696717503391,0.9965178370475769,0.9977766871452332,0.13519790768623352,0.03921496868133545,402671,0.009120001,0.004698853008449078,0.004673869349062443,0.004687393084168434
522713,pgd_eps0.008_alpha0.005_iter2,0.41666666666666674,0.36000000000000004,0.98067874,44.81223126770558,0.995192289352417,0.9966872930526733,0.18080411851406097,0.05360299348831177,403979,0.009584926,0.005128990393131971,0.005116965156048536,0.005111232865601778
181666,pgd_eps0.008_alpha0.005_iter1,0.5454545454545455,0.4242424242424243,0.97939926,45.1173549420126,0.9954795837402344,0.9972302317619324,0.17572830617427826,0.060124337673187256,402390,0.009188278,0.0047265756875276566,0.004717444069683552,0.004712225869297981
17627,pgd_eps0.008_alpha0.005_iter1,0.4545454545454546,0.32396694214876043,0.98115915,45.06236505175056,0.9959985017776489,0.9980142116546631,0.13943256437778473,0.03282320499420166,405272,0.0092782555,0.00476408563554287,0.004783221986144781,0.004776214249432087
143931,pgd_eps0.008_alpha0.005_iter3,0.5000000000000001,0.4000000000000001,0.98224574,44.723247390082975,0.9959168434143066,0.9972294569015503,0.1373341977596283,0.027067065238952637,401082,0.009634702,0.005098738241940737,0.005066350102424622,0.005080468021333218
303818,pgd_eps0.008_alpha0.005_iter2,0.47272727272727283,0.1884297520661157,0.98772526,44.783779809468484,0.9964078664779663,0.999008297920227,0.11215230822563171,0.026849746704101562,405064,0.00963593,0.005148447584360838,0.005144582595676184,0.0051376004703342915
463730,pgd_eps0.008_alpha0.005_iter3,0.3072727272727273,0.2742424242424243,0.98116463,44.40520732153988,0.9953879714012146,0.9984030723571777,0.1789519041776657,0.03676098585128784,403340,0.01003985,0.005355979315936565,0.005308130756020546,0.005315865855664015
460347,pgd_eps0.008_alpha0.005_iter3,0.8484848484848486,0.2828282828282829,0.9810415,44.58387297445039,0.9949855208396912,0.9972313046455383,0.1741790771484375,0.03424382209777832,403102,0.009813793,0.005200575105845928,0.00517073692753911,0.005183467175811529
322864,pgd_eps0.008_alpha0.005_iter1,0.9090909090909093,0.7727272727272728,0.980422,45.10336411681749,0.9962746500968933,0.9979735612869263,0.15068426728248596,0.030299067497253418,405011,0.0092246635,0.004750150255858898,0.004744015168398619,0.004733292851597071
153299,pgd_eps0.008_alpha0.005_iter2,1.0000000000000002,0.5000000000000001,0.99006224,44.74424289699491,0.9985761046409607,0.9993481636047363,0.03953777998685837,0.003182530403137207,404577,0.0096822195,0.005178945604711771,0.0051697795279324055,0.005171660333871841
308394,pgd_eps0.008_alpha0.005_iter1,0.4000000000000001,0.3333333333333334,0.97561246,45.23317315280033,0.9958941340446472,0.9962171912193298,0.17059624195098877,0.036349356174468994,398938,0.009022493,0.00467695901170373,0.004603312350809574,0.004603147506713867
456496,pgd_eps0.008_alpha0.005_iter4,0.6666666666666669,0.4285714285714287,0.9842183,44.57817226299063,0.9960031509399414,0.9985120296478271,0.16119933128356934,0.06178659200668335,402785,0.009848205,0.005278395488858223,0.005297595169395208,0.005272802896797657
41888,pgd_eps0.008_alpha0.005_iter1,0.31818181818181823,0.0,0.98692495,45.06630284570922,0.9970080256462097,0.9991365671157837,0.12851250171661377,0.03710222244262695,405121,0.009271999,0.004769196733832359,0.004762724507600069,0.004781975876539946
184321,pgd_eps0.008_alpha0.005_iter1,1.0000000000000002,0.3333333333333334,0.98254615,45.02451514411491,0.9961822032928467,0.9979037046432495,0.126656636595726,0.03525209426879883,405323,0.009324847,0.004808051511645317,0.004808684810996056,0.0047969636507332325
565778,pgd_eps0.008_alpha0.005_iter1,0.3787878787878789,0.3333333333333334,0.98587346,45.067276971984604,0.9968221187591553,0.9994088411331177,0.14125144481658936,0.03152364492416382,404728,0.009266876,0.004760603420436382,0.004771502688527107,0.004773316904902458
297343,pgd_eps0.008_alpha0.005_iter2,1.0000000000000002,0.3333333333333334,0.97499627,44.893294169141235,0.9939578771591187,0.9804555177688599,0.2282715141773224,0.05031776428222656,403583,0.009490224,0.005070994608104229,0.005058671347796917,0.005046781152486801
336587,pgd_eps0.008_alpha0.005_iter1,0.3333333333333334,0.1666666666666667,0.9854215,45.03349784798219,0.9967633485794067,0.9987680912017822,0.11185294389724731,0.04512226581573486,405469,0.009315308,0.004801728297024965,0.004804560448974371,0.004782726988196373
122745,pgd_eps0.008_alpha0.005_iter2,1.0000000000000002,0.3333333333333334,0.9149463,45.60135600768318,0.9898351430892944,0.9084740877151489,0.29894715547561646,0.10373944044113159,314535,0.007980119,0.0042579444125294685,0.004222665913403034,0.004226796329021454
219578,pgd_eps0.008_alpha0.005_iter7,0.18181818181818185,0.1666666666666667,0.98300534,44.1838565486005,0.9954776763916016,0.9982771873474121,0.1535353809595108,0.02693307399749756,401691,0.010319366,0.005567203275859356,0.005558730568736792,0.005569846834987402
555705,pgd_eps0.008_alpha0.005_iter2,1.0000000000000002,0.25000000000000006,0.97921735,44.859393062477395,0.9951995611190796,0.9982315897941589,0.20592829585075378,0.03936755657196045,402329,0.009521126,0.005074625834822655,0.005085401702672243,0.005069326609373093
443303,pgd_eps0.008_alpha0.005_iter2,0.6666666666666669,0.3750000000000001,0.9766186,44.90940684842772,0.9950348734855652,0.9962751269340515,0.21547339856624603,0.03495126962661743,403595,0.009468508,0.005070284008979797,0.005042245611548424,0.005031455773860216
500663,pgd_eps0.008_alpha0.005_iter1,0.6363636363636365,0.31818181818181823,0.9809983,45.03583019987659,0.9960087537765503,0.9965177774429321,0.14702725410461426,0.05041193962097168,405242,0.009310272,0.004804888274520636,0.004796873312443495,0.004778851754963398
418281,pgd_eps0.008_alpha0.005_iter1,0.5000000000000001,0.3333333333333334,0.9848049,45.01518141531973,0.9965891242027283,0.9988616108894348,0.13470160961151123,0.04007786512374878,405403,0.009337686,0.004815178457647562,0.004814370069652796,0.004802832379937172
25560,pgd_eps0.008_alpha0.005_iter1,0.7500000000000002,0.6000000000000002,0.9789126,45.05727541753942,0.9960328340530396,0.9976248741149902,0.14958828687667847,0.02317655086517334,405192,0.009283658,0.004780186805874109,0.004775157663971186,0.004781054332852364
403817,pgd_eps0.008_alpha0.005_iter1,0.25000000000000006,0.14285714285714288,0.9762804,45.26608476433725,0.9956481456756592,0.9961106777191162,0.169773131608963,0.030566692352294922,403043,0.00901337,0.004731452092528343,0.004685379099100828,0.004402076825499535
85329,pgd_eps0.008_alpha0.005_iter3,1.0000000000000002,0.6666666666666669,0.97141385,44.699675430246586,0.9932830333709717,0.9674438834190369,0.29928919672966003,0.10088545083999634,399167,0.009624805,0.005118373781442642,0.005072478670626879,0.0050937579944729805
329323,pgd_eps0.008_alpha0.005_iter1,0.5909090909090908,0.13636363636363638,0.983188,45.12905958371861,0.9968258738517761,0.9989159107208252,0.14196813106536865,0.027392029762268066,404993,0.009193765,0.004725674632936716,0.004705650266259909,0.0047383904457092285
239274,pgd_eps0.008_alpha0.005_iter2,0.7272727272727274,0.3568181818181819,0.9899362,44.77696849515662,0.9979538917541504,0.9987495541572571,0.062232986092567444,0.006681919097900391,404729,0.009637881,0.005143346264958382,0.005127611570060253,0.005159582011401653
286994,pgd_eps0.008_alpha0.005_iter1,1.0000000000000002,0.5000000000000001,0.98510367,45.03271482939447,0.9968372583389282,0.9987202882766724,0.12044808268547058,0.04003334045410156,405366,0.009313971,0.004803594201803207,0.004801735281944275,0.004791180603206158
511321,pgd_eps0.008_alpha0.005_iter1,0.5454545454545455,0.3636363636363637,0.9824357,45.11608340739382,0.9963412284851074,0.9978989958763123,0.15028202533721924,0.02647501230239868,405007,0.009209467,0.004733605310320854,0.004723777528852224,0.004742291755974293
314294,pgd_eps0.008_alpha0.005_iter2,0.5454545454545455,0.21212121212121207,0.9846938,44.846739713936984,0.995973527431488,0.9993311166763306,0.18066109716892242,0.05441904067993164,404535,0.009551959,0.005100775510072708,0.005094532389193773,0.005081267561763525
233771,pgd_eps0.008_alpha0.005_iter10,0.27272727272727276,0.2708658008658009,0.9801686,44.33816540387579,0.9976582527160645,0.9984615445137024,0.07922165095806122,0.019078552722930908,388381,0.009998056,0.005391154903918505,0.005393874831497669,0.005394636187702417
475779,pgd_eps0.008_alpha0.005_iter1,1.0000000000000002,0.5000000000000001,0.9912407,45.063954978973086,0.9979009628295898,0.9994992017745972,0.08738397061824799,0.03852486610412598,405383,0.009276423,0.004772305954247713,0.004776876885443926,0.004769535269588232
301867,pgd_eps0.008_alpha0.005_iter1,0.8787878787878789,0.38181818181818183,0.98650265,45.05294516775162,0.9973423480987549,0.9991303086280823,0.10464638471603394,0.03459376096725464,404925,0.009282315,0.004785569384694099,0.004778431262820959,0.004772533196955919
312421,pgd_eps0.008_alpha0.005_iter2,0.5163636363636364,0.4025974025974027,0.97981787,45.00532977497887,0.9955994486808777,0.996697723865509,0.178606778383255,0.042131900787353516,401399,0.009304353,0.004954538773745298,0.004925323184579611,0.004937553778290749
185250,pgd_eps0.008_alpha0.005_iter2,0.6969696969696971,0.6000000000000002,0.9860535,44.81956466565688,0.9962736368179321,0.9989266395568848,0.157785102725029,0.03308373689651489,402265,0.009537713,0.005097749177366495,0.005094046704471111,0.005066052544862032
356427,pgd_eps0.008_alpha0.005_iter1,0.31818181818181823,0.28181818181818186,0.98645765,45.07971510261835,0.9970606565475464,0.9990271925926208,0.1286553144454956,0.03691321611404419,405044,0.009253706,0.004760865122079849,0.004761648364365101,0.004752949345856905
572517,pgd_eps0.008_alpha0.005_iter2,0.5000000000000001,0.25000000000000006,0.98563117,44.82757666243601,0.9962619543075562,0.9991300106048584,0.1506926417350769,0.03666520118713379,404510,0.009577292,0.0051169185899198055,0.005113703664392233,0.005096734035760164
270244,pgd_eps0.008_alpha0.005_iter2,1.0000000000000002,0.5000000000000001,0.9824548,44.821809146578815,0.9959686994552612,0.9986348152160645,0.15677610039710999,0.03990054130554199,403887,0.009575586,0.005079141817986965,0.00512519059702754,0.005123293027281761
516316,pgd_eps0.008_alpha0.005_iter2,0.5000000000000001,0.20000000000000004,0.98550415,44.771800172194105,0.9965046644210815,0.9985772371292114,0.11698120087385178,0.02848231792449951,404648,0.009645582,0.005174543242901564,0.005148349795490503,0.005123143084347248
125211,pgd_eps0.008_alpha0.005_iter1,1.0000000000000002,0.5000000000000001,0.9879773,45.248097432472335,0.9977063536643982,0.9989804625511169,0.09901835024356842,0.033933281898498535,402569,0.009016048,0.004645674955099821,0.004594146739691496,0.004609882831573486
562121,pgd_eps0.008_alpha0.005_iter1,0.5454545454545454,0.31818181818181823,0.98334575,45.090283825919244,0.9965676069259644,0.9987822771072388,0.1338823139667511,0.04898470640182495,405148,0.0092418045,0.004751904401928186,0.004749419167637825,0.004758948925882578
360661,pgd_eps0.008_alpha0.005_iter2,1.0000000000000002,0.6666666666666669,0.9786106,44.83012526548297,0.9948570728302002,0.9963681101799011,0.1991722285747528,0.04262411594390869,403568,0.009557974,0.0051216487772762775,0.005105568096041679,0.0050995564088225365
16228,pgd_eps0.008_alpha0.005_iter4,0.4242424242424243,0.37249586162629644,0.981669,44.35140401242934,0.9956163167953491,0.9987865090370178,0.1810903400182724,0.03088897466659546,402421,0.010118592,0.005478922743350267,0.0054664891213178635,0.005458444356918335
382088,pgd_eps0.008_alpha0.005_iter1,1.0000000000000002,0.25000000000000006,0.98350793,45.11300889717097,0.9964432716369629,0.9992203712463379,0.1459171324968338,0.039195895195007324,405023,0.009212914,0.00474326079711318,0.004722097888588905,0.004742449149489403
266409,pgd_eps0.008_alpha0.005_iter3,0.6666666666666669,0.5000000000000001,0.97705036,44.64886039630417,0.9946111440658569,0.9944142699241638,0.2037699967622757,0.05184650421142578,400677,0.009713838,0.005146892741322517,0.005135080777108669,0.005134254228323698
430961,pgd_eps0.008_alpha0.005_iter2,0.8484848484848486,0.7222222222222223,0.97752166,44.907321426760866,0.9953209757804871,0.9971760511398315,0.21676868200302124,0.0461047887802124,403112,0.009459976,0.005080563016235828,0.005024343729019165,0.005039945710450411
80671,pgd_eps0.008_alpha0.005_iter1,1.0000000000000002,0.5000000000000001,0.97471935,45.090907813206165,0.9945292472839355,0.9888285398483276,0.22466757893562317,0.05583071708679199,405025,0.009238047,0.004762260243296623,0.00474832346662879,0.004749206826090813
577539,pgd_eps0.008_alpha0.005_iter2,0.3333333333333334,0.29166666666666674,0.98023754,44.827643625194675,0.9961280226707458,0.9982056021690369,0.17068254947662354,0.028945982456207275,402361,0.009550873,0.005093122832477093,0.005100357346236706,0.005095565225929022
104612,pgd_eps0.008_alpha0.005_iter1,0.2727272727272727,0.1657082667777855,0.9859535,45.11146683378654,0.9973191022872925,0.9990299940109253,0.11073842644691467,0.03039991855621338,405129,0.009218586,0.00475033326074481,0.00471490528434515,0.0047437152825295925
476258,pgd_eps0.008_alpha0.005_iter3,1.0000000000000002,0.6666666666666669,0.9778903,44.661418082403976,0.9941679835319519,0.9968610405921936,0.2250027060508728,0.0592116117477417,401443,0.009699642,0.005131375975906849,0.005109645891934633,0.005138159263879061
448365,pgd_eps0.008_alpha0.005_iter1,0.6666666666666669,0.5000000000000001,0.98063594,45.069776196736214,0.9959652423858643,0.9983281493186951,0.1542995423078537,0.03644263744354248,405147,0.009267356,0.00477382680401206,0.004768082872033119,0.004761347081512213
35197,pgd_eps0.008_alpha0.005_iter3,1.0000000000000002,0.6666666666666669,0.9768171,44.715783456140194,0.9946657419204712,0.9934507012367249,0.20947007834911346,0.029445290565490723,401411,0.009636194,0.005090579856187105,0.005087276920676231,0.0050800871104002
349860,pgd_eps0.008_alpha0.005_iter2,0.6363636363636365,0.590909090909091,0.9733262,44.83491961463369,0.9936145544052124,0.9907770752906799,0.2711198329925537,0.06014084815979004,403782,0.00955603,0.005122944246977568,0.005099903326481581,0.005088101141154766
180135,pgd_eps0.008_alpha0.005_iter2,1.0000000000000002,0.6666666666666669,0.9438427,45.29551975598569,0.9943305850028992,0.9740771055221558,0.2246164083480835,0.054033637046813965,350104,0.008600794,0.0045754266902804375,0.00458382535725832,0.004567266907542944
486438,pgd_eps0.008_alpha0.005_iter2,1.0000000000000002,0.7500000000000002,0.977345,44.94137503766484,0.995302677154541,0.996930718421936,0.21106423437595367,0.03972053527832031,403323,0.009428039,0.005058737006038427,0.005007741507142782,0.005009335931390524
109798,pgd_eps0.008_alpha0.005_iter1,0.5000000000000001,0.25000000000000006,0.9778792,45.19224060060117,0.9960910677909851,0.9977093935012817,0.18656718730926514,0.03480088710784912,401969,0.0090969,0.0046928455121815205,0.004670277237892151,0.0046649170108139515
370677,pgd_eps0.008_alpha0.005_iter1,0.5000000000000001,0.4010101010101011,0.98204845,45.14443492626796,0.9966535568237305,0.9988770484924316,0.13844066858291626,0.036751627922058105,404808,0.009176611,0.004715285263955593,0.0047009848058223724,0.004714006558060646
238866,pgd_eps0.008_alpha0.005_iter4,0.5454545454545454,0.2877265477743947,0.9859806,44.700765270381055,0.9964913129806519,0.9989569783210754,0.15525028109550476,0.05456125736236572,403084,0.009701751,0.005216101184487343,0.005159073043614626,0.005212509538978338
369370,pgd_eps0.008_alpha0.005_iter1,0.31818181818181823,0.2545454545454546,0.98408365,45.0772244789747,0.9972152709960938,0.998977541923523,0.12937933206558228,0.03097611665725708,405075,0.009258559,0.004768648184835911,0.0047658164985477924,0.004751583561301231
502737,pgd_eps0.008_alpha0.005_iter3,0.25000000000000006,0.11616161616161619,0.977341,44.697524620685655,0.9951845407485962,0.9955618977546692,0.18358269333839417,0.026405751705169678,401077,0.009668174,0.00512987095862627,0.005102546885609627,0.005060130730271339
515579,pgd_eps0.008_alpha0.005_iter2,0.3272727272727273,0.31818181818181823,0.9819088,44.89226097070635,0.9962790012359619,0.9986398816108704,0.18193192780017853,0.052432894706726074,402329,0.009480384,0.005073788110166788,0.0050478773191571236,0.005040931049734354
515445,pgd_eps0.008_alpha0.005_iter2,0.6818181818181819,0.48484848484848486,0.9805272,44.83259633805952,0.9956979155540466,0.997823178768158,0.18670381605625153,0.053392887115478516,404267,0.009566278,0.005114097148180008,0.005086963996291161,0.005111786536872387
173383,pgd_eps0.008_alpha0.005_iter1,0.3750000000000001,0.25000000000000006,0.97983104,45.09180433931977,0.9961397051811218,0.9983580112457275,0.15191274881362915,0.03083556890487671,405008,0.009240057,0.004755950067192316,0.004751956090331078,0.0047428784891963005
438862,pgd_eps0.008_alpha0.005_iter2,0.6060606060606062,0.5136363636363637,0.9858251,44.658157578343385,0.9964503049850464,0.9988974332809448,0.13703587651252747,0.030987262725830078,404852,0.0097802365,0.0052534062415361404,0.005237066652625799,0.00521845743060112
180560,pgd_eps0.008_alpha0.005_iter2,1.0000000000000002,0.26406926406926406,0.9775092,44.94500221323069,0.9950332045555115,0.995033323764801,0.21618136763572693,0.04534691572189331,403161,0.009421286,0.005041738040745258,0.005019837524741888,0.005002820398658514
39956,pgd_eps0.008_alpha0.005_iter1,1.0000000000000002,0.20000000000000004,0.97962904,45.16383530547904,0.9963235855102539,0.997765302658081,0.1490412950515747,0.03291678428649902,401475,0.009123001,0.004729295615106821,0.0046722074039280415,0.0046413354575634
321214,pgd_eps0.008_alpha0.005_iter1,0.6666666666666669,0.3000000000000001,0.9775166,45.048957633666156,0.9954899549484253,0.9961355924606323,0.1760406196117401,0.02705991268157959,405175,0.009293579,0.004789641592651606,0.004782856907695532,0.004783136770129204
474028,pgd_eps0.008_alpha0.005_iter1,0.9090909090909093,0.8598484848484851,0.9865658,45.091442131193624,0.9969072341918945,0.9991967082023621,0.1275191605091095,0.030645012855529785,405200,0.009241708,0.0047543104737997055,0.004742051474750042,0.004762309603393078
66523,pgd_eps0.008_alpha0.005_iter2,1.0000000000000002,0.5000000000000001,0.98016745,44.86837456174303,0.9952934980392456,0.9974237680435181,0.15533824265003204,0.035040974617004395,404336,0.00953052,0.005079697351902723,0.0050694202072918415,0.005077493377029896
355257,pgd_eps0.008_alpha0.005_iter2,0.25000000000000006,0.04545454545454546,0.97928697,44.89347050112029,0.9955611228942871,0.9965186715126038,0.18289537727832794,0.033767521381378174,402529,0.0094803255,0.005074496380984783,0.005044419784098864,0.00502748554572463
142092,pgd_eps0.008_alpha0.005_iter1,1.0000000000000002,0.3333333333333334,0.9843905,45.02706061069137,0.9970027804374695,0.9988389611244202,0.11719406396150589,0.02965676784515381,405422,0.009321556,0.004803381860256195,0.004804064519703388,0.004798556677997112
63154,pgd_eps0.008_alpha0.005_iter1,0.5000000000000001,0.0,0.98238564,45.04968198467602,0.9960798025131226,0.9985883235931396,0.1512080579996109,0.05199199914932251,405266,0.009289737,0.0047805230133235455,0.00478487741202116,0.004789967555552721
199551,pgd_eps0.008_alpha0.005_iter1,0.5000000000000001,0.3333333333333334,0.9803276,45.03629313446972,0.9959105849266052,0.9981610178947449,0.16822263598442078,0.05056285858154297,405328,0.009309524,0.004798684269189835,0.004802813287824392,0.0047816140577197075
514508,pgd_eps0.008_alpha0.005_iter1,0.5000000000000001,0.20000000000000004,0.98511726,45.05161772692324,0.9974047541618347,0.9990641474723816,0.09723648428916931,0.025016307830810547,405244,0.009291474,0.004786747042089701,0.00478293327614665,0.0047797877341508865
473237,pgd_eps0.008_alpha0.005_iter2,0.6666666666666669,0.6250000000000002,0.97653455,44.91705420752474,0.9948264360427856,0.9956681728363037,0.24088327586650848,0.05074155330657959,402791,0.009448483,0.005058954935520887,0.005038138013333082,0.005023517180234194
206027,pgd_eps0.008_alpha0.005_iter2,0.31818181818181823,0.2545454545454546,0.98035127,44.90014441398279,0.9960527420043945,0.9973582625389099,0.1561044156551361,0.0332798957824707,403509,0.009478198,0.0050655510276556015,0.005055581219494343,0.005046001169830561
78915,pgd_eps0.008_alpha0.005_iter2,0.7272727272727275,0.6022727272727274,0.986912,44.70164858804346,0.9966820478439331,0.9988283514976501,0.10145512223243713,0.015279233455657959,405219,0.009738977,0.005224162712693214,0.0051963613368570805,0.005198663100600243
551215,pgd_eps0.008_alpha0.005_iter3,0.5000000000000001,0.28571428571428575,0.9866545,44.68804368498798,0.9962425231933594,0.9984627366065979,0.11610421538352966,0.0266914963722229,403073,0.00968894,0.0051165493205189705,0.0051022786647081375,0.005105273332446814
544519,pgd_eps0.008_alpha0.005_iter1,1.0000000000000002,0.6666666666666667,0.97803694,45.035947953925024,0.9955567121505737,0.9961161613464355,0.19833894073963165,0.04435884952545166,405135,0.009307349,0.0047987401485443115,0.004804668016731739,0.004777703434228897
96493,pgd_eps0.008_alpha0.005_iter4,0.3333333333333334,0.1666666666666667,0.9808988,44.540010808046986,0.9948338270187378,0.9974589943885803,0.17108725011348724,0.03358733654022217,402111,0.009900025,0.005315165501087904,0.005299961660057306,0.005324851255863905
23899,pgd_eps0.008_alpha0.005_iter2,0.15151515151515152,0.09595959595959595,0.9752304,44.94742342270776,0.9946202039718628,0.9922087788581848,0.24999523162841797,0.0604783296585083,402964,0.009410829,0.005045953206717968,0.004999761935323477,0.005012834444642067
340175,pgd_eps0.008_alpha0.005_iter2,0.4204545454545455,0.3341269841269842,0.9805031,44.77015736606703,0.9954625964164734,0.9983117580413818,0.17766247689723969,0.04998123645782471,404354,0.009642187,0.005184215493500233,0.005129062104970217,0.005138085689395666
578500,pgd_eps0.008_alpha0.005_iter2,0.46060606060606074,0.40151515151515155,0.9759795,44.74515617144404,0.9940049052238464,0.9862281680107117,0.25961387157440186,0.06258612871170044,404105,0.0096602915,0.005170837044715881,0.0051750196143984795,0.0051688929088413715
366141,pgd_eps0.008_alpha0.005_iter1,0.5000000000000001,0.4000000000000001,0.9786231,45.10625500279388,0.9959975481033325,0.9973127245903015,0.1584605574607849,0.024843692779541016,405016,0.009221215,0.004736470058560371,0.00473735760897398,0.004745716694742441
57597,pgd_eps0.008_alpha0.005_iter2,0.2575757575757576,0.2137498057498058,0.98134774,44.724268369411305,0.9956297278404236,0.9981012940406799,0.1575203537940979,0.02973538637161255,404547,0.0096984925,0.005220022983849049,0.005173115059733391,0.005173557437956333
559842,pgd_eps0.008_alpha0.005_iter1,0.562937062937063,0.5522144522144522,0.98703295,45.12365549738145,0.9971234202384949,0.9991552829742432,0.12518197298049927,0.031816720962524414,405016,0.009203266,0.004734482150524855,0.004713980481028557,0.004735289141535759
434230,pgd_eps0.008_alpha0.005_iter4,0.10606060606060606,0.09568847301766557,0.98489714,44.363614618040266,0.9962515234947205,0.9993082284927368,0.16281366348266602,0.04360342025756836,402747,0.010114913,0.005470829550176859,0.005452947691082954,0.005448345094919205
428454,pgd_eps0.008_alpha0.005_iter3,0.7500000000000002,0.5090909090909091,0.9794426,44.60012784658737,0.9946882128715515,0.9936650991439819,0.23190635442733765,0.05904275178909302,401433,0.009777936,0.005195228848606348,0.005165346432477236,0.005177011713385582
399462,pgd_eps0.008_alpha0.005_iter3,1.0000000000000002,0.4000000000000001,0.9844207,44.49909495756961,0.9962031841278076,0.9991575479507446,0.15055632591247559,0.029573678970336914,402775,0.009918114,0.005270110443234444,0.005244392901659012,0.005254061426967382
261061,pgd_eps0.008_alpha0.005_iter1,0.25000000000000006,0.1666666666666667,0.9815338,45.04471108621707,0.9963760375976562,0.9988018274307251,0.14353209733963013,0.04018568992614746,404983,0.009296597,0.004782012663781643,0.004794851411134005,0.0047846301458776
168330,pgd_eps0.008_alpha0.005_iter1,0.8484848484848486,0.7500000000000002,0.97979665,45.04438855483216,0.9952642321586609,0.9974664449691772,0.1841943860054016,0.04827320575714111,405259,0.009298362,0.004793453961610794,0.004787202924489975,0.004786241799592972
383384,pgd_eps0.008_alpha0.005_iter2,0.38636363636363646,0.34242424242424246,0.981935,44.746032313122015,0.9952186346054077,0.9983588457107544,0.18779760599136353,0.051367878913879395,404561,0.009666999,0.005183433182537556,0.005180272273719311,0.005151855293661356
342006,pgd_eps0.008_alpha0.005_iter1,0.5000000000000001,0.28030303030303033,0.9806388,45.092732884836806,0.995471179485321,0.9958124756813049,0.18069273233413696,0.04461562633514404,405189,0.00923896,0.0047430912964046,0.004754211753606796,0.004755822010338306
217285,pgd_eps0.008_alpha0.005_iter4,0.6818181818181819,0.5651875901875903,0.9845803,44.00232844361717,0.996457040309906,0.9989894032478333,0.14015555381774902,0.045934319496154785,404333,0.010586896,0.005766014568507671,0.00574157852679491,0.005745483096688986
236412,pgd_eps0.008_alpha0.005_iter1,0.5000000000000001,0.20000000000000004,0.98553634,45.00312608673265,0.9968664646148682,0.9989251494407654,0.10748818516731262,0.029985904693603516,405441,0.009351861,0.004824117757380009,0.00483272410929203,0.00480203703045845
524456,pgd_eps0.008_alpha0.005_iter1,0.5090909090909091,0.4242424242424243,0.98563904,45.0436348572761,0.9970946311950684,0.9988435506820679,0.10085631161928177,0.02744746208190918,405208,0.009298025,0.004798992071300745,0.00478709489107132,0.0047804731875658035
153343,pgd_eps0.008_alpha0.005_iter1,1.0000000000000002,0.3333333333333334,0.98474956,45.08186041183671,0.9967602491378784,0.998383104801178,0.11538639664649963,0.01859748363494873,404972,0.009252867,0.004762663040310144,0.004769823048263788,0.00473632849752903
95786,pgd_eps0.008_alpha0.005_iter1,0.42424242424242414,0.33333333333333326,0.97516495,45.093237628972965,0.9950217008590698,0.9961220026016235,0.217606782913208,0.051819562911987305,405065,0.009236611,0.004749882500618696,0.004755636211484671,0.004751207306981087
326541,pgd_eps0.008_alpha0.005_iter2,0.4343434343434344,0.24242424242424246,0.97764593,44.90221699454921,0.9946829080581665,0.996877133846283,0.227153480052948,0.055270493030548096,403555,0.009474235,0.005058749113231897,0.005039697512984276,0.005034302361309528
213086,pgd_eps0.008_alpha0.005_iter2,0.5000000000000001,0.18181818181818185,0.98041505,44.873793555424214,0.9960379004478455,0.9978287220001221,0.14978569746017456,0.02314460277557373,403986,0.009519187,0.005088695790618658,0.00507054990157485,0.005065537057816982
231339,pgd_eps0.008_alpha0.005_iter2,0.5000000000000001,0.28571428571428575,0.9811855,44.79304136315088,0.9959248900413513,0.9981517195701599,0.14160962402820587,0.020360171794891357,404368,0.009618767,0.005144340917468071,0.005139489192515612,0.005119954235851765
508730,pgd_eps0.008_alpha0.005_iter3,0.20000000000000004,0.10000000000000002,0.9837629,44.65622698183222,0.9962548017501831,0.9973832964897156,0.11218521744012833,0.03495335578918457,401609,0.009714843,0.005141371861100197,0.005131580401211977,0.005123649258166552
550426,pgd_eps0.008_alpha0.005_iter1,1.0000000000000002,0.3333333333333334,0.98154336,45.05724918192449,0.9961854219436646,0.9984627962112427,0.15605540573596954,0.027688980102539062,404985,0.009282377,0.0047818138264119625,0.004797083791345358,0.004745094571262598
368294,pgd_eps0.008_alpha0.005_iter2,0.5000000000000001,0.25000000000000006,0.9810336,44.91538303750627,0.9961192011833191,0.9985104203224182,0.1536240577697754,0.033355891704559326,400029,0.009436738,0.005057262722402811,0.0050061470828950405,0.004988614469766617
171190,pgd_eps0.008_alpha0.005_iter9,0.37110389610389616,0.3329491116924272,0.97777337,44.036973282102934,0.9952023029327393,0.9962717294692993,0.1661735624074936,0.034006714820861816,400454,0.0105003165,0.005714465398341417,0.005681737791746855,0.005691925063729286
301135,pgd_eps0.008_alpha0.005_iter3,0.4533648170011807,0.4022038567493113,0.9862337,44.35858761408812,0.9964994192123413,0.9990096092224121,0.13307377696037292,0.03071153163909912,403231,0.010092221,0.005329952109605074,0.005399203859269619,0.0052935099229216576
580294,pgd_eps0.008_alpha0.005_iter2,0.19480519480519481,0.12545454545454549,0.9815981,44.82297425529002,0.9960296154022217,0.9980683326721191,0.15290877223014832,0.035372257232666016,404220,0.009584287,0.005117684602737427,0.005112877115607262,0.0051048691384494305
494869,pgd_eps0.008_alpha0.005_iter2,0.5000000000000001,0.42760942760942766,0.9818229,44.7908073232435,0.9957403540611267,0.9977586269378662,0.1494939923286438,0.02885514497756958,404141,0.009613445,0.00512640131637454,0.0051358891651034355,0.0051406919956207275
33638,pgd_eps0.008_alpha0.005_iter1,0.25000000000000006,0.14285714285714288,0.97702914,45.16276605318662,0.9956104159355164,0.9966644048690796,0.17743614315986633,0.03272372484207153,404524,0.0091538625,0.0047567603178322315,0.00475636450573802,0.004555931780487299
329219,pgd_eps0.008_alpha0.005_iter1,0.3506493506493507,0.286969696969697,0.98127127,45.059361813859915,0.9961045980453491,0.9984466433525085,0.14461112022399902,0.028578639030456543,405234,0.009279588,0.004777609836310148,0.004775763489305973,0.00477678794413805
34873,pgd_eps0.008_alpha0.005_iter6,0.20454545454545459,0.1737967914438503,0.9777978,44.363789547433825,0.9946808815002441,0.9962626099586487,0.18316927552223206,0.03343099355697632,402220,0.010115759,0.00545903854072094,0.005448130425065756,0.005458402447402477
186980,pgd_eps0.008_alpha0.005_iter23,0.2545454545454546,0.25378787878787884,0.98166776,43.90351893514585,0.9960610866546631,0.9984539151191711,0.1458204686641693,0.02446889877319336,401742,0.010702457,0.0058344886638224125,0.00583241181448102,0.005845595151185989
127182,pgd_eps0.008_alpha0.005_iter5,0.4285714285714287,0.4020979020979022,0.9760492,44.4844335778765,0.9942827224731445,0.9959425926208496,0.2002260386943817,0.044588327407836914,401573,0.0099333925,0.005307850427925587,0.005293737631291151,0.005295967683196068
356387,pgd_eps0.008_alpha0.005_iter1,0.34090909090909094,0.25126262626262624,0.9843316,45.16142804850616,0.9968242645263672,0.9986293911933899,0.1370396763086319,0.040933191776275635,405079,0.009154358,0.004711664281785488,0.004689792636781931,0.00471133878454566
367680,pgd_eps0.008_alpha0.005_iter1,0.781818181818182,0.690909090909091,0.9836774,45.05474398382467,0.9968453645706177,0.9988332986831665,0.13417330384254456,0.03507435321807861,405137,0.00928546,0.004792262800037861,0.004772057756781578,0.004778889007866383
263796,pgd_eps0.008_alpha0.005_iter1,1.0000000000000002,0.0,0.9882992,45.08304427320533,0.9976062774658203,0.9993569850921631,0.09423543512821198,0.019628465175628662,405233,0.009253258,0.004762351978570223,0.004753845278173685,0.004760594107210636
117425,pgd_eps0.008_alpha0.005_iter1,0.5194805194805195,0.36363636363636365,0.9787829,45.04957476776508,0.9956806898117065,0.997133731842041,0.17083032429218292,0.02812957763671875,405049,0.009292317,0.0047958018258214,0.004793200641870499,0.004762781783938408
365387,pgd_eps0.008_alpha0.005_iter5,0.5000000000000001,0.3571428571428572,0.97478944,44.67914292244692,0.9939960241317749,0.9948577284812927,0.23139356076717377,0.03840672969818115,400066,0.009687751,0.005150545854121447,0.00515010068193078,0.005158552899956703
487583,pgd_eps0.008_alpha0.005_iter2,0.5000000000000001,0.12500000000000003,0.97685695,44.9011680460682,0.9946519732475281,0.9942579865455627,0.22688043117523193,0.03144258260726929,403432,0.009472634,0.005058263428509235,0.005045860540121794,0.005052410997450352
504711,pgd_eps0.008_alpha0.005_iter3,1.0000000000000002,0.3333333333333334,0.98140097,44.74095583073136,0.9959825277328491,0.9976090788841248,0.16345186531543732,0.039076149463653564,401007,0.009606567,0.005096650216728449,0.0050604017451405525,0.005019334610551596
363840,pgd_eps0.008_alpha0.005_iter7,0.4204545454545455,0.4125874125874126,0.9806774,44.35360971751446,0.9958034753799438,0.9966408014297485,0.15414127707481384,0.029541313648223877,402119,0.0100874035,0.005402085836976767,0.005296189337968826,0.005471761338412762
214720,pgd_eps0.008_alpha0.005_iter1,0.6753246753246753,0.5090909090909091,0.983622,45.10773180624153,0.9970197677612305,0.9986696839332581,0.12228024005889893,0.01939547061920166,404832,0.009214159,0.004728021565824747,0.0047452193684875965,0.004741032607853413
379453,pgd_eps0.008_alpha0.005_iter3,1.0000000000000002,0.3333333333333334,0.9693155,44.79049597437015,0.9912053346633911,0.9823910593986511,0.3131990432739258,0.04395627975463867,393111,0.009440662,0.005034846719354391,0.005037148483097553,0.005030021071434021
311295,pgd_eps0.008_alpha0.005_iter2,0.590909090909091,0.4545454545454546,0.98115635,44.82627556571539,0.9950611591339111,0.9967539310455322,0.1922563761472702,0.06620502471923828,404100,0.009568993,0.005125308409333229,0.005097071640193462,0.00510861910879612
29393,pgd_eps0.008_alpha0.005_iter1,0.6818181818181819,0.34090909090909094,0.98638445,45.13669755344531,0.9975970983505249,0.9991770386695862,0.10767436772584915,0.026345431804656982,404001,0.009179397,0.004704172722995281,0.004720218945294619,0.004728569183498621
278848,pgd_eps0.008_alpha0.005_iter2,0.6590909090909092,0.5116883116883119,0.9821709,44.95944041274324,0.9961813688278198,0.9975622296333313,0.15452030301094055,0.02544957399368286,400919,0.009356707,0.004996205680072308,0.0049737440422177315,0.004982548765838146
166391,pgd_eps0.008_alpha0.005_iter1,0.6796536796536797,0.42056277056277064,0.97474617,45.044706041787386,0.9943865537643433,0.9947734475135803,0.2022767961025238,0.05970907211303711,405275,0.009296157,0.0047964490950107574,0.004789405036717653,0.004781036172062159
48153,pgd_eps0.008_alpha0.005_iter1,0.5000000000000001,0.3333333333333334,0.98758435,45.12509297981708,0.997607946395874,0.9989207983016968,0.0981701910495758,0.021538138389587402,405040,0.009201351,0.004700205288827419,0.00473508657887578,0.004746700637042522
459153,pgd_eps0.008_alpha0.005_iter3,0.4000000000000001,0.388888888888889,0.98778003,44.3046448842762,0.996733546257019,0.999259352684021,0.13442200422286987,0.029006361961364746,404268,0.010175108,0.005413249135017395,0.005401121452450752,0.005405812989920378
295713,pgd_eps0.008_alpha0.005_iter1,0.7662337662337665,0.6627272727272728,0.98372597,45.094231888904844,0.9965566396713257,0.9988125562667847,0.13637009263038635,0.031846463680267334,405125,0.0092374105,0.00475652888417244,0.00474634999409318,0.004748960491269827
223130,pgd_eps0.008_alpha0.005_iter3,1.0000000000000002,0.3333333333333334,0.9827914,44.67400258691916,0.9952251315116882,0.9984949827194214,0.18329915404319763,0.0371859073638916,402042,0.00969588,0.005132668185979128,0.005097162909805775,0.0051238383166491985
273132,pgd_eps0.008_alpha0.005_iter1,0.3333333333333334,0.25000000000000006,0.9864356,45.060280304395164,0.9976950883865356,0.99872887134552,0.06187436729669571,0.010400354862213135,405343,0.009283504,0.004775411449372768,0.004775828681886196,0.0047781080938875675
198960,pgd_eps0.008_alpha0.005_iter2,1.0000000000000002,0.0,0.9886637,44.903151450703746,0.9969656467437744,0.9995402097702026,0.141412615776062,0.052107810974121094,404429,0.009479686,0.005051103886216879,0.0050390129908919334,0.005055552814155817
344059,pgd_eps0.008_alpha0.005_iter2,1.0000000000000002,0.3333333333333334,0.9820144,44.89375676172717,0.9954027533531189,0.9981296062469482,0.187328040599823,0.051617980003356934,404170,0.009494413,0.005072934087365866,0.005062165204435587,0.00504694739356637
410428,pgd_eps0.008_alpha0.005_iter1,0.5454545454545455,0.2651515151515152,0.9845894,45.065915503244625,0.9967077970504761,0.9988954067230225,0.13491100072860718,0.027495384216308594,405068,0.009272584,0.004775418434292078,0.00477716326713562,0.004762252327054739
87875,pgd_eps0.008_alpha0.005_iter2,1.0000000000000002,0.3333333333333334,0.987892,44.82496052345329,0.9975549578666687,0.9990822672843933,0.10485702753067017,0.03693509101867676,404085,0.009572891,0.005133756902068853,0.005105370655655861,0.005086323246359825
450758,pgd_eps0.008_alpha0.005_iter2,1.0000000000000002,0.5000000000000001,0.98316926,44.82320939924567,0.9958549737930298,0.9977933764457703,0.1430489420890808,0.051656126976013184,404274,0.009573041,0.005130965728312731,0.005105369724333286,0.005094660446047783
460160,pgd_eps0.008_alpha0.005_iter1,1.0000000000000002,0.5000000000000001,0.9870942,45.0647684605036,0.9969601631164551,0.9992774128913879,0.10425488650798798,0.036388516426086426,405273,0.009274215,0.004772910848259926,0.0047737290151417255,0.004774350672960281
458109,pgd_eps0.008_alpha0.005_iter2,0.5000000000000001,0.38636363636363646,0.9864633,44.848683055803875,0.9973248839378357,0.998799204826355,0.10818248987197876,0.030897021293640137,404139,0.009547456,0.005095083266496658,0.0050744907930493355,0.005094400141388178
30675,pgd_eps0.008_alpha0.005_iter3,1.0000000000000002,0.25000000000000006,0.9789123,44.60293582943477,0.9942805171012878,0.9938518404960632,0.2247014343738556,0.05960279703140259,401353,0.009771735,0.005190991796553135,0.00516497902572155,0.005156208761036396
566524,pgd_eps0.008_alpha0.005_iter1,0.6818181818181819,0.4545454545454546,0.9844226,45.09893886240263,0.9966548681259155,0.9988451600074768,0.12799035012722015,0.03065335750579834,405011,0.0092317965,0.004751676227897406,0.004734944552183151,0.004751022905111313
338428,pgd_eps0.008_alpha0.005_iter2,0.31818181818181823,0.09090909090909091,0.98251987,44.842912112633115,0.9959802627563477,0.9990062117576599,0.1765168011188507,0.03793048858642578,402378,0.009538343,0.005088477861136198,0.005088416393846273,0.005056707188487053
166277,pgd_eps0.008_alpha0.005_iter1,0.6818181818181819,0.6666666666666669,0.98280257,45.07370656804325,0.9964419603347778,0.9976701140403748,0.1437336802482605,0.023308157920837402,404721,0.009254334,0.00476338155567646,0.00476073008030653,0.004763190634548664
476415,pgd_eps0.008_alpha0.005_iter4,0.5000000000000001,0.1666666666666667,0.96367407,44.77257162711847,0.9937664866447449,0.9918192625045776,0.24655002355575562,0.052059292793273926,385548,0.009476196,0.0051085795275866985,0.005085189826786518,0.0050676180981099606
292082,pgd_eps0.008_alpha0.005_iter1,0.4242424242424243,0.2545454545454546,0.9869326,45.063115523729095,0.9976853132247925,0.9987718462944031,0.06296837329864502,0.008275389671325684,405316,0.009279489,0.0047745974734425545,0.0047745793126523495,0.004774271976202726
360137,pgd_eps0.008_alpha0.005_iter1,1.0000000000000002,0.7500000000000002,0.9833247,45.367878414585704,0.997555673122406,0.999036431312561,0.04049202427268028,0.0041991472244262695,400496,0.008899204,0.004122432321310043,0.004706098232418299,0.004690342117100954
122046,pgd_eps0.008_alpha0.005_iter2,0.6666666666666669,0.5000000000000001,0.9798146,44.81303151691635,0.9951004981994629,0.9972965121269226,0.15808355808258057,0.023916006088256836,403148,0.009562798,0.005121276248246431,0.0051137483678758144,0.005121631547808647
352684,pgd_eps0.008_alpha0.005_iter1,1.0000000000000002,0.9818181818181819,0.9773595,45.09010252080941,0.9952869415283203,0.9966443777084351,0.1593436300754547,0.03038543462753296,405075,0.009242464,0.0047582658007740974,0.004739669151604176,0.004763230215758085
512836,pgd_eps0.008_alpha0.005_iter2,0.6363636363636365,0.40909090909090917,0.9823692,44.856522679112594,0.9959952235221863,0.9984636902809143,0.1412891149520874,0.02249884605407715,404480,0.009548367,0.005077751353383064,0.005104330368340015,0.005084645003080368
8021,pgd_eps0.008_alpha0.005_iter1,0.6666666666666669,0.5000000000000001,0.97823304,45.13234455864512,0.9958199262619019,0.9967489242553711,0.1392515003681183,0.0343247652053833,403980,0.009184585,0.0047564636915922165,0.004730673041194677,0.004654924385249615
107226,pgd_eps0.008_alpha0.005_iter2,0.5941558441558443,0.4147727272727273,0.9825147,44.90317474107826,0.996272087097168,0.9981836676597595,0.14710813760757446,0.02069789171218872,403971,0.009481257,0.00507925171405077,0.005069836508482695,0.00498399930074811
84477,pgd_eps0.008_alpha0.005_iter2,1.0000000000000002,0.7500000000000002,0.9774618,44.892165054841335,0.9944744110107422,0.9951314330101013,0.20438720285892487,0.04004698991775513,402839,0.009477096,0.005008401349186897,0.005071284249424934,0.005069668870419264
562243,pgd_eps0.008_alpha0.005_iter3,1.0000000000000002,0.5000000000000001,0.97425205,44.765145330131695,0.9941929578781128,0.9954545497894287,0.2068803310394287,0.022613704204559326,399187,0.0095596425,0.005076437722891569,0.004999177064746618,0.005060718860477209
181859,pgd_eps0.008_alpha0.005_iter4,0.3333333333333334,0.1666666666666667,0.9753035,44.52714628164288,0.9941427111625671,0.9935064315795898,0.21869027614593506,0.028865933418273926,399178,0.009869616,0.005327130667865276,0.005330873653292656,0.005325255449861288
177015,pgd_eps0.008_alpha0.005_iter1,0.6000000000000002,0.3333333333333334,0.9873279,45.08175204603071,0.997010350227356,0.9982708692550659,0.09979686141014099,0.01826786994934082,404996,0.009256197,0.004770191386342049,0.004758310504257679,0.004745434038341045
292236,pgd_eps0.008_alpha0.005_iter1,0.6666666666666669,0.5000000000000001,0.98061854,45.1135799593526,0.9964256286621094,0.9985287189483643,0.1627424955368042,0.02697157859802246,404979,0.009212103,0.0047336481511592865,0.004728349857032299,0.004747642204165459
121506,pgd_eps0.008_alpha0.005_iter1,0.3181818181818183,0.31168831168831174,0.97750896,45.27546051969316,0.9977785348892212,0.9986294507980347,0.08217316120862961,0.014317214488983154,386140,0.0088758115,0.004568452015519142,0.0045547811314463615,0.004577371291816235
288042,pgd_eps0.008_alpha0.005_iter1,0.6666666666666669,0.3333333333333334,0.98460776,45.09026524556127,0.9967293739318848,0.998656153678894,0.12458081543445587,0.03614860773086548,404838,0.009242688,0.004762643948197365,0.004764992743730545,0.004720513243228197
453860,pgd_eps0.008_alpha0.005_iter3,1.0000000000000002,0.5000000000000001,0.9825218,44.926303798699074,0.995222806930542,0.9849356412887573,0.18729254603385925,0.061266541481018066,389353,0.009179599,0.004850036930292845,0.004818775691092014,0.004806427750736475
500257,pgd_eps0.008_alpha0.005_iter11,0.27272727272727276,0.20818512855010837,0.982368,44.348034369023054,0.9961962699890137,0.9979735016822815,0.15838614106178284,0.032313406467437744,401120,0.0100992285,0.005481255706399679,0.0053649842739105225,0.005432222504168749
113403,pgd_eps0.008_alpha0.005_iter2,0.5000000000000001,0.25000000000000006,0.98262566,44.91424349426069,0.9963423013687134,0.9984763264656067,0.1388915330171585,0.03062260150909424,403366,0.009464806,0.005067596212029457,0.005067026242613792,0.00497004110366106
125062,pgd_eps0.008_alpha0.005_iter1,0.6363636363636365,0.5454545454545455,0.9791605,45.21244046765318,0.9967107772827148,0.9986992478370667,0.1609594076871872,0.031703829765319824,397918,0.009037848,0.0046500274911522865,0.004639802034944296,0.004623346496373415
375015,pgd_eps0.008_alpha0.005_iter2,1.0000000000000002,0.25000000000000006,0.9792764,44.895700967428134,0.9952138662338257,0.9981029629707336,0.2032424807548523,0.04654008150100708,403852,0.00949232,0.005084097385406494,0.0050413464196026325,0.005048553459346294
334719,pgd_eps0.008_alpha0.005_iter2,0.20454545454545459,0.13181818181818183,0.9832537,44.82304518019053,0.9956319332122803,0.9987902045249939,0.1658022701740265,0.038355886936187744,404568,0.009582842,0.005120737478137016,0.005118492990732193,0.005101379938423634
134112,pgd_eps0.008_alpha0.005_iter2,0.6666666666666669,0.3750000000000001,0.9791022,44.882714726380556,0.9955695867538452,0.9977926015853882,0.1781681776046753,0.0254591703414917,403287,0.009499287,0.005072241649031639,0.00505937822163105,0.005069026257842779
283520,pgd_eps0.008_alpha0.005_iter2,1.0000000000000002,0.5000000000000001,0.9873691,44.79181645611252,0.9965265989303589,0.9991721510887146,0.13792955875396729,0.04584956169128418,404716,0.009618366,0.005141677334904671,0.005146431736648083,0.005121184978634119
31269,pgd_eps0.008_alpha0.005_iter3,1.0000000000000002,0.3333333333333334,0.9867441,44.463641633630786,0.9965500831604004,0.9988338351249695,0.1371355950832367,0.03973257541656494,403853,0.00996017,0.005295321810990572,0.005256191361695528,0.005282477010041475
319721,pgd_eps0.008_alpha0.005_iter2,0.8181818181818183,0.6666666666666669,0.9839881,44.77634754035051,0.9964978098869324,0.998491108417511,0.11929624527692795,0.019686579704284668,404634,0.009643009,0.005170609802007675,0.005154493264853954,0.00511247618123889
347265,pgd_eps0.008_alpha0.005_iter2,1.0000000000000002,0.5000000000000001,0.98458195,44.80368563818041,0.9960758090019226,0.9988054633140564,0.1496317982673645,0.03572577238082886,404654,0.0096046,0.005125689320266247,0.005138056352734566,0.005115801002830267
414170,pgd_eps0.008_alpha0.005_iter2,0.5454545454545455,0.4242424242424243,0.9852353,44.784222118426264,0.9964617490768433,0.9989461302757263,0.14838747680187225,0.02990090847015381,405000,0.009634106,0.005149302538484335,0.005140230525285006,0.005144085269421339
231508,pgd_eps0.008_alpha0.005_iter8,0.13636363636363638,0.12379757052216948,0.98289305,44.004957212432245,0.9958063960075378,0.9988670349121094,0.15305572748184204,0.030112266540527344,402751,0.010570182,0.005747620947659016,0.005750039592385292,0.005753740202635527
389381,pgd_eps0.008_alpha0.005_iter3,0.1666666666666667,0.14285714285714288,0.9898419,44.28922103572555,0.9978024363517761,0.9990456104278564,0.0614389106631279,0.012137413024902344,403312,0.010189751,0.005398643668740988,0.0054466635920107365,0.005413271952420473
118921,pgd_eps0.008_alpha0.005_iter3,0.7727272727272729,0.2575757575757576,0.9789612,44.59692990368606,0.9950023889541626,0.9960059523582458,0.19420623779296875,0.048492431640625,402528,0.009791588,0.005197881255298853,0.005161825567483902,0.005175450816750526
21503,pgd_eps0.008_alpha0.005_iter1,0.5000000000000001,0.4285714285714287,0.98040485,45.089200153999364,0.9961919784545898,0.9976824522018433,0.15574178099632263,0.034592628479003906,404990,0.009245196,0.004761731717735529,0.004750676453113556,0.0047465418465435505
785,pgd_eps0.008_alpha0.005_iter2,1.0000000000000002,0.6666666666666669,0.9766117,44.85580692906004,0.994254469871521,0.9915663003921509,0.20276635885238647,0.047607600688934326,403898,0.009534394,0.005107539240270853,0.005070132669061422,0.0050728642381727695
261982,pgd_eps0.008_alpha0.005_iter2,0.6666666666666669,0.590909090909091,0.98183125,44.927615457350484,0.9959874153137207,0.9978092312812805,0.13916313648223877,0.030102670192718506,401783,0.00943127,0.004980100784450769,0.005027096252888441,0.005040147807449102
99242,pgd_eps0.008_alpha0.005_iter2,1.0000000000000002,0.5000000000000001,0.97303945,44.87696761258751,0.9933028221130371,0.9817777276039124,0.2415686845779419,0.05869787931442261,403738,0.009511947,0.005082179792225361,0.0050681959837675095,0.00506595429033041
314709,pgd_eps0.008_alpha0.005_iter2,1.0000000000000002,0.5000000000000001,0.97702056,44.90258116089568,0.9945055842399597,0.9940858483314514,0.2261047065258026,0.05658388137817383,403785,0.009484341,0.005056513007730246,0.0050478847697377205,0.005057972855865955
460494,pgd_eps0.008_alpha0.005_iter5,0.3766233766233767,0.3545454545454546,0.97837394,44.422885438123956,0.9954497218132019,0.998119592666626,0.17370864748954773,0.02773594856262207,398741,0.009987262,0.005384193733334541,0.005313328001648188,0.005254061426967382
339442,pgd_eps0.008_alpha0.005_iter2,0.6666666666666669,0.5000000000000001,0.9774375,44.94311558996227,0.9955520629882812,0.9973509311676025,0.15545833110809326,0.026276230812072754,403449,0.00941323,0.005048409570008516,0.005007748492062092,0.00497841089963913
541055,pgd_eps0.008_alpha0.005_iter8,0.21818181818181823,0.1884559884559885,0.9788819,44.24362022907892,0.9944510459899902,0.9964601993560791,0.21690014004707336,0.06461191177368164,401437,0.010247362,0.0055892025120556355,0.005548458080738783,0.005469946190714836
409475,pgd_eps0.008_alpha0.005_iter1,1.0000000000000002,0.3333333333333334,0.9796596,45.03697915901755,0.9960283041000366,0.9976971745491028,0.13895994424819946,0.041991472244262695,405232,0.00930664,0.004795907065272331,0.004794563632458448,0.004793467931449413
464786,pgd_eps0.008_alpha0.005_iter3,0.5000000000000001,0.12500000000000003,0.97679144,44.71920012178049,0.9948687553405762,0.9973475337028503,0.22638092935085297,0.05808931589126587,401197,0.009636352,0.005101629067212343,0.005081559531390667,0.005072324071079493
378605,pgd_eps0.008_alpha0.005_iter1,0.6666666666666669,0.6363636363636365,0.9781568,45.08368273898773,0.9956035017967224,0.9963745474815369,0.18811549246311188,0.02247476577758789,405167,0.0092483815,0.004765710327774286,0.00475836219266057,0.004751569591462612
331817,pgd_eps0.008_alpha0.005_iter1,0.25619834710743805,0.2363636363636364,0.9868932,45.103474308406476,0.997647762298584,0.9991629123687744,0.09597967565059662,0.016747713088989258,405081,0.009226115,0.004737721756100655,0.0047500254586339,0.004731225781142712
218091,pgd_eps0.008_alpha0.005_iter1,0.5151515151515152,0.46753246753246763,0.97832555,45.10226096366459,0.9957454204559326,0.9969286322593689,0.16736742854118347,0.03916573524475098,405001,0.009226083,0.004744652658700943,0.004740056581795216,0.004747183993458748
578545,pgd_eps0.008_alpha0.005_iter1,0.7500000000000002,0.6666666666666669,0.9831559,45.09093672568604,0.9966656565666199,0.9985952377319336,0.12170897424221039,0.026578783988952637,405172,0.009243002,0.0047561596147716045,0.0047378153540194035,0.004766315687447786
363207,pgd_eps0.008_alpha0.005_iter2,0.4787878787878788,0.45454545454545464,0.98212606,44.80114984996838,0.9959750175476074,0.9980180859565735,0.14115622639656067,0.029762983322143555,404523,0.00961276,0.005145224742591381,0.005123870447278023,0.005121665541082621
372577,pgd_eps0.008_alpha0.005_iter2,1.0000000000000002,0.6666666666666669,0.9808945,44.77326128402027,0.9953919649124146,0.9970986843109131,0.16236689686775208,0.030110716819763184,403741,0.009626937,0.005158237647265196,0.005151835270226002,0.005136210471391678
212166,pgd_eps0.008_alpha0.005_iter1,1.0000000000000002,0.5000000000000001,0.98136854,45.10939134491565,0.9965075850486755,0.9982041716575623,0.09944416582584381,0.0107879638671875,404602,0.009211875,0.004717537667602301,0.00473093381151557,0.004753776825964451
172571,pgd_eps0.008_alpha0.005_iter3,0.5151515151515152,0.3750000000000001,0.97919035,44.56169599503571,0.9948490858078003,0.9976139068603516,0.20880535244941711,0.04595494270324707,402670,0.009840929,0.005219448357820511,0.005194941535592079,0.005200383253395557
294831,pgd_eps0.008_alpha0.005_iter1,0.6666666666666669,0.5714285714285715,0.9776213,45.137254230000295,0.995345950126648,0.9973468780517578,0.21173638105392456,0.04265350103378296,404767,0.009183442,0.004724654834717512,0.004706443287432194,0.004726133309304714
84431,pgd_eps0.008_alpha0.005_iter1,1.0000000000000002,0.3333333333333334,0.9772752,45.07036326644452,0.9951887130737305,0.9974102973937988,0.20812557637691498,0.0353856086730957,405003,0.009262735,0.004780157934874296,0.004764065612107515,0.0047603328712284565
323355,pgd_eps0.008_alpha0.005_iter1,1.0000000000000002,0.5000000000000001,0.9830832,45.084366031089516,0.996798038482666,0.9985330700874329,0.11368715763092041,0.016484975814819336,405185,0.009251191,0.00474616838619113,0.004759133327752352,0.004765429999679327
355325,pgd_eps0.008_alpha0.005_iter1,0.5194805194805195,0.38636363636363646,0.9861517,45.05085708182101,0.9973050951957703,0.9991195797920227,0.09963769465684891,0.011884212493896484,405307,0.009292723,0.004793047439306974,0.004776212386786938,0.0047791399993002415
100582,pgd_eps0.008_alpha0.005_iter1,0.3333333333333334,0.0,0.9848151,45.09370432410115,0.9969805479049683,0.9993259906768799,0.13259655237197876,0.040900349617004395,404976,0.009238734,0.004733238834887743,0.004778941627591848,0.0047251079231500626
4495,pgd_eps0.008_alpha0.005_iter2,1.0000000000000002,0.5000000000000001,0.97786236,44.948647609317625,0.9952683448791504,0.9959129095077515,0.17503571510314941,0.030729055404663086,403265,0.009421076,0.005039998795837164,0.005001625046133995,0.0050174277275800705
9483,pgd_eps0.008_alpha0.005_iter1,0.5606060606060608,0.4805194805194807,0.9826692,45.11389393259785,0.9965850114822388,0.9965605139732361,0.12136578559875488,0.02643001079559326,405063,0.0092169745,0.004739046096801758,0.004723451565951109,0.004744949750602245
326082,pgd_eps0.008_alpha0.005_iter2,0.5050505050505052,0.37582644628099177,0.9777884,44.799986786830175,0.9950191974639893,0.9959190487861633,0.20188714563846588,0.048581719398498535,403128,0.009590014,0.0051383161917328835,0.005105819087475538,0.0051042125560343266
398237,pgd_eps0.008_alpha0.005_iter1,0.25000000000000006,0.20000000000000004,0.9904714,45.07220112356389,0.9975756406784058,0.9993104934692383,0.09444631636142731,0.03687608242034912,405284,0.009266995,0.004762548021972179,0.004770003724843264,0.004768843296915293
507223,pgd_eps0.008_alpha0.005_iter2,0.9090909090909092,0.297979797979798,0.9874332,44.73423751397209,0.9974059462547302,0.9992125034332275,0.10292145609855652,0.017460227012634277,404699,0.00969363,0.005179588682949543,0.005169363226741552,0.0051712472923099995
239537,pgd_eps0.008_alpha0.005_iter2,1.0000000000000002,0.7500000000000002,0.9856625,44.76120832953606,0.9956148862838745,0.9986672401428223,0.14311374723911285,0.045230209827423096,404652,0.009651223,0.005166109651327133,0.005161461886018515,0.005144351162016392
11813,pgd_eps0.008_alpha0.005_iter1,0.5000000000000001,0.1666666666666667,0.977598,45.070823930655465,0.9956096410751343,0.9973726868629456,0.19484516978263855,0.03375673294067383,405112,0.009262614,0.004769834689795971,0.00476966192945838,0.004768659360706806
281414,pgd_eps0.008_alpha0.005_iter1,1.0000000000000002,0.3333333333333334,0.98518896,45.07524686931184,0.9970310926437378,0.9990149736404419,0.11911945790052414,0.01735830307006836,405157,0.009260584,0.004764629527926445,0.004766026511788368,0.0047588651068508625
537991,pgd_eps0.008_alpha0.005_iter1,0.7500000000000002,0.5064935064935066,0.98361915,45.0837905309102,0.9967310428619385,0.9985153079032898,0.11185761541128159,0.0199812650680542,405077,0.009251244,0.004752602893859148,0.004755397327244282,0.0047631897032260895
321333,pgd_eps0.008_alpha0.005_iter1,0.6666666666666669,0.6161616161616162,0.981272,45.027178571227886,0.9960263967514038,0.9986995458602905,0.1672287881374359,0.054406166076660156,405398,0.009319544,0.004804698284715414,0.004805807955563068,0.004795178771018982
521282,pgd_eps0.008_alpha0.005_iter1,1.0000000000000002,0.5000000000000001,0.97541255,45.0530101426623,0.9946689009666443,0.9886242747306824,0.21466772258281708,0.04614734649658203,405112,0.009284916,0.004789694678038359,0.00479439040645957,0.004753968678414822
108026,pgd_eps0.008_alpha0.005_iter3,0.3333333333333334,0.25000000000000006,0.9593625,44.94260460797703,0.9948587417602539,0.9926742911338806,0.21189579367637634,0.05209457874298096,381554,0.009216255,0.004943643230944872,0.004788991529494524,0.004749813582748175
243204,pgd_eps0.008_alpha0.005_iter1,0.25000000000000006,0.0,0.98150426,45.045347553823696,0.9962500929832458,0.9974308609962463,0.12461598217487335,0.025349676609039307,405260,0.0092992345,0.004791715648025274,0.004788377787917852,0.004784137476235628
177935,pgd_eps0.008_alpha0.005_iter4,0.2954545454545455,0.2717171717171718,0.9810088,44.58418495166639,0.9953972697257996,0.9980517029762268,0.1405060589313507,0.025116682052612305,402922,0.009852692,0.005282663274556398,0.005280373618006706,0.005290533881634474
38829,pgd_eps0.008_alpha0.005_iter1,0.590909090909091,0.5,0.98298144,45.176891141890216,0.9968894720077515,0.9989806413650513,0.1300887167453766,0.02323019504547119,402755,0.009120786,0.004669646266847849,0.004694506525993347,0.0046576643362641335
397327,pgd_eps0.008_alpha0.005_iter1,1.0000000000000002,0.6666666666666669,0.9748457,45.0855629421241,0.9944104552268982,0.9811450839042664,0.20814602077007294,0.0636674165725708,404992,0.00924463,0.004768154583871365,0.004742388613522053,0.0047621657140553
501523,pgd_eps0.008_alpha0.005_iter3,0.5000000000000001,0.3750000000000001,0.9790241,44.676665770114575,0.9954654574394226,0.9967518448829651,0.16871769726276398,0.03083813190460205,401325,0.009689582,0.005142227280884981,0.005107847508043051,0.005097192712128162
555050,pgd_eps0.008_alpha0.005_iter2,0.5714285714285715,0.38842975206611574,0.9817923,44.73185037021768,0.9957965612411499,0.9987910389900208,0.17401611804962158,0.048224687576293945,404756,0.00969477,0.00519656203687191,0.005176972132176161,0.005174306686967611
376442,pgd_eps0.008_alpha0.005_iter1,0.5000000000000001,0.3333333333333334,0.9753848,45.08290733317039,0.9948972463607788,0.9946974515914917,0.17954230308532715,0.039392948150634766,405221,0.009249487,0.004755673464387655,0.0047584837302565575,0.004765370395034552
187243,pgd_eps0.008_alpha0.005_iter2,0.6666666666666669,0.5000000000000001,0.9831379,44.92048538640595,0.9960705637931824,0.9969996213912964,0.13671404123306274,0.020248591899871826,398315,0.009360396,0.004992943722754717,0.004970892332494259,0.0049705663695931435
356347,pgd_eps0.008_alpha0.005_iter3,0.27272727272727276,0.21212121212121215,0.9787801,44.67080934818182,0.9954966306686401,0.9977849721908569,0.184012770652771,0.034124016761779785,400997,0.009692384,0.005139382556080818,0.0051175677217543125,0.005114883184432983
293044,pgd_eps0.008_alpha0.005_iter1,0.4000000000000001,0.20000000000000004,0.9788432,45.151614145829555,0.9956749677658081,0.9986072182655334,0.20214854180812836,0.03943753242492676,404957,0.009166129,0.004720295779407024,0.004683488979935646,0.0047202701680362225
560279,pgd_eps0.008_alpha0.005_iter1,1.0000000000000002,0.4000000000000001,0.98370665,45.064118992303136,0.997063159942627,0.9983170032501221,0.08367457240819931,0.009453773498535156,405312,0.009278802,0.004783594515174627,0.004760255105793476,0.004780923947691917
42276,pgd_eps0.008_alpha0.005_iter1,1.0000000000000002,0.28571428571428575,0.98186946,45.11616777810648,0.9967609643936157,0.9984452128410339,0.13221032917499542,0.023631393909454346,404921,0.009210875,0.00474389037117362,0.004717268515378237,0.004742208868265152
534827,pgd_eps0.008_alpha0.005_iter2,0.5151515151515152,0.24675324675324678,0.984528,45.132746493690526,0.9966573715209961,0.9978219866752625,0.14387759566307068,0.019246995449066162,390550,0.0089843515,0.004757745191454887,0.004740469623357058,0.004763491917401552
190756,pgd_eps0.008_alpha0.005_iter4,1.0000000000000002,0.6666666666666669,0.9732124,44.66528959613598,0.9934847354888916,0.9771188497543335,0.28285881876945496,0.0673208236694336,398846,0.009701119,0.005223555490374565,0.005216570105403662,0.005228947848081589
482917,pgd_eps0.008_alpha0.005_iter1,0.4000000000000001,0.3333333333333334,0.97953016,45.103328844277726,0.9962484836578369,0.9976411461830139,0.15264974534511566,0.028589606285095215,405000,0.009228105,0.004754008259624243,0.004736674018204212,0.0047387839294970036
300659,pgd_eps0.008_alpha0.005_iter3,1.0000000000000002,0.5000000000000001,0.97344255,44.68679515556231,0.9935242533683777,0.9865611791610718,0.264454185962677,0.07606291770935059,400228,0.009655543,0.0051264408975839615,0.005090445280075073,0.005105927120894194
199977,pgd_eps0.008_alpha0.005_iter3,1.0000000000000002,0.5000000000000001,0.970253,44.71672469496846,0.9923003911972046,0.9714632034301758,0.3089047968387604,0.08992242813110352,397090,0.009579173,0.005104792769998312,0.005073916167020798,0.005091487895697355
442480,pgd_eps0.008_alpha0.005_iter1,0.6666666666666669,0.6161616161616162,0.9798555,45.02138345248759,0.9952089190483093,0.9933471083641052,0.1734275221824646,0.03515446186065674,405327,0.009327558,0.004804285243153572,0.004812235943973064,0.004798923619091511
384350,pgd_eps0.008_alpha0.005_iter1,1.0000000000000002,0.27272727272727276,0.97871256,45.08320939368293,0.9956135153770447,0.9974759817123413,0.15216144919395447,0.04503577947616577,405015,0.009249034,0.004761591088026762,0.004752359353005886,0.004757688846439123
383621,pgd_eps0.008_alpha0.005_iter3,1.0000000000000002,0.3333333333333334,0.97010726,44.73980178337968,0.9922404289245605,0.9852008819580078,0.32754385471343994,0.07075148820877075,401022,0.009611759,0.005073836538940668,0.005081577226519585,0.0050615835934877396
189828,pgd_eps0.008_alpha0.005_iter2,1.0000000000000002,0.3333333333333334,0.9758808,44.84269722785882,0.9943645000457764,0.9938328862190247,0.20744308829307556,0.051996469497680664,402272,0.009508116,0.0051053776405751705,0.005093041807413101,0.005096243228763342
412894,pgd_eps0.008_alpha0.005_iter1,0.5518939393939395,0.4496103896103897,0.9830107,45.19688495123632,0.9968335032463074,0.9987654089927673,0.13871386647224426,0.028749823570251465,403219,0.009099635,0.004659643862396479,0.0046615987084805965,0.004674638155847788
537153,pgd_eps0.008_alpha0.005_iter2,0.5000000000000001,0.20000000000000004,0.9796217,44.817350446106246,0.9948838949203491,0.996539294719696,0.20808660984039307,0.07321739196777344,403488,0.009562084,0.005125303287059069,0.0051154219545423985,0.005108143202960491
361103,pgd_eps0.008_alpha0.005_iter4,0.2846320346320347,0.2474747474747475,0.9818155,44.32036631504999,0.996027946472168,0.9984225034713745,0.15320438146591187,0.03721076250076294,402135,0.010168466,0.005496208090335131,0.005470063537359238,0.005465012975037098
392722,pgd_eps0.008_alpha0.005_iter1,0.5272727272727273,0.4696969696969698,0.9829417,45.077891883981415,0.9961562156677246,0.9985629916191101,0.150050550699234,0.03910088539123535,405061,0.009255989,0.004764548037201166,0.004758636467158794,0.0047637587413191795
338560,pgd_eps0.008_alpha0.005_iter3,0.7272727272727275,0.4822510822510823,0.9831745,44.56887595883363,0.9960730075836182,0.998212456703186,0.1265377253293991,0.020416617393493652,402969,0.009835034,0.005200834479182959,0.005190271884202957,0.005208325572311878
264535,pgd_eps0.008_alpha0.005_iter1,0.6666666666666669,0.5000000000000001,0.99359226,45.12772858939826,0.9991924166679382,0.9993636012077332,0.030482139438390732,0.005718111991882324,404510,0.009195409,0.004714862909168005,0.004703336860984564,0.004753251560032368
295231,pgd_eps0.008_alpha0.005_iter1,0.7272727272727274,0.5378787878787878,0.9892811,45.057456333472174,0.9978930354118347,0.9993728995323181,0.10002011060714722,0.021649599075317383,405125,0.009279919,0.0047768233343958855,0.004774569068104029,0.00478062080219388
154947,pgd_eps0.008_alpha0.005_iter2,1.0000000000000002,0.5000000000000001,0.9874191,44.91109494054527,0.9963948130607605,0.9986547231674194,0.14409439265727997,0.0456923246383667,404220,0.009458389,0.005044187419116497,0.005035065580159426,0.0050596813671290874
212559,pgd_eps0.008_alpha0.005_iter2,0.9090909090909093,0.5000000000000001,0.989965,44.88544255262707,0.9979895353317261,0.9989044070243835,0.08048387616872787,0.02220320701599121,404803,0.00951336,0.005072806496173143,0.005055577959865332,0.005059701390564442
458755,pgd_eps0.008_alpha0.005_iter3,0.5454545454545455,0.404040404040404,0.98749524,44.651728286634416,0.9970978498458862,0.9990290999412537,0.11561530828475952,0.030400574207305908,402767,0.0097312685,0.005136740859597921,0.005120185203850269,0.005141634494066238
104782,pgd_eps0.008_alpha0.005_iter2,1.0000000000000002,0.3333333333333334,0.9771078,44.86501479917252,0.9943904280662537,0.9894688725471497,0.21820975840091705,0.054897427558898926,402582,0.009483837,0.005096199922263622,0.00507124699652195,0.005076929926872253
315257,pgd_eps0.008_alpha0.005_iter2,0.5000000000000001,0.3333333333333334,0.98077744,44.87612925671509,0.9960576891899109,0.9978354573249817,0.18541671335697174,0.022915899753570557,403936,0.009515528,0.00507021090015769,0.00506416242569685,0.005084499251097441
130599,pgd_eps0.008_alpha0.005_iter1,0.5000000000000001,0.20000000000000004,0.98578197,45.04999487314862,0.9970049858093262,0.9990607500076294,0.11401495337486267,0.02841085195541382,405346,0.009294372,0.004784456919878721,0.00478666927665472,0.004783294629305601
227187,pgd_eps0.008_alpha0.005_iter1,0.8181818181818183,0.580808080808081,0.98729944,45.06295672510329,0.9974831342697144,0.9993352293968201,0.09922555088996887,0.02882206439971924,405236,0.009277458,0.004772408865392208,0.0047678519040346146,0.004780067130923271
151662,pgd_eps0.008_alpha0.005_iter1,0.5454545454545455,0.0,0.9903596,45.10525800328441,0.9979103803634644,0.9993665218353271,0.08542032539844513,0.03151392936706543,404613,0.009221716,0.004739013500511646,0.004736491944640875,0.004736747592687607
523811,pgd_eps0.008_alpha0.005_iter2,1.0000000000000002,0.3333333333333334,0.980546,44.882396839102405,0.9959740042686462,0.9983347058296204,0.17681550979614258,0.049201369285583496,404000,0.009507167,0.005066728685051203,0.005079605150967836,0.005060154944658279
456559,pgd_eps0.008_alpha0.005_iter1,1.0000000000000002,0.6666666666666669,0.9761993,45.084739854073405,0.9951114654541016,0.9928495287895203,0.20063403248786926,0.04938375949859619,405065,0.009247648,0.004759661387652159,0.00475227041170001,0.00476211030036211
101068,pgd_eps0.008_alpha0.005_iter1,1.0000000000000002,0.6666666666666669,0.9836158,45.09505909744828,0.9965623617172241,0.9983972907066345,0.14813894033432007,0.035369157791137695,405250,0.009236701,0.004751408006995916,0.0047404528595507145,0.0047577135264873505
140640,pgd_eps0.008_alpha0.005_iter1,0.5090909090909091,0.4575757575757577,0.9804366,45.03048846320573,0.9959973692893982,0.9980736970901489,0.15490584075450897,0.03515440225601196,405275,0.00931452,0.004802385810762644,0.004808197263628244,0.004784269258379936
516708,pgd_eps0.008_alpha0.005_iter1,1.0000000000000002,0.5000000000000001,0.9818134,45.15598061848996,0.9967483282089233,0.9977253079414368,0.12845224142074585,0.023942291736602783,404613,0.009157256,0.004744095727801323,0.004662996158003807,0.004696764517575502
544605,pgd_eps0.008_alpha0.005_iter2,1.0000000000000002,0.20000000000000004,0.9883282,44.85659138606243,0.9969147443771362,0.999289333820343,0.1272290050983429,0.04569804668426514,404946,0.00955112,0.005083196796476841,0.005091556813567877,0.005086432211101055
385190,pgd_eps0.008_alpha0.005_iter2,0.21212121212121215,0.09177489177489177,0.98473054,44.76988755749196,0.9969353675842285,0.9985348582267761,0.13112300634384155,0.030874311923980713,404680,0.009648382,0.005171303637325764,0.005149911157786846,0.005146519746631384
338986,pgd_eps0.008_alpha0.005_iter1,0.8181818181818183,0.40909090909090917,0.9785447,45.08459307245242,0.9953321814537048,0.9947071075439453,0.19051817059516907,0.029087543487548828,405052,0.009247698,0.00475712213665247,0.0047517456114292145,0.004762717057019472
53994,pgd_eps0.008_alpha0.005_iter1,0.6818181818181819,0.40909090909090917,0.98573256,45.07209560052192,0.9971135854721069,0.9989721179008484,0.10149519145488739,0.013662159442901611,405164,0.00926581,0.0047724866308271885,0.004762956406921148,0.004764071200042963
61171,pgd_eps0.008_alpha0.005_iter4,0.12121212121212122,0.09848484848484851,0.98820066,44.490882696135834,0.9970311522483826,0.9988656640052795,0.10943916440010071,0.032347142696380615,402241,0.00993377,0.0053190202452242374,0.005313309375196695,0.005358702968806028
314034,pgd_eps0.008_alpha0.005_iter2,0.5818181818181818,0.2528304048892284,0.98910123,44.744470452388605,0.9971364736557007,0.999188244342804,0.10959029197692871,0.03567337989807129,405045,0.0096810665,0.005191528704017401,0.005168584641069174,0.005161415319889784
291490,pgd_eps0.008_alpha0.005_iter2,0.5000000000000001,0.1666666666666667,0.9781895,44.880026812820134,0.9950509071350098,0.9963014125823975,0.2029244601726532,0.04728025197982788,403093,0.009493012,0.005060662515461445,0.005055414047092199,0.005081947427242994
152740,pgd_eps0.008_alpha0.005_iter2,0.7777495232040688,0.7481962481962482,0.9827108,44.860495129118135,0.9954509735107422,0.9990521669387817,0.19864489138126373,0.059848785400390625,404226,0.0095310835,0.005114620551466942,0.005068747326731682,0.005069541744887829
24919,pgd_eps0.008_alpha0.005_iter2,1.0000000000000002,0.3333333333333334,0.97854227,44.84378207399559,0.9948100447654724,0.9964015483856201,0.21013173460960388,0.04718947410583496,404155,0.00955512,0.005110472906380892,0.00509529747068882,0.005083335563540459
79837,pgd_eps0.008_alpha0.005_iter1,0.2727272727272727,0.15259740259740262,0.97600585,45.108560833558435,0.9946430921554565,0.9799700379371643,0.21040886640548706,0.043527960777282715,404987,0.009218189,0.004749545827507973,0.004724804311990738,0.0047447760589420795
21903,pgd_eps0.008_alpha0.005_iter1,1.0000000000000002,0.6666666666666669,0.98792905,45.126451678832396,0.997551441192627,0.9992741942405701,0.10664276033639908,0.02850431203842163,404444,0.009196412,0.004775207489728928,0.004699640907347202,0.004674164578318596
564133,pgd_eps0.008_alpha0.005_iter1,0.5454545454545455,0.31818181818181823,0.9808778,45.10980381477519,0.9955283999443054,0.9923480749130249,0.2001436948776245,0.057499051094055176,405055,0.009216007,0.004735760856419802,0.0047254255041480064,0.004751785192638636
337055,pgd_eps0.008_alpha0.005_iter1,1.0000000000000002,0.6666666666666669,0.9854408,45.02788071768478,0.9965915679931641,0.9990522861480713,0.13581694662570953,0.047116637229919434,405510,0.009320003,0.004801154136657715,0.004808447323739529,0.004795654211193323
110638,pgd_eps0.008_alpha0.005_iter3,1.0000000000000002,0.5000000000000001,0.9835973,44.61131427624534,0.99577397108078,0.9983943700790405,0.14930595457553864,0.03657710552215576,402677,0.009777805,0.005152955185621977,0.005183190573006868,0.005169088952243328
34139,pgd_eps0.008_alpha0.005_iter1,0.5000000000000001,0.4000000000000001,0.98575467,45.09432425642086,0.9973881244659424,0.9988815784454346,0.10322637856006622,0.02099519968032837,404783,0.009234926,0.004746272694319487,0.004736999049782753,0.004754745867103338
80340,pgd_eps0.008_alpha0.005_iter3,0.44155844155844165,0.4082167832167833,0.9840145,44.43347779295242,0.9959537386894226,0.9984971284866333,0.15081024169921875,0.039192795753479004,403844,0.010010822,0.0053314282558858395,0.005286705680191517,0.005301471333950758
83113,pgd_eps0.008_alpha0.005_iter1,1.0000000000000002,0.8484848484848483,0.9866638,45.043679533865316,0.9972782135009766,0.9990125298500061,0.10969652235507965,0.03201615810394287,405381,0.009301874,0.004790407605469227,0.004789828788489103,0.004784915596246719
173033,pgd_eps0.008_alpha0.005_iter2,1.0000000000000002,0.25000000000000006,0.9797051,44.889651702194755,0.995591402053833,0.9969425797462463,0.15673521161079407,0.02388763427734375,403472,0.009487704,0.0050451867282390594,0.005062696989625692,0.005069836974143982
255664,pgd_eps0.008_alpha0.005_iter3,1.0000000000000002,0.6666666666666669,0.989858,44.569984440926255,0.9973592758178711,0.9993926286697388,0.10767858475446701,0.031807899475097656,403284,0.009824108,0.005197180435061455,0.005203593522310257,0.005188366398215294
72813,pgd_eps0.008_alpha0.005_iter1,0.6666666666666669,0.6000000000000002,0.9815111,45.1092515857431,0.996192455291748,0.9973873496055603,0.14162248373031616,0.02856433391571045,404915,0.009219824,0.004745607264339924,0.00472888583317399,0.004741199780255556
545129,pgd_eps0.008_alpha0.005_iter2,1.0000000000000002,0.3333333333333334,0.98437166,44.87589103174544,0.9959992170333862,0.9990378022193909,0.13247334957122803,0.03025197982788086,404548,0.00953049,0.005103675648570061,0.005057720933109522,0.005060791503638029
546011,pgd_eps0.008_alpha0.005_iter3,1.0000000000000002,0.25000000000000006,0.9863352,44.52717946964007,0.9964694380760193,0.9993777871131897,0.14486855268478394,0.04195880889892578,403280,0.009889188,0.005229937843978405,0.005234602838754654,0.005232626106590033
121031,pgd_eps0.008_alpha0.005_iter1,0.8636363636363638,0.5757575757575758,0.9899571,45.117189553254974,0.9976155757904053,0.999544620513916,0.1087532564997673,0.030481934547424316,405011,0.009210543,0.004724844824522734,0.004727249965071678,0.004735121037811041
172547,pgd_eps0.008_alpha0.005_iter1,0.4545454545454546,0.27272727272727276,0.9843096,45.06275975480964,0.9966766834259033,0.9985224008560181,0.1116822212934494,0.048394083976745605,405213,0.009277703,0.004780493211001158,0.004777105990797281,0.004762499127537012
369081,pgd_eps0.008_alpha0.005_iter1,1.0000000000000002,0.5000000000000001,0.9786484,45.10247072734153,0.9951187372207642,0.994949996471405,0.1987425684928894,0.050023794174194336,405025,0.009225522,0.004750100430101156,0.00472759734839201,0.0047562457621097565
509131,pgd_eps0.008_alpha0.005_iter2,0.15909090909090912,0.14285714285714288,0.97426325,44.88763936704879,0.9946989417076111,0.9946656823158264,0.2429216504096985,0.04542022943496704,402364,0.009483045,0.005080109927803278,0.005064347293227911,0.005029607564210892
578922,pgd_eps0.008_alpha0.005_iter1,0.2575757575757576,0.20909090909090913,0.9852894,45.26580487344685,0.997832715511322,0.9985131025314331,0.04028571397066116,0.004185080528259277,403042,0.009025773,0.004725311417132616,0.004574907012283802,0.004481745883822441
464089,pgd_eps0.008_alpha0.005_iter1,0.7727272727272729,0.5887445887445888,0.9878571,45.08222028708112,0.9973083734512329,0.999269425868988,0.0990419015288353,0.022028028964996338,405218,0.009253782,0.004763201344758272,0.004758499097079039,0.004755700007081032
453708,pgd_eps0.008_alpha0.005_iter1,0.5454545454545455,0.3569023569023569,0.9802198,45.1421628643864,0.9961925745010376,0.9978047609329224,0.1762082427740097,0.04147261381149292,404224,0.009164626,0.004711668007075787,0.004696809686720371,0.004717550706118345
177714,pgd_eps0.008_alpha0.005_iter1,0.5151515151515152,0.4520202020202021,0.9743119,45.31757433393918,0.9967308044433594,0.9986159801483154,0.17177700996398926,0.03950047492980957,389556,0.008854095,0.004563372582197189,0.004548469092696905,0.004519915673881769
459887,pgd_eps0.008_alpha0.005_iter1,0.5000000000000001,0.3333333333333334,0.98478943,45.04133587171172,0.9971208572387695,0.9988908171653748,0.10293177515268326,0.020221054553985596,405376,0.009305188,0.0047917673364281654,0.004797976464033127,0.004785340745002031
261116,pgd_eps0.008_alpha0.005_iter2,0.30303030303030304,0.2871212121212121,0.98200536,44.862215565384545,0.9963566660881042,0.998200535774231,0.14751963317394257,0.03136336803436279,403758,0.009519663,0.005099289584904909,0.005083079449832439,0.005065246019512415
396274,pgd_eps0.008_alpha0.005_iter1,1.0000000000000002,0.5000000000000001,0.98734164,45.10955583280917,0.9974418878555298,0.9994027018547058,0.10070715844631195,0.04834479093551636,404996,0.009219891,0.004737677983939648,0.004722714424133301,0.004748805891722441
29640,pgd_eps0.008_alpha0.005_iter4,0.18636363636363637,0.1606726606726607,0.9820184,44.27872791845414,0.9961479902267456,0.998428463935852,0.1637888252735138,0.03605008125305176,402361,0.010211868,0.005511054303497076,0.005510813556611538,0.005537248216569424
141328,pgd_eps0.008_alpha0.005_iter19,0.13636363636363638,0.13237603305785126,0.98463887,43.66192855939179,0.9970142245292664,0.9990626573562622,0.11655838787555695,0.03206735849380493,402857,0.011046357,0.0060933358035981655,0.0060974047519266605,0.005896063521504402
308430,pgd_eps0.008_alpha0.005_iter1,0.23636363636363641,0.03425559947299077,0.9863817,45.126692599312904,0.9974963068962097,0.9991583228111267,0.10043518990278244,0.028290390968322754,404888,0.009198899,0.004746423568576574,0.004730525426566601,0.004689119756221771
43314,pgd_eps0.008_alpha0.005_iter3,0.4545454545454546,0.34090909090909094,0.9753112,44.82674776713522,0.9962152242660522,0.9977385401725769,0.14487940073013306,0.0335918664932251,390235,0.009425382,0.004990761633962393,0.004942051600664854,0.004965523257851601
273715,pgd_eps0.008_alpha0.005_iter2,0.5000000000000001,0.3333333333333334,0.9751932,44.858781394391166,0.9955844879150391,0.9971163272857666,0.1615002304315567,0.02840590476989746,396868,0.009474893,0.005068476311862469,0.005053795408457518,0.005055589601397514
475064,pgd_eps0.008_alpha0.005_iter1,0.8181818181818183,0.5000000000000001,0.98137957,45.12857262157731,0.9966136813163757,0.9987466335296631,0.14760810136795044,0.047962725162506104,403503,0.009183825,0.004741159733384848,0.004739666823297739,0.004680150654166937
137246,pgd_eps0.008_alpha0.005_iter1,0.3636363636363637,0.31818181818181823,0.9808081,45.09311907639435,0.9963021278381348,0.99848872423172,0.16466587781906128,0.03014051914215088,405255,0.009235773,0.004758449271321297,0.004744287114590406,0.004751297179609537
15079,pgd_eps0.008_alpha0.005_iter2,1.0000000000000002,0.6161616161616162,0.9563637,45.168958026566685,0.9955341815948486,0.9954596757888794,0.2119545191526413,0.047551751136779785,369774,0.008899145,0.004756357986479998,0.004753191955387592,0.004665379878133535
296284,pgd_eps0.008_alpha0.005_iter1,0.13636363636363635,0.06818181818181818,0.983891,45.07323789459858,0.9971411228179932,0.9989253878593445,0.1237354651093483,0.016945302486419678,405184,0.009262985,0.004779393784701824,0.004747235216200352,0.0047715650871396065
226147,pgd_eps0.008_alpha0.005_iter1,0.4125874125874127,0.4121212121212122,0.9821455,45.08430484984277,0.9966532588005066,0.9985295534133911,0.12189003825187683,0.015722930431365967,404989,0.009248954,0.004764685407280922,0.0047541107051074505,0.004747314378619194
226903,pgd_eps0.008_alpha0.005_iter1,0.3295454545454546,0.15227272727272728,0.98353225,45.180346398450496,0.9968537092208862,0.9984239935874939,0.12657120823860168,0.027619600296020508,403137,0.009100781,0.00468707550317049,0.004655926954001188,0.004663950297981501
127517,pgd_eps0.008_alpha0.005_iter2,0.45454545454545464,0.29393939393939394,0.98632693,44.66613674176912,0.9970173239707947,0.998599112033844,0.10617026686668396,0.032624125480651855,404629,0.009766116,0.005242636427283287,0.005226396955549717,0.005201077554374933
162092,pgd_eps0.008_alpha0.005_iter1,0.32124125874125875,0.2050324675324675,0.98209524,45.16465775351969,0.9967314600944519,0.9984130859375,0.09731568396091461,0.015248537063598633,403510,0.009142514,0.004725210834294558,0.0046903835609555244,0.004651212133467197
366611,pgd_eps0.008_alpha0.005_iter1,1.0000000000000002,0.5000000000000001,0.99007195,45.07946526156711,0.9976382255554199,0.9992868304252625,0.09598317742347717,0.03699219226837158,405333,0.009255278,0.00476078363135457,0.004748323932290077,0.004771345295011997
263969,pgd_eps0.008_alpha0.005_iter1,0.8863636363636365,0.8000000000000002,0.9749239,45.321329136508666,0.9977023005485535,0.9986485242843628,0.07950855046510696,0.011862039566040039,385011,0.008808297,0.004555053543299437,0.004532961640506983,0.004483262076973915
551439,pgd_eps0.008_alpha0.005_iter1,0.6666666666666669,0.5000000000000001,0.9786322,45.133141022248864,0.9961827993392944,0.9978730082511902,0.1559106409549713,0.025145888328552246,400484,0.0091537945,0.00472872331738472,0.004711062181740999,0.004674050956964493
474167,pgd_eps0.008_alpha0.005_iter1,0.5272727272727273,0.4696969696969697,0.98102427,45.08176900081195,0.996222972869873,0.9982195496559143,0.15123236179351807,0.02475970983505249,404970,0.0092496835,0.004776689223945141,0.0047619277611374855,0.004731219261884689
159458,pgd_eps0.008_alpha0.005_iter2,1.0000000000000002,0.7500000000000002,0.9821904,44.935914701825695,0.9960904121398926,0.9965441823005676,0.13026919960975647,0.03952217102050781,403617,0.009438034,0.005062950309365988,0.00500313239172101,0.005019886419177055
554735,pgd_eps0.008_alpha0.005_iter2,1.0000000000000002,0.6666666666666669,0.9779816,44.8962398650443,0.9953643083572388,0.9970511198043823,0.18599823117256165,0.03149068355560303,402969,0.009470258,0.005069541744887829,0.005049297586083412,0.005051678977906704
386352,pgd_eps0.008_alpha0.005_iter1,0.6030303030303031,0.4710743801652893,0.98204786,45.13001003948378,0.9967266917228699,0.9987991452217102,0.15035277605056763,0.03474920988082886,404987,0.009194445,0.0047172363847494125,0.004709215834736824,0.004739079624414444
173004,pgd_eps0.008_alpha0.005_iter13,0.4431818181818183,0.35606060606060613,0.98383576,44.02262495621955,0.9968125224113464,0.9984495043754578,0.1211739331483841,0.022876977920532227,402278,0.010545715,0.005697320215404034,0.0057443855330348015,0.005686676129698753
311394,pgd_eps0.008_alpha0.005_iter2,1.0000000000000002,0.6666666666666669,0.98218185,44.75216332177736,0.9958028793334961,0.9970148801803589,0.14880287647247314,0.018988370895385742,404410,0.009667138,0.005155814811587334,0.005178581457585096,0.005161808338016272
578489,pgd_eps0.008_alpha0.005_iter1,0.590909090909091,0.5714285714285715,0.9814287,45.14017177030216,0.9967316389083862,0.9982514977455139,0.11976774781942368,0.024348020553588867,404447,0.009176564,0.0047167460434138775,0.0047287954948842525,0.00469595193862915
189310,pgd_eps0.008_alpha0.005_iter1,1.0000000000000002,0.3333333333333334,0.97852796,45.15751699960588,0.9959987998008728,0.9964393377304077,0.1366528570652008,0.030544519424438477,401455,0.009122483,0.00470877205953002,0.004688821267336607,0.004648914560675621
491366,pgd_eps0.008_alpha0.005_iter1,0.3333333333333334,0.22222222222222227,0.9781602,45.03343274866597,0.9958228468894958,0.9974256753921509,0.15515850484371185,0.03277009725570679,405466,0.009312572,0.004805117379873991,0.0047947498969733715,0.004794887267053127
448076,pgd_eps0.008_alpha0.005_iter2,0.4285714285714287,0.3000000000000001,0.98036915,44.77900186726431,0.9959518313407898,0.9974435567855835,0.1414003074169159,0.02341330051422119,403244,0.009604179,0.005138961132615805,0.005138089880347252,0.00514095788821578
293804,pgd_eps0.008_alpha0.005_iter3,0.5000000000000001,0.31250000000000006,0.9743805,44.73187621811161,0.9943014979362488,0.9936594367027283,0.21972237527370453,0.04984086751937866,399574,0.009600855,0.005089690908789635,0.005075271241366863,0.005062654614448547
221291,pgd_eps0.008_alpha0.005_iter2,1.0000000000000002,0.5000000000000001,0.9737074,44.81805888279821,0.993293046951294,0.970002293586731,0.28936392068862915,0.04692971706390381,403943,0.009573475,0.005122064147144556,0.005122403614223003,0.005115808453410864
141821,pgd_eps0.008_alpha0.005_iter1,0.8863636363636365,0.6666666666666669,0.98569494,45.06718775742489,0.9972747564315796,0.9992087483406067,0.10521058738231659,0.02651393413543701,405315,0.009271688,0.004777647089213133,0.004764161538332701,0.004771942272782326
410650,pgd_eps0.008_alpha0.005_iter2,0.6704545454545456,0.576728436254128,0.9816241,44.645589712589455,0.9962235689163208,0.9986639022827148,0.1440015584230423,0.03380787372589111,404186,0.009780827,0.005262266844511032,0.00523681053891778,0.005246350076049566
199310,pgd_eps0.008_alpha0.005_iter2,1.0000000000000002,0.6666666666666669,0.98467875,44.78797757149289,0.9964296221733093,0.9988389611244202,0.13828352093696594,0.025318920612335205,403530,0.009618975,0.005092484876513481,0.005176789592951536,0.0050655389204621315
323151,pgd_eps0.008_alpha0.005_iter1,0.6000000000000002,0.5714285714285715,0.98346406,45.1661722215279,0.9968595504760742,0.9985280632972717,0.1317543387413025,0.025946736335754395,403752,0.009130762,0.004767640959471464,0.004639674909412861,0.004623145796358585
89648,pgd_eps0.008_alpha0.005_iter1,0.42323232323232335,0.40836940836940844,0.9806833,45.086896421046,0.9962704181671143,0.9984970092773438,0.15352828800678253,0.036629319190979004,405080,0.009245724,0.0047576227225363255,0.004748498555272818,0.004761578515172005
219283,pgd_eps0.008_alpha0.005_iter2,0.3333333333333334,0.09090909090909093,0.9771664,44.966705603886,0.9953269958496094,0.9975897073745728,0.20519277453422546,0.036507487297058105,400632,0.0093733035,0.005008169449865818,0.004987763240933418,0.005003072787076235
471869,pgd_eps0.008_alpha0.005_iter3,0.3333333333333334,0.25000000000000006,0.9842331,44.57720901369448,0.9968098402023315,0.9984941482543945,0.11518651247024536,0.021008670330047607,402606,0.009825078,0.005204652436077595,0.005190142896026373,0.005188295152038336
520264,pgd_eps0.008_alpha0.005_iter2,0.5584415584415586,0.49586776859504145,0.9812004,44.80210004127124,0.9961133003234863,0.9967158436775208,0.14658913016319275,0.04014134407043457,403370,0.009586477,0.005149500444531441,0.005119239911437035,0.005089175887405872
111179,pgd_eps0.008_alpha0.005_iter2,1.0000000000000002,0.3333333333333334,0.97926,44.79585376640859,0.9947434663772583,0.9961622357368469,0.18592160940170288,0.04065525531768799,403604,0.009589955,0.0051352293230593204,0.005129916127771139,0.005134501960128546
151000,pgd_eps0.008_alpha0.005_iter1,0.2181818181818182,0.18181818181818185,0.9801366,45.06623421895364,0.9962066411972046,0.9982802867889404,0.15644937753677368,0.04058939218521118,404891,0.009267629,0.004775981418788433,0.004770980682224035,0.004758027847856283
100624,pgd_eps0.008_alpha0.005_iter1,0.25000000000000006,0.21212121212121215,0.9779735,45.11202765325011,0.9961451888084412,0.9982211589813232,0.17486834526062012,0.041702866554260254,402650,0.0091960905,0.004768733866512775,0.0047407206147909164,0.004669055808335543
332570,pgd_eps0.008_alpha0.005_iter1,1.0000000000000002,0.5000000000000001,0.98297864,45.4592524442613,0.9967955350875854,0.9970741868019104,0.13868820667266846,0.025484800338745117,390131,0.00859283,0.004393222741782665,0.004376655910164118,0.004413719289004803
57238,pgd_eps0.008_alpha0.005_iter2,0.6666666666666669,0.5000000000000001,0.9742339,44.91567925440186,0.9941891431808472,0.9911719560623169,0.22431722283363342,0.04778015613555908,403134,0.009452075,0.005063950549811125,0.005035119131207466,0.005030437838286161
502732,pgd_eps0.008_alpha0.005_iter3,1.0000000000000002,0.0,0.98153114,44.754333569454666,0.9955935478210449,0.9973443150520325,0.13987591862678528,0.025515437126159668,402540,0.0096096005,0.005067118443548679,0.005044184159487486,0.005041650962084532
135561,pgd_eps0.008_alpha0.005_iter4,0.3246753246753248,0.23636363636363641,0.9784226,44.627712933097925,0.9951822757720947,0.9964373707771301,0.1796422153711319,0.03739798069000244,401889,0.009785119,0.005251780152320862,0.005244946572929621,0.005259907804429531
173044,pgd_eps0.008_alpha0.005_iter1,1.0000000000000002,0.5000000000000001,0.981304,45.115135986178515,0.9959513545036316,0.998073399066925,0.18561655282974243,0.04568237066268921,404905,0.009210648,0.004725824110209942,0.004722793120890856,0.004748741630464792
168458,pgd_eps0.008_alpha0.005_iter1,0.5000000000000001,0.3333333333333334,0.9816063,45.06072344363298,0.9956728219985962,0.9948192834854126,0.14067333936691284,0.025258541107177734,405249,0.0092789,0.0047821830958127975,0.00477249501273036,0.00477362098172307
512194,pgd_eps0.008_alpha0.005_iter1,1.0000000000000002,0.3333333333333334,0.98620087,45.19298648044584,0.9975098967552185,0.998954176902771,0.09878270328044891,0.0299532413482666,403857,0.009103253,0.004650229122489691,0.004679157864302397,0.00465389946475625
370042,pgd_eps0.008_alpha0.005_iter1,0.6450077700077699,0.3325757575757576,0.98300296,45.1263353156229,0.9962760806083679,0.998979926109314,0.17771729826927185,0.048059940338134766,405001,0.009195989,0.004731379449367523,0.0047065261751413345,0.004739344120025635
189436,pgd_eps0.008_alpha0.005_iter1,0.25000000000000006,0.1666666666666667,0.97839284,45.08730735973232,0.9960057139396667,0.9973055720329285,0.15686734020709991,0.0197296142578125,405099,0.009243509,0.004752393811941147,0.0047540487721562386,0.004759281873703003
533958,pgd_eps0.008_alpha0.005_iter1,1.0000000000000002,0.20000000000000004,0.9834359,45.13106190532196,0.9968969225883484,0.998633623123169,0.09445329010486603,0.0115090012550354,405498,0.009200379,0.0047479658387601376,0.004668915644288063,0.004780256655067205
117645,pgd_eps0.008_alpha0.005_iter2,0.5000000000000001,0.3333333333333334,0.972712,44.92028566154032,0.9933122396469116,0.9931675791740417,0.2656940817832947,0.060602664947509766,403747,0.009463754,0.005057270638644695,0.005028171930462122,0.005031762644648552
221708,pgd_eps0.008_alpha0.005_iter3,0.24675324675324678,0.18331668331668333,0.9809043,44.52433251765625,0.9958618879318237,0.9974451661109924,0.14307406544685364,0.022965431213378906,401680,0.009875738,0.005242844112217426,0.0052408198826014996,0.005201365798711777
202228,pgd_eps0.008_alpha0.005_iter1,0.5000000000000001,0.3333333333333334,0.97502714,45.07288814304655,0.9949356913566589,0.9950690269470215,0.17292821407318115,0.02925848960876465,404761,0.009259676,0.004770231433212757,0.00476824538782239,0.004760041367262602
403565,pgd_eps0.008_alpha0.005_iter1,0.6666666666666669,0.4000000000000001,0.98501664,45.143240856210554,0.9966692328453064,0.9988799691200256,0.13357187807559967,0.021481692790985107,404404,0.00917554,0.004701819270849228,0.004710288252681494,0.004696726333349943
211042,pgd_eps0.008_alpha0.005_iter1,0.5000000000000001,0.20000000000000004,0.982487,45.02642966582044,0.9963351488113403,0.9989621639251709,0.12240736186504364,0.017098605632781982,405311,0.009321547,0.004808119032531977,0.00480153551325202,0.004792683757841587
492878,pgd_eps0.008_alpha0.005_iter1,0.12121212121212119,0.10454545454545454,0.98110604,45.224918909467675,0.9974175691604614,0.9985429048538208,0.06348001211881638,0.008529901504516602,396364,0.009017293,0.004571626428514719,0.004666047170758247,0.004627864342182875
441586,pgd_eps0.008_alpha0.005_iter1,0.5090909090909091,0.3636363636363637,0.9818368,45.084814376284086,0.9962155222892761,0.9982168078422546,0.14374768733978271,0.0349690318107605,405094,0.009248877,0.004744780715554953,0.004755917005240917,0.004767868667840958
547816,pgd_eps0.008_alpha0.005_iter3,0.3333333333333334,0.28571428571428575,0.9773089,44.5859588735522,0.9947924613952637,0.9952769875526428,0.18155577778816223,0.03135418891906738,400638,0.009782502,0.0051946938037872314,0.005177181214094162,0.005186116322875023
306733,pgd_eps0.008_alpha0.005_iter1,0.38636363636363646,0.2575757575757576,0.9770971,45.02112688644898,0.9953221678733826,0.9910942316055298,0.16552218794822693,0.049399733543395996,405372,0.009326615,0.004805745556950569,0.004817949142307043,0.004794479813426733
530099,pgd_eps0.008_alpha0.005_iter3,0.5000000000000001,0.4000000000000001,0.96937126,44.74898988665731,0.9931526184082031,0.9770787358283997,0.3135032057762146,0.07136446237564087,396800,0.009548358,0.005073648877441883,0.005070544313639402,0.005062731448560953
97679,pgd_eps0.008_alpha0.005_iter3,0.38636363636363646,0.23106060606060608,0.98002887,44.6380440858243,0.9947988390922546,0.995883047580719,0.1962011605501175,0.04072540998458862,402808,0.009745634,0.005163852591067553,0.005142981186509132,0.005139988847076893
564127,pgd_eps0.008_alpha0.005_iter1,1.0000000000000002,0.5000000000000001,0.97855693,45.04740711533839,0.9955288767814636,0.9971591830253601,0.157181978225708,0.03355145454406738,405002,0.009292808,0.004790622275322676,0.004791831132024527,0.004774989560246468
251065,pgd_eps0.008_alpha0.005_iter1,1.0000000000000002,0.5000000000000001,0.9780775,45.081357738379424,0.9958090782165527,0.9974990487098694,0.13831695914268494,0.031148195266723633,404834,0.009249736,0.004768740385770798,0.004765225574374199,0.004743178840726614
3845,pgd_eps0.008_alpha0.005_iter8,0.3116883116883118,0.290909090909091,0.9805091,44.104057000008424,0.9960534572601318,0.9985138177871704,0.14205437898635864,0.02646470069885254,401349,0.010439877,0.005677695851773024,0.005665117874741554,0.0056531704030931
138819,pgd_eps0.008_alpha0.005_iter1,1.0000000000000002,0.3750000000000001,0.98393774,45.06696117041386,0.9965231418609619,0.9986217617988586,0.11913736164569855,0.030894994735717773,405252,0.009271398,0.0047734458930790424,0.004765644669532776,0.004774658475071192
205834,pgd_eps0.008_alpha0.005_iter2,1.0000000000000002,0.5000000000000001,0.9823301,44.858308475508586,0.9958267211914062,0.9984033107757568,0.17239895462989807,0.02520066499710083,403757,0.009533717,0.00508402893319726,0.00507778488099575,0.005075592547655106
348708,pgd_eps0.008_alpha0.005_iter6,0.3333333333333334,0.17142857142857146,0.9778606,44.52624311445118,0.994627833366394,0.9969809055328369,0.19405651092529297,0.033449530601501465,399273,0.009888401,0.005359846167266369,0.005327814724296331,0.0052836136892437935
166521,pgd_eps0.008_alpha0.005_iter2,0.3333333333333334,0.20000000000000004,0.9771593,44.79370246597382,0.9947821497917175,0.9957820773124695,0.2160433530807495,0.04411286115646362,403908,0.009610785,0.00516102509573102,0.005118954926729202,0.005115736275911331
485802,pgd_eps0.008_alpha0.005_iter2,1.0000000000000002,0.3333333333333334,0.97030467,44.88844151971232,0.9923673868179321,0.9829131364822388,0.33729690313339233,0.09074193239212036,403397,0.0094830645,0.005062128882855177,0.005070221610367298,0.005061378702521324
99054,pgd_eps0.008_alpha0.005_iter1,0.39393939393939403,0.38636363636363646,0.9803521,45.109518350480364,0.9956955313682556,0.9974782466888428,0.17787133157253265,0.02455449104309082,404996,0.009218029,0.004743457306176424,0.004727301653474569,0.004743870813399553
22969,pgd_eps0.008_alpha0.005_iter2,1.0000000000000002,0.5000000000000001,0.9882545,44.80717054462098,0.9971494078636169,0.9992261528968811,0.10335824638605118,0.03664207458496094,404519,0.009598733,0.005128379911184311,0.005120893009006977,0.005126859061419964
570539,pgd_eps0.008_alpha0.005_iter1,0.13636363636363635,0.10227272727272727,0.9820843,45.12573842731064,0.9968892931938171,0.9985145330429077,0.12202630937099457,0.025180816650390625,404886,0.009200973,0.004758497234433889,0.0047261761501431465,0.004695582669228315
278353,pgd_eps0.008_alpha0.005_iter2,1.0000000000000002,0.5000000000000001,0.99394226,44.85683194466777,0.998710572719574,0.9992694854736328,0.0337490439414978,0.0045563578605651855,404901,0.009549144,0.005086249206215143,0.00508521031588316,0.005088225472718477
158548,pgd_eps0.008_alpha0.005_iter2,0.3454545454545455,0.2878787878787879,0.98652965,44.784098032753306,0.9967904090881348,0.9986599683761597,0.11357821524143219,0.03221738338470459,404647,0.009628677,0.0051644970662891865,0.005132807418704033,0.005130623001605272
461405,pgd_eps0.008_alpha0.005_iter3,1.0000000000000002,0.2482517482517483,0.9837342,44.46299599733982,0.9962026476860046,0.9991136193275452,0.16067588329315186,0.03487348556518555,402702,0.009960327,0.005284897051751614,0.005292206536978483,0.005274506285786629
176606,pgd_eps0.008_alpha0.005_iter1,0.7500000000000002,0.6000000000000002,0.98845196,45.02808651447503,0.9975365400314331,0.9992860555648804,0.0938664972782135,0.025168299674987793,405357,0.00931925,0.0048109255731105804,0.004812571220099926,0.004776823800057173
44699,pgd_eps0.008_alpha0.005_iter3,1.0000000000000002,0.5000000000000001,0.98150736,44.53398276373115,0.9950610995292664,0.9977477788925171,0.16966423392295837,0.04158937931060791,402650,0.009872231,0.005236765369772911,0.005228030029684305,0.00522612826898694
559956,pgd_eps0.008_alpha0.005_iter2,0.6363636363636365,0.2987012987012987,0.9857867,44.79306539868304,0.9969279170036316,0.9989383220672607,0.11762727797031403,0.027241647243499756,404691,0.009627409,0.005156105384230614,0.0051277028396725655,0.005123613402247429
11197,pgd_eps0.008_alpha0.005_iter2,0.6000000000000001,0.538961038961039,0.98149157,44.78361165367205,0.9956434965133667,0.9980701804161072,0.1633157581090927,0.04008305072784424,404485,0.009628042,0.005156237632036209,0.005133839324116707,0.005131504964083433
483667,pgd_eps0.008_alpha0.005_iter2,0.6666666666666669,0.4166666666666668,0.9766762,44.85972186096723,0.9945880174636841,0.995724081993103,0.19204707443714142,0.03219807147979736,403772,0.009531703,0.005082330666482449,0.005091635510325432,0.0050765834748744965
448810,pgd_eps0.008_alpha0.005_iter2,1.0000000000000002,0.20000000000000004,0.98240584,44.79574896894823,0.9966962337493896,0.9985047578811646,0.12854433059692383,0.0359114408493042,404277,0.009610697,0.00516183115541935,0.005101870279759169,0.005135563667863607
724,pgd_eps0.008_alpha0.005_iter2,0.3333333333333334,0.25000000000000006,0.9816408,44.821807518733934,0.996163547039032,0.9982450008392334,0.15192055702209473,0.030314147472381592,404271,0.009581807,0.005128257907927036,0.005106717813760042,0.005105657037347555
51961,pgd_eps0.008_alpha0.005_iter2,1.0000000000000002,0.5000000000000001,0.9861536,44.834340175231624,0.9966772794723511,0.9990336894989014,0.13125213980674744,0.03516829013824463,403443,0.009561889,0.0050683943554759026,0.00510256364941597,0.005088014528155327
375278,pgd_eps0.008_alpha0.005_iter1,0.3090909090909092,0.28571428571428575,0.980939,45.13763995528039,0.9963078498840332,0.9982213973999023,0.1605558842420578,0.03238940238952637,405045,0.009185636,0.004693307913839817,0.004724781960248947,0.004735635127872229
302165,pgd_eps0.008_alpha0.005_iter1,0.5454545454545455,0.09965034965034965,0.9876248,45.120985925832684,0.9975593090057373,0.999100923538208,0.09784554690122604,0.02890855073928833,404616,0.009197451,0.004723594058305025,0.004717126023024321,0.004733134526759386
131131,pgd_eps0.008_alpha0.005_iter1,1.0000000000000002,0.20000000000000004,0.9812259,45.08277545594758,0.9962747097015381,0.9976239800453186,0.1374714970588684,0.03138232231140137,405107,0.009253134,0.004753333516418934,0.004763375967741013,0.004762726370245218
98839,pgd_eps0.008_alpha0.005_iter2,0.3333333333333334,0.28571428571428575,0.9817068,44.89381355965678,0.9961811900138855,0.998126208782196,0.1423245072364807,0.02948129177093506,404346,0.0094985245,0.00507107749581337,0.0050570364110171795,0.005041826982051134
402992,pgd_eps0.008_alpha0.005_iter5,0.9669421487603305,0.5000000000000001,0.9891484,44.10019220604319,0.9971604347229004,0.9991576671600342,0.1040414422750473,0.03459256887435913,404290,0.0104362955,0.005612388718873262,0.0056118834763765335,0.00561392679810524
240754,pgd_eps0.008_alpha0.005_iter1,0.6363636363636365,0.5000000000000001,0.9842582,45.03412007576812,0.9966301918029785,0.9991234540939331,0.13632026314735413,0.028138935565948486,405260,0.009309772,0.0047994451597332954,0.004796071443706751,0.004792829975485802
21167,pgd_eps0.008_alpha0.005_iter2,0.6666666666666669,0.6250000000000002,0.9736471,44.908355192573914,0.9938830733299255,0.987265408039093,0.24693424999713898,0.05417931079864502,403398,0.009462976,0.0050614746287465096,0.00504338089376688,0.005047601647675037
384468,pgd_eps0.008_alpha0.005_iter2,0.9090909090909092,0.6000000000000002,0.98749894,44.85777973801315,0.9971346855163574,0.9986432790756226,0.11287719011306763,0.03042125701904297,402026,0.0094974805,0.005062367767095566,0.0050459629856050014,0.005055056419223547
253742,pgd_eps0.008_alpha0.005_iter2,0.38181818181818195,0.3678239374262102,0.9890433,44.70000545086596,0.9973246455192566,0.999081015586853,0.09835238009691238,0.020828962326049805,405243,0.009738852,0.005229181610047817,0.00519408518448472,0.005178407300263643
186873,pgd_eps0.008_alpha0.005_iter1,0.31818181818181823,0.24242424242424246,0.9855247,45.066397168578746,0.997363269329071,0.9989412426948547,0.10001261532306671,0.015262603759765625,405286,0.009274422,0.0047826943919062614,0.00474526034668088,0.004783067852258682
82180,pgd_eps0.008_alpha0.005_iter2,0.5000000000000001,0.14285714285714288,0.9843383,44.848485584401196,0.9964158535003662,0.9991371631622314,0.14860478043556213,0.03884732723236084,404329,0.009554405,0.005110594443976879,0.0050848121754825115,0.005083391442894936
446522,pgd_eps0.008_alpha0.005_iter2,0.25000000000000006,0.22222222222222227,0.98078746,44.832376955094404,0.996137797832489,0.9978410601615906,0.1454036831855774,0.028863370418548584,404025,0.009566352,0.005123434588313103,0.00509350560605526,0.005092578940093517
552902,pgd_eps0.008_alpha0.005_iter3,1.0000000000000002,0.5000000000000001,0.98779005,44.653884295014564,0.9965912699699402,0.9994657039642334,0.1401800811290741,0.04163706302642822,403054,0.009724256,0.005140341352671385,0.005131951533257961,0.005118219647556543
125405,pgd_eps0.008_alpha0.005_iter3,1.0000000000000002,0.4000000000000001,0.98569304,44.54784206382527,0.9964035749435425,0.9989703297615051,0.14495554566383362,0.03119826316833496,403444,0.009866183,0.005228445399552584,0.00520668039098382,0.0052153063006699085
110211,pgd_eps0.008_alpha0.005_iter1,1.0000000000000002,0.5000000000000001,0.9832096,45.09453859565305,0.9961093664169312,0.9991722702980042,0.18572276830673218,0.04803192615509033,405110,0.009235676,0.004746106918901205,0.004745326936244965,0.004758379887789488
16010,pgd_eps0.008_alpha0.005_iter1,0.18181818181818185,0.1090909090909091,0.986361,45.05096339973704,0.9969090819358826,0.9984185099601746,0.1143079400062561,0.03776824474334717,405149,0.009291124,0.004780834540724754,0.0047876606695353985,0.004781895782798529
64462,pgd_eps0.008_alpha0.005_iter2,1.0000000000000002,0.5000000000000001,0.9770823,44.93610760990241,0.9952144026756287,0.9960545301437378,0.1827504187822342,0.05072581768035889,402830,0.0094375275,0.005012006964534521,0.0050081610679626465,0.005041833501309156
314182,pgd_eps0.008_alpha0.005_iter1,0.6969696969696971,0.4545454545454546,0.98037976,45.115987152090405,0.9962210655212402,0.9975835680961609,0.15941467881202698,0.01952838897705078,405076,0.009209895,0.0047357394360005856,0.004726571962237358,0.004741049837321043
248980,pgd_eps0.008_alpha0.005_iter1,0.18181818181818182,0.15151515151515152,0.9847722,45.047465475285904,0.9971699714660645,0.9990822076797485,0.10846859961748123,0.03296917676925659,405369,0.009297889,0.004796082619577646,0.004789617843925953,0.004777500871568918
68387,pgd_eps0.008_alpha0.005_iter1,0.8484848484848486,0.6363636363636365,0.97999734,45.05129170308028,0.9960085153579712,0.9983336329460144,0.13891804218292236,0.029246270656585693,405387,0.009292505,0.004786188714206219,0.00478268601000309,0.004778435919433832
345466,pgd_eps0.008_alpha0.005_iter3,0.5000000000000001,0.44444444444444453,0.9829084,44.59608473225365,0.9963589906692505,0.9986539483070374,0.12718625366687775,0.03150177001953125,402223,0.009795079,0.005190600175410509,0.005173700395971537,0.005171311087906361
352900,pgd_eps0.008_alpha0.005_iter3,0.5606060606060607,0.5537878787878789,0.9794774,44.51563231338449,0.995508074760437,0.9979804754257202,0.18037556111812592,0.03834223747253418,402317,0.009896437,0.00527570303529501,0.005250236019492149,0.005181805696338415
118367,pgd_eps0.008_alpha0.005_iter2,0.5000000000000001,0.4545454545454547,0.97853994,44.863657743858354,0.9951318502426147,0.9967106580734253,0.20493142306804657,0.03161430358886719,403807,0.009529618,0.005075378343462944,0.00508086197078228,0.005081309471279383
113235,pgd_eps0.008_alpha0.005_iter3,0.5000000000000001,0.3750000000000001,0.9872036,44.53243199751227,0.9968727827072144,0.9986709356307983,0.11589017510414124,0.03114992380142212,403423,0.009884612,0.005230186972767115,0.005234226584434509,0.00521856127306819
311303,pgd_eps0.008_alpha0.005_iter2,0.46753246753246763,0.3545454545454546,0.98024696,44.867808890728895,0.9956779479980469,0.9980143904685974,0.16008493304252625,0.03637540340423584,403607,0.009517454,0.005069433245807886,0.0050762128084897995,0.005065774545073509
163640,pgd_eps0.008_alpha0.005_iter2,0.5000000000000001,0.3000000000000001,0.98613304,44.79484929025104,0.9966593980789185,0.9988192319869995,0.12156955897808075,0.029487252235412598,404577,0.009615567,0.00511522963643074,0.0051416996866464615,0.005131271667778492
1490,pgd_eps0.008_alpha0.005_iter2,0.5000000000000001,0.3333333333333334,0.9797649,44.91947141409077,0.9945353269577026,0.9913280606269836,0.25296759605407715,0.11789613962173462,403636,0.009449794,0.005078563001006842,0.005007267463952303,0.005031057167798281
329456,pgd_eps0.008_alpha0.005_iter1,0.20454545454545459,0.13636363636363638,0.9813654,45.17585116263927,0.9964064359664917,0.9983957409858704,0.1494857668876648,0.04168891906738281,402413,0.009118156,0.0046707685105502605,0.004656350705772638,0.004710914101451635
570471,pgd_eps0.008_alpha0.005_iter2,0.44155844155844165,0.40340909090909105,0.9805258,44.8712936962728,0.9967776536941528,0.9983996748924255,0.14009946584701538,0.023216724395751953,400125,0.009490057,0.005089771933853626,0.005049663595855236,0.005031372420489788
88269,pgd_eps0.008_alpha0.005_iter2,1.0000000000000002,0.6000000000000002,0.9821252,44.90446584714191,0.9962543845176697,0.99849534034729,0.1331276297569275,0.024985074996948242,403018,0.00947086,0.005098101682960987,0.005071511957794428,0.004945022985339165
260470,pgd_eps0.008_alpha0.005_iter4,0.24350649350649353,0.23441558441558447,0.97995496,44.33589078544089,0.9958421587944031,0.9986502528190613,0.1738523691892624,0.035398244857788086,401216,0.010135753,0.005517163313925266,0.005478407256305218,0.005399743095040321
193494,pgd_eps0.008_alpha0.005_iter1,1.0000000000000002,0.5000000000000001,0.9848253,45.09633743651464,0.9967136383056641,0.9991779923439026,0.13347730040550232,0.02449166774749756,405060,0.009233462,0.004746364429593086,0.00474568922072649,0.004753291141241789
252776,pgd_eps0.008_alpha0.005_iter1,0.3333333333333334,0.25000000000000006,0.97783023,45.06885457694213,0.9956439733505249,0.9975563287734985,0.17971166968345642,0.035728275775909424,405033,0.009265092,0.004770237952470779,0.0047696135006845,0.0047677867114543915
201072,pgd_eps0.008_alpha0.005_iter1,0.9415584415584417,0.9318181818181819,0.98174876,45.0492749065404,0.9961457252502441,0.9988251328468323,0.15635979175567627,0.025359809398651123,405234,0.009291376,0.004781385883688927,0.004790568724274635,0.00478133000433445
18150,pgd_eps0.008_alpha0.005_iter2,0.3636363636363637,0.3545454545454546,0.9829163,44.847595903131115,0.9963547587394714,0.9983384013175964,0.12145575881004333,0.03249502182006836,403993,0.009551873,0.00509366812184453,0.0051008169539272785,0.0050886585377156734
337498,pgd_eps0.008_alpha0.005_iter3,0.7878787878787881,0.590909090909091,0.9829071,44.66731264890293,0.9969638586044312,0.9987285733222961,0.11854258924722672,0.022181034088134766,398422,0.009671469,0.005131004843860865,0.005095447413623333,0.005055607762187719
521405,pgd_eps0.008_alpha0.005_iter1,0.5000000000000001,0.25000000000000006,0.9822026,45.08819118999676,0.9961144328117371,0.9982733130455017,0.14295506477355957,0.019471943378448486,405087,0.009243734,0.004759354516863823,0.004749867599457502,0.004753925371915102
518770,pgd_eps0.008_alpha0.005_iter1,0.47727272727272735,0.4318181818181818,0.97904634,45.061617157408314,0.9957415461540222,0.9979500770568848,0.16914595663547516,0.025469660758972168,405145,0.009276651,0.004784796852618456,0.004768749698996544,0.004774368368089199
201646,pgd_eps0.008_alpha0.005_iter8,0.20000000000000004,0.15000000000000005,0.97563094,44.41025630875552,0.994045615196228,0.9924742579460144,0.21931850910186768,0.05662262439727783,397540,0.010010318,0.005430407356470823,0.005410534795373678,0.005410388112068176
36936,pgd_eps0.008_alpha0.005_iter4,0.5029515938606849,0.4014080195898378,0.9795702,44.35818442734793,0.9949230551719666,0.9975172877311707,0.1841059923171997,0.04074639081954956,402657,0.01011762,0.005483759567141533,0.005448778159916401,0.00543938996270299
59044,pgd_eps0.008_alpha0.005_iter1,0.18181818181818182,0.17803030303030307,0.97959596,45.127938848956,0.9960613250732422,0.9971848726272583,0.16908006370067596,0.045382022857666016,405091,0.0091953715,0.004722159821540117,0.004718371666967869,0.004734433721750975
172946,pgd_eps0.008_alpha0.005_iter9,0.1590909090909091,0.14630494670020364,0.9782197,44.22681103226359,0.9950474500656128,0.9976192116737366,0.19982582330703735,0.038458287715911865,401320,0.010266944,0.005551107693463564,0.005524897016584873,0.005542099475860596
234607,pgd_eps0.008_alpha0.005_iter1,0.6818181818181819,0.5454545454545455,0.97882265,45.028091462069135,0.9960713386535645,0.9980191588401794,0.13885188102722168,0.023262619972229004,405177,0.0093168225,0.004806749057024717,0.00480023305863142,0.0047954679466784
532690,pgd_eps0.008_alpha0.005_iter3,0.3333333333333334,0.1666666666666667,0.981617,44.66070259088983,0.9956872463226318,0.9976154565811157,0.1308469921350479,0.022597670555114746,402267,0.009720751,0.005136089399456978,0.0051238276064395905,0.005122893489897251
323895,pgd_eps0.008_alpha0.005_iter2,0.7727272727272729,0.3090909090909092,0.98031694,44.886361298879656,0.9950713515281677,0.9971180558204651,0.16387009620666504,0.03210848569869995,403908,0.009503388,0.0050727613270282745,0.005048758815973997,0.00506519665941596
384670,pgd_eps0.008_alpha0.005_iter2,0.6666666666666669,0.5000000000000001,0.9803717,44.901240655901574,0.9947370290756226,0.997664213180542,0.15476810932159424,0.03531593084335327,403898,0.00948628,0.005051848478615284,0.005055595189332962,0.005051001440733671
50326,pgd_eps0.008_alpha0.005_iter2,0.25000000000000006,0.14285714285714288,0.9793999,44.90168660775333,0.9953345060348511,0.9977409839630127,0.1877918541431427,0.04172873497009277,403649,0.009484219,0.005076106172055006,0.005041980650275946,0.005048507824540138
205542,pgd_eps0.008_alpha0.005_iter1,1.0000000000000002,0.5000000000000001,0.9868176,45.069938620318425,0.9973107576370239,0.9993880391120911,0.11610914766788483,0.02215707302093506,405321,0.009270078,0.004770982079207897,0.0047684237360954285,0.004767282400280237
217957,pgd_eps0.008_alpha0.005_iter1,1.0000000000000002,0.5000000000000001,0.9877834,45.25805657011189,0.9975554943084717,0.9989718794822693,0.10812559723854065,0.024699389934539795,398564,0.008945716,0.0045956093817949295,0.004582080990076065,0.004580599721521139
162035,pgd_eps0.008_alpha0.005_iter2,0.6818181818181819,0.6272727272727274,0.98157495,44.871117862303194,0.9959224462509155,0.9980607628822327,0.15212346613407135,0.03646022081375122,404406,0.00953017,0.005089400801807642,0.005063381977379322,0.00507737323641777
415727,pgd_eps0.008_alpha0.005_iter2,0.25000000000000006,0.0909090909090909,0.982851,44.847633990912925,0.9967546463012695,0.9985700845718384,0.13255378603935242,0.02380126714706421,403717,0.009537523,0.005120317917317152,0.005070696584880352,0.005081471987068653
182021,pgd_eps0.008_alpha0.005_iter2,0.5454545454545455,0.40909090909090917,0.9731296,44.89776978469906,0.9936641454696655,0.9948685169219971,0.2809646725654602,0.08321815729141235,402922,0.009467088,0.005060817580670118,0.005048390012234449,0.005059530958533287
90284,pgd_eps0.008_alpha0.005_iter2,1.0000000000000002,0.5000000000000001,0.9790215,44.83415411210973,0.9959143400192261,0.9967708587646484,0.12130661308765411,0.012510478496551514,402281,0.009517512,0.005090779159218073,0.00511146429926157,0.00510320533066988
286553,pgd_eps0.008_alpha0.005_iter5,0.5151515151515151,0.5005509641873279,0.9805873,44.18379467111851,0.9954890012741089,0.9974133968353271,0.15686427056789398,0.03786402940750122,402560,0.010327169,0.0055449046194553375,0.005532865412533283,0.005561635363847017
488736,pgd_eps0.008_alpha0.005_iter2,1.0000000000000002,0.3333333333333334,0.98833543,44.65234570649198,0.9974181056022644,0.9990711808204651,0.09969504177570343,0.03582710027694702,405174,0.009797135,0.005253173876553774,0.0052178166806697845,0.00525057315826416
63602,pgd_eps0.008_alpha0.005_iter1,0.6666666666666669,0.3333333333333334,0.97597647,45.051202191085196,0.9949163198471069,0.9938694834709167,0.19547301530838013,0.04694104194641113,405148,0.009289614,0.004784699063748121,0.004789500031620264,0.004771027714014053
383386,pgd_eps0.008_alpha0.005_iter1,0.5000000000000001,0.25000000000000006,0.98707885,45.05001825445025,0.9971450567245483,0.9987446665763855,0.10921895503997803,0.029360651969909668,405278,0.009293854,0.0047840820625424385,0.004790519829839468,0.004780685529112816
450686,pgd_eps0.008_alpha0.005_iter6,1.0000000000000002,0.4000000000000001,0.9751947,44.56478683865333,0.99399733543396,0.9962412714958191,0.19060809910297394,0.019887030124664307,400962,0.00986254,0.005309070460498333,0.005283062346279621,0.005284419283270836
5060,pgd_eps0.008_alpha0.005_iter1,1.0000000000000002,0.4000000000000001,0.9867363,45.10778149722168,0.9971317052841187,0.99857097864151,0.09836003929376602,0.01963329315185547,405121,0.009222327,0.004749460145831108,0.004734152927994728,0.004730242770165205
286523,pgd_eps0.008_alpha0.005_iter1,1.0000000000000002,0.6666666666666667,0.98222256,45.0722960339663,0.9969949722290039,0.9978948831558228,0.12139031291007996,0.027066349983215332,404477,0.0092534255,0.004758366383612156,0.004754354245960712,0.0047734808176755905
120420,pgd_eps0.008_alpha0.005_iter3,0.5272727272727273,0.3164600550964188,0.9871516,44.516445169804626,0.997164249420166,0.999072253704071,0.11323392391204834,0.026604175567626953,403376,0.009905172,0.005242359824478626,0.005243720952421427,0.005234121810644865
579655,pgd_eps0.008_alpha0.005_iter3,0.5404040404040406,0.5300865800865802,0.97439283,44.78829057070769,0.995388388633728,0.9973803758621216,0.20929093658924103,0.05969768762588501,392117,0.0094803795,0.005023766774684191,0.004990460351109505,0.004983669612556696
117908,pgd_eps0.008_alpha0.005_iter2,0.7045454545454547,0.5681818181818181,0.9772273,44.89841350928139,0.9950470924377441,0.9968767762184143,0.20419496297836304,0.04170876741409302,403491,0.009475418,0.0050963955000042915,0.0050398921594023705,0.005035220179706812
550322,pgd_eps0.008_alpha0.005_iter1,0.5227272727272728,0.3863636363636364,0.98496825,45.13177449398772,0.9968544840812683,0.9990191459655762,0.12707139551639557,0.017902731895446777,404601,0.009190372,0.004750198218971491,0.004752299282699823,0.004632984753698111
218362,pgd_eps0.008_alpha0.005_iter1,0.31818181818181823,0.21212121212121215,0.9736819,45.25897366327886,0.9960820078849792,0.9971922039985657,0.16015399992465973,0.029085159301757812,393241,0.008945613,0.004623102955520153,0.004612411372363567,0.00453069806098938
213224,pgd_eps0.008_alpha0.005_iter1,0.7878787878787881,0.590909090909091,0.98159057,45.027340105938165,0.996324896812439,0.9984642267227173,0.14019647240638733,0.023862481117248535,405391,0.009320779,0.004792969673871994,0.0048174140974879265,0.0047892858274281025
297578,pgd_eps0.008_alpha0.005_iter2,0.7500000000000002,0.6606060606060608,0.972882,44.95556775426958,0.9946338534355164,0.9960640668869019,0.2560003399848938,0.05377519130706787,397290,0.009364118,0.005002524238079786,0.004981766454875469,0.004993022885173559
458992,pgd_eps0.008_alpha0.005_iter1,0.6000000000000002,0.4285714285714287,0.9836693,45.0695051752255,0.9968852400779724,0.9986293911933899,0.11288104951381683,0.026472926139831543,405110,0.0092679225,0.004747721366584301,0.004789197817444801,0.004755835048854351
164602,pgd_eps0.008_alpha0.005_iter1,0.5151515151515152,0.5090909090909091,0.9812555,45.08911227692443,0.9963947534561157,0.9981573820114136,0.12631617486476898,0.02877122163772583,405158,0.009244338,0.004757468122988939,0.004750854801386595,0.0047558885999023914
440475,pgd_eps0.008_alpha0.005_iter3,0.3,0.24696011059647427,0.9810922,44.47332532750024,0.9958827495574951,0.9980058073997498,0.15615084767341614,0.04126924276351929,403061,0.009956075,0.005309290252625942,0.005264996085315943,0.005238378420472145
101762,pgd_eps0.008_alpha0.005_iter2,1.0000000000000002,0.6666666666666669,0.98249894,44.86700221579986,0.9961091876029968,0.9982485175132751,0.12788447737693787,0.03010404109954834,404392,0.009537809,0.005089560057967901,0.0050749103538692,0.005072318948805332
557501,pgd_eps0.008_alpha0.005_iter1,1.0000000000000002,0.3333333333333334,0.9794402,45.045266556802694,0.9961255788803101,0.997506320476532,0.1310812085866928,0.031121015548706055,405233,0.009299163,0.004800805822014809,0.0047869132831692696,0.0047777872532606125
203317,pgd_eps0.008_alpha0.005_iter1,1.0000000000000002,0.3333333333333334,0.98746043,45.056583627817226,0.997614860534668,0.9990788102149963,0.07032591849565506,0.015417397022247314,405390,0.009287082,0.004785600118339062,0.004774449858814478,0.00477962801232934
368940,pgd_eps0.008_alpha0.005_iter1,1.0000000000000002,0.3333333333333334,0.9798105,45.0655912572891,0.9959108829498291,0.9955697059631348,0.1496782898902893,0.03332865238189697,405146,0.00927193,0.004778077360242605,0.004765039309859276,0.0047731297090649605
569917,pgd_eps0.008_alpha0.005_iter2,0.5000000000000001,0.28571428571428575,0.9825997,44.84110650340832,0.995909571647644,0.9977771043777466,0.13190235197544098,0.023791015148162842,404130,0.009561825,0.005115358624607325,0.005089546553790569,0.005097863730043173
144798,pgd_eps0.008_alpha0.005_iter5,0.25000000000000006,0.23076923076923084,0.9722155,44.521775867055965,0.9931699633598328,0.9872007369995117,0.24974475800991058,0.06710231304168701,397991,0.009850058,0.005280135665088892,0.0052722482942044735,0.005269850604236126
284623,pgd_eps0.008_alpha0.005_iter1,0.4000000000000001,0.28571428571428575,0.9829541,45.06827480573942,0.9963043928146362,0.9984028339385986,0.1529560089111328,0.028317689895629883,405124,0.0092695905,0.004771081730723381,0.004771586507558823,0.004765948746353388
520301,pgd_eps0.008_alpha0.005_iter1,1.0000000000000002,0.5000000000000001,0.9826753,45.01980439439691,0.9966006278991699,0.9983221888542175,0.12562398612499237,0.019977152347564697,405123,0.009322889,0.004811447113752365,0.004808081313967705,0.00479435920715332
127987,pgd_eps0.008_alpha0.005_iter1,0.3333333333333334,0.28571428571428575,0.9784555,45.14933532436189,0.9962498545646667,0.9982897043228149,0.16243496537208557,0.034734249114990234,402226,0.009147953,0.004718989599496126,0.004688553512096405,0.004688868764787912
63740,pgd_eps0.008_alpha0.005_iter1,0.5974025974025975,0.5525252525252526,0.9828601,45.110686153759296,0.996911883354187,0.9985501766204834,0.12009960412979126,0.02531301975250244,404992,0.009216344,0.004751650616526604,0.004736790433526039,0.004720209166407585
36494,pgd_eps0.008_alpha0.005_iter1,0.1857864357864358,0.1848281130634072,0.9827111,45.21436542133981,0.9972102046012878,0.9990039467811584,0.12462973594665527,0.028900325298309326,398855,0.009047961,0.0046552191488444805,0.004657871555536985,0.004584534093737602
210032,pgd_eps0.008_alpha0.005_iter5,0.18181818181818185,0.15303030303030304,0.9810968,44.39416541337465,0.9955223798751831,0.9986902475357056,0.17790547013282776,0.02787715196609497,401683,0.010049109,0.005379894748330116,0.00536263408139348,0.00537089304998517
488270,pgd_eps0.008_alpha0.005_iter1,1.0000000000000002,0.5000000000000001,0.97450525,45.063496034912106,0.9942023158073425,0.9810740351676941,0.22131438553333282,0.06634378433227539,405258,0.009274197,0.004778680857270956,0.004764475394040346,0.004779248032718897
67180,pgd_eps0.008_alpha0.005_iter1,1.0000000000000002,0.5000000000000001,0.98977304,45.11307141247292,0.9976751208305359,0.999243438243866,0.09304217249155045,0.021697998046875,405269,0.009217066,0.004742822609841824,0.004729452542960644,0.004737997427582741
64359,pgd_eps0.008_alpha0.005_iter2,1.0000000000000002,0.5000000000000001,0.9811118,44.873004451355676,0.9955054521560669,0.9985547661781311,0.16897207498550415,0.0427929162979126,404191,0.009524148,0.005093593616038561,0.00506100058555603,0.005072008818387985
126226,pgd_eps0.008_alpha0.005_iter2,0.24242424242424243,0.17489177489177493,0.9825533,44.877680671036764,0.9962587356567383,0.9973298907279968,0.12689512968063354,0.026931464672088623,403079,0.009505861,0.005074413493275642,0.005072974134236574,0.005043950863182545
190923,pgd_eps0.008_alpha0.005_iter1,0.38636363636363646,0.3390151515151516,0.98526174,45.117502945427724,0.9973338842391968,0.9991312026977539,0.11011888086795807,0.01993703842163086,405102,0.009211126,0.004729177802801132,0.004721836652606726,0.00475060660392046
150265,pgd_eps0.008_alpha0.005_iter2,0.6666666666666669,0.4285714285714287,0.98152107,44.85827946370408,0.9956862330436707,0.9978113174438477,0.1333451271057129,0.021866559982299805,404334,0.009547324,0.005090630147606134,0.005096339620649815,0.005066103767603636
216739,pgd_eps0.008_alpha0.005_iter1,0.8181818181818183,0.7727272727272728,0.97734666,45.03802470988277,0.9950330257415771,0.9866604804992676,0.20879274606704712,0.03367459774017334,405377,0.009305096,0.004793887492269278,0.004803610034286976,0.004783221986144781
38048,pgd_eps0.008_alpha0.005_iter1,0.7500000000000002,0.6000000000000002,0.97987634,45.10105150788897,0.9956149458885193,0.9968234896659851,0.18831010162830353,0.02576899528503418,404921,0.009226035,0.0047509572468698025,0.004740467295050621,0.004742146003991365
354829,pgd_eps0.008_alpha0.005_iter2,1.0000000000000002,0.2666666666666667,0.9807348,44.87157786512747,0.9959741830825806,0.9978806972503662,0.17428740859031677,0.040329813957214355,404348,0.009527039,0.005095234606415033,0.005079357419162989,0.005052040796726942
525155,pgd_eps0.008_alpha0.005_iter2,0.5000000000000001,0.3333333333333334,0.9750931,44.863534970208306,0.9939467906951904,0.9917371273040771,0.27905890345573425,0.05125248432159424,403454,0.009515412,0.005103226285427809,0.0050696092657744884,0.005074535496532917
163314,pgd_eps0.008_alpha0.005_iter2,0.13636363636363638,0.09065656565656566,0.9818645,44.875206267782346,0.9962751865386963,0.9986003041267395,0.16525229811668396,0.05468261241912842,404038,0.009517235,0.005109007470309734,0.005056052003055811,0.005059422459453344
259571,pgd_eps0.008_alpha0.005_iter1,0.5151515151515152,0.5075757575757577,0.9793911,45.125034112713614,0.9957165718078613,0.9979274272918701,0.1981024593114853,0.04601162672042847,405073,0.009198579,0.004725555423647165,0.0047163101844489574,0.004740392789244652
561679,pgd_eps0.008_alpha0.005_iter2,1.0000000000000002,0.25000000000000006,0.98365664,44.935824181635084,0.9967994689941406,0.99855637550354,0.12019740790128708,0.029435336589813232,403165,0.009437429,0.005031297914683819,0.005038835573941469,0.004962630569934845
153529,pgd_eps0.008_alpha0.005_iter1,0.5681818181818183,0.49090909090909085,0.9853931,45.118991509844726,0.9969457983970642,0.9985350370407104,0.10589320212602615,0.020242929458618164,405095,0.009204272,0.004707999061793089,0.004744882695376873,0.004731772001832724
473015,pgd_eps0.008_alpha0.005_iter2,0.2727272727272727,0.25,0.9793339,44.86361972097576,0.9949743747711182,0.9970059990882874,0.18738088011741638,0.06299179792404175,403750,0.00952725,0.005129924044013023,0.005047470331192017,0.005054678302258253
379800,pgd_eps0.008_alpha0.005_iter1,0.7575757575757578,0.4545454545454546,0.98775035,45.07108360990864,0.9974592924118042,0.9990249872207642,0.08804555237293243,0.027450084686279297,405081,0.009267001,0.004774858243763447,0.004762683995068073,0.004757713060826063
253835,pgd_eps0.008_alpha0.005_iter5,0.34848484848484856,0.2866161616161617,0.9826076,44.35482366826943,0.9954179525375366,0.9974173307418823,0.13851815462112427,0.0290067195892334,403045,0.01010807,0.005413349252194166,0.005400916561484337,0.0054022762924432755
34071,pgd_eps0.008_alpha0.005_iter1,1.0000000000000002,0.5000000000000001,0.9709359,45.16725932509178,0.9943028688430786,0.9885437488555908,0.25181397795677185,0.07522368431091309,404470,0.009142888,0.004720075987279415,0.004569860175251961,0.004773900844156742
36861,pgd_eps0.008_alpha0.005_iter1,1.0000000000000002,0.5000000000000001,0.9850941,45.041315134540014,0.9967867732048035,0.9985265135765076,0.10465124249458313,0.017728567123413086,405327,0.009303149,0.004790595732629299,0.004785618744790554,0.004795475397258997
569565,pgd_eps0.008_alpha0.005_iter1,0.5000000000000001,0.25000000000000006,0.9847297,45.06510998405449,0.9965475797653198,0.9988234639167786,0.14165249466896057,0.038822293281555176,405207,0.00927406,0.004783977288752794,0.00478374632075429,0.004750031977891922
219271,pgd_eps0.008_alpha0.005_iter1,0.10303030303030303,0.08806818181818182,0.9821234,45.08943893032896,0.9962579011917114,0.9983218908309937,0.17322765290737152,0.0304107666015625,405239,0.009241997,0.004755363333970308,0.004746503662317991,0.004762114491313696
205647,pgd_eps0.008_alpha0.005_iter1,1.0000000000000002,0.5000000000000001,0.97991234,45.07281861560585,0.9953470230102539,0.9965380430221558,0.19361591339111328,0.04862785339355469,405137,0.009263827,0.004767647013068199,0.004764672368764877,0.004769300110638142
460841,pgd_eps0.008_alpha0.005_iter1,0.5000000000000001,0.25000000000000006,0.9755485,45.0829520280769,0.9948679804801941,0.9938648343086243,0.20574241876602173,0.04688763618469238,405104,0.0092512,0.0047645773738622665,0.004752481356263161,0.004761737771332264
123131,pgd_eps0.008_alpha0.005_iter1,0.27272727272727276,0.18181818181818185,0.9799827,45.220830033764244,0.9954168796539307,0.9919504523277283,0.19133375585079193,0.04962366819381714,403513,0.00906378,0.004761597607284784,0.004668448120355606,0.004479781724512577
334006,pgd_eps0.008_alpha0.005_iter3,0.6363636363636365,0.6000000000000002,0.98292035,44.558635315944485,0.9958354830741882,0.9984565377235413,0.15889468789100647,0.04423880577087402,403129,0.00985032,0.005226948764175177,0.005193948745727539,0.005205981899052858
511599,pgd_eps0.008_alpha0.005_iter2,0.20292207792207792,0.1312868949232586,0.98530763,44.792728384750944,0.9963763952255249,0.9986211657524109,0.12287548929452896,0.028737962245941162,404974,0.009627246,0.005162369459867477,0.005112358368933201,0.005138373002409935
174004,pgd_eps0.008_alpha0.005_iter1,1.0000000000000002,0.5000000000000001,0.98979,45.06152392857895,0.997639536857605,0.9992753863334656,0.09110728651285172,0.029337644577026367,404983,0.009274649,0.004772029351443052,0.0047708600759506226,0.004772189073264599
519764,pgd_eps0.008_alpha0.005_iter1,0.3333333333333334,0.25000000000000006,0.9758141,45.1453645893934,0.995698869228363,0.9969016909599304,0.17614075541496277,0.032688915729522705,404265,0.00916939,0.0047340430319309235,0.0047562001273036,0.00463256286457181
137576,pgd_eps0.008_alpha0.005_iter2,0.2272727272727273,0.13863636363636367,0.99078494,44.87079997765221,0.9979729652404785,0.9992338418960571,0.06427623331546783,0.007714629173278809,404649,0.00953573,0.0050762854516506195,0.005060776602476835,0.005080739967525005
87470,pgd_eps0.008_alpha0.005_iter4,0.4848484848484849,0.361439393939394,0.98414797,44.51501452485766,0.9962047934532166,0.9987224340438843,0.1370067000389099,0.028244614601135254,403325,0.009940665,0.00535846222192049,0.005323572549968958,0.005338425748050213
9769,pgd_eps0.008_alpha0.005_iter1,0.7878787878787881,0.590909090909091,0.98924017,45.09765322710149,0.9977222681045532,0.9992596507072449,0.09797587245702744,0.024863779544830322,405168,0.009235015,0.004747086204588413,0.004750087391585112,0.004745179321616888
558114,pgd_eps0.008_alpha0.005_iter1,0.27272727272727276,0.2722123192711428,0.98548937,45.123204337481226,0.997313380241394,0.998897910118103,0.10681183636188507,0.024311184883117676,404996,0.009204515,0.004752398934215307,0.00469243386760354,0.004731276072561741
205776,pgd_eps0.008_alpha0.005_iter1,1.0000000000000002,0.20000000000000004,0.98272055,45.04235709001476,0.9962469339370728,0.9987190365791321,0.14893221855163574,0.03849130868911743,405375,0.009299722,0.004790425766259432,0.004792808089405298,0.004786497913300991
163257,pgd_eps0.008_alpha0.005_iter2,0.25000000000000006,0.14285714285714288,0.97642016,44.961626743913364,0.9951180219650269,0.9961407780647278,0.19138987362384796,0.029101669788360596,400065,0.0093764905,0.00500353891402483,0.004989082925021648,0.005001187790185213
475678,pgd_eps0.008_alpha0.005_iter1,0.9015151515151517,0.4193618881118881,0.984659,45.06979729436192,0.9972949028015137,0.9986591339111328,0.10463936626911163,0.02477973699569702,405277,0.00926907,0.004755440168082714,0.004777754656970501,0.004770276136696339
85478,pgd_eps0.008_alpha0.005_iter2,0.5000000000000001,0.12500000000000003,0.9823714,44.899262237087314,0.9957294464111328,0.9988123178482056,0.19522079825401306,0.03628736734390259,404248,0.009493824,0.005060031544417143,0.005062005016952753,0.0050505236722528934
318080,pgd_eps0.008_alpha0.005_iter2,1.0000000000000002,0.5000000000000001,0.9868254,44.90109722983587,0.9968857169151306,0.9991716742515564,0.12588189542293549,0.035715460777282715,404424,0.009498812,0.005057955160737038,0.005054378416389227,0.0050482903607189655
361551,pgd_eps0.008_alpha0.005_iter1,0.6363636363636365,0.4545454545454546,0.980581,45.09529616030321,0.996132493019104,0.9981076717376709,0.1344149112701416,0.022214651107788086,405087,0.009235915,0.004762136843055487,0.004732054192572832,0.004756811074912548
236784,pgd_eps0.008_alpha0.005_iter3,1.0000000000000002,0.5000000000000001,0.9861167,44.682954201316974,0.9969203472137451,0.996271550655365,0.11743538081645966,0.03530329465866089,401814,0.009689049,0.005107977893203497,0.0051111821085214615,0.005120539106428623
92839,pgd_eps0.008_alpha0.005_iter1,1.0000000000000002,0.5000000000000001,0.9839222,45.045263838487855,0.9967554807662964,0.9986863136291504,0.11757959425449371,0.027492880821228027,405288,0.009300101,0.004782356787472963,0.004786089528352022,0.004791825078427792
42296,pgd_eps0.008_alpha0.005_iter3,0.3333333333333334,0.10511363636363633,0.98342174,44.682844904114695,0.9958354830741882,0.9985330104827881,0.16315710544586182,0.028521716594696045,402738,0.009694067,0.005138701759278774,0.005101863760501146,0.005103187635540962
560266,pgd_eps0.008_alpha0.005_iter2,1.0000000000000002,0.3333333333333334,0.9864623,44.85158822710554,0.9964138865470886,0.9991950988769531,0.151107057929039,0.03891468048095703,404396,0.009551683,0.005080848466604948,0.005101638380438089,0.005086921621114016
486479,pgd_eps0.008_alpha0.005_iter2,0.5000000000000001,0.3333333333333334,0.98194027,44.82344460841736,0.9959759712219238,0.998663067817688,0.1523548662662506,0.032749176025390625,403224,0.009562224,0.0051038251258432865,0.005117102991789579,0.00511441845446825
127955,pgd_eps0.008_alpha0.005_iter2,1.0000000000000002,0.3333333333333334,0.98578596,44.88943366082236,0.9961004257202148,0.9987576603889465,0.15155985951423645,0.04739665985107422,404448,0.009502859,0.005063239485025406,0.005061273463070393,0.005063222721219063
307658,pgd_eps0.008_alpha0.005_iter2,1.0000000000000002,0.5000000000000001,0.99147445,44.89730525220814,0.9979061484336853,0.9988558888435364,0.0494108721613884,0.006528615951538086,404531,0.009495503,0.005059398245066404,0.005061487667262554,0.005049262195825577
417465,pgd_eps0.008_alpha0.005_iter1,1.0000000000000002,0.5000000000000001,0.9823203,45.06840145508974,0.995834231376648,0.9983617663383484,0.1666983664035797,0.030910730361938477,404591,0.009263932,0.004771573469042778,0.004762889351695776,0.004767600446939468
342971,pgd_eps0.008_alpha0.005_iter1,1.0000000000000002,0.6666666666666669,0.977724,45.12713939218152,0.9948047399520874,0.9704132080078125,0.24334198236465454,0.04129528999328613,404879,0.009194655,0.004728677216917276,0.00471023702993989,0.004737560637295246
11760,pgd_eps0.008_alpha0.005_iter2,1.0000000000000002,0.3333333333333334,0.98837966,44.860096008070336,0.9968907237052917,0.9994006156921387,0.1334078311920166,0.045244574546813965,404585,0.009537517,0.0051011499017477036,0.00507066585123539,0.005074124317616224
69106,pgd_eps0.008_alpha0.005_iter2,0.7272727272727274,0.20000000000000004,0.98368114,44.85792213992081,0.9957882165908813,0.9988226890563965,0.160376638174057,0.04138880968093872,404611,0.009547386,0.0051063974387943745,0.005074668675661087,0.005085127893835306
70158,pgd_eps0.008_alpha0.005_iter3,1.0000000000000002,0.5000000000000001,0.9877212,44.58069675513792,0.9967560172080994,0.9992372989654541,0.13460977375507355,0.027927756309509277,402777,0.009810868,0.005166593939065933,0.0051789130084216595,0.005186818074434996
176634,pgd_eps0.008_alpha0.005_iter2,1.0000000000000002,0.3333333333333334,0.9875364,44.82122897390177,0.9974111914634705,0.9991248846054077,0.10723533481359482,0.033180952072143555,404618,0.009587517,0.005097345914691687,0.005109000951051712,0.005116845481097698
281447,pgd_eps0.008_alpha0.005_iter2,1.0000000000000002,0.25,0.98342913,44.854052860791825,0.9960179328918457,0.9988220930099487,0.15672972798347473,0.03452610969543457,404193,0.009542537,0.0051054744981229305,0.0050825439393520355,0.005084086209535599
552371,pgd_eps0.008_alpha0.005_iter1,0.5454545454545455,0.27272727272727276,0.9835653,45.08517279413365,0.9966821074485779,0.9989964365959167,0.1386849284172058,0.030323028564453125,403981,0.009238567,0.004766393452882767,0.004752260632812977,0.004733048379421234
361919,pgd_eps0.008_alpha0.005_iter2,0.24242424242424246,0.1569377990430622,0.9785919,44.786951430679366,0.9947282075881958,0.9953355193138123,0.21220748126506805,0.05013680458068848,403512,0.009595321,0.005159844644367695,0.005126552656292915,0.005137123633176088
138115,pgd_eps0.008_alpha0.005_iter1,1.0000000000000002,0.0,0.97659856,45.125047344753185,0.9957499504089355,0.9970249533653259,0.175446018576622,0.020857810974121094,404306,0.009196375,0.004680455196648836,0.00477336160838604,0.004718421027064323
114871,pgd_eps0.008_alpha0.005_iter1,0.5000000000000001,0.3333333333333334,0.97513515,45.046208723065966,0.994781494140625,0.9918283820152283,0.20557034015655518,0.04091811180114746,405164,0.009295592,0.0047904676757752895,0.004791546147316694,0.0047796969301998615
374369,pgd_eps0.008_alpha0.005_iter3,1.0000000000000002,0.6666666666666669,0.9702557,44.73379044937025,0.9926711320877075,0.9825771450996399,0.3031100630760193,0.06611508131027222,400425,0.009609151,0.005090702325105667,0.005071479827165604,0.005063716322183609
123213,pgd_eps0.008_alpha0.005_iter4,0.7272727272727273,0.6195286195286197,0.98021245,44.427281041248854,0.9949408769607544,0.998138427734375,0.17897427082061768,0.04579275846481323,402437,0.010035552,0.005421512294560671,0.0054025836288928986,0.005398765671998262
357742,pgd_eps0.008_alpha0.005_iter1,1.0000000000000002,0.5000000000000001,0.97791654,45.1229516125131,0.9953022003173828,0.9843185544013977,0.19757986068725586,0.051276326179504395,405025,0.009199668,0.004731451161205769,0.004713767673820257,0.00473804771900177
439854,pgd_eps0.008_alpha0.005_iter1,0.6590909090909092,0.3766233766233767,0.9753084,45.08388906717946,0.9949898719787598,0.99437016248703,0.20602458715438843,0.04625904560089111,405083,0.009248315,0.0047285971231758595,0.004769512917846441,0.004779787268489599
465836,pgd_eps0.008_alpha0.005_iter3,0.5454545454545455,0.4285714285714287,0.9829974,44.58839395704925,0.9963603019714355,0.9985082149505615,0.1489851176738739,0.03926420211791992,403063,0.009820979,0.0051907747983932495,0.005186487454921007,0.00518233934417367
414385,pgd_eps0.008_alpha0.005_iter2,0.8484848484848486,0.6818181818181819,0.9769201,44.9020711558787,0.9947859644889832,0.9899726510047913,0.20290234684944153,0.03654050827026367,403583,0.009479108,0.005063219461590052,0.005047518759965897,0.005049277096986771
322724,pgd_eps0.008_alpha0.005_iter1,1.0000000000000002,0.6666666666666669,0.9781358,45.2881440780792,0.9955568313598633,0.9949069023132324,0.19389614462852478,0.06035339832305908,398957,0.008913497,0.004501858726143837,0.004591170698404312,0.004586203023791313
320664,pgd_eps0.008_alpha0.005_iter2,0.4000000000000001,0.18750000000000006,0.9834767,44.83266922943123,0.9965922236442566,0.9985771775245667,0.13279172778129578,0.017328321933746338,404075,0.009568516,0.005108691286295652,0.005097866524010897,0.0050933100283145905
481390,pgd_eps0.008_alpha0.005_iter2,0.14545454545454548,0.1278049647614865,0.987292,44.623347990295905,0.9972398281097412,0.998984158039093,0.09605623781681061,0.02513599395751953,404742,0.009830358,0.005236600060015917,0.00524537917226553,0.005278353113681078
276434,pgd_eps0.008_alpha0.005_iter1,0.3090909090909092,0.22077922077922082,0.9802773,45.08154577296834,0.9961239099502563,0.9979606866836548,0.1557212769985199,0.03238409757614136,405016,0.0092504425,0.004746416117995977,0.004767200443893671,0.004758958239108324
579635,pgd_eps0.008_alpha0.005_iter3,1.0000000000000002,0.5000000000000001,0.9770226,44.67560726238992,0.9940750002861023,0.9931536912918091,0.22712117433547974,0.055348992347717285,402137,0.009697604,0.005108432378619909,0.005129644647240639,0.005120452027767897
295316,pgd_eps0.008_alpha0.005_iter2,0.5,0.3787878787878789,0.9791145,44.82427106082393,0.9948641657829285,0.9961074590682983,0.18474793434143066,0.05274808406829834,403035,0.0095507195,0.005088823847472668,0.005120781250298023,0.005111569073051214
571313,pgd_eps0.008_alpha0.005_iter2,0.5000000000000001,0.42857142857142866,0.97832996,44.823559583189756,0.9953635931015015,0.995217502117157,0.19022320210933685,0.028349876403808594,404229,0.009580538,0.0051289331167936325,0.005099834408611059,0.0051083629950881
183127,pgd_eps0.008_alpha0.005_iter3,1.0000000000000002,0.4000000000000001,0.9789184,44.742507370242166,0.9944124221801758,0.9969556927680969,0.1967027187347412,0.0608670711517334,401744,0.009613607,0.005080025177448988,0.005066140089184046,0.0050661866553127766
115898,pgd_eps0.008_alpha0.005_iter3,1.0000000000000002,0.6666666666666669,0.9855177,44.66632327880784,0.9962520599365234,0.9988359808921814,0.15764068067073822,0.04633510112762451,402891,0.00971027,0.005123605020344257,0.005119635257869959,0.0051218848675489426
146358,pgd_eps0.008_alpha0.005_iter1,0.6931818181818183,0.6875000000000002,0.9808206,45.09823763586254,0.9962148666381836,0.9976629018783569,0.17503678798675537,0.032433509826660156,405115,0.009230523,0.004743644502013922,0.004744652193039656,0.004751874133944511
329542,pgd_eps0.008_alpha0.005_iter1,0.3333333333333334,0.25000000000000006,0.9827738,45.04865212868174,0.9971040487289429,0.998400092124939,0.10675475001335144,0.00926661491394043,405253,0.0092965895,0.004786226898431778,0.004782154690474272,0.004789143335074186
189752,pgd_eps0.008_alpha0.005_iter1,0.5795454545454546,0.4545454545454546,0.9849327,45.095522402812605,0.9972295165061951,0.9988545179367065,0.11170093715190887,0.027189195156097412,405187,0.009235955,0.0047573186457157135,0.004746770486235619,0.004741665441542864
290163,pgd_eps0.008_alpha0.005_iter2,0.3454545454545455,0.1609848484848485,0.98231816,44.82675150288118,0.9967409372329712,0.9984083771705627,0.11292795091867447,0.015139400959014893,404201,0.009580552,0.005119000095874071,0.005113327410072088,0.005094164051115513
91406,pgd_eps0.008_alpha0.005_iter1,0.393939393939394,0.3060606060606061,0.9798093,45.05024414367203,0.9959057569503784,0.9982231855392456,0.15743699669837952,0.03361868858337402,405130,0.009288125,0.004785305354744196,0.004778631497174501,0.004785214550793171
322352,pgd_eps0.008_alpha0.005_iter1,0.5818181818181819,0.5701298701298702,0.9851807,45.1342761016057,0.997208833694458,0.9988299012184143,0.11072269082069397,0.020400285720825195,403949,0.009170742,0.004725286737084389,0.004699393175542355,0.004711786285042763
223959,pgd_eps0.008_alpha0.005_iter1,1.0000000000000002,0.6666666666666669,0.9794224,45.03756902355668,0.9957126379013062,0.9980133771896362,0.15458597242832184,0.017989158630371094,405411,0.009308342,0.004804410506039858,0.004784861579537392,0.004793381318449974
326248,pgd_eps0.008_alpha0.005_iter2,0.20454545454545456,0.15085127940241577,0.9827275,44.689830641324164,0.9962720274925232,0.9985995888710022,0.1535135805606842,0.04237794876098633,404483,0.009735608,0.005237569101154804,0.005189328920096159,0.0052095032297074795
218439,pgd_eps0.008_alpha0.005_iter1,0.5303030303030304,0.3535353535353536,0.984327,45.103196977767546,0.9969820380210876,0.9988945126533508,0.11613772809505463,0.02669215202331543,404858,0.00922015,0.004743581172078848,0.004727363120764494,0.004744967445731163
453722,pgd_eps0.008_alpha0.005_iter1,0.6666666666666669,0.5000000000000001,0.9839476,45.11515187163775,0.9965826869010925,0.9989174604415894,0.13924540579319,0.041225552558898926,404733,0.00920544,0.004746793769299984,0.0047221314162015915,0.004725819453597069
293625,pgd_eps0.008_alpha0.005_iter5,0.2575757575757576,0.23966942148760337,0.9777777,44.45143005185713,0.9951004981994629,0.9967420101165771,0.192205548286438,0.04416513442993164,401358,0.00998089,0.0053390576504170895,0.0053109354339540005,0.0053313844837248325
411817,pgd_eps0.008_alpha0.005_iter1,0.9545454545454548,0.7454545454545455,0.9853926,45.189980405909765,0.9974896907806396,0.9988139271736145,0.09923723340034485,0.02547919750213623,404263,0.009111231,0.004676205571740866,0.004662062972784042,0.004674396011978388
546964,pgd_eps0.008_alpha0.005_iter1,0.45454545454545464,0.35621521335807055,0.987159,45.14112783954587,0.997672438621521,0.9990918636322021,0.09430894255638123,0.02254539728164673,404898,0.009182436,0.004731912165880203,0.004667691420763731,0.004735090304166079
215259,pgd_eps0.008_alpha0.005_iter3,0.4848484848484849,0.23140495867768598,0.9760251,44.61161951078212,0.9946767091751099,0.9967069625854492,0.21253737807273865,0.027722656726837158,401600,0.009769638,0.005179218482226133,0.005169789772480726,0.0051579768769443035
573094,pgd_eps0.008_alpha0.005_iter1,0.4285714285714287,0.31363636363636366,0.98012644,45.05568611259845,0.9963390231132507,0.9980732798576355,0.14306029677391052,0.025705158710479736,405009,0.009279723,0.004781899508088827,0.0047765132039785385,0.004774000495672226
560011,pgd_eps0.008_alpha0.005_iter8,0.3333333333333334,0.14285714285714288,0.9696627,44.6022617680953,0.9925336241722107,0.9740623831748962,0.36082392930984497,0.08937883377075195,397253,0.009772436,0.005288174841552973,0.005246796645224094,0.005275207571685314
38576,pgd_eps0.008_alpha0.005_iter2,0.8484848484848486,0.6161616161616162,0.978631,44.90971017768247,0.9954642057418823,0.9960290789604187,0.17696450650691986,0.02603733539581299,403127,0.009455418,0.005056012887507677,0.005032975226640701,0.005035584792494774
147729,pgd_eps0.008_alpha0.005_iter1,0.8181818181818183,0.5367965367965369,0.97800845,45.11427157482507,0.9955364465713501,0.9957395195960999,0.17198647558689117,0.03621649742126465,405154,0.009215407,0.004738685674965382,0.004726892802864313,0.004740234464406967
579307,pgd_eps0.008_alpha0.005_iter3,0.5151515151515152,0.3090909090909092,0.9809272,44.58179390371943,0.9953669309616089,0.9970542192459106,0.17253507673740387,0.024163126945495605,402199,0.009807626,0.005190717987716198,0.005188701208680868,0.005192377604544163
154425,pgd_eps0.008_alpha0.005_iter2,1.0000000000000002,0.5000000000000001,0.9840563,44.79728265209989,0.9962031841278076,0.9985952377319336,0.14403806626796722,0.044554054737091064,404531,0.009616719,0.005141577683389187,0.005121852271258831,0.005123410373926163
432898,pgd_eps0.008_alpha0.005_iter5,0.1772727272727273,0.1131324063142245,0.97878,44.385857431051186,0.9946117401123047,0.9961255788803101,0.19265113770961761,0.026274919509887695,401708,0.010053342,0.00539341289550066,0.005368805956095457,0.005383655428886414
404923,pgd_eps0.008_alpha0.005_iter1,1.0000000000000002,0.3454545454545455,0.98556894,45.012965208425115,0.9963335990905762,0.9985855221748352,0.1157170832157135,0.025159001350402832,405473,0.009339327,0.004812640603631735,0.004823308903723955,0.004800250753760338
130586,pgd_eps0.008_alpha0.005_iter3,1.0000000000000002,0.5000000000000001,0.9841216,44.692976010265994,0.9957157373428345,0.9950859546661377,0.1804976463317871,0.03466063737869263,390194,0.009470792,0.0049953218549489975,0.004998921882361174,0.005002909805625677
163057,pgd_eps0.008_alpha0.005_iter4,0.3203463203463204,0.16040843214756262,0.98246884,44.425009996443805,0.9951725006103516,0.996759295463562,0.17025533318519592,0.0586925745010376,403128,0.010027509,0.005426172167062759,0.005427338648587465,0.005349024664610624
7511,pgd_eps0.008_alpha0.005_iter5,0.27272727272727276,0.15151515151515152,0.9809125,44.47208066134033,0.9952309131622314,0.9977148771286011,0.15832725167274475,0.049306631088256836,400411,0.009935075,0.005335057154297829,0.005302320700138807,0.005275305360555649
67406,pgd_eps0.008_alpha0.005_iter2,1.0000000000000002,0.6666666666666669,0.97337586,44.87084153139283,0.9933176040649414,0.9610775709152222,0.27553558349609375,0.07207882404327393,403153,0.009499506,0.005102082621306181,0.005066559184342623,0.005060004070401192
290179,pgd_eps0.008_alpha0.005_iter2,0.2575757575757576,0.22857142857142862,0.98233294,44.75510701793656,0.9957835078239441,0.9986374378204346,0.18087247014045715,0.0636281967163086,404667,0.009667991,0.00518177030608058,0.005160074681043625,0.005152399651706219
248752,pgd_eps0.008_alpha0.005_iter1,0.7500000000000002,0.5000000000000001,0.97746545,45.10959029755762,0.9955193996429443,0.9979868531227112,0.18785002827644348,0.03118753433227539,405167,0.009216744,0.00474200863391161,0.004729274660348892,0.004746102262288332
54593,pgd_eps0.008_alpha0.005_iter3,0.46464646464646475,0.4409090909090909,0.9867831,44.41589517850438,0.9963524341583252,0.9988678097724915,0.1445731520652771,0.045208632946014404,404125,0.010029113,0.0053235306404531,0.005311788525432348,0.005329146981239319
116208,pgd_eps0.008_alpha0.005_iter2,0.3766233766233767,0.3257575757575758,0.98667246,44.658711752662455,0.9973654747009277,0.9989964962005615,0.10751385986804962,0.02255183458328247,404937,0.00979056,0.005255193915218115,0.005227059591561556,0.005225148051977158
340697,pgd_eps0.008_alpha0.005_iter2,0.71900826446281,0.6255668573850393,0.9832728,44.836677988824476,0.9965955018997192,0.9989141821861267,0.14625179767608643,0.047634005546569824,403945,0.009555818,0.005119209177792072,0.0050927684642374516,0.005084840580821037
450303,pgd_eps0.008_alpha0.005_iter1,0.6753246753246754,0.5000000000000002,0.97884893,45.05928085116794,0.9959760904312134,0.997583270072937,0.14581599831581116,0.038640499114990234,405041,0.009278043,0.004776312503963709,0.004782549571245909,0.004769930616021156
494427,pgd_eps0.008_alpha0.005_iter1,0.5000000000000001,0.25000000000000006,0.97834414,45.04206405831695,0.9957543611526489,0.9966196417808533,0.1514345407485962,0.032086730003356934,405260,0.009302357,0.004775557201355696,0.004801891278475523,0.004790852777659893
137294,pgd_eps0.008_alpha0.005_iter1,0.27272727272727276,0.25000000000000006,0.9800958,45.1048467508959,0.9959644675254822,0.9978297352790833,0.16332346200942993,0.038904666900634766,405048,0.00922396,0.004749912768602371,0.004745787940919399,0.00473300414159894
410880,pgd_eps0.008_alpha0.005_iter2,0.3333333333333334,0.20000000000000004,0.98280257,44.85365880713867,0.9966349601745605,0.9984902739524841,0.13668003678321838,0.026148557662963867,403807,0.009534939,0.005108847748488188,0.005083792377263308,0.005060763563960791
91654,pgd_eps0.008_alpha0.005_iter2,0.3333333333333334,0.0,0.9812825,44.90321535664037,0.9963405132293701,0.9980157017707825,0.1278810203075409,0.02826237678527832,403436,0.009473013,0.005075876135379076,0.005037832073867321,0.005037365015596151
181796,pgd_eps0.008_alpha0.005_iter1,0.46753246753246763,0.41818181818181827,0.9796343,45.078446255553786,0.9956468939781189,0.9982185363769531,0.18994233012199402,0.037770748138427734,405017,0.009254071,0.004770976956933737,0.004762089345604181,0.0047532012686133385
2431,pgd_eps0.008_alpha0.005_iter1,0.6233766233766235,0.5185185185185186,0.9784828,45.0520572619829,0.9958465099334717,0.9977177977561951,0.16110271215438843,0.02248239517211914,405350,0.009288255,0.004788873717188835,0.004777636379003525,0.0047820210456848145
349184,pgd_eps0.008_alpha0.005_iter2,0.15656565656565655,0.1038961038961039,0.98545164,44.81288728045148,0.9966146349906921,0.9987765550613403,0.14196407794952393,0.021845102310180664,404401,0.009595079,0.005117980297654867,0.005120828747749329,0.005116487853229046
298396,pgd_eps0.008_alpha0.005_iter3,0.28099173553719015,0.23917748917748918,0.9853906,44.40793350271001,0.9966772794723511,0.9987620115280151,0.1136753261089325,0.026141107082366943,403776,0.010043155,0.005352899897843599,0.00531599810346961,0.005308862309902906
472046,pgd_eps0.008_alpha0.005_iter1,0.393939393939394,0.3223140495867769,0.97941095,45.05008298585126,0.9959373474121094,0.9981288909912109,0.15957854688167572,0.044285356998443604,404937,0.009288018,0.004788029007613659,0.004784387070685625,0.004779202863574028
74058,pgd_eps0.008_alpha0.005_iter1,0.32386363636363635,0.3068181818181819,0.98497885,45.27698408395227,0.9968270063400269,0.9984181523323059,0.15003453195095062,0.04722470045089722,399317,0.008937106,0.004574608989059925,0.004566648975014687,0.004594129975885153
58029,pgd_eps0.008_alpha0.005_iter2,1.0000000000000002,0.3750000000000001,0.97590464,44.8918408097267,0.9949340224266052,0.9945618510246277,0.19380813837051392,0.05332803726196289,403411,0.009483964,0.0050733922980725765,0.005047902464866638,0.005057154223322868
134096,pgd_eps0.008_alpha0.005_iter5,0.3333333333333334,0.22077922077922082,0.98207456,44.440696587817754,0.9958192706108093,0.9979361295700073,0.1361882984638214,0.02887558937072754,400458,0.009985027,0.005347751546651125,0.0053351507522165775,0.00532404612749815
111951,pgd_eps0.008_alpha0.005_iter1,0.6666666666666669,0.4000000000000001,0.97875565,45.13876035172867,0.9959351420402527,0.997870922088623,0.14529366791248322,0.03342336416244507,404684,0.009183419,0.004668827168643475,0.004776574205607176,0.004674696829169989
103585,pgd_eps0.008_alpha0.005_iter1,1.0000000000000002,0.6000000000000002,0.97576696,45.103983880321294,0.9950965642929077,0.9958871006965637,0.18135619163513184,0.03491818904876709,405032,0.009222664,0.004741801414638758,0.004739851225167513,0.004749268759042025
210273,pgd_eps0.008_alpha0.005_iter3,0.3801652892561984,0.3485711148754627,0.96120626,44.699898789715824,0.9956415891647339,0.996092677116394,0.1884080022573471,0.05858910083770752,376061,0.00945532,0.005043117329478264,0.004998468793928623,0.005002526566386223
446651,pgd_eps0.008_alpha0.005_iter2,0.8787878787878789,0.3181818181818182,0.9746006,44.93961968589461,0.9959444403648376,0.9978286623954773,0.18651843070983887,0.03687518835067749,394355,0.009360467,0.004991042427718639,0.004976270254701376,0.004983456805348396
194875,pgd_eps0.008_alpha0.005_iter2,0.24242424242424246,0.22909514727696548,0.9846616,44.81563783546852,0.9974235892295837,0.9985290765762329,0.08011350780725479,0.007071435451507568,402798,0.00957154,0.005119252018630505,0.005102388095110655,0.005098834168165922
52017,pgd_eps0.008_alpha0.005_iter5,0.5000000000000001,0.3000000000000001,0.9692405,44.6043884128413,0.9920186996459961,0.9540570974349976,0.3383907079696655,0.0828937292098999,399505,0.00976725,0.005241683684289455,0.005217752885073423,0.005175361409783363
336309,pgd_eps0.008_alpha0.005_iter3,1.0000000000000002,0.14285714285714288,0.97045153,44.75538829277468,0.9927583932876587,0.9885492920875549,0.29678404331207275,0.07855463027954102,400868,0.0095934365,0.005067300051450729,0.0050563570111989975,0.005057038739323616
227478,pgd_eps0.008_alpha0.005_iter6,0.2272727272727273,0.20454545454545459,0.9883993,44.47242917944117,0.9969254732131958,0.9989874958992004,0.12174239754676819,0.056582748889923096,403497,0.009973063,0.005355662200599909,0.005368262063711882,0.005382519215345383
339870,pgd_eps0.008_alpha0.005_iter1,0.7727272727272729,0.6060606060606062,0.97868603,45.06468905485597,0.9955271482467651,0.9959668517112732,0.1707536280155182,0.04993230104446411,405153,0.009270257,0.0047818804159760475,0.004765495657920837,0.004769627470523119
80666,pgd_eps0.008_alpha0.005_iter1,0.5000000000000001,0.25000000000000006,0.99040526,45.16545075840619,0.9984221458435059,0.9987170100212097,0.022652480751276016,0.003740072250366211,404337,0.00915553,0.004694919101893902,0.004699720535427332,0.004648431669920683
33707,pgd_eps0.008_alpha0.005_iter1,0.5454545454545455,0.18181818181818185,0.9914444,45.19915445320667,0.998451828956604,0.9992843270301819,0.05500902980566025,0.008935332298278809,405479,0.0091079455,0.0046870894730091095,0.004687889013439417,0.004694606177508831
327601,pgd_eps0.008_alpha0.005_iter2,0.5000000000000001,0.4285714285714287,0.97913575,44.8721424635552,0.9952149391174316,0.9982001185417175,0.1953519582748413,0.031039714813232422,404014,0.009519601,0.005084335803985596,0.005075039342045784,0.0050732470117509365
255749,pgd_eps0.008_alpha0.005_iter1,1.0000000000000002,0.5000000000000001,0.9650197,45.58329164635264,0.9955260157585144,0.9901614785194397,0.20921987295150757,0.0529402494430542,372404,0.008416692,0.004327953327447176,0.004314264748245478,0.004338958766311407
8762,pgd_eps0.008_alpha0.005_iter2,0.40909090909090917,0.3506493506493507,0.9709404,44.8981162038444,0.9932103157043457,0.9687949419021606,0.2845572829246521,0.06202584505081177,402939,0.009467263,0.0050768363289535046,0.00506505835801363,0.005019441246986389
526392,pgd_eps0.008_alpha0.005_iter1,0.7272727272727274,0.4696969696969697,0.9806168,45.075455631995105,0.9963185787200928,0.9986339807510376,0.16571715474128723,0.04741483926773071,405017,0.009255707,0.004765392746776342,0.0047544268891215324,0.004771318752318621
535578,pgd_eps0.008_alpha0.005_iter4,0.7272727272727274,0.2828282828282828,0.98694736,44.240238708716944,0.9962694048881531,0.9990416169166565,0.1379990577697754,0.03747600317001343,404366,0.010279816,0.005549631081521511,0.005569656379520893,0.0055525763891637325
580757,pgd_eps0.008_alpha0.005_iter1,1.0000000000000002,0.5000000000000001,0.982604,45.08030302126855,0.9962729811668396,0.9983823299407959,0.137050598859787,0.04250723123550415,404981,0.009250897,0.004758716095238924,0.0047608534805476665,0.004755077883601189
165039,pgd_eps0.008_alpha0.005_iter2,0.6363636363636365,0.47142857142857153,0.9813797,44.73573399739108,0.9958264231681824,0.9980279207229614,0.16654184460639954,0.03606534004211426,404585,0.00968846,0.005180717911571264,0.005174722522497177,0.005174296908080578
148719,pgd_eps0.008_alpha0.005_iter1,0.5151515151515152,0.4242424242424243,0.988821,45.04392215232932,0.9975261688232422,0.99942547082901,0.09340259432792664,0.030074357986450195,405322,0.009300312,0.004791133105754852,0.004787571262568235,0.004781513009220362
108440,pgd_eps0.008_alpha0.005_iter2,0.5000000000000001,0.1666666666666667,0.97867364,44.96954466722364,0.9957892298698425,0.99745774269104,0.17463001608848572,0.045171916484832764,397036,0.00933903,0.004985427483916283,0.0049690003506839275,0.004943883512169123
489842,pgd_eps0.008_alpha0.005_iter3,0.35984848484848486,0.23025813692480362,0.99224335,44.59301075029704,0.9984714984893799,0.9991698265075684,0.06419207155704498,0.026850581169128418,404466,0.009816558,0.005175527185201645,0.0051816534250974655,0.0051674749702215195
579818,pgd_eps0.008_alpha0.005_iter1,0.5000000000000001,0.0,0.9801132,45.01720997610424,0.9954890608787537,0.998124361038208,0.1893879920244217,0.057841956615448,405265,0.009330801,0.004807596560567617,0.004824182018637657,0.004796781111508608
423229,pgd_eps0.008_alpha0.005_iter6,0.3333333333333334,0.21546635182998822,0.98526573,44.288425725503714,0.9961439371109009,0.9988398551940918,0.1585620492696762,0.046243906021118164,403190,0.010205732,0.005537388846278191,0.005504459608346224,0.005500308703631163
323828,pgd_eps0.008_alpha0.005_iter1,0.3333333333333334,0.045454545454545456,0.98692423,45.12742389773727,0.9972027540206909,0.9993619322776794,0.1262052059173584,0.028779149055480957,404935,0.009197486,0.004724465310573578,0.004715614952147007,0.004726538434624672
166287,pgd_eps0.008_alpha0.005_iter2,0.9121212121212123,0.3072055395584808,0.9775856,44.882875770663574,0.9946295022964478,0.9960667490959167,0.18827518820762634,0.04535317420959473,404213,0.009509231,0.00508873350918293,0.00505187688395381,0.00506547512486577
101420,pgd_eps0.008_alpha0.005_iter2,1.0000000000000002,0.4000000000000001,0.9794898,44.81669938313621,0.995639443397522,0.9976285099983215,0.16789403557777405,0.026987552642822266,403529,0.009573975,0.005131732672452927,0.00511303823441267,0.005111850332468748
334555,pgd_eps0.008_alpha0.005_iter1,0.40909090909090917,0.3068181818181819,0.9838076,45.10343228119362,0.9966268539428711,0.9990394711494446,0.1316259503364563,0.025583207607269287,405170,0.009227163,0.004752455744892359,0.004738194402307272,0.0047385538928210735
196759,pgd_eps0.008_alpha0.005_iter2,1.0000000000000002,0.5000000000000001,0.97821516,44.858301936681656,0.9953888654708862,0.9972244501113892,0.16554847359657288,0.026659905910491943,401470,0.009503236,0.005078564397990704,0.005066613666713238,0.005074081011116505
61418,pgd_eps0.008_alpha0.005_iter1,0.6363636363636365,0.4242424242424243,0.9858772,45.07702819701423,0.9969404935836792,0.9991487264633179,0.12461178749799728,0.03756052255630493,405170,0.00925663,0.004766558296978474,0.00475687999278307,0.004769455175846815
526751,pgd_eps0.008_alpha0.005_iter1,0.27272727272727276,0.1696969696969697,0.9825308,45.07485017857788,0.9959782958030701,0.9985069036483765,0.15217554569244385,0.05296063423156738,404948,0.009259629,0.004765820689499378,0.00476323626935482,0.004756754729896784
277020,pgd_eps0.008_alpha0.005_iter8,0.4242424242424243,0.4172727272727273,0.96026343,44.50281466932,0.9936633110046387,0.9877814054489136,0.2618362307548523,0.06703317165374756,381814,0.009763516,0.005294902715831995,0.005256303120404482,0.00526938633993268
47828,pgd_eps0.008_alpha0.005_iter2,0.8787878787878789,0.6818181818181819,0.9744305,44.84569424451045,0.9936738014221191,0.9719957709312439,0.2834964394569397,0.07235145568847656,403629,0.00953678,0.005123641341924667,0.005093337967991829,0.0050726477056741714
183716,pgd_eps0.008_alpha0.005_iter2,0.6666666666666669,0.5000000000000001,0.9805979,44.8637404077137,0.9961247444152832,0.9980868697166443,0.14938494563102722,0.03004133701324463,401853,0.009503225,0.0050740777514874935,0.005065607372671366,0.005073285195976496
271997,pgd_eps0.008_alpha0.005_iter3,1.0000000000000002,0.6666666666666669,0.97705394,44.767566797127486,0.9950294494628906,0.9969327449798584,0.18647895753383636,0.03224790096282959,400627,0.009577688,0.005053114145994186,0.00504658417776227,0.005053825210779905
8532,pgd_eps0.008_alpha0.005_iter1,1.0000000000000002,0.5000000000000001,0.9771316,45.037389827954996,0.9953536987304688,0.9964389801025391,0.21217137575149536,0.054522693157196045,405322,0.009303727,0.0047928327694535255,0.00479817995801568,0.0047894688323140144
94336,pgd_eps0.008_alpha0.005_iter3,0.5000000000000001,0.4000000000000001,0.972696,44.75108315329684,0.9949001669883728,0.9966883659362793,0.20133976638317108,0.040685057640075684,393270,0.0095222285,0.004962674342095852,0.005062509328126907,0.005058583803474903
390555,pgd_eps0.008_alpha0.005_iter2,0.3208754208754209,0.23001944579484687,0.9870108,44.7838129855121,0.9970287084579468,0.9992309808731079,0.1348845511674881,0.05033600330352783,404626,0.0096259,0.005146121606230736,0.005137455649673939,0.005145721603184938
250282,pgd_eps0.008_alpha0.005_iter5,0.11363636363636365,0.08461933069588573,0.9855037,44.43345786858403,0.996430516242981,0.9991285800933838,0.16963085532188416,0.06520426273345947,402771,0.010003269,0.005334801040589809,0.0053223855793476105,0.005348084028810263
68409,pgd_eps0.008_alpha0.005_iter1,0.4848484848484849,0.37086776859504134,0.98050904,45.15167485295006,0.995440661907196,0.9692767262458801,0.2299489825963974,0.06978559494018555,404805,0.0091611855,0.004703896585851908,0.004689257126301527,0.004722177051007748
2299,pgd_eps0.008_alpha0.005_iter9,0.16666666666666669,0.1409792141084359,0.9835302,44.224494685902116,0.996060848236084,0.9990037679672241,0.1888599544763565,0.06881964206695557,402075,0.010274287,0.005543770268559456,0.005508223082870245,0.005560772027820349
11051,pgd_eps0.008_alpha0.005_iter1,1.0000000000000002,0.6666666666666669,0.9773133,45.1040132481768,0.9956870079040527,0.995597779750824,0.16940999031066895,0.03593552112579346,405049,0.009226124,0.004747746977955103,0.004743264056742191,0.004733400885015726
66038,pgd_eps0.008_alpha0.005_iter1,0.6136363636363638,0.4672727272727274,0.98652214,45.15919634587639,0.9972361326217651,0.998923659324646,0.10381995141506195,0.021815180778503418,404436,0.009157565,0.004651178605854511,0.0047098915092647076,0.004714212846010923
360960,pgd_eps0.008_alpha0.005_iter1,0.9090909090909093,0.6060606060606062,0.9749991,45.20203890506583,0.9955286979675293,0.9961600303649902,0.18623708188533783,0.040685415267944336,399589,0.009064936,0.004662089981138706,0.004641805309802294,0.004675848409533501
504589,pgd_eps0.008_alpha0.005_iter1,1.0000000000000002,0.6666666666666669,0.9848092,45.0933894051503,0.9966005682945251,0.9987155795097351,0.14023619890213013,0.030233800411224365,405082,0.009236452,0.0047796787694096565,0.004745564889162779,0.0047195833176374435
464522,pgd_eps0.008_alpha0.005_iter1,0.5454545454545455,0.27272727272727276,0.9801357,45.102011886640426,0.9965214729309082,0.9982328414916992,0.16126307845115662,0.02293264865875244,403506,0.009214343,0.004732568748295307,0.00475170137360692,0.0047264983877539635
454750,pgd_eps0.008_alpha0.005_iter3,1.0000000000000002,0.3333333333333334,0.9798463,44.612233046932005,0.9951310157775879,0.9969590306282043,0.1981091946363449,0.050273001194000244,401617,0.0097689815,0.005170009098947048,0.005165798589587212,0.005132918246090412
509735,pgd_eps0.008_alpha0.005_iter4,1.0000000000000002,0.4000000000000001,0.9864304,44.43065593789052,0.9961952567100525,0.9991930723190308,0.14589129388332367,0.040821850299835205,403752,0.010037613,0.005408732686191797,0.005393339786678553,0.005408936645835638
23034,pgd_eps0.008_alpha0.005_iter3,0.6666666666666669,0.3636363636363637,0.98371094,44.60643115334213,0.9961203932762146,0.9987926483154297,0.15723079442977905,0.04880857467651367,402446,0.009776267,0.005181725136935711,0.005149969831109047,0.005168328993022442
141671,pgd_eps0.008_alpha0.005_iter1,0.36363636363636365,0.2077922077922078,0.98150045,45.09267288990301,0.9956947565078735,0.9990249872207642,0.20485050976276398,0.08976054191589355,405089,0.009235187,0.004757482558488846,0.004744653590023518,0.004755662754178047
506656,pgd_eps0.008_alpha0.005_iter2,0.4545454545454546,0.35714285714285726,0.9809652,44.857664126973816,0.9956101775169373,0.9973526000976562,0.15598982572555542,0.02790224552154541,404270,0.00954349,0.005110102239996195,0.005086117889732122,0.005061013158410788
272566,pgd_eps0.008_alpha0.005_iter1,0.36363636363636365,0.3090909090909092,0.98925614,45.07875862875139,0.9976332187652588,0.9995193481445312,0.10337694734334946,0.02667701244354248,405011,0.00925753,0.0047571975737810135,0.0047768191434443,0.004730380605906248
424551,pgd_eps0.008_alpha0.005_iter3,1.0000000000000002,0.6666666666666669,0.97965366,44.645235500027624,0.994971513748169,0.9974478483200073,0.17778892815113068,0.05632936954498291,402688,0.009740718,0.0051536257378757,0.005141293630003929,0.005134079605340958
341719,pgd_eps0.008_alpha0.005_iter3,0.7272727272727275,0.47727272727272735,0.98301154,44.55355593387962,0.9957262277603149,0.9983516931533813,0.16176766157150269,0.049053072929382324,402873,0.009849241,0.005216160323470831,0.005204247310757637,0.005224623251706362
72795,pgd_eps0.008_alpha0.005_iter1,0.5393939393939394,0.42808600713012485,0.98832494,45.11492295222621,0.9976384043693542,0.9991645216941833,0.09327377378940582,0.04441589117050171,405130,0.009214216,0.004737522453069687,0.004727921914309263,0.0047325510531663895
417285,pgd_eps0.008_alpha0.005_iter6,0.3333333333333334,0.31818181818181823,0.97512466,44.448526030682025,0.9941470623016357,0.9969934225082397,0.24993309378623962,0.04737424850463867,399541,0.009983832,0.00542650418356061,0.00540481973439455,0.0053102318197488785
2157,pgd_eps0.008_alpha0.005_iter2,0.34848484848484856,0.26988636363636365,0.9817707,44.76108595368535,0.9961923956871033,0.9985153675079346,0.15874938666820526,0.027951359748840332,404067,0.009646362,0.005173507146537304,0.005149587988853455,0.005149511620402336
43816,pgd_eps0.008_alpha0.005_iter2,1.0000000000000002,0.8000000000000002,0.9843008,44.76441258188331,0.9959940314292908,0.998367428779602,0.1427069455385208,0.033310770988464355,404351,0.009645536,0.005151045508682728,0.005155398976057768,0.005159291438758373
455555,pgd_eps0.008_alpha0.005_iter1,1.0000000000000002,0.5000000000000001,0.98359704,45.160489829034596,0.9976469874382019,0.9985472559928894,0.0785410925745964,0.021384060382843018,397185,0.009095123,0.004677543416619301,0.004679896403104067,0.004667975008487701
535306,pgd_eps0.008_alpha0.005_iter1,1.0000000000000002,0.6666666666666669,0.9820752,45.07069790480073,0.9962155222892761,0.9988160729408264,0.15930473804473877,0.03324335813522339,405256,0.0092667295,0.004767301492393017,0.004763823468238115,0.0047777811996638775
30504,pgd_eps0.008_alpha0.005_iter2,1.0000000000000002,0.6000000000000002,0.9848075,44.80937732844496,0.9967677593231201,0.9988412857055664,0.12013869732618332,0.023028850555419922,404474,0.009600615,0.0051211207173764706,0.005126590840518475,0.0051189325749874115
93353,pgd_eps0.008_alpha0.005_iter2,0.5000000000000001,0.41666666666666674,0.9780105,44.84801543030293,0.9957603812217712,0.997051477432251,0.17604167759418488,0.03272593021392822,403256,0.009533075,0.005096524953842163,0.0051042549312114716,0.005071546882390976
530052,pgd_eps0.008_alpha0.005_iter2,0.2727272727272727,0.07443181818181818,0.9823937,44.87247122708893,0.9966562986373901,0.9988811612129211,0.1487192064523697,0.035160720348358154,402224,0.009501637,0.005115210544317961,0.0050664544105529785,0.004967241548001766
473118,pgd_eps0.008_alpha0.005_iter2,1.0000000000000002,0.6000000000000002,0.9787164,44.858695108273864,0.9953276515007019,0.9979801177978516,0.19032946228981018,0.02778637409210205,403878,0.009540359,0.00503700552508235,0.005105044227093458,0.005104225128889084
91779,pgd_eps0.008_alpha0.005_iter3,0.3571428571428572,0.23966942148760334,0.98322505,44.57800281162642,0.9965457320213318,0.9986200928688049,0.13304658234119415,0.027246713638305664,402909,0.009826816,0.005201844032853842,0.005182637367397547,0.00518971448764205
283113,pgd_eps0.008_alpha0.005_iter1,1.0000000000000002,0.20000000000000004,0.9824082,45.06994609254857,0.9966294169425964,0.9987918734550476,0.12414773553609848,0.016552746295928955,405295,0.009267767,0.0047746323980391026,0.004762115888297558,0.004770269151777029
97278,pgd_eps0.008_alpha0.005_iter2,1.0000000000000002,0.20000000000000004,0.9810453,44.87303401436783,0.9956103563308716,0.996252179145813,0.14788629114627838,0.03534817695617676,403126,0.009497823,0.005033297464251518,0.005050234030932188,0.005076707806438208
567640,pgd_eps0.008_alpha0.005_iter2,0.7500000000000002,0.7121212121212122,0.9814132,44.658352558214254,0.9958612322807312,0.9986131191253662,0.15495675802230835,0.033850133419036865,404183,0.00977123,0.005243998020887375,0.005226742476224899,0.005235535092651844
532493,pgd_eps0.008_alpha0.005_iter2,1.0000000000000002,0.5000000000000001,0.98544407,44.86166319605145,0.9960287809371948,0.9988962411880493,0.16714346408843994,0.061645328998565674,404594,0.009534061,0.0050929998978972435,0.005073874723166227,0.005074664484709501
45550,pgd_eps0.008_alpha0.005_iter2,0.5212121212121212,0.44653925619834717,0.97954935,44.81449847073258,0.9956420660018921,0.9974988698959351,0.1643000841140747,0.03034675121307373,403692,0.009580824,0.0051450179889798164,0.005100802052766085,0.005105951800942421
156643,pgd_eps0.008_alpha0.005_iter2,0.3232323232323233,0.26250672404518566,0.9834075,44.83650259848402,0.9965023994445801,0.9981094598770142,0.12299502640962601,0.02535003423690796,404212,0.009566333,0.005102695431560278,0.00509270653128624,0.005100840702652931
430056,pgd_eps0.008_alpha0.005_iter2,0.5000000000000001,0.1666666666666667,0.9769363,44.898561739100685,0.9951523542404175,0.9968992471694946,0.1954265683889389,0.028013527393341064,403759,0.009491827,0.005066650919616222,0.0050608087331056595,0.005038335919380188
410456,pgd_eps0.008_alpha0.005_iter2,0.4242424242424243,0.3090909090909092,0.985576,44.724530594941584,0.9966909289360046,0.9987995624542236,0.10836303234100342,0.027679443359375,404886,0.009709917,0.005180316977202892,0.005196169018745422,0.005181613378226757
441286,pgd_eps0.008_alpha0.005_iter2,1.0000000000000002,0.4000000000000001,0.98358077,44.849461821858974,0.9961463212966919,0.9982725977897644,0.1353139877319336,0.044614195823669434,404056,0.009542692,0.0051005142740905285,0.0050829635001719,0.005088953301310539
279541,pgd_eps0.008_alpha0.005_iter1,0.9545454545454548,0.3218181818181819,0.9835976,45.11493075636932,0.9967636466026306,0.9986052513122559,0.1247619092464447,0.019039630889892578,404934,0.009210635,0.004763588774949312,0.00473638204857707,0.004697985947132111
885,pgd_eps0.008_alpha0.005_iter1,0.8181818181818183,0.6531986531986532,0.9743695,45.06627819873924,0.994493842124939,0.9874396920204163,0.2173478603363037,0.06251776218414307,405280,0.009270414,0.004774920176714659,0.0047680530697107315,0.004771718755364418
378284,pgd_eps0.008_alpha0.005_iter1,0.5090909090909091,0.3333333333333334,0.98203534,45.03440660487128,0.9964233636856079,0.9988028407096863,0.14637304842472076,0.03751575946807861,405435,0.0093114795,0.004798826761543751,0.004805921111255884,0.004787685349583626
156076,pgd_eps0.008_alpha0.005_iter4,0.3318181818181819,0.24356060606060606,0.98585844,44.23667534349456,0.996799647808075,0.9989176392555237,0.11393731832504272,0.022002458572387695,403928,0.010292518,0.005554774776101112,0.005563544109463692,0.005551331676542759
143572,pgd_eps0.008_alpha0.005_iter4,0.6022727272727274,0.4151362105907561,0.9858186,44.04686545380764,0.9965659379959106,0.9992325305938721,0.14463716745376587,0.057786643505096436,404413,0.0105330935,0.005745666567236185,0.005666336044669151,0.00572338467463851
229849,pgd_eps0.008_alpha0.005_iter31,0.16414141414141414,0.13434229316519197,0.9813579,43.71226226749076,0.9957563281059265,0.9987151026725769,0.16330404579639435,0.03754544258117676,402994,0.010962168,0.0060228086076676846,0.005966977681964636,0.006007108837366104
39551,pgd_eps0.008_alpha0.005_iter3,1.0000000000000002,0.7500000000000002,0.97546047,44.6327407748271,0.9939267635345459,0.9960649013519287,0.2033756971359253,0.03588545322418213,399748,0.009718998,0.005158522631973028,0.0051476480439305305,0.00515164015814662
56344,pgd_eps0.008_alpha0.005_iter1,0.7090909090909092,0.6878787878787879,0.9781611,45.08073205575776,0.9960541129112244,0.9974698424339294,0.17390704154968262,0.026543259620666504,405039,0.00925274,0.004770213738083839,0.0047536143101751804,0.004760164767503738
193348,pgd_eps0.008_alpha0.005_iter5,1.0000000000000002,0.7500000000000002,0.97328806,44.56994261956632,0.9936539530754089,0.9940947890281677,0.2545929253101349,0.038517117500305176,396789,0.009781206,0.005260598845779896,0.005214529577642679,0.005227936897426844
16958,pgd_eps0.008_alpha0.005_iter1,0.6666666666666669,0.5000000000000001,0.98061174,45.11473591835339,0.9961460828781128,0.9978132843971252,0.150238499045372,0.035442471504211426,404835,0.009209361,0.004742620512843132,0.004731033928692341,0.004726273473352194
572678,pgd_eps0.008_alpha0.005_iter10,0.12396694214876035,0.12033492822966509,0.9777129,44.16739667133043,0.994719386100769,0.9959338903427124,0.20474401116371155,0.05662870407104492,401177,0.010329665,0.005609645042568445,0.005586743354797363,0.005594903603196144
106235,pgd_eps0.008_alpha0.005_iter1,0.2545454545454546,0.2196969696969697,0.98422784,45.088719174277244,0.9964625239372253,0.9974138736724854,0.1195140928030014,0.024414122104644775,405226,0.009243446,0.0047510843724012375,0.00473081273958087,0.004775218199938536
341681,pgd_eps0.008_alpha0.005_iter3,1.0000000000000002,0.6000000000000002,0.9740556,44.72012469332002,0.9937258958816528,0.9962016940116882,0.23740392923355103,0.037671446800231934,400781,0.009627448,0.005093778949230909,0.005083139054477215,0.005076729692518711
83172,pgd_eps0.008_alpha0.005_iter2,0.7500000000000002,0.7000000000000002,0.97544295,44.860963655113615,0.9941343069076538,0.9941121935844421,0.21954423189163208,0.03684735298156738,403939,0.009529229,0.005102124996483326,0.0050719124265015125,0.005078162997961044
343524,pgd_eps0.008_alpha0.005_iter2,0.6666666666666669,0.5000000000000001,0.9750894,44.87654779253472,0.9939379096031189,0.9970545768737793,0.23175963759422302,0.04319280385971069,404015,0.009517049,0.005061805713921785,0.00507443118840456,0.005072546191513538
395801,pgd_eps0.008_alpha0.005_iter2,0.2207792207792208,0.18181818181818185,0.97935826,44.80192236169987,0.995271623134613,0.9964377880096436,0.17321065068244934,0.04177200794219971,404308,0.009603397,0.00514962337911129,0.005109266843646765,0.005121888592839241
388056,pgd_eps0.008_alpha0.005_iter2,0.9393939393939396,0.8720538720538723,0.983671,44.73424397215879,0.9963309168815613,0.9988706111907959,0.14249709248542786,0.027820944786071777,404861,0.009694501,0.005212951451539993,0.005169084295630455,0.005163050256669521
259690,pgd_eps0.008_alpha0.005_iter1,0.22077922077922082,0.19834710743801656,0.98824674,45.09598188578433,0.9975268840789795,0.9990125298500061,0.09778008610010147,0.02482748031616211,405288,0.009236613,0.004755241330713034,0.004752943757921457,0.004748142324388027
235836,pgd_eps0.008_alpha0.005_iter1,0.8787878787878789,0.7500000000000002,0.9869623,45.077176876761015,0.9971628189086914,0.9993696212768555,0.12099740654230118,0.02563542127609253,405151,0.009258506,0.004754485562443733,0.00477221654728055,0.00476168654859066
343218,pgd_eps0.008_alpha0.005_iter2,0.7272727272727273,0.7257575757575758,0.9780485,44.83348447131788,0.9949727058410645,0.9975064396858215,0.19158919155597687,0.041465163230895996,403897,0.009561333,0.005135044455528259,0.005081940442323685,0.00510095339268446
205105,pgd_eps0.008_alpha0.005_iter2,0.5795454545454546,0.4636363636363637,0.97571087,44.97668526166578,0.994591236114502,0.9938135147094727,0.20704515278339386,0.045620501041412354,399449,0.00935402,0.005004288163036108,0.004968293942511082,0.004968252498656511
513283,pgd_eps0.008_alpha0.005_iter1,0.41818181818181827,0.3636363636363637,0.98038656,45.0309551966661,0.9966659545898438,0.9977155327796936,0.14468666911125183,0.023427963256835938,404989,0.009313463,0.004801088944077492,0.004811445251107216,0.004777019843459129
371677,pgd_eps0.008_alpha0.005_iter1,0.6666666666666669,0.4810606060606061,0.9825127,45.09960203383695,0.996579647064209,0.9984362721443176,0.12376119196414948,0.0224606990814209,405155,0.009233006,0.004746877588331699,0.004738637711852789,0.0047488403506577015
308531,pgd_eps0.008_alpha0.005_iter2,0.5000000000000001,0.3333333333333334,0.98195124,44.850550704963226,0.9954837560653687,0.9981625080108643,0.19085761904716492,0.05118870735168457,403780,0.009532081,0.005086737684905529,0.005086563993245363,0.005052471533417702
497599,pgd_eps0.008_alpha0.005_iter2,0.6363636363636365,0.5454545454545455,0.9788545,44.92023412443011,0.995550811290741,0.9980440735816956,0.17984220385551453,0.034122586250305176,403587,0.009457091,0.005047196056693792,0.00502986554056406,0.005048022139817476
455352,pgd_eps0.008_alpha0.005_iter3,1.0000000000000002,0.3333333333333334,0.98067826,44.687450134432595,0.9954716563224792,0.9965726733207703,0.1581508368253708,0.03778040409088135,402761,0.009676156,0.005162971559911966,0.005103853531181812,0.005043667741119862
236914,pgd_eps0.008_alpha0.005_iter3,0.5000000000000001,0.3246753246753248,0.9774804,44.780507332809655,0.9961124658584595,0.9980189800262451,0.15986864268779755,0.03289031982421875,393975,0.009507218,0.005053043365478516,0.005000858101993799,0.004953054245561361
232684,pgd_eps0.008_alpha0.005_iter1,1.0000000000000002,0.5000000000000001,0.9354794,45.96834098603303,0.9925804138183594,0.9419193267822266,0.27966398000717163,0.09401857852935791,327575,0.007643731,0.003971714526414871,0.003936923574656248,0.003925376106053591
415238,pgd_eps0.008_alpha0.005_iter3,0.3333333333333334,0.28571428571428575,0.9820774,44.69404401858833,0.9956349730491638,0.9962562322616577,0.16194160282611847,0.04006725549697876,400787,0.009666939,0.005134487524628639,0.005124356597661972,0.00503115076571703
290843,pgd_eps0.008_alpha0.005_iter6,0.25000000000000006,0.20000000000000004,0.9736492,44.56588629352232,0.9936849474906921,0.9931344389915466,0.2480582743883133,0.02291285991668701,399454,0.009843351,0.005308510269969702,0.005284832790493965,0.005300231743603945
519522,pgd_eps0.008_alpha0.005_iter1,0.6363636363636365,0.4545454545454545,0.9789122,45.101530742121355,0.9955366849899292,0.9944475889205933,0.19303077459335327,0.04185628890991211,404897,0.009226046,0.004748974926769733,0.0047295247204601765,0.004747971426695585
144784,pgd_eps0.008_alpha0.005_iter1,1.0000000000000002,0.5000000000000001,0.9795544,45.04738636369994,0.9961634874343872,0.9980385303497314,0.1533505618572235,0.02322441339492798,405356,0.009293501,0.004787210375070572,0.004787373822182417,0.0047882902435958385
167486,pgd_eps0.008_alpha0.005_iter1,0.3106060606060606,0.18350168350168353,0.9835035,45.18066125289938,0.9968687891960144,0.9984207153320312,0.12275010347366333,0.019835591316223145,403863,0.009127405,0.004716205410659313,0.00470156641677022,0.004603452514857054
392228,pgd_eps0.008_alpha0.005_iter2,1.0000000000000002,0.5000000000000001,0.9764375,44.959030803384366,0.9944961071014404,0.9892429709434509,0.21075162291526794,0.0352059006690979,404400,0.009411516,0.00508070457726717,0.00507224490866065,0.004848194774240255
488673,pgd_eps0.008_alpha0.005_iter1,0.3636363636363637,0.3468013468013468,0.9823286,45.08638031563615,0.9967207908630371,0.9984984993934631,0.12376962602138519,0.02146291732788086,405041,0.0092461,0.004755714908242226,0.004751936998218298,0.004756453912705183
191013,pgd_eps0.008_alpha0.005_iter1,0.9318181818181821,0.6212121212121212,0.98181844,45.07752872647019,0.996330201625824,0.9982537031173706,0.13095849752426147,0.016242265701293945,405261,0.00925825,0.004762693773955107,0.004758537746965885,0.00476825563237071
80057,pgd_eps0.008_alpha0.005_iter1,1.0000000000000002,0.5000000000000001,0.97902775,45.03626634351978,0.9957911372184753,0.9976587295532227,0.1753729283809662,0.021616339683532715,405303,0.009309509,0.004798112902790308,0.0048006088472902775,0.004788109567016363
570169,pgd_eps0.008_alpha0.005_iter1,1.0000000000000002,0.0,0.97776467,45.02326105417164,0.9955980181694031,0.9971174597740173,0.18250781297683716,0.021076083183288574,405348,0.009325757,0.0047960481606423855,0.004814409650862217,0.004803599324077368
224807,pgd_eps0.008_alpha0.005_iter4,0.3054945054945055,0.2925085454729724,0.9796784,44.24558021909962,0.9953604936599731,0.9975204467773438,0.16527266800403595,0.04358440637588501,403031,0.010262765,0.005566583480685949,0.005528686568140984,0.005550946108996868
163562,pgd_eps0.008_alpha0.005_iter2,1.0000000000000002,0.5000000000000001,0.977032,44.86182369259226,0.9948209524154663,0.9964717626571655,0.20961587131023407,0.044848620891571045,403397,0.009515439,0.005099907051771879,0.005077479872852564,0.005077732726931572
136355,pgd_eps0.008_alpha0.005_iter2,0.5340909090909092,0.3776223776223777,0.9791606,44.84618545068079,0.9954096674919128,0.9970095157623291,0.17771334946155548,0.04717886447906494,402775,0.009526545,0.005092767998576164,0.005072229076176882,0.005076225381344557
492362,pgd_eps0.008_alpha0.005_iter1,0.31818181818181823,0.2818181818181819,0.98343104,45.083532200465896,0.9965726137161255,0.998860776424408,0.12930771708488464,0.019122421741485596,405208,0.009251125,0.00475513469427824,0.004753950051963329,0.004757181741297245
102707,pgd_eps0.008_alpha0.005_iter1,0.6666666666666669,0.4000000000000001,0.9893854,45.06351937008637,0.9981389045715332,0.9989444017410278,0.03876420855522156,0.003912627696990967,405388,0.009280225,0.004777174908667803,0.004774213302880526,0.0047719706781208515
232563,pgd_eps0.008_alpha0.005_iter2,0.6666666666666669,0.6250000000000001,0.980099,44.90047169088133,0.9955445528030396,0.996982216835022,0.1787184178829193,0.03297281265258789,402895,0.009462654,0.00505096185952425,0.0050553325563669205,0.00503454077988863
10977,pgd_eps0.008_alpha0.005_iter2,0.6666666666666669,0.5000000000000001,0.97813296,45.0384145755211,0.9955277442932129,0.9963265657424927,0.18454112112522125,0.047376036643981934,399197,0.009227592,0.004921739920973778,0.00490435678511858,0.004876413848251104
51598,pgd_eps0.008_alpha0.005_iter2,0.5000000000000001,0.4444444444444445,0.9717322,44.889420988848414,0.9930467009544373,0.9646387696266174,0.27821487188339233,0.05843323469161987,402778,0.009466809,0.005043860524892807,0.005083361640572548,0.005059235263615847
32285,pgd_eps0.008_alpha0.005_iter1,1.0000000000000002,0.5000000000000001,0.9760413,45.07431564595707,0.9949966669082642,0.992417573928833,0.19026407599449158,0.06869399547576904,405000,0.0092565855,0.004759486299008131,0.00477026030421257,0.00476464768871665
520910,pgd_eps0.008_alpha0.005_iter1,1.0000000000000002,0.6000000000000002,0.97508126,45.06427270607753,0.9947807788848877,0.9851548671722412,0.20967735350131989,0.05244791507720947,405073,0.009269811,0.00476583419367671,0.004774419125169516,0.004779580049216747
206411,pgd_eps0.008_alpha0.005_iter1,1.0000000000000002,0.6666666666666669,0.97767234,45.02988004344822,0.9955191612243652,0.9975497722625732,0.16369159519672394,0.03447943925857544,405302,0.0093175005,0.004802408628165722,0.004801261704415083,0.004796066787093878
472375,pgd_eps0.008_alpha0.005_iter3,0.3333333333333334,0.25000000000000006,0.98557407,44.78905523532221,0.9974814653396606,0.9981943368911743,0.09071304649114609,0.014648735523223877,403733,0.009541269,0.0049529424868524075,0.004852051381021738,0.0052039301954209805
17436,pgd_eps0.008_alpha0.005_iter1,1.0000000000000002,0.6666666666666669,0.984535,45.186086876767234,0.9969571828842163,0.9989393353462219,0.13042788207530975,0.0242803692817688,403736,0.0091195535,0.004716434516012669,0.004679723642766476,0.004607845563441515
177934,pgd_eps0.008_alpha0.005_iter1,0.8000000000000002,0.45454545454545464,0.98772365,45.18199817960885,0.9975109100341797,0.9990623593330383,0.10411500185728073,0.02662116289138794,404384,0.009121512,0.004737740848213434,0.004625995177775621,0.00466034933924675
165518,pgd_eps0.008_alpha0.005_iter2,1.0000000000000002,0.5000000000000001,0.9761258,44.93711597304592,0.994846522808075,0.9972309470176697,0.22377003729343414,0.013715147972106934,403401,0.009434467,0.005025458987802267,0.005019121803343296,0.005040045827627182
571718,pgd_eps0.008_alpha0.005_iter1,0.40909090909090917,0.36707070707070716,0.98550516,45.12772037565695,0.997183084487915,0.9990897178649902,0.13172709941864014,0.03157150745391846,404749,0.009192892,0.004718374460935593,0.0047141737304627895,0.004737560171633959
459467,pgd_eps0.008_alpha0.005_iter1,1.0000000000000002,0.5000000000000001,0.9766922,45.09622241526009,0.9948799014091492,0.9952729940414429,0.20135268568992615,0.05843162536621094,405157,0.009232092,0.004752192180603743,0.004740740172564983,0.0047532133758068085
135673,pgd_eps0.008_alpha0.005_iter3,1.0000000000000002,0.5000000000000001,0.9740061,44.806744773676485,0.9929354190826416,0.9564197063446045,0.2794230878353119,0.09969115257263184,400703,0.009528693,0.005042970646172762,0.005007874220609665,0.005008095875382423
134886,pgd_eps0.008_alpha0.005_iter1,0.7575757575757578,0.6045454545454547,0.97455436,45.04908703467563,0.9944013357162476,0.9870189428329468,0.24645152688026428,0.052105724811553955,405237,0.009291385,0.004782294854521751,0.004777207039296627,0.004796075168997049
485895,pgd_eps0.008_alpha0.005_iter1,1.0000000000000002,0.3333333333333334,0.9825742,45.00603513256274,0.996178150177002,0.998779296875,0.15044572949409485,0.049208641052246094,405381,0.009345731,0.004817971959710121,0.004831754136830568,0.004806721117347479
287545,pgd_eps0.008_alpha0.005_iter1,1.0000000000000002,0.5000000000000001,0.9830284,45.05793661974824,0.9966034889221191,0.9988409876823425,0.12632957100868225,0.025390207767486572,405039,0.009278131,0.004781669471412897,0.004776814021170139,0.004769773688167334
577182,pgd_eps0.008_alpha0.005_iter1,0.8181818181818183,0.6666666666666669,0.9865826,45.065354115818906,0.9972096681594849,0.9995030164718628,0.12507188320159912,0.034814655780792236,405021,0.009272415,0.004780901595950127,0.004769026767462492,0.004762732889503241
289222,pgd_eps0.008_alpha0.005_iter1,0.7878787878787881,0.590909090909091,0.98101074,45.0502732368941,0.9964215755462646,0.9983917474746704,0.1283770352602005,0.03148448467254639,405256,0.009290035,0.00478133512660861,0.004784185439348221,0.004785389173775911
372819,pgd_eps0.008_alpha0.005_iter1,0.7500000000000002,0.5000000000000001,0.98864394,45.113603358611996,0.9971909523010254,0.9993988275527954,0.12566426396369934,0.03831791877746582,405150,0.009214849,0.004741715732961893,0.004720980301499367,0.004744180012494326
310072,pgd_eps0.008_alpha0.005_iter2,0.5757575757575758,0.48636363636363644,0.9829839,44.90760903071021,0.9958996772766113,0.9986284971237183,0.17357951402664185,0.03690195083618164,402451,0.009442619,0.0050331102684140205,0.005018874537199736,0.005032198503613472
87144,pgd_eps0.008_alpha0.005_iter7,0.4204545454545455,0.3500000000000001,0.9855383,44.044819328187955,0.9968727827072144,0.9986228942871094,0.12136595696210861,0.02779853343963623,403538,0.010516609,0.005658523645251989,0.005677671637386084,0.00569327175617218
430875,pgd_eps0.008_alpha0.005_iter1,1.0000000000000002,0.6363636363636365,0.97103953,45.04467990107521,0.9930927157402039,0.9824121594429016,0.29677972197532654,0.07951319217681885,405276,0.009300261,0.004795698449015617,0.0047887228429317474,0.004783878102898598
60347,pgd_eps0.008_alpha0.005_iter3,0.5000000000000001,0.3333333333333334,0.98896927,44.598129914454276,0.9973520040512085,0.9993242025375366,0.10380289703607559,0.02580702304840088,403392,0.009800013,0.005190148949623108,0.005167616531252861,0.005166421644389629
42070,pgd_eps0.008_alpha0.005_iter3,0.3333333333333334,0.31250000000000006,0.9837065,44.65853874467199,0.9967527389526367,0.9980120062828064,0.11631889641284943,0.017672181129455566,402563,0.009726851,0.005141735076904297,0.0051203202456235886,0.005129233468323946
420916,pgd_eps0.008_alpha0.005_iter1,0.6666666666666669,0.6000000000000002,0.9840087,45.04253523946975,0.9963737726211548,0.9989397525787354,0.15226103365421295,0.04254281520843506,405212,0.009300024,0.00479867123067379,0.0047837067395448685,0.00478436890989542
453584,pgd_eps0.008_alpha0.005_iter1,0.5000000000000001,0.39393939393939403,0.9854741,45.0370121385751,0.9966647028923035,0.9987449049949646,0.11161855608224869,0.023976027965545654,405341,0.009305801,0.004789692349731922,0.0047960467636585236,0.004792275372892618
296224,pgd_eps0.008_alpha0.005_iter3,0.4545454545454546,0.3272727272727273,0.9815659,44.607105147681885,0.9962639808654785,0.9981184005737305,0.145392507314682,0.03158462047576904,401581,0.009779121,0.00514792138710618,0.00518538523465395,0.005149690434336662
122606,pgd_eps0.008_alpha0.005_iter1,1.0000000000000002,0.6666666666666669,0.98533946,45.0903419645023,0.9970561861991882,0.9986976981163025,0.10445746034383774,0.027373790740966797,405009,0.009242508,0.004731823690235615,0.004761175252497196,0.004757765680551529
311909,pgd_eps0.008_alpha0.005_iter1,1.0000000000000002,0.5000000000000001,0.9853688,45.11518614552671,0.9972304701805115,0.9987680912017822,0.10435625910758972,0.02538222074508667,404819,0.009211043,0.004717526491731405,0.004734881687909365,0.004736324306577444
579893,pgd_eps0.008_alpha0.005_iter2,1.0000000000000002,0.3333333333333334,0.9797034,44.79832234535684,0.9954966306686401,0.997884213924408,0.20507243275642395,0.035607337951660156,403954,0.009603564,0.005135410465300083,0.005135187413543463,0.0051182713359594345
284296,pgd_eps0.008_alpha0.005_iter1,1.0000000000000002,0.5000000000000001,0.98670894,45.11440490145048,0.9970640540122986,0.998972475528717,0.13088929653167725,0.039351820945739746,404926,0.009211871,0.004708112683147192,0.004728709813207388,0.004755825269967318
315001,pgd_eps0.008_alpha0.005_iter2,0.2727272727272727,0.25885642135642134,0.98976415,44.815280800788734,0.9974419474601746,0.9994528293609619,0.07328644394874573,0.017879009246826172,404037,0.009576292,0.005121511407196522,0.0051058027893304825,0.0050866627134382725
439715,pgd_eps0.008_alpha0.005_iter4,0.6363636363636366,0.5784406565656566,0.9886761,44.36406773910085,0.9971611499786377,0.999085545539856,0.11268462985754013,0.029079437255859375,403956,0.010126898,0.005469870753586292,0.0054481858387589455,0.005452013108879328
284991,pgd_eps0.008_alpha0.005_iter1,0.5000000000000001,0.0,0.97535676,45.17169640858153,0.9956725835800171,0.9958279132843018,0.195047989487648,0.035025715827941895,400348,0.009103608,0.004688589833676815,0.0046716900542378426,0.004675502888858318
389566,pgd_eps0.008_alpha0.005_iter2,0.8181818181818183,0.5922865013774106,0.9809055,44.90304659417973,0.9956173896789551,0.9977829456329346,0.182911679148674,0.056791067123413086,404056,0.009482973,0.00506757665425539,0.005055581219494343,0.005035975016653538
78843,pgd_eps0.008_alpha0.005_iter3,0.3333333333333334,0.08051948051948053,0.98476285,44.58676089658732,0.9963032007217407,0.9983628988265991,0.12783530354499817,0.03131002187728882,402685,0.009814941,0.005194330587983131,0.005181276239454746,0.005176755599677563
122927,pgd_eps0.008_alpha0.005_iter2,1.0000000000000002,0.5000000000000001,0.97603273,44.86492853787744,0.9945555925369263,0.9966043829917908,0.249622642993927,0.04348254203796387,403730,0.00952017,0.005083655938506126,0.005084402393549681,0.005082303192466497
225532,pgd_eps0.008_alpha0.005_iter2,0.2727272727272727,0.14285714285714288,0.9759914,44.87558227932996,0.994909942150116,0.9925829172134399,0.21875198185443878,0.03360646963119507,403424,0.00950379,0.0050763632170856,0.005066682118922472,0.005073508247733116
13659,pgd_eps0.008_alpha0.005_iter1,0.7402597402597404,0.5914702581369249,0.9834129,45.10772458721103,0.9970625638961792,0.9987902641296387,0.11209223419427872,0.021371960639953613,405091,0.009221528,0.004746928345412016,0.004733069334179163,0.0047418298199772835
395633,pgd_eps0.008_alpha0.005_iter2,0.5000000000000001,0.25000000000000006,0.9795131,44.84266373189026,0.9951686859130859,0.995023250579834,0.19015474617481232,0.04380369186401367,404370,0.009559349,0.005117116030305624,0.005088254809379578,0.005093455780297518
419096,pgd_eps0.008_alpha0.005_iter1,1.0000000000000002,0.25000000000000006,0.9842231,45.05360693466733,0.9971665143966675,0.998825192451477,0.13038727641105652,0.017509937286376953,405271,0.00928873,0.004778478294610977,0.004784044809639454,0.004781470634043217
203488,pgd_eps0.008_alpha0.005_iter1,0.6666666666666669,0.5000000000000001,0.9789868,45.07002982532268,0.9956693649291992,0.996577262878418,0.16806074976921082,0.04035741090774536,405320,0.009267516,0.004777398891746998,0.00476225046440959,0.004764336161315441
361268,pgd_eps0.008_alpha0.005_iter1,1.0000000000000002,0.3333333333333334,0.9864492,45.08213454814138,0.9969487190246582,0.9986937642097473,0.11107762902975082,0.029650866985321045,405092,0.009253622,0.004780955146998167,0.00477264542132616,0.004720122087746859
414795,pgd_eps0.008_alpha0.005_iter1,0.6272727272727273,0.4843846389300936,0.98753977,45.05230515501658,0.9973089694976807,0.999201774597168,0.095388263463974,0.028411388397216797,405291,0.009291253,0.0047822673805058,0.004788408521562815,0.004773653578013182
508101,pgd_eps0.008_alpha0.005_iter4,0.31818181818181823,0.10606060606060608,0.97703284,44.687854425369494,0.9936560392379761,0.9910628795623779,0.25125613808631897,0.06268596649169922,401338,0.009711265,0.005203145556151867,0.005218470469117165,0.005209599155932665
253386,pgd_eps0.008_alpha0.005_iter1,1.0000000000000002,0.5000000000000001,0.97255343,45.207944183261716,0.9956511855125427,0.9965038299560547,0.1998199224472046,0.03699088096618652,394007,0.009011029,0.004632238298654556,0.004644814878702164,0.004639048129320145
222991,pgd_eps0.008_alpha0.005_iter1,1.0000000000000002,0.5000000000000001,0.9824257,45.100311823368855,0.9960679411888123,0.997510552406311,0.12443199753761292,0.020412087440490723,404953,0.009230358,0.004744700156152248,0.004735810682177544,0.0047539700753986835
530854,pgd_eps0.008_alpha0.005_iter3,0.5000000000000001,0.48484848484848475,0.9766126,44.717865340569844,0.9946884512901306,0.9960893988609314,0.22426985204219818,0.04647606611251831,399327,0.009610661,0.005108133424073458,0.005072636064141989,0.00507260300219059
338624,pgd_eps0.008_alpha0.005_iter1,0.681818181818182,0.5172077922077922,0.9828861,45.204175095551065,0.9962140917778015,0.9986185431480408,0.17373503744602203,0.0477331280708313,404309,0.009095416,0.004671028349548578,0.004633588250726461,0.004684096202254295
138492,pgd_eps0.008_alpha0.005_iter2,1.0000000000000002,0.6666666666666669,0.9784855,44.868891408029484,0.9949779510498047,0.9977105259895325,0.1914205104112625,0.026981234550476074,403739,0.009513652,0.005078680347651243,0.005076904781162739,0.0050828782841563225
263463,pgd_eps0.008_alpha0.005_iter1,0.25000000000000006,0.14285714285714288,0.9818608,45.04690756888468,0.9964824914932251,0.9984647035598755,0.15341618657112122,0.03620988130569458,405109,0.009291892,0.004780170973390341,0.004794363863766193,0.004782537929713726
226592,pgd_eps0.008_alpha0.005_iter1,0.5000000000000001,0.3333333333333334,0.9864898,45.078462981354136,0.9974035024642944,0.9991570115089417,0.10188780725002289,0.029702186584472656,405002,0.009258384,0.004749851301312447,0.0047647226601839066,0.0047550504095852375
378454,pgd_eps0.008_alpha0.005_iter1,1.0000000000000002,0.6666666666666669,0.9783635,45.07549507719796,0.9946891665458679,0.9853071570396423,0.22144970297813416,0.04916262626647949,405235,0.00925915,0.004759823437780142,0.004760758485645056,0.00477193109691143
20059,pgd_eps0.008_alpha0.005_iter2,1.0000000000000002,0.3333333333333334,0.98769134,44.76192754753744,0.9968401789665222,0.9991656541824341,0.13596200942993164,0.05131566524505615,404572,0.009654887,0.005160321015864611,0.00513400137424469,0.005157530307769775
227686,pgd_eps0.008_alpha0.005_iter1,1.0000000000000002,0.3333333333333334,0.98578006,45.08141842957394,0.9968678951263428,0.9993035197257996,0.1292319893836975,0.02803736925125122,403966,0.009243426,0.004766445606946945,0.004769694991409779,0.0047270627692341805
476215,pgd_eps0.008_alpha0.005_iter2,1.0000000000000002,0.6666666666666669,0.9793587,44.9047120758304,0.9948522448539734,0.9902997612953186,0.19469919800758362,0.06453299522399902,403953,0.009480201,0.005068287253379822,0.005036096088588238,0.005043995566666126
247917,pgd_eps0.008_alpha0.005_iter2,0.6666666666666669,0.4000000000000001,0.9873564,44.69665979831157,0.9975241422653198,0.9989452958106995,0.06928090751171112,0.005173444747924805,404345,0.009730119,0.00520560797303915,0.005203421227633953,0.005209881812334061
439522,pgd_eps0.008_alpha0.005_iter2,1.0000000000000002,0.5000000000000001,0.9740265,44.92458024945226,0.9940172433853149,0.985072910785675,0.23016002774238586,0.043221354484558105,403752,0.009449622,0.005075550638139248,0.005048314109444618,0.004988796077668667
479448,pgd_eps0.008_alpha0.005_iter3,0.3636363636363637,0.35497835497835506,0.97939396,44.637662222809105,0.9961390495300293,0.9983544945716858,0.14925166964530945,0.03217291831970215,401368,0.009738789,0.005187426693737507,0.005143880378454924,0.005098420195281506
424721,pgd_eps0.008_alpha0.005_iter9,0.2272727272727273,0.18809523809523812,0.9783568,44.097310171873644,0.9955854415893555,0.99774569272995,0.16486433148384094,0.021709978580474854,401162,0.010435484,0.005659233778715134,0.005645835772156715,0.005630362778902054
26690,pgd_eps0.008_alpha0.005_iter2,0.5730027548209368,0.2820346320346321,0.9762499,44.888913806781865,0.9951754808425903,0.9956842660903931,0.18832454085350037,0.03135263919830322,401448,0.009478165,0.005078890826553106,0.005058806389570236,0.005010775290429592
558854,pgd_eps0.008_alpha0.005_iter4,0.7142857142857144,0.6875000000000002,0.9800928,44.573096698335775,0.9958381056785583,0.9979597926139832,0.16710953414440155,0.021272599697113037,402064,0.009861533,0.005296934396028519,0.005286031868308783,0.005302050616592169
176901,pgd_eps0.008_alpha0.005_iter2,0.6818181818181819,0.4545454545454546,0.9763711,44.8950398321863,0.9940708875656128,0.9960687160491943,0.24530330300331116,0.055211424827575684,404120,0.009495247,0.005068195052444935,0.005070847924798727,0.005052161403000355
334767,pgd_eps0.008_alpha0.005_iter1,0.6060606060606062,0.5227272727272728,0.98620915,45.14238881777133,0.9971215724945068,0.9991117119789124,0.12730413675308228,0.03778719902038574,404566,0.009175312,0.004719382617622614,0.0047079394571483135,0.004718152806162834
301563,pgd_eps0.008_alpha0.005_iter3,0.25000000000000006,0.1666666666666667,0.97683114,44.67818204529064,0.9937478303909302,0.994665801525116,0.239059180021286,0.062086403369903564,401759,0.009683862,0.005132428370416164,0.005108584649860859,0.005109126679599285
86755,pgd_eps0.008_alpha0.005_iter4,0.18181818181818185,0.17424242424242428,0.97907394,44.58713648363779,0.9947552680969238,0.9922875165939331,0.17920000851154327,0.05085247755050659,402275,0.009838733,0.005300555378198624,0.0052704703994095325,0.005275729112327099
194471,pgd_eps0.008_alpha0.005_iter3,1.0000000000000002,0.6666666666666669,0.9744021,44.72304879381638,0.9944722056388855,0.9946421384811401,0.20089846849441528,0.032992780208587646,398135,0.009599688,0.00497942790389061,0.005089349579066038,0.005120816174894571
420281,pgd_eps0.008_alpha0.005_iter5,0.5000000000000001,0.4000000000000001,0.97951216,44.42034636364029,0.9956455230712891,0.9980125427246094,0.15987694263458252,0.023162484169006348,401251,0.010019931,0.005360457114875317,0.005361951421946287,0.005336365662515163
533206,pgd_eps0.008_alpha0.005_iter4,0.6666666666666669,0.4166666666666668,0.9766064,44.67489653757397,0.9950485229492188,0.9978163242340088,0.20826201140880585,0.031198501586914062,400380,0.009716846,0.005245099775493145,0.005229075439274311,0.005150328390300274
99810,pgd_eps0.008_alpha0.005_iter1,0.5681818181818183,0.5000000000000001,0.9741513,45.026510907785635,0.9945930242538452,0.9939982295036316,0.2623310387134552,0.05963587760925293,405123,0.009316861,0.004800921771675348,0.004798595327883959,0.004806955344974995
334483,pgd_eps0.008_alpha0.005_iter9,0.2272727272727273,0.22667231758140852,0.9829629,43.86922806827143,0.9962665438652039,0.9981155395507812,0.1302879899740219,0.023122727870941162,401606,0.01072168,0.005836901254951954,0.005818201694637537,0.005845057312399149
89670,pgd_eps0.008_alpha0.005_iter1,0.25000000000000006,0.20000000000000004,0.9768448,45.05105023652171,0.9954714775085449,0.9971725940704346,0.20443159341812134,0.04503893852233887,405022,0.009286839,0.0047851079143583775,0.004782326053828001,0.004780918825417757
482275,pgd_eps0.008_alpha0.005_iter5,0.31808191808191805,0.2697264856355766,0.9858393,44.25022287511747,0.9968671798706055,0.9990145564079285,0.11896239221096039,0.032474398612976074,403060,0.010248958,0.005502891726791859,0.005473680328577757,0.005491533782333136
404805,pgd_eps0.008_alpha0.005_iter2,1.0000000000000002,0.6666666666666669,0.981404,44.85595562558793,0.9955273866653442,0.998633861541748,0.18218117952346802,0.04384106397628784,404282,0.009543714,0.005095017608255148,0.005092943087220192,0.005084720905870199
2261,pgd_eps0.008_alpha0.005_iter3,0.5000000000000001,0.14285714285714288,0.9824917,44.68615209346561,0.9958018660545349,0.9984418749809265,0.16484434902668,0.05995577573776245,401672,0.009674961,0.0051035224460065365,0.00509985676035285,0.005118463654071093
425702,pgd_eps0.008_alpha0.005_iter2,1.0000000000000002,0.5000000000000001,0.97783965,44.86976922392842,0.9943138360977173,0.9849139451980591,0.25488072633743286,0.07827353477478027,403784,0.009513886,0.005102993454784155,0.005057571921497583,0.005065148696303368
36844,pgd_eps0.008_alpha0.005_iter3,0.38636363636363646,0.25,0.9794547,44.609107071262635,0.995624303817749,0.9974367618560791,0.1565667688846588,0.03097665309906006,401676,0.009768495,0.005161098670214415,0.005160834174603224,0.005151642952114344
12576,pgd_eps0.008_alpha0.005_iter1,0.8441558441558443,0.71875,0.9872289,45.09819106087213,0.997628927230835,0.999135434627533,0.09511563181877136,0.01867353916168213,404913,0.009233587,0.004740001633763313,0.004737473092973232,0.0047579482197761536
361238,pgd_eps0.008_alpha0.005_iter1,0.3766233766233767,0.3295454545454546,0.9829888,45.160895062472434,0.9969487190246582,0.9988975524902344,0.11223219335079193,0.02054595947265625,404483,0.009154662,0.0047366260550916195,0.004696215502917767,0.004645314998924732
108253,pgd_eps0.008_alpha0.005_iter2,0.5056818181818183,0.3526170798898072,0.9802919,44.88327826122182,0.9962272644042969,0.9976230263710022,0.14329686760902405,0.027158141136169434,402236,0.009488396,0.005108430981636047,0.005062921438366175,0.0049867997877299786
319935,pgd_eps0.008_alpha0.005_iter2,0.6363636363636365,0.6136363636363638,0.9793751,44.76839295131895,0.9952622652053833,0.9977616667747498,0.18819019198417664,0.03993105888366699,404249,0.009642329,0.005177091807126999,0.005133508238941431,0.005152860656380653
3934,pgd_eps0.008_alpha0.005_iter2,0.5454545454545455,0.3084415584415585,0.98191196,44.81568514537075,0.996326208114624,0.9984269738197327,0.14380675554275513,0.021705925464630127,404300,0.009590495,0.005139143671840429,0.005106558091938496,0.005110422149300575
29596,pgd_eps0.008_alpha0.005_iter14,0.3750000000000001,0.35151515151515156,0.97687155,44.1757812789743,0.9946908354759216,0.9963070154190063,0.2020774781703949,0.04543381929397583,398802,0.010304749,0.005614676978439093,0.005577510688453913,0.005572000052779913
47740,pgd_eps0.008_alpha0.005_iter1,0.27272727272727276,0.2272727272727273,0.9825123,45.04814102383591,0.9960272312164307,0.9987945556640625,0.18201413750648499,0.04784393310546875,405334,0.009293196,0.00478485319763422,0.004796963185071945,0.004777121357619762
77460,pgd_eps0.008_alpha0.005_iter4,0.26363636363636367,0.1460865800865801,0.9781187,44.39125510657057,0.9948441982269287,0.9975539445877075,0.19969961047172546,0.056990623474121094,402589,0.01007714,0.005452336743474007,0.00542800547555089,0.005426306743174791
14439,pgd_eps0.008_alpha0.005_iter2,0.4493006993006994,0.4128014842300557,0.9854509,44.672731198881486,0.9962683916091919,0.9991205930709839,0.14273454248905182,0.03232765197753906,404305,0.009757873,0.005256644915789366,0.005278302822262049,0.005056866444647312
447314,pgd_eps0.008_alpha0.005_iter2,0.7727272727272729,0.38636363636363646,0.9769661,44.84776760697773,0.994594931602478,0.9951346516609192,0.19619350135326385,0.044335782527923584,403840,0.009540241,0.00511217350140214,0.005091083236038685,0.005072248168289661
181303,pgd_eps0.008_alpha0.005_iter1,0.3333333333333334,0.25000000000000006,0.98293614,45.05432295041044,0.9959594011306763,0.9988829493522644,0.1761661171913147,0.052950143814086914,405288,0.009285238,0.004785244353115559,0.004780915100127459,0.00477509805932641
58350,pgd_eps0.008_alpha0.005_iter3,0.3090909090909092,0.2828282828282829,0.9726922,44.738096343231476,0.9953876733779907,0.9954427480697632,0.17794901132583618,0.036960721015930176,391670,0.009534426,0.0050408183597028255,0.005036839749664068,0.005028148181736469
26465,pgd_eps0.008_alpha0.005_iter3,0.5000000000000001,0.44444444444444453,0.97670215,44.783043374191564,0.9949061274528503,0.99521404504776,0.2020571082830429,0.04505091905593872,401471,0.009547475,0.005065034609287977,0.005013385321944952,0.005053037311881781
246968,pgd_eps0.008_alpha0.005_iter4,0.3181818181818183,0.288961038961039,0.9784341,44.339787789561996,0.9952405691146851,0.9974004030227661,0.18451106548309326,0.04623377323150635,402268,0.010131869,0.005475659389048815,0.00545111671090126,0.005483484361320734
536947,pgd_eps0.008_alpha0.005_iter2,0.3090909090909092,0.1545454545454546,0.98297566,44.81779610447798,0.9962304830551147,0.9981631636619568,0.12762445211410522,0.038749098777770996,404063,0.009586331,0.005109086167067289,0.005116167478263378,0.005102142225950956
286182,pgd_eps0.008_alpha0.005_iter4,0.3000000000000001,0.21002435064935068,0.9843115,44.31901131981771,0.9965580701828003,0.9985389113426208,0.1159030944108963,0.01802968978881836,402736,0.010174546,0.005504259839653969,0.005512408446520567,0.005427068565040827
433980,pgd_eps0.008_alpha0.005_iter2,0.5000000000000001,0.1666666666666667,0.9824242,44.92386098674751,0.9962984323501587,0.9983019232749939,0.1339161992073059,0.026735901832580566,403179,0.009452106,0.005111249629408121,0.005052285268902779,0.004899232182651758
561366,pgd_eps0.008_alpha0.005_iter5,0.3333333333333334,0.3000000000000001,0.9798617,44.52322666424604,0.9954119920730591,0.99764484167099,0.16028174757957458,0.03284025192260742,399460,0.0098704435,0.005275467410683632,0.005268034525215626,0.005268138833343983
380913,pgd_eps0.008_alpha0.005_iter3,0.5454545454545455,0.29545454545454547,0.9814227,44.476041099203115,0.996273398399353,0.9985535740852356,0.154362291097641,0.04458475112915039,401534,0.009938491,0.005243465770035982,0.005274780560284853,0.005274155642837286
32887,pgd_eps0.008_alpha0.005_iter1,0.6666666666666669,0.3750000000000001,0.9866896,45.07550803817564,0.9974219799041748,0.9991428256034851,0.11184662580490112,0.03172880411148071,405335,0.009260166,0.004766887053847313,0.0047593186609447,0.004766114056110382
517687,pgd_eps0.008_alpha0.005_iter3,0.5000000000000001,0.13636363636363638,0.98060423,44.5505573042751,0.9950627088546753,0.9979681372642517,0.19185367226600647,0.05994224548339844,402003,0.009848403,0.0052110664546489716,0.005205773748457432,0.005203536711633205
213035,pgd_eps0.008_alpha0.005_iter2,0.8787878787878789,0.5090909090909091,0.9735163,44.98861258297901,0.9945878386497498,0.9901378154754639,0.22135548293590546,0.05525320768356323,397634,0.009321835,0.004985528066754341,0.004972532857209444,0.004964039195328951
399205,pgd_eps0.008_alpha0.005_iter1,0.8181818181818183,0.39393939393939403,0.98941565,45.078713319017076,0.9978477358818054,0.9994179010391235,0.0864732638001442,0.02668476104736328,405120,0.009258515,0.0047527942806482315,0.004762377589941025,0.00476012472063303
349837,pgd_eps0.008_alpha0.005_iter2,1.0000000000000002,0.9740259740259742,0.9737735,44.87365192953377,0.9939180612564087,0.9896533489227295,0.268052875995636,0.0890885591506958,403292,0.0094912425,0.0050822170451283455,0.005074728280305862,0.005067908205091953
350002,pgd_eps0.008_alpha0.005_iter1,0.5000000000000001,0.20000000000000004,0.9796546,44.98853407458136,0.995879054069519,0.9982719421386719,0.1614210605621338,0.031161010265350342,405327,0.009366571,0.0048378510400652885,0.00483907712623477,0.004821324720978737
131431,pgd_eps0.008_alpha0.005_iter2,1.0000000000000002,0.5000000000000001,0.98183995,44.77435521014974,0.9958887100219727,0.9985713362693787,0.16428104043006897,0.03824979066848755,404206,0.009633664,0.00514054112136364,0.005154834594577551,0.005153203383088112
356248,pgd_eps0.008_alpha0.005_iter6,0.3636363636363637,0.35314685314685323,0.98186034,44.23140395758725,0.9955418109893799,0.9979166984558105,0.1309933215379715,0.019156932830810547,402265,0.01027639,0.005565009079873562,0.005548140034079552,0.005555333569645882
334399,pgd_eps0.008_alpha0.005_iter1,0.7500000000000002,0.7000000000000002,0.9763799,45.28397139450841,0.9956326484680176,0.9947127103805542,0.17298120260238647,0.03233039379119873,398903,0.008946723,0.004621575586497784,0.004583879839628935,0.004559487570077181
57150,pgd_eps0.008_alpha0.005_iter2,0.30303030303030304,0.22803758741258745,0.9800083,44.88918409589823,0.9960165023803711,0.9980468153953552,0.17085853219032288,0.025707721710205078,404019,0.009503708,0.005087101832032204,0.005046682432293892,0.005060267634689808
363666,pgd_eps0.008_alpha0.005_iter1,0.3295454545454546,0.2725501770956317,0.9831093,45.11506150177561,0.9967648983001709,0.9988997578620911,0.13067841529846191,0.026626944541931152,404782,0.009210706,0.004677191376686096,0.0047605643048882484,0.004749723710119724
507235,pgd_eps0.008_alpha0.005_iter1,0.18181818181818185,0.06818181818181819,0.98887414,45.05204791504099,0.9982903003692627,0.9991666078567505,0.04668585956096649,0.005331873893737793,405376,0.009294596,0.004788448568433523,0.004779464565217495,0.0047828746028244495
169996,pgd_eps0.008_alpha0.005_iter2,0.8000000000000002,0.6103896103896105,0.9854899,44.78224519700785,0.9970204830169678,0.9988082051277161,0.1134958416223526,0.02935922145843506,404838,0.009637462,0.00516241742298007,0.0051245479844510555,0.005138713866472244
226417,pgd_eps0.008_alpha0.005_iter1,0.6590909090909092,0.6392045454545455,0.98503655,45.08238334738378,0.9969522356987,0.9991250038146973,0.13923628628253937,0.047054409980773926,405224,0.009251336,0.004764446523040533,0.004752106498926878,0.004765936639159918
481573,pgd_eps0.008_alpha0.005_iter1,0.3333333333333334,0.1666666666666667,0.9782489,45.38645720153772,0.9971045851707458,0.9988278746604919,0.09655220806598663,0.009014248847961426,392353,0.008803379,0.00441138306632638,0.004496154375374317,0.004542247857898474
56127,pgd_eps0.008_alpha0.005_iter1,0.28484848484848485,0.2424242424242425,0.9850041,45.19148924117526,0.9982661604881287,0.9987759590148926,0.04806362837553024,0.010006487369537354,399339,0.009073528,0.004677996505051851,0.004664961248636246,0.004619821906089783
123480,pgd_eps0.008_alpha0.005_iter2,0.3333333333333334,0.1666666666666667,0.97444326,44.90505519804836,0.994038999080658,0.9928353428840637,0.22810523211956024,0.044526755809783936,403666,0.009476529,0.005053089931607246,0.0050585889257490635,0.005037321243435144
274687,pgd_eps0.008_alpha0.005_iter1,0.3333333333333334,0.1666666666666667,0.986258,45.04626142164253,0.9971091151237488,0.9979555010795593,0.10322095453739166,0.022699713706970215,405303,0.009298876,0.004791921935975552,0.0047922623343765736,0.004774810280650854
164637,pgd_eps0.008_alpha0.005_iter1,1.0000000000000002,0.25000000000000006,0.98307943,45.05807983072647,0.9965286254882812,0.9983381628990173,0.10754762589931488,0.02059757709503174,405271,0.0092819985,0.004778409376740456,0.004779058508574963,0.004777828231453896
178028,pgd_eps0.008_alpha0.005_iter1,0.5090909090909091,0.19318181818181823,0.98002356,45.12221850118021,0.996345043182373,0.9980120062828064,0.13664406538009644,0.02074199914932251,405041,0.009204941,0.004744760226458311,0.004747325554490089,0.0046973032876849174
493286,pgd_eps0.008_alpha0.005_iter10,0.12121212121212122,0.08215488215488216,0.9776513,44.11564869070351,0.9943784475326538,0.9968681931495667,0.22606804966926575,0.04682052135467529,400453,0.010399869,0.005657566711306572,0.005639336537569761,0.005655965302139521
348216,pgd_eps0.008_alpha0.005_iter1,0.5454545454545455,0.21212121212121215,0.97905666,45.09308427126696,0.995816707611084,0.9965360164642334,0.15769150853157043,0.0318303108215332,404167,0.009228244,0.004754886496812105,0.004751705098897219,0.0047483183443546295
345027,pgd_eps0.008_alpha0.005_iter3,0.2727272727272728,0.2242883379247016,0.977452,44.5590463712992,0.9942394495010376,0.9820771813392639,0.21583440899848938,0.04995441436767578,402409,0.0098367985,0.005222086329013109,0.005192950833588839,0.00521093001589179
571804,pgd_eps0.008_alpha0.005_iter3,0.4000000000000001,0.17532467532467536,0.97426486,44.68489665632035,0.9936849474906921,0.9912418127059937,0.23015473783016205,0.04586923122406006,401267,0.00967155,0.005130149889737368,0.005106623284518719,0.005100737325847149
140658,pgd_eps0.008_alpha0.005_iter2,1.0000000000000002,0.3333333333333334,0.9826875,45.0403754497405,0.9957854151725769,0.9968335032463074,0.15553584694862366,0.03525209426879883,401423,0.009268679,0.0049812402576208115,0.0048662759363651276,0.004890916403383017
102644,pgd_eps0.008_alpha0.005_iter1,1.0000000000000002,0.20000000000000004,0.97455543,45.052255721426974,0.9949325919151306,0.9958745241165161,0.21516473591327667,0.044769883155822754,405203,0.009288018,0.0047873686999082565,0.004783139564096928,0.004777807742357254
581615,pgd_eps0.008_alpha0.005_iter2,1.0000000000000002,0.5000000000000001,0.9767092,44.82507061636659,0.9945244193077087,0.9943124651908875,0.16590799391269684,0.03119981288909912,404324,0.009583821,0.0051153479143977165,0.005114174913614988,0.0051047587767243385
279887,pgd_eps0.008_alpha0.005_iter1,0.4181818181818182,0.2797979797979798,0.9827843,45.10198897434742,0.9965972900390625,0.9989843368530273,0.14660146832466125,0.034829020500183105,405060,0.0092262635,0.004725441802293062,0.00474662147462368,0.004745867568999529
230008,pgd_eps0.008_alpha0.005_iter2,0.5151515151515152,0.5090909090909091,0.98374915,44.78965100653859,0.9959323406219482,0.9991781115531921,0.1826195865869522,0.049987852573394775,404494,0.009621651,0.0051454417407512665,0.0051506282761693,0.005115928128361702
284698,pgd_eps0.008_alpha0.005_iter2,0.3333333333333334,0.12500000000000003,0.98460215,44.93358787774521,0.9966230392456055,0.9986009001731873,0.1432243287563324,0.019692301750183105,403041,0.009435737,0.005032679531723261,0.005027802661061287,0.005010443273931742
102356,pgd_eps0.008_alpha0.005_iter1,0.5000000000000001,0.3333333333333334,0.98017454,45.11462144701927,0.9959959387779236,0.9982323050498962,0.15802256762981415,0.022115707397460938,404955,0.009211551,0.004721108824014664,0.004735278896987438,0.0047470396384596825
456394,pgd_eps0.008_alpha0.005_iter1,0.7727272727272729,0.12121212121212119,0.9848282,45.08695864111193,0.9974161386489868,0.9990230798721313,0.11390270292758942,0.02393496036529541,405111,0.009246985,0.004753586370497942,0.004759021103382111,0.004757898859679699
323709,pgd_eps0.008_alpha0.005_iter1,1.0000000000000002,0.5000000000000001,0.9750681,45.10194701635086,0.9943644404411316,0.9710592031478882,0.2519057095050812,0.05877387523651123,404998,0.009221853,0.004744384437799454,0.004736423026770353,0.004750557243824005
452122,pgd_eps0.008_alpha0.005_iter3,1.0000000000000002,0.5000000000000001,0.969363,44.76280440671715,0.9918937683105469,0.9236986637115479,0.35598069429397583,0.11683213710784912,400057,0.009567048,0.005085536744445562,0.0050403159111738205,0.005039135925471783
579158,pgd_eps0.008_alpha0.005_iter1,0.3333333333333334,0.1363636363636364,0.9850976,45.05595806227902,0.9972359538078308,0.9989917874336243,0.1077721044421196,0.026213407516479492,405157,0.009284339,0.004781155381351709,0.004776370711624622,0.004782375413924456
525322,pgd_eps0.008_alpha0.005_iter4,1.0000000000000002,0.3333333333333334,0.9701598,44.721326791114855,0.9916930198669434,0.9355860948562622,0.32223638892173767,0.09346771240234375,394804,0.009584481,0.005201591178774834,0.005177506245672703,0.005167180206626654
33114,pgd_eps0.008_alpha0.005_iter1,0.5000000000000001,0.3090909090909092,0.9777937,45.03237069727788,0.9951236248016357,0.9966275691986084,0.18929803371429443,0.041141629219055176,405465,0.009313604,0.004809474106878042,0.004795188084244728,0.004788572899997234
8690,pgd_eps0.008_alpha0.005_iter2,0.22727272727272727,0.07575757575757576,0.98540705,44.909119289327194,0.9968492984771729,0.9980785250663757,0.11637525260448456,0.029307067394256592,401186,0.009416313,0.005006954539567232,0.004982436541467905,0.005001425743103027
381639,pgd_eps0.008_alpha0.005_iter3,0.45454545454545464,0.22582972582972588,0.989666,44.328341037320115,0.99797123670578,0.9975084662437439,0.04593482241034508,0.004777669906616211,399744,0.010060079,0.005344323348253965,0.005336401052772999,0.005354711785912514
217614,pgd_eps0.008_alpha0.005_iter2,1.0000000000000002,0.5000000000000001,0.991051,44.796721678038516,0.9975572824478149,0.9994910955429077,0.09865982830524445,0.036667823791503906,405173,0.009615433,0.005136628169566393,0.005140998400747776,0.0051212552934885025
284445,pgd_eps0.008_alpha0.005_iter3,0.3581818181818182,0.29111629111629117,0.98550653,44.44221892446428,0.9970456957817078,0.9983280301094055,0.08915242552757263,0.009504914283752441,403562,0.010000928,0.005316638853400946,0.005307086277753115,0.005275546107441187
468124,pgd_eps0.008_alpha0.005_iter1,0.6666666666666669,0.5000000000000001,0.98469335,45.04128203959468,0.9967338442802429,0.9987908601760864,0.11740116029977798,0.02136516571044922,405336,0.009303395,0.004795245826244354,0.004801977891474962,0.004771677777171135
187144,pgd_eps0.008_alpha0.005_iter1,0.5272727272727273,0.5142857142857145,0.9834945,45.214704998351614,0.9964863061904907,0.997617781162262,0.13422346115112305,0.02915048599243164,400997,0.009030552,0.004655485041439533,0.004644913133233786,0.0045987083576619625
273198,pgd_eps0.008_alpha0.005_iter1,0.8787878787878789,0.6000000000000002,0.9860935,45.09667569695356,0.9972545504570007,0.9990733861923218,0.1053110882639885,0.023981153964996338,404972,0.009233946,0.004743277560919523,0.004749554209411144,0.00475124130025506
95843,pgd_eps0.008_alpha0.005_iter1,1.0000000000000002,0.3333333333333334,0.9785536,45.15828472565909,0.995790958404541,0.9975404739379883,0.17224767804145813,0.0384066104888916,403742,0.009150449,0.004681945312768221,0.0047189341858029366,0.004693107213824987
417779,pgd_eps0.008_alpha0.005_iter1,0.6590909090909092,0.5272727272727273,0.9855783,45.0657048774645,0.9967381358146667,0.9986900091171265,0.108303502202034,0.029918789863586426,405350,0.009274769,0.004774979781359434,0.004769622348248959,0.004773564171046019
447342,pgd_eps0.008_alpha0.005_iter7,0.2272727272727273,0.20413223140495873,0.9848463,44.002387252041984,0.996168315410614,0.9989392161369324,0.15737469494342804,0.050275325775146484,403765,0.010569582,0.005751428194344044,0.0056971097365021706,0.005702004302293062
490125,pgd_eps0.008_alpha0.005_iter2,0.6555944055944057,0.2595238095238096,0.9820526,44.82435572812774,0.9957230091094971,0.9985389113426208,0.16758081316947937,0.03786051273345947,404251,0.00957979,0.005135374143719673,0.005096927750855684,0.005104388576000929
561009,pgd_eps0.008_alpha0.005_iter1,1.0000000000000002,0.5000000000000001,0.97740346,44.96688775373774,0.9954922199249268,0.9981983304023743,0.1939239203929901,0.049725472927093506,405592,0.009395243,0.004849844612181187,0.004866343457251787,0.004832194186747074
183675,pgd_eps0.008_alpha0.005_iter2,1.0000000000000002,0.6666666666666669,0.9835461,44.858800569316045,0.9958609938621521,0.9986494779586792,0.16118550300598145,0.03860318660736084,404072,0.00953973,0.005096851382404566,0.005084637552499771,0.0050698681734502316
290248,pgd_eps0.008_alpha0.005_iter1,0.22824675324675328,0.2021587481146305,0.98713446,45.170494940721575,0.9974364042282104,0.9990375638008118,0.10518205165863037,0.037164390087127686,403828,0.00912912,0.004753913730382919,0.00463192630559206,0.00464567169547081
532058,pgd_eps0.008_alpha0.005_iter1,0.7500000000000002,0.6000000000000002,0.9795125,45.07089073872756,0.9961576461791992,0.9975258111953735,0.13739754259586334,0.03477197885513306,404866,0.009258762,0.004772618878632784,0.004755045287311077,0.004768760874867439
214200,pgd_eps0.008_alpha0.005_iter2,1.0000000000000002,0.5000000000000001,0.98224956,44.80509637249989,0.9960287809371948,0.9981893301010132,0.1462121456861496,0.025677382946014404,403836,0.009596608,0.005134280305355787,0.005072777159512043,0.005140401888638735
578093,pgd_eps0.008_alpha0.005_iter1,0.5000000000000001,0.4151515151515152,0.9866128,45.05117490168223,0.997271716594696,0.9991108775138855,0.10375231504440308,0.03611135482788086,405379,0.009289714,0.004782753996551037,0.00478829350322485,0.0047775753773748875
369751,pgd_eps0.008_alpha0.005_iter1,0.8181818181818183,0.5227272727272728,0.9850275,45.1322710218807,0.9967527389526367,0.9988583922386169,0.13586631417274475,0.021336793899536133,404985,0.009193049,0.004728144500404596,0.004722639452666044,0.004715883173048496
429011,pgd_eps0.008_alpha0.005_iter3,0.3333333333333334,0.20000000000000004,0.97759837,44.56791039760827,0.9944487810134888,0.996412456035614,0.23414526879787445,0.05179017782211304,402237,0.009829246,0.005210288800299168,0.005194367840886116,0.005206746980547905
301061,pgd_eps0.008_alpha0.005_iter3,0.3333333333333334,0.12500000000000003,0.98411995,44.685351905925295,0.9967019557952881,0.9986436367034912,0.13281869888305664,0.025286555290222168,402214,0.009682376,0.005112463142722845,0.005101311020553112,0.00511213019490242
105264,pgd_eps0.008_alpha0.005_iter1,0.9090909090909093,0.65993265993266,0.980786,45.14263701004431,0.9959371089935303,0.9972065687179565,0.1701452136039734,0.02910304069519043,405032,0.009176688,0.004705346655100584,0.004684068728238344,0.004744859877973795
267434,pgd_eps0.008_alpha0.005_iter3,1.0000000000000002,0.3333333333333334,0.9856773,44.53074162795848,0.9967302680015564,0.9985994696617126,0.11916530877351761,0.030575275421142578,402467,0.009871475,0.0052573359571397305,0.005239405669271946,0.005140858702361584
370711,pgd_eps0.008_alpha0.005_iter1,0.5681818181818183,0.2333333333333334,0.9897874,45.03746882783879,0.9977867603302002,0.9994387626647949,0.08791380375623703,0.03310573101043701,405393,0.009308826,0.00478707067668438,0.004804217256605625,0.004785063676536083
25393,pgd_eps0.008_alpha0.005_iter2,0.6363636363636365,0.3863636363636364,0.9776098,44.879063856679544,0.9951421618461609,0.9958241581916809,0.17302073538303375,0.03000938892364502,403277,0.009504106,0.00508997542783618,0.005061621777713299,0.005054660607129335
471087,pgd_eps0.008_alpha0.005_iter3,1.0000000000000002,0.6666666666666669,0.99031955,44.69582996490851,0.9977268576622009,0.9990940690040588,0.09419550746679306,0.03221839666366577,403664,0.009681351,0.005099093541502953,0.0050993384793400764,0.00510800676420331
106757,pgd_eps0.008_alpha0.005_iter1,0.7727272727272729,0.5227272727272728,0.98367953,45.071372023623596,0.9963390231132507,0.9986010193824768,0.13578836619853973,0.027882099151611328,405253,0.009264796,0.004765988327562809,0.0047677550464868546,0.0047699217684566975
183648,pgd_eps0.008_alpha0.005_iter1,0.5000000000000001,0.25000000000000006,0.9847193,45.08101971604308,0.9965993762016296,0.9988150000572205,0.1306098997592926,0.04293555021286011,405174,0.009252607,0.004758170340210199,0.004757965914905071,0.0047597019001841545
358525,pgd_eps0.008_alpha0.005_iter1,0.8484848484848486,0.6363636363636365,0.9831042,45.16307325069632,0.9968559145927429,0.998410701751709,0.1296173632144928,0.027329742908477783,401463,0.0090983985,0.004681833554059267,0.004677239805459976,0.0046653770841658115
49269,pgd_eps0.008_alpha0.005_iter3,1.0000000000000002,0.6666666666666669,0.9791608,44.71886114783935,0.9954230189323425,0.9977426528930664,0.1639592945575714,0.027231335639953613,398329,0.009616964,0.0050901984795928,0.005080363713204861,0.004993928596377373
79144,pgd_eps0.008_alpha0.005_iter2,1.0000000000000002,0.1666666666666667,0.9885538,44.783728984234436,0.9971767663955688,0.9993272423744202,0.11866610497236252,0.03814423084259033,405083,0.00963588,0.0051461439579725266,0.005144283641129732,0.005135180428624153
519688,pgd_eps0.008_alpha0.005_iter1,0.3333333333333334,0.25000000000000006,0.9790718,45.01910417943874,0.9958781003952026,0.9976908564567566,0.16754038631916046,0.02574598789215088,405432,0.009331712,0.004803112242370844,0.004817466717213392,0.00480621075257659
431727,pgd_eps0.008_alpha0.005_iter1,0.5454545454545455,0.5000000000000001,0.98622054,45.07615491813388,0.9971334934234619,0.9991520643234253,0.12918825447559357,0.04613351821899414,405303,0.0092597185,0.00476212939247489,0.0047639901749789715,0.004766868427395821
130699,pgd_eps0.008_alpha0.005_iter2,0.49675324675324684,0.14253246753246754,0.9836896,44.82290361820517,0.9958927035331726,0.9987160563468933,0.14835989475250244,0.03750717639923096,404492,0.009584501,0.0051316083408892155,0.005112326703965664,0.005100148729979992
215245,pgd_eps0.008_alpha0.005_iter1,0.8051948051948054,0.7662337662337664,0.9841736,45.08605287614674,0.996525228023529,0.9983059763908386,0.12459128350019455,0.031858623027801514,405106,0.009248237,0.00476037384942174,0.004741986747831106,0.0047637056559324265
91921,pgd_eps0.008_alpha0.005_iter1,1.0000000000000002,0.3333333333333334,0.9890275,45.0536055589237,0.9974154233932495,0.9991496801376343,0.09683872759342194,0.02562052011489868,405370,0.00928833,0.004780794959515333,0.0047875819727778435,0.004772397223860025
218424,pgd_eps0.008_alpha0.005_iter1,0.5454545454545455,0.3636363636363637,0.9899521,45.05945029798369,0.9976074695587158,0.9994986653327942,0.09123869985342026,0.024775385856628418,405325,0.009281682,0.004772316664457321,0.0047751800157129765,0.004778355360031128
473974,pgd_eps0.008_alpha0.005_iter3,0.8181818181818183,0.1666666666666667,0.9865878,44.52280454532615,0.9964208006858826,0.9992137551307678,0.14924538135528564,0.05107474327087402,403729,0.009899786,0.005235832184553146,0.005238045938313007,0.005239082500338554
405249,pgd_eps0.008_alpha0.005_iter1,0.47272727272727283,0.27272727272727276,0.9850759,45.11626914009063,0.9972135424613953,0.9988157153129578,0.11049643158912659,0.0257570743560791,405095,0.009209483,0.004740713629871607,0.004729467444121838,0.0047335391864180565
235784,pgd_eps0.008_alpha0.005_iter1,1.0000000000000002,0.6666666666666669,0.9805092,45.077911383761375,0.9955767393112183,0.9954791069030762,0.16614514589309692,0.03629922866821289,403464,0.009229785,0.00473075220361352,0.004768676590174437,0.004756605252623558
521540,pgd_eps0.008_alpha0.005_iter1,0.3333333333333334,0.0,0.9803109,45.063989235276416,0.9960149526596069,0.9976417422294617,0.13819748163223267,0.033716797828674316,405267,0.00927602,0.0047852578572928905,0.004766528028994799,0.004771352279931307
537506,pgd_eps0.008_alpha0.005_iter3,0.5636363636363637,0.2479338842975207,0.9801173,44.604770013868944,0.9957994818687439,0.9983716011047363,0.18048444390296936,0.036904335021972656,401447,0.009773052,0.0051716398447752,0.0051633017137646675,0.005172031931579113
119445,pgd_eps0.008_alpha0.005_iter1,1.0000000000000002,0.7000000000000002,0.98652166,45.0446365018651,0.9967923164367676,0.999134361743927,0.13127124309539795,0.03217405080795288,405177,0.00929659,0.004793122410774231,0.00478507112711668,0.004779519513249397
507015,pgd_eps0.008_alpha0.005_iter2,0.5000000000000001,0.40909090909090917,0.98492056,44.76864998269499,0.9958359599113464,0.9986271858215332,0.15107154846191406,0.03439772129058838,404597,0.00964359,0.005166326649487019,0.005143947433680296,0.0051502930000424385
173830,pgd_eps0.008_alpha0.005_iter1,1.0000000000000002,0.20000000000000004,0.9799073,45.05052328676139,0.99644935131073,0.9975050687789917,0.1026548519730568,0.014572978019714355,405295,0.0092910705,0.004789303056895733,0.004784375429153442,0.00478162569925189
435081,pgd_eps0.008_alpha0.005_iter1,0.2837662337662338,0.2675244508577842,0.99307495,45.091850550955925,0.9991168975830078,0.9994588494300842,0.016269737854599953,0.001981794834136963,405273,0.009245397,0.004750493448227644,0.004753464367240667,0.004751474130898714
18575,pgd_eps0.008_alpha0.005_iter1,0.43939393939393945,0.4285714285714287,0.9872351,45.09539544716731,0.997454822063446,0.9991193413734436,0.09644139558076859,0.01652848720550537,405147,0.0092373155,0.0047515262849628925,0.004745886195451021,0.004750120919197798
373315,pgd_eps0.008_alpha0.005_iter2,1.0000000000000002,0.4000000000000001,0.9797569,44.96790423196547,0.9952024221420288,0.9977090358734131,0.20738142728805542,0.04348874092102051,403523,0.009403416,0.005022439174354076,0.00498345959931612,0.005004372447729111
227765,pgd_eps0.008_alpha0.005_iter1,0.590909090909091,0.2070707070707071,0.9825967,45.1860539793544,0.9970998167991638,0.9988178014755249,0.10819661617279053,0.021849453449249268,402156,0.009109316,0.0046929046511650085,0.004686238709837198,0.004627698101103306
13546,pgd_eps0.008_alpha0.005_iter2,0.5681818181818183,0.3636363636363637,0.9835563,44.85140708827125,0.9960975646972656,0.998781681060791,0.14632967114448547,0.03764522075653076,404004,0.009544801,0.005101542919874191,0.005083724390715361,0.0050702751614153385
67310,pgd_eps0.008_alpha0.005_iter1,0.9090909090909093,0.8818181818181821,0.9863427,45.11060702889333,0.9973242282867432,0.999052882194519,0.10563173145055771,0.017642736434936523,405134,0.009218315,0.004752985201776028,0.004727679304778576,0.00472656125202775
125936,pgd_eps0.008_alpha0.005_iter1,0.38636363636363646,0.3522727272727273,0.9829586,45.16429043477725,0.9968833923339844,0.9988608360290527,0.1445508897304535,0.026779353618621826,404846,0.009152269,0.00470644049346447,0.004703643266111612,0.0046801441349089146
389109,pgd_eps0.008_alpha0.005_iter1,0.43939393939393945,0.42424242424242425,0.9796252,45.234809051389966,0.9963761568069458,0.9971720576286316,0.15655460953712463,0.02590090036392212,403935,0.00906518,0.004599201958626509,0.004680640995502472,0.004614872392266989
322211,pgd_eps0.008_alpha0.005_iter3,0.45454545454545464,0.25000000000000006,0.9866231,44.64229101229759,0.9968087673187256,0.9988696575164795,0.11555086076259613,0.037525832653045654,402731,0.009743579,0.005163515917956829,0.0051321955397725105,0.0051269084215164185
184384,pgd_eps0.008_alpha0.005_iter3,0.20000000000000004,0.14285714285714288,0.98212343,44.57385708271596,0.9963798522949219,0.998084306716919,0.14478270709514618,0.024388790130615234,401848,0.0098156035,0.005220524501055479,0.005192571319639683,0.0051562730222940445
426329,pgd_eps0.008_alpha0.005_iter4,0.32004662004662005,0.13492791539978474,0.9755223,44.65467252766853,0.9946448802947998,0.9971129894256592,0.2205124795436859,0.04592782258987427,400563,0.009742825,0.00524922925978899,0.0052159917540848255,0.005233885254710913
128476,pgd_eps0.008_alpha0.005_iter1,0.4318181818181819,0.39393939393939403,0.9843561,45.126285550386584,0.9969218969345093,0.9989622831344604,0.12957149744033813,0.03170597553253174,404645,0.009196696,0.004723206628113985,0.004740599542856216,0.0046946341171860695
414034,pgd_eps0.008_alpha0.005_iter2,0.6000000000000002,0.5714285714285715,0.98130566,44.844688506841436,0.995995044708252,0.998530924320221,0.16386833786964417,0.028425991535186768,404151,0.009556938,0.005115931853652,0.005083769094198942,0.005090748891234398
450488,pgd_eps0.008_alpha0.005_iter1,0.6666666666666669,0.5000000000000001,0.97777796,45.09286982123115,0.9953721761703491,0.9965632557868958,0.19877001643180847,0.03917646408081055,404935,0.009235982,0.004758201073855162,0.004744787700474262,0.004752241540700197
99182,pgd_eps0.008_alpha0.005_iter1,0.6666666666666669,0.5000000000000001,0.9768072,45.20034729119085,0.9960491061210632,0.9968024492263794,0.17683054506778717,0.03777968883514404,399819,0.009066988,0.004639816470444202,0.004668848123401403,0.004671681672334671
51738,pgd_eps0.008_alpha0.005_iter1,0.6666666666666669,0.5000000000000001,0.97652763,45.05856698591904,0.9953006505966187,0.9958825707435608,0.19391313195228577,0.04197937250137329,405250,0.009280213,0.004784032702445984,0.0047769066877663136,0.004777505993843079
99039,pgd_eps0.008_alpha0.005_iter1,0.3750000000000001,0.3545454545454546,0.98427564,45.1151188893181,0.9969785213470459,0.9984710216522217,0.12097771465778351,0.026568293571472168,403060,0.009179299,0.004717834759503603,0.004719005897641182,0.004722908139228821
75456,pgd_eps0.008_alpha0.005_iter1,1.0000000000000002,0.5000000000000001,0.97866935,45.080742622012984,0.9954781532287598,0.9903719425201416,0.20484429597854614,0.0533561110496521,405087,0.009252984,0.004765781573951244,0.004760140087455511,0.0047552925534546375
134882,pgd_eps0.008_alpha0.005_iter3,0.4545454545454547,0.4428571428571429,0.9871786,44.67830352713375,0.9973399639129639,0.9984071850776672,0.05465767905116081,0.009401679039001465,402994,0.00970246,0.005053041037172079,0.005163968075066805,0.005091861356049776
442323,pgd_eps0.008_alpha0.005_iter1,0.8000000000000002,0.3750000000000001,0.97808856,45.09029315614316,0.9956170320510864,0.9943023324012756,0.14297574758529663,0.027357876300811768,405278,0.009242879,0.004750828258693218,0.004752672743052244,0.004754610825330019
351823,pgd_eps0.008_alpha0.005_iter1,1.0000000000000002,0.5000000000000001,0.98468095,45.05346517757354,0.9969731569290161,0.9989898204803467,0.09282280504703522,0.01510310173034668,405304,0.009290356,0.004783593583852053,0.004777897149324417,0.0047845663502812386
65736,pgd_eps0.008_alpha0.005_iter3,1.0000000000000002,0.6000000000000002,0.97108454,44.72248488369477,0.9927897453308105,0.983172595500946,0.2983532249927521,0.05656862258911133,399947,0.009616631,0.0050762128084897995,0.005076933652162552,0.005098795518279076
1000,pgd_eps0.008_alpha0.005_iter1,0.5659090909090909,0.37878787878787884,0.9872008,45.1037691492059,0.9975980520248413,0.9991106986999512,0.09699894487857819,0.02883845567703247,404875,0.009224037,0.004746760241687298,0.004727210849523544,0.0047421022318303585
379842,pgd_eps0.008_alpha0.005_iter2,0.5000000000000001,0.27272727272727276,0.97972125,44.8824183991885,0.9952828288078308,0.997805118560791,0.19656044244766235,0.04788410663604736,403830,0.009502884,0.0051076365634799,0.005046142730861902,0.005048960447311401
13923,pgd_eps0.008_alpha0.005_iter1,0.6931818181818183,0.6666666666666667,0.97993153,45.11524359356937,0.9959666728973389,0.9968618750572205,0.1584814488887787,0.04966080188751221,404384,0.009199962,0.004710836801677942,0.004725033883005381,0.004742783028632402
559543,pgd_eps0.008_alpha0.005_iter1,0.8000000000000002,0.4000000000000001,0.9778209,45.12186473709811,0.9956504702568054,0.9961608052253723,0.17738795280456543,0.03782296180725098,404921,0.00920374,0.00474915374070406,0.004737814888358116,0.004704901948571205
185890,pgd_eps0.008_alpha0.005_iter1,0.45454545454545464,0.3636363636363637,0.98658293,45.07993654279516,0.9974408149719238,0.9990785717964172,0.0871618241071701,0.01758784055709839,405183,0.009256527,0.004765637218952179,0.004763427190482616,0.004747825674712658
357978,pgd_eps0.008_alpha0.005_iter5,0.2954545454545455,0.25974025974025977,0.97869295,44.43989117637321,0.9955586194992065,0.9977991580963135,0.16755616664886475,0.026118874549865723,400942,0.0099830935,0.0053450544364750385,0.005327361170202494,0.005338841117918491
129492,pgd_eps0.008_alpha0.005_iter2,0.38636363636363646,0.31168831168831174,0.98123914,44.82958249501526,0.9959883689880371,0.9978532195091248,0.1371324211359024,0.03169655799865723,403997,0.009572497,0.005129009950906038,0.005093896295875311,0.005094238091260195
410510,pgd_eps0.008_alpha0.005_iter1,0.8333333333333335,0.6250000000000001,0.97605443,45.063353628290166,0.9951696395874023,0.9950238466262817,0.17395250499248505,0.035621583461761475,405009,0.009272381,0.004766862839460373,0.004769276827573776,0.004774628207087517
39951,pgd_eps0.008_alpha0.005_iter3,0.7878787878787881,0.5000000000000001,0.9776557,44.6482848257487,0.9951128959655762,0.997275710105896,0.18664926290512085,0.029904544353485107,401303,0.009720661,0.005149648990482092,0.005126988515257835,0.00512915151193738
306700,pgd_eps0.008_alpha0.005_iter1,0.7500000000000002,0.6000000000000002,0.98176765,45.05557618343009,0.9963585138320923,0.9981948733329773,0.1301640272140503,0.014579534530639648,405285,0.009286326,0.004782942123711109,0.00479645561426878,0.004755102563649416
146457,pgd_eps0.008_alpha0.005_iter1,0.6233766233766235,0.5636363636363637,0.9854215,45.047309109922445,0.9970940351486206,0.9990140199661255,0.11251122504472733,0.025081276893615723,405386,0.009294516,0.004789669066667557,0.0047911726869642735,0.0047822995111346245
214224,pgd_eps0.008_alpha0.005_iter1,0.3333333333333334,0.25000000000000006,0.97604114,45.072221784014715,0.9951040744781494,0.9946949481964111,0.20308154821395874,0.03962087631225586,405209,0.009262265,0.00477042980492115,0.004770715720951557,0.00476000877097249
332845,pgd_eps0.008_alpha0.005_iter1,1.0000000000000002,0.6666666666666669,0.97593755,45.17413705134386,0.99562668800354,0.9944264888763428,0.18029484152793884,0.042566657066345215,402273,0.009114775,0.004706147126853466,0.00468506058678031,0.004687488544732332
187271,pgd_eps0.008_alpha0.005_iter2,1.0000000000000002,0.5000000000000001,0.97581893,44.876562741791794,0.9947046041488647,0.9948590993881226,0.1889001727104187,0.05818784236907959,403342,0.009503737,0.0050778938457369804,0.005071714986115694,0.005069692153483629
462629,pgd_eps0.008_alpha0.005_iter2,0.2727272727272727,0.21542575071986833,0.9785335,45.03157657670777,0.99614417552948,0.9980601072311401,0.154394268989563,0.03832888603210449,397308,0.009268998,0.004913062322884798,0.0049010212533175945,0.004914603661745787
544565,pgd_eps0.008_alpha0.005_iter7,0.25000000000000006,0.21911421911421913,0.9844036,44.17943321783942,0.9970524311065674,0.9984152317047119,0.07071289420127869,0.0055016279220581055,402123,0.010339319,0.0055579449981451035,0.005567224696278572,0.005577408708631992
369771,pgd_eps0.008_alpha0.005_iter1,0.2545454545454546,0.18614718614718612,0.9856685,45.12042233136122,0.9972339868545532,0.999157190322876,0.10071121156215668,0.021166086196899414,404964,0.009206819,0.004714115057140589,0.00473730219528079,0.0047257100231945515
35963,pgd_eps0.008_alpha0.005_iter1,0.5454545454545455,0.27272727272727276,0.9894333,45.09997032678213,0.9977065324783325,0.9992506504058838,0.09113859385251999,0.015194952487945557,404977,0.009231851,0.0047541167587041855,0.004737017210572958,0.0047477055341005325
289516,pgd_eps0.008_alpha0.005_iter3,1.0000000000000002,0.3333333333333334,0.9782093,44.510861066543434,0.9943563342094421,0.9923794269561768,0.23526695370674133,0.04495483636856079,400844,0.009879971,0.005244848318397999,0.005230338778346777,0.005231455434113741
334309,pgd_eps0.008_alpha0.005_iter4,0.2272727272727273,0.20292207792207792,0.9821175,44.417114133044365,0.995985746383667,0.9985755681991577,0.15926513075828552,0.03399842977523804,401960,0.010042196,0.005397529806941748,0.005424062721431255,0.005385743919759989
452084,pgd_eps0.008_alpha0.005_iter1,0.5000000000000001,0.4000000000000001,0.9751299,45.48715023433566,0.9979316592216492,0.9987972974777222,0.06260374188423157,0.015552818775177002,384008,0.008613751,0.004488883540034294,0.004298046231269836,0.004390757996588945
301718,pgd_eps0.008_alpha0.005_iter1,0.6493506493506495,0.45454545454545464,0.9826212,45.094957100337524,0.9967645406723022,0.9986478090286255,0.12895122170448303,0.016500890254974365,405084,0.009236469,0.004757820628583431,0.004732503555715084,0.004759525880217552
429598,pgd_eps0.008_alpha0.005_iter1,1.0000000000000002,0.6666666666666669,0.98139954,45.0441556197741,0.9963433146476746,0.9983893632888794,0.1278124302625656,0.026683568954467773,405291,0.009298804,0.004790745209902525,0.004791836254298687,0.0047852834686636925
165257,pgd_eps0.008_alpha0.005_iter1,1.0000000000000002,0.25000000000000006,0.9791627,45.07855431227288,0.9956113696098328,0.9982686042785645,0.1863393634557724,0.04448592662811279,405216,0.0092543755,0.004764505662024021,0.004756595939397812,0.0047645787708461285
93437,pgd_eps0.008_alpha0.005_iter5,0.18181818181818185,0.13986013986013987,0.97963506,44.31892424489513,0.9943917989730835,0.9978320598602295,0.20276424288749695,0.04763305187225342,401287,0.010130092,0.005433230195194483,0.005419956985861063,0.005412441678345203
413552,pgd_eps0.008_alpha0.005_iter2,0.27272727272727276,0.18181818181818185,0.9768191,44.90892903545081,0.9950040578842163,0.9970722794532776,0.19898781180381775,0.039101243019104004,402939,0.009456234,0.005045199301093817,0.0050385757349431515,0.005042224656790495
62025,pgd_eps0.008_alpha0.005_iter2,0.7500000000000002,0.6242424242424243,0.9776916,44.94202457428021,0.9951571226119995,0.9958239197731018,0.16568593680858612,0.0282018780708313,404398,0.009431623,0.005028741434216499,0.005030539818108082,0.005019224714487791
17379,pgd_eps0.008_alpha0.005_iter2,0.6666666666666669,0.6000000000000002,0.9808944,44.889765630051585,0.9958636164665222,0.9973269701004028,0.1312432438135147,0.01987433433532715,403715,0.009492524,0.005066903308033943,0.005068181548267603,0.00504855765029788
176778,pgd_eps0.008_alpha0.005_iter1,1.0000000000000002,0.6666666666666669,0.98060805,45.097973150124105,0.9959447383880615,0.9973914623260498,0.1508944034576416,0.022875845432281494,404425,0.009228065,0.004752026870846748,0.0047572897747159,0.004723271820694208
104572,pgd_eps0.008_alpha0.005_iter1,0.27272727272727276,0.20454545454545459,0.98379207,45.09183170516043,0.9966009855270386,0.998589038848877,0.14348164200782776,0.04683279991149902,404806,0.009235318,0.00475756311789155,0.004759251605719328,0.0047285910695791245
90108,pgd_eps0.008_alpha0.005_iter2,1.0000000000000002,0.7500000000000002,0.9761257,44.871122831944625,0.9947737455368042,0.9930213093757629,0.172566220164299,0.03728830814361572,403459,0.009510516,0.005096252541989088,0.005068889819085598,0.005058163311332464
157124,pgd_eps0.008_alpha0.005_iter1,1.0000000000000002,0.20000000000000004,0.9788304,45.0391345369396,0.9956547021865845,0.9967526197433472,0.16325777769088745,0.04844909906387329,405299,0.0093040215,0.004797384608536959,0.004798090551048517,0.004779772832989693
89556,pgd_eps0.008_alpha0.005_iter1,0.4162337662337663,0.30060606060606065,0.9867657,45.20554798441321,0.9975125193595886,0.9987911581993103,0.1071949154138565,0.02893972396850586,401848,0.00906085,0.004655483644455671,0.004641204606741667,0.004653850104659796
86220,pgd_eps0.008_alpha0.005_iter2,0.5000000000000001,0.40909090909090917,0.9833656,44.772262132315426,0.9960991740226746,0.9985244870185852,0.1591811180114746,0.04559326171875,404763,0.009640939,0.005201864056289196,0.0051690395921468735,0.005046296864748001
508602,pgd_eps0.008_alpha0.005_iter2,0.7727272727272729,0.4242424242424243,0.98715156,44.88940786126798,0.9980928301811218,0.9988943338394165,0.08111975342035294,0.014184713363647461,402331,0.009485653,0.005059733521193266,0.005034908186644316,0.005043664015829563
10363,pgd_eps0.008_alpha0.005_iter1,1.0000000000000002,0.6000000000000002,0.9790999,45.05176234414343,0.995327889919281,0.9966185688972473,0.19311347603797913,0.05185961723327637,405267,0.009287784,0.0047836024314165115,0.0047866529785096645,0.0047770612873137
17178,pgd_eps0.008_alpha0.005_iter1,0.840909090909091,0.5757575757575758,0.98577213,45.07556075303684,0.99652498960495,0.998764157295227,0.1345439851284027,0.027815818786621094,404850,0.00925676,0.004768101964145899,0.004771100822836161,0.0047386749647557735
507975,pgd_eps0.008_alpha0.005_iter3,0.5151515151515152,0.4848484848484849,0.9868994,44.457525748664054,0.9971829652786255,0.9991037249565125,0.10765022039413452,0.022630631923675537,403162,0.009969914,0.005280878394842148,0.005277141463011503,0.005285942927002907
314177,pgd_eps0.008_alpha0.005_iter1,0.5000000000000001,0.25000000000000006,0.979201,45.09278475413411,0.9957951903343201,0.9961020946502686,0.1446366310119629,0.03132718801498413,405131,0.009240511,0.004760584328323603,0.004748047329485416,0.004748865030705929
313182,pgd_eps0.008_alpha0.005_iter3,0.5454545454545456,0.40606060606060607,0.98243374,44.66008211314666,0.9955379366874695,0.9957879185676575,0.19170933961868286,0.04291486740112305,395760,0.009588749,0.005114465486258268,0.0050352285616099834,0.005032448563724756
538364,pgd_eps0.008_alpha0.005_iter2,0.5,0.35555555555555557,0.9842438,44.81982000523929,0.9966815710067749,0.9987567067146301,0.12162764370441437,0.02064800262451172,404012,0.009579739,0.005130873527377844,0.005116011016070843,0.0050879609771072865
149406,pgd_eps0.008_alpha0.005_iter1,1.0000000000000002,0.3333333333333334,0.9902485,45.05348314214929,0.9984009265899658,0.9991341829299927,0.02731504663825035,0.002390921115875244,405332,0.009294771,0.004779717419296503,0.004782706033438444,0.004780517891049385
180383,pgd_eps0.008_alpha0.005_iter1,0.7500000000000002,0.4285714285714287,0.98134834,45.07591437251249,0.9967185258865356,0.998559832572937,0.12535980343818665,0.020524799823760986,405212,0.009262245,0.004776126705110073,0.004758929368108511,0.0047592963092029095
449996,pgd_eps0.008_alpha0.005_iter1,0.3636363636363637,0.32323232323232326,0.9772506,45.06612034399894,0.9946429133415222,0.9489638805389404,0.2202255129814148,0.085662841796875,405215,0.009271831,0.0047728531062603,0.004765253514051437,0.004775527399033308
168619,pgd_eps0.008_alpha0.005_iter1,1.0000000000000002,0.5000000000000001,0.9828746,45.10718968973073,0.9964367747306824,0.9987267255783081,0.1254410296678543,0.04197072982788086,404194,0.009210137,0.0047307973727583885,0.004733019042760134,0.004735295195132494
209613,pgd_eps0.008_alpha0.005_iter2,0.5757575757575759,0.39393939393939403,0.98724467,44.860572527960876,0.996508002281189,0.9991022348403931,0.13823693990707397,0.04496777057647705,404560,0.009537077,0.005080139264464378,0.005089813377708197,0.005082689691334963
103548,pgd_eps0.008_alpha0.005_iter2,0.6363636363636365,0.557283359914939,0.9882384,44.857469027268436,0.9971009492874146,0.9991805553436279,0.1079891175031662,0.051915526390075684,404715,0.009542759,0.005102857947349548,0.0050760237500071526,0.005086147226393223
469652,pgd_eps0.008_alpha0.005_iter3,1.0000000000000002,0.5000000000000001,0.9854203,44.68302045236057,0.996672511100769,0.9990471005439758,0.14557071030139923,0.03389132022857666,402342,0.009692089,0.005112973973155022,0.005111193284392357,0.005117555148899555
15338,pgd_eps0.008_alpha0.005_iter1,0.8484848484848486,0.5090909090909091,0.98556465,45.10897037967222,0.9967085719108582,0.9987412691116333,0.13450244069099426,0.04438704252243042,404173,0.009201318,0.004734695889055729,0.004730754066258669,0.004725969862192869
512564,pgd_eps0.008_alpha0.005_iter1,0.30909090909090914,0.28896103896103903,0.9843182,45.098908134730635,0.9968230724334717,0.998866617679596,0.1351979821920395,0.04768180847167969,404913,0.009227763,0.0047501446679234505,0.004771573003381491,0.004707172513008118
336658,pgd_eps0.008_alpha0.005_iter1,0.39393939393939403,0.24444444444444446,0.9781906,45.10897992321475,0.9956144690513611,0.9959613680839539,0.15874558687210083,0.04790544509887695,404691,0.0092202,0.0046699983067810535,0.004776784218847752,0.004751365631818771
568439,pgd_eps0.008_alpha0.005_iter2,0.38636363636363646,0.3116883116883117,0.98490125,44.72574172538658,0.99626624584198,0.9988047480583191,0.13480642437934875,0.02915710210800171,404738,0.009702856,0.005205587018281221,0.0051759956404566765,0.0051689185202121735
372317,pgd_eps0.008_alpha0.005_iter1,1.0000000000000002,0.6666666666666669,0.98309296,45.103842440910526,0.9964357614517212,0.9982150197029114,0.1370478868484497,0.028324365615844727,405088,0.009225634,0.004735863767564297,0.004737394861876965,0.004753073211759329
476704,pgd_eps0.008_alpha0.005_iter1,0.9090909090909092,0.5064935064935066,0.98033494,45.075638828983394,0.9959769248962402,0.9976943731307983,0.15974217653274536,0.03542262315750122,405031,0.00925869,0.004769044928252697,0.004771970212459564,0.004747787490487099
260266,pgd_eps0.008_alpha0.005_iter3,0.8636363636363638,0.5606060606060607,0.97635585,44.4857642803743,0.9942241907119751,0.9887838363647461,0.20277142524719238,0.030526816844940186,401385,0.009913983,0.0052746678702533245,0.005260763689875603,0.005258622579276562
106048,pgd_eps0.008_alpha0.005_iter1,1.0000000000000002,0.3333333333333334,0.97907764,45.09846643770377,0.9957579374313354,0.9972262978553772,0.17039158940315247,0.03131818771362305,405182,0.009230776,0.004750818945467472,0.0047429329715669155,0.004746482241898775
177893,pgd_eps0.008_alpha0.005_iter1,0.5000000000000001,0.4166666666666667,0.9834748,45.30152943687557,0.9965609908103943,0.9977399706840515,0.15357813239097595,0.043275296688079834,397493,0.008875636,0.004549305886030197,0.004534842912107706,0.004563996568322182
479099,pgd_eps0.008_alpha0.005_iter2,1.0000000000000002,0.3333333333333334,0.9900935,44.78133549065845,0.9974745512008667,0.9993223547935486,0.0994315817952156,0.042931556701660156,404787,0.009631258,0.005161989945918322,0.005128749646246433,0.005125733092427254
269196,pgd_eps0.008_alpha0.005_iter3,0.4363636363636364,0.42370129870129875,0.98240215,44.620260676824756,0.9958665370941162,0.9987915754318237,0.16804543137550354,0.036349713802337646,402993,0.009778174,0.005177089013159275,0.005153162404894829,0.0051581901498138905
315450,pgd_eps0.008_alpha0.005_iter1,0.4090909090909091,0.4000000000000001,0.9807257,45.176634343706226,0.996031641960144,0.9977282881736755,0.1645929515361786,0.035748183727264404,402613,0.009100738,0.004664277192205191,0.004666360095143318,0.004681618418544531
171050,pgd_eps0.008_alpha0.005_iter1,1.0000000000000002,0.5000000000000001,0.9818066,45.09281851183065,0.9965308904647827,0.9982396960258484,0.12038589268922806,0.018354177474975586,404287,0.009232203,0.004705321509391069,0.004719989374279976,0.0047975825145840645
243867,pgd_eps0.008_alpha0.005_iter2,1.0000000000000002,0.5000000000000001,0.9772454,44.953877737727325,0.9949628710746765,0.9962782859802246,0.18959328532218933,0.04288589954376221,401858,0.009390815,0.005011230707168579,0.004983960185199976,0.004989390727132559
263594,pgd_eps0.008_alpha0.005_iter1,0.5454545454545455,0.4289772727272728,0.9846988,45.14438835074934,0.9971368312835693,0.9988870620727539,0.11239251494407654,0.03072488307952881,405132,0.009177289,0.004751498810946941,0.004675841890275478,0.004716692492365837
147725,pgd_eps0.008_alpha0.005_iter1,0.6136363636363638,0.3506493506493507,0.9807048,45.075057487526735,0.9956490993499756,0.9977361559867859,0.16596800088882446,0.03835594654083252,404891,0.009258978,0.00478146830573678,0.004763679578900337,0.004742786753922701
88432,pgd_eps0.008_alpha0.005_iter1,0.7121212121212123,0.5272727272727273,0.9875984,45.118122432578495,0.9976018667221069,0.9992042183876038,0.09305331110954285,0.016707539558410645,404745,0.009206721,0.004723665304481983,0.004730735439807177,0.004728412255644798
272364,pgd_eps0.008_alpha0.005_iter2,0.45454545454545453,0.2272727272727273,0.9862221,44.805773529816804,0.9968268871307373,0.9991536140441895,0.140877366065979,0.027574896812438965,404799,0.009603876,0.005135565530508757,0.005125467199832201,0.005109044723212719
138979,pgd_eps0.008_alpha0.005_iter1,0.9393939393939396,0.5636363636363637,0.9814065,45.11892644696748,0.9964635372161865,0.9983896017074585,0.14637641608715057,0.03496384620666504,405008,0.0092049865,0.004727431107312441,0.004723930265754461,0.0047422852367162704
519491,pgd_eps0.008_alpha0.005_iter1,0.5000000000000001,0.3333333333333334,0.97464156,45.08536382321118,0.9939996004104614,0.9803629517555237,0.23382173478603363,0.043040454387664795,404977,0.009246871,0.004753674380481243,0.004753414541482925,0.004764916375279427
100283,pgd_eps0.008_alpha0.005_iter1,0.7272727272727274,0.3772727272727273,0.9829521,45.1087780818696,0.9962596893310547,0.9975802898406982,0.12729333341121674,0.029670357704162598,405042,0.009220972,0.004742381162941456,0.004732295870780945,0.004739303607493639
563653,pgd_eps0.008_alpha0.005_iter4,0.5272727272727273,0.40109427609427617,0.98257184,44.22192745495333,0.9954952001571655,0.9985982775688171,0.17111268639564514,0.052342236042022705,403212,0.010290975,0.0055869086645543575,0.005554324481636286,0.005571457091718912
345361,pgd_eps0.008_alpha0.005_iter1,0.4025974025974026,0.3272727272727273,0.9836635,45.049539863214186,0.9967796206474304,0.9988974928855896,0.12075304985046387,0.02632349729537964,405248,0.009291286,0.00478292116895318,0.004783947952091694,0.004788581281900406
475732,pgd_eps0.008_alpha0.005_iter1,1.0000000000000002,0.5000000000000001,0.9808937,45.04619116143416,0.9961618185043335,0.9981886148452759,0.13914337754249573,0.03168267011642456,405340,0.009299439,0.004755402449518442,0.004806444048881531,0.0047961450181901455
108244,pgd_eps0.008_alpha0.005_iter1,1.0000000000000002,0.20000000000000004,0.98086625,45.04977225919578,0.9960871934890747,0.9973631501197815,0.14244067668914795,0.030397355556488037,405119,0.009291833,0.004788033198565245,0.0047862171195447445,0.0047784047201275826
23230,pgd_eps0.008_alpha0.005_iter2,1.0000000000000002,0.7272727272727274,0.99049973,44.82126194702246,0.9973394870758057,0.999293327331543,0.09581144899129868,0.054184556007385254,405070,0.009588361,0.005134595092386007,0.0051000225357711315,0.005108111072331667
73702,pgd_eps0.008_alpha0.005_iter1,0.5000000000000001,0.4000000000000001,0.98335075,45.04284611404323,0.9968069791793823,0.998733639717102,0.11819244921207428,0.01891326904296875,405394,0.009301285,0.0047659617848694324,0.004800538532435894,0.00479969521984458
521141,pgd_eps0.008_alpha0.005_iter2,0.8181818181818183,0.21645021645021645,0.9835684,44.79672147314503,0.9963933825492859,0.9985963106155396,0.13749220967292786,0.027765929698944092,402824,0.009584174,0.005148457363247871,0.005092973820865154,0.005096667446196079
61268,pgd_eps0.008_alpha0.005_iter1,0.5000000000000001,0.28571428571428575,0.9806216,45.26672545867572,0.9960261583328247,0.9966831207275391,0.15975099802017212,0.046483635902404785,399505,0.008950334,0.004607551731169224,0.004606643225997686,0.004565241746604443
393093,pgd_eps0.008_alpha0.005_iter1,0.6060606060606062,0.49431818181818193,0.9854613,45.205550518990535,0.997029185295105,0.9988430738449097,0.13266843557357788,0.056070804595947266,402868,0.00906553,0.004649480804800987,0.004640880972146988,0.004658886697143316
493566,pgd_eps0.008_alpha0.005_iter1,0.5454545454545455,0.3333333333333334,0.97998875,45.15086692967466,0.9954612255096436,0.9847249388694763,0.23254309594631195,0.06957226991653442,404782,0.009163648,0.0047018565237522125,0.004693681374192238,0.004726602230221033
191471,pgd_eps0.008_alpha0.005_iter1,1.0000000000000002,0.5000000000000001,0.9817372,45.08420789566771,0.9963862299919128,0.998009979724884,0.13315589725971222,0.031803011894226074,405135,0.009250102,0.004763724748045206,0.00475521432235837,0.004750670399516821
11122,pgd_eps0.008_alpha0.005_iter2,0.5000000000000001,0.25000000000000006,0.990392,44.85122266426261,0.9976512789726257,0.9991672039031982,0.10006166994571686,0.04064035415649414,403063,0.009519226,0.005095430184155703,0.005046050995588303,0.0050424849614501
198510,pgd_eps0.008_alpha0.005_iter1,1.0000000000000002,0.6666666666666669,0.98428553,45.42878759279244,0.9967222213745117,0.9980767369270325,0.10016989707946777,0.016103625297546387,397696,0.008779661,0.004313597455620766,0.0045517925173044205,0.004524678457528353
126592,pgd_eps0.008_alpha0.005_iter1,0.8131313131313133,0.8080808080808082,0.9812985,45.08917375306706,0.9959716796875,0.9976773262023926,0.16878998279571533,0.038686275482177734,404999,0.009243078,0.004757486749440432,0.004757287912070751,0.004738733638077974
416269,pgd_eps0.008_alpha0.005_iter1,1.0000000000000002,0.5000000000000001,0.98208123,45.141270745706656,0.9962344169616699,0.9982985854148865,0.15504410862922668,0.03653764724731445,404263,0.0091737965,0.004720393568277359,0.0047084251418709755,0.004690174479037523
133567,pgd_eps0.008_alpha0.005_iter1,1.0000000000000002,0.6666666666666669,0.9842035,45.147794024526426,0.9967159628868103,0.9987779259681702,0.13363146781921387,0.03769791126251221,404811,0.009168168,0.004723264370113611,0.0047035543248057365,0.004692925605922937
521052,pgd_eps0.008_alpha0.005_iter1,1.0000000000000002,0.5000000000000001,0.98857814,45.074867746328366,0.9975955486297607,0.9992470741271973,0.09186747670173645,0.027025818824768066,405144,0.009262033,0.004761840216815472,0.004763810429722071,0.004764714743942022
332318,pgd_eps0.008_alpha0.005_iter2,0.2556818181818182,0.24524272518924928,0.9855625,44.829637148069274,0.9961122870445251,0.9985985159873962,0.14861467480659485,0.07048529386520386,404100,0.009565947,0.005126679316163063,0.005109415855258703,0.005059134215116501
186296,pgd_eps0.008_alpha0.005_iter1,1.0000000000000002,0.5000000000000001,0.9883449,45.066191559621736,0.9973849654197693,0.9991986751556396,0.09823174774646759,0.029758095741271973,405327,0.00927464,0.004761194344609976,0.004772642161697149,0.004779253154993057
415990,pgd_eps0.008_alpha0.005_iter3,0.47417027417027424,0.2998601398601399,0.9804843,44.54483343980392,0.9951497912406921,0.9967324733734131,0.18282972276210785,0.05229145288467407,402565,0.009855473,0.005215371027588844,0.005229909438639879,0.0052131121046841145
187236,pgd_eps0.008_alpha0.005_iter1,0.3333333333333334,0.25000000000000006,0.96834755,45.32845259840811,0.9943572878837585,0.9914051294326782,0.21074295043945312,0.04997420310974121,401544,0.008933883,0.004775471519678831,0.004575504455715418,0.004286136478185654
271728,pgd_eps0.008_alpha0.005_iter1,0.7575757575757577,0.5545454545454547,0.98028415,45.06889802255589,0.9959549307823181,0.9983807802200317,0.145045667886734,0.02690434455871582,405202,0.00926814,0.0047660889104008675,0.004767378326505423,0.004773950669914484
460147,pgd_eps0.008_alpha0.005_iter1,0.22261072261072265,0.18578904182619352,0.9826687,45.15484997170324,0.9966354370117188,0.9985218644142151,0.14776697754859924,0.03833043575286865,404211,0.009156578,0.0047178189270198345,0.004707353189587593,0.004673895426094532
200667,pgd_eps0.008_alpha0.005_iter2,1.0000000000000002,0.1666666666666667,0.9815131,44.889906495004304,0.9959685206413269,0.9984937310218811,0.1671833097934723,0.041521430015563965,404170,0.00950276,0.005069974809885025,0.005060805007815361,0.005056922324001789
77595,pgd_eps0.008_alpha0.005_iter2,0.6666666666666669,0.4000000000000001,0.97964567,44.85688426236813,0.9953631162643433,0.9983789920806885,0.20327967405319214,0.04197824001312256,403675,0.009524955,0.005115063861012459,0.00508047454059124,0.005058980546891689
278463,pgd_eps0.008_alpha0.005_iter1,0.5714285714285715,0.5662878787878789,0.9805353,45.085373193173375,0.9959608912467957,0.9978569746017456,0.16105380654335022,0.030848264694213867,405199,0.0092482325,0.004762421827763319,0.004751726984977722,0.004754147492349148
190140,pgd_eps0.008_alpha0.005_iter2,0.8484848484848486,0.7500000000000002,0.9814126,44.85280984135845,0.9957646727561951,0.9978246092796326,0.17310751974582672,0.03312349319458008,403666,0.00953863,0.005093257408589125,0.005082882009446621,0.0050911931321024895
476810,pgd_eps0.008_alpha0.005_iter1,0.4000000000000001,0.28571428571428575,0.98441315,45.06527331006528,0.9965609312057495,0.9974702596664429,0.11226487904787064,0.02103555202484131,405065,0.009273917,0.00477475393563509,0.004775967448949814,0.004759646020829678
540280,pgd_eps0.008_alpha0.005_iter1,0.5000000000000001,0.4242424242424243,0.9805421,45.19077778671182,0.9962042570114136,0.9975515007972717,0.15773819386959076,0.031746864318847656,403383,0.009108072,0.004695328883826733,0.004695649724453688,0.004609921481460333
126216,pgd_eps0.008_alpha0.005_iter1,0.7272727272727274,0.24242424242424246,0.98905593,45.10962773803228,0.9973901510238647,0.9994927048683167,0.12173901498317719,0.056810736656188965,405064,0.009220175,0.004744614940136671,0.004730342421680689,0.0047357333824038506
32901,pgd_eps0.008_alpha0.005_iter8,0.44155844155844165,0.42656926406926415,0.98334527,44.12694393089989,0.9964404106140137,0.9978598952293396,0.1098487451672554,0.017520010471343994,402337,0.010415142,0.005641341675072908,0.00565123837441206,0.005650079809129238
407960,pgd_eps0.008_alpha0.005_iter1,0.6666666666666669,0.5000000000000001,0.977887,45.151203382690014,0.9957024455070496,0.9966223239898682,0.18033650517463684,0.04328417778015137,404694,0.00916665,0.004691014066338539,0.004711240530014038,0.004714383743703365
84270,pgd_eps0.008_alpha0.005_iter1,0.27493339993339994,0.2628837393543276,0.98469573,45.10515823319401,0.9972867369651794,0.9989004731178284,0.1039406806230545,0.031316518783569336,403209,0.009209672,0.004732159897685051,0.004746757913380861,0.00472280103713274
267191,pgd_eps0.008_alpha0.005_iter1,1.0000000000000002,0.6666666666666669,0.9877043,45.14277598050288,0.9972532987594604,0.9988276362419128,0.1094949021935463,0.031197547912597656,403753,0.009157685,0.004704487510025501,0.004699092358350754,0.004706746898591518
422836,pgd_eps0.008_alpha0.005_iter4,0.1090909090909091,0.06296733569460843,0.98133373,44.59840786588358,0.9960567951202393,0.9980194568634033,0.1714377999305725,0.04237782955169678,401384,0.0098113185,0.0052658021450042725,0.0052574495784938335,0.005278891418129206
493613,pgd_eps0.008_alpha0.005_iter3,0.5000000000000001,0.25000000000000006,0.9876268,44.68358534165109,0.9961708784103394,0.9990882873535156,0.144887775182724,0.03842782974243164,403031,0.009683199,0.005127637181431055,0.005091310944408178,0.005101799964904785
217948,pgd_eps0.008_alpha0.005_iter2,0.6363636363636365,0.3333333333333334,0.98643476,44.77885488460623,0.9964838027954102,0.9991134405136108,0.13486918807029724,0.05442070960998535,403893,0.009636109,0.005168716888874769,0.005120617803186178,0.005098560359328985
317024,pgd_eps0.008_alpha0.005_iter2,1.0000000000000002,0.3333333333333334,0.98844224,44.83158272344979,0.997283399105072,0.9993376135826111,0.10289895534515381,0.02662104368209839,404948,0.009585484,0.005107740871608257,0.0051129842177033424,0.0051039219833910465
463522,pgd_eps0.008_alpha0.005_iter1,0.16363636363636364,0.13636363636363638,0.9831988,45.06300203013736,0.9965311884880066,0.9985719323158264,0.11714740097522736,0.033560335636138916,404458,0.009269315,0.004770487081259489,0.004793051164597273,0.004743763245642185
213547,pgd_eps0.008_alpha0.005_iter1,0.5000000000000001,0.2222222222222222,0.9844081,45.09587606329207,0.9971644878387451,0.9988499879837036,0.12879623472690582,0.02592623233795166,405201,0.009234461,0.004745078273117542,0.004740473348647356,0.004757237620651722