image_id,variant,map_original,map_adversarial,SSIM,PSNR,MS-SSIM,FSIM,LPIPS,DISTS,L0,L2
397133,pgd_eps0.008_alpha0.005_iter2,0.18939393939393945,0.17855477855477855,0.98160976,44.788065225623654,0.9958872199058533,0.9983012080192566,0.15254074335098267,0.033681392669677734,403280,0.009599745,0.00513323862105608,0.005146061070263386,0.00513472082093358
37777,pgd_eps0.008_alpha0.005_iter18,0.25000000000000006,0.1767676767676768,0.9727853,44.29256489806078,0.9929689168930054,0.9903507232666016,0.30487293004989624,0.058698058128356934,395861,0.010141577,0.005513399839401245,0.005488586612045765,0.005518102087080479
252219,pgd_eps0.008_alpha0.005_iter1,0.6000000000000002,0.5000000000000001,0.9819378,45.20869314452267,0.9969295263290405,0.9988303184509277,0.13330389559268951,0.030792593955993652,403879,0.009095907,0.004500907845795155,0.004695717711001635,0.004748287610709667
87038,pgd_eps0.008_alpha0.005_iter1,0.6262626262626264,0.5146103896103897,0.9814129,45.09928179317246,0.9958841800689697,0.9968673586845398,0.15697601437568665,0.029397010803222656,405025,0.009232216,0.004749903921037912,0.0047381045296788216,0.004752147011458874
174482,pgd_eps0.008_alpha0.005_iter1,0.4318181818181819,0.33181818181818185,0.9827366,45.040447453640624,0.9961378574371338,0.9990646839141846,0.1609739065170288,0.03112560510635376,405186,0.009302345,0.0047916993498802185,0.0048008207231760025,0.0047785136848688126
403385,pgd_eps0.008_alpha0.005_iter1,1.0000000000000002,0.5000000000000001,0.9802129,45.07081010113745,0.9960532188415527,0.9960546493530273,0.11714571714401245,0.03860437870025635,405233,0.009269071,0.004766305908560753,0.0047646136954426765,0.004772799555212259
6818,pgd_eps0.008_alpha0.005_iter1,1.0000000000000002,0.25000000000000006,0.978836,45.0963817581715,0.9956735372543335,0.9967383742332458,0.1519511193037033,0.02536243200302124,405114,0.009235366,0.004752711858600378,0.004742167424410582,0.004749012179672718
480985,pgd_eps0.008_alpha0.005_iter1,0.27272727272727276,0.1272727272727273,0.9870402,45.2776710970915,0.9977924227714539,0.9988855123519897,0.11103256791830063,0.014763116836547852,401078,0.008959437,0.004587134812027216,0.004577309358865023,0.00461695296689868
458054,pgd_eps0.008_alpha0.005_iter1,0.18181818181818182,0.022727272727272728,0.98237246,45.10585278008584,0.9965764880180359,0.998691737651825,0.15771210193634033,0.03321218490600586,404970,0.009223306,0.0047482713125646114,0.004743540193885565,0.004726320970803499
331352,pgd_eps0.008_alpha0.005_iter1,0.5000000000000001,0.25000000000000006,0.97800034,45.038758407106926,0.9956366419792175,0.9979430437088013,0.1667347252368927,0.03635704517364502,404562,0.009292259,0.00478715542703867,0.004794452339410782,0.004782034084200859
296649,pgd_eps0.008_alpha0.005_iter3,0.2159090909090909,0.1328176873631419,0.9838491,44.45273564079835,0.9962159991264343,0.9985108375549316,0.15558123588562012,0.046890199184417725,402573,0.00996274,0.005304025951772928,0.005280397366732359,0.0052652074955403805
386912,pgd_eps0.008_alpha0.005_iter54,0.1666666666666667,0.11329813976872802,0.9835389,43.6661038344393,0.9961082935333252,0.9982913732528687,0.1314774751663208,0.0335269570350647,400899,0.011030315,0.00604574428871274,0.006026553455740213,0.006079124752432108
502136,pgd_eps0.008_alpha0.005_iter2,1.0000000000000002,0.27878787878787875,0.98144335,45.00000189620163,0.9980999231338501,0.9981263875961304,0.09229446947574615,0.021820664405822754,391605,0.009261513,0.004945472348481417,0.0049364445731043816,0.004931760020554066
184791,pgd_eps0.008_alpha0.005_iter4,0.3333333333333333,0.24621212121212124,0.98066616,44.538005141941596,0.9959041476249695,0.997510552406311,0.1527223289012909,0.033351004123687744,398792,0.009855375,0.005322964861989021,0.00529752392321825,0.0053321546874940395
348881,pgd_eps0.008_alpha0.005_iter2,0.3333333333333334,0.11111111111111113,0.98212713,44.90244521974711,0.9959859251976013,0.9972990155220032,0.1601707637310028,0.04385936260223389,401020,0.009426045,0.005017815623432398,0.005024463403970003,0.005028735846281052
289393,pgd_eps0.008_alpha0.005_iter2,0.25000000000000006,0.12500000000000003,0.98053885,44.86419782681529,0.9961385726928711,0.9973869919776917,0.1532316654920578,0.021408915519714355,402411,0.009472182,0.005018820054829121,0.005106842610985041,0.005090043414384127
522713,pgd_eps0.008_alpha0.005_iter4,0.39393939393939403,0.3427685950413224,0.9801125,44.531460048114575,0.9945022463798523,0.9959929585456848,0.19011785089969635,0.053027570247650146,398821,0.009858561,0.005336128640919924,0.0053292675875127316,0.005311501678079367
181666,pgd_eps0.008_alpha0.005_iter2,0.6818181818181819,0.42532467532467544,0.97885704,44.83631711233763,0.9952013492584229,0.9970964789390564,0.19516140222549438,0.057086050510406494,400237,0.009499717,0.005112075246870518,0.005069540813565254,0.005067179910838604
17627,pgd_eps0.008_alpha0.005_iter1,0.2954545454545455,0.29090909090909095,0.98138624,45.10912510150562,0.9961792826652527,0.9980224967002869,0.13913799822330475,0.03172534704208374,405052,0.009221863,0.004731791093945503,0.004739032592624426,0.004743092227727175
143931,pgd_eps0.008_alpha0.005_iter2,1.0000000000000002,0.6666666666666669,0.98281574,44.929810759181414,0.9960877299308777,0.9972748756408691,0.1359349638223648,0.02685713768005371,402012,0.009402298,0.005031057633459568,0.0050379871390759945,0.00502408854663372
303818,pgd_eps0.008_alpha0.005_iter1,0.4545454545454547,0.3246753246753248,0.9885566,45.14807921910254,0.9971263408660889,0.9991096258163452,0.10312845557928085,0.021452605724334717,405019,0.009174743,0.004706834442913532,0.004688398912549019,0.0047320048324763775
463730,pgd_eps0.008_alpha0.005_iter3,0.21212121212121215,0.20484061393152303,0.981066,44.397559636922345,0.9953372478485107,0.9982744455337524,0.18406005203723907,0.03304743766784668,401720,0.010024214,0.0053209722973406315,0.005332092754542828,0.005340728908777237
460347,pgd_eps0.008_alpha0.005_iter2,0.8484848484848486,0.6363636363636365,0.9818973,44.895591139257974,0.995511531829834,0.9974835515022278,0.16421031951904297,0.03065943717956543,403409,0.009482382,0.005047915503382683,0.005055961664766073,0.005069770850241184
322864,pgd_eps0.008_alpha0.005_iter1,0.9090909090909093,0.7727272727272728,0.9806549,45.15658280369223,0.9965426921844482,0.9979097843170166,0.15188559889793396,0.026780247688293457,404977,0.009162963,0.004707837011665106,0.004691572394222021,0.004708599299192429
153299,pgd_eps0.008_alpha0.005_iter2,0.5454545454545455,0.27272727272727276,0.99028677,44.89885438996252,0.9985954761505127,0.9992840886116028,0.0413661003112793,0.004196882247924805,402070,0.009441854,0.005057947244495153,0.005054379813373089,0.005057753529399633
308394,pgd_eps0.008_alpha0.005_iter2,0.5000000000000001,0.3333333333333334,0.97413397,45.07065385672611,0.9953758120536804,0.995617151260376,0.19764631986618042,0.040656208992004395,395643,0.009198166,0.004944604821503162,0.004874898586422205,0.004856726620346308
456496,pgd_eps0.008_alpha0.005_iter4,0.6666666666666669,0.35714285714285726,0.98402244,44.53729398066801,0.9957495927810669,0.9984084367752075,0.1683860719203949,0.06335604190826416,401776,0.009894913,0.0053074960596859455,0.005338959861546755,0.005300692282617092
41888,pgd_eps0.008_alpha0.005_iter1,0.5000000000000001,0.18181818181818182,0.9871247,45.10933084963338,0.9970834255218506,0.9990274310112,0.12791481614112854,0.03396123647689819,405291,0.009220875,0.004733718000352383,0.004737136885523796,0.004751885309815407
184321,pgd_eps0.008_alpha0.005_iter1,1.0000000000000002,0.5000000000000001,0.98260945,45.02899444399694,0.9961985349655151,0.9979215860366821,0.12844616174697876,0.03296828269958496,405486,0.009320395,0.0047994209453463554,0.004810155835002661,0.004792599473148584
565778,pgd_eps0.008_alpha0.005_iter3,0.3636363636363637,0.17079889807162538,0.9845521,44.38028888362082,0.995844841003418,0.9991082549095154,0.1669464409351349,0.03489053249359131,402096,0.010050278,0.005320993717759848,0.00537098990753293,0.005341272335499525
297343,pgd_eps0.008_alpha0.005_iter3,1.0000000000000002,0.25000000000000006,0.97408885,44.70539338639756,0.9935178160667419,0.980555534362793,0.242163747549057,0.053244829177856445,397988,0.009608386,0.005112043581902981,0.005093060899525881,0.005081250797957182
336587,pgd_eps0.008_alpha0.005_iter1,0.5000000000000001,0.20000000000000004,0.9860099,45.12729593713557,0.996984601020813,0.9987813830375671,0.11340474337339401,0.037017107009887695,405128,0.0092000235,0.004726461134850979,0.004712751600891352,0.004732178989797831
122745,pgd_eps0.008_alpha0.005_iter2,1.0000000000000002,0.3333333333333334,0.91616434,45.61319899351135,0.9898897409439087,0.9178270697593689,0.2878340780735016,0.08624929189682007,310959,0.007931362,0.00422677444294095,0.0042274026200175285,0.004212989937514067
219578,pgd_eps0.008_alpha0.005_iter12,0.18181818181818185,0.1545454545454546,0.98236376,43.93627883834802,0.9950041770935059,0.9980449676513672,0.16369034349918365,0.02956932783126831,396633,0.010608313,0.005809291731566191,0.005798466969281435,0.005810038652271032
555705,pgd_eps0.008_alpha0.005_iter1,1.0000000000000002,0.5000000000000001,0.9799495,45.07856205468934,0.9959417581558228,0.9984819293022156,0.1826917827129364,0.03414905071258545,403666,0.009243112,0.004767785780131817,0.004757746122777462,0.0047459290362894535
443303,pgd_eps0.008_alpha0.005_iter1,1.0000000000000002,0.5000000000000001,0.9774614,45.09991917993649,0.99564528465271,0.996899425983429,0.19300499558448792,0.03999704122543335,405073,0.009232033,0.004749126732349396,0.004740653093904257,0.004751351196318865
500663,pgd_eps0.008_alpha0.005_iter3,0.31818181818181823,0.2848484848484849,0.98045635,44.66554594281071,0.9952194690704346,0.9958074688911438,0.17444941401481628,0.0513148307800293,399459,0.009671452,0.0051336996257305145,0.0051239263266325,0.005107903387397528
418281,pgd_eps0.008_alpha0.005_iter1,1.0000000000000002,0.5000000000000001,0.98545057,45.12518996104416,0.9968781471252441,0.9989739656448364,0.13044950366020203,0.03616386651992798,404956,0.009199443,0.00473038898780942,0.004714196547865868,0.004735484253615141
25560,pgd_eps0.008_alpha0.005_iter1,0.5000000000000001,0.3333333333333334,0.97897196,45.06840239479088,0.996121883392334,0.9975278377532959,0.15491965413093567,0.022646725177764893,405266,0.009270865,0.004776482470333576,0.004763213451951742,0.004767654463648796
403817,pgd_eps0.008_alpha0.005_iter1,0.3333333333333334,0.20000000000000004,0.97625464,45.30144923871954,0.9956476092338562,0.9962355494499207,0.1731848418712616,0.027086615562438965,402867,0.008971894,0.004709147848188877,0.0046487851068377495,0.004384038504213095
85329,pgd_eps0.008_alpha0.005_iter3,1.0000000000000002,0.5000000000000001,0.9711204,44.66290489366039,0.9928230047225952,0.9680766463279724,0.2991979122161865,0.09782290458679199,397589,0.009652139,0.005111604928970337,0.005138928070664406,0.005120897199958563
329323,pgd_eps0.008_alpha0.005_iter1,0.49999999999999994,0.2039551357733176,0.98286533,45.08808850723841,0.9968106150627136,0.9988129734992981,0.14365865290164948,0.02677386999130249,405059,0.00924493,0.00476164510473609,0.004745424725115299,0.0047577498480677605
239274,pgd_eps0.008_alpha0.005_iter1,0.6590909090909092,0.6347402597402598,0.99024343,45.08969294868439,0.9981676340103149,0.9988452792167664,0.05365651845932007,0.006286263465881348,405258,0.009249115,0.0047472743317484856,0.004739074502140284,0.004768200684338808
286994,pgd_eps0.008_alpha0.005_iter1,0.8181818181818183,0.5000000000000001,0.98519063,45.06769671895235,0.996873140335083,0.9985859394073486,0.12088045477867126,0.03729403018951416,405278,0.009272528,0.004774964414536953,0.004765579476952553,0.004773416090756655
511321,pgd_eps0.008_alpha0.005_iter1,0.5454545454545455,0.3636363636363637,0.9826727,45.15540802821792,0.9965194463729858,0.9980538487434387,0.15522830188274384,0.02740532159805298,404892,0.009163919,0.004700446967035532,0.004689383320510387,0.00472246715798974
314294,pgd_eps0.008_alpha0.005_iter2,0.5454545454545455,0.5000000000000001,0.9847717,44.88388531076889,0.9960994720458984,0.9992959499359131,0.1829279512166977,0.05339020490646362,403940,0.009502163,0.0050712148658931255,0.005073161795735359,0.0050608916208148
233771,pgd_eps0.008_alpha0.005_iter1,0.3454545454545455,0.3347763347763348,0.98465866,45.35408388904489,0.9982304573059082,0.998889148235321,0.05663306266069412,0.014066576957702637,389140,0.008778984,0.004506274126470089,0.0045148395001888275,0.004510756582021713
475779,pgd_eps0.008_alpha0.005_iter4,1.0000000000000002,0.3333333333333334,0.99071264,44.44478717010128,0.997148871421814,0.9993324279785156,0.10610415041446686,0.038480401039123535,403306,0.01001685,0.0053880102932453156,0.005397452041506767,0.005394859239459038
301867,pgd_eps0.008_alpha0.005_iter2,0.6590909090909092,0.570909090909091,0.9863073,44.807343674978206,0.9970765113830566,0.9988545179367065,0.11730366945266724,0.0336037278175354,402989,0.009575025,0.00512912031263113,0.005114411935210228,0.005113535560667515
312421,pgd_eps0.008_alpha0.005_iter1,0.38181818181818183,0.23376623376623382,0.980683,45.28752002619747,0.9963277578353882,0.9972824454307556,0.16886302828788757,0.040089190006256104,401850,0.00896276,0.004594459198415279,0.004560146480798721,0.004613532219082117
185250,pgd_eps0.008_alpha0.005_iter2,0.38636363636363646,0.3333333333333334,0.9860678,44.76303770612601,0.9962557554244995,0.9988406896591187,0.1622031182050705,0.03021681308746338,401428,0.009593388,0.005121103022247553,0.005142818670719862,0.005123266950249672
356427,pgd_eps0.008_alpha0.005_iter1,0.31818181818181823,0.2727272727272728,0.98629886,45.07228852078158,0.9970870018005371,0.9989945888519287,0.1272580921649933,0.035275399684906006,405248,0.009264859,0.004767193924635649,0.004774178843945265,0.004751856438815594
572517,pgd_eps0.008_alpha0.005_iter2,0.5000000000000001,0.25000000000000006,0.9857585,44.83891584965765,0.9962778091430664,0.9990900754928589,0.14816555380821228,0.03373157978057861,403696,0.0095491875,0.005094373598694801,0.005099119618535042,0.005107402335852385
270244,pgd_eps0.008_alpha0.005_iter2,1.0000000000000002,0.5000000000000001,0.98274535,44.89128522560151,0.9961544275283813,0.9985119104385376,0.1659272313117981,0.03638184070587158,402575,0.00946362,0.00502764480188489,0.005075741559267044,0.005074756685644388
516316,pgd_eps0.008_alpha0.005_iter1,0.5000000000000001,0.3333333333333334,0.9860242,45.09892821385522,0.9970005750656128,0.9988150000572205,0.10764871537685394,0.024243056774139404,405245,0.009234535,0.004755117930471897,0.004750971682369709,0.004736986942589283
125211,pgd_eps0.008_alpha0.005_iter1,1.0000000000000002,0.3333333333333334,0.9878852,45.243084052992316,0.9976860880851746,0.9989323616027832,0.10230819135904312,0.03187376260757446,402278,0.009016662,0.004629988688975573,0.004606848582625389,0.0046205418184399605
562121,pgd_eps0.008_alpha0.005_iter1,0.5454545454545454,0.2727272727272727,0.9831018,45.06408406657971,0.9966129660606384,0.9987784028053284,0.13523174822330475,0.04760146141052246,405207,0.009277229,0.004772956483066082,0.004774201661348343,0.0047708116471767426
360661,pgd_eps0.008_alpha0.005_iter4,1.0000000000000002,0.4000000000000001,0.97760135,44.59353253252408,0.994372546672821,0.9957687854766846,0.21793325245380402,0.0432358980178833,395830,0.009753218,0.005281158722937107,0.005280083976686001,0.005272574257105589
16228,pgd_eps0.008_alpha0.005_iter4,0.43030303030303035,0.40869755244755246,0.98179674,44.40637049625031,0.9957098960876465,0.998746931552887,0.17695042490959167,0.030387282371520996,399965,0.010017387,0.005440666805952787,0.005415226798504591,0.005414703860878944
382088,pgd_eps0.008_alpha0.005_iter1,1.0000000000000002,0.5000000000000001,0.98323756,45.07252435640487,0.9963757991790771,0.9991583228111267,0.14611825346946716,0.03862732648849487,405186,0.009266636,0.004767457954585552,0.004760302137583494,0.0047722565941512585
266409,pgd_eps0.008_alpha0.005_iter1,1.0000000000000002,0.6666666666666669,0.97867864,45.12897852833315,0.9957699775695801,0.9962354302406311,0.16794759035110474,0.04246795177459717,405022,0.009197155,0.004727944266051054,0.004709918517619371,0.00473629217594862
430961,pgd_eps0.008_alpha0.005_iter2,0.8484848484848486,0.7575757575757578,0.97761726,44.90633288997103,0.9953078031539917,0.9968337416648865,0.21996691823005676,0.046788036823272705,402317,0.009432069,0.005072763189673424,0.0050361184403300285,0.005037956405431032
80671,pgd_eps0.008_alpha0.005_iter2,0.5000000000000001,0.3333333333333334,0.97392625,44.893487027681694,0.9936925768852234,0.9871003031730652,0.24425068497657776,0.059809088706970215,402586,0.009464553,0.005035006441175938,0.005070226266980171,0.005083669908344746
104612,pgd_eps0.008_alpha0.005_iter1,0.18181818181818182,0.12121212121212122,0.98613614,45.14597349945622,0.9974483251571655,0.9989784359931946,0.10835742950439453,0.028413057327270508,404909,0.009176214,0.004718012176454067,0.004682631231844425,0.004730698186904192
476258,pgd_eps0.008_alpha0.005_iter3,1.0000000000000002,0.5000000000000001,0.977427,44.64278287446737,0.9938998222351074,0.9967074394226074,0.2408791184425354,0.05755007266998291,399232,0.009691374,0.005122705828398466,0.005147893447428942,0.005147938616573811
448365,pgd_eps0.008_alpha0.005_iter3,0.5000000000000001,0.4000000000000001,0.9788889,44.57063527493803,0.9948644638061523,0.9977256655693054,0.1880176067352295,0.04109537601470947,400050,0.009793416,0.005174030549824238,0.005212537478655577,0.005197667982429266
35197,pgd_eps0.008_alpha0.005_iter3,1.0000000000000002,0.6666666666666669,0.977012,44.74439284738472,0.9945804476737976,0.9932763576507568,0.20736971497535706,0.03193002939224243,399073,0.009574097,0.005068203434348106,0.005055698566138744,0.005054104141891003
349860,pgd_eps0.008_alpha0.005_iter2,0.5000000000000001,0.47474747474747475,0.97340363,44.86911393272887,0.9936016798019409,0.9909750819206238,0.26065176725387573,0.057732462882995605,402896,0.009494987,0.005086066201329231,0.005071848630905151,0.005081694573163986
486438,pgd_eps0.008_alpha0.005_iter8,0.40909090909090917,0.28763828763828764,0.97559696,44.46486550144841,0.9943262338638306,0.9959800839424133,0.24487154185771942,0.03975635766983032,392583,0.009894415,0.005373086780309677,0.0053664641454815865,0.005383303854614496
400573,pgd_eps0.008_alpha0.005_iter2,0.6363636363636365,0.2545454545454546,0.9845802,44.86838090671778,0.9963994026184082,0.9986283779144287,0.13028469681739807,0.022860050201416016,403259,0.009502817,0.005075453314930201,0.0050790635868906975,0.005070324055850506
109798,pgd_eps0.008_alpha0.005_iter2,0.5000000000000001,0.3333333333333334,0.976619,44.97482788596736,0.9953922033309937,0.9971591234207153,0.21261626482009888,0.03650319576263428,398711,0.009324226,0.004977740813046694,0.00501420209184289,0.004975845571607351
370677,pgd_eps0.008_alpha0.005_iter1,0.5454545454545455,0.45808080808080814,0.98242694,45.222926951997316,0.9969725608825684,0.9988294839859009,0.13860666751861572,0.03310126066207886,404631,0.009084426,0.00464662117883563,0.0046327970921993256,0.004677457734942436
238866,pgd_eps0.008_alpha0.005_iter1,0.49133545600936906,0.4876456876456877,0.98713565,45.183671559359084,0.9973981380462646,0.9991581439971924,0.12913520634174347,0.047513484954833984,404800,0.009126292,0.004680985119193792,0.004659892525523901,0.004705170169472694
369370,pgd_eps0.008_alpha0.005_iter1,0.24242424242424246,0.15340909090909088,0.9839702,45.073046702842994,0.9972498416900635,0.9988773465156555,0.13169901072978973,0.030744493007659912,405048,0.009265383,0.004776692483574152,0.0047699930146336555,0.004747736267745495
515579,pgd_eps0.008_alpha0.005_iter2,0.27272727272727276,0.1931818181818182,0.9821615,44.93357176039555,0.9964722990989685,0.9984932541847229,0.18076643347740173,0.049117207527160645,401266,0.009416692,0.005031229462474585,0.005037012044340372,0.005012932233512402
515445,pgd_eps0.008_alpha0.005_iter1,0.6818181818181819,0.6363636363636364,0.981206,45.10625078913,0.9962579607963562,0.99803227186203,0.15621760487556458,0.045422494411468506,405140,0.009224576,0.004732807166874409,0.004742784425616264,0.004749861545860767
173383,pgd_eps0.008_alpha0.005_iter1,0.12500000000000003,0.055555555555555566,0.9800229,45.14129814457094,0.9963130950927734,0.9982295632362366,0.15629319846630096,0.02903914451599121,404895,0.009180714,0.0047164373099803925,0.004706650506705046,0.0047155641950666904
438862,pgd_eps0.008_alpha0.005_iter2,0.6060606060606062,0.4363636363636364,0.985785,44.735104921777065,0.9964125156402588,0.9988296627998352,0.13896627724170685,0.029811382293701172,403683,0.009664898,0.005196013022214174,0.0051674568094313145,0.005165036302059889
180560,pgd_eps0.008_alpha0.005_iter1,1.0000000000000002,0.8863636363636365,0.9781106,45.116669772687466,0.9956285953521729,0.9959425926208496,0.1875644028186798,0.04240208864212036,404705,0.009208433,0.004737192764878273,0.00472998945042491,0.004732930101454258
39956,pgd_eps0.008_alpha0.005_iter1,1.0000000000000002,0.14000000000000004,0.9798762,45.226069039443324,0.9965092539787292,0.9978357553482056,0.14800168573856354,0.03267258405685425,401251,0.009051116,0.004683713428676128,0.004610166884958744,0.004608902148902416
321214,pgd_eps0.008_alpha0.005_iter1,0.6666666666666669,0.4000000000000001,0.97720987,45.02771264030087,0.9954309463500977,0.9962422847747803,0.1676877737045288,0.028627097606658936,405289,0.009321279,0.004807364195585251,0.004811808001250029,0.004784880205988884
474028,pgd_eps0.008_alpha0.005_iter1,0.9090909090909093,0.6060606060606062,0.9867018,45.11783956910791,0.997069239616394,0.9991875886917114,0.12896187603473663,0.028974056243896484,405126,0.009209506,0.004728177562355995,0.00472235819324851,0.004743803292512894
66523,pgd_eps0.008_alpha0.005_iter2,1.0000000000000002,0.3333333333333334,0.9803207,44.85532381911028,0.9952458739280701,0.9973241686820984,0.1604316681623459,0.03261655569076538,403566,0.009530581,0.005090376362204552,0.005086418241262436,0.005089223384857178
142092,pgd_eps0.008_alpha0.005_iter1,0.5000000000000001,0.3333333333333334,0.9845217,45.06249253718801,0.9970607161521912,0.9987322688102722,0.11820647120475769,0.029855191707611084,405212,0.009279286,0.004776052199304104,0.004773429129272699,0.004776747431606054
63154,pgd_eps0.008_alpha0.005_iter1,0.5000000000000001,0.0,0.98218864,45.04200179357392,0.9961451888084412,0.9985062479972839,0.15621860325336456,0.04540860652923584,405335,0.009301435,0.0047811828553676605,0.0048019010573625565,0.004788786638528109
239347,pgd_eps0.008_alpha0.005_iter1,0.3333333333333334,0.0,0.9806771,45.04414071560341,0.9965007305145264,0.9981997013092041,0.13169562816619873,0.031912386417388916,405389,0.009300552,0.004791186656802893,0.0047898064367473125,0.004786001518368721
514508,pgd_eps0.008_alpha0.005_iter2,0.5000000000000001,0.10389610389610392,0.98507,44.84742689871599,0.9973560571670532,0.9987833499908447,0.10511694848537445,0.024385929107666016,402843,0.009510318,0.005101049318909645,0.0050958991050720215,0.005094221793115139
473237,pgd_eps0.008_alpha0.005_iter2,0.6666666666666669,0.4000000000000001,0.9766633,44.93501086742789,0.994851291179657,0.9956473708152771,0.23779553174972534,0.048198163509368896,401624,0.00939047,0.005040787626057863,0.0050293756648898125,0.005014178808778524
228144,pgd_eps0.008_alpha0.005_iter1,0.12121212121212122,0.03636363636363636,0.9768736,45.07981724440137,0.9956817626953125,0.9966646432876587,0.19089120626449585,0.054212987422943115,404224,0.009246603,0.004755750764161348,0.004768427461385727,0.0047593493945896626
206027,pgd_eps0.008_alpha0.005_iter1,0.38636363636363646,0.21212121212121215,0.98044485,45.0387933234417,0.9963788986206055,0.9974884390830994,0.14190220832824707,0.031501054763793945,405359,0.009309387,0.00479124253615737,0.004803628195077181,0.004784189164638519
78915,pgd_eps0.008_alpha0.005_iter3,0.6363636363636365,0.5763636363636364,0.98601586,44.345829558183915,0.9961968660354614,0.9984812140464783,0.11564688384532928,0.018343329429626465,402370,0.010095346,0.0053599802777171135,0.005378093104809523,0.005384289659559727
551215,pgd_eps0.008_alpha0.005_iter2,0.5000000000000001,0.3333333333333334,0.9870293,44.87040136023162,0.9962100982666016,0.9985132217407227,0.1164512038230896,0.024741411209106445,403772,0.009518437,0.0050483448430895805,0.0050935461185872555,0.005092277657240629
544519,pgd_eps0.008_alpha0.005_iter2,0.5000000000000001,0.25000000000000006,0.9777353,44.89460489107919,0.9949616193771362,0.9955278038978577,0.222493976354599,0.04611837863922119,402815,0.009462043,0.005054354202002287,0.005072606727480888,0.0050445483066141605
96493,pgd_eps0.008_alpha0.005_iter4,0.3333333333333334,0.1666666666666667,0.9811278,44.58149799794139,0.9946571588516235,0.99733966588974,0.17464452981948853,0.03205418586730957,399341,0.009817198,0.005282366182655096,0.005284212063997984,0.005278806667774916
23899,pgd_eps0.008_alpha0.005_iter1,0.12121212121212122,0.01818181818181818,0.9760367,45.156317888393446,0.9952962398529053,0.9937118291854858,0.23161783814430237,0.0554429292678833,404756,0.009160612,0.004704371560364962,0.004689941182732582,0.004719462711364031
340175,pgd_eps0.008_alpha0.005_iter3,0.3977272727272728,0.37373737373737376,0.97933346,44.48512446516162,0.9947715997695923,0.9979771971702576,0.19635656476020813,0.050209999084472656,400828,0.009903688,0.0052618421614170074,0.005255039315670729,0.005260790698230267
578500,pgd_eps0.008_alpha0.005_iter1,0.6000000000000001,0.4545454545454546,0.97647935,45.07397300730413,0.994904637336731,0.9886534214019775,0.23945395648479462,0.055080413818359375,405181,0.009259684,0.004757940303534269,0.004767084028571844,0.0047701625153422356
366141,pgd_eps0.008_alpha0.005_iter2,0.25000000000000006,0.0,0.9780814,44.959806264979164,0.9955843687057495,0.9968060255050659,0.17837485671043396,0.02760148048400879,401920,0.009366696,0.0050190286710858345,0.005014690570533276,0.004998310003429651
57597,pgd_eps0.008_alpha0.005_iter3,0.21212121212121215,0.19528619528619529,0.9804719,44.38969384756479,0.9953281283378601,0.9976605176925659,0.1688041090965271,0.027622759342193604,401265,0.010019761,0.00536253210157156,0.005331028252840042,0.005329268518835306
559842,pgd_eps0.008_alpha0.005_iter3,0.41942148760330583,0.273976023976024,0.9857479,44.275875407818575,0.99632328748703,0.9986429214477539,0.14617592096328735,0.03286623954772949,403279,0.010185779,0.005447514820843935,0.0054298872128129005,0.005407910328358412
434230,pgd_eps0.008_alpha0.005_iter1,0.15151515151515152,0.1168831168831169,0.9861755,45.145930119358226,0.9972850680351257,0.9994804263114929,0.14635927975177765,0.04062533378601074,404891,0.009175432,0.0047136456705629826,0.0047104512341320515,0.004711867775768042
428454,pgd_eps0.008_alpha0.005_iter3,0.7500000000000002,0.4000000000000001,0.9786174,44.47692150544056,0.9942330121994019,0.9935155510902405,0.24694472551345825,0.05686074495315552,400261,0.009903797,0.005249945446848869,0.0052675120532512665,0.0052997516468167305
399462,pgd_eps0.008_alpha0.005_iter3,1.0000000000000002,0.6666666666666669,0.98416734,44.457554950600354,0.9959012866020203,0.9990825653076172,0.1609784960746765,0.03148144483566284,401210,0.009945445,0.005278608296066523,0.005287904292345047,0.005299943033605814
261061,pgd_eps0.008_alpha0.005_iter1,0.25000000000000006,0.1666666666666667,0.98133063,45.04132265429445,0.9963924884796143,0.9986739754676819,0.14906473457813263,0.03922688961029053,405034,0.009299632,0.004781344905495644,0.004807537887245417,0.004780333489179611
168330,pgd_eps0.008_alpha0.005_iter4,0.38636363636363646,0.3000000000000001,0.97858065,44.535657853133195,0.9938818216323853,0.9967477917671204,0.22124476730823517,0.05335426330566406,400486,0.009884207,0.005333726294338703,0.005322013050317764,0.005318658892065287
383384,pgd_eps0.008_alpha0.005_iter5,0.13636363636363638,0.1354978354978355,0.9806533,44.174668945970474,0.99434894323349,0.997819185256958,0.2086024135351181,0.05074453353881836,399157,0.010289346,0.00557329785078764,0.005551291164010763,0.005542358383536339
342006,pgd_eps0.008_alpha0.005_iter1,0.6818181818181819,0.3333333333333334,0.98069215,45.10855642801779,0.9955571889877319,0.9963160157203674,0.18226885795593262,0.043978333473205566,405130,0.00922305,0.004734340123832226,0.004734006244689226,0.004750129766762257
217285,pgd_eps0.008_alpha0.005_iter11,0.31818181818181823,0.3089964580873672,0.9837713,43.63673286471956,0.9959096312522888,0.9986976385116577,0.1528482735157013,0.045314788818359375,401102,0.011048716,0.006041652988642454,0.006056006997823715,0.006069643422961235
236412,pgd_eps0.008_alpha0.005_iter1,0.5000000000000001,0.0,0.98588985,45.05668179181409,0.9970554113388062,0.9988610148429871,0.10591496527194977,0.02857297658920288,405269,0.009286191,0.004780370742082596,0.004774043336510658,0.004779372364282608
524456,pgd_eps0.008_alpha0.005_iter3,0.20000000000000004,0.19318181818181823,0.9848242,44.615761662762885,0.9964997172355652,0.9984140396118164,0.12226860225200653,0.029996633529663086,400761,0.00974887,0.005167687311768532,0.005153569392859936,0.00515703484416008
153343,pgd_eps0.008_alpha0.005_iter1,1.0000000000000002,0.3333333333333334,0.9848099,45.09363605172061,0.996665894985199,0.9982852935791016,0.11493197083473206,0.019395649433135986,404887,0.00923826,0.004747010767459869,0.00475668627768755,0.004735027905553579
95786,pgd_eps0.008_alpha0.005_iter1,0.42424242424242414,0.22222222222222218,0.97514844,45.103068821114604,0.9951380491256714,0.996320903301239,0.21930429339408875,0.05007743835449219,405027,0.0092269955,0.004743753466755152,0.004736053757369518,0.004754754714667797
326541,pgd_eps0.008_alpha0.005_iter1,0.4545454545454546,0.40454545454545465,0.9785032,45.15807447698492,0.9956190586090088,0.9972610473632812,0.20950165390968323,0.05086463689804077,404463,0.009148884,0.004719431512057781,0.004668424837291241,0.004702235572040081
213086,pgd_eps0.008_alpha0.005_iter1,0.25000000000000006,0.0,0.9811054,45.10712475006699,0.9965678453445435,0.9980059862136841,0.13823655247688293,0.020205795764923096,405162,0.009223257,0.004738545045256615,0.00474334554746747,0.004739958792924881
231339,pgd_eps0.008_alpha0.005_iter2,0.3333333333333334,0.20000000000000004,0.9815243,44.88911511988878,0.9961199760437012,0.9980804920196533,0.13364067673683167,0.019064664840698242,402255,0.009461728,0.005053602624684572,0.0050677950493991375,0.005066882353276014
508730,pgd_eps0.008_alpha0.005_iter1,0.25000000000000006,0.20000000000000004,0.98475987,45.069073815056996,0.996941089630127,0.9978891611099243,0.10079559683799744,0.03389322757720947,405127,0.009272393,0.004775660112500191,0.00476300111040473,0.004765756893903017
550426,pgd_eps0.008_alpha0.005_iter1,1.0000000000000002,0.3333333333333334,0.98150635,45.07035590304035,0.9963312149047852,0.9984261393547058,0.1568584144115448,0.026927471160888672,405035,0.009267028,0.004773268476128578,0.004788738675415516,0.004732255358248949
368294,pgd_eps0.008_alpha0.005_iter1,0.5000000000000001,0.20000000000000004,0.9818232,45.17207424795785,0.9966257810592651,0.9986399412155151,0.14050531387329102,0.031036734580993652,400885,0.0091117155,0.004689000081270933,0.004670401103794575,0.0046704174019396305
171190,pgd_eps0.008_alpha0.005_iter10,0.29870129870129875,0.2685314685314686,0.9780132,44.034082468267066,0.9950124025344849,0.9957437515258789,0.16655929386615753,0.035566508769989014,394482,0.010447145,0.005743473302572966,0.005705771967768669,0.00572143355384469
301135,pgd_eps0.008_alpha0.005_iter2,0.43939393939393945,0.3998622589531681,0.9870636,44.79784923221342,0.9968587160110474,0.9991253614425659,0.13123641908168793,0.02924215793609619,403347,0.00959842,0.005103126168251038,0.005150763783603907,0.0050683170557022095
580294,pgd_eps0.008_alpha0.005_iter2,0.14285714285714288,0.11983471074380167,0.98152757,44.82607652907057,0.9958931803703308,0.9978765249252319,0.15701092779636383,0.03361010551452637,403119,0.009553152,0.0051105208694934845,0.005112489685416222,0.005097173620015383
494869,pgd_eps0.008_alpha0.005_iter1,0.6212121212121214,0.5714285714285715,0.9831628,45.21901021479153,0.9966453313827515,0.9981933236122131,0.13866794109344482,0.02214503288269043,404732,0.009089836,0.0046196915209293365,0.004643948283046484,0.004700422752648592
33638,pgd_eps0.008_alpha0.005_iter1,0.25000000000000006,0.20000000000000004,0.9773488,45.20643909016066,0.9958622455596924,0.9968852400779724,0.18103134632110596,0.033303260803222656,404388,0.00910272,0.0047303177416324615,0.004710022360086441,0.004528705962002277
329219,pgd_eps0.008_alpha0.005_iter1,0.28571428571428575,0.21900826446280997,0.98097676,45.0266504309747,0.9960588216781616,0.998344361782074,0.14523954689502716,0.026237130165100098,405392,0.009321901,0.004805120639503002,0.0048072682693600655,0.0047950358130037785
186980,pgd_eps0.008_alpha0.005_iter3,0.3545454545454546,0.339572192513369,0.983167,44.395982082205514,0.9964548349380493,0.998481273651123,0.13426479697227478,0.027235984802246094,400611,0.010002687,0.0053403074853122234,0.005316059570759535,0.0053491778671741486
127182,pgd_eps0.008_alpha0.005_iter4,0.46753246753246763,0.34965034965034975,0.9766464,44.59600538005405,0.9940927028656006,0.9955973029136658,0.20111936330795288,0.049939870834350586,400380,0.0098106675,0.005282033700495958,0.005267328582704067,0.005274472292512655
356387,pgd_eps0.008_alpha0.005_iter3,0.20454545454545456,0.10505050505050506,0.98264354,44.45480121108982,0.9958701133728027,0.9979496002197266,0.1697618067264557,0.04643714427947998,401521,0.009939304,0.00527231115847826,0.005292684305459261,0.005303970538079739
367680,pgd_eps0.008_alpha0.005_iter3,0.6727272727272728,0.573905723905724,0.9825768,44.562642375343884,0.9961273074150085,0.9983039498329163,0.17211902141571045,0.03919327259063721,401028,0.009815205,0.0051972027868032455,0.005211435724049807,0.005194583907723427
263796,pgd_eps0.008_alpha0.005_iter1,1.0000000000000002,0.10000000000000002,0.98820835,45.08694150361477,0.9975813627243042,0.9993007779121399,0.09575477987527847,0.022157609462738037,405197,0.00924976,0.004761432763189077,0.004745872225612402,0.004761860240250826
117425,pgd_eps0.008_alpha0.005_iter1,0.7272727272727273,0.6060606060606061,0.9789327,45.08684965182479,0.9958102703094482,0.9972755908966064,0.17176449298858643,0.02605581283569336,404961,0.009245805,0.004763809032738209,0.004755799658596516,0.004745254293084145
365387,pgd_eps0.008_alpha0.005_iter1,0.25000000000000006,0.20000000000000004,0.97652316,45.10583622885843,0.9952086210250854,0.9959417581558228,0.1933005154132843,0.03647792339324951,405121,0.009223515,0.0047490037977695465,0.004733913578093052,0.004743240773677826
487583,pgd_eps0.008_alpha0.005_iter2,0.5000000000000001,0.3333333333333334,0.9770481,44.92284128061699,0.9948045015335083,0.9944360852241516,0.22689150273799896,0.03172534704208374,402192,0.009419198,0.00505155511200428,0.005030227825045586,0.005033982452005148
504711,pgd_eps0.008_alpha0.005_iter3,0.5000000000000001,0.20000000000000004,0.9810283,44.63386019511037,0.99586021900177,0.9972667098045349,0.16341766715049744,0.03602278232574463,398342,0.009697326,0.0051896036602556705,0.005140583962202072,0.005087877623736858
363840,pgd_eps0.008_alpha0.005_iter1,0.4204545454545455,0.3737373737373738,0.9831298,45.28053449124904,0.9968928098678589,0.9974961280822754,0.1288732886314392,0.02758944034576416,404178,0.009007843,0.00461089052259922,0.0044957674108445644,0.004682109225541353
214720,pgd_eps0.008_alpha0.005_iter1,0.6753246753246753,0.49035812672176315,0.98359543,45.1126151586913,0.9970325827598572,0.9985379576683044,0.12718519568443298,0.019810199737548828,404763,0.009208574,0.00472015468403697,0.0047471425496041775,0.004733713809400797
379453,pgd_eps0.008_alpha0.005_iter1,1.0000000000000002,0.0,0.97018355,45.04485241147308,0.9924737811088562,0.9853456616401672,0.30238237977027893,0.04199528694152832,405192,0.009305926,0.004793859086930752,0.004784359131008387,0.0047854892909526825
311295,pgd_eps0.008_alpha0.005_iter1,0.590909090909091,0.49696969696969706,0.98177737,45.10535269477725,0.9958919286727905,0.9972882866859436,0.1702069193124771,0.05892074108123779,404949,0.009223119,0.004744119476526976,0.0047401548363268375,0.004742163233458996
29393,pgd_eps0.008_alpha0.005_iter1,0.6818181818181819,0.25000000000000006,0.98657274,45.1731400344603,0.9977229833602905,0.9991482496261597,0.10721824318170547,0.025970458984375,403964,0.009135439,0.004669630900025368,0.004687419161200523,0.004713497590273619
278848,pgd_eps0.008_alpha0.005_iter1,0.6363636363636365,0.5363636363636365,0.98313886,45.26246317450913,0.9968889951705933,0.9979894757270813,0.1406300812959671,0.02385401725769043,401857,0.0089915255,0.004606957547366619,0.004592944402247667,0.004632199183106422
166391,pgd_eps0.008_alpha0.005_iter1,0.5696969696969698,0.31060606060606066,0.9750328,45.128351915710624,0.9948212504386902,0.9955508708953857,0.1995943933725357,0.05804014205932617,405004,0.0091975015,0.004735196940600872,0.004699064418673515,0.004741184879094362
48153,pgd_eps0.008_alpha0.005_iter2,0.5000000000000001,0.3333333333333334,0.98700124,44.86208818583681,0.9972398281097412,0.998689591884613,0.11185873299837112,0.024148762226104736,402586,0.009489723,0.005051523447036743,0.005092862993478775,0.005095724482089281
295713,pgd_eps0.008_alpha0.005_iter2,0.7090909090909093,0.7090909090909092,0.98297745,44.7581059202946,0.9958721995353699,0.9985040426254272,0.15200665593147278,0.033177733421325684,404004,0.009650197,0.005138078238815069,0.005179943982511759,0.005168276838958263
223130,pgd_eps0.008_alpha0.005_iter2,1.0000000000000002,0.25000000000000006,0.98316556,44.87743065106322,0.9954003691673279,0.9984343647956848,0.18715646862983704,0.035199642181396484,403255,0.009497226,0.00506804883480072,0.005076542962342501,0.0050711859948933125
198960,pgd_eps0.008_alpha0.005_iter2,1.0000000000000002,0.5000000000000001,0.98883075,44.94783335171604,0.9970505237579346,0.9995410442352295,0.1410922110080719,0.05083984136581421,404019,0.009427508,0.004993220791220665,0.005033465567976236,0.0050222622230648994
344059,pgd_eps0.008_alpha0.005_iter3,1.0000000000000002,0.3333333333333334,0.9811651,44.62336399554292,0.9947583079338074,0.9978015422821045,0.20688481628894806,0.0516359806060791,401195,0.009746763,0.005149215459823608,0.005167857278138399,0.005160647444427013
410428,pgd_eps0.008_alpha0.005_iter3,0.4545454545454546,0.15584415584415587,0.98316664,44.403696975378686,0.9958885908126831,0.9985409379005432,0.1647408902645111,0.030185580253601074,402135,0.01002149,0.005329226143658161,0.00534040154889226,0.00531943142414093
87875,pgd_eps0.008_alpha0.005_iter2,1.0000000000000002,0.5000000000000001,0.9879771,44.92644763957112,0.9975666403770447,0.9990334510803223,0.10381573438644409,0.03536289930343628,402355,0.009414708,0.005038201808929443,0.005042970180511475,0.005008361302316189
450758,pgd_eps0.008_alpha0.005_iter6,1.0000000000000002,0.3333333333333334,0.9820098,44.24442726958872,0.9947589635848999,0.9971380829811096,0.16756856441497803,0.06030571460723877,399724,0.010230742,0.005541880615055561,0.005561070051044226,0.005545706953853369
458109,pgd_eps0.008_alpha0.005_iter1,0.5000000000000001,0.38636363636363646,0.9866519,45.088044743814784,0.9976001977920532,0.9988977909088135,0.1000036746263504,0.02901381254196167,404978,0.009243807,0.004742709454149008,0.0047521693632006645,0.004765442106872797
30675,pgd_eps0.008_alpha0.005_iter3,1.0000000000000002,0.5000000000000001,0.97827893,44.627472204771024,0.9937973022460938,0.9934826493263245,0.23532339930534363,0.05717259645462036,399294,0.009716063,0.005129124503582716,0.005169836804270744,0.005154584068804979
566524,pgd_eps0.008_alpha0.005_iter1,0.6818181818181819,0.4545454545454546,0.9840875,45.06404140314339,0.9966421127319336,0.9988169074058533,0.12525999546051025,0.02779620885848999,405235,0.009277758,0.004777340684086084,0.0047697219997644424,0.004773258231580257
338428,pgd_eps0.008_alpha0.005_iter1,0.18181818181818182,0.0,0.982814,45.123544306933724,0.9965195059776306,0.9991501569747925,0.16234232485294342,0.037454068660736084,403295,0.00918588,0.00472756614908576,0.004739838652312756,0.004687197040766478
166277,pgd_eps0.008_alpha0.005_iter4,0.5000000000000001,0.4000000000000001,0.9816882,44.56906639871861,0.9953259229660034,0.9968156814575195,0.1774456948041916,0.02811896800994873,400041,0.009830029,0.005294778384268284,0.005290002096444368,0.005289210006594658
476415,pgd_eps0.008_alpha0.005_iter3,1.0000000000000002,0.0,0.9640891,44.759714255485285,0.9936231374740601,0.9916169047355652,0.2525695562362671,0.048551321029663086,383301,0.00942274,0.0050159841775894165,0.005016831215471029,0.0049946666695177555
292082,pgd_eps0.008_alpha0.005_iter3,0.27272727272727276,0.18181818181818185,0.98628134,44.65661486665073,0.9971071481704712,0.9983325600624084,0.08561990410089493,0.018029630184173584,402083,0.009731019,0.005136343650519848,0.005138976499438286,0.00512676639482379
360137,pgd_eps0.008_alpha0.005_iter2,0.3333333333333334,0.12500000000000003,0.98121977,44.934147347418396,0.9970201253890991,0.9986350536346436,0.05516667291522026,0.0067862868309021,397728,0.009383183,0.004564851988106966,0.005146363750100136,0.005132427904754877
122046,pgd_eps0.008_alpha0.005_iter7,0.3333333333333334,0.28571428571428575,0.97836614,44.27623882854861,0.9943665266036987,0.9965462684631348,0.17209745943546295,0.020680487155914307,388708,0.010072217,0.005497425328940153,0.005460417829453945,0.0054975273087620735
352684,pgd_eps0.008_alpha0.005_iter3,0.8636363636363638,0.591062136516682,0.9753459,44.55044700854512,0.9941630363464355,0.9955127239227295,0.19596505165100098,0.03812128305435181,398675,0.009791761,0.005210394039750099,0.005202856846153736,0.005219513550400734
512836,pgd_eps0.008_alpha0.005_iter3,0.5227272727272728,0.3674242424242425,0.98174304,44.63796204319092,0.9955716133117676,0.9982028603553772,0.155899316072464,0.023646116256713867,401613,0.00973989,0.005120106972754002,0.005158956162631512,0.005159659776836634
8021,pgd_eps0.008_alpha0.005_iter1,0.6666666666666669,0.5000000000000001,0.97835284,45.154055767983515,0.9959465265274048,0.996829092502594,0.14233213663101196,0.03168952465057373,403994,0.009159028,0.004740949720144272,0.004710111767053604,0.004640005063265562
107226,pgd_eps0.008_alpha0.005_iter1,0.35064935064935066,0.3020779220779221,0.9830392,45.120470239192315,0.9968294501304626,0.9984419345855713,0.13732001185417175,0.018354475498199463,405112,0.009208463,0.0047552078031003475,0.004753607325255871,0.004668429959565401
84477,pgd_eps0.008_alpha0.005_iter1,1.0000000000000002,0.6666666666666669,0.9776346,45.03330647854307,0.9950790405273438,0.9963884949684143,0.18550734221935272,0.036876022815704346,405173,0.009313017,0.004734415095299482,0.004831071011722088,0.00481274351477623
562243,pgd_eps0.008_alpha0.005_iter3,1.0000000000000002,0.6666666666666669,0.9742751,44.78370498310291,0.9940029978752136,0.9951429963111877,0.2042941153049469,0.025938749313354492,396116,0.009494009,0.0050515830516815186,0.004988671746104956,0.005052006803452969
181859,pgd_eps0.008_alpha0.005_iter1,0.5000000000000001,0.25000000000000006,0.97682446,45.06547113011869,0.9953683614730835,0.995162844657898,0.19080862402915955,0.024455785751342773,405218,0.009274202,0.004777105525135994,0.004773017950356007,0.004764063749462366
177015,pgd_eps0.008_alpha0.005_iter1,0.4000000000000001,0.3333333333333334,0.9872709,45.08023349558067,0.996957540512085,0.9983797073364258,0.1001533642411232,0.019528210163116455,405007,0.009255504,0.004770706407725811,0.004768178798258305,0.00473610358312726
292236,pgd_eps0.008_alpha0.005_iter1,0.6060606060606062,0.5000000000000001,0.9807083,45.153840064224426,0.9965834021568298,0.9983793497085571,0.16380523145198822,0.02691274881362915,404802,0.009165875,0.004709458444267511,0.004671772010624409,0.004738053306937218
121506,pgd_eps0.008_alpha0.005_iter2,0.20000000000000004,0.13131313131313135,0.9752824,45.01576607698315,0.9974148273468018,0.9982755780220032,0.09661105275154114,0.01679784059524536,383804,0.009189575,0.004900098312646151,0.004899922758340836,0.004899017978459597
288042,pgd_eps0.008_alpha0.005_iter1,0.6666666666666669,0.3333333333333334,0.9845944,45.10645810813163,0.9967402815818787,0.9986386299133301,0.12848469614982605,0.03479492664337158,404618,0.009221688,0.004740947857499123,0.0047540320083498955,0.004715459421277046
453860,pgd_eps0.008_alpha0.005_iter4,1.0000000000000002,0.5000000000000001,0.98249966,44.859070941177556,0.994559645652771,0.9849752187728882,0.19644005596637726,0.061034440994262695,386280,0.009259751,0.004956074524670839,0.004955059848725796,0.0049545299261808395
500257,pgd_eps0.008_alpha0.005_iter8,0.2272727272727273,0.22351119894598157,0.98266,44.30943500014264,0.9960592985153198,0.9975106120109558,0.16235163807868958,0.03326833248138428,398763,0.010126042,0.005532786715775728,0.005411482881754637,0.005474633537232876
113403,pgd_eps0.008_alpha0.005_iter2,0.31818181818181823,0.22727272727272724,0.9826041,44.92270344246581,0.9963716268539429,0.9983978271484375,0.14071953296661377,0.029297709465026855,401989,0.009424709,0.005055293440818787,0.005066709127277136,0.004966525826603174
125062,pgd_eps0.008_alpha0.005_iter2,0.4545454545454546,0.3636363636363637,0.9779351,45.01926030230962,0.9964101314544678,0.9983795285224915,0.17516395449638367,0.03303670883178711,395337,0.009258836,0.004949718248099089,0.0049294945783913136,0.004917606245726347
375015,pgd_eps0.008_alpha0.005_iter1,1.0000000000000002,0.5000000000000001,0.9798615,45.10646044703832,0.9958188533782959,0.9982088804244995,0.18818457424640656,0.04114723205566406,405121,0.009223407,0.004738905932754278,0.004729523789137602,0.004755565430969
334719,pgd_eps0.008_alpha0.005_iter3,0.18181818181818185,0.11502782931354362,0.98255926,44.58518921682697,0.9952508211135864,0.9986486434936523,0.18020522594451904,0.03961664438247681,401057,0.009786445,0.005171386059373617,0.005190837197005749,0.005196719896048307
134112,pgd_eps0.008_alpha0.005_iter1,0.6666666666666669,0.5000000000000001,0.97975874,45.11640778498627,0.9961018562316895,0.9979903697967529,0.16382619738578796,0.0254819393157959,404664,0.009207694,0.004734317772090435,0.004730819724500179,0.004735173191875219
283520,pgd_eps0.008_alpha0.005_iter2,1.0000000000000002,0.5555555555555556,0.987663,44.852197722687905,0.9967800974845886,0.9991523623466492,0.1388295590877533,0.03780961036682129,404338,0.009542261,0.0050950972363352776,0.005097948480397463,0.0050914292223751545
31269,pgd_eps0.008_alpha0.005_iter5,1.0000000000000002,0.3333333333333334,0.9864461,44.24295320001789,0.9960852861404419,0.9987635016441345,0.14474283158779144,0.042591989040374756,401826,0.010234983,0.005504012107849121,0.005493215750902891,0.005473503842949867
319721,pgd_eps0.008_alpha0.005_iter2,0.8181818181818183,0.7500000000000001,0.9841655,44.795070262952024,0.996558666229248,0.9982870817184448,0.1276911199092865,0.018951773643493652,403827,0.009598823,0.00514613650739193,0.005152943544089794,0.00509157357737422
347265,pgd_eps0.008_alpha0.005_iter1,1.0000000000000002,0.6666666666666669,0.9858601,45.193697376297564,0.9969950914382935,0.9989691972732544,0.1367778331041336,0.028390586376190186,404735,0.0091169635,0.004677051678299904,0.004648090805858374,0.004702465608716011
414170,pgd_eps0.008_alpha0.005_iter4,0.7878787878787881,0.5272727272727273,0.9849589,44.48601567795227,0.9960018396377563,0.9986781477928162,0.15724590420722961,0.029855847358703613,402275,0.00995842,0.005353366956114769,0.00536066060885787,0.005372671410441399
231508,pgd_eps0.008_alpha0.005_iter15,0.1287878787878788,0.08461538461538462,0.98211354,43.760045737269834,0.9952899217605591,0.9985818862915039,0.17273330688476562,0.03372299671173096,400390,0.010880454,0.005972004495561123,0.005951557774096727,0.005942273885011673
389381,pgd_eps0.008_alpha0.005_iter3,0.1666666666666667,0.12500000000000003,0.9899194,44.35286215094013,0.9978758692741394,0.9989818334579468,0.0606260746717453,0.012807011604309082,399421,0.010044945,0.00533641641959548,0.005387854762375355,0.005374323111027479
118921,pgd_eps0.008_alpha0.005_iter2,0.7727272727272729,0.5151515151515152,0.9796209,44.847302419904516,0.9952932596206665,0.9961788058280945,0.18497127294540405,0.05035662651062012,403082,0.009525903,0.005095692817121744,0.005093077197670937,0.005090049002319574
21503,pgd_eps0.008_alpha0.005_iter1,0.25000000000000006,0.12500000000000003,0.9804298,45.10715218228296,0.9962479472160339,0.997542142868042,0.16073715686798096,0.03932619094848633,405103,0.009223455,0.004745518323034048,0.004736695438623428,0.004735646769404411
785,pgd_eps0.008_alpha0.005_iter3,1.0000000000000002,0.6666666666666669,0.9756274,44.62582162439517,0.9935438632965088,0.9909080266952515,0.21744608879089355,0.05083954334259033,400875,0.009745441,0.005159607157111168,0.005165219772607088,0.005142261274158955
261982,pgd_eps0.008_alpha0.005_iter5,0.3333333333333334,0.170995670995671,0.98056537,44.48184274451623,0.9952863454818726,0.9972220063209534,0.1530798077583313,0.03184199333190918,396991,0.0098915575,0.005254353862255812,0.00529118999838829,0.005314888432621956
99242,pgd_eps0.008_alpha0.005_iter2,1.0000000000000002,0.6666666666666669,0.9731038,44.895690829920355,0.993273138999939,0.9832369089126587,0.24445956945419312,0.05909621715545654,402777,0.0094689485,0.005044606979936361,0.005068344529718161,0.005066878627985716
314709,pgd_eps0.008_alpha0.005_iter1,1.0000000000000002,0.6666666666666669,0.9776924,45.10574401186438,0.9954065084457397,0.9956848621368408,0.19454708695411682,0.051953911781311035,405090,0.009226021,0.004746037535369396,0.004733756650239229,0.004748290404677391
460494,pgd_eps0.008_alpha0.005_iter1,0.4805194805194806,0.3463203463203464,0.9809956,45.23246568442856,0.9965497851371765,0.998540461063385,0.14201894402503967,0.022416353225708008,403571,0.009063064,0.004666186403483152,0.004630336072295904,0.0045738727785646915
339442,pgd_eps0.008_alpha0.005_iter3,0.3333333333333334,0.1666666666666667,0.97661304,44.774839413352,0.9952259063720703,0.9968535900115967,0.167392760515213,0.0263441801071167,397579,0.009507039,0.005059151444584131,0.005024897865951061,0.005015156231820583
541055,pgd_eps0.008_alpha0.005_iter4,0.3333333333333334,0.30000000000000004,0.9792121,44.38557767165908,0.9944676756858826,0.9965378046035767,0.2213101089000702,0.059670329093933105,400375,0.010054977,0.005489429924637079,0.005447498057037592,0.0053297970443964005
409475,pgd_eps0.008_alpha0.005_iter2,1.0000000000000002,0.5000000000000001,0.9793079,44.86052888880289,0.9954919815063477,0.9971827864646912,0.1592521071434021,0.045956552028656006,402912,0.009509452,0.005065500736236572,0.005093166138976812,0.0050956024788320065
464786,pgd_eps0.008_alpha0.005_iter3,0.5000000000000001,0.0,0.97661304,44.632060877208694,0.9946187734603882,0.9969671964645386,0.23709727823734283,0.05921196937561035,399238,0.009711045,0.005147058516740799,0.005161211360245943,0.005152131896466017
378605,pgd_eps0.008_alpha0.005_iter1,0.6666666666666669,0.5000000000000001,0.97781366,45.060735406474265,0.9955325126647949,0.9961538314819336,0.19125232100486755,0.02404707670211792,405231,0.00928019,0.004778376314789057,0.004782760050147772,0.004769426770508289
331817,pgd_eps0.008_alpha0.005_iter1,0.2626262626262627,0.15151515151515155,0.9868105,45.09730536504144,0.9976576566696167,0.9990443587303162,0.09841141104698181,0.016141235828399658,404846,0.009233182,0.004734259098768234,0.004759923554956913,0.004736468195915222
218091,pgd_eps0.008_alpha0.005_iter1,0.4242424242424243,0.40909090909090917,0.97800136,45.079970044785405,0.9956790804862976,0.9968482255935669,0.16896338760852814,0.04212683439254761,405164,0.009254873,0.00475688511505723,0.004753565415740013,0.004772317595779896
578545,pgd_eps0.008_alpha0.005_iter1,0.7500000000000002,0.6666666666666669,0.9830703,45.08972109548034,0.9967360496520996,0.9985411763191223,0.11832957714796066,0.02391648292541504,405184,0.00924584,0.004756315145641565,0.004746205173432827,0.004762381315231323
363207,pgd_eps0.008_alpha0.005_iter2,0.41818181818181827,0.29870129870129875,0.98210603,44.8171891429952,0.9959539175033569,0.9978386759757996,0.14188891649246216,0.030424833297729492,403413,0.009561091,0.00512247160077095,0.005118431989103556,0.005124916322529316
372577,pgd_eps0.008_alpha0.005_iter3,1.0000000000000002,0.6666666666666669,0.9798658,44.53402990093189,0.9949313998222351,0.9967725872993469,0.17512500286102295,0.03078281879425049,397599,0.00979344,0.005204817280173302,0.0052327667362987995,0.005231405608355999
212166,pgd_eps0.008_alpha0.005_iter1,1.0000000000000002,0.5000000000000001,0.98119944,45.10443715860131,0.9965519905090332,0.9980139136314392,0.09974362701177597,0.01046210527420044,404269,0.009216358,0.00472717359662056,0.004737215116620064,0.004744612146168947
172571,pgd_eps0.008_alpha0.005_iter4,0.4242424242424243,0.34343434343434354,0.9790344,44.503915005168395,0.9944166541099548,0.9972572326660156,0.22088877856731415,0.04563570022583008,399045,0.00990462,0.005346956662833691,0.005348248407244682,0.00534977437928319
294831,pgd_eps0.008_alpha0.005_iter2,0.6000000000000002,0.3750000000000001,0.9765613,44.874721361586715,0.9944796562194824,0.9964314699172974,0.2422129213809967,0.04608166217803955,402284,0.009474308,0.005078985821455717,0.0050701419822871685,0.005074711050838232
84431,pgd_eps0.008_alpha0.005_iter1,1.0000000000000002,0.6666666666666669,0.9771888,45.0861216905042,0.9953802824020386,0.9975108504295349,0.20921510457992554,0.035227060317993164,405137,0.009245345,0.004760049749165773,0.004750086460262537,0.004763204138725996
323355,pgd_eps0.008_alpha0.005_iter1,1.0000000000000002,0.5000000000000001,0.9831279,45.10784185720003,0.9969191551208496,0.9985092282295227,0.11593401432037354,0.013918876647949219,405087,0.009222597,0.0047277952544391155,0.004736298695206642,0.004752378445118666
355325,pgd_eps0.008_alpha0.005_iter2,0.44155844155844165,0.34343434343434354,0.98606473,44.85533055365342,0.9971674680709839,0.9988846182823181,0.11260159313678741,0.013245999813079834,402787,0.009505067,0.005110612604767084,0.005081376992166042,0.005075282882899046
4495,pgd_eps0.008_alpha0.005_iter2,1.0000000000000002,0.6000000000000002,0.9777332,44.925172779417025,0.9951494932174683,0.995616614818573,0.17991681396961212,0.031838178634643555,401840,0.009409461,0.005030740983784199,0.005045098718255758,0.005035298876464367
9483,pgd_eps0.008_alpha0.005_iter1,0.5606060606060608,0.4805194805194807,0.98257476,45.099502298488574,0.9965536594390869,0.9967554211616516,0.12417338788509369,0.024314820766448975,405240,0.00923269,0.004745010752230883,0.004739284515380859,0.004755171947181225
326082,pgd_eps0.008_alpha0.005_iter3,0.3131313131313132,0.3010878010878011,0.9768698,44.559170326525404,0.9946012496948242,0.9954484105110168,0.21621909737586975,0.04895520210266113,398950,0.009794208,0.005216844845563173,0.005191871430724859,0.005178956314921379
398237,pgd_eps0.008_alpha0.005_iter1,0.3333333333333334,0.25000000000000006,0.99039716,45.06253004925702,0.9974822998046875,0.9993149638175964,0.09589801728725433,0.03553342819213867,405395,0.009281785,0.004769606981426477,0.004773329012095928,0.004777153488248587
507223,pgd_eps0.008_alpha0.005_iter1,0.8484848484848486,0.7045454545454547,0.987951,45.117480926339226,0.9977585077285767,0.999272346496582,0.09549606591463089,0.01593625545501709,405057,0.009209647,0.0047216881066560745,0.004725337494164705,0.0047405981458723545
239537,pgd_eps0.008_alpha0.005_iter3,1.0000000000000002,0.8333333333333336,0.984947,44.42623442657849,0.9951071739196777,0.9984868168830872,0.1528947651386261,0.04384636878967285,402361,0.009991328,0.005288294982165098,0.005323936231434345,0.005321052856743336
281414,pgd_eps0.008_alpha0.005_iter3,0.3333333333333334,0.22222222222222227,0.98386,44.46936732760014,0.9961584806442261,0.9984549880027771,0.13925546407699585,0.02412569522857666,401653,0.009942717,0.005278961732983589,0.005282791331410408,0.0052773416973650455
537991,pgd_eps0.008_alpha0.005_iter1,0.5090909090909091,0.5000000000000001,0.9832609,45.03005005428081,0.996583878993988,0.9983832240104675,0.11305853724479675,0.02287447452545166,405230,0.009320435,0.004794824868440628,0.004808640573173761,0.004793776664882898
321333,pgd_eps0.008_alpha0.005_iter2,0.6666666666666669,0.4000000000000001,0.9807968,44.85564445254713,0.9955477118492126,0.9984897375106812,0.18661388754844666,0.057081758975982666,402717,0.0095070945,0.00507876044139266,0.00509229488670826,0.005092386156320572
521282,pgd_eps0.008_alpha0.005_iter1,1.0000000000000002,0.5000000000000001,0.97516036,45.047033712950466,0.9947247505187988,0.9899340271949768,0.21187099814414978,0.043542444705963135,404962,0.009293792,0.004790722392499447,0.00480546522885561,0.00475345691666007
108026,pgd_eps0.008_alpha0.005_iter3,0.3333333333333334,0.20000000000000004,0.9591994,44.96117288584729,0.9947401285171509,0.9925922751426697,0.22052784264087677,0.06090378761291504,378052,0.009153713,0.004899083636701107,0.004783677402883768,0.004757334943860769
243204,pgd_eps0.008_alpha0.005_iter1,0.25000000000000006,0.0,0.98167163,45.07650538669337,0.9963117837905884,0.9974382519721985,0.12603844702243805,0.02298593521118164,405229,0.009262925,0.004765133373439312,0.0047584353014826775,0.004767811391502619
177935,pgd_eps0.008_alpha0.005_iter2,0.25000000000000006,0.07792207792207793,0.98192596,44.92773868793938,0.9959020614624023,0.9981680512428284,0.13252784311771393,0.02377140522003174,403174,0.009436998,0.0050336080603301525,0.005030025262385607,0.005035586189478636
38829,pgd_eps0.008_alpha0.005_iter1,0.5,0.2878787878787879,0.98294693,45.18046654661446,0.9969696998596191,0.9989086985588074,0.13230924308300018,0.022787928581237793,402312,0.009113338,0.004668865818530321,0.0046996078453958035,0.004646107088774443
397327,pgd_eps0.008_alpha0.005_iter1,1.0000000000000002,0.6666666666666669,0.9750255,45.12951796301158,0.994564414024353,0.9836317300796509,0.21263033151626587,0.06326425075531006,405039,0.009193618,0.004718137439340353,0.0047156051732599735,0.00473813945427537
501523,pgd_eps0.008_alpha0.005_iter3,0.5000000000000001,0.3333333333333334,0.97896796,44.69572790846826,0.9953685998916626,0.9965440630912781,0.17185094952583313,0.026520133018493652,398365,0.009619634,0.005104548297822475,0.005104798823595047,0.005085087846964598
555050,pgd_eps0.008_alpha0.005_iter5,0.31818181818181823,0.256926406926407,0.9802124,44.189902455167946,0.9948724508285522,0.9982803463935852,0.19912026822566986,0.047991156578063965,400173,0.010284999,0.00554130831733346,0.005535088013857603,0.005532520357519388
187243,pgd_eps0.008_alpha0.005_iter2,0.6666666666666669,0.5000000000000001,0.98340297,45.002470795694904,0.9961628317832947,0.9970958232879639,0.14081436395645142,0.019748330116271973,397333,0.009241414,0.004916149657219648,0.0049170758575201035,0.004929849877953529
356347,pgd_eps0.008_alpha0.005_iter6,0.27272727272727276,0.0,0.97824174,44.42367192802317,0.9952003955841064,0.9972752332687378,0.20067289471626282,0.035002708435058594,393536,0.009947508,0.005434866528958082,0.005388400983065367,0.005394781939685345
560279,pgd_eps0.008_alpha0.005_iter3,0.5000000000000001,0.3333333333333334,0.9825875,44.67973323004783,0.9964746236801147,0.9976008534431458,0.10381177067756653,0.010550260543823242,398120,0.009638639,0.00511717377230525,0.005100414622575045,0.0051284730434417725
42276,pgd_eps0.008_alpha0.005_iter1,0.5000000000000001,0.4000000000000001,0.98200274,45.136667894008404,0.9968253374099731,0.9984298348426819,0.14248652756214142,0.022468268871307373,404938,0.009187994,0.00473718112334609,0.00469191325828433,0.004731510765850544
534827,pgd_eps0.008_alpha0.005_iter2,0.4242424242424243,0.3686868686868688,0.984668,45.13226003034312,0.9966154098510742,0.9976147413253784,0.14225232601165771,0.014564216136932373,389780,0.008962419,0.004755290225148201,0.004744976758956909,0.004757348448038101
190756,pgd_eps0.008_alpha0.005_iter3,1.0000000000000002,0.6666666666666669,0.97257185,44.65602701881085,0.9933786392211914,0.9772920608520508,0.2940971851348877,0.07362878322601318,396945,0.009650666,0.005106732714921236,0.005152442492544651,0.0051422943361103535
482917,pgd_eps0.008_alpha0.005_iter2,0.20000000000000004,0.14285714285714288,0.9791568,44.93955475718268,0.9957844614982605,0.9970362186431885,0.17489281296730042,0.02790093421936035,402447,0.009405165,0.005043719429522753,0.005012794863432646,0.00501616857945919
300659,pgd_eps0.008_alpha0.005_iter3,1.0000000000000002,0.5000000000000001,0.97318965,44.72120459985894,0.9934018850326538,0.9863815307617188,0.2767266035079956,0.07555031776428223,396811,0.009567652,0.00507701700553298,0.005081178620457649,0.0050889612175524235
199977,pgd_eps0.008_alpha0.005_iter3,1.0000000000000002,0.5000000000000001,0.969737,44.71959942031055,0.9920717477798462,0.9738964438438416,0.29948890209198,0.0929078459739685,394122,0.009529138,0.005076440051198006,0.005088889505714178,0.005091214552521706
384350,pgd_eps0.008_alpha0.005_iter2,0.5454545454545455,0.27272727272727276,0.9777488,44.83761931059989,0.9948321580886841,0.9968175292015076,0.18752190470695496,0.04645049571990967,402297,0.009517495,0.005080522503703833,0.0051095737144351006,0.005096871871501207
383621,pgd_eps0.008_alpha0.005_iter2,1.0000000000000002,0.5000000000000001,0.97080725,44.86460739281762,0.9923335313796997,0.9862191677093506,0.3197515606880188,0.08002722263336182,403184,0.009511099,0.005059965420514345,0.005099763162434101,0.0050967116840183735
189828,pgd_eps0.008_alpha0.005_iter2,1.0000000000000002,0.3333333333333334,0.9757526,44.91508225997408,0.9944839477539062,0.9942755103111267,0.208790123462677,0.05066061019897461,401160,0.009386581,0.005051959306001663,0.005042896140366793,0.0050387997180223465
412894,pgd_eps0.008_alpha0.005_iter2,0.3344155844155845,0.27360139860139865,0.9822486,44.906804225237806,0.9965136051177979,0.9983421564102173,0.15281838178634644,0.029864966869354248,402219,0.009459818,0.0050490135326981544,0.005052783992141485,0.005017874296754599
537153,pgd_eps0.008_alpha0.005_iter3,0.5000000000000001,0.3333333333333334,0.97858006,44.49405154138166,0.994317889213562,0.9965960383415222,0.22112059593200684,0.07209885120391846,398220,0.0098615065,0.005273102317005396,0.005265704821795225,0.005250769667327404
361103,pgd_eps0.008_alpha0.005_iter3,0.25974025974025977,0.19090909090909094,0.9820702,44.41221204144567,0.9959945678710938,0.9983576536178589,0.1575954556465149,0.03886747360229492,400295,0.010000885,0.005311415996402502,0.005311299115419388,0.005315498914569616
392722,pgd_eps0.008_alpha0.005_iter2,0.490909090909091,0.39332096474953626,0.9825048,44.76539091241796,0.9957112073898315,0.998285174369812,0.1690511405467987,0.03990030288696289,403471,0.009621634,0.0051554469391703606,0.005157500971108675,0.005162735469639301
338560,pgd_eps0.008_alpha0.005_iter4,0.6060606060606062,0.4454545454545455,0.98326796,44.5188359059638,0.9959027767181396,0.99796462059021,0.13463819026947021,0.020351767539978027,400317,0.009897761,0.005327488295733929,0.005349366459995508,0.005331177264451981
264535,pgd_eps0.008_alpha0.005_iter1,0.5454545454545455,0.25000000000000006,0.9936146,45.13064809046941,0.9991471171379089,0.9993122220039368,0.031277187168598175,0.00593876838684082,404257,0.009193107,0.004705235827714205,0.004711419343948364,0.004749098792672157
295231,pgd_eps0.008_alpha0.005_iter2,0.5454545454545455,0.5272727272727273,0.98914886,44.92835651142214,0.9975845217704773,0.999225914478302,0.11686651408672333,0.030250906944274902,403827,0.00945155,0.005036809016019106,0.005052130203694105,0.00500530144199729
154947,pgd_eps0.008_alpha0.005_iter2,1.0000000000000002,0.3333333333333334,0.9875295,44.90167188965841,0.9963374137878418,0.9987082481384277,0.14570428431034088,0.047657132148742676,403875,0.009476043,0.005067633464932442,0.005053629167377949,0.0050426870584487915
212559,pgd_eps0.008_alpha0.005_iter1,0.8181818181818183,0.5000000000000001,0.990555,45.16537891339511,0.9982743263244629,0.9990952014923096,0.0750570148229599,0.01925349235534668,404934,0.009149629,0.004705039784312248,0.004687730688601732,0.004704978317022324
458755,pgd_eps0.008_alpha0.005_iter3,0.27272727272727276,0.26136363636363635,0.9871807,44.48880964248453,0.9968275427818298,0.9988951086997986,0.11801910400390625,0.028134465217590332,402595,0.009925831,0.005239378660917282,0.005253540351986885,0.005282873287796974
104782,pgd_eps0.008_alpha0.005_iter2,1.0000000000000002,0.3333333333333334,0.97669476,44.85352223668506,0.9943166971206665,0.9901241660118103,0.22473594546318054,0.04858684539794922,401637,0.009466405,0.0050895060412585735,0.005094458349049091,0.005093763582408428
315257,pgd_eps0.008_alpha0.005_iter1,0.5000000000000001,0.0,0.9812222,45.046507616228254,0.9964262843132019,0.997971773147583,0.15722163021564484,0.02221965789794922,405227,0.009300152,0.004784427583217621,0.004794379696249962,0.004783557262271643
130599,pgd_eps0.008_alpha0.005_iter1,1.0000000000000002,0.25000000000000006,0.9856543,45.05275829789809,0.9970099329948425,0.9990915060043335,0.11444145441055298,0.03016197681427002,405419,0.009291504,0.004781396593898535,0.004784514661878347,0.004778173286467791
227187,pgd_eps0.008_alpha0.005_iter1,0.6818181818181819,0.5151515151515152,0.98751634,45.10079526723381,0.9976269006729126,0.9992986917495728,0.10134360194206238,0.02643406391143799,405085,0.009231826,0.004744641948491335,0.004731487482786179,0.004754824563860893
523811,pgd_eps0.008_alpha0.005_iter2,1.0000000000000002,0.3333333333333334,0.9805271,44.82300665228927,0.995649516582489,0.9980520009994507,0.17206457257270813,0.05275261402130127,403516,0.009568109,0.005078663118183613,0.005124932620674372,0.005132119636982679
456559,pgd_eps0.008_alpha0.005_iter2,1.0000000000000002,0.6666666666666669,0.97580695,44.943628294973045,0.9943944811820984,0.9920687675476074,0.21675343811511993,0.05419564247131348,402603,0.009410901,0.005029499996453524,0.005011517554521561,0.005023437552154064
101068,pgd_eps0.008_alpha0.005_iter1,1.0000000000000002,0.6666666666666669,0.9834196,45.08413883213849,0.996518611907959,0.9983504414558411,0.15103977918624878,0.0320969820022583,405241,0.009249712,0.0047681741416454315,0.0047496529296040535,0.004759684670716524
140640,pgd_eps0.008_alpha0.005_iter1,0.490909090909091,0.4242424242424243,0.9805179,45.066856776096955,0.996100902557373,0.9980189204216003,0.15452545881271362,0.033506810665130615,405119,0.009271434,0.0047774347476661205,0.004772959277033806,0.004759421106427908
516708,pgd_eps0.008_alpha0.005_iter1,1.0000000000000002,0.5000000000000001,0.98133916,45.10266185697219,0.9966127276420593,0.9974865913391113,0.12977558374404907,0.028681695461273193,404694,0.009222985,0.004784100688993931,0.0047142235562205315,0.004727654624730349
544605,pgd_eps0.008_alpha0.005_iter2,1.0000000000000002,0.3333333333333334,0.98875445,44.91354997586995,0.9969254732131958,0.9992772936820984,0.12884695827960968,0.041779518127441406,404226,0.009476328,0.005047251004725695,0.0050486247055232525,0.0050404309295117855
385190,pgd_eps0.008_alpha0.005_iter1,0.3333333333333334,0.045454545454545456,0.9856713,45.15018044999519,0.9975191354751587,0.9986649751663208,0.11657433956861496,0.024729013442993164,405049,0.009170609,0.004708633292466402,0.00468422332778573,0.004735225811600685
338986,pgd_eps0.008_alpha0.005_iter1,0.6818181818181819,0.5454545454545455,0.9788706,45.16690579417698,0.9956671595573425,0.9956243634223938,0.1857333481311798,0.027527213096618652,404977,0.009150572,0.00469491071999073,0.0046730185858905315,0.004715053830295801
53994,pgd_eps0.008_alpha0.005_iter1,0.5000000000000001,0.4545454545454546,0.98552114,45.05061248624743,0.997088611125946,0.9989831447601318,0.10778189450502396,0.01567983627319336,405210,0.009293024,0.004789301659911871,0.004787929356098175,0.004769169259816408
61171,pgd_eps0.008_alpha0.005_iter1,0.6818181818181819,0.045454545454545456,0.98871547,45.122361896293256,0.997520923614502,0.9991341233253479,0.09668264538049698,0.029517531394958496,402742,0.009165492,0.004709905944764614,0.00471594650298357,0.004712887108325958
314034,pgd_eps0.008_alpha0.005_iter3,0.35123966942148765,0.24285714285714283,0.98873454,44.23463614633156,0.996862530708313,0.9989345669746399,0.10986359417438507,0.033741772174835205,403450,0.010244215,0.005471499171108007,0.005478303879499435,0.0054548559710383415
152740,pgd_eps0.008_alpha0.005_iter2,0.705022250476796,0.384469696969697,0.9828915,44.83690496808325,0.9956105947494507,0.9990139007568359,0.20607557892799377,0.05907249450683594,404033,0.009551027,0.005149452015757561,0.005093646701425314,0.005079407244920731
24919,pgd_eps0.008_alpha0.005_iter2,1.0000000000000002,0.5000000000000001,0.97891235,44.89837139629576,0.9948924779891968,0.9965359568595886,0.2178444117307663,0.049744486808776855,402857,0.0094622085,0.005073613952845335,0.005050575360655785,0.0050436463207006454
79837,pgd_eps0.008_alpha0.005_iter2,0.2727272727272727,0.11363636363636366,0.9754545,44.96108339851381,0.9938130378723145,0.9772973656654358,0.2329319566488266,0.05185890197753906,402803,0.009388081,0.005036430433392525,0.004999961704015732,0.005005076993256807
21903,pgd_eps0.008_alpha0.005_iter1,1.0000000000000002,0.6666666666666669,0.98798233,45.147886809949696,0.9975388050079346,0.999268114566803,0.10450121760368347,0.025763273239135742,404436,0.009172074,0.004757274873554707,0.0046788412146270275,0.004666231106966734
564133,pgd_eps0.008_alpha0.005_iter1,0.5454545454545455,0.31818181818181823,0.98067,45.10775151187205,0.9956272840499878,0.9933589696884155,0.20237863063812256,0.05566132068634033,405160,0.009222313,0.004744686186313629,0.004728413186967373,0.004749429412186146
337055,pgd_eps0.008_alpha0.005_iter2,0.5000000000000001,0.20000000000000004,0.98555595,44.91184715726093,0.9963070154190063,0.9988747835159302,0.14718124270439148,0.04862302541732788,403513,0.009464197,0.005080304574221373,0.005032430402934551,0.0050238496623933315
110638,pgd_eps0.008_alpha0.005_iter3,1.0000000000000002,0.8181818181818181,0.9833803,44.559684664130685,0.9955787658691406,0.9982413649559021,0.15944917500019073,0.0315556526184082,400772,0.009817401,0.005178181920200586,0.005224194377660751,0.005223853513598442
34139,pgd_eps0.008_alpha0.005_iter1,0.5000000000000001,0.4000000000000001,0.98598593,45.13266664042728,0.9975229501724243,0.9988492131233215,0.10246515274047852,0.020048797130584717,404639,0.009188384,0.004721479024738073,0.004701569210737944,0.004730526357889175
80340,pgd_eps0.008_alpha0.005_iter2,0.35227272727272735,0.2923553719008265,0.9852578,44.858246635443706,0.9965060949325562,0.9985730051994324,0.14159388840198517,0.03294968605041504,403928,0.009532512,0.005126344505697489,0.005070693325251341,0.005063838325440884
83113,pgd_eps0.008_alpha0.005_iter2,1.0000000000000002,0.5454545454545455,0.98662066,44.82198391267677,0.9969403147697449,0.9988492131233215,0.1221519187092781,0.031290292739868164,404180,0.009575704,0.005113156512379646,0.005116004962474108,0.005117014050483704
173033,pgd_eps0.008_alpha0.005_iter2,1.0000000000000002,0.3333333333333334,0.97980666,44.92581740366361,0.9957354068756104,0.996979296207428,0.15462525188922882,0.021224498748779297,402052,0.009404821,0.005016081500798464,0.005042597185820341,0.005036703310906887
255664,pgd_eps0.008_alpha0.005_iter7,1.0000000000000002,0.6666666666666669,0.9892743,44.08267593918783,0.9968885183334351,0.9992550015449524,0.11920033395290375,0.02996039390563965,402097,0.010439519,0.005619783420115709,0.005666713695973158,0.005663324613124132
72813,pgd_eps0.008_alpha0.005_iter1,1.0000000000000002,0.7500000000000002,0.9811494,45.05132576859364,0.9960684180259705,0.9972843527793884,0.14641720056533813,0.02814340591430664,405230,0.009291644,0.004786909092217684,0.0047879875637590885,0.00477511715143919
545129,pgd_eps0.008_alpha0.005_iter2,1.0000000000000002,0.5000000000000001,0.9842448,44.820570332370565,0.9959803819656372,0.9989240169525146,0.1352277398109436,0.02785670757293701,403852,0.009578653,0.0051113455556333065,0.005121346563100815,0.005120578221976757
546011,pgd_eps0.008_alpha0.005_iter1,1.0000000000000002,0.909090909090909,0.9874355,45.119026426866114,0.9973409175872803,0.9994956254959106,0.12816917896270752,0.035278260707855225,405064,0.0092079025,0.004735894966870546,0.004715972114354372,0.004743513651192188
121031,pgd_eps0.008_alpha0.005_iter2,0.6363636363636365,0.5757575757575758,0.9893859,44.7358956401088,0.9970836639404297,0.9994128346443176,0.11988173425197601,0.030570149421691895,404447,0.00967812,0.005152129102498293,0.005185039713978767,0.005186864640563726
172547,pgd_eps0.008_alpha0.005_iter2,0.4545454545454546,0.27272727272727276,0.98390883,44.81040086600564,0.9962929487228394,0.9982859492301941,0.12350882589817047,0.05032503604888916,402957,0.009557546,0.005119726061820984,0.0051375688053667545,0.005105034913867712
369081,pgd_eps0.008_alpha0.005_iter1,1.0000000000000002,0.5000000000000001,0.9786079,45.106628293170814,0.9952795505523682,0.9954503774642944,0.20291468501091003,0.04707103967666626,405099,0.009221576,0.0047385492362082005,0.004732334055006504,0.004752883687615395
509131,pgd_eps0.008_alpha0.005_iter2,0.25000000000000006,0.12500000000000003,0.9743878,44.9225111974569,0.9946272373199463,0.9945675134658813,0.24458539485931396,0.04366862773895264,401126,0.009409606,0.005044736433774233,0.0050394004210829735,0.005010057240724564
578922,pgd_eps0.008_alpha0.005_iter1,0.3090909090909092,0.25000000000000006,0.9852164,45.26259617389111,0.9978160858154297,0.9983907341957092,0.04197554662823677,0.00626218318939209,402943,0.009026456,0.004726338665932417,0.004572046454995871,0.004489102400839329
464089,pgd_eps0.008_alpha0.005_iter1,0.6363636363636365,0.5606060606060608,0.9882037,45.146760250072575,0.9975293874740601,0.9992272257804871,0.09647559374570847,0.02062392234802246,404995,0.009175518,0.00471286429092288,0.004697555676102638,0.004718327429145575
453708,pgd_eps0.008_alpha0.005_iter1,0.5,0.31818181818181823,0.9802263,45.15228067334789,0.996200442314148,0.9978197813034058,0.17864477634429932,0.04465949535369873,404165,0.009154629,0.004695150535553694,0.004684747196733952,0.004720197059214115
177714,pgd_eps0.008_alpha0.005_iter23,0.15151515151515152,0.059794372294372296,0.96715814,44.10232133891117,0.9950611591339111,0.9976218938827515,0.2119390368461609,0.04468470811843872,380761,0.010261316,0.005638620350509882,0.0056148492731153965,0.00555494474247098
261116,pgd_eps0.008_alpha0.005_iter1,0.36363636363636365,0.25000000000000006,0.9827221,45.13941892270527,0.9968584775924683,0.9983109831809998,0.1336454451084137,0.02700507640838623,404933,0.009185373,0.004714461974799633,0.00470749894157052,0.004729590844362974
29640,pgd_eps0.008_alpha0.005_iter1,0.20454545454545456,0.19504495504495506,0.98384935,45.17930746183807,0.9971403479576111,0.9987133145332336,0.14115294814109802,0.02997291088104248,404669,0.009135845,0.004668510053306818,0.004663452040404081,0.004722834564745426
141328,pgd_eps0.008_alpha0.005_iter12,0.13636363636363638,0.08284992318605763,0.9845524,43.72257009749485,0.9968353509902954,0.998872697353363,0.12366946041584015,0.0323108434677124,398724,0.010927532,0.006047701463103294,0.006047822069376707,0.0058514452539384365
43314,pgd_eps0.008_alpha0.005_iter2,0.3333333333333334,0.25000000000000006,0.97631186,44.97962873772116,0.9963929057121277,0.9977620244026184,0.1460716426372528,0.03627598285675049,390842,0.009275209,0.004943205509334803,0.00494721531867981,0.004955618642270565
273715,pgd_eps0.008_alpha0.005_iter2,0.5000000000000001,0.25000000000000006,0.97537047,44.92643050998708,0.9956538677215576,0.9970616102218628,0.16416475176811218,0.028323054313659668,395850,0.009370669,0.005028197076171637,0.005005838815122843,0.005004749167710543
475064,pgd_eps0.008_alpha0.005_iter1,0.8181818181818183,0.6666666666666669,0.98112655,45.11202841681221,0.9966697692871094,0.998638927936554,0.1503795087337494,0.04520183801651001,403339,0.009202239,0.004758407361805439,0.004756309557706118,0.004681131802499294
137246,pgd_eps0.008_alpha0.005_iter1,0.5454545454545455,0.31818181818181823,0.9807577,45.08922476622888,0.9963437914848328,0.9983936548233032,0.16572625935077667,0.02932637929916382,404958,0.0092416955,0.0047472272999584675,0.004746542777866125,0.0047683496959507465
15079,pgd_eps0.008_alpha0.005_iter1,1.0000000000000002,0.5000000000000001,0.96116763,45.455809320171014,0.9962056875228882,0.9963588118553162,0.19685742259025574,0.043593525886535645,373072,0.008564439,0.0044357432052493095,0.0044233594089746475,0.004339473322033882
226147,pgd_eps0.008_alpha0.005_iter12,0.22377622377622378,0.21291866028708137,0.9792331,44.054577868521434,0.995191752910614,0.9974502921104431,0.16424384713172913,0.020900249481201172,398549,0.010475924,0.005728531628847122,0.005689807701855898,0.0056929998099803925
127517,pgd_eps0.008_alpha0.005_iter1,0.31818181818181823,0.31250000000000006,0.9867379,45.08737601231219,0.997328519821167,0.9987815618515015,0.09858594834804535,0.0313754677772522,404711,0.009241563,0.004749590065330267,0.004773326683789492,0.004726815037429333
162092,pgd_eps0.008_alpha0.005_iter1,0.22402597402597405,0.16539584153220513,0.9821129,45.164490033678135,0.9966201186180115,0.9982422590255737,0.09962336719036102,0.017923057079315186,403571,0.009144029,0.0047351764515042305,0.0046923719346523285,0.004643518477678299
366611,pgd_eps0.008_alpha0.005_iter2,0.6666666666666669,0.5000000000000001,0.99018604,44.90737417083663,0.9973835945129395,0.9991700053215027,0.10874374955892563,0.03712320327758789,404264,0.009472326,0.005042469594627619,0.005021309480071068,0.0050667221657931805
263969,pgd_eps0.008_alpha0.005_iter1,0.8863636363636365,0.8000000000000002,0.9753044,45.34916440696109,0.9977025389671326,0.9985931515693665,0.07837073504924774,0.01045924425125122,385538,0.008787263,0.004546758718788624,0.0045073735527694225,0.004465052857995033
474167,pgd_eps0.008_alpha0.005_iter1,0.5272727272727273,0.2987012987012987,0.9811787,45.11662243784365,0.9963654279708862,0.9981229901313782,0.15351110696792603,0.023030579090118408,404905,0.009208595,0.004734672140330076,0.004733869340270758,0.004719216842204332
159458,pgd_eps0.008_alpha0.005_iter1,0.5000000000000001,0.20000000000000004,0.9825153,45.078932953654615,0.9964808821678162,0.9968113899230957,0.12111926823854446,0.03627955913543701,405111,0.009258026,0.004762283060699701,0.004759058356285095,0.004768255166709423
554735,pgd_eps0.008_alpha0.005_iter2,1.0000000000000002,0.5000000000000001,0.977689,44.877231331837535,0.995301365852356,0.9966897368431091,0.1916182041168213,0.03410893678665161,401064,0.009431098,0.005061225965619087,0.00508128060027957,0.005074542015790939
386352,pgd_eps0.008_alpha0.005_iter1,0.5757575757575758,0.4710743801652893,0.98228,45.182848096889074,0.9969162344932556,0.9986909031867981,0.1505628228187561,0.03263068199157715,404766,0.009131298,0.004670970607548952,0.004660401027649641,0.004716511350125074
173004,pgd_eps0.008_alpha0.005_iter3,0.4675324675324676,0.43939393939393945,0.98482466,44.48453727209092,0.9968856573104858,0.9984671473503113,0.11852644383907318,0.02399313449859619,401116,0.009920482,0.00525114219635725,0.00530373677611351,0.0052169873379170895
311394,pgd_eps0.008_alpha0.005_iter1,1.0000000000000002,0.6666666666666669,0.9830806,45.07972687321198,0.9964861869812012,0.9977116584777832,0.1261199712753296,0.013829827308654785,405080,0.009258124,0.004761739168316126,0.004757029004395008,0.004766950383782387
578489,pgd_eps0.008_alpha0.005_iter3,0.4318181818181819,0.30769230769230776,0.97930795,44.52528091139695,0.9957890510559082,0.9973092675209045,0.14971907436847687,0.031082868576049805,399477,0.009844097,0.005231399554759264,0.005245748907327652,0.005202725995332003
189310,pgd_eps0.008_alpha0.005_iter1,1.0000000000000002,0.3333333333333334,0.9785293,45.18106109550543,0.9961657524108887,0.9966960549354553,0.13959091901779175,0.030632734298706055,400868,0.009089157,0.004685604944825172,0.004673180170357227,0.004630124196410179
491366,pgd_eps0.008_alpha0.005_iter1,0.3333333333333334,0.25000000000000006,0.9782791,45.05980205982456,0.9958049058914185,0.9972649812698364,0.15732049942016602,0.03617513179779053,405269,0.009281413,0.004775459878146648,0.004776428919285536,0.004780403804033995
448076,pgd_eps0.008_alpha0.005_iter13,0.14285714285714288,0.14141414141414144,0.977926,43.96329490860878,0.9951152205467224,0.9965042471885681,0.16794699430465698,0.024421393871307373,391994,0.010517913,0.005758709739893675,0.005758820567280054,0.005778630264103413
293804,pgd_eps0.008_alpha0.005_iter3,0.5000000000000001,0.41969696969696973,0.97380114,44.61504042765928,0.9937900900840759,0.9926881194114685,0.23028668761253357,0.05405247211456299,397385,0.009695069,0.0051465411670506,0.005175455007702112,0.005160647444427013
221291,pgd_eps0.008_alpha0.005_iter2,1.0000000000000002,0.6666666666666669,0.9739816,44.90045182979706,0.9934700727462769,0.9753327369689941,0.2843504548072815,0.04670107364654541,402793,0.009452045,0.005066143814474344,0.00505650183185935,0.005049822852015495
141821,pgd_eps0.008_alpha0.005_iter2,0.7500000000000002,0.48106060606060613,0.98521876,44.80148130249915,0.996848464012146,0.9989226460456848,0.12149809300899506,0.028963804244995117,403525,0.009591753,0.005128225311636925,0.0051302616484463215,0.005129190161824226
199310,pgd_eps0.008_alpha0.005_iter1,1.0000000000000002,0.6666666666666669,0.985285,45.15550467908923,0.9969948530197144,0.999048113822937,0.1294739842414856,0.021707355976104736,404103,0.009158437,0.004675663076341152,0.0047502596862614155,0.004643041640520096
323151,pgd_eps0.008_alpha0.005_iter1,0.6000000000000002,0.5000000000000001,0.9836958,45.20972145815064,0.9970158338546753,0.9984654188156128,0.13708831369876862,0.02292776107788086,403579,0.009080494,0.004737493582069874,0.004598612897098064,0.004591061733663082
219283,pgd_eps0.008_alpha0.005_iter1,0.3333333333333334,0.25000000000000006,0.9777207,45.11858818139453,0.995733380317688,0.9975780248641968,0.19249339401721954,0.0339890718460083,402934,0.009192711,0.004724457394331694,0.004735138267278671,0.00472631212323904
471869,pgd_eps0.008_alpha0.005_iter1,0.3333333333333334,0.25000000000000006,0.98489565,45.019206444637696,0.997260570526123,0.9987354874610901,0.09644443541765213,0.021393537521362305,405430,0.009334212,0.00480659818276763,0.0048128110356628895,0.004805151838809252
520264,pgd_eps0.008_alpha0.005_iter4,0.3522727272727273,0.3166666666666667,0.980272,44.50418961240829,0.9955993890762329,0.9960539937019348,0.16914373636245728,0.044283390045166016,396228,0.009854758,0.005351322703063488,0.005332604516297579,0.005325899925082922
111179,pgd_eps0.008_alpha0.005_iter2,1.0000000000000002,0.25000000000000006,0.97941446,44.88897988830264,0.9948858618736267,0.9964231848716736,0.18103140592575073,0.03789067268371582,402055,0.009444621,0.005061139352619648,0.00506749888882041,0.005060412455350161
151000,pgd_eps0.008_alpha0.005_iter4,0.13636363636363638,0.13402203856749315,0.9784642,44.454988679869565,0.9952231645584106,0.997315526008606,0.1926475614309311,0.04598391056060791,398675,0.009954999,0.005404817406088114,0.0053726970218122005,0.005363937001675367
100624,pgd_eps0.008_alpha0.005_iter1,0.3750000000000001,0.3000000000000001,0.9782302,45.17022446148873,0.9963432550430298,0.9981213212013245,0.17675039172172546,0.04410165548324585,402509,0.009127075,0.004724058322608471,0.004681250546127558,0.00463932566344738
332570,pgd_eps0.008_alpha0.005_iter8,0.5000000000000001,0.3750000000000001,0.9808998,44.675800039027756,0.9957899451255798,0.9957103729248047,0.1662803441286087,0.027965068817138672,381750,0.009443311,0.00508161261677742,0.005063772201538086,0.005109114572405815
57238,pgd_eps0.008_alpha0.005_iter3,0.6666666666666669,0.5000000000000001,0.97344667,44.744208835904686,0.9937233924865723,0.9914299249649048,0.23153714835643768,0.050031304359436035,397669,0.009554457,0.005072833504527807,0.005066488403826952,0.005061122123152018
135561,pgd_eps0.008_alpha0.005_iter2,0.28571428571428575,0.27272727272727276,0.9795017,44.91621671122998,0.9955943822860718,0.9966320395469666,0.17007876932621002,0.03758060932159424,403055,0.009435937,0.005038530100136995,0.005045332945883274,0.005048430059105158
8277,pgd_eps0.008_alpha0.005_iter1,0.18181818181818185,0.1393939393939394,0.9882488,45.11725515103029,0.9982233047485352,0.9990590810775757,0.04606735706329346,0.00463557243347168,403188,0.009200918,0.00475473003461957,0.00474288035184145,0.004692981485277414
173044,pgd_eps0.008_alpha0.005_iter2,1.0000000000000002,0.3333333333333334,0.98033905,44.75243228998521,0.9952133893966675,0.997604489326477,0.2046913355588913,0.04847031831741333,403573,0.009640971,0.005162085872143507,0.005155077204108238,0.005171018652617931
168458,pgd_eps0.008_alpha0.005_iter1,1.0000000000000002,0.1666666666666667,0.9812208,45.0266974083026,0.9957336187362671,0.9948211908340454,0.14399142563343048,0.02559530735015869,405303,0.009320269,0.004801956936717033,0.004812681116163731,0.004795015789568424
512194,pgd_eps0.008_alpha0.005_iter1,0.5000000000000001,0.3333333333333334,0.9861695,45.20140615011172,0.9976029396057129,0.9988782405853271,0.10091717541217804,0.029727697372436523,403617,0.009092646,0.00464696204289794,0.004664103500545025,0.004649721551686525
370042,pgd_eps0.008_alpha0.005_iter1,0.4992784992784993,0.22937062937062935,0.9832394,45.17757222654528,0.9966108798980713,0.9989389181137085,0.17753010988235474,0.04213583469390869,404696,0.009134194,0.004689724650233984,0.004663058556616306,0.00470982538536191
189436,pgd_eps0.008_alpha0.005_iter1,0.25000000000000006,0.0,0.97799987,45.04214586366039,0.9959554672241211,0.9971143007278442,0.15761083364486694,0.02191781997680664,405239,0.009302423,0.004790433216840029,0.0047951131127774715,0.004783769603818655
117645,pgd_eps0.008_alpha0.005_iter2,0.5000000000000001,0.3333333333333334,0.9732167,44.98660795831013,0.9932430982589722,0.9933341145515442,0.2554572820663452,0.06644302606582642,402607,0.00936349,0.005023502279073,0.004985278472304344,0.0049676732160151005
221708,pgd_eps0.008_alpha0.005_iter1,0.2878787878787879,0.24318181818181822,0.9826426,45.13893337785348,0.996740996837616,0.9980342984199524,0.1224563866853714,0.017948806285858154,404735,0.009181179,0.004723377525806427,0.004719625227153301,0.004694065544754267
202228,pgd_eps0.008_alpha0.005_iter1,0.5000000000000001,0.3333333333333334,0.97513485,45.081619997165404,0.994949460029602,0.9954025745391846,0.17087826132774353,0.029392123222351074,404745,0.009250965,0.004760432057082653,0.00475888978689909,0.004758565220981836
403565,pgd_eps0.008_alpha0.005_iter1,0.6666666666666669,0.5000000000000001,0.9853766,45.219960977631004,0.9969539642333984,0.9988914728164673,0.13671883940696716,0.018721938133239746,403967,0.009082739,0.004640414845198393,0.004634722135961056,0.004664313979446888
211042,pgd_eps0.008_alpha0.005_iter1,0.5000000000000001,0.25000000000000006,0.9829398,45.10286569445264,0.9965970516204834,0.9988293647766113,0.12399475276470184,0.018209099769592285,405055,0.00922809,0.004759994335472584,0.004734397400170565,0.004734640941023827
492878,pgd_eps0.008_alpha0.005_iter1,0.15454545454545457,0.14646464646464646,0.9811469,45.232518893247295,0.9974511861801147,0.9984143972396851,0.06454884260892868,0.008994817733764648,396122,0.0090037575,0.004553403705358505,0.004655494820326567,0.004638707265257835
441586,pgd_eps0.008_alpha0.005_iter2,0.3090909090909092,0.2522727272727273,0.9812875,44.79831420707774,0.9959168434143066,0.9977407455444336,0.16181227564811707,0.03356999158859253,402997,0.009574816,0.005136261694133282,0.005127950105816126,0.005120013374835253
547816,pgd_eps0.008_alpha0.005_iter2,0.3333333333333334,0.1666666666666667,0.97802305,44.824583307053544,0.9951153993606567,0.9953941106796265,0.17606493830680847,0.033211708068847656,401557,0.009499315,0.005109766032546759,0.00511406734585762,0.005101514980196953
306733,pgd_eps0.008_alpha0.005_iter1,0.2272727272727273,0.20000000000000004,0.97715616,45.05753225826624,0.9955241084098816,0.9922385811805725,0.16618876159191132,0.0523144006729126,405107,0.00928325,0.004774441476911306,0.004787514451891184,0.0047722687013447285
530099,pgd_eps0.008_alpha0.005_iter4,0.5000000000000001,0.4000000000000001,0.96975636,44.74566331365186,0.9929313659667969,0.9786553382873535,0.3091416656970978,0.07307833433151245,393196,0.009549798,0.005174205172806978,0.005169432610273361,0.005149025470018387
97679,pgd_eps0.008_alpha0.005_iter7,0.25000000000000006,0.23376623376623382,0.97951895,44.26981087071361,0.9941372275352478,0.995229959487915,0.20842953026294708,0.04142063856124878,400102,0.010194013,0.005484011024236679,0.005498830694705248,0.005497131962329149
564127,pgd_eps0.008_alpha0.005_iter1,1.0000000000000002,0.3333333333333334,0.97867554,45.06132874715489,0.9956185817718506,0.9972172975540161,0.15600886940956116,0.029734134674072266,404963,0.009276957,0.004779640585184097,0.0047728377394378185,0.004771697334945202
251065,pgd_eps0.008_alpha0.005_iter2,1.0000000000000002,0.5000000000000001,0.9775104,44.93142212937571,0.9953204989433289,0.9969512820243835,0.15630215406417847,0.031809449195861816,402121,0.009413604,0.005019739735871553,0.005042976699769497,0.005019140429794788
3845,pgd_eps0.008_alpha0.005_iter5,0.29870129870129875,0.24126559714795012,0.9812158,44.29301482481267,0.9961337447166443,0.9982293844223022,0.14091767370700836,0.02521824836730957,396353,0.010113959,0.005489469971507788,0.005445795599371195,0.005425110924988985
138819,pgd_eps0.008_alpha0.005_iter1,0.5000000000000001,0.3333333333333334,0.9841485,45.09907261873653,0.996522843837738,0.9985944032669067,0.1225200667977333,0.031342387199401855,405222,0.009234666,0.004747489001601934,0.004736997652798891,0.004758898634463549
205834,pgd_eps0.008_alpha0.005_iter1,1.0000000000000002,0.6666666666666669,0.98280597,45.07200143261799,0.996351957321167,0.9985544681549072,0.15144109725952148,0.02177518606185913,404857,0.009257588,0.004759328439831734,0.004765753634274006,0.0047698901034891605
166521,pgd_eps0.008_alpha0.005_iter2,0.3333333333333334,0.25000000000000006,0.97754717,44.82648533539201,0.9949172735214233,0.9957519769668579,0.21020618081092834,0.04067111015319824,403181,0.009548431,0.005147682968527079,0.005095639731734991,0.005081691313534975
485802,pgd_eps0.008_alpha0.005_iter3,1.0000000000000002,0.3333333333333334,0.96953416,44.75902010737944,0.9917129278182983,0.983101487159729,0.3456025719642639,0.09853088855743408,398519,0.009548444,0.005063131917268038,0.00505275372415781,0.005053128115832806
99054,pgd_eps0.008_alpha0.005_iter3,0.39393939393939403,0.24545454545454543,0.97845775,44.479905466974955,0.9946452975273132,0.9966151714324951,0.20918574929237366,0.029860615730285645,401262,0.009911113,0.005279581993818283,0.00525840325281024,0.005257828626781702
22969,pgd_eps0.008_alpha0.005_iter1,1.0000000000000002,0.5000000000000001,0.98857695,45.06736835376887,0.9975036978721619,0.9993359446525574,0.09642544388771057,0.031077325344085693,405329,0.009273122,0.004771469160914421,0.004767434671521187,0.004775262903422117
278353,pgd_eps0.008_alpha0.005_iter4,1.0000000000000002,0.1666666666666667,0.99372953,44.49077662446961,0.9984490871429443,0.9991015791893005,0.04850400239229202,0.0070517659187316895,402837,0.009959005,0.0053543089888989925,0.005362937226891518,0.005357197020202875
158548,pgd_eps0.008_alpha0.005_iter4,0.12121212121212122,0.07575757575757576,0.98594314,44.47158131537392,0.9962825775146484,0.9983140826225281,0.12588298320770264,0.03166741132736206,400026,0.009942223,0.005378989968448877,0.005370736122131348,0.00536924647167325
461405,pgd_eps0.008_alpha0.005_iter1,1.0000000000000002,0.5000000000000001,0.98555374,45.18940772470166,0.9972874522209167,0.9993205070495605,0.13752980530261993,0.028412997722625732,404712,0.009123098,0.004675975069403648,0.00465982872992754,0.004698195029050112
176606,pgd_eps0.008_alpha0.005_iter1,0.5000000000000001,0.4000000000000001,0.9887686,45.09015699250109,0.9977277517318726,0.999241828918457,0.09341654181480408,0.02443718910217285,405188,0.0092451265,0.0047617037780582905,0.0047499313950538635,0.004745314829051495
44699,pgd_eps0.008_alpha0.005_iter3,1.0000000000000002,0.47272727272727283,0.98094606,44.43197996482983,0.9946469068527222,0.9974126219749451,0.18723991513252258,0.04023927450180054,401254,0.009979512,0.005295791197568178,0.005324235185980797,0.005313832312822342
559956,pgd_eps0.008_alpha0.005_iter1,0.5454545454545455,0.4242424242424243,0.986259,45.074272142323515,0.9972988963127136,0.9990417957305908,0.10551143437623978,0.024177193641662598,405253,0.0092651835,0.004763359669595957,0.004766420461237431,0.004769346211105585
11197,pgd_eps0.008_alpha0.005_iter1,0.6181818181818183,0.5878787878787879,0.98227125,45.12334910841318,0.9962940216064453,0.9982641339302063,0.14855298399925232,0.03652912378311157,405013,0.009201447,0.004717830568552017,0.004720768425613642,0.004742286633700132
483667,pgd_eps0.008_alpha0.005_iter1,0.6666666666666669,0.5000000000000001,0.9771073,45.011859065461614,0.9951629638671875,0.9963085055351257,0.17507584393024445,0.03479814529418945,405410,0.009340045,0.004821212496608496,0.004828162025660276,0.004790327977389097
448810,pgd_eps0.008_alpha0.005_iter2,1.0000000000000002,0.20000000000000004,0.982784,44.81696412380931,0.9968332648277283,0.9982983469963074,0.1343698799610138,0.03508758544921875,402867,0.009551477,0.00513310544192791,0.005108058452606201,0.005109352059662342
724,pgd_eps0.008_alpha0.005_iter3,0.18181818181818185,0.14285714285714288,0.98081845,44.55502378989992,0.9956945776939392,0.9977005124092102,0.1741555631160736,0.03295457363128662,400745,0.009821795,0.00521171884611249,0.0052167256362736225,0.005202463828027248
51961,pgd_eps0.008_alpha0.005_iter2,1.0000000000000002,0.25000000000000006,0.98631614,44.83485450897915,0.9968355894088745,0.9989365935325623,0.13044393062591553,0.03323507308959961,402601,0.009543837,0.005087706260383129,0.00509203365072608,0.005079525522887707
375278,pgd_eps0.008_alpha0.005_iter3,0.20000000000000004,0.16161616161616166,0.97915524,44.58942611957041,0.9951300621032715,0.9973068833351135,0.19261960685253143,0.04044926166534424,401285,0.009783219,0.0051585412584245205,0.005204354412853718,0.0051794229075312614
302165,pgd_eps0.008_alpha0.005_iter1,0.4545454545454546,0.4181818181818182,0.98775536,45.15125823330333,0.9976288080215454,0.9990253448486328,0.09928932785987854,0.026866555213928223,404500,0.009164501,0.004699768498539925,0.004696476738899946,0.004714279901236296
131131,pgd_eps0.008_alpha0.005_iter2,0.5000000000000001,0.20000000000000004,0.98105353,44.92891511712322,0.9959182143211365,0.997277557849884,0.15596836805343628,0.03212791681289673,403077,0.00943482,0.005041111260652542,0.005029548890888691,0.005023374687880278
98839,pgd_eps0.008_alpha0.005_iter2,0.3333333333333334,0.22222222222222227,0.98185587,44.925441205214945,0.9962170124053955,0.998011589050293,0.1406559944152832,0.024924159049987793,403350,0.00944244,0.005050646141171455,0.005034786649048328,0.005017189309000969
402992,pgd_eps0.008_alpha0.005_iter1,0.9669421487603305,0.9624920534011444,0.9902608,45.08394318507172,0.9979633688926697,0.9994211792945862,0.08891543745994568,0.027352511882781982,405171,0.009251486,0.004753174260258675,0.004754555411636829,0.0047658770345151424
465675,pgd_eps0.008_alpha0.005_iter1,0.7727272727272729,0.13636363636363638,0.9805712,45.2048688121213,0.9959058165550232,0.9952824711799622,0.1967805027961731,0.06733697652816772,403772,0.009085277,0.004654963035136461,0.004635113291442394,0.004699019715189934
240754,pgd_eps0.008_alpha0.005_iter1,0.6363636363636365,0.0,0.984493,45.081314139140446,0.9968213438987732,0.999116837978363,0.13682293891906738,0.02767777442932129,405145,0.009254427,0.004763143137097359,0.004755379632115364,0.004765117075294256
21167,pgd_eps0.008_alpha0.005_iter2,0.6666666666666669,0.5000000000000002,0.9737511,44.91261620699527,0.9937779903411865,0.988183319568634,0.2568929195404053,0.05001652240753174,402686,0.009440474,0.0050614504143595695,0.0050516617484390736,0.005028800573199987
384468,pgd_eps0.008_alpha0.005_iter2,0.9090909090909092,0.6818181818181819,0.98769855,44.86006187605533,0.9971441030502319,0.9986181259155273,0.11940898001194,0.030851781368255615,401081,0.009476422,0.005060872528702021,0.005053367465734482,0.005048974882811308
253742,pgd_eps0.008_alpha0.005_iter2,0.2872727272727273,0.2821778389960208,0.989212,44.696821201114325,0.9973821640014648,0.9989641904830933,0.09827979654073715,0.019733428955078125,404582,0.00973038,0.005226275883615017,0.005208154208958149,0.0051680440083146095
186873,pgd_eps0.008_alpha0.005_iter4,0.27272727272727276,0.20454545454545459,0.984328,44.54736107228343,0.996697187423706,0.9983876347541809,0.12852276861667633,0.02057027816772461,397270,0.0098232515,0.005320928059518337,0.005294772796332836,0.005312466062605381
82180,pgd_eps0.008_alpha0.005_iter2,0.5000000000000001,0.20000000000000004,0.9844029,44.837591147917294,0.9965490698814392,0.9991210699081421,0.15033656358718872,0.03610682487487793,403946,0.009557554,0.005097587127238512,0.00511004077270627,0.005105765536427498
446522,pgd_eps0.008_alpha0.005_iter2,0.25000000000000006,0.18750000000000006,0.98083067,44.86274256047571,0.9960823059082031,0.9976313710212708,0.14778605103492737,0.04133647680282593,402696,0.009500762,0.005088921636343002,0.005086546763777733,0.005062050651758909
552902,pgd_eps0.008_alpha0.005_iter3,1.0000000000000002,0.5000000000000001,0.98749655,44.63562343234068,0.9964239001274109,0.9994508028030396,0.14625024795532227,0.03668910264968872,402377,0.0097369375,0.005119869019836187,0.005164700094610453,0.0051393574103713036
125405,pgd_eps0.008_alpha0.005_iter6,0.5000000000000001,0.4000000000000001,0.9854657,44.33861407748114,0.9958822131156921,0.9988405108451843,0.1555505096912384,0.03217017650604248,400582,0.010135034,0.005473306402564049,0.005480666644871235,0.005468079820275307
110211,pgd_eps0.008_alpha0.005_iter1,0.8181818181818183,0.3333333333333334,0.9829712,45.07918706760798,0.9961589574813843,0.9991284608840942,0.1850077360868454,0.04472237825393677,405148,0.009253814,0.0047660632990300655,0.004755384288728237,0.004762561991810799
16010,pgd_eps0.008_alpha0.005_iter1,0.18181818181818185,0.13636363636363638,0.9867709,45.12879440355882,0.9971283674240112,0.9984967112541199,0.11866986006498337,0.03612971305847168,404966,0.009194836,0.004726737271994352,0.004707423970103264,0.0047340597957372665
64462,pgd_eps0.008_alpha0.005_iter2,1.0000000000000002,0.5000000000000001,0.9776786,45.015540173368635,0.9952449798583984,0.9961572885513306,0.17641581594944,0.05064201354980469,402024,0.009331806,0.0049706255085766315,0.004942042753100395,0.004981028847396374
314182,pgd_eps0.008_alpha0.005_iter1,0.6212121212121214,0.27727272727272734,0.9805794,45.15089583702289,0.9963233470916748,0.997697114944458,0.16422483325004578,0.018934547901153564,404898,0.009168854,0.004712745081633329,0.004688113462179899,0.004720592405647039
248980,pgd_eps0.008_alpha0.005_iter1,0.18181818181818182,0.1377410468319559,0.98520404,45.121468208361364,0.9974192380905151,0.9990549683570862,0.11023128032684326,0.030221223831176758,405109,0.009206034,0.004738400224596262,0.004717546049505472,0.004733769688755274
68387,pgd_eps0.008_alpha0.005_iter2,0.8484848484848486,0.6363636363636365,0.97985077,44.93428217148406,0.9958226680755615,0.9978842735290527,0.15844181180000305,0.031016409397125244,401776,0.009392126,0.005042269825935364,0.005021241959184408,0.005023176781833172
345466,pgd_eps0.008_alpha0.005_iter5,0.4696969696969698,0.44444444444444453,0.98204327,44.325795776971695,0.9959497451782227,0.9983392953872681,0.14034119248390198,0.032644450664520264,397067,0.010080728,0.005420878995209932,0.005422518122941256,0.005440973211079836
352900,pgd_eps0.008_alpha0.005_iter2,0.5227272727272728,0.47272727272727283,0.98084015,44.879767167756874,0.9960560202598572,0.9980828762054443,0.16706320643424988,0.032018959522247314,402650,0.009477852,0.005122666247189045,0.005065696779638529,0.005008846055716276
118367,pgd_eps0.008_alpha0.005_iter3,0.25000000000000006,0.22222222222222227,0.9780349,44.71875089689752,0.9946677684783936,0.9962486624717712,0.21956978738307953,0.03791993856430054,399878,0.009621334,0.00508191529661417,0.0050918543711304665,0.005078391637653112
113235,pgd_eps0.008_alpha0.005_iter9,0.25000000000000006,0.22222222222222227,0.98619205,43.90789213930933,0.9961888790130615,0.9982764720916748,0.13327154517173767,0.03322446346282959,401229,0.010683769,0.0057988641783595085,0.005825736094266176,0.0058090477250516415
311303,pgd_eps0.008_alpha0.005_iter2,0.5909090909090909,0.5492424242424243,0.98020405,44.85303013496538,0.9956748485565186,0.9977855086326599,0.16612011194229126,0.035506367683410645,402501,0.009502082,0.0050812531262636185,0.00509160291403532,0.005067601799964905
163640,pgd_eps0.008_alpha0.005_iter2,0.7500000000000002,0.4285714285714287,0.9861457,44.79636227383718,0.9966618418693542,0.9986922740936279,0.12297303974628448,0.02889108657836914,403958,0.009598244,0.0051126182079315186,0.0051437909714877605,0.00513867475092411
1490,pgd_eps0.008_alpha0.005_iter3,0.5000000000000001,0.3333333333333334,0.9783938,44.5760554913743,0.9935864806175232,0.9910106658935547,0.27963435649871826,0.12680447101593018,401895,0.009806678,0.005179994739592075,0.005196805577725172,0.005202132277190685
329456,pgd_eps0.008_alpha0.005_iter1,0.20000000000000004,0.1666666666666667,0.9811001,45.1453230792196,0.9963518381118774,0.9984245896339417,0.15069511532783508,0.04249387979507446,402786,0.009158059,0.004684738349169493,0.004675732459872961,0.004747133702039719
570471,pgd_eps0.008_alpha0.005_iter18,0.18181818181818185,0.14860139860139862,0.9772239,43.928774459519175,0.9957761764526367,0.9977096319198608,0.17684882879257202,0.025805890560150146,395345,0.010614735,0.005828889086842537,0.005777465179562569,0.0057831574231386185
88269,pgd_eps0.008_alpha0.005_iter2,1.0000000000000002,0.7500000000000002,0.98178655,44.863942551331995,0.99604332447052,0.998387336730957,0.1436927765607834,0.027183830738067627,402028,0.009487626,0.005110421683639288,0.005109644494950771,0.004977358505129814
260470,pgd_eps0.008_alpha0.005_iter4,0.17424242424242425,0.04066985645933015,0.98014736,44.39694566193712,0.9958183169364929,0.9984648823738098,0.17481717467308044,0.03181427717208862,398286,0.010023327,0.00547022745013237,0.005427649710327387,0.0053519196808338165
193494,pgd_eps0.008_alpha0.005_iter1,1.0000000000000002,0.0,0.98458886,45.0719734378208,0.9967799186706543,0.999127209186554,0.13779085874557495,0.023755311965942383,405001,0.009265483,0.004766358993947506,0.0047635529190301895,0.0047724805772304535
252776,pgd_eps0.008_alpha0.005_iter1,0.3333333333333334,0.22727272727272724,0.97777575,45.082235974323325,0.9956976771354675,0.9973451495170593,0.18377259373664856,0.034687161445617676,405186,0.009251758,0.004758738446980715,0.004751157946884632,0.004765691701322794
201072,pgd_eps0.008_alpha0.005_iter1,0.9727272727272729,0.875,0.98242337,45.169797298251304,0.9965592622756958,0.9987320899963379,0.1584596186876297,0.02407526969909668,404800,0.00914609,0.004689840134233236,0.004677392542362213,0.004714126233011484
18150,pgd_eps0.008_alpha0.005_iter2,0.5090909090909091,0.3560606060606061,0.98290116,44.828179383077355,0.9963602423667908,0.9982079267501831,0.12289181351661682,0.032330870628356934,402730,0.009538596,0.005112141370773315,0.005108596291393042,0.005105993710458279
337498,pgd_eps0.008_alpha0.005_iter2,0.5000000000000001,0.47272727272727283,0.9835264,44.85269028415796,0.9970241785049438,0.9986564517021179,0.11879695951938629,0.02130824327468872,398705,0.009478297,0.005088337697088718,0.005062358919531107,0.005016690585762262
518770,pgd_eps0.008_alpha0.005_iter2,0.4318181818181819,0.2820512820512821,0.9788111,44.90687325212078,0.9951860904693604,0.9973986148834229,0.18754491209983826,0.03074932098388672,403380,0.009462715,0.005058011505752802,0.00505346292629838,0.005042282398790121
201646,pgd_eps0.008_alpha0.005_iter5,0.25000000000000006,0.22222222222222227,0.97593474,44.53784317109289,0.9940834045410156,0.9920370578765869,0.20916518568992615,0.05844372510910034,391473,0.009764738,0.005266943946480751,0.005258892197161913,0.005257060751318932
36936,pgd_eps0.008_alpha0.005_iter7,0.28181818181818186,0.26331890331890334,0.9787493,44.113436086709534,0.9942821264266968,0.9969958662986755,0.200400248169899,0.04171884059906006,397573,0.010365996,0.005628300830721855,0.005614835768938065,0.005609020125120878
59044,pgd_eps0.008_alpha0.005_iter2,0.14935064935064934,0.09996392496392496,0.97918415,44.94194882378737,0.9956321716308594,0.996726930141449,0.18238991498947144,0.04396718740463257,402973,0.009411692,0.0050568412989377975,0.0050207399763166904,0.005005769897252321
172946,pgd_eps0.008_alpha0.005_iter9,0.12121212121212122,0.1189164370982553,0.9782006,44.202951798099186,0.994623601436615,0.9971871376037598,0.20773538947105408,0.039592623710632324,398701,0.010275065,0.005578772630542517,0.00555279478430748,0.005543655715882778
234607,pgd_eps0.008_alpha0.005_iter2,0.6818181818181819,0.34090909090909094,0.97826934,44.82265168286212,0.9956313967704773,0.9973636269569397,0.16499723494052887,0.029179811477661133,402223,0.009536114,0.005104092415422201,0.0051083373837172985,0.005123579408973455
532690,pgd_eps0.008_alpha0.005_iter2,0.21212121212121215,0.07272727272727272,0.98245907,44.86938370443663,0.9958040118217468,0.9976615905761719,0.12280315160751343,0.020195722579956055,402859,0.00950632,0.005081294570118189,0.005077412351965904,0.005068906117230654
323895,pgd_eps0.008_alpha0.005_iter4,0.7727272727272729,0.3454545454545455,0.97935987,44.58820819459237,0.9945594072341919,0.9966084361076355,0.1671914905309677,0.036026597023010254,399280,0.00979417,0.005275069270282984,0.005283169914036989,0.00527935428544879
384670,pgd_eps0.008_alpha0.005_iter3,0.6666666666666669,0.5000000000000001,0.9795168,44.70305636224772,0.9942771792411804,0.9975734353065491,0.16913676261901855,0.034979939460754395,399599,0.00962898,0.0050798701122403145,0.005105162970721722,0.00510833878070116
50326,pgd_eps0.008_alpha0.005_iter1,0.3333333333333334,0.25000000000000006,0.98004276,45.10709685488188,0.9959666728973389,0.9980705380439758,0.16519200801849365,0.03616821765899658,405048,0.00922222,0.004742049146443605,0.004735556896775961,0.004746769554913044
205542,pgd_eps0.008_alpha0.005_iter2,1.0000000000000002,0.3333333333333334,0.98655516,44.899840544910376,0.9969980120658875,0.9992246627807617,0.1319369226694107,0.020489037036895752,404152,0.009488032,0.005052411463111639,0.005053685978055,0.00505632720887661
217957,pgd_eps0.008_alpha0.005_iter2,1.0000000000000002,0.3333333333333334,0.98714334,44.896985024118564,0.9971318244934082,0.9986593127250671,0.12141908705234528,0.02686452865600586,397127,0.009369161,0.004989280831068754,0.00499559985473752,0.0049941660836339
162035,pgd_eps0.008_alpha0.005_iter2,0.4545454545454546,0.2787878787878788,0.9817752,44.89693537530898,0.9958553314208984,0.9979336261749268,0.15627004206180573,0.04057443141937256,403330,0.009478889,0.005052167922258377,0.0050636339001357555,0.005055888090282679
415727,pgd_eps0.008_alpha0.005_iter1,0.20000000000000004,0.1666666666666667,0.98358136,45.12176342248164,0.9972047805786133,0.9986656308174133,0.11977685987949371,0.023432910442352295,404932,0.009204498,0.0047286455519497395,0.004723968915641308,0.004730870947241783
46252,pgd_eps0.008_alpha0.005_iter4,1.0000000000000002,0.6250000000000002,0.98995763,44.43871279568743,0.9967435598373413,0.9989696741104126,0.10735176503658295,0.025902271270751953,402152,0.0100111095,0.00538376159965992,0.005418313667178154,0.005394201725721359
182021,pgd_eps0.008_alpha0.005_iter4,0.21212121212121215,0.1623376623376624,0.9720107,44.672865701218214,0.9928752183914185,0.9940973520278931,0.3055567145347595,0.08807873725891113,396053,0.0096603045,0.005228393245488405,0.005211785435676575,0.005220973864197731
90284,pgd_eps0.008_alpha0.005_iter2,1.0000000000000002,0.6666666666666669,0.9792926,44.93789834779696,0.9960818290710449,0.9967483282089233,0.11363561451435089,0.010163187980651855,399489,0.00931617,0.005018332973122597,0.005024238023906946,0.005029901396483183
286553,pgd_eps0.008_alpha0.005_iter8,0.3535353535353536,0.3438934802571167,0.9804477,44.130404253359984,0.9952012896537781,0.997014045715332,0.1686663180589676,0.037245988845825195,397665,0.010367291,0.005654564127326012,0.005635726265609264,0.005642905365675688
488736,pgd_eps0.008_alpha0.005_iter2,1.0000000000000002,0.3333333333333334,0.98806095,44.61944771028161,0.9972295165061951,0.9989124536514282,0.10403075814247131,0.035803794860839844,404463,0.009822535,0.005249944981187582,0.005260172300040722,0.005289661698043346
63602,pgd_eps0.008_alpha0.005_iter1,0.5000000000000001,0.4000000000000001,0.9761589,45.121456732777574,0.995212733745575,0.9944285154342651,0.1945863962173462,0.04550313949584961,404887,0.009204293,0.004730247426778078,0.0047258036211133,0.004727538675069809
383386,pgd_eps0.008_alpha0.005_iter1,0.5000000000000001,0.22727272727272724,0.9871424,45.07360894326184,0.99717777967453,0.9987324476242065,0.11110591143369675,0.028934001922607422,405274,0.009264272,0.004763230215758085,0.0047646560706198215,0.0047719962894916534
450686,pgd_eps0.008_alpha0.005_iter4,1.0000000000000002,0.6666666666666669,0.9757182,44.66271455944607,0.9939061403274536,0.9956755638122559,0.17999669909477234,0.02234506607055664,398489,0.0097112395,0.005228089634329081,0.005219744984060526,0.0052090417593717575
5060,pgd_eps0.008_alpha0.005_iter1,0.5000000000000001,0.25000000000000006,0.98704714,45.16738299314595,0.9973310828208923,0.9985813498497009,0.10123030841350555,0.01652967929840088,404756,0.00914914,0.00469744810834527,0.004690556321293116,0.004693908616900444
286523,pgd_eps0.008_alpha0.005_iter1,1.0000000000000002,0.5000000000000001,0.98246664,45.119083221585356,0.9970921874046326,0.9980049729347229,0.12352491915225983,0.026524901390075684,404339,0.0091996435,0.004717955365777016,0.004715267568826675,0.004746324848383665
120420,pgd_eps0.008_alpha0.005_iter3,0.3090909090909092,0.1988636363636364,0.9869078,44.36119301325124,0.99699866771698,0.9989238381385803,0.11978274583816528,0.026539921760559082,402923,0.010088519,0.005342441610991955,0.0053702061995863914,0.005374832544475794
579655,pgd_eps0.008_alpha0.005_iter3,0.3333333333333334,0.31980519480519487,0.974387,44.827898272539926,0.9951823949813843,0.997286319732666,0.21325382590293884,0.06653690338134766,390025,0.009413718,0.004984055180102587,0.004959962796419859,0.004961057100445032
117908,pgd_eps0.008_alpha0.005_iter3,0.6136363636363638,0.44155844155844165,0.97589475,44.596973975404055,0.9943723082542419,0.9962539076805115,0.22438190877437592,0.040712177753448486,397939,0.009727769,0.005159749183803797,0.0051702288910746574,0.005195739679038525
218362,pgd_eps0.008_alpha0.005_iter1,0.18181818181818182,0.0,0.9739633,45.307437334313335,0.996300458908081,0.9973934292793274,0.16387812793254852,0.029363274574279785,393474,0.008891546,0.0046010930091142654,0.004565489944070578,0.004497078247368336
213224,pgd_eps0.008_alpha0.005_iter1,0.7878787878787881,0.5454545454545456,0.9818425,45.08607741778779,0.9965245723724365,0.9984086751937866,0.1411052942276001,0.022872328758239746,405026,0.009248267,0.004751995671540499,0.00476309098303318,0.004753720480948687
297578,pgd_eps0.008_alpha0.005_iter2,0.5000000000000001,0.4872727272727273,0.9732046,45.006033255072,0.9947509765625,0.9961023926734924,0.25608906149864197,0.056333065032958984,396081,0.009281272,0.004975511226803064,0.004942979663610458,0.004947373177856207
458992,pgd_eps0.008_alpha0.005_iter3,0.4000000000000001,0.28571428571428575,0.98239547,44.428198142263106,0.9962295293807983,0.9979691505432129,0.12846873700618744,0.029785633087158203,399835,0.009960146,0.005287751089781523,0.005323326680809259,0.005299759097397327
164602,pgd_eps0.008_alpha0.005_iter2,0.25000000000000006,0.1666666666666667,0.9806397,44.87874878227133,0.9958844184875488,0.9975146651268005,0.14336423575878143,0.031801462173461914,402348,0.0094666695,0.00508519122377038,0.005067057441920042,0.005062893033027649
440475,pgd_eps0.008_alpha0.005_iter1,0.2454545454545455,0.17931818181818185,0.9827817,45.14834876073629,0.9967994689941406,0.9983734488487244,0.13771511614322662,0.036673545837402344,404829,0.009172248,0.00472157122567296,0.004711245186626911,0.004684480372816324
101762,pgd_eps0.008_alpha0.005_iter4,0.5000000000000001,0.3750000000000001,0.98174995,44.54567778974319,0.995489776134491,0.9977619051933289,0.14577481150627136,0.03120291233062744,400627,0.009879161,0.0053021530620753765,0.005317747592926025,0.005327500868588686
557501,pgd_eps0.008_alpha0.005_iter1,1.0000000000000002,0.3333333333333334,0.9796404,45.08982565415075,0.9963228106498718,0.997444748878479,0.1318540722131729,0.03122776746749878,405225,0.0092461,0.004751978442072868,0.004748919978737831,0.004758818075060844
203317,pgd_eps0.008_alpha0.005_iter1,1.0000000000000002,0.5000000000000001,0.9875106,45.07181222324882,0.9977229833602905,0.9990283250808716,0.07527586817741394,0.015605330467224121,405234,0.009270395,0.0047799525782465935,0.00476113660261035,0.004761776886880398
368940,pgd_eps0.008_alpha0.005_iter1,1.0000000000000002,0.5000000000000001,0.9798314,45.08009917199974,0.9959362745285034,0.9958134889602661,0.15775686502456665,0.033728957176208496,405213,0.009256156,0.004755066242069006,0.004769298247992992,0.00476132333278656
569917,pgd_eps0.008_alpha0.005_iter4,0.25000000000000006,0.22222222222222227,0.98159385,44.49859346141331,0.9951755404472351,0.9971282482147217,0.14800435304641724,0.029265761375427246,397853,0.009890777,0.005349399987608194,0.005346720106899738,0.005360458977520466
144798,pgd_eps0.008_alpha0.005_iter6,0.5000000000000001,0.37037037037037046,0.97162986,44.448693762241085,0.992906928062439,0.9868836998939514,0.25679832696914673,0.07129961252212524,389198,0.00986807,0.005380687303841114,0.005388178396970034,0.005391367245465517
284623,pgd_eps0.008_alpha0.005_iter1,0.38636363636363646,0.3333333333333334,0.98289806,45.0617402937091,0.9962314367294312,0.99840247631073,0.15266381204128265,0.029497802257537842,405239,0.009279643,0.0047739846631884575,0.0047746989876031876,0.004775347653776407
520301,pgd_eps0.008_alpha0.005_iter1,1.0000000000000002,0.5000000000000001,0.9828544,45.06062301796953,0.9967119097709656,0.9982544779777527,0.12832915782928467,0.01987743377685547,404936,0.009275382,0.004771524108946323,0.004776455461978912,0.004772284533828497
63740,pgd_eps0.008_alpha0.005_iter1,0.5974025974025975,0.45619834710743806,0.9827483,45.10279249731978,0.9969261884689331,0.9984525442123413,0.12414374947547913,0.025109291076660156,405053,0.009227709,0.004748576786369085,0.0047524659894406796,0.004727362655103207
36494,pgd_eps0.008_alpha0.005_iter3,0.16883116883116886,0.15147928994082843,0.98051,44.45148383922911,0.9966350793838501,0.9985356330871582,0.1492915153503418,0.029895782470703125,393629,0.009880862,0.0052929953671991825,0.005258230492472649,0.005186521448194981
210032,pgd_eps0.008_alpha0.005_iter6,0.13636363636363638,0.12467532467532469,0.98094916,44.29789737672729,0.9951654672622681,0.9983153343200684,0.19058455526828766,0.028624892234802246,398646,0.010157573,0.005495850462466478,0.005504041910171509,0.005508375354111195
488270,pgd_eps0.008_alpha0.005_iter1,1.0000000000000002,0.5000000000000001,0.9741873,45.07059912371208,0.994356632232666,0.9845680594444275,0.22815574705600739,0.06469547748565674,405193,0.009267891,0.004765782505273819,0.004763520788401365,0.004779602866619825
67180,pgd_eps0.008_alpha0.005_iter1,0.5000000000000001,0.3333333333333334,0.98927236,45.05238430383184,0.997458815574646,0.9992382526397705,0.09818919748067856,0.0248754620552063,405260,0.009291681,0.004786310717463493,0.004785837605595589,0.004773513879626989
281179,pgd_eps0.008_alpha0.005_iter1,0.3333333333333334,0.1931818181818182,0.98208976,45.207755878891376,0.9968041777610779,0.9984890222549438,0.12905509769916534,0.03295665979385376,404443,0.009103671,0.0047282385639846325,0.004721182398498058,0.004502525553107262
64359,pgd_eps0.008_alpha0.005_iter2,1.0000000000000002,0.6666666666666669,0.9813471,44.874760529670404,0.9955190420150757,0.9983751177787781,0.17111966013908386,0.040545105934143066,403877,0.009510625,0.0051062582060694695,0.005064031109213829,0.005064074881374836
126226,pgd_eps0.008_alpha0.005_iter1,0.18181818181818185,0.1272727272727273,0.9831483,45.10212989748598,0.9966828227043152,0.9976376295089722,0.11536303907632828,0.028061211109161377,404292,0.009222727,0.004739223048090935,0.004756772890686989,0.004727326799184084
190923,pgd_eps0.008_alpha0.005_iter1,0.6363636363636365,0.3179063360881543,0.9852856,45.11719170984142,0.9973753690719604,0.9990286827087402,0.11364372074604034,0.02321648597717285,405165,0.00921117,0.00473098224028945,0.004719995893537998,0.004749641288071871
150265,pgd_eps0.008_alpha0.005_iter3,0.5454545454545455,0.4285714285714287,0.9808753,44.60240354590279,0.9954341650009155,0.9974738955497742,0.14758449792861938,0.022841572761535645,401609,0.00977608,0.005160029511898756,0.005186386872082949,0.005154372658580542
216739,pgd_eps0.008_alpha0.005_iter3,0.6818181818181819,0.1818181818181818,0.9757419,44.612061039203546,0.9938322305679321,0.9833126664161682,0.2505332827568054,0.037372469902038574,400117,0.009745872,0.005144953727722168,0.005179034546017647,0.005181670654565096
38048,pgd_eps0.008_alpha0.005_iter3,0.5000000000000001,0.35714285714285726,0.97844535,44.60608443326265,0.9944988489151001,0.9961428642272949,0.22258484363555908,0.03284120559692383,401200,0.009761969,0.005164721980690956,0.0051694405265152454,0.00516923563554883
525155,pgd_eps0.008_alpha0.005_iter2,0.5000000000000001,0.20000000000000004,0.97501445,44.88276107966427,0.9938732981681824,0.9923304915428162,0.2750704884529114,0.051643967628479004,402664,0.009471745,0.005065495148301125,0.0050712330266833305,0.005070508923381567
163314,pgd_eps0.008_alpha0.005_iter2,0.13636363636363638,0.0892623716153128,0.98242587,44.94304362598251,0.9965466260910034,0.9984560012817383,0.16536563634872437,0.053661346435546875,403121,0.009416378,0.00506781879812479,0.005017794203013182,0.004991175141185522
259571,pgd_eps0.008_alpha0.005_iter3,0.5151515151515152,0.29844155844155845,0.9774504,44.59113107419344,0.9944384098052979,0.9970540404319763,0.23012828826904297,0.04906761646270752,400827,0.0097743245,0.005161571316421032,0.0051781549118459225,0.005194938275963068
153529,pgd_eps0.008_alpha0.005_iter1,0.590909090909091,0.5090909090909091,0.9855539,45.15411607819079,0.9970811605453491,0.9985530376434326,0.11009491980075836,0.017360985279083252,404911,0.009163664,0.004688472021371126,0.004710258916020393,0.004709640052169561
473015,pgd_eps0.008_alpha0.005_iter2,0.2727272727272727,0.13636363636363635,0.97932726,44.90251031190897,0.9951646327972412,0.9969080686569214,0.2043243646621704,0.06303411722183228,402438,0.009445656,0.005090413149446249,0.005042877048254013,0.005011952947825193
379800,pgd_eps0.008_alpha0.005_iter1,0.6060606060606061,0.5227272727272728,0.9879918,45.11135927843027,0.997584342956543,0.9990518689155579,0.08941825479269028,0.023409545421600342,404939,0.009218125,0.004744143690913916,0.004731584340333939,0.004727743100374937
253835,pgd_eps0.008_alpha0.005_iter3,0.43939393939393945,0.3636363636363637,0.9830875,44.537948641885336,0.9955142736434937,0.9974517226219177,0.13834822177886963,0.02908271551132202,402510,0.009863189,0.005202963948249817,0.005231390707194805,0.005233977921307087
36861,pgd_eps0.008_alpha0.005_iter1,1.0000000000000002,0.09090909090909093,0.9852297,45.08269996891596,0.996874213218689,0.9984920024871826,0.10777165740728378,0.018215954303741455,405024,0.00925316,0.004750339780002832,0.004755400121212006,0.004770203959196806
569565,pgd_eps0.008_alpha0.005_iter1,1.0000000000000002,0.5000000000000001,0.9850416,45.13460515579952,0.996799111366272,0.998881995677948,0.1419261395931244,0.03377711772918701,405020,0.009189591,0.004726744722574949,0.004715706221759319,0.0047141206450760365
205647,pgd_eps0.008_alpha0.005_iter2,1.0000000000000002,0.11111111111111109,0.9790838,44.84278941898283,0.9945792555809021,0.9962418675422668,0.2175200879573822,0.05040287971496582,402807,0.009520267,0.005079310387372971,0.00510324677452445,0.005105987191200256
460841,pgd_eps0.008_alpha0.005_iter1,0.5000000000000001,0.3333333333333334,0.97571856,45.1057687854353,0.9948615431785583,0.9942441582679749,0.2204003930091858,0.04839730262756348,405072,0.009223767,0.004742179997265339,0.004728343337774277,0.0047568525187671185
123131,pgd_eps0.008_alpha0.005_iter1,0.13636363636363635,0.0909090909090909,0.9799455,45.245998087520896,0.995692253112793,0.9926329851150513,0.19671238958835602,0.04608184099197388,403300,0.00903556,0.004745100624859333,0.004649565555155277,0.0044545624405145645
334006,pgd_eps0.008_alpha0.005_iter2,0.6363636363636365,0.5090909090909091,0.9834068,44.8028932086197,0.9960529208183289,0.9985985159873962,0.15699276328086853,0.036778807640075684,404157,0.0096012475,0.005115895997732878,0.005133539903908968,0.005145982373505831
511599,pgd_eps0.008_alpha0.005_iter2,0.18831168831168835,0.17125803489439853,0.9855218,44.83470823017542,0.9965164065361023,0.99863201379776,0.12171019613742828,0.025422215461730957,403793,0.009557336,0.005126274656504393,0.005092712119221687,0.005090898834168911
519764,pgd_eps0.008_alpha0.005_iter1,0.3333333333333334,0.25000000000000006,0.976049,45.18769261898075,0.9957618713378906,0.9969385266304016,0.17367811501026154,0.031827569007873535,404178,0.009120826,0.00470021553337574,0.004719925578683615,0.004605759866535664
137576,pgd_eps0.008_alpha0.005_iter1,0.36363636363636365,0.21212121212121215,0.99119014,45.092386888451,0.9981781840324402,0.9992743730545044,0.06006696820259094,0.00829935073852539,405069,0.009242489,0.004738918039947748,0.004756273701786995,0.004757035057991743
87470,pgd_eps0.008_alpha0.005_iter2,0.4848484848484849,0.4761904761904763,0.9851523,44.82680464257527,0.99663245677948,0.9987560510635376,0.13067834079265594,0.03209686279296875,404031,0.009569896,0.005140632390975952,0.005103749688714743,0.005098078399896622
9769,pgd_eps0.008_alpha0.005_iter1,0.7878787878787881,0.590909090909091,0.9888455,45.03966536149538,0.9975748062133789,0.9992567300796509,0.10116390138864517,0.0263480544090271,405275,0.009305906,0.004792116116732359,0.00479762302711606,0.004780508112162352
558114,pgd_eps0.008_alpha0.005_iter1,0.27272727272727276,0.25507920110192844,0.9855439,45.137525294054925,0.9973763227462769,0.9987946152687073,0.1098405197262764,0.024428844451904297,404904,0.0091884425,0.0047448258846998215,0.004670105874538422,0.004729237407445908
163257,pgd_eps0.008_alpha0.005_iter1,0.5000000000000001,0.20000000000000004,0.9777391,45.21160779246526,0.9959144592285156,0.9970275163650513,0.17252686619758606,0.021096885204315186,401871,0.009073319,0.004662550985813141,0.004634410608559847,0.004681162070482969
475678,pgd_eps0.008_alpha0.005_iter2,0.8181818181818183,0.42597402597402595,0.98459595,44.86216773066605,0.9971656203269958,0.9983593821525574,0.11402852833271027,0.024609625339508057,402845,0.009496572,0.00507998326793313,0.00507957860827446,0.005076087079942226
85478,pgd_eps0.008_alpha0.005_iter1,1.0000000000000002,0.5000000000000001,0.982629,45.047301454765375,0.9962794184684753,0.998866856098175,0.17537668347358704,0.03323674201965332,405253,0.009295567,0.004784942604601383,0.004790036473423243,0.004785064607858658
318080,pgd_eps0.008_alpha0.005_iter2,1.0000000000000002,0.27272727272727276,0.98686546,44.88848482645081,0.9967800378799438,0.9991178512573242,0.12752054631710052,0.03909599781036377,404171,0.009509465,0.005036835093051195,0.0050824228674173355,0.005070407874882221
361551,pgd_eps0.008_alpha0.005_iter1,0.4772727272727273,0.3242424242424243,0.9809169,45.15976333586497,0.9962865114212036,0.9980396628379822,0.14239072799682617,0.02347266674041748,404925,0.009159168,0.004699198063462973,0.004683251027017832,0.004720695782452822
236784,pgd_eps0.008_alpha0.005_iter1,1.0000000000000002,0.0,0.98719114,45.11105039866435,0.9976043105125427,0.9974627494812012,0.10356485843658447,0.03156912326812744,405130,0.009222824,0.004738942254334688,0.00472736032679677,0.00474796537309885
92839,pgd_eps0.008_alpha0.005_iter2,1.0000000000000002,0.3333333333333334,0.9837044,44.86965056427425,0.9962784647941589,0.9983475208282471,0.1387302726507187,0.030223429203033447,403321,0.009511231,0.005048906430602074,0.005083333235234022,0.005090098828077316
42296,pgd_eps0.008_alpha0.005_iter2,0.8181818181818183,0.6666666666666669,0.9840068,44.89319272269813,0.9961225986480713,0.9986164569854736,0.1593666672706604,0.027514338493347168,403494,0.009485,0.005050212144851685,0.005064170341938734,0.0050694686360657215
560266,pgd_eps0.008_alpha0.005_iter3,1.0000000000000002,0.5000000000000001,0.9858411,44.62266293237212,0.9959709048271179,0.9991033673286438,0.16451534628868103,0.038893699645996094,402084,0.009758854,0.0051411716267466545,0.005161122884601355,0.005172731354832649
486479,pgd_eps0.008_alpha0.005_iter3,0.5000000000000001,0.3333333333333334,0.98125654,44.63928249165404,0.9956591129302979,0.9983207583427429,0.1612393856048584,0.03419381380081177,397417,0.009671155,0.0051409523002803326,0.005142719019204378,0.0051469821482896805
127955,pgd_eps0.008_alpha0.005_iter3,1.0000000000000002,0.3333333333333334,0.9851473,44.62329267090037,0.9954516887664795,0.9985570311546326,0.16825848817825317,0.048520028591156006,402693,0.009763881,0.005131010431796312,0.00515748793259263,0.0051840865053236485
417465,pgd_eps0.008_alpha0.005_iter1,1.0000000000000002,0.0,0.98249626,45.10744349916536,0.9960092902183533,0.9983766078948975,0.16468468308448792,0.0314900279045105,404375,0.009215771,0.00473692687228322,0.004736221861094236,0.00474165752530098
342971,pgd_eps0.008_alpha0.005_iter3,1.0000000000000002,0.6666666666666669,0.97515136,44.53894549462859,0.9928511381149292,0.9660788774490356,0.28370341658592224,0.04984784126281738,399933,0.009830762,0.005203121807426214,0.005225086584687233,0.005234606098383665
11760,pgd_eps0.008_alpha0.005_iter2,1.0000000000000002,0.5000000000000001,0.98860836,44.87817945154559,0.9969600439071655,0.9993427991867065,0.13568052649497986,0.04135096073150635,404151,0.009512124,0.005099581554532051,0.005059723276644945,0.005045433063060045
69106,pgd_eps0.008_alpha0.005_iter2,0.7272727272727274,0.3636363636363637,0.98400337,44.907453343950614,0.9960261583328247,0.9988595843315125,0.16089361906051636,0.03796076774597168,404210,0.009481951,0.005049718543887138,0.005051470827311277,0.005061916075646877
70158,pgd_eps0.008_alpha0.005_iter3,0.6363636363636365,0.3333333333333334,0.9873615,44.513507697493885,0.9963784217834473,0.9991974830627441,0.14279021322727203,0.030244767665863037,402043,0.009892511,0.005193429999053478,0.005250728223472834,0.005257167853415012
176634,pgd_eps0.008_alpha0.005_iter1,1.0000000000000002,0.0,0.9881146,45.1212151834804,0.9978122711181641,0.9992519617080688,0.09629933536052704,0.02979564666748047,404941,0.00920599,0.004713078495115042,0.004717462230473757,0.004747293423861265
281447,pgd_eps0.008_alpha0.005_iter3,0.18181818181818182,0.13636363636363635,0.98245186,44.43840573947991,0.9954721331596375,0.9985601902008057,0.1699012815952301,0.03628396987915039,401496,0.00996938,0.0052723647095263,0.0053187827579677105,0.005316651426255703
552371,pgd_eps0.008_alpha0.005_iter1,0.5454545454545455,0.18181818181818185,0.9837427,45.12435312109163,0.9968134760856628,0.9989098906517029,0.13627555966377258,0.029684484004974365,403478,0.009189043,0.004726708400994539,0.0047249821946024895,0.0047080605290830135
361919,pgd_eps0.008_alpha0.005_iter1,0.2090909090909091,0.2027972027972028,0.97892827,45.06686425329602,0.9953889846801758,0.9961434006690979,0.19284716248512268,0.04699552059173584,405212,0.009273317,0.004767687059938908,0.0047655608505010605,0.004781303461641073
138115,pgd_eps0.008_alpha0.005_iter1,1.0000000000000002,0.7500000000000002,0.9766863,45.15968180370287,0.9958491325378418,0.9970398545265198,0.17293046414852142,0.022082269191741943,404005,0.009155668,0.004657245706766844,0.00472641596570611,0.004706861451268196
114871,pgd_eps0.008_alpha0.005_iter2,0.5000000000000001,0.3333333333333334,0.9746075,44.89551399888417,0.99409019947052,0.9907308220863342,0.24210800230503082,0.043328821659088135,402554,0.009458779,0.0050451625138521194,0.0050660790875554085,0.005067925434559584
374369,pgd_eps0.008_alpha0.005_iter1,1.0000000000000002,0.6666666666666669,0.9714708,45.02641488970335,0.9938108325004578,0.9867560267448425,0.2524290978908539,0.060782432556152344,405320,0.009321126,0.004797560162842274,0.004814846441149712,0.004790554288774729
123213,pgd_eps0.008_alpha0.005_iter3,0.690909090909091,0.5303423848878396,0.979479,44.362278327350964,0.9947301745414734,0.9980013370513916,0.18842729926109314,0.04725348949432373,401666,0.010069264,0.005350356921553612,0.005371800158172846,0.005367256235331297
357742,pgd_eps0.008_alpha0.005_iter1,1.0000000000000002,0.5000000000000001,0.97793037,45.14814628997503,0.995429277420044,0.9882190823554993,0.19486470520496368,0.047012925148010254,404882,0.009170968,0.004706231877207756,0.004689468536525965,0.004729655105620623
439854,pgd_eps0.008_alpha0.005_iter1,0.6363636363636365,0.5454545454545455,0.97541,45.14706226844734,0.9952437281608582,0.995040237903595,0.20624050498008728,0.04190546274185181,404966,0.009174318,0.004681926220655441,0.004706493113189936,0.004745073150843382
465836,pgd_eps0.008_alpha0.005_iter5,0.4545454545454546,0.30519480519480524,0.98268265,44.42380773432972,0.9959656000137329,0.9981919527053833,0.16330353915691376,0.04256021976470947,400229,0.010001275,0.005351926665753126,0.005350878927856684,0.005342194810509682
414385,pgd_eps0.008_alpha0.005_iter4,0.5151515151515152,0.37575757575757585,0.97620344,44.65963833654498,0.9942306876182556,0.9897504448890686,0.2136709839105606,0.04057765007019043,397095,0.009692834,0.0052387891337275505,0.005215940997004509,0.005223026964813471
322724,pgd_eps0.008_alpha0.005_iter2,0.5000000000000001,0.25000000000000006,0.9772689,45.018877451691495,0.9949672222137451,0.9940075278282166,0.22447726130485535,0.06177818775177002,395092,0.009186435,0.00481341453269124,0.0049210479483008385,0.004937310703098774
320664,pgd_eps0.008_alpha0.005_iter1,0.6000000000000002,0.28571428571428575,0.9842599,45.13669425861004,0.9970874190330505,0.998717188835144,0.11761423945426941,0.016082584857940674,404695,0.0091821235,0.004720589146018028,0.004701008088886738,0.004721584729850292
481390,pgd_eps0.008_alpha0.005_iter2,0.1272727272727273,0.11957103047328613,0.9874982,44.68534717445884,0.9974300265312195,0.9988598227500916,0.09610290825366974,0.02208918333053589,403272,0.0097202845,0.005202120635658503,0.005190248601138592,0.005218893755227327
276434,pgd_eps0.008_alpha0.005_iter2,0.20000000000000004,0.11818181818181821,0.97993,44.89019402212165,0.9957484006881714,0.9974178075790405,0.1812666356563568,0.033822059631347656,402484,0.009459181,0.005060479044914246,0.005060355179011822,0.005047708749771118
579635,pgd_eps0.008_alpha0.005_iter3,1.0000000000000002,0.7500000000000002,0.97678256,44.62040292409678,0.9939689636230469,0.9930381774902344,0.23995301127433777,0.05921661853790283,399201,0.009724051,0.005137624219059944,0.0051689972169697285,0.005175718571990728
295316,pgd_eps0.008_alpha0.005_iter4,0.5000000000000001,0.3636363636363637,0.978045,44.535499676760736,0.9942277669906616,0.9955666661262512,0.2023366242647171,0.05086386203765869,394174,0.009797738,0.005287491250783205,0.005337893962860107,0.005328974686563015
571313,pgd_eps0.008_alpha0.005_iter2,0.44444444444444453,0.42857142857142866,0.9786555,44.8811435688042,0.9954461455345154,0.9955161809921265,0.18825116753578186,0.028237104415893555,402958,0.009484704,0.005085955373942852,0.005068293306976557,0.005049899686127901
183127,pgd_eps0.008_alpha0.005_iter3,1.0000000000000002,0.5000000000000001,0.9782815,44.662501975107254,0.9941893815994263,0.9965901374816895,0.2118600755929947,0.06232839822769165,398806,0.009669407,0.005120777525007725,0.005130026955157518,0.005134157370775938
115898,pgd_eps0.008_alpha0.005_iter3,1.0000000000000002,0.6666666666666669,0.9854975,44.656310846348326,0.9961716532707214,0.9988453388214111,0.15904805064201355,0.043292880058288574,402003,0.009713659,0.005123721901327372,0.005144830327481031,0.005124494433403015
146358,pgd_eps0.008_alpha0.005_iter9,0.38961038961038963,0.2822510822510823,0.97802377,44.07680987239295,0.9943386316299438,0.996597945690155,0.21810773015022278,0.03791928291320801,398733,0.010430383,0.005668980069458485,0.005641956813633442,0.005676867440342903
189752,pgd_eps0.008_alpha0.005_iter2,0.2954545454545455,0.2613636363636364,0.9844408,44.828004292373784,0.9967910051345825,0.9985440373420715,0.12535437941551208,0.027467072010040283,403066,0.0095552765,0.00512086134403944,0.005103187169879675,0.005093391519039869
290163,pgd_eps0.008_alpha0.005_iter7,0.30909090909090914,0.23966942148760337,0.98014885,44.08195476637698,0.9958614110946655,0.9974780678749084,0.13618725538253784,0.017758488655090332,398613,0.010424256,0.005657177418470383,0.00564489234238863,0.005644019227474928
91406,pgd_eps0.008_alpha0.005_iter2,0.3506493506493507,0.25647382920110195,0.97957724,44.79110543321602,0.9955880045890808,0.9978311061859131,0.1732397824525833,0.03825247287750244,403163,0.00958531,0.005157219711691141,0.005125575698912144,0.00512396264821291
322352,pgd_eps0.008_alpha0.005_iter1,0.5818181818181819,0.3766233766233767,0.98533815,45.15708282561995,0.9972373843193054,0.9987800121307373,0.11189112067222595,0.01848769187927246,403734,0.009143885,0.004694860894232988,0.00468256464228034,0.004707320127636194
223959,pgd_eps0.008_alpha0.005_iter1,1.0000000000000002,0.6666666666666669,0.979677,45.08802098973334,0.9958943128585815,0.9980787634849548,0.15151309967041016,0.017168641090393066,405200,0.009246653,0.004759538918733597,0.0047453623265028,0.004757554270327091
326248,pgd_eps0.008_alpha0.005_iter2,0.13636363636363638,0.1264486975013291,0.9829545,44.72452132330155,0.9964930415153503,0.9985160827636719,0.1502407342195511,0.0355343222618103,403420,0.009663109,0.005221967585384846,0.005173627752810717,0.005166803486645222
218439,pgd_eps0.008_alpha0.005_iter1,0.3333333333333334,0.25000000000000006,0.98451996,45.146523341005384,0.9970971941947937,0.998849093914032,0.11899854987859726,0.02467954158782959,404514,0.009167962,0.004719003569334745,0.004692360293120146,0.004708671942353249
453722,pgd_eps0.008_alpha0.005_iter1,0.6666666666666669,0.6161616161616162,0.98389053,45.112792892042805,0.9966828227043152,0.9988190531730652,0.1413297951221466,0.03910374641418457,404801,0.009208173,0.004737191367894411,0.004727385472506285,0.004734599031507969
293625,pgd_eps0.008_alpha0.005_iter1,0.2575757575757576,0.19318181818181823,0.97996324,45.074611454718756,0.9961352348327637,0.9974358081817627,0.149849534034729,0.04100346565246582,405144,0.009262716,0.0047645713202655315,0.004767537582665682,0.004764438606798649
411817,pgd_eps0.008_alpha0.005_iter2,0.4318181818181819,0.2469762560671652,0.98444206,44.83651991386621,0.9969913363456726,0.9983220100402832,0.11516538262367249,0.027606606483459473,402420,0.009527245,0.005085698328912258,0.005087416619062424,0.005084143951535225
546964,pgd_eps0.008_alpha0.005_iter2,0.2575757575757576,0.23208273208273214,0.9863653,44.75247033374592,0.9972953796386719,0.9987924098968506,0.10716774314641953,0.024846971035003662,403242,0.009638405,0.005185870453715324,0.005121901165693998,0.005170864053070545
215259,pgd_eps0.008_alpha0.005_iter2,0.4242424242424243,0.38636363636363646,0.97687596,44.897108858794596,0.9949946403503418,0.9966050386428833,0.2043668031692505,0.02720820903778076,402103,0.009444691,0.005047936923801899,0.005056769121438265,0.00506798317655921
573094,pgd_eps0.008_alpha0.005_iter1,0.4285714285714287,0.22727272727272735,0.980665,45.14769556014592,0.9965421557426453,0.9979304671287537,0.14914298057556152,0.02378702163696289,404575,0.009167467,0.00471164146438241,0.00468822754919529,0.004722799174487591
560011,pgd_eps0.008_alpha0.005_iter3,0.3333333333333334,0.0,0.9703412,44.741605521991886,0.992576003074646,0.973235547542572,0.3527209758758545,0.09913182258605957,396621,0.009542134,0.005071099381893873,0.005068408325314522,0.005061243660748005
38576,pgd_eps0.008_alpha0.005_iter3,1.0000000000000002,0.7500000000000002,0.97765493,44.71418846533135,0.9949576258659363,0.9952393174171448,0.19118648767471313,0.03192341327667236,399339,0.0096076485,0.005078373476862907,0.005084939766675234,0.0050806100480258465
147729,pgd_eps0.008_alpha0.005_iter2,0.6818181818181819,0.5324675324675326,0.9774119,44.92473755898378,0.994651734828949,0.9946997761726379,0.20428696274757385,0.047129034996032715,402797,0.009435263,0.0050466968677937984,0.005035830195993185,0.0050238315016031265
579307,pgd_eps0.008_alpha0.005_iter4,0.5151515151515152,0.27878787878787875,0.98107505,44.49814658895378,0.9951969981193542,0.9968174695968628,0.16569077968597412,0.02708953619003296,398353,0.009894934,0.005347441416233778,0.005356903187930584,0.005351964849978685
154425,pgd_eps0.008_alpha0.005_iter2,1.0000000000000002,0.25000000000000006,0.9839506,44.796376140488036,0.9960983991622925,0.998465895652771,0.14925643801689148,0.04598051309585571,403686,0.009601379,0.005138218402862549,0.005122923757880926,0.005126073956489563
432898,pgd_eps0.008_alpha0.005_iter10,0.13636363636363635,0.11533555570988728,0.97873473,44.309227016451366,0.9942629337310791,0.995682954788208,0.19934426248073578,0.03473389148712158,395972,0.01012422,0.00552254356443882,0.005499165039509535,0.005486747249960899
404923,pgd_eps0.008_alpha0.005_iter1,0.8636363636363638,0.5606060606060607,0.985905,45.075566142413265,0.9965313673019409,0.9987040162086487,0.11575073003768921,0.021341562271118164,405112,0.00926271,0.00476536201313138,0.004759533796459436,0.004771407227963209
130586,pgd_eps0.008_alpha0.005_iter3,1.0000000000000002,0.6666666666666669,0.98386043,44.718202411188194,0.9955002665519714,0.9950231313705444,0.18889489769935608,0.03228384256362915,388668,0.009423485,0.004967374261468649,0.004998337011784315,0.005011027678847313
163057,pgd_eps0.008_alpha0.005_iter1,0.4112554112554114,0.3837736337736337,0.98434323,45.21138443983851,0.9965393543243408,0.9976117014884949,0.12902763485908508,0.048380374908447266,404715,0.0090993615,0.004685686901211739,0.004667086061090231,0.004627094138413668
7511,pgd_eps0.008_alpha0.005_iter3,0.27272727272727276,0.26136363636363635,0.98131126,44.592747697241826,0.9955047965049744,0.9977338314056396,0.14130932092666626,0.04122304916381836,398972,0.009750838,0.005187694914638996,0.005177915096282959,0.005141178146004677
67406,pgd_eps0.008_alpha0.005_iter3,1.0000000000000002,0.6666666666666669,0.97222227,44.65487797289902,0.9928838610649109,0.9635264873504639,0.28751111030578613,0.06663024425506592,397020,0.009645352,0.00515336636453867,0.005128419492393732,0.00512700155377388
290179,pgd_eps0.008_alpha0.005_iter3,0.10606060606060608,0.05800865800865801,0.981867,44.49879217643038,0.9953351020812988,0.9983586072921753,0.19412465393543243,0.06387054920196533,402302,0.009912957,0.005256131757050753,0.005258595570921898,0.005257084965705872
248752,pgd_eps0.008_alpha0.005_iter1,0.7500000000000002,0.5000000000000001,0.97718954,45.0729160898305,0.9953388571739197,0.9977694153785706,0.19004885852336884,0.0348132848739624,405199,0.009264376,0.004774575587362051,0.004758788738399744,0.004769351799041033
54593,pgd_eps0.008_alpha0.005_iter4,0.46464646464646475,0.42739079102715466,0.9867839,44.2911571395254,0.9960917234420776,0.9987347722053528,0.15498964488506317,0.0456271767616272,403040,0.010209926,0.005490898620337248,0.005537782795727253,0.005511922761797905
116208,pgd_eps0.008_alpha0.005_iter2,0.44155844155844165,0.43106060606060614,0.9869156,44.73779297877907,0.9974445104598999,0.9988589286804199,0.11099587380886078,0.02123403549194336,403736,0.009667383,0.005203900393098593,0.005160268396139145,0.005157568491995335
340697,pgd_eps0.008_alpha0.005_iter2,0.693939393939394,0.25018939393939393,0.98303795,44.818941353062996,0.9964589476585388,0.9987172484397888,0.15209656953811646,0.04610568284988403,402751,0.00954556,0.005116667598485947,0.005117111373692751,0.005104039330035448
450303,pgd_eps0.008_alpha0.005_iter1,0.40625,0.2863046044864227,0.9791046,45.11352648299454,0.9961049556732178,0.9975881576538086,0.1457791030406952,0.03637295961380005,404953,0.00921228,0.004732893779873848,0.00472100218757987,0.004750870168209076
494427,pgd_eps0.008_alpha0.005_iter1,0.5000000000000001,0.3333333333333334,0.97823596,45.055029358707486,0.9957570433616638,0.9966349601745605,0.15922264754772186,0.02712714672088623,405266,0.009288158,0.0047750286757946014,0.004784342832863331,0.004780466668307781
137294,pgd_eps0.008_alpha0.005_iter1,0.27272727272727276,0.22222222222222218,0.9800305,45.122696272573044,0.996093213558197,0.9978272914886475,0.16454735398292542,0.03510773181915283,404989,0.009203282,0.004739671479910612,0.004724252037703991,0.004718458279967308
410880,pgd_eps0.008_alpha0.005_iter1,0.3333333333333334,0.14285714285714288,0.983372,45.125881602984336,0.9970318675041199,0.9986047148704529,0.1202905997633934,0.02397024631500244,404814,0.009194607,0.00472800899296999,0.004733459558337927,0.004714537877589464
311180,pgd_eps0.008_alpha0.005_iter2,0.5000000000000001,0.1666666666666667,0.98279935,44.92566172425475,0.9965585470199585,0.9984307289123535,0.1347142457962036,0.02363985776901245,401904,0.009409399,0.005032897461205721,0.005040309391915798,0.005032051354646683
181796,pgd_eps0.008_alpha0.005_iter1,0.4025974025974026,0.28181818181818186,0.9795155,45.090948888959005,0.9958481788635254,0.9981229901313782,0.19122415781021118,0.03921163082122803,405126,0.009239731,0.004751873202621937,0.0047534313052892685,0.004750775173306465
2431,pgd_eps0.008_alpha0.005_iter8,0.28571428571428575,0.2680652680652681,0.97617865,44.23685615192252,0.9942178130149841,0.9964545369148254,0.20837071537971497,0.03006225824356079,398047,0.01023583,0.005556563846766949,0.005555114708840847,0.005559842102229595
349184,pgd_eps0.008_alpha0.005_iter2,0.1414141414141414,0.12987012987012989,0.98576975,44.8908200521306,0.99688720703125,0.998839259147644,0.14059913158416748,0.02007317543029785,403471,0.009483625,0.005072401836514473,0.005057141650468111,0.005057353526353836
298396,pgd_eps0.008_alpha0.005_iter1,0.34343434343434354,0.3305785123966942,0.98676986,45.10858426004578,0.9973921775817871,0.999078094959259,0.09932738542556763,0.027679502964019775,405046,0.0092218,0.004742990247905254,0.004733960144221783,0.004736380651593208
472046,pgd_eps0.008_alpha0.005_iter10,0.15151515151515152,0.13804713804713808,0.97652775,44.09274277795116,0.9942785501480103,0.9969488978385925,0.20609590411186218,0.05485248565673828,396527,0.0103994105,0.00567850936204195,0.005667863879352808,0.0056685153394937515
74058,pgd_eps0.008_alpha0.005_iter8,0.19318181818181818,0.16449724517906336,0.98299974,44.336097515041786,0.9954442381858826,0.9976119995117188,0.18842661380767822,0.06041032075881958,395458,0.010042842,0.005454441998153925,0.005410986486822367,0.005388638004660606
58029,pgd_eps0.008_alpha0.005_iter1,1.0000000000000002,0.6666666666666669,0.97643304,45.05624086694402,0.9954755306243896,0.9953243732452393,0.1653473973274231,0.04625594615936279,405173,0.009286381,0.004777892958372831,0.004775064066052437,0.004787056241184473
134096,pgd_eps0.008_alpha0.005_iter2,0.25000000000000006,0.1666666666666667,0.9834551,44.90659783158003,0.9963507056236267,0.9979355335235596,0.1245989128947258,0.028661608695983887,401382,0.009411806,0.005065330304205418,0.005050332751125097,0.005018250551074743
111951,pgd_eps0.008_alpha0.005_iter2,0.3333333333333334,0.26406926406926406,0.9779808,44.95586180193578,0.9955796003341675,0.9972843527793884,0.15984892845153809,0.03575485944747925,401269,0.009334439,0.004971362184733152,0.0050664180889725685,0.004951202776283026
103585,pgd_eps0.008_alpha0.005_iter2,1.0000000000000002,0.6000000000000002,0.97502106,44.931870557102116,0.9945403933525085,0.9951856732368469,0.20499476790428162,0.0409700870513916,402086,0.0093911495,0.005034598056226969,0.005032750777900219,0.0050287796184420586
210273,pgd_eps0.008_alpha0.005_iter6,0.30454545454545456,0.2836301324937689,0.9593491,44.54905598140282,0.9952007532119751,0.9957808256149292,0.20161430537700653,0.06148576736450195,372671,0.0096450085,0.005229541100561619,0.0052046761848032475,0.005211976356804371
446651,pgd_eps0.008_alpha0.005_iter1,0.5454545454545455,0.40909090909090917,0.9764274,45.24064446206868,0.9964956045150757,0.9981057643890381,0.16992932558059692,0.03270459175109863,395444,0.008987942,0.004617822822183371,0.004601055756211281,0.004628340248018503
194875,pgd_eps0.008_alpha0.005_iter7,0.12626262626262627,0.12498612498612499,0.98227835,44.00657698643794,0.9966946840286255,0.9977073073387146,0.1064586266875267,0.010739028453826904,396573,0.0104977265,0.005700564011931419,0.005690522026270628,0.005706650670617819
52017,pgd_eps0.008_alpha0.005_iter3,0.5000000000000001,0.3333333333333334,0.96990234,44.76516456708364,0.9919292330741882,0.9554329514503479,0.3313716948032379,0.08115839958190918,398864,0.009549922,0.00506135867908597,0.005061605013906956,0.005029546096920967
336309,pgd_eps0.008_alpha0.005_iter2,1.0000000000000002,0.5000000000000001,0.97085196,44.84744978748055,0.9927881956100464,0.98838210105896,0.28901439905166626,0.08071577548980713,402043,0.009505176,0.005071970168501139,0.005110465921461582,0.005096461158245802
227478,pgd_eps0.008_alpha0.005_iter3,0.18181818181818182,0.16666666666666669,0.9885486,44.641198286576355,0.9969150424003601,0.9990259408950806,0.11806914955377579,0.059040963649749756,402720,0.00974123,0.0051149106584489346,0.005183486733585596,0.005128317512571812
339870,pgd_eps0.008_alpha0.005_iter2,0.27272727272727276,0.18181818181818185,0.97853297,44.91576813181382,0.995004415512085,0.9954575896263123,0.19494792819023132,0.05279684066772461,403059,0.009446296,0.005079083610326052,0.005041205324232578,0.005017533898353577
80666,pgd_eps0.008_alpha0.005_iter1,0.5000000000000001,0.0,0.99041915,45.17072290596421,0.9984045028686523,0.9984948635101318,0.02493162639439106,0.005704283714294434,404061,0.009144943,0.004688724875450134,0.004702090285718441,0.004639803897589445
33707,pgd_eps0.008_alpha0.005_iter2,0.5454545454545455,0.18181818181818185,0.9910927,44.94418336939824,0.9982194900512695,0.9991015195846558,0.06587034463882446,0.011930227279663086,403682,0.00939037,0.005029773805290461,0.005032245069742203,0.005019580014050007
327601,pgd_eps0.008_alpha0.005_iter1,0.3333333333333334,0.20000000000000004,0.9795766,45.06080223407519,0.9958177804946899,0.9983329772949219,0.17615292966365814,0.024743497371673584,405201,0.009278362,0.004778701812028885,0.004776102490723133,0.004774037748575211
255749,pgd_eps0.008_alpha0.005_iter1,0.8636363636363638,0.6666666666666669,0.9652669,45.61872023742879,0.9957327842712402,0.9917027950286865,0.2080666422843933,0.045726776123046875,371406,0.008373662,0.004303650464862585,0.0042910585179924965,0.004316956270486116
8762,pgd_eps0.008_alpha0.005_iter3,0.40909090909090917,0.3434343434343434,0.96987647,44.73151653885957,0.9925829768180847,0.9686055183410645,0.2918992042541504,0.060950279235839844,397715,0.009572671,0.0050768768414855,0.0050804405473172665,0.005054662004113197
526392,pgd_eps0.008_alpha0.005_iter1,0.7272727272727274,0.5575757575757577,0.9804699,45.066522574875464,0.9962964057922363,0.9984754323959351,0.16687323153018951,0.046703219413757324,405184,0.009270058,0.004772704094648361,0.0047684344463050365,0.004774841479957104
535578,pgd_eps0.008_alpha0.005_iter1,0.8181818181818183,0.6522727272727272,0.98826474,45.12968255956925,0.9973031282424927,0.9993283748626709,0.12131886929273605,0.02911853790283203,404872,0.009195447,0.004724957514554262,0.004701422061771154,0.004741722252219915
580757,pgd_eps0.008_alpha0.005_iter1,1.0000000000000002,0.5000000000000001,0.9824764,45.07022745861245,0.9963731169700623,0.9983923435211182,0.1393517106771469,0.04036295413970947,405072,0.0092663085,0.004770689643919468,0.004762429744005203,0.0047666700556874275
165039,pgd_eps0.008_alpha0.005_iter2,0.5530303030303031,0.4077922077922079,0.9818526,44.833483717419156,0.9960882067680359,0.9980379343032837,0.16315138339996338,0.03220832347869873,403640,0.00954969,0.0051049902103841305,0.005099019035696983,0.005104145035147667
148719,pgd_eps0.008_alpha0.005_iter6,0.15151515151515152,0.1181818181818182,0.98773414,43.92808612317442,0.996648907661438,0.9989943504333496,0.11908111721277237,0.029993176460266113,402883,0.010673587,0.005797895602881908,0.005826917476952076,0.005822152364999056
108440,pgd_eps0.008_alpha0.005_iter1,1.0000000000000002,0.0,0.97918797,45.136527157024844,0.996281623840332,0.9978632926940918,0.15266789495944977,0.042254745960235596,398511,0.009133107,0.0046970173716545105,0.004701158497482538,0.004682720638811588
489842,pgd_eps0.008_alpha0.005_iter3,0.19751082251082253,0.18175914994096812,0.992363,44.59627059461532,0.9984737634658813,0.999129593372345,0.06585884094238281,0.03496849536895752,403641,0.009810985,0.005183499306440353,0.005199352279305458,0.005130774807184935
423229,pgd_eps0.008_alpha0.005_iter5,0.3333333333333334,0.23257575757575763,0.9847202,44.18442455498359,0.9957605600357056,0.9987133741378784,0.17410948872566223,0.048888981342315674,402113,0.010313656,0.005539779085665941,0.005547653418034315,0.005531088914722204
166287,pgd_eps0.008_alpha0.005_iter1,0.8279220779220782,0.8166361945424956,0.9784322,45.12676591925629,0.9953329563140869,0.9970524311065674,0.16806386411190033,0.04434061050415039,404947,0.009198043,0.0047361175529658794,0.004709890577942133,0.004732430446892977
101420,pgd_eps0.008_alpha0.005_iter2,0.6666666666666669,0.5000000000000001,0.97966295,44.85057853004858,0.9957929849624634,0.9975231885910034,0.1590043008327484,0.02632993459701538,402211,0.009488211,0.005106406752020121,0.00508482102304697,0.005090802907943726
334555,pgd_eps0.008_alpha0.005_iter1,0.5606060606060607,0.3506493506493507,0.9840676,45.15187279578747,0.9968726634979248,0.9989263415336609,0.13590705394744873,0.022318005561828613,404798,0.009166099,0.004714614246040583,0.004688991699367762,0.0047124638222157955
196759,pgd_eps0.008_alpha0.005_iter2,1.0000000000000002,0.5000000000000001,0.9783883,44.90069848135492,0.9954730272293091,0.9973647594451904,0.1587366908788681,0.023325741291046143,399779,0.009418919,0.0050298236310482025,0.005049712490290403,0.005048873368650675
61418,pgd_eps0.008_alpha0.005_iter1,0.5757575757575758,0.34848484848484856,0.9856438,45.04702661754544,0.9969961047172546,0.9991361498832703,0.12388470023870468,0.04094022512435913,405298,0.009297893,0.004780902061611414,0.004801081493496895,0.004781791474670172
526751,pgd_eps0.008_alpha0.005_iter1,0.5454545454545455,0.18181818181818182,0.98302966,45.17757205994215,0.9963750243186951,0.9985836744308472,0.15195152163505554,0.04715621471405029,404721,0.009137441,0.0046786037273705006,0.0046699135564267635,0.004704045131802559
277020,pgd_eps0.008_alpha0.005_iter3,0.4242424242424243,0.3750000000000001,0.9623339,44.77071635485661,0.9937962889671326,0.9879473447799683,0.2598782777786255,0.06628966331481934,380432,0.00939208,0.004995895549654961,0.004969765432178974,0.004997973330318928
47828,pgd_eps0.008_alpha0.005_iter1,0.15151515151515152,0.1272727272727273,0.9753542,45.161968901995174,0.9947818517684937,0.9788560271263123,0.2603089213371277,0.06430709362030029,404721,0.009150419,0.004712165333330631,0.00468616234138608,0.004691265523433685
183716,pgd_eps0.008_alpha0.005_iter2,0.6666666666666669,0.5757575757575758,0.980787,44.90270565440726,0.9962427616119385,0.9978954195976257,0.14801470935344696,0.02769029140472412,400182,0.009418702,0.0050537968054413795,0.005030481610447168,0.005039367824792862
271997,pgd_eps0.008_alpha0.005_iter3,1.0000000000000002,0.5000000000000001,0.9768836,44.74378350541084,0.9948945045471191,0.9965465068817139,0.1973852962255478,0.037533342838287354,397413,0.0095548425,0.005055069457739592,0.005074131302535534,0.005071197170764208
8532,pgd_eps0.008_alpha0.005_iter1,1.0000000000000002,0.6666666666666669,0.9769159,45.02991156068692,0.9953855872154236,0.996538519859314,0.2073226273059845,0.05394536256790161,405440,0.009318779,0.004805292934179306,0.004803887102752924,0.004792395979166031
94336,pgd_eps0.008_alpha0.005_iter1,0.5000000000000001,0.3333333333333334,0.9751026,45.239123403870465,0.9959322810173035,0.9973866939544678,0.18051724135875702,0.035610079765319824,397696,0.009008709,0.004518264904618263,0.004662013612687588,0.004682090599089861
390555,pgd_eps0.008_alpha0.005_iter1,0.2850069320657556,0.2039663683172811,0.9876725,45.1535276621399,0.9975606203079224,0.9993416666984558,0.12341338396072388,0.04276871681213379,405012,0.009165943,0.004700968973338604,0.004688733723014593,0.004724367056041956
250282,pgd_eps0.008_alpha0.005_iter2,0.12987012987012986,0.10988110772799767,0.986754,44.92529999954024,0.9971050024032593,0.9992294311523438,0.15337562561035156,0.05388009548187256,403860,0.009454515,0.005077734123915434,0.005034317262470722,0.005001110024750233
68409,pgd_eps0.008_alpha0.005_iter2,0.3484848484848485,0.3295454545454546,0.9799234,44.89379453017171,0.9948725700378418,0.9687318205833435,0.2528829872608185,0.0721244215965271,403205,0.009469739,0.0050669568590819836,0.005050073843449354,0.005057396367192268
2299,pgd_eps0.008_alpha0.005_iter6,0.20454545454545453,0.17754820936639118,0.9834759,44.27803301635585,0.9958194494247437,0.9989113807678223,0.2018071711063385,0.06901228427886963,401526,0.010218351,0.00555789191275835,0.005520835518836975,0.00549076683819294
11051,pgd_eps0.008_alpha0.005_iter2,0.5000000000000001,0.4000000000000001,0.9762583,44.86557614421184,0.9949617385864258,0.9944220185279846,0.19601650536060333,0.04303467273712158,401785,0.0094679,0.005075315944850445,0.00508945994079113,0.005069395527243614
66038,pgd_eps0.008_alpha0.005_iter1,0.5909090909090909,0.5727272727272729,0.98640746,45.15435404382623,0.9971773624420166,0.9988484382629395,0.10588295757770538,0.02165365219116211,404337,0.009162954,0.0046476214192807674,0.004722399637103081,0.004716991912573576
360960,pgd_eps0.008_alpha0.005_iter1,0.9090909090909093,0.4696969696969698,0.97517556,45.2320682485592,0.9956426620483398,0.9964158535003662,0.18748176097869873,0.04024773836135864,399543,0.009030586,0.004628929775208235,0.004616555292159319,0.004663446918129921
360097,pgd_eps0.008_alpha0.005_iter1,0.13636363636363635,0.08593073593073594,0.985027,45.07103900349564,0.996680736541748,0.9991778135299683,0.14150041341781616,0.03386366367340088,405372,0.009267458,0.004771753679960966,0.0047670393250882626,0.004770588129758835
504589,pgd_eps0.008_alpha0.005_iter2,1.0000000000000002,0.6666666666666669,0.9842656,44.84384639528787,0.9960681796073914,0.9983868598937988,0.1615287959575653,0.03755146265029907,403762,0.009540711,0.005120996385812759,0.0050886631943285465,0.005059874150902033
454750,pgd_eps0.008_alpha0.005_iter1,1.0000000000000002,0.5000000000000001,0.9806269,45.072656790888445,0.9959807395935059,0.9975266456604004,0.17476290464401245,0.04785788059234619,404430,0.009259195,0.004767583683133125,0.004780202638357878,0.004741318058222532
509735,pgd_eps0.008_alpha0.005_iter2,1.0000000000000002,0.6666666666666669,0.98701924,44.76373114376203,0.9965936541557312,0.9992899894714355,0.13952186703681946,0.03362315893173218,404392,0.009647445,0.005169739946722984,0.005151741672307253,0.005157576873898506
23034,pgd_eps0.008_alpha0.005_iter2,0.6666666666666669,0.6000000000000002,0.984265,44.796101278334845,0.9962403178215027,0.9988520741462708,0.1513562649488449,0.04573249816894531,403761,0.00959393,0.00509188137948513,0.005141559988260269,0.005163742229342461
141671,pgd_eps0.008_alpha0.005_iter3,0.27272727272727276,0.14508723599632692,0.9805487,44.69137349464734,0.9947150945663452,0.9988043904304504,0.2370808720588684,0.09762930870056152,401683,0.009669176,0.005123221315443516,0.005105914548039436,0.0050763632170856
506656,pgd_eps0.008_alpha0.005_iter2,0.5454545454545455,0.4666666666666668,0.9814496,44.96898177713389,0.9957247972488403,0.9974676370620728,0.14910249412059784,0.030108988285064697,403391,0.00939096,0.005024829413741827,0.005008069332689047,0.004982163198292255
272566,pgd_eps0.008_alpha0.005_iter1,0.2727272727272727,0.18181818181818182,0.9891324,45.07861488748314,0.9976458549499512,0.9995282292366028,0.10390877723693848,0.02510833740234375,405081,0.009259221,0.004760220181196928,0.004776081535965204,0.004729493986815214
424551,pgd_eps0.008_alpha0.005_iter4,1.0000000000000002,0.6666666666666669,0.9794903,44.53895696060607,0.9947163462638855,0.9971560835838318,0.18995660543441772,0.06144094467163086,400673,0.009875373,0.005295922979712486,0.005338264163583517,0.005327755585312843
341719,pgd_eps0.008_alpha0.005_iter2,0.7272727272727275,0.5800865800865802,0.9837273,44.797650315599256,0.9960581660270691,0.9985489249229431,0.1563146859407425,0.04429507255554199,403519,0.009582191,0.005128102842718363,0.005128469318151474,0.005137771368026733
72795,pgd_eps0.008_alpha0.005_iter3,0.15151515151515152,0.1433041958041958,0.98713046,44.35467693731379,0.9969406127929688,0.9987429976463318,0.11348679661750793,0.05077248811721802,402875,0.01009171,0.00539024593308568,0.005349032115191221,0.00535704055801034
417285,pgd_eps0.008_alpha0.005_iter1,0.4242424242424243,0.3636363636363637,0.9776418,45.16749376981987,0.9957410097122192,0.997719943523407,0.2183261215686798,0.04526114463806152,404775,0.009146975,0.0047227125614881516,0.004704432561993599,0.004644712433218956
2157,pgd_eps0.008_alpha0.005_iter1,0.38181818181818195,0.3446969696969697,0.9821892,45.06696036089192,0.9966213703155518,0.9986661672592163,0.14534582197666168,0.028989195823669434,405119,0.009271402,0.0047820801846683025,0.004762200638651848,0.004765341989696026
43816,pgd_eps0.008_alpha0.005_iter2,1.0000000000000002,0.8000000000000002,0.9840564,44.72543672913989,0.9958428144454956,0.9981896281242371,0.14443989098072052,0.03125631809234619,403398,0.009670588,0.005178262013942003,0.00519145792350173,0.0051826536655426025
455555,pgd_eps0.008_alpha0.005_iter1,1.0000000000000002,0.6666666666666669,0.9837041,45.18194350648406,0.997717022895813,0.9985146522521973,0.08185288310050964,0.020942211151123047,396248,0.009066009,0.004660897422581911,0.004661904647946358,0.004655675496906042
535306,pgd_eps0.008_alpha0.005_iter1,1.0000000000000002,0.6666666666666669,0.9817412,45.04602805788673,0.9961208701133728,0.998689591884613,0.15938213467597961,0.034724414348602295,405348,0.009299746,0.004784665070474148,0.004797065164893866,0.00478442944586277
30504,pgd_eps0.008_alpha0.005_iter2,1.0000000000000002,0.6666666666666669,0.98464185,44.79401236308405,0.9965969920158386,0.9986915588378906,0.1217498630285263,0.02565854787826538,403489,0.009595286,0.005103615112602711,0.0051419991068542,0.005158376879990101
473118,pgd_eps0.008_alpha0.005_iter1,1.0000000000000002,0.7500000000000002,0.9799879,45.17355136668026,0.9961898326873779,0.9982460141181946,0.17317607998847961,0.028644025325775146,404860,0.009143646,0.0046356855891644955,0.004687365610152483,0.004742224235087633
91779,pgd_eps0.008_alpha0.005_iter1,0.43939393939393945,0.31818181818181823,0.984711,45.12571589314831,0.9972490072250366,0.9988632202148438,0.11570100486278534,0.021682918071746826,404992,0.009200885,0.004741681274026632,0.004716956522315741,0.00471922941505909
283113,pgd_eps0.008_alpha0.005_iter1,1.0000000000000002,0.3750000000000001,0.9822373,45.0583457735451,0.9966597557067871,0.9986706972122192,0.12782204151153564,0.017222881317138672,405232,0.009285112,0.0047745234332978725,0.004777895752340555,0.004783651325851679
97278,pgd_eps0.008_alpha0.005_iter4,0.5000000000000001,0.25000000000000006,0.9805195,44.60196900236368,0.9951184988021851,0.9958298206329346,0.15804649889469147,0.03456854820251465,398336,0.009760471,0.005228993948549032,0.0052405153401196,0.005283314734697342
567640,pgd_eps0.008_alpha0.005_iter2,0.5681818181818182,0.5568181818181819,0.981689,44.73144450735962,0.9961153864860535,0.9984906911849976,0.15316399931907654,0.032882750034332275,402750,0.009644258,0.005204732995480299,0.005170121788978577,0.005162632558494806
532493,pgd_eps0.008_alpha0.005_iter3,1.0000000000000002,0.6666666666666669,0.9850261,44.636235341501475,0.9956507682800293,0.9986767172813416,0.1767345368862152,0.056939661502838135,401807,0.009741493,0.005143221002072096,0.005156464409083128,0.00515059195458889
45550,pgd_eps0.008_alpha0.005_iter1,0.8352272727272729,0.6022727272727274,0.9798417,45.03971007247817,0.9959712028503418,0.9977250695228577,0.15504923462867737,0.030789971351623535,405213,0.009306289,0.00478595495223999,0.004803025629371405,0.004785152152180672
156643,pgd_eps0.008_alpha0.005_iter1,0.3116883116883118,0.18813131313131315,0.9841599,45.13007077560222,0.9970391988754272,0.9983830451965332,0.11043009161949158,0.02353501319885254,404955,0.009194051,0.004720199387520552,0.004707101732492447,0.004740053787827492
430056,pgd_eps0.008_alpha0.005_iter1,0.5000000000000001,0.3333333333333334,0.9775104,45.0594530580775,0.9956580996513367,0.9972788095474243,0.16752730309963226,0.02615368366241455,405249,0.009283345,0.004780961666256189,0.004791608080267906,0.004760121926665306
410456,pgd_eps0.008_alpha0.005_iter1,0.5681818181818183,0.31818181818181823,0.98626167,45.08653867768143,0.9971909523010254,0.9989468455314636,0.09712419658899307,0.024325549602508545,405284,0.00925057,0.004750187508761883,0.004760194104164839,0.004753533285111189
441286,pgd_eps0.008_alpha0.005_iter2,1.0000000000000002,0.6666666666666669,0.98367995,44.83202023919325,0.9962992668151855,0.9982852935791016,0.1348075568675995,0.04274392127990723,402913,0.009532583,0.00511297769844532,0.0051081436686217785,0.005096349865198135
279541,pgd_eps0.008_alpha0.005_iter1,0.40909090909090917,0.2356060606060606,0.98360115,45.13342935434822,0.9968401789665222,0.9985994696617126,0.1257406324148178,0.016735553741455078,404857,0.009190885,0.004742007702589035,0.004721025004982948,0.00469164177775383
885,pgd_eps0.008_alpha0.005_iter2,0.6818181818181819,0.4242424242424243,0.9739063,44.902576483765756,0.9940771460533142,0.9880277514457703,0.2393367886543274,0.059784650802612305,401640,0.009416415,0.00509684020653367,0.005036290269345045,0.00502107385545969
378284,pgd_eps0.008_alpha0.005_iter3,0.3090909090909092,0.19318181818181823,0.98090667,44.61650560108286,0.9956303834915161,0.9982782602310181,0.1709989458322525,0.040445804595947266,398233,0.009716727,0.005154088605195284,0.005175262689590454,0.005166194401681423
156076,pgd_eps0.008_alpha0.005_iter1,0.2575757575757577,0.25265643447461633,0.98706824,45.05731438297567,0.9975247383117676,0.9991734027862549,0.09899391233921051,0.02002161741256714,405227,0.009284811,0.004776275251060724,0.00479293055832386,0.004765136633068323
143572,pgd_eps0.008_alpha0.005_iter1,0.6136363636363638,0.5984848484848486,0.9868288,45.094945994067174,0.997344434261322,0.999474048614502,0.12890931963920593,0.05086648464202881,405072,0.009238832,0.004747072700411081,0.0047450317069888115,0.0047503565438091755
39551,pgd_eps0.008_alpha0.005_iter3,1.0000000000000002,0.7500000000000002,0.97472095,44.53267091620322,0.9936689734458923,0.9957602024078369,0.21012550592422485,0.03393590450286865,397746,0.009798662,0.005202848464250565,0.005245928652584553,0.005236261989921331
56344,pgd_eps0.008_alpha0.005_iter3,0.7090909090909092,0.4000000000000001,0.97711086,44.68790092596144,0.9951547384262085,0.9963696002960205,0.19953587651252747,0.03363347053527832,399033,0.009643218,0.005121396388858557,0.005097676068544388,0.00510008679702878
193348,pgd_eps0.008_alpha0.005_iter3,1.0000000000000002,0.6666666666666669,0.97381115,44.726197768071444,0.9938806891441345,0.9940965175628662,0.243317648768425,0.04082989692687988,394090,0.009525932,0.005076965782791376,0.005072901025414467,0.0050882818177342415
16958,pgd_eps0.008_alpha0.005_iter1,0.7272727272727275,0.38181818181818183,0.9804399,45.10230604788856,0.9961265921592712,0.9977499842643738,0.14900654554367065,0.03321266174316406,405074,0.009228673,0.004749356769025326,0.004740736447274685,0.004740603733807802
341681,pgd_eps0.008_alpha0.005_iter3,1.0000000000000002,0.6000000000000002,0.9734238,44.659598274459604,0.9933052062988281,0.9957445859909058,0.23584747314453125,0.04297173023223877,398259,0.009657902,0.005098002962768078,0.005146520212292671,0.005138246342539787
83172,pgd_eps0.008_alpha0.005_iter2,0.7500000000000002,0.6000000000000002,0.97539383,44.84002226586335,0.9939808249473572,0.9943298697471619,0.21796159446239471,0.03678971529006958,403074,0.0095339045,0.005125237163156271,0.005082371179014444,0.005094218999147415
343524,pgd_eps0.008_alpha0.005_iter3,0.6666666666666669,0.5000000000000001,0.97432595,44.70845096577542,0.9932765960693359,0.9968067407608032,0.24742662906646729,0.042178988456726074,400550,0.00964078,0.005060239229351282,0.005095315165817738,0.005114300176501274
395801,pgd_eps0.008_alpha0.005_iter1,0.2575757575757576,0.20292207792207795,0.98024803,45.11952024130284,0.9960176348686218,0.9971485137939453,0.14811646938323975,0.03341376781463623,404988,0.009208526,0.004742097575217485,0.004721315111964941,0.004731075372546911
388056,pgd_eps0.008_alpha0.005_iter1,0.9393939393939396,0.7045454545454547,0.9845779,45.14432631968691,0.9970250129699707,0.9990409016609192,0.13006089627742767,0.02468860149383545,404912,0.00917524,0.004714833106845617,0.004706947598606348,0.004717376083135605
259690,pgd_eps0.008_alpha0.005_iter2,0.18181818181818185,0.1658008658008658,0.9882489,44.80372795706956,0.9973851442337036,0.9988327026367188,0.10839088261127472,0.024658918380737305,404085,0.009588699,0.005155689548701048,0.005114429630339146,0.005108371842652559
343218,pgd_eps0.008_alpha0.005_iter3,0.6193181818181819,0.531818181818182,0.97659725,44.50028121539076,0.9942970275878906,0.9969816207885742,0.21603861451148987,0.0441325306892395,400814,0.009885261,0.005235220305621624,0.005271952133625746,0.005248719360679388
205105,pgd_eps0.008_alpha0.005_iter1,0.7171717171717175,0.5772727272727274,0.9765392,45.144835247408125,0.995058000087738,0.9948084354400635,0.18633303046226501,0.04466903209686279,401287,0.009148033,0.004712169989943504,0.004714318551123142,0.004698608536273241
513283,pgd_eps0.008_alpha0.005_iter16,0.20000000000000004,0.1704545454545455,0.9774392,44.13204686020771,0.9954177737236023,0.9964755177497864,0.21483680605888367,0.02527165412902832,392985,0.010328097,0.0056588370352983475,0.005623784847557545,0.005636428017169237
371677,pgd_eps0.008_alpha0.005_iter2,0.5909090909090909,0.4377104377104377,0.9821246,44.936435504652096,0.996137261390686,0.9980471134185791,0.1441228985786438,0.026906728744506836,402831,0.009419766,0.005039762239903212,0.005022191442549229,0.005013641901314259
308531,pgd_eps0.008_alpha0.005_iter3,0.3333333333333334,0.25000000000000006,0.981133,44.611663751766805,0.9949822425842285,0.9978619813919067,0.20476152002811432,0.053974151611328125,400550,0.009744613,0.0051512704230844975,0.005177680402994156,0.00514152692630887
497599,pgd_eps0.008_alpha0.005_iter5,0.5151515151515152,0.45212121212121215,0.9773658,44.468111449475494,0.9946874380111694,0.9973533153533936,0.20508834719657898,0.039945244789123535,396442,0.009907149,0.005317843984812498,0.005304443184286356,0.005321725737303495
455352,pgd_eps0.008_alpha0.005_iter2,1.0000000000000002,0.5000000000000001,0.98120946,44.884912656886364,0.9955736398696899,0.996583104133606,0.16359972953796387,0.0352398157119751,403597,0.009480654,0.00510065071284771,0.005080611910670996,0.0049941521137952805
236914,pgd_eps0.008_alpha0.005_iter2,0.5000000000000001,0.4242424242424243,0.97869086,45.01655713604823,0.9963415861129761,0.9981497526168823,0.15412594377994537,0.03146326541900635,394622,0.009264219,0.004949958994984627,0.004938370082527399,0.004885598551481962
232684,pgd_eps0.008_alpha0.005_iter1,1.0000000000000002,0.5000000000000001,0.9359226,46.00412432770454,0.9928123354911804,0.9515572190284729,0.27280882000923157,0.08524179458618164,329802,0.0076302956,0.003954329062253237,0.003917057998478413,0.003908042795956135
290843,pgd_eps0.008_alpha0.005_iter1,0.5000000000000001,0.25000000000000006,0.97529715,45.01860606991572,0.9949188232421875,0.9943838119506836,0.20113326609134674,0.02177327871322632,405262,0.009332289,0.004810550715774298,0.004817966837435961,0.0047991955652832985
519522,pgd_eps0.008_alpha0.005_iter2,0.6363636363636365,0.15909090909090912,0.97814703,44.8656454201403,0.9949425458908081,0.993614912033081,0.21504445374011993,0.04307818412780762,402736,0.009488903,0.005076923407614231,0.005067387130111456,0.005094325635582209
144784,pgd_eps0.008_alpha0.005_iter1,1.0000000000000002,0.5000000000000001,0.9794639,45.050447359940655,0.9961335062980652,0.997870922088623,0.15702953934669495,0.024847209453582764,405271,0.009293054,0.004779121372848749,0.004797229077666998,0.0047757187858223915
392228,pgd_eps0.008_alpha0.005_iter1,1.0000000000000002,0.5000000000000001,0.9772925,45.20959288050203,0.9952730536460876,0.9929822683334351,0.1892472505569458,0.025874733924865723,405020,0.009101251,0.004740066360682249,0.0047244541347026825,0.004520319867879152
488673,pgd_eps0.008_alpha0.005_iter6,0.2077922077922078,0.18298368298368295,0.9802079,44.235023746058964,0.9954620599746704,0.9975935816764832,0.1583629846572876,0.025753021240234375,399867,0.010251735,0.00557320611551404,0.005545942112803459,0.0055563198402523994
191013,pgd_eps0.008_alpha0.005_iter1,0.6818181818181819,0.6545454545454547,0.98191184,45.11257918893902,0.9964980483055115,0.9982206225395203,0.13406822085380554,0.014686942100524902,404814,0.009216566,0.0047370679676532745,0.0047351946122944355,0.004738026764243841
570169,pgd_eps0.008_alpha0.005_iter1,0.5000000000000001,0.0,0.9783711,45.1341466692352,0.9960352182388306,0.9973219037055969,0.1854475736618042,0.017217397689819336,404910,0.009188926,0.004726129584014416,0.004699937533587217,0.004735770635306835
224807,pgd_eps0.008_alpha0.005_iter2,0.28878933566433573,0.20451423576423577,0.98116,44.77015366569784,0.9960187673568726,0.9976752400398254,0.15644408762454987,0.04297792911529541,403400,0.009615246,0.005196551792323589,0.005133379716426134,0.005128161981701851
163562,pgd_eps0.008_alpha0.005_iter3,1.0000000000000002,0.4000000000000001,0.97563225,44.60296573321778,0.9941900968551636,0.9957801103591919,0.23231595754623413,0.04806637763977051,398056,0.009722532,0.00513889966532588,0.005184376146644354,0.0051939948461949825
136355,pgd_eps0.008_alpha0.005_iter2,0.42045454545454547,0.41090909090909095,0.9792685,44.87971370170609,0.9954990148544312,0.996792197227478,0.17891086637973785,0.04517495632171631,401672,0.009455822,0.005077071953564882,0.005047239828854799,0.00504008075222373
492362,pgd_eps0.008_alpha0.005_iter1,0.23376623376623382,0.21818181818181825,0.98362684,45.12622331223181,0.9968096613883972,0.9987761974334717,0.1282387524843216,0.01866990327835083,404896,0.009199433,0.00471873115748167,0.004713097587227821,0.004737793933600187
232563,pgd_eps0.008_alpha0.005_iter1,0.38636363636363646,0.27878787878787875,0.98078245,45.12510317254744,0.9960305094718933,0.9973706603050232,0.16385044157505035,0.02886974811553955,404311,0.009197712,0.004725228063762188,0.004729962907731533,0.004715855699032545
10977,pgd_eps0.008_alpha0.005_iter2,0.6666666666666669,0.25000000000000006,0.9782478,45.07608822938395,0.9955706596374512,0.9962364435195923,0.18846386671066284,0.049136996269226074,397630,0.009141176,0.004878902807831764,0.004881829023361206,0.004866308532655239
51598,pgd_eps0.008_alpha0.005_iter1,0.5000000000000001,0.3333333333333334,0.972019,45.04225948605337,0.9940228462219238,0.9722371101379395,0.2385624647140503,0.046680450439453125,405188,0.009302096,0.004773790016770363,0.004814196843653917,0.004778826143592596
32285,pgd_eps0.008_alpha0.005_iter1,1.0000000000000002,0.3333333333333334,0.97584504,45.060335021730864,0.9950814247131348,0.9935703873634338,0.19600561261177063,0.06638449430465698,405174,0.00927892,0.004784153308719397,0.004778992850333452,0.004766763187944889
520910,pgd_eps0.008_alpha0.005_iter1,1.0000000000000002,0.7500000000000002,0.975377,45.134883401148045,0.9950510859489441,0.9892187714576721,0.21556028723716736,0.04830050468444824,405009,0.009187026,0.004715904593467712,0.004703482612967491,0.004738952033221722
206411,pgd_eps0.008_alpha0.005_iter2,1.0000000000000002,0.6666666666666669,0.9775079,44.9249310003328,0.9948930740356445,0.9969162344932556,0.18826667964458466,0.040992796421051025,402809,0.009438575,0.005033455323427916,0.005040609277784824,0.005036221817135811
472375,pgd_eps0.008_alpha0.005_iter3,0.3333333333333334,0.12500000000000003,0.98566025,44.779335090370594,0.9974707365036011,0.9979502558708191,0.0985107570886612,0.014935612678527832,401325,0.009510727,0.004970656707882881,0.004850471392273903,0.005201383959501982
17436,pgd_eps0.008_alpha0.005_iter2,0.5000000000000001,0.38636363636363646,0.9835751,44.89576244157878,0.9963940382003784,0.9986441731452942,0.1463504284620285,0.029070377349853516,401992,0.009458376,0.005067048594355583,0.005057117901742458,0.0049881176091730595
177934,pgd_eps0.008_alpha0.005_iter2,0.31818181818181823,0.31263282172373086,0.9873554,44.79774327036888,0.9971784949302673,0.998755693435669,0.11912164092063904,0.027037620544433594,403853,0.009587399,0.005179168190807104,0.0050687165930867195,0.005096144042909145
165518,pgd_eps0.008_alpha0.005_iter1,1.0000000000000002,0.25000000000000006,0.97638255,45.04698778574381,0.9952178001403809,0.9972508549690247,0.20401999354362488,0.023278415203094482,405407,0.009302625,0.004787692800164223,0.004788421560078859,0.004784486256539822
571718,pgd_eps0.008_alpha0.005_iter1,0.3892045454545455,0.23788711288711292,0.9856653,45.156793396286176,0.9973130226135254,0.9990541934967041,0.13208827376365662,0.03202342987060547,404547,0.009158027,0.004693919792771339,0.004686637315899134,0.0047239274717867374
459467,pgd_eps0.008_alpha0.005_iter2,1.0000000000000002,0.3333333333333334,0.97587115,44.89328760792283,0.994157075881958,0.9946043491363525,0.22792646288871765,0.06044816970825195,402627,0.009460391,0.005048506893217564,0.0050652348436415195,0.005071710795164108
135673,pgd_eps0.008_alpha0.005_iter3,1.0000000000000002,0.5000000000000001,0.9734755,44.752740350773024,0.9925982356071472,0.9578027725219727,0.2891271114349365,0.10192489624023438,397408,0.009542236,0.00503211934119463,0.0050744288600981236,0.005074022803455591
134886,pgd_eps0.008_alpha0.005_iter1,0.7575757575757578,0.7121212121212123,0.97441053,45.03714542226626,0.9943423271179199,0.9884545207023621,0.25022467970848083,0.051445603370666504,405329,0.009307614,0.004790034145116806,0.004802900366485119,0.004790286999195814
485895,pgd_eps0.008_alpha0.005_iter2,1.0000000000000002,0.3333333333333334,0.98270506,44.89942059003509,0.9959664344787598,0.9985391497612,0.1642562448978424,0.04396247863769531,402977,0.0094625605,0.005076536908745766,0.0050515527836978436,0.0050416081212460995
287545,pgd_eps0.008_alpha0.005_iter1,1.0000000000000002,0.5000000000000001,0.9835298,45.13310578990673,0.9968305826187134,0.9987595081329346,0.12616771459579468,0.02400028705596924,404700,0.009186773,0.00472576217725873,0.004694811534136534,0.004736574366688728
577182,pgd_eps0.008_alpha0.005_iter2,0.8181818181818183,0.6666666666666669,0.9861954,44.71242145379311,0.9968676567077637,0.9992920160293579,0.1374778002500534,0.03552126884460449,403181,0.009683095,0.005190019030123949,0.005198562517762184,0.00519253546372056
289222,pgd_eps0.008_alpha0.005_iter2,0.4545454545454546,0.4363636363636364,0.9808579,44.88927751279456,0.9959533214569092,0.9979719519615173,0.1455266773700714,0.031987547874450684,403133,0.009485093,0.005061181727796793,0.005063922610133886,0.005061179865151644
372819,pgd_eps0.008_alpha0.005_iter2,0.5000000000000001,0.4000000000000001,0.987945,44.7630986687647,0.9965144395828247,0.9992713928222656,0.1401972472667694,0.03931689262390137,404459,0.009641395,0.00515054352581501,0.005170694552361965,0.005155523307621479
310072,pgd_eps0.008_alpha0.005_iter3,0.5757575757575758,0.3242424242424243,0.9818314,44.555182386262004,0.9952771663665771,0.9982808828353882,0.19173070788383484,0.0358043909072876,399136,0.009789989,0.005182892084121704,0.005197715014219284,0.005198661237955093
87144,pgd_eps0.008_alpha0.005_iter2,0.38636363636363646,0.35606060606060613,0.9870961,44.79189800914387,0.9973966479301453,0.9988451600074768,0.11091204732656479,0.023206770420074463,403649,0.009601555,0.005130522418767214,0.005128440912812948,0.00513409124687314
430875,pgd_eps0.008_alpha0.005_iter2,0.6363636363636365,0.3333333333333334,0.97053814,44.96513209585227,0.9924249649047852,0.9824669361114502,0.3310639560222626,0.08496665954589844,401091,0.009335062,0.005018479656428099,0.005002317018806934,0.004999509546905756
60347,pgd_eps0.008_alpha0.005_iter4,0.5000000000000001,0.4000000000000001,0.9887464,44.38104834405802,0.9969961047172546,0.999213457107544,0.11328082531690598,0.023379921913146973,402418,0.010090708,0.0054284995421767235,0.0054605440236628056,0.005437592975795269
42070,pgd_eps0.008_alpha0.005_iter4,0.3333333333333334,0.20000000000000004,0.9835165,44.439394209978154,0.996573805809021,0.9977248311042786,0.1324283331632614,0.01894855499267578,400986,0.010001508,0.005404006689786911,0.0053808256052434444,0.005394692998379469
420916,pgd_eps0.008_alpha0.005_iter2,0.6666666666666669,0.5000000000000001,0.98400426,44.862024534515555,0.9961189031600952,0.9986695051193237,0.1648710072040558,0.044715166091918945,403224,0.00951109,0.005094165913760662,0.005080244969576597,0.005072970874607563
453584,pgd_eps0.008_alpha0.005_iter1,0.5000000000000001,0.25000000000000006,0.98577785,45.082933796169044,0.9968292713165283,0.9986311793327332,0.11031055450439453,0.02202010154724121,405219,0.009250904,0.00475717568770051,0.00475383410230279,0.004766227677464485
296224,pgd_eps0.008_alpha0.005_iter3,0.4545454545454546,0.40909090909090917,0.9816163,44.61090283618308,0.9960821866989136,0.997880756855011,0.14625069499015808,0.033632516860961914,400197,0.009751397,0.005123378708958626,0.005173041019588709,0.005166907329112291
122606,pgd_eps0.008_alpha0.005_iter1,1.0000000000000002,0.3333333333333334,0.9854407,45.106173558055985,0.9971141815185547,0.9986714720726013,0.1060587540268898,0.02512294054031372,404978,0.009225423,0.004720267374068499,0.004745997954159975,0.004747956991195679
311909,pgd_eps0.008_alpha0.005_iter1,1.0000000000000002,0.3333333333333334,0.9852082,45.09319665753796,0.9972275495529175,0.9986671209335327,0.10507441312074661,0.02393472194671631,404708,0.009236576,0.004736629780381918,0.004749794490635395,0.004751218017190695
579893,pgd_eps0.008_alpha0.005_iter1,1.0000000000000002,0.5000000000000001,0.9805042,45.090865007078015,0.9963129758834839,0.9982120394706726,0.1864652931690216,0.03408092260360718,405171,0.0092398105,0.004763091914355755,0.004744493868201971,0.004751925356686115
284296,pgd_eps0.008_alpha0.005_iter1,1.0000000000000002,0.5000000000000001,0.9866697,45.1172647767456,0.9971669912338257,0.9989627599716187,0.13443276286125183,0.03945720195770264,405007,0.009210866,0.004708712920546532,0.004725557751953602,0.004749460611492395
221017,pgd_eps0.008_alpha0.005_iter3,1.0000000000000002,0.25000000000000006,0.98710793,44.53056867615384,0.9963080883026123,0.9988602995872498,0.12375188618898392,0.03418922424316406,402572,0.009880631,0.005211936309933662,0.005246458109468222,0.005242214072495699
315001,pgd_eps0.008_alpha0.005_iter3,0.2727272727272727,0.2024793388429752,0.98918647,44.49681443040002,0.9972423911094666,0.9993159770965576,0.0785423144698143,0.02440422773361206,399759,0.009875823,0.005244194995611906,0.005245715379714966,0.005244514439254999
439715,pgd_eps0.008_alpha0.005_iter5,0.5151515151515152,0.37808701993193977,0.98831373,44.09814358857667,0.996789813041687,0.9988982081413269,0.11923941969871521,0.02882486581802368,402443,0.010434115,0.005614374298602343,0.005629639141261578,0.005604037549346685
389566,pgd_eps0.008_alpha0.005_iter2,0.8181818181818183,0.5595238095238096,0.9812508,44.96702223522718,0.9958080053329468,0.9977207183837891,0.18649861216545105,0.053765058517456055,403275,0.009390111,0.0050291214138269424,0.005009979475289583,0.004979497753083706
122927,pgd_eps0.008_alpha0.005_iter3,1.0000000000000002,0.5000000000000001,0.97520286,44.678208729939854,0.9939521551132202,0.9959792494773865,0.2782585024833679,0.0441400408744812,399161,0.009651443,0.005105413030833006,0.005122554488480091,0.005112305749207735
225532,pgd_eps0.008_alpha0.005_iter2,0.2727272727272727,0.125,0.97621876,44.91651748298455,0.9948700666427612,0.9928300380706787,0.22571828961372375,0.03579139709472656,402303,0.0094243195,0.005057093687355518,0.005038632545620203,0.005035568028688431
13659,pgd_eps0.008_alpha0.005_iter1,0.8484848484848486,0.7518862090290662,0.9833967,45.11129778394839,0.9970942735671997,0.998653769493103,0.11142052710056305,0.02352076768875122,405171,0.009219911,0.00474091200158,0.004723249468952417,0.004748506937175989
419096,pgd_eps0.008_alpha0.005_iter1,1.0000000000000002,0.0,0.98428273,45.062835307177295,0.9971534609794617,0.9986686110496521,0.12849989533424377,0.01929032802581787,405288,0.009281938,0.004769381135702133,0.00478123314678669,0.00477552181109786
203488,pgd_eps0.008_alpha0.005_iter2,0.3333333333333334,0.14285714285714288,0.97835875,44.88484360867075,0.9951943755149841,0.9960964322090149,0.19239327311515808,0.03933978080749512,402211,0.009451833,0.005050085950642824,0.005079211201518774,0.005062323994934559
361268,pgd_eps0.008_alpha0.005_iter2,0.5000000000000001,0.25000000000000006,0.98604757,44.77775790096612,0.9963663816452026,0.9984180927276611,0.12949176132678986,0.03155016899108887,404214,0.009624914,0.005137205123901367,0.0051675098948180676,0.005126053001731634
466125,pgd_eps0.008_alpha0.005_iter1,0.19480519480519481,0.16666666666666669,0.9796508,45.07769298913772,0.996239185333252,0.9981921911239624,0.1467142403125763,0.02344149351119995,404987,0.009258218,0.004785913974046707,0.004778788425028324,0.0047166431322693825
414795,pgd_eps0.008_alpha0.005_iter4,0.6066711066711068,0.29965202261852986,0.9866119,44.354415422737276,0.9965197443962097,0.9988263845443726,0.11887946724891663,0.030614078044891357,402341,0.010131075,0.005475936457514763,0.005458530969917774,0.0054545048624277115
508101,pgd_eps0.008_alpha0.005_iter6,0.31818181818181823,0.25000000000000006,0.9768956,44.52001899286146,0.9930528402328491,0.9907640218734741,0.26238512992858887,0.06325507164001465,398755,0.009893585,0.005311287473887205,0.005359053611755371,0.005332489497959614
253386,pgd_eps0.008_alpha0.005_iter1,0.7727272727272729,0.6666666666666669,0.9725091,45.23285766514404,0.9957491755485535,0.9965014457702637,0.19763287901878357,0.03710585832595825,394228,0.008983422,0.004614975769072771,0.004621758591383696,0.004626396112143993
530854,pgd_eps0.008_alpha0.005_iter3,0.3636363636363637,0.2938912938912939,0.97598225,44.64267236336018,0.9943944811820984,0.9956140518188477,0.2398924082517624,0.052196502685546875,396051,0.009650078,0.005133249796926975,0.005144381430000067,0.005150275304913521
351810,pgd_eps0.008_alpha0.005_iter6,0.12121212121212122,0.09204287775716348,0.9805801,44.31299453252205,0.9954872131347656,0.9971799254417419,0.16980725526809692,0.03550952672958374,398838,0.010140503,0.005506782326847315,0.005472562275826931,0.005487148184329271
338624,pgd_eps0.008_alpha0.005_iter1,0.6969696969696971,0.5194805194805195,0.9827421,45.20496421170236,0.9963440299034119,0.9986735582351685,0.17334935069084167,0.04707658290863037,404350,0.009095434,0.0046576946042478085,0.004633400123566389,0.004693214315921068
138492,pgd_eps0.008_alpha0.005_iter5,1.0000000000000002,0.5000000000000001,0.97755545,44.56629167127805,0.9941732287406921,0.9971683025360107,0.2111881971359253,0.0270768404006958,395698,0.009774912,0.005245763808488846,0.005232350900769234,0.005229389760643244
263463,pgd_eps0.008_alpha0.005_iter2,0.20000000000000004,0.12500000000000003,0.981816,44.890710392816146,0.9962310791015625,0.9980888366699219,0.17293566465377808,0.038233399391174316,402897,0.009466087,0.0050647081807255745,0.005053472705185413,0.005059416871517897
226592,pgd_eps0.008_alpha0.005_iter1,1.0000000000000002,0.5000000000000001,0.9866013,45.11364134489678,0.9974870085716248,0.9990774393081665,0.10374614596366882,0.027901768684387207,404992,0.009215846,0.004729615058749914,0.004735274706035852,0.004724674858152866
378454,pgd_eps0.008_alpha0.005_iter2,1.0000000000000002,0.5000000000000001,0.97779304,44.9261081601678,0.9941660165786743,0.9856401085853577,0.24414582550525665,0.054444074630737305,402537,0.00941022,0.00503989402204752,0.0050287083722651005,0.005049446132034063
20059,pgd_eps0.008_alpha0.005_iter2,1.0000000000000002,0.3333333333333334,0.98766357,44.7431493322474,0.996810793876648,0.9991589188575745,0.13504551351070404,0.044126152992248535,404412,0.0096714785,0.0051543922163546085,0.0051695238798856735,0.005176497157663107
227686,pgd_eps0.008_alpha0.005_iter2,1.0000000000000002,0.25000000000000006,0.9855754,44.824884035317815,0.9964903593063354,0.999114990234375,0.14569424092769623,0.028227686882019043,402156,0.009553196,0.005127959884703159,0.005090570077300072,0.005074601620435715
476215,pgd_eps0.008_alpha0.005_iter2,1.0000000000000002,0.38636363636363646,0.97954106,44.90788673912633,0.9948479533195496,0.9916425347328186,0.19861459732055664,0.06606221199035645,403396,0.009466016,0.005026473198086023,0.005074089393019676,0.005051221698522568
247917,pgd_eps0.008_alpha0.005_iter1,0.7727272727272729,0.6060606060606062,0.98802036,45.06257293358569,0.9978184700012207,0.9990306496620178,0.05908624455332756,0.005366623401641846,405084,0.009278727,0.004770322237163782,0.004784807097166777,0.004767278209328651
439522,pgd_eps0.008_alpha0.005_iter2,1.0000000000000002,0.5000000000000001,0.97374773,44.892077511858815,0.9937943816184998,0.9862143993377686,0.2370823621749878,0.04783838987350464,402700,0.0094620185,0.005046039819717407,0.0050881896167993546,0.005040043033659458
479448,pgd_eps0.008_alpha0.005_iter13,0.19696969696969702,0.12718020283809758,0.9770246,43.99267895191379,0.9952563643455505,0.9975205659866333,0.18617184460163116,0.03247934579849243,395535,0.010520293,0.0057829441502690315,0.0057570976205170155,0.005676979199051857
424721,pgd_eps0.008_alpha0.005_iter3,0.27272727272727276,0.1701298701298702,0.9800134,44.54969483858758,0.9960066080093384,0.9977026581764221,0.15350770950317383,0.024669647216796875,399087,0.009796889,0.005232765804976225,0.00520063703879714,0.005197391379624605
26690,pgd_eps0.008_alpha0.005_iter2,0.5151515151515152,0.41219891219891225,0.97639376,44.950093032099694,0.9951769709587097,0.9955363273620605,0.19585013389587402,0.030265092849731445,399974,0.009372851,0.005017632152885199,0.005023893900215626,0.004979272838681936
558854,pgd_eps0.008_alpha0.005_iter2,0.8333333333333335,0.6666666666666669,0.98131686,44.905715875294945,0.9962213039398193,0.9981197118759155,0.15667815506458282,0.019372403621673584,402934,0.009455204,0.005069189704954624,0.005045678466558456,0.005038440227508545
176901,pgd_eps0.008_alpha0.005_iter1,0.6818181818181819,0.4545454545454546,0.97703457,45.10435494607849,0.995023250579834,0.9968875646591187,0.22307679057121277,0.051654696464538574,404985,0.00922325,0.004751142114400864,0.004729045554995537,0.004746158141642809
334767,pgd_eps0.008_alpha0.005_iter2,0.40909090909090917,0.29090909090909095,0.9858957,44.85697206727831,0.9968785643577576,0.9988502860069275,0.14172875881195068,0.03787153959274292,404062,0.009536719,0.005117401480674744,0.0050861709751188755,0.005067476537078619
301563,pgd_eps0.008_alpha0.005_iter1,0.3333333333333334,0.25000000000000006,0.9782075,45.08338899982421,0.9949619174003601,0.9958943724632263,0.2078215777873993,0.05336928367614746,405117,0.009251365,0.004756153095513582,0.004762751050293446,0.004756615962833166
86755,pgd_eps0.008_alpha0.005_iter5,0.18181818181818185,0.15584415584415587,0.97837454,44.35599196599934,0.9943685531616211,0.9917080998420715,0.19555452466011047,0.04870247840881348,399763,0.010073707,0.005419058725237846,0.005391987506300211,0.005393494851887226
194471,pgd_eps0.008_alpha0.005_iter2,1.0000000000000002,0.3750000000000001,0.97526264,44.895104988502524,0.9947671294212341,0.9948791265487671,0.19346298277378082,0.029229462146759033,400146,0.009425298,0.004896351136267185,0.005093775223940611,0.005117927677929401
420281,pgd_eps0.008_alpha0.005_iter3,0.6666666666666669,0.40909090909090917,0.9802708,44.65131104468136,0.995814323425293,0.9978434443473816,0.15750163793563843,0.025707364082336426,399138,0.009686859,0.005143823102116585,0.005140975583344698,0.005128130316734314
533206,pgd_eps0.008_alpha0.005_iter2,0.5714285714285715,0.5555555555555558,0.9776352,44.94849174683874,0.9954699277877808,0.9978541135787964,0.1954863965511322,0.030917763710021973,401295,0.009377685,0.005058248061686754,0.005030416883528233,0.004936024080961943
99810,pgd_eps0.008_alpha0.005_iter3,0.3636363636363637,0.3333333333333334,0.97287303,44.71166490322746,0.9934760332107544,0.9927841424942017,0.30197930335998535,0.06935745477676392,398712,0.009602069,0.00509013794362545,0.005082303658127785,0.0050910175777971745
334483,pgd_eps0.008_alpha0.005_iter2,0.2,0.13739669421487608,0.9851385,44.73665565099181,0.9970146417617798,0.9984161853790283,0.11969376355409622,0.019914865493774414,402338,0.009632842,0.005173020530492067,0.0051654307171702385,0.005160311236977577
89670,pgd_eps0.008_alpha0.005_iter2,0.3333333333333334,0.25000000000000006,0.9764002,44.91898365172317,0.9949442744255066,0.9965496063232422,0.23527869582176208,0.05130302906036377,401761,0.009410293,0.005040826741605997,0.005045645404607058,0.005034860223531723
482275,pgd_eps0.008_alpha0.005_iter1,0.5126262626262627,0.4922410922410923,0.98753613,45.12116918697448,0.9977182149887085,0.999260663986206,0.09934719651937485,0.028229892253875732,405047,0.00920673,0.004732142668217421,0.004717961885035038,0.004734738729894161
404805,pgd_eps0.008_alpha0.005_iter5,0.5000000000000001,0.3333333333333334,0.98034143,44.46680494140828,0.9947258234024048,0.9981291890144348,0.19786256551742554,0.042854905128479004,398656,0.009928856,0.005311868153512478,0.005311077926307917,0.005321027711033821
2261,pgd_eps0.008_alpha0.005_iter5,0.5000000000000001,0.3333333333333334,0.98152167,44.33338896886144,0.9951704740524292,0.9980802536010742,0.18530042469501495,0.05948376655578613,398577,0.010086282,0.00542726693674922,0.005431005265563726,0.005401817616075277
425702,pgd_eps0.008_alpha0.005_iter3,1.0000000000000002,0.4000000000000001,0.9769456,44.61165266441935,0.9937804937362671,0.9850589036941528,0.27035102248191833,0.0838538408279419,400878,0.009746697,0.00516554107889533,0.005162377841770649,0.005156021099537611
36844,pgd_eps0.008_alpha0.005_iter1,0.38636363636363646,0.3267045454545455,0.9806817,45.100528539215496,0.996311366558075,0.9978623390197754,0.1379867047071457,0.028661787509918213,404143,0.009217469,0.004734532441943884,0.004750770516693592,0.004730594344437122
12576,pgd_eps0.008_alpha0.005_iter1,0.6233766233766236,0.585858585858586,0.98714167,45.091654615429555,0.9976568222045898,0.9990661144256592,0.09936955571174622,0.01801133155822754,404880,0.009240588,0.004747083410620689,0.004747182596474886,0.004756531212478876
361238,pgd_eps0.008_alpha0.005_iter1,0.3376623376623377,0.23636363636363641,0.9828522,45.16063585139989,0.9969777464866638,0.9988263845443726,0.11622874438762665,0.023961961269378662,404642,0.0091566825,0.004737570881843567,0.004691021516919136,0.004648095928132534
108253,pgd_eps0.008_alpha0.005_iter3,0.2828282828282829,0.2249248685199099,0.97915465,44.593852322367226,0.9958962202072144,0.9970046281814575,0.16302919387817383,0.034360289573669434,396822,0.009723929,0.0052157314494252205,0.005180882755666971,0.005106774158775806
319935,pgd_eps0.008_alpha0.005_iter10,0.41558441558441567,0.3681818181818183,0.9772292,44.1036955462856,0.9939389228820801,0.9968827962875366,0.21608386933803558,0.04556441307067871,396621,0.010388948,0.005667020101100206,0.005662070587277412,0.005663933698087931
3934,pgd_eps0.008_alpha0.005_iter1,0.5454545454545455,0.4791666666666668,0.98278475,45.13287747385772,0.9968805313110352,0.998511791229248,0.1288534700870514,0.01903599500656128,405032,0.009193598,0.00472786370664835,0.004705637227743864,0.004729569889605045
29596,pgd_eps0.008_alpha0.005_iter5,0.3750000000000001,0.3333333333333334,0.97717685,44.28670340216985,0.9945361614227295,0.9957983493804932,0.20166531205177307,0.043619513511657715,395064,0.010099633,0.005463174544274807,0.005445925518870354,0.005432978738099337
77460,pgd_eps0.008_alpha0.005_iter3,0.22727272727272727,0.21550520735303344,0.9784003,44.47304964492017,0.9950790405273438,0.9974219799041748,0.19040481746196747,0.054324209690093994,400729,0.009903114,0.005284904036670923,0.005259550176560879,0.00526204751804471
14439,pgd_eps0.008_alpha0.005_iter12,0.18181818181818185,0.17117918313570488,0.9834778,43.692638335198524,0.9949588775634766,0.9986038208007812,0.16465291380882263,0.03032904863357544,401466,0.010981486,0.006049387622624636,0.006113478913903236,0.005820673890411854
447314,pgd_eps0.008_alpha0.005_iter2,0.7272727272727274,0.3090909090909092,0.97716695,44.91116500618346,0.9946081042289734,0.9950240850448608,0.20451736450195312,0.04160618782043457,402531,0.009440584,0.005074384622275829,0.005044863093644381,0.005021493881940842
181303,pgd_eps0.008_alpha0.005_iter3,0.25000000000000006,0.14285714285714288,0.98144716,44.45487819975109,0.9946048259735107,0.998359739780426,0.2063467651605606,0.05564320087432861,402262,0.009956574,0.005266610998660326,0.005304462276399136,0.005292422603815794
58350,pgd_eps0.008_alpha0.005_iter2,0.5000000000000001,0.4285714285714287,0.97386163,44.98428354729037,0.9956905245780945,0.995686948299408,0.16312694549560547,0.031670212745666504,391949,0.0092551885,0.0049501340836286545,0.004952910356223583,0.0049485438503324986
26465,pgd_eps0.008_alpha0.005_iter1,0.5000000000000001,0.4166666666666668,0.9780214,45.16722346652442,0.9956991672515869,0.9960490465164185,0.1729896068572998,0.03863239288330078,405263,0.009148022,0.004708804655820131,0.0046941014006733894,0.0047151632606983185
246968,pgd_eps0.008_alpha0.005_iter1,0.33566433566433573,0.30259740259740264,0.98018736,45.09684224246173,0.9963054060935974,0.9979259967803955,0.15767034888267517,0.042356789112091064,404745,0.009229182,0.004743833094835281,0.004727527499198914,0.0047676339745521545
536947,pgd_eps0.008_alpha0.005_iter2,0.25000000000000006,0.1545454545454546,0.9833346,44.88029345139938,0.9962716102600098,0.9980787634849548,0.12741750478744507,0.035469889640808105,402978,0.009489283,0.005071517080068588,0.0050558471120893955,0.005055881571024656
286182,pgd_eps0.008_alpha0.005_iter2,0.29696969696969705,0.28327922077922085,0.98528963,44.788480267862184,0.9968931078910828,0.9986816048622131,0.11028587818145752,0.015018582344055176,402740,0.009584364,0.005144715774804354,0.005167931318283081,0.005078567657619715
561366,pgd_eps0.008_alpha0.005_iter5,0.5000000000000001,0.28571428571428575,0.97951144,44.488186317517666,0.9950984716415405,0.9973140954971313,0.16268190741539001,0.02883046865463257,395240,0.009863403,0.005292168818414211,0.005297048017382622,0.005297162104398012
380913,pgd_eps0.008_alpha0.005_iter2,0.4242424242424243,0.33939393939393947,0.9824769,44.80580835071356,0.9966797232627869,0.9985886216163635,0.1489754617214203,0.042661428451538086,402180,0.009566402,0.005104799289256334,0.00512918783351779,0.005112596321851015
32887,pgd_eps0.008_alpha0.005_iter3,0.18181818181818185,0.15000000000000005,0.9858899,44.65487809265768,0.9967820644378662,0.998815655708313,0.13634473085403442,0.03644275665283203,401724,0.009717487,0.005122767761349678,0.005137844011187553,0.005133363418281078
517687,pgd_eps0.008_alpha0.005_iter4,0.5000000000000001,0.25000000000000006,0.9803112,44.47998104740706,0.9945387840270996,0.9977105259895325,0.19837751984596252,0.056795597076416016,398884,0.009929411,0.0053613376803696156,0.005357061047106981,0.0053643290884792805
213035,pgd_eps0.008_alpha0.005_iter1,0.6363636363636364,0.4772727272727273,0.9747694,45.19068830534019,0.9952006340026855,0.9923180341720581,0.20251162350177765,0.054040610790252686,400112,0.009082097,0.004679217468947172,0.0046738446690142155,0.004683614242821932
399205,pgd_eps0.008_alpha0.005_iter2,0.24242424242424246,0.15367965367965367,0.989062,44.54626225379893,0.9975869059562683,0.9992099404335022,0.09821571409702301,0.02739119529724121,404615,0.009908693,0.005313503555953503,0.005328725092113018,0.005331737454980612
349837,pgd_eps0.008_alpha0.005_iter4,0.7878787878787881,0.42727272727272725,0.972724,44.660694497532496,0.9932963252067566,0.9895163774490356,0.27892327308654785,0.08725827932357788,396535,0.009675187,0.005235632881522179,0.0052218628115952015,0.0052246395498514175
350002,pgd_eps0.008_alpha0.005_iter1,0.5000000000000001,0.3333333333333334,0.9795782,45.003847529374845,0.9959146976470947,0.9982478022575378,0.1640298217535019,0.027702689170837402,405395,0.009349178,0.004819501657038927,0.004833839368075132,0.004809373989701271
131431,pgd_eps0.008_alpha0.005_iter2,1.0000000000000002,0.3333333333333334,0.98199505,44.865260636914684,0.9960088133811951,0.998321533203125,0.16695111989974976,0.03728461265563965,402936,0.009495448,0.005067682359367609,0.005081468261778355,0.00509917177259922
356248,pgd_eps0.008_alpha0.005_iter7,0.34090909090909094,0.30303030303030304,0.9819837,44.19092312986561,0.9953016042709351,0.9975706338882446,0.13942378759384155,0.01877117156982422,396818,0.010258056,0.005560474935919046,0.005528251640498638,0.005569711327552795
334399,pgd_eps0.008_alpha0.005_iter3,0.40909090909090917,0.3295454545454546,0.97391254,44.77359119551821,0.9947630763053894,0.993969738483429,0.2029830664396286,0.03070080280303955,392471,0.009460943,0.005055674351751804,0.004987645894289017,0.004974648356437683
57150,pgd_eps0.008_alpha0.005_iter1,0.2828282828282829,0.10909090909090909,0.980776,45.11591035899238,0.9963790774345398,0.998120903968811,0.16078341007232666,0.022976040840148926,405058,0.009212092,0.004734858870506287,0.004719441756606102,0.004749443382024765
363666,pgd_eps0.008_alpha0.005_iter1,0.30000000000000004,0.19598583234946876,0.9829428,45.104863182608696,0.9967777729034424,0.998841404914856,0.13216885924339294,0.02821141481399536,404735,0.0092225,0.004689711146056652,0.004769609775394201,0.004750755149871111
507235,pgd_eps0.008_alpha0.005_iter1,0.27272727272727276,0.20000000000000004,0.9889459,45.060768260832305,0.9982876777648926,0.9990958571434021,0.0476173534989357,0.004465937614440918,405376,0.009285811,0.004773798398673534,0.004779414739459753,0.004774073138833046
169996,pgd_eps0.008_alpha0.005_iter2,0.7090909090909092,0.590909090909091,0.985527,44.74816992770232,0.9970463514328003,0.9987013936042786,0.11624899506568909,0.028875112533569336,404316,0.009668293,0.005174391437321901,0.005172009579837322,0.005163697991520166
226417,pgd_eps0.008_alpha0.005_iter3,0.5000000000000001,0.48212121212121223,0.9836218,44.333622038196474,0.9962646961212158,0.9987361431121826,0.16890043020248413,0.04771643877029419,403343,0.010122191,0.005392361897975206,0.005379193462431431,0.005378358531743288
481573,pgd_eps0.008_alpha0.005_iter1,0.5000000000000001,0.3333333333333334,0.97818345,45.38659023858925,0.9971214532852173,0.998784065246582,0.0937739759683609,0.009402811527252197,392109,0.008797453,0.004409675486385822,0.004493555519729853,0.004547714255750179
56127,pgd_eps0.008_alpha0.005_iter3,0.16818181818181813,0.15501165501165504,0.9829193,44.56915307405778,0.9979090690612793,0.9981117248535156,0.06836898624897003,0.014892756938934326,393148,0.009716595,0.005193384364247322,0.0051698237657547,0.0051360223442316055
123480,pgd_eps0.008_alpha0.005_iter3,0.3333333333333334,0.20000000000000004,0.9739998,44.762504588157974,0.9934132099151611,0.9925801753997803,0.24317379295825958,0.048362135887145996,399188,0.00956263,0.005066637881100178,0.005060933064669371,0.00503739295527339
274687,pgd_eps0.008_alpha0.005_iter1,0.3333333333333334,0.0,0.98659605,45.09707082647185,0.9972254037857056,0.998141348361969,0.10347817838191986,0.02092820405960083,405119,0.0092361,0.00474780285730958,0.004741547629237175,0.004747258499264717
164637,pgd_eps0.008_alpha0.005_iter1,1.0000000000000002,0.3333333333333334,0.98348266,45.12926024141074,0.9966995120048523,0.998401403427124,0.10722050815820694,0.021577894687652588,405033,0.00919676,0.004723522812128067,0.00471368245780468,0.004733400419354439
178028,pgd_eps0.008_alpha0.005_iter2,0.5090909090909091,0.19480519480519481,0.9794975,44.96513186110073,0.9958574771881104,0.997524082660675,0.1557186394929886,0.02211439609527588,402127,0.009369181,0.005019226111471653,0.005033631809055805,0.00496674282476306
348216,pgd_eps0.008_alpha0.005_iter3,0.18181818181818182,0.07272727272727272,0.97787064,44.70548109036211,0.9947754740715027,0.9952561855316162,0.19242329895496368,0.0366748571395874,398939,0.009626903,0.005083018913865089,0.005086055025458336,0.0050989072769880295
345027,pgd_eps0.008_alpha0.005_iter3,0.3750000000000001,0.34090909090909094,0.9769411,44.48532690353567,0.9939689636230469,0.9814915060997009,0.22864623367786407,0.0481947660446167,400640,0.0098993145,0.005255671683698893,0.005273682530969381,0.00526404520496726
571804,pgd_eps0.008_alpha0.005_iter6,0.13636363636363638,0.10101010101010101,0.9730763,44.43377716729401,0.9927508234977722,0.9900081157684326,0.25548458099365234,0.0525745153427124,396499,0.009966457,0.005400600377470255,0.005405185278505087,0.0053966534323990345
140658,pgd_eps0.008_alpha0.005_iter1,1.0000000000000002,0.5000000000000001,0.9829208,45.226235429572895,0.9962648749351501,0.9973965883255005,0.1428905874490738,0.030138015747070312,401640,0.009026842,0.004688468761742115,0.004589458927512169,0.004610803909599781
102644,pgd_eps0.008_alpha0.005_iter1,0.5000000000000001,0.25000000000000006,0.9747347,45.107582621208486,0.9950344562530518,0.9959093332290649,0.22499635815620422,0.04394090175628662,405041,0.009222534,0.004744879901409149,0.004723076708614826,0.00475377356633544
581615,pgd_eps0.008_alpha0.005_iter1,1.0000000000000002,0.5000000000000001,0.9772165,45.008537250742066,0.9950410723686218,0.9953113198280334,0.14309608936309814,0.027959227561950684,405567,0.009345616,0.004815025720745325,0.004828340839594603,0.00480544613674283
279887,pgd_eps0.008_alpha0.005_iter1,0.2727272727272727,0.18181818181818185,0.98292017,45.1364418105579,0.9967417120933533,0.9988340139389038,0.14602935314178467,0.03197610378265381,404801,0.009185213,0.004704035818576813,0.004708247259259224,0.004729221574962139
230008,pgd_eps0.008_alpha0.005_iter1,0.8484848484848486,0.6363636363636365,0.9840145,45.07364116564319,0.9965617060661316,0.9992889761924744,0.16971397399902344,0.04360687732696533,405143,0.009261577,0.004770359024405479,0.0047668046317994595,0.004756738431751728
102356,pgd_eps0.008_alpha0.005_iter1,1.0000000000000002,0.3333333333333334,0.97940797,45.00716057956697,0.9956940412521362,0.9980400800704956,0.16023480892181396,0.02390432357788086,405337,0.009344358,0.004801156930625439,0.004847666248679161,0.004798911977559328
456394,pgd_eps0.008_alpha0.005_iter1,0.5000000000000001,0.09090909090909093,0.9847646,45.09215617800915,0.9974344968795776,0.9989026784896851,0.11621005833148956,0.026055335998535156,405235,0.0092428485,0.004753448534756899,0.004758257884532213,0.00474590202793479
323709,pgd_eps0.008_alpha0.005_iter3,1.0000000000000002,0.25000000000000006,0.9727235,44.630726867218435,0.9924817085266113,0.9671251773834229,0.30299293994903564,0.06959998607635498,397823,0.009684782,0.005122265312820673,0.0051495786756277084,0.005178398452699184
452122,pgd_eps0.008_alpha0.005_iter3,1.0000000000000002,0.5000000000000001,0.9685231,44.66923213775296,0.9911935329437256,0.923991858959198,0.37013089656829834,0.1186438798904419,398846,0.009662418,0.005087694153189659,0.005146207753568888,0.005147839896380901
579158,pgd_eps0.008_alpha0.005_iter5,0.3333333333333334,0.2734848484848485,0.9836089,44.29267429455614,0.9963094592094421,0.9984027147293091,0.13675910234451294,0.02944934368133545,399894,0.010159609,0.005448777228593826,0.005458872299641371,0.005460453685373068
525322,pgd_eps0.008_alpha0.005_iter3,1.0000000000000002,0.5000000000000001,0.96977925,44.791262122028066,0.9916040301322937,0.9379048347473145,0.3245916962623596,0.09284299612045288,392295,0.009425649,0.005024496465921402,0.00503328675404191,0.005036722403019667
33114,pgd_eps0.008_alpha0.005_iter1,0.5000000000000001,0.3636363636363637,0.9774906,45.00242507470709,0.9949586391448975,0.9965294599533081,0.1953626275062561,0.04360544681549072,405441,0.00935274,0.004813862033188343,0.0048389555886387825,0.004811043851077557
381639,pgd_eps0.008_alpha0.005_iter1,0.18181818181818185,0.13636363636363638,0.9909169,45.23187786944015,0.9984883069992065,0.9981757402420044,0.03893647715449333,0.004254400730133057,398958,0.008986972,0.004602562170475721,0.004599856212735176,0.00462065264582634
217614,pgd_eps0.008_alpha0.005_iter2,1.0000000000000002,0.5000000000000001,0.9913135,44.757011610081186,0.997563362121582,0.999488353729248,0.10286945104598999,0.03129088878631592,404703,0.009657297,0.005182173103094101,0.005157607141882181,0.005149783566594124
284445,pgd_eps0.008_alpha0.005_iter4,0.3553719008264463,0.3477372759106505,0.9853212,44.33039282791217,0.9968292117118835,0.9980607032775879,0.09756025671958923,0.010404407978057861,401518,0.01014603,0.005491203162819147,0.005493859760463238,0.005454529542475939
468124,pgd_eps0.008_alpha0.005_iter1,0.6666666666666669,0.4000000000000001,0.9846099,45.034082577336676,0.9968445301055908,0.9987156391143799,0.1160137802362442,0.02363443374633789,405226,0.009312483,0.00479475874453783,0.004809600301086903,0.0047823041677474976
187144,pgd_eps0.008_alpha0.005_iter8,0.2,0.15823919670073516,0.9817557,44.323302326274145,0.9950565695762634,0.9965724349021912,0.17607751488685608,0.03240782022476196,396987,0.010077532,0.005468347575515509,0.005451203789561987,0.005419009365141392
273198,pgd_eps0.008_alpha0.005_iter2,1.0000000000000002,0.5272727272727273,0.98556525,44.83051364856788,0.996856153011322,0.9987627267837524,0.12298396974802017,0.02492988109588623,403224,0.009552855,0.005104925483465195,0.005111173260957003,0.005100411828607321
95843,pgd_eps0.008_alpha0.005_iter1,1.0000000000000002,0.3333333333333334,0.97838426,45.14566014221305,0.9958161115646362,0.9974750876426697,0.17197668552398682,0.03795361518859863,403652,0.0091638975,0.004692019894719124,0.004728242289274931,0.004698545206338167
417779,pgd_eps0.008_alpha0.005_iter1,0.6590909090909092,0.5272727272727273,0.9859677,45.129353095539685,0.9969539642333984,0.9987746477127075,0.10867340117692947,0.0271795392036438,404921,0.009196235,0.004721874836832285,0.004711455665528774,0.004735767841339111
447342,pgd_eps0.008_alpha0.005_iter2,0.4545454545454546,0.259469696969697,0.9861409,44.760494441678645,0.996779203414917,0.999137818813324,0.1517373025417328,0.04628920555114746,403881,0.009642095,0.005200153682380915,0.005133024882525206,0.005128691904246807
490125,pgd_eps0.008_alpha0.005_iter2,0.6346153846153848,0.6037296037296039,0.98228043,44.88714355270112,0.9958958625793457,0.9984935522079468,0.16756850481033325,0.03542613983154297,403602,0.009493859,0.005071356426924467,0.005060887895524502,0.0050708395428955555
561009,pgd_eps0.008_alpha0.005_iter2,1.0000000000000002,0.14285714285714288,0.97733456,44.876835724473565,0.9950882196426392,0.9976639151573181,0.23674294352531433,0.054915428161621094,402487,0.009474881,0.005049052648246288,0.005076791625469923,0.005089804530143738
183675,pgd_eps0.008_alpha0.005_iter3,0.5000000000000001,0.21428571428571436,0.9825948,44.568427791528734,0.9952089190483093,0.9984340667724609,0.1737411618232727,0.03864860534667969,400665,0.00980887,0.005196007899940014,0.005209154449403286,0.0052026729099452496
290248,pgd_eps0.008_alpha0.005_iter1,0.17694805194805197,0.16970844811753905,0.98740333,45.220762076341934,0.9975733757019043,0.9989883899688721,0.1054917648434639,0.034174203872680664,403734,0.009070729,0.0047124759294092655,0.0045825825072824955,0.0046221306547522545
532058,pgd_eps0.008_alpha0.005_iter6,0.5000000000000001,0.196969696969697,0.97789127,44.491302024508755,0.9949272871017456,0.9962682127952576,0.17470204830169678,0.03892260789871216,396529,0.009895629,0.005343927536159754,0.005348621401935816,0.005357207264751196
214200,pgd_eps0.008_alpha0.005_iter3,1.0000000000000002,0.5000000000000001,0.98144954,44.54719143656825,0.9956446886062622,0.9979057312011719,0.15655219554901123,0.02429741621017456,400883,0.009835351,0.005231484770774841,0.0051467688754200935,0.005240177735686302
578093,pgd_eps0.008_alpha0.005_iter1,0.5000000000000001,0.3636363636363637,0.9866753,45.06162967461669,0.9973502159118652,0.9990758895874023,0.10498934984207153,0.03359025716781616,405349,0.0092804665,0.004778033122420311,0.004772522486746311,0.004773526918143034
369751,pgd_eps0.008_alpha0.005_iter1,0.8181818181818183,0.5984848484848485,0.9846819,45.08475995316089,0.9966925978660583,0.9988288879394531,0.14054015278816223,0.020996689796447754,405269,0.0092494385,0.004762159660458565,0.004770421423017979,0.004736423026770353
429011,pgd_eps0.008_alpha0.005_iter1,0.4000000000000001,0.28571428571428575,0.9792723,45.12998114010504,0.9957596659660339,0.9974149465560913,0.20669147372245789,0.04334259033203125,404844,0.009190946,0.004728538915514946,0.004712669178843498,0.004731917288154364
301061,pgd_eps0.008_alpha0.005_iter2,0.3333333333333334,0.20000000000000004,0.98475105,44.889963505817796,0.9969119429588318,0.9985647797584534,0.13149356842041016,0.025430500507354736,402782,0.009472564,0.005051448475569487,0.005056255962699652,0.005058227572590113
105264,pgd_eps0.008_alpha0.005_iter2,0.8636363636363638,0.6666666666666669,0.98017925,44.87225401847074,0.995258092880249,0.9967056512832642,0.19294267892837524,0.030238747596740723,403887,0.009505816,0.00505857402458787,0.005053357686847448,0.005104505456984043
267434,pgd_eps0.008_alpha0.005_iter1,1.0000000000000002,0.5000000000000001,0.9871402,45.20546432646944,0.9974686503410339,0.9989141821861267,0.09872899949550629,0.02535569667816162,403788,0.009090986,0.004702555015683174,0.004673866555094719,0.004592099692672491
25393,pgd_eps0.008_alpha0.005_iter1,0.6363636363636365,0.5454545454545454,0.9782664,45.08476630291084,0.9956262111663818,0.9963499307632446,0.1551523655653,0.023360490798950195,404836,0.0092498595,0.004754032474011183,0.004758778028190136,0.004762296564877033
471087,pgd_eps0.008_alpha0.005_iter2,1.0000000000000002,0.5000000000000001,0.9907949,44.92906911215446,0.9978988170623779,0.9991469383239746,0.08654416352510452,0.02953970432281494,403961,0.009457036,0.005030432716012001,0.005048543680459261,0.005019908770918846
106757,pgd_eps0.008_alpha0.005_iter4,0.27272727272727276,0.18181818181818185,0.9822609,44.48317926812443,0.9950166940689087,0.9979836940765381,0.17151705920696259,0.03167688846588135,401111,0.009951932,0.005372464656829834,0.0053602950647473335,0.005358083639293909
183648,pgd_eps0.008_alpha0.005_iter1,0.5000000000000001,0.3333333333333334,0.9846444,45.06167051292177,0.9966362714767456,0.9987879991531372,0.13219903409481049,0.04003751277923584,405135,0.009276957,0.004781206138432026,0.004765783902257681,0.004772798158228397
358525,pgd_eps0.008_alpha0.005_iter1,0.6666666666666669,0.5000000000000001,0.98299164,45.159273876288346,0.9968423843383789,0.9982710480690002,0.13167022168636322,0.026862144470214844,401569,0.009105413,0.00467799324542284,0.004676266107708216,0.0046825106255710125
49269,pgd_eps0.008_alpha0.005_iter3,1.0000000000000002,0.6666666666666669,0.9788193,44.73513511113542,0.9951077699661255,0.997374951839447,0.17288649082183838,0.02920699119567871,396150,0.009571236,0.005055535584688187,0.005078531336039305,0.004992873407900333
79144,pgd_eps0.008_alpha0.005_iter1,1.0000000000000002,0.5000000000000001,0.9890065,45.082991320855655,0.9976778030395508,0.9994118809700012,0.10740818828344345,0.03407317399978638,405199,0.009251457,0.004756140522658825,0.0047507137060165405,0.0047700838185846806
519688,pgd_eps0.008_alpha0.005_iter2,0.3333333333333334,0.0,0.97885853,44.89551972611929,0.9953098297119141,0.9971281290054321,0.19477902352809906,0.03177541494369507,402802,0.009466097,0.00505048269405961,0.005065119359642267,0.005058761686086655
130699,pgd_eps0.008_alpha0.005_iter2,0.47727272727272735,0.4327272727272728,0.9837935,44.81390953686525,0.9959120750427246,0.998630166053772,0.14958098530769348,0.03451722860336304,404044,0.009580539,0.00511495117098093,0.005129941739141941,0.0051264953799545765
215245,pgd_eps0.008_alpha0.005_iter2,0.5151515151515151,0.3831168831168832,0.98383933,44.747050313960195,0.9960438013076782,0.9979740381240845,0.14476768672466278,0.035287320613861084,404020,0.00965571,0.005187778268009424,0.0051630036905407906,0.0051622288301587105
91921,pgd_eps0.008_alpha0.005_iter2,1.0000000000000002,0.5000000000000001,0.98891187,44.768761003389116,0.9969136118888855,0.9990079402923584,0.10743361711502075,0.02617168426513672,404620,0.009649663,0.005144120659679174,0.0051660072058439255,0.0051480610854923725
218424,pgd_eps0.008_alpha0.005_iter1,0.5454545454545455,0.3636363636363637,0.9898122,45.04918856108482,0.9975246787071228,0.9994857311248779,0.09175718575716019,0.02361506223678589,405329,0.009295039,0.004788096994161606,0.004782078787684441,0.004780556075274944
473974,pgd_eps0.008_alpha0.005_iter3,0.8181818181818183,0.5000000000000001,0.98630124,44.45950747360362,0.9962598085403442,0.9992268681526184,0.15396066009998322,0.047200798988342285,403199,0.009975574,0.005263813305646181,0.005290665198117495,0.005294794216752052
405249,pgd_eps0.008_alpha0.005_iter3,0.2234848484848485,0.2133838383838384,0.98360926,44.43419886948483,0.9963713884353638,0.9982811212539673,0.13710282742977142,0.0292356014251709,401504,0.009976653,0.005309639498591423,0.005297565832734108,0.005311849061399698
235784,pgd_eps0.008_alpha0.005_iter1,1.0000000000000002,0.6666666666666669,0.98069423,45.12360846339739,0.9957163333892822,0.9956406950950623,0.16973094642162323,0.037428855895996094,403222,0.009174791,0.004696871154010296,0.0047200582921504974,0.00473451055586338
537506,pgd_eps0.008_alpha0.005_iter2,0.6727272727272728,0.5610389610389611,0.98109263,44.90503092691078,0.9962114691734314,0.9983255863189697,0.1748318076133728,0.037602245807647705,402298,0.00944705,0.005054899491369724,0.005045440047979355,0.0050531839951872826
119445,pgd_eps0.008_alpha0.005_iter3,0.7500000000000002,0.6666666666666669,0.9852515,44.41114885180178,0.9957598447799683,0.9987587332725525,0.15943846106529236,0.03689074516296387,403085,0.010020716,0.0052917092107236385,0.005333659239113331,0.005335784517228603
507015,pgd_eps0.008_alpha0.005_iter3,0.6818181818181819,0.3560606060606061,0.9839077,44.43069410866826,0.995189905166626,0.9983875155448914,0.16640335321426392,0.0348476767539978,402707,0.009991084,0.005270461551845074,0.005329385865479708,0.005320555996149778
173830,pgd_eps0.008_alpha0.005_iter1,0.5000000000000001,0.25000000000000006,0.9799108,45.040121398849635,0.9964172840118408,0.9972386956214905,0.10796982049942017,0.020337998867034912,405337,0.009307139,0.004796265158802271,0.0047931731678545475,0.004785473924130201
435081,pgd_eps0.008_alpha0.005_iter1,0.14801864801864803,0.10988344988344988,0.9930677,45.077710284805676,0.999110221862793,0.9993870854377747,0.01729918271303177,0.0020437240600585938,405241,0.00926364,0.004760425537824631,0.004761716816574335,0.00476560415700078
18575,pgd_eps0.008_alpha0.005_iter1,0.4285714285714287,0.292929292929293,0.9870656,45.07522904026854,0.9974555373191833,0.9991064667701721,0.09802299737930298,0.015679895877838135,405242,0.0092637995,0.00476733548566699,0.004769336432218552,0.0047546993009746075
373315,pgd_eps0.008_alpha0.005_iter2,1.0000000000000002,0.5000000000000001,0.97948927,44.90271540215971,0.9951916933059692,0.9973779916763306,0.20763814449310303,0.051189959049224854,403010,0.009465016,0.00503213657066226,0.005069410428404808,0.005059465765953064
227765,pgd_eps0.008_alpha0.005_iter4,0.4141414141414142,0.3628282828282829,0.98029846,44.525900872186384,0.9962859153747559,0.9981274604797363,0.14104266464710236,0.024998486042022705,394567,0.009825727,0.005348607432097197,0.005321522243320942,0.005244609899818897
13546,pgd_eps0.008_alpha0.005_iter2,0.5227272727272728,0.5090909090909091,0.98340505,44.778621411245034,0.9959675669670105,0.9986798167228699,0.1538638174533844,0.035012006759643555,403537,0.009619472,0.0051204306073486805,0.005164118483662605,0.0051398384384810925
67310,pgd_eps0.008_alpha0.005_iter1,0.9090909090909093,0.8636363636363638,0.986208,45.09424109353611,0.9972074031829834,0.9990208148956299,0.10995030403137207,0.016676902770996094,405117,0.009239011,0.00475916126742959,0.004747734870761633,0.004739181138575077
125936,pgd_eps0.008_alpha0.005_iter2,0.3636363636363637,0.3295454545454546,0.9820556,44.85853318634482,0.9964937567710876,0.9985039234161377,0.16039113700389862,0.0295180082321167,402959,0.009508098,0.00510649336501956,0.005092167295515537,0.005061043426394463
389109,pgd_eps0.008_alpha0.005_iter2,0.3787878787878789,0.3068181818181819,0.9784389,44.96301842033959,0.9958950281143188,0.9965320825576782,0.17467088997364044,0.030721724033355713,401037,0.00936793,0.0049716876819729805,0.005030827131122351,0.004949880763888359
184384,pgd_eps0.008_alpha0.005_iter2,0.4000000000000001,0.3333333333333334,0.9828965,44.82263798228117,0.9966537356376648,0.9981637001037598,0.14229318499565125,0.020688414573669434,402748,0.009543214,0.005133495200425386,0.005117241758853197,0.0050704823806881905
426329,pgd_eps0.008_alpha0.005_iter6,0.1181818181818182,0.08105828775891472,0.97488385,44.49753361908983,0.9943375587463379,0.996559739112854,0.2370505928993225,0.047613561153411865,393715,0.009855875,0.005360592622309923,0.005342376884073019,0.00534486211836338
128476,pgd_eps0.008_alpha0.005_iter2,0.6666666666666666,0.42727272727272736,0.9839739,44.871543437826915,0.9966344833374023,0.9987072348594666,0.14569997787475586,0.03129202127456665,402245,0.0094886115,0.005090560298413038,0.005081105977296829,0.005010392051190138
414034,pgd_eps0.008_alpha0.005_iter1,0.4000000000000001,0.3333333333333334,0.9817238,45.06845599470977,0.9963762164115906,0.9984757900238037,0.14768292009830475,0.02812337875366211,405202,0.009271007,0.004768162965774536,0.004769958555698395,0.004775801673531532
450488,pgd_eps0.008_alpha0.005_iter2,0.6666666666666669,0.3333333333333334,0.977341,44.943754239432884,0.9947802424430847,0.9962338805198669,0.21923448145389557,0.04651820659637451,402954,0.009412622,0.005024277605116367,0.005020359065383673,0.005034248344600201
99182,pgd_eps0.008_alpha0.005_iter4,0.3333333333333334,0.21428571428571436,0.974226,44.68499700149346,0.994928240776062,0.9959476590156555,0.21241743862628937,0.044354021549224854,393224,0.009642007,0.0051782154478132725,0.005190694238990545,0.005200198385864496
51738,pgd_eps0.008_alpha0.005_iter7,0.25000000000000006,0.18750000000000006,0.97421867,44.43336610741351,0.9935876727104187,0.9939302802085876,0.25036799907684326,0.05239880084991455,397500,0.009971633,0.005373060237616301,0.005352500826120377,0.005364453420042992
99039,pgd_eps0.008_alpha0.005_iter5,0.23376623376623382,0.21428571428571436,0.9824629,44.15867058495099,0.9960384368896484,0.9977254867553711,0.15471330285072327,0.028956294059753418,399048,0.010297874,0.005538667552173138,0.005533105228096247,0.005566759034991264
134882,pgd_eps0.008_alpha0.005_iter7,0.18181818181818185,0.14116161616161618,0.9862304,44.223543990590606,0.9969373941421509,0.9980760812759399,0.06640925258398056,0.010417461395263672,398594,0.010233607,0.005472313147038221,0.005570798646658659,0.005508141126483679
442323,pgd_eps0.008_alpha0.005_iter1,0.8000000000000002,0.5000000000000001,0.9778177,45.07281525477528,0.9955288767814636,0.9947091341018677,0.14136061072349548,0.030200302600860596,405065,0.009264944,0.004762501921504736,0.004767184611409903,0.0047697024419903755
351823,pgd_eps0.008_alpha0.005_iter1,1.0000000000000002,0.5000000000000001,0.9849627,45.107038034474265,0.9970908164978027,0.9989073872566223,0.09680679440498352,0.014343976974487305,405045,0.0092247985,0.00474909320473671,0.0047235554084181786,0.004749045707285404
65736,pgd_eps0.008_alpha0.005_iter3,1.0000000000000002,0.7500000000000002,0.97043854,44.67548712138764,0.9924470782279968,0.9823508858680725,0.30952703952789307,0.062107741832733154,397119,0.009623543,0.005097212269902229,0.005133305210620165,0.005123462527990341
1000,pgd_eps0.008_alpha0.005_iter1,0.40909090909090917,0.2736808645899555,0.9872009,45.113477742557095,0.9976422190666199,0.9990640878677368,0.09819067269563675,0.026214897632598877,404886,0.009213014,0.004736872389912605,0.004717225208878517,0.004741572309285402
379842,pgd_eps0.008_alpha0.005_iter2,0.5000000000000001,0.4545454545454546,0.97984153,44.897320055272644,0.9953206777572632,0.997566819190979,0.20175036787986755,0.04533743858337402,402791,0.009458545,0.005078632850199938,0.005053150001913309,0.005046706181019545
13923,pgd_eps0.008_alpha0.005_iter2,0.5113636363636365,0.509090909090909,0.9795203,44.85223603221621,0.9956502318382263,0.9964100122451782,0.17819944024085999,0.053269147872924805,402302,0.00949685,0.005088933277875185,0.005061030387878418,0.005076942499727011
559543,pgd_eps0.008_alpha0.005_iter1,0.6000000000000002,0.3000000000000001,0.9777873,45.12547105682795,0.9956892728805542,0.9962531328201294,0.18245288729667664,0.03988349437713623,404998,0.009198952,0.004742879886180162,0.004736525006592274,0.0047027720138430595
185890,pgd_eps0.008_alpha0.005_iter2,0.34090909090909094,0.2878787878787879,0.9860327,44.80413604991482,0.9970134496688843,0.9987638592720032,0.10142922401428223,0.020437002182006836,403376,0.009583134,0.005130041390657425,0.005128756631165743,0.005112611223012209
357978,pgd_eps0.008_alpha0.005_iter4,0.4025974025974027,0.37179487179487186,0.97914356,44.48437987124355,0.9954783320426941,0.9975784420967102,0.16623903810977936,0.02768385410308838,398957,0.009921371,0.005372283514589071,0.005351155996322632,0.005363657604902983
129492,pgd_eps0.008_alpha0.005_iter1,0.38636363636363646,0.3181818181818183,0.98176414,45.0860976515984,0.9963701963424683,0.9979491233825684,0.12724824249744415,0.02735745906829834,405129,0.009250377,0.004763579461723566,0.004754235967993736,0.00474888039752841
261097,pgd_eps0.008_alpha0.005_iter1,0.31818181818181823,0.261010101010101,0.98161536,45.20725095662465,0.9965164661407471,0.998277485370636,0.1601664125919342,0.025340259075164795,404774,0.009101732,0.004668415989726782,0.004631209187209606,0.004695191979408264
410510,pgd_eps0.008_alpha0.005_iter5,0.6666666666666669,0.4666666666666668,0.9734593,44.41430878481414,0.993769645690918,0.9934354424476624,0.22486883401870728,0.04256629943847656,393648,0.009923893,0.005362173542380333,0.005335473921149969,0.005344373639672995
39951,pgd_eps0.008_alpha0.005_iter2,0.7878787878787881,0.6590909090909092,0.9784822,44.840725624934805,0.9955029487609863,0.9974732398986816,0.1712237298488617,0.029375553131103516,402438,0.009516175,0.005088983103632927,0.005103996489197016,0.0050880140624940395
306700,pgd_eps0.008_alpha0.005_iter1,0.7500000000000002,0.6000000000000002,0.9815998,45.051220609192725,0.9964333772659302,0.9982653856277466,0.13187554478645325,0.015436828136444092,405288,0.009292957,0.0047973585315048695,0.004800671711564064,0.004745449870824814
146457,pgd_eps0.008_alpha0.005_iter3,0.5606060606060607,0.4283746556473829,0.98459405,44.54243642882677,0.9964747428894043,0.9986319541931152,0.1383008360862732,0.028872907161712646,402163,0.009857641,0.00522196339443326,0.005221561063081026,0.005214597098529339
214224,pgd_eps0.008_alpha0.005_iter1,0.27272727272727276,0.20454545454545459,0.97638625,45.14987654797682,0.9953855276107788,0.9950534105300903,0.2005489468574524,0.039487481117248535,404911,0.009171072,0.004704730119556189,0.004695594776421785,0.004725821781903505
332845,pgd_eps0.008_alpha0.005_iter2,1.0000000000000002,0.5000000000000001,0.97501487,44.99422950441202,0.9949958324432373,0.9935661554336548,0.2092941701412201,0.045961201190948486,398903,0.009302038,0.0049778856337070465,0.004974717739969492,0.004983688239008188
187271,pgd_eps0.008_alpha0.005_iter2,1.0000000000000002,0.5000000000000001,0.97591335,44.911866752701386,0.994721531867981,0.9949812889099121,0.1845012903213501,0.05229651927947998,401550,0.009410535,0.005045399535447359,0.00505148246884346,0.005042346194386482
462629,pgd_eps0.008_alpha0.005_iter3,0.6363636363636365,0.3303827751196173,0.97719485,44.694647781392035,0.9957849383354187,0.9977006912231445,0.16733461618423462,0.03940892219543457,393525,0.009579889,0.0050471508875489235,0.005068517755717039,0.00507277250289917
544565,pgd_eps0.008_alpha0.005_iter2,0.3090909090909092,0.22222222222222227,0.98626137,44.87720991061134,0.9975836277008057,0.9984771609306335,0.05657409131526947,0.0063561201095581055,402234,0.009474432,0.005069734062999487,0.005070144310593605,0.005075015593320131
369771,pgd_eps0.008_alpha0.005_iter1,0.21212121212121215,0.20779220779220783,0.98607016,45.19483107811575,0.9974774718284607,0.9990649819374084,0.10270887613296509,0.02052617073059082,404682,0.009116361,0.0046633463352918625,0.004664966836571693,0.004685336258262396
35963,pgd_eps0.008_alpha0.005_iter1,0.5454545454545455,0.13636363636363638,0.9889515,45.030982973571135,0.9975310564041138,0.9992086887359619,0.09588809311389923,0.01720142364501953,405384,0.009318064,0.004797172266989946,0.004811646416783333,0.004787276964634657
289516,pgd_eps0.008_alpha0.005_iter3,1.0000000000000002,0.5000000000000001,0.97811955,44.53072906726631,0.9942764043807983,0.9929335713386536,0.24003452062606812,0.042817115783691406,399347,0.009831198,0.005220063962042332,0.005220130551606417,0.005220093764364719
334309,pgd_eps0.008_alpha0.005_iter14,0.15151515151515152,0.07622377622377623,0.98066777,43.84195005184783,0.995276689529419,0.9980074167251587,0.1789298951625824,0.03641176223754883,398859,0.010754572,0.005858240649104118,0.005906802602112293,0.00586942071095109
452084,pgd_eps0.008_alpha0.005_iter3,0.20000000000000004,0.1666666666666667,0.9696047,44.90390204657116,0.9974844455718994,0.9983611106872559,0.07890339195728302,0.014283716678619385,377923,0.009210982,0.004936994984745979,0.004763708915561438,0.004855162929743528
301718,pgd_eps0.008_alpha0.005_iter1,0.5844155844155845,0.5656565656565657,0.9825726,45.10153849729274,0.9967995882034302,0.9984678626060486,0.13254600763320923,0.017011523246765137,405042,0.009230233,0.004746589343994856,0.004733606707304716,0.004755976609885693
429598,pgd_eps0.008_alpha0.005_iter1,0.7500000000000002,0.6666666666666669,0.98172957,45.09685748657016,0.9964621067047119,0.9983105659484863,0.13431210815906525,0.027996957302093506,404997,0.009234865,0.004751626867800951,0.004734859801828861,0.0047582159750163555
165257,pgd_eps0.008_alpha0.005_iter1,1.0000000000000002,0.25000000000000006,0.9792877,45.11881891661155,0.9958913326263428,0.9981328248977661,0.18695750832557678,0.042597293853759766,404979,0.009206292,0.004727337509393692,0.004718068987131119,0.004750157706439495
93437,pgd_eps0.008_alpha0.005_iter10,0.18181818181818185,0.1802232854864434,0.9790626,44.10008477831425,0.9936000108718872,0.9975992441177368,0.22151663899421692,0.043431878089904785,398682,0.010400878,0.005660546477884054,0.005655299872159958,0.005653592757880688
413552,pgd_eps0.008_alpha0.005_iter2,0.27272727272727276,0.18181818181818185,0.9769756,44.911624168261184,0.9951368570327759,0.9969228506088257,0.1968022882938385,0.040612101554870605,401621,0.009415806,0.005029842723160982,0.005048696417361498,0.005046376958489418
62025,pgd_eps0.008_alpha0.005_iter3,0.7500000000000002,0.6363636363636365,0.97712404,44.75706385751093,0.9947434663772583,0.9955021739006042,0.17678067088127136,0.029258251190185547,400926,0.009561691,0.005044394172728062,0.005057777743786573,0.005066441837698221
17379,pgd_eps0.008_alpha0.005_iter1,0.6666666666666669,0.4242424242424243,0.981565,45.12241770337188,0.9965125322341919,0.9976082444190979,0.11840496957302094,0.01754176616668701,404961,0.009205353,0.004725889768451452,0.004720133263617754,0.004742795135825872
176778,pgd_eps0.008_alpha0.005_iter2,0.6666666666666669,0.3333333333333334,0.9797842,44.863912911976016,0.9951254725456238,0.9966205954551697,0.17420397698879242,0.02798640727996826,402361,0.009506377,0.005068744998425245,0.005095114931464195,0.005059773102402687
104572,pgd_eps0.008_alpha0.005_iter1,0.2272727272727273,0.15151515151515152,0.9840331,45.13256521456217,0.9967985153198242,0.9986494183540344,0.14275705814361572,0.0424957275390625,404599,0.009186481,0.00471983989700675,0.004719978664070368,0.004711749032139778
90108,pgd_eps0.008_alpha0.005_iter3,1.0000000000000002,0.6000000000000002,0.9748551,44.62471497525419,0.9941186904907227,0.99213045835495,0.19193316996097565,0.04019194841384888,398872,0.009715614,0.005138182081282139,0.005169100593775511,0.0051665580831468105
89556,pgd_eps0.008_alpha0.005_iter1,0.4797979797979799,0.2966233766233767,0.9866955,45.19539657924916,0.9975621104240417,0.9987591505050659,0.11155073344707489,0.028253912925720215,401327,0.009070807,0.004654150456190109,0.004642263520509005,0.0046770512126386166
86220,pgd_eps0.008_alpha0.005_iter21,0.13636363636363638,0.13076923076923078,0.9809297,43.7683205557218,0.994947612285614,0.9977279305458069,0.18961772322654724,0.042427778244018555,401741,0.010869297,0.005990680307149887,0.005994773935526609,0.005841540638357401
508602,pgd_eps0.008_alpha0.005_iter2,0.7727272727272729,0.44318181818181823,0.9873612,44.97023548264268,0.9981398582458496,0.9987940788269043,0.08471383154392242,0.014745175838470459,401065,0.009358919,0.0049996222369372845,0.004989143460988998,0.004975645337253809
10363,pgd_eps0.008_alpha0.005_iter3,0.25000000000000006,0.15384615384615388,0.97785527,44.617376755309735,0.9941114187240601,0.9956905841827393,0.2248327136039734,0.056415677070617676,400916,0.009747926,0.005149338394403458,0.00515900319442153,0.005169042386114597
17178,pgd_eps0.008_alpha0.005_iter1,0.8636363636363638,0.5151515151515152,0.9857621,45.09216089741167,0.996579647064209,0.9987257719039917,0.13337630033493042,0.028612971305847168,404842,0.009236964,0.004758657421916723,0.004754854831844568,0.004729022737592459
507975,pgd_eps0.008_alpha0.005_iter2,0.3636363636363637,0.292929292929293,0.98752785,44.7570278718364,0.9974526166915894,0.9990853071212769,0.10548188537359238,0.020865678787231445,403795,0.009636603,0.005191274918615818,0.005147550255060196,0.005136356223374605
314177,pgd_eps0.008_alpha0.005_iter1,0.5000000000000001,0.4000000000000001,0.9791093,45.101097883691814,0.9958793520927429,0.9964500665664673,0.1424374282360077,0.029450416564941406,405168,0.0092306025,0.004750891122967005,0.0047464389353990555,0.004743346478790045
313182,pgd_eps0.008_alpha0.005_iter3,0.5454545454545456,0.31277056277056275,0.9821601,44.671168371925745,0.995398998260498,0.9956225752830505,0.20181217789649963,0.041061222553253174,394862,0.009559154,0.005057809874415398,0.005044801160693169,0.00505650183185935
538364,pgd_eps0.008_alpha0.005_iter2,0.2878787878787879,0.26363636363636367,0.98448986,44.86150307118491,0.9968945384025574,0.9986826181411743,0.1187855526804924,0.01812082529067993,402456,0.009490176,0.0050900774076581,0.0050887977704405785,0.005065045319497585
149406,pgd_eps0.008_alpha0.005_iter1,1.0000000000000002,0.3333333333333334,0.9903316,45.06169602295296,0.9983806610107422,0.999039888381958,0.02877948060631752,0.003209710121154785,405381,0.00928539,0.004767306614667177,0.004780069924890995,0.004780017305165529
180383,pgd_eps0.008_alpha0.005_iter2,0.5000000000000001,0.3333333333333334,0.98103696,44.906232529502844,0.9963603019714355,0.9980394840240479,0.1413690596818924,0.02578502893447876,401997,0.00943444,0.00505049666389823,0.005049144849181175,0.005047967657446861
449996,pgd_eps0.008_alpha0.005_iter3,0.27272727272727276,0.2556818181818182,0.97554487,44.471983888142425,0.9934715628623962,0.9446918964385986,0.26097291707992554,0.08579456806182861,398215,0.0098822825,0.005291879177093506,0.005275900941342115,0.005265035666525364
168619,pgd_eps0.008_alpha0.005_iter1,1.0000000000000002,0.5000000000000001,0.98308706,45.142644084791364,0.9966354370117188,0.998637855052948,0.12644164264202118,0.04451775550842285,403862,0.009165035,0.004705408122390509,0.004699823446571827,0.0047187418676912785
209613,pgd_eps0.008_alpha0.005_iter1,0.5,0.4318181818181818,0.98754674,45.085402656090594,0.9969131350517273,0.9992499947547913,0.12760108709335327,0.03884536027908325,405099,0.00924823,0.004763543140143156,0.004746925085783005,0.004757364746183157
103548,pgd_eps0.008_alpha0.005_iter2,0.590909090909091,0.48989898989899,0.9883254,44.764653310032145,0.9970671534538269,0.9992154240608215,0.1110154390335083,0.049625277519226074,404511,0.009644974,0.005166396964341402,0.005162876099348068,0.005151691846549511
469652,pgd_eps0.008_alpha0.005_iter3,1.0000000000000002,0.5000000000000001,0.9850759,44.60564372964264,0.9963793158531189,0.9989616274833679,0.15531876683235168,0.031911373138427734,400545,0.009758371,0.005154584068804979,0.005178238730877638,0.005174920428544283
15338,pgd_eps0.008_alpha0.005_iter2,0.5151515151515152,0.4000000000000001,0.9853236,44.904869685497026,0.9963709712028503,0.9984444975852966,0.14933449029922485,0.04580569267272949,402766,0.009455327,0.005052498076111078,0.005036218091845512,0.005026244092732668
512564,pgd_eps0.008_alpha0.005_iter2,0.27272727272727276,0.2623376623376624,0.98428637,44.79530034053653,0.996752142906189,0.9985345005989075,0.15034893155097961,0.04497087001800537,404216,0.009595365,0.0051798089407384396,0.0051315403543412685,0.005062439478933811
336658,pgd_eps0.008_alpha0.005_iter3,0.1818181818181818,0.14722222222222225,0.97608805,44.52693102236884,0.9944732189178467,0.9950340986251831,0.19236275553703308,0.05041450262069702,397743,0.0098160505,0.005172553472220898,0.005251811817288399,0.005230925045907497
568439,pgd_eps0.008_alpha0.005_iter1,0.31818181818181823,0.3090909090909092,0.985823,45.167995091722695,0.9969663619995117,0.9989514946937561,0.12299355864524841,0.027155935764312744,404622,0.009146304,0.004701100289821625,0.004677260760217905,0.004702515434473753
372317,pgd_eps0.008_alpha0.005_iter1,0.5000000000000001,0.25000000000000006,0.9830546,45.10850359104958,0.9965717792510986,0.9983493685722351,0.13760671019554138,0.02597987651824951,405113,0.009219769,0.0047316281124949455,0.004734146408736706,0.004752296023070812
476704,pgd_eps0.008_alpha0.005_iter1,0.7090909090909092,0.44318181818181823,0.9801009,45.06938792554833,0.9960693120956421,0.9976108074188232,0.16579636931419373,0.03742194175720215,405064,0.009268428,0.004773135297000408,0.004778982140123844,0.00475512258708477
260266,pgd_eps0.008_alpha0.005_iter3,0.5454545454545455,0.4318181818181819,0.97682476,44.63328259374918,0.9943991899490356,0.9900065064430237,0.19945316016674042,0.02847909927368164,396711,0.009669828,0.005169265437871218,0.005142272915691137,0.005133113358169794
106048,pgd_eps0.008_alpha0.005_iter1,1.0000000000000002,0.3333333333333334,0.978962,45.10826812399819,0.9958681464195251,0.9972923994064331,0.17355526983737946,0.03225862979888916,405059,0.009222208,0.004745777230709791,0.004734195303171873,0.004736792761832476
177893,pgd_eps0.008_alpha0.005_iter1,0.6363636363636365,0.4242424242424243,0.983716,45.35179526924415,0.9968335628509521,0.9979046583175659,0.15399447083473206,0.0391538143157959,397259,0.008817669,0.004507033154368401,0.004501604475080967,0.0045303357765078545
479099,pgd_eps0.008_alpha0.005_iter2,1.0000000000000002,0.5000000000000001,0.9903374,44.92491918801167,0.9975272417068481,0.9992963671684265,0.09787219762802124,0.03921329975128174,403736,0.009448304,0.005039355717599392,0.005033537279814482,0.005029614083468914
269196,pgd_eps0.008_alpha0.005_iter1,0.5454545454545455,0.2545454545454546,0.9832282,45.04418692592058,0.9966018199920654,0.9989436864852905,0.14633631706237793,0.0327187180519104,405315,0.009298523,0.004794543609023094,0.004789629951119423,0.004783018957823515
315450,pgd_eps0.008_alpha0.005_iter1,0.5681818181818183,0.5454545454545456,0.98102504,45.241326208261924,0.9963282346725464,0.9978625774383545,0.17010174691677094,0.03351092338562012,402168,0.009022411,0.004621181637048721,0.004599589854478836,0.004651321098208427
171050,pgd_eps0.008_alpha0.005_iter1,1.0000000000000002,0.5000000000000001,0.9817877,45.10246818222254,0.996530294418335,0.9982231259346008,0.12019897252321243,0.017637252807617188,404134,0.009219779,0.0046921949833631516,0.004721503239125013,0.00478906137868762
243867,pgd_eps0.008_alpha0.005_iter1,1.0000000000000002,0.7500000000000002,0.9780957,45.19082223666531,0.9957233667373657,0.9968875050544739,0.17854459583759308,0.037634074687957764,403120,0.009092521,0.004675998818129301,0.0046491785906255245,0.004674635827541351
263594,pgd_eps0.008_alpha0.005_iter73,0.11363636363636365,0.1085858585858586,0.9811456,43.76888342565686,0.9956855773925781,0.9978395700454712,0.18723905086517334,0.03327584266662598,400865,0.010866505,0.006020162720233202,0.005900029558688402,0.005933614447712898
147725,pgd_eps0.008_alpha0.005_iter1,0.5113636363636365,0.490909090909091,0.98121387,45.17454025298288,0.9960874319076538,0.9978815913200378,0.1678391695022583,0.0377812385559082,404601,0.009139366,0.004696456249803305,0.004681199323385954,0.00468469550833106
88432,pgd_eps0.008_alpha0.005_iter2,0.7878787878787881,0.5000000000000001,0.9871867,44.7334369653999,0.9972805380821228,0.9989141821861267,0.10614170134067535,0.015790164470672607,404191,0.009679474,0.005178700666874647,0.005172384437173605,0.005173510871827602
272364,pgd_eps0.008_alpha0.005_iter2,0.5454545454545455,0.3636363636363637,0.9865044,44.86869003863619,0.9969964027404785,0.9990508556365967,0.13924545049667358,0.02400660514831543,403454,0.009507579,0.0050890701822936535,0.0050698332488536835,0.00505942665040493
138979,pgd_eps0.008_alpha0.005_iter1,0.6060606060606062,0.4696969696969698,0.98161674,45.16585024070507,0.9966225624084473,0.9982737898826599,0.1488262414932251,0.03280019760131836,404752,0.009148316,0.0046884287148714066,0.004673023708164692,0.004723621532320976
519491,pgd_eps0.008_alpha0.005_iter1,0.5000000000000001,0.3333333333333334,0.9744095,45.12145740785365,0.9943000674247742,0.9843828678131104,0.22405275702476501,0.032672345638275146,405044,0.009206572,0.004729744046926498,0.004714894574135542,0.004741916432976723
100283,pgd_eps0.008_alpha0.005_iter1,0.6363636363636365,0.3484848484848485,0.9826544,45.065880825041646,0.9961905479431152,0.9976074695587158,0.13084012269973755,0.029238343238830566,405256,0.009273799,0.004764179233461618,0.004772871267050505,0.0047792126424610615
563653,pgd_eps0.008_alpha0.005_iter2,0.3272727272727273,0.23863636363636367,0.9837163,44.683695088480164,0.9962107539176941,0.9987399578094482,0.15928533673286438,0.046879708766937256,404134,0.00972599,0.005247225984930992,0.00521366111934185,0.0052071972750127316
345361,pgd_eps0.008_alpha0.005_iter4,0.25974025974025977,0.2409090909090909,0.9822425,44.3486459105785,0.9961276054382324,0.9982404112815857,0.15096700191497803,0.02493417263031006,398297,0.010073422,0.005471506156027317,0.005460284184664488,0.005478112027049065
475732,pgd_eps0.008_alpha0.005_iter2,1.0000000000000002,0.3333333333333334,0.98049545,44.92058954158941,0.9958111047744751,0.997794508934021,0.16492843627929688,0.03177875280380249,401221,0.009388279,0.004997858311980963,0.005055797751992941,0.005058435723185539
108244,pgd_eps0.008_alpha0.005_iter1,1.0000000000000002,0.0,0.9810092,45.07835607642053,0.9961446523666382,0.9973300099372864,0.1458262950181961,0.032519638538360596,405128,0.009259019,0.004765885416418314,0.0047615584917366505,0.004758198745548725
23230,pgd_eps0.008_alpha0.005_iter2,0.7272727272727274,0.3636363636363637,0.9905906,44.84157740112263,0.9972953200340271,0.999228298664093,0.0987413227558136,0.04920464754104614,404189,0.009556116,0.00512519059702754,0.005090545862913132,0.00508177001029253
73702,pgd_eps0.008_alpha0.005_iter1,0.38636363636363646,0.22077922077922082,0.98356867,45.07947888756833,0.9969390630722046,0.9986764788627625,0.12027259171009064,0.020692527294158936,405288,0.009257765,0.0047417813912034035,0.004766336176544428,0.0047714547254145145
521141,pgd_eps0.008_alpha0.005_iter1,0.7727272727272729,0.5757575757575758,0.9843967,45.171754010739,0.9970042109489441,0.9987691640853882,0.1254957616329193,0.02149641513824463,403241,0.00912,0.004692894406616688,0.004659551661461592,0.004687524866312742
61268,pgd_eps0.008_alpha0.005_iter1,0.25000000000000006,0.21212121212121215,0.9810141,45.34777600737434,0.9962587356567383,0.9969725012779236,0.16090992093086243,0.04081737995147705,399303,0.008856551,0.0045540002174675465,0.004530639853328466,0.004521329887211323
393093,pgd_eps0.008_alpha0.005_iter1,0.5757575757575758,0.36103896103896116,0.9854314,45.221337828766586,0.9971375465393066,0.9988489151000977,0.1340416967868805,0.052464425563812256,402259,0.0090428,0.004626093432307243,0.004627319052815437,0.004654452670365572
493566,pgd_eps0.008_alpha0.005_iter1,1.0000000000000002,0.3333333333333334,0.9794915,45.11403568768827,0.9955142736434937,0.9851345419883728,0.23039183020591736,0.06637179851531982,405009,0.009210311,0.004728080239146948,0.004725466948002577,0.004749101586639881
191471,pgd_eps0.008_alpha0.005_iter1,1.0000000000000002,0.5000000000000001,0.9814792,45.05945953040279,0.9963325262069702,0.9977529644966125,0.13674506545066833,0.03344619274139404,405221,0.009282032,0.004780186805874109,0.004775213077664375,0.004773010965436697
11122,pgd_eps0.008_alpha0.005_iter1,1.0000000000000002,0.5000000000000001,0.99059105,45.16647736644604,0.9979543685913086,0.9993411302566528,0.09203305840492249,0.03668636083602905,402780,0.00911988,0.004672896582633257,0.004681572783738375,0.004677223041653633
198510,pgd_eps0.008_alpha0.005_iter2,0.5000000000000001,0.3750000000000001,0.9833645,45.15215840279858,0.9962264895439148,0.9976152777671814,0.1180516853928566,0.01991361379623413,395922,0.009068595,0.004649033769965172,0.00487288786098361,0.004833612125366926
126592,pgd_eps0.008_alpha0.005_iter1,0.8181818181818183,0.7727272727272729,0.981982,45.20531165162413,0.9963846206665039,0.997824490070343,0.1674865186214447,0.03478193283081055,404608,0.009102999,0.004666944034397602,0.004637343343347311,0.004684587474912405
416269,pgd_eps0.008_alpha0.005_iter2,1.0000000000000002,0.3333333333333334,0.9812033,44.87620771650768,0.9955804347991943,0.9981547594070435,0.17245051264762878,0.0369492769241333,401992,0.009474231,0.005055652931332588,0.0050719548016786575,0.005053599365055561
133567,pgd_eps0.008_alpha0.005_iter1,1.0000000000000002,0.6666666666666669,0.9839286,45.12839668899092,0.9967150092124939,0.9987244009971619,0.13600803911685944,0.03166276216506958,404848,0.009193104,0.004740075208246708,0.004716787487268448,0.004708457738161087
521052,pgd_eps0.008_alpha0.005_iter1,1.0000000000000002,0.6666666666666669,0.9887093,45.09737088503037,0.9976863861083984,0.9992358684539795,0.09449293464422226,0.02457284927368164,404966,0.009235006,0.004746552556753159,0.004734281450510025,0.004757982213050127
186296,pgd_eps0.008_alpha0.005_iter1,1.0000000000000002,0.5000000000000001,0.98795134,45.02337940191506,0.9971844553947449,0.9991064071655273,0.09934644401073456,0.02993953227996826,405386,0.009327976,0.004791377577930689,0.004815359599888325,0.004804274998605251
415990,pgd_eps0.008_alpha0.005_iter1,0.5298438934802571,0.5138287638287639,0.98203486,45.101010296741734,0.9962455034255981,0.9975571632385254,0.1551842838525772,0.04331105947494507,405136,0.009231383,0.004755375441163778,0.0047348118387162685,0.004747091326862574
187236,pgd_eps0.008_alpha0.005_iter1,0.3333333333333334,0.13636363636363638,0.9687775,45.37049182934016,0.9944116473197937,0.9926221370697021,0.2085067480802536,0.05173361301422119,401564,0.008883183,0.004744436591863632,0.004547090269625187,0.004252249840646982
271728,pgd_eps0.008_alpha0.005_iter1,0.7575757575757577,0.5090909090909091,0.9798608,45.03095770261407,0.9958816766738892,0.9982396960258484,0.1469694972038269,0.027950823307037354,405242,0.009316953,0.004804614931344986,0.0047995345667004585,0.004792043473571539
460147,pgd_eps0.008_alpha0.005_iter1,0.22348484848484854,0.1821435644965057,0.98300546,45.22712277957037,0.996840238571167,0.9985025525093079,0.1492781639099121,0.036139607429504395,403811,0.009070238,0.004655421245843172,0.004637620877474546,0.0046405913308262825
77595,pgd_eps0.008_alpha0.005_iter1,1.0000000000000002,0.6666666666666669,0.98024064,45.08667270254111,0.9960207343101501,0.9985480308532715,0.18000781536102295,0.03745996952056885,405342,0.009247126,0.004766459576785564,0.004755101166665554,0.004746043123304844
278463,pgd_eps0.008_alpha0.005_iter2,0.3636363636363637,0.21338383838383837,0.98016816,44.84764880725645,0.9953908920288086,0.9973819255828857,0.17698229849338531,0.03223776817321777,403500,0.009530954,0.005101738031953573,0.0050911325961351395,0.005090152844786644
190140,pgd_eps0.008_alpha0.005_iter3,0.8484848484848486,0.7500000000000002,0.98052627,44.64103745575723,0.9953136444091797,0.9973803758621216,0.18899214267730713,0.03596872091293335,399943,0.009705198,0.00513436459004879,0.00514393113553524,0.0051451693288981915
476810,pgd_eps0.008_alpha0.005_iter1,0.4000000000000001,0.1666666666666667,0.9844311,45.06861762110327,0.996621310710907,0.997591495513916,0.11884703487157822,0.018955647945404053,405191,0.009270329,0.004769049119204283,0.004774589091539383,0.0047589438036084175
126216,pgd_eps0.008_alpha0.005_iter2,0.7272727272727274,0.3333333333333334,0.9889167,44.87132056984146,0.9970732927322388,0.9994107484817505,0.13059298694133759,0.05558806657791138,404313,0.00952112,0.00510397320613265,0.005071206483989954,0.005053121596574783
32901,pgd_eps0.008_alpha0.005_iter9,0.3506493506493507,0.3262970615243343,0.98280376,43.91798678982448,0.996174693107605,0.9976242780685425,0.11758951842784882,0.019116878509521484,398896,0.010646372,0.00580201018601656,0.005792597308754921,0.005812754854559898
407960,pgd_eps0.008_alpha0.005_iter1,0.6666666666666669,0.4000000000000001,0.9774888,45.10971379412216,0.9956607818603516,0.9964883327484131,0.18776382505893707,0.0408405065536499,404786,0.0092177745,0.004723734688013792,0.004744402132928371,0.0047422973439097404
84270,pgd_eps0.008_alpha0.005_iter1,0.1558769513314968,0.15303030303030304,0.98516923,45.165644801672144,0.9975160360336304,0.9988394379615784,0.10537777841091156,0.026865005493164062,402652,0.009134775,0.004680730868130922,0.004686756059527397,0.004696708172559738
267191,pgd_eps0.008_alpha0.005_iter1,0.8181818181818183,0.6666666666666669,0.98762584,45.13131483209097,0.9971997141838074,0.998904824256897,0.1092749685049057,0.03170901536941528,403723,0.009171472,0.004716743249446154,0.004706588573753834,0.004714515060186386
422836,pgd_eps0.008_alpha0.005_iter4,0.1272727272727273,0.11212121212121214,0.98128444,44.53305473654169,0.9958614110946655,0.9976758360862732,0.17616938054561615,0.04191172122955322,399842,0.009872881,0.0053312527015805244,0.005321758333593607,0.00529653113335371
493613,pgd_eps0.008_alpha0.005_iter1,1.0000000000000002,0.5000000000000001,0.98766756,45.00714660836019,0.9966673851013184,0.9993312954902649,0.12927983701229095,0.03395497798919678,405227,0.009342373,0.00482210423797369,0.0048268018290400505,0.004796093795448542
217948,pgd_eps0.008_alpha0.005_iter1,1.0000000000000002,0.5000000000000001,0.9866464,45.09963691188109,0.9968852400779724,0.9992635250091553,0.12448885291814804,0.04744124412536621,403986,0.009222617,0.004765951074659824,0.0047416165471076965,0.004705570172518492
317024,pgd_eps0.008_alpha0.005_iter2,1.0000000000000002,0.5000000000000001,0.9885016,44.885480925751864,0.9972305297851562,0.9993124604225159,0.10438385605812073,0.025962352752685547,404095,0.009507612,0.005066818557679653,0.005056592635810375,0.0050728218629956245
463522,pgd_eps0.008_alpha0.005_iter2,0.16363636363636364,0.12291280148423007,0.9829607,44.86505170875674,0.9962484240531921,0.9982823133468628,0.13283716142177582,0.035061419010162354,401942,0.009493875,0.005061452277004719,0.00508708693087101,0.005058398470282555
213547,pgd_eps0.008_alpha0.005_iter2,0.34848484848484856,0.24712430426716145,0.98403454,44.7765077954045,0.9968757629394531,0.9984906911849976,0.14256000518798828,0.02252519130706787,403515,0.009612063,0.005162002053111792,0.005143078975379467,0.005140185821801424
456015,pgd_eps0.008_alpha0.005_iter2,0.8636363636363638,0.4318181818181819,0.978113,44.87319577463242,0.994520366191864,0.9963281750679016,0.20450645685195923,0.047429561614990234,402950,0.009494053,0.00507536344230175,0.005073593929409981,0.005077647045254707
547886,pgd_eps0.008_alpha0.005_iter2,1.0000000000000002,0.4000000000000001,0.9751536,44.85448026354044,0.994046688079834,0.988848865032196,0.24942822754383087,0.05477207899093628,402356,0.00949468,0.0050825150683522224,0.005100937560200691,0.005081615876406431
124975,pgd_eps0.008_alpha0.005_iter3,0.5454545454545455,0.27272727272727276,0.98477316,44.476655373263796,0.9960120916366577,0.9991097450256348,0.1621488332748413,0.03225201368331909,402567,0.0099405795,0.0052549513056874275,0.005286352708935738,0.005273289047181606
378453,pgd_eps0.008_alpha0.005_iter2,0.6097337006427915,0.322503885003885,0.98604965,44.74308053213835,0.9969317317008972,0.999178946018219,0.14115586876869202,0.03562188148498535,404296,0.009662197,0.0051962221041321754,0.005173520650714636,0.005167577415704727
69356,pgd_eps0.008_alpha0.005_iter2,0.18181818181818185,0.16161616161616163,0.9901211,44.71294301898696,0.9977876543998718,0.9991730451583862,0.08551807701587677,0.0230904221534729,404162,0.009705359,0.005196137819439173,0.005186498165130615,0.005177824292331934
162415,pgd_eps0.008_alpha0.005_iter1,0.5000000000000001,0.3333333333333334,0.9820714,45.056924669252496,0.9970353841781616,0.9979951977729797,0.11341159790754318,0.02182137966156006,404966,0.00928278,0.004774677567183971,0.004779577720910311,0.004776884336024523
274708,pgd_eps0.008_alpha0.005_iter1,0.9090909090909093,0.5000000000000001,0.97537476,45.238152163681285,0.9948635101318359,0.9953526854515076,0.1915941685438156,0.038115739822387695,401897,0.009036663,0.004635276272892952,0.004653279669582844,0.004662549588829279
377113,pgd_eps0.008_alpha0.005_iter3,0.2272727272727273,0.18067033976124885,0.98509556,44.56514295352229,0.9959800243377686,0.9987772703170776,0.16064608097076416,0.04368555545806885,401859,0.009825752,0.0051912893541157246,0.005202382802963257,0.005212406627833843
79651,pgd_eps0.008_alpha0.005_iter2,1.0000000000000002,0.6666666666666669,0.98498803,44.87995773182625,0.996472954750061,0.99872887134552,0.10983121395111084,0.023012995719909668,402576,0.00947266,0.005054212175309658,0.0050776260904967785,0.005072338506579399
104669,pgd_eps0.008_alpha0.005_iter3,0.27272727272727276,0.20234248075157169,0.9825034,44.45652908996362,0.9964577555656433,0.9980418682098389,0.1360761970281601,0.020563781261444092,400697,0.009939246,0.005315306596457958,0.005266266409307718,0.005285623017698526
430377,pgd_eps0.008_alpha0.005_iter1,0.7727272727272729,0.5151515151515152,0.9783961,45.10689823036557,0.9956685304641724,0.9936733841896057,0.16108092665672302,0.02287083864212036,405025,0.009222936,0.004746374674141407,0.004727014806121588,0.00474815396592021
512776,pgd_eps0.008_alpha0.005_iter2,1.0000000000000002,0.6666666666666669,0.9722951,45.00569495912004,0.9960190653800964,0.9971401691436768,0.1697174608707428,0.03987550735473633,387895,0.009204072,0.0049085612408816814,0.0049181594513356686,0.004940645303577185
95155,pgd_eps0.008_alpha0.005_iter2,1.0000000000000002,0.840909090909091,0.98210126,44.881499235115626,0.994888186454773,0.9977505803108215,0.17500992119312286,0.04528510570526123,403529,0.009505177,0.005085042677819729,0.005064105615019798,0.005056105088442564
184978,pgd_eps0.008_alpha0.005_iter2,0.5000000000000001,0.3333333333333334,0.9819804,44.92490557146711,0.9962437152862549,0.9981892704963684,0.14186133444309235,0.033792078495025635,403194,0.0094332425,0.005068579223006964,0.005026741418987513,0.005022862460464239
199055,pgd_eps0.008_alpha0.005_iter1,1.0000000000000002,0.4000000000000001,0.986926,45.10129518346409,0.9972649812698364,0.9991698265075684,0.10931888222694397,0.015704870223999023,405149,0.009232844,0.004739050753414631,0.004745465703308582,0.004753283690661192
431848,pgd_eps0.008_alpha0.005_iter1,1.0000000000000002,0.5000000000000001,0.97942024,45.22432388012593,0.9963425397872925,0.9978052973747253,0.17896629869937897,0.029573798179626465,400210,0.009043185,0.004641632549464703,0.004624951630830765,0.0046677798964083195
333772,pgd_eps0.008_alpha0.005_iter1,0.590909090909091,0.5714285714285715,0.982075,45.136674644254384,0.9967788457870483,0.9982552528381348,0.12137254327535629,0.01780480146408081,404928,0.009186882,0.004719219170510769,0.004709203727543354,0.004727428779006004
128699,pgd_eps0.008_alpha0.005_iter2,0.9090909090909093,0.5000000000000001,0.97676593,44.81745537934786,0.9947453737258911,0.9948534965515137,0.22896528244018555,0.03524446487426758,403489,0.009555899,0.005109649151563644,0.005121077410876751,0.0051370644941926
121591,pgd_eps0.008_alpha0.005_iter2,0.5000000000000001,0.3750000000000001,0.9827958,45.071202020382586,0.9965068101882935,0.9971858859062195,0.1405913233757019,0.029248714447021484,395317,0.009114093,0.004881643690168858,0.0048652528785169125,0.004864392802119255
176799,pgd_eps0.008_alpha0.005_iter1,0.6666666666666669,0.27272727272727276,0.98589605,45.094226287762524,0.9971475601196289,0.9990465641021729,0.12798172235488892,0.03755468130111694,404980,0.009236661,0.004745834972709417,0.004746893886476755,0.004756821319460869
424521,pgd_eps0.008_alpha0.005_iter1,1.0000000000000002,0.5000000000000001,0.98129225,45.134345490528425,0.9962334036827087,0.9981330037117004,0.18301500380039215,0.02348858118057251,405006,0.009190188,0.004705980885773897,0.004714981187134981,0.00473954388871789
254016,pgd_eps0.008_alpha0.005_iter1,0.4545454545454546,0.15512820512820513,0.9837446,45.11579751148509,0.9971542358398438,0.9988425970077515,0.12803852558135986,0.017504572868347168,405110,0.00921274,0.0047374204732477665,0.004720954690128565,0.004744010046124458
523807,pgd_eps0.008_alpha0.005_iter1,0.5454545454545455,0.4242424242424243,0.9827135,45.15222372602352,0.9971061944961548,0.9984788298606873,0.13532263040542603,0.025240182876586914,404660,0.009168137,0.00472521735355258,0.004721762612462044,0.004663970321416855
73946,pgd_eps0.008_alpha0.005_iter1,0.21212121212121215,0.20000000000000004,0.9781869,45.09091370648764,0.9955633878707886,0.9962338805198669,0.18049167096614838,0.0359499454498291,404996,0.009241906,0.004743817262351513,0.004748786799609661,0.004761688411235809
230819,pgd_eps0.008_alpha0.005_iter3,1.0000000000000002,0.6666666666666669,0.9827445,44.56234227544133,0.9958106875419617,0.9984075427055359,0.17145225405693054,0.037698984146118164,400319,0.009805438,0.005185980815440416,0.005208734888583422,0.005221997387707233
82715,pgd_eps0.008_alpha0.005_iter3,0.5000000000000001,0.3333333333333334,0.9838519,44.58821009848922,0.995743453502655,0.9985933899879456,0.16122671961784363,0.05067884922027588,400788,0.009779233,0.00518023269250989,0.005193525459617376,0.0051911198534071445
85195,pgd_eps0.008_alpha0.005_iter2,0.6666666666666669,0.6000000000000002,0.9765497,44.89364207451504,0.9944977760314941,0.991181492805481,0.20463040471076965,0.03730696439743042,402176,0.009451461,0.005071557126939297,0.005065689794719219,0.005035351030528545
50828,pgd_eps0.008_alpha0.005_iter1,0.7500000000000002,0.3333333333333334,0.9766512,45.0325459879254,0.9951044917106628,0.9950631856918335,0.17178526520729065,0.03455853462219238,405139,0.009312405,0.004798642825335264,0.004802503157407045,0.00478757219389081
27696,pgd_eps0.008_alpha0.005_iter2,0.5000000000000001,0.3333333333333334,0.98125964,44.89759010038341,0.9961521029472351,0.9986072778701782,0.16827379167079926,0.03537231683731079,401512,0.00943885,0.0050905137322843075,0.005061822477728128,0.004972319584339857
62808,pgd_eps0.008_alpha0.005_iter1,0.5194805194805195,0.4848484848484849,0.9854386,45.09801976526404,0.9974602460861206,0.9989675283432007,0.10023969411849976,0.018597662448883057,405068,0.009233837,0.004753387067466974,0.004725221078842878,0.004757996648550034
497344,pgd_eps0.008_alpha0.005_iter2,0.7500000000000002,0.6666666666666669,0.97595185,44.89029555149429,0.9943860769271851,0.9918778538703918,0.2423626184463501,0.04270458221435547,401873,0.009442723,0.005041987169533968,0.005080808885395527,0.005063112359493971
361147,pgd_eps0.008_alpha0.005_iter1,0.6363636363636365,0.3602693602693603,0.9822071,45.09228512678534,0.9963223934173584,0.99826580286026,0.14571309089660645,0.021984875202178955,405113,0.009238856,0.0047601256519556046,0.004742943681776524,0.0047535402700304985
541123,pgd_eps0.008_alpha0.005_iter4,0.20454545454545456,0.17662337662337663,0.98161817,44.16256783642241,0.9955693483352661,0.9983125925064087,0.16039955615997314,0.03577691316604614,400309,0.010329842,0.005633294116705656,0.005609151907265186,0.005619306117296219
163611,pgd_eps0.008_alpha0.005_iter1,0.6000000000000002,0.47474747474747475,0.98738104,45.02969942472768,0.9975630640983582,0.9992547631263733,0.09394209831953049,0.027024388313293457,405228,0.009319121,0.004813057370483875,0.004805047996342182,0.004777913447469473
10707,pgd_eps0.008_alpha0.005_iter2,0.5454545454545455,0.4125874125874126,0.98090714,44.897042933206215,0.9962368011474609,0.9968025088310242,0.14344149827957153,0.025796234607696533,402186,0.009423664,0.004980761557817459,0.005078500136733055,0.00507283816114068
409630,pgd_eps0.008_alpha0.005_iter1,0.6666666666666669,0.5151515151515152,0.9776671,45.06234135805062,0.9953193664550781,0.9969826936721802,0.18141388893127441,0.03719973564147949,405261,0.009278915,0.004779974464327097,0.004778155125677586,0.004767817910760641
199395,pgd_eps0.008_alpha0.005_iter1,0.4545454545454546,0.38636363636363646,0.9755518,45.223248160989684,0.9944819808006287,0.9836699962615967,0.22433874011039734,0.04575645923614502,404671,0.00908237,0.004657598212361336,0.004615136422216892,0.004689744208008051
514797,pgd_eps0.008_alpha0.005_iter1,0.5000000000000001,0.3333333333333334,0.98023134,45.082646032922995,0.9958916902542114,0.997352659702301,0.15035298466682434,0.03398662805557251,405000,0.009251057,0.004754749126732349,0.004751004744321108,0.004763800650835037
514586,pgd_eps0.008_alpha0.005_iter2,0.31818181818181823,0.15692640692640694,0.98286086,44.8257593371122,0.9965142011642456,0.9983476996421814,0.15450972318649292,0.023011207580566406,402970,0.009540043,0.005120555870234966,0.005109711084514856,0.005107109434902668
279774,pgd_eps0.008_alpha0.005_iter1,0.6060606060606062,0.44155844155844165,0.9849615,45.08059212032669,0.9974031448364258,0.998731791973114,0.09186597168445587,0.011510848999023438,405187,0.009258288,0.004759042989462614,0.004759321920573711,0.0047661359421908855
474078,pgd_eps0.008_alpha0.005_iter3,0.5000000000000001,0.4000000000000001,0.98876995,44.398799364953916,0.9965376853942871,0.9989604353904724,0.10387735068798065,0.031058669090270996,403216,0.010041599,0.005327475257217884,0.0053421794436872005,0.005321485456079245
872,pgd_eps0.008_alpha0.005_iter6,0.18181818181818185,0.12824675324675328,0.9911782,44.22233388978067,0.9979699850082397,0.998676598072052,0.05186164379119873,0.005678892135620117,399934,0.010263051,0.00555525254458189,0.005580360069870949,0.005553769413381815
32038,pgd_eps0.008_alpha0.005_iter1,0.5000000000000001,0.4000000000000001,0.9586579,45.45729571731525,0.9949628710746765,0.989456057548523,0.21198877692222595,0.038726627826690674,368876,0.008524417,0.004415877163410187,0.004428850021213293,0.004332668613642454
261732,pgd_eps0.008_alpha0.005_iter4,0.6666666666666669,0.5000000000000001,0.9783519,44.566369854718786,0.9947183132171631,0.9973313212394714,0.19895035028457642,0.03356403112411499,395656,0.0097843595,0.0052885087206959724,0.005287512671202421,0.0052910917438566685
12120,pgd_eps0.008_alpha0.005_iter3,0.20454545454545456,0.15774793388429753,0.9786944,44.3322586376657,0.9950741529464722,0.9975299835205078,0.1715264618396759,0.03960847854614258,399306,0.010066023,0.005383430514484644,0.005388656165450811,0.0053766341879963875
346638,pgd_eps0.008_alpha0.005_iter2,0.7500000000000002,0.4285714285714287,0.9763956,45.02226883517451,0.9953471422195435,0.9962255954742432,0.15578244626522064,0.03156542778015137,400316,0.009282243,0.005047865677624941,0.005015906877815723,0.004701781552284956
306139,pgd_eps0.008_alpha0.005_iter1,0.41558441558441567,0.3454545454545455,0.98162824,45.13376172695032,0.9965599775314331,0.9982157349586487,0.14625898003578186,0.03343522548675537,404737,0.009186907,0.00471282796934247,0.004711249843239784,0.004733494017273188
288391,pgd_eps0.008_alpha0.005_iter1,1.0000000000000002,0.5000000000000001,0.9784875,45.06272805010478,0.9959267377853394,0.996683657169342,0.16770139336585999,0.022370874881744385,405176,0.0092770895,0.004768513608723879,0.00478584598749876,0.00476772291585803
564091,pgd_eps0.008_alpha0.005_iter1,0.6363636363636365,0.31818181818181823,0.980818,45.08839689335033,0.9961962699890137,0.9983166456222534,0.1599941998720169,0.02937173843383789,405000,0.009244839,0.004744790494441986,0.004764037672430277,0.0047559579834342
280930,pgd_eps0.008_alpha0.005_iter1,0.7500000000000002,0.7000000000000002,0.9789974,45.30077157900522,0.9965431094169617,0.9976469278335571,0.15723280608654022,0.0340580940246582,401470,0.008966815,0.00459906505420804,0.004569814074784517,0.004615559242665768
113867,pgd_eps0.008_alpha0.005_iter2,1.0000000000000002,0.3333333333333334,0.99291515,44.904187571324805,0.9980367422103882,0.9986051321029663,0.03207169100642204,0.009496510028839111,404370,0.009489608,0.005077987909317017,0.005045515485107899,0.0050148265436291695
159282,pgd_eps0.008_alpha0.005_iter1,0.5000000000000001,0.3333333333333334,0.97722834,45.11566302645535,0.9955717921257019,0.9960795044898987,0.19650152325630188,0.04196727275848389,404321,0.0092050005,0.004728278145194054,0.0047468869015574455,0.00472284434363246
97585,pgd_eps0.008_alpha0.005_iter1,0.5454545454545455,0.4484848484848486,0.9851143,45.07876641515166,0.9969382286071777,0.9987909197807312,0.10646261274814606,0.01950681209564209,405198,0.009258979,0.0047596837393939495,0.004759776871651411,0.00476154126226902
349678,pgd_eps0.008_alpha0.005_iter1,1.0000000000000002,0.5000000000000001,0.980896,45.17090299568963,0.9961957931518555,0.9977978467941284,0.1772734522819519,0.03641068935394287,404711,0.009146916,0.004690415225923061,0.004683002829551697,0.0046967254020273685
384136,pgd_eps0.008_alpha0.005_iter1,0.5000000000000001,0.20000000000000004,0.97784996,45.14613533360051,0.9959108233451843,0.9972983598709106,0.18648840487003326,0.030088067054748535,404991,0.009176982,0.004708550870418549,0.004692200571298599,0.0047339824959635735