image_id,variant,map_original,map_adversarial,SSIM,PSNR,MS-SSIM,FSIM,LPIPS,DISTS,L0,L2
397133,pgd_eps0.008_alpha0.005_iter8,0.15702479338842978,0.15303030303030304,0.97898364,44.02010282089848,0.995394229888916,0.9976463317871094,0.1745363473892212,0.03437906503677368,398650,0.010509938,0.005759110674262047,0.005726855248212814,0.00571459112688899
37777,pgd_eps0.008_alpha0.005_iter9,0.25000000000000006,0.2261072261072261,0.9716154,44.20909635846341,0.9937735795974731,0.9922412037849426,0.29658007621765137,0.05683773756027222,394895,0.010219118,0.0055728028528392315,0.005535454023629427,0.005542411934584379
252219,pgd_eps0.008_alpha0.005_iter11,0.20000000000000004,0.19230769230769237,0.9769309,43.92300186024039,0.9958471655845642,0.9981086254119873,0.1748390793800354,0.03766286373138428,397028,0.010623531,0.005603156052529812,0.005837974604219198,0.005861989688128233
174482,pgd_eps0.008_alpha0.005_iter1,0.38068181818181823,0.21103896103896108,0.982939,45.075810008891686,0.9965226650238037,0.9990667104721069,0.16519322991371155,0.026941299438476562,405028,0.009258448,0.004770246800035238,0.004762626253068447,0.004755592904984951
403385,pgd_eps0.008_alpha0.005_iter1,1.0000000000000002,0.3333333333333334,0.9799811,45.06918557848497,0.996274471282959,0.9968780875205994,0.11856983602046967,0.035039663314819336,405147,0.00927142,0.004769479855895042,0.004767059348523617,0.004772646818310022
6818,pgd_eps0.008_alpha0.005_iter1,1.0000000000000002,0.0,0.97843266,45.03975219780904,0.9957224130630493,0.9971095323562622,0.15567399561405182,0.022870421409606934,405319,0.00930594,0.0048043932765722275,0.0047937119379639626,0.004778121132403612
480985,pgd_eps0.008_alpha0.005_iter1,0.13636363636363635,0.07954545454545454,0.9870343,45.27461863142753,0.9979058504104614,0.9990182518959045,0.11341862380504608,0.014673471450805664,401109,0.008964959,0.004597651306539774,0.004568383563309908,0.0046117426827549934
296649,pgd_eps0.008_alpha0.005_iter2,0.11818181818181818,0.08453364817001181,0.9843227,44.76914804980897,0.9968123435974121,0.9987237453460693,0.14604808390140533,0.0413060188293457,403509,0.009622577,0.005169819109141827,0.005136771127581596,0.00513109564781189
386912,pgd_eps0.008_alpha0.005_iter1,0.1666666666666667,0.12500000000000003,0.98686236,45.13332115561343,0.9976625442504883,0.9990514516830444,0.09495508670806885,0.02505314350128174,405001,0.009193403,0.004718002397567034,0.004691073205322027,0.0047463844530284405
502136,pgd_eps0.008_alpha0.005_iter2,0.7727272727272729,0.3090909090909092,0.9818022,45.02950716203224,0.998181939125061,0.9983976483345032,0.0875568836927414,0.01908576488494873,391176,0.009219484,0.004931522998958826,0.004905741196125746,0.004902663640677929
491497,pgd_eps0.008_alpha0.005_iter5,0.20000000000000004,0.12500000000000003,0.9798842,44.332841253540096,0.9956976771354675,0.9980722069740295,0.16907264292240143,0.02881157398223877,399561,0.010094017,0.005444487556815147,0.005389081779867411,0.005412278231233358
348881,pgd_eps0.008_alpha0.005_iter3,0.18181818181818185,0.1666666666666667,0.98174375,44.75037002836132,0.996117115020752,0.9976259469985962,0.1532074213027954,0.039717674255371094,398207,0.009541409,0.005066795274615288,0.005022591445595026,0.005018911324441433
522713,pgd_eps0.008_alpha0.005_iter2,0.3333333333333334,0.2545454545454546,0.98027605,44.78252135343935,0.9952723383903503,0.9969695806503296,0.17794957756996155,0.05591583251953125,403403,0.009600331,0.005131099838763475,0.005158101208508015,0.005143457558006048
181666,pgd_eps0.008_alpha0.005_iter1,0.30303030303030304,0.25000000000000006,0.9799796,45.237894021822704,0.9962381720542908,0.9980061054229736,0.1751701533794403,0.04931294918060303,401403,0.009040685,0.004643834196031094,0.004600598942488432,0.004644447937607765
17627,pgd_eps0.008_alpha0.005_iter2,0.21212121212121215,0.1782762691853601,0.9805077,44.79753351361707,0.9958081245422363,0.9977277517318726,0.1479126214981079,0.03268158435821533,402955,0.009574534,0.005124283023178577,0.005132498685270548,0.005136194638907909
143931,pgd_eps0.008_alpha0.005_iter9,0.5000000000000001,0.3750000000000001,0.9803017,44.1895417721014,0.9954275488853455,0.9966558814048767,0.15099290013313293,0.029451191425323486,394419,0.0102493195,0.005587632767856121,0.00554825970903039,0.005569613538682461
303818,pgd_eps0.008_alpha0.005_iter1,0.4,0.2857142857142857,0.9886313,45.17176927930088,0.9974381327629089,0.9990965127944946,0.10115694999694824,0.018596410751342773,405043,0.00914624,0.004697617143392563,0.004668334499001503,0.004710556473582983
463730,pgd_eps0.008_alpha0.005_iter8,0.196969696969697,0.1940025252525253,0.97960496,44.00440486143435,0.9953820109367371,0.9980092644691467,0.1934417188167572,0.030800223350524902,399130,0.010529663,0.0057762195356190205,0.005726575385779142,0.005739195272326469
460347,pgd_eps0.008_alpha0.005_iter2,0.6666666666666669,0.6227272727272728,0.9822321,44.95742949935445,0.9960362315177917,0.9977931976318359,0.1567070037126541,0.02608102560043335,402819,0.009390875,0.005046678241342306,0.005009076092392206,0.004976535215973854
322864,pgd_eps0.008_alpha0.005_iter1,0.8545454545454547,0.5151515151515152,0.980777,45.18387529568899,0.9967919588088989,0.998271644115448,0.15480738878250122,0.024395763874053955,404838,0.009131111,0.004694851581007242,0.004660756792873144,0.004692803602665663
153299,pgd_eps0.008_alpha0.005_iter2,0.5454545454545455,0.27272727272727276,0.9902587,44.802872348766584,0.9984927177429199,0.9992536306381226,0.03729282319545746,0.0036743879318237305,402719,0.009566053,0.0051298425532877445,0.005125923547893763,0.005129110999405384
308394,pgd_eps0.008_alpha0.005_iter1,0.25000000000000006,0.1666666666666667,0.97536033,45.18949402014758,0.9960250854492188,0.9968893527984619,0.1732255071401596,0.03585493564605713,398930,0.009073907,0.004708254709839821,0.0046394262462854385,0.004633098375052214
456496,pgd_eps0.008_alpha0.005_iter3,0.6363636363636364,0.3402597402597403,0.98408335,44.609815422603376,0.9965581297874451,0.9984721541404724,0.15835294127464294,0.050488293170928955,400800,0.009749941,0.005179570522159338,0.005151307210326195,0.005137690808624029
41888,pgd_eps0.008_alpha0.005_iter1,1.0000000000000002,0.3333333333333334,0.9868848,45.078074775108036,0.9972424507141113,0.9991942644119263,0.12330298870801926,0.03457075357437134,405392,0.00926061,0.004773731343448162,0.004759043920785189,0.004754662048071623
184321,pgd_eps0.008_alpha0.005_iter1,1.0000000000000002,0.5000000000000001,0.9833166,45.1616384611994,0.9966545104980469,0.9983101487159729,0.11969617754220963,0.027199089527130127,404842,0.009159002,0.004707885906100273,0.0046709501184523106,0.004718370269984007
565778,pgd_eps0.008_alpha0.005_iter2,0.3333333333333334,0.25000000000000006,0.9857071,44.78688668853289,0.9967917799949646,0.9992409348487854,0.15635043382644653,0.026345252990722656,403053,0.009596965,0.005141705274581909,0.005131161771714687,0.005128529854118824
297343,pgd_eps0.008_alpha0.005_iter3,1.0000000000000002,0.3333333333333334,0.9736783,44.669961519817996,0.993786096572876,0.98442542552948,0.22806653380393982,0.04779535531997681,397998,0.009642327,0.005141958594322205,0.005112675949931145,0.005107779987156391
336587,pgd_eps0.008_alpha0.005_iter1,0.5000000000000001,0.20000000000000004,0.98586965,45.11951885826634,0.9971608519554138,0.998806893825531,0.11124598234891891,0.0365978479385376,405095,0.009210814,0.0047415983863174915,0.0047179339453577995,0.004732155241072178
122745,pgd_eps0.008_alpha0.005_iter3,1.0000000000000002,0.5000000000000001,0.9104378,45.32503333437259,0.989496648311615,0.9215481877326965,0.30607691407203674,0.08900916576385498,310750,0.008221916,0.0043875472620129585,0.004394764080643654,0.004374562297016382
555705,pgd_eps0.008_alpha0.005_iter2,1.0000000000000002,0.1090909090909091,0.9802861,45.008572022532874,0.9962155222892761,0.9984490871429443,0.19945845007896423,0.028758883476257324,401297,0.009315757,0.0050058625638484955,0.004950882401317358,0.00495539978146553
443303,pgd_eps0.008_alpha0.005_iter2,0.3333333333333334,0.0,0.97656745,44.902959569840775,0.9953212738037109,0.9966714978218079,0.1992649883031845,0.03430294990539551,402564,0.009446024,0.005069957580417395,0.005053150001913309,0.005043627228587866
500663,pgd_eps0.008_alpha0.005_iter2,0.18181818181818182,0.12121212121212122,0.9805421,44.83995688414232,0.995669960975647,0.9966295957565308,0.16801990568637848,0.05168825387954712,402785,0.0095235165,0.005101181101053953,0.005103375297039747,0.0050806086510419846
418281,pgd_eps0.008_alpha0.005_iter2,0.5454545454545455,0.0,0.98416805,44.73131674702535,0.9962592124938965,0.9986385107040405,0.14926637709140778,0.03722149133682251,403775,0.009667014,0.005174698773771524,0.005190436262637377,0.005176590755581856
25560,pgd_eps0.008_alpha0.005_iter2,0.5000000000000001,0.25000000000000006,0.9786489,44.93229059431812,0.9959091544151306,0.9974114894866943,0.1565539538860321,0.0237351655960083,402299,0.009408607,0.005054466892033815,0.00502242986112833,0.005010438151657581
403817,pgd_eps0.008_alpha0.005_iter1,0.3333333333333334,0.0,0.97635174,45.29314364469912,0.9957813024520874,0.9967719912528992,0.16378720104694366,0.03509223461151123,403146,0.008985278,0.004710695240646601,0.004649218171834946,0.004397447220981121
85329,pgd_eps0.008_alpha0.005_iter8,0.5000000000000001,0.12500000000000003,0.96949583,44.4099119728168,0.9933058619499207,0.9760253429412842,0.3305320739746094,0.09680044651031494,388470,0.0099204425,0.005449514836072922,0.005401376634836197,0.005383964162319899
329323,pgd_eps0.008_alpha0.005_iter2,0.2727272727272727,0.1930735930735931,0.9830675,44.93610248469943,0.996880054473877,0.9985612034797668,0.15313896536827087,0.023861348628997803,402754,0.009413333,0.005066937301307917,0.005009378772228956,0.005003458354622126
286994,pgd_eps0.008_alpha0.005_iter1,0.8181818181818183,0.3333333333333334,0.98491764,45.02753636416099,0.9969909191131592,0.9987479448318481,0.12082827836275101,0.03520607948303223,405413,0.009323083,0.004802120849490166,0.004805640317499638,0.004797337576746941
511321,pgd_eps0.008_alpha0.005_iter2,0.5454545454545455,0.27272727272727276,0.98254555,45.01786025112195,0.9964946508407593,0.9978532195091248,0.16386765241622925,0.023059725761413574,403118,0.009328898,0.005003282800316811,0.0049637253396213055,0.00494259363040328
314294,pgd_eps0.008_alpha0.005_iter2,0.5454545454545455,0.3333333333333334,0.98436147,44.78608611795478,0.9963630437850952,0.999255359172821,0.1860901564359665,0.04440784454345703,403832,0.009608668,0.00513456342741847,0.005129695404320955,0.005144255701452494
233771,pgd_eps0.008_alpha0.005_iter2,0.2181818181818182,0.21250000000000002,0.9827983,44.95171336679175,0.9980449676513672,0.9987024068832397,0.06276049464941025,0.013150572776794434,387450,0.009240859,0.0049416301771998405,0.004930391442030668,0.0049204835668206215
475779,pgd_eps0.008_alpha0.005_iter2,1.0000000000000002,0.5000000000000001,0.9908826,44.79018456936493,0.9976282119750977,0.9993730783462524,0.09651356935501099,0.03593909740447998,404416,0.009615075,0.0051284488290548325,0.005138937383890152,0.0051417783834040165
301867,pgd_eps0.008_alpha0.005_iter1,0.3333333333333334,0.25000000000000006,0.98691934,45.12067968203329,0.9976705312728882,0.9991059899330139,0.10249137133359909,0.028682947158813477,404727,0.009201336,0.00473184185102582,0.00471833162009716,0.004732316359877586
312421,pgd_eps0.008_alpha0.005_iter5,0.18181818181818182,0.16396103896103897,0.9778731,44.48669925413634,0.9956154227256775,0.9968965649604797,0.20746058225631714,0.04548048973083496,395875,0.009830953,0.005302495323121548,0.0052323974668979645,0.005242117680609226
185250,pgd_eps0.008_alpha0.005_iter3,0.38636363636363646,0.3333333333333334,0.9856183,44.51286079231692,0.9964679479598999,0.9988133311271667,0.1667141318321228,0.027633309364318848,400110,0.009836393,0.00521987397223711,0.005207668989896774,0.005207969341427088
356427,pgd_eps0.008_alpha0.005_iter2,0.31818181818181823,0.2075757575757576,0.9861583,44.81077908324654,0.9970318078994751,0.9988330602645874,0.14379842579364777,0.032735466957092285,403522,0.009574321,0.005136749241501093,0.005121484398841858,0.005090396385639906
572517,pgd_eps0.008_alpha0.005_iter1,0.5000000000000001,0.3333333333333334,0.9861436,45.08014771110435,0.9970598220825195,0.999168336391449,0.13781507313251495,0.026770055294036865,405250,0.009257612,0.0047676400281488895,0.004748526029288769,0.004768280778080225
270244,pgd_eps0.008_alpha0.005_iter2,1.0000000000000002,0.5000000000000001,0.98189,44.76413950221898,0.9959279894828796,0.9985518455505371,0.16055865585803986,0.03401827812194824,402790,0.009618969,0.005112187936902046,0.005176199600100517,0.005169649608433247
516316,pgd_eps0.008_alpha0.005_iter1,0.5000000000000001,0.3333333333333334,0.985678,45.044904302257194,0.9970123171806335,0.9988057613372803,0.10955323278903961,0.023702144622802734,405309,0.009302742,0.004797858186066151,0.004804587457329035,0.004760722629725933
562121,pgd_eps0.008_alpha0.005_iter1,0.6363636363636365,0.2727272727272727,0.98301786,45.050818306365656,0.9966601133346558,0.9987590909004211,0.13403715193271637,0.0459972620010376,405398,0.00929268,0.004783515352755785,0.0047889407724142075,0.0047772047109901905
360661,pgd_eps0.008_alpha0.005_iter4,0.8636363636363638,0.5757575757575758,0.97667474,44.44840073508367,0.9945348501205444,0.9963966608047485,0.2162715047597885,0.04017484188079834,398378,0.009953741,0.0053971498273313046,0.005389852914959192,0.005387135781347752
16228,pgd_eps0.008_alpha0.005_iter5,0.21212121212121215,0.17096792096792102,0.98104143,44.27923904621327,0.9958844184875488,0.9986395239830017,0.18184584379196167,0.0312800407409668,398350,0.010143467,0.005495631136000156,0.005444128066301346,0.005437592044472694
382088,pgd_eps0.008_alpha0.005_iter1,1.0000000000000002,0.5000000000000001,0.9829626,45.04348891875835,0.996518611907959,0.9990947246551514,0.1486678421497345,0.03596627712249756,405294,0.009301551,0.004788624122738838,0.004784419666975737,0.004792803432792425
266409,pgd_eps0.008_alpha0.005_iter4,0.5000000000000001,0.3333333333333334,0.9765398,44.492701717241594,0.9948147535324097,0.9954481720924377,0.20088765025138855,0.0503460168838501,398111,0.009894359,0.005390592385083437,0.005348071455955505,0.00533055467531085
430961,pgd_eps0.008_alpha0.005_iter1,0.8484848484848486,0.7912457912457915,0.97827774,45.12547163454063,0.9961699843406677,0.9977955222129822,0.19603995978832245,0.041557371616363525,405004,0.009199312,0.004736223258078098,0.0047093965113162994,0.004736258648335934
80671,pgd_eps0.008_alpha0.005_iter2,0.5000000000000001,0.3333333333333334,0.9734923,44.869717379256116,0.9941970705986023,0.9897072911262512,0.24534019827842712,0.054667651653289795,401856,0.009461414,0.005079894792288542,0.005082773044705391,0.005060888361185789
476258,pgd_eps0.008_alpha0.005_iter4,1.0000000000000002,0.6666666666666669,0.9774616,44.61475695024678,0.9945261478424072,0.9967966675758362,0.2372792363166809,0.05089759826660156,396372,0.009731706,0.0052737025544047356,0.005257097538560629,0.005252487491816282
448365,pgd_eps0.008_alpha0.005_iter1,0.6666666666666669,0.4000000000000001,0.98076123,45.115199808345146,0.9963496923446655,0.9984647631645203,0.15244168043136597,0.03219616413116455,404959,0.009212781,0.0047407629899680614,0.004722494166344404,0.004738317336887121
35197,pgd_eps0.008_alpha0.005_iter3,0.7727272727272729,0.5555555555555556,0.97611976,44.63166608054192,0.9949928522109985,0.9940747618675232,0.21171066164970398,0.027095675468444824,398617,0.009696246,0.00515775429084897,0.005143478978425264,0.005128359422087669
349860,pgd_eps0.008_alpha0.005_iter1,0.5000000000000001,0.4000000000000001,0.9737838,45.065277517493456,0.9948054552078247,0.993678867816925,0.23870322108268738,0.05063748359680176,405240,0.009275272,0.004768845625221729,0.004769895691424608,0.004778546281158924
180135,pgd_eps0.008_alpha0.005_iter2,0.5000000000000001,0.3333333333333334,0.9446063,45.38105086081227,0.9949523210525513,0.9817163348197937,0.22497892379760742,0.04066270589828491,349550,0.008481445,0.004512312822043896,0.004502277821302414,0.004509041551500559
486438,pgd_eps0.008_alpha0.005_iter2,0.40909090909090917,0.3977272727272728,0.9771874,44.924893966616466,0.9954816699028015,0.9969046115875244,0.2041049599647522,0.038354575634002686,401693,0.00939641,0.005061894189566374,0.0050299507565796375,0.005023271311074495
400573,pgd_eps0.008_alpha0.005_iter1,0.13636363636363635,0.0909090909090909,0.98465306,45.05836678217335,0.996971607208252,0.9988197684288025,0.11475342512130737,0.02038663625717163,405029,0.009279584,0.004778856877237558,0.00478089414536953,0.004769979976117611
109798,pgd_eps0.008_alpha0.005_iter1,0.5000000000000001,0.3333333333333334,0.9780035,45.19224659337696,0.9963840842247009,0.9981367588043213,0.1846444308757782,0.03130459785461426,402343,0.009103033,0.004692105110734701,0.0046715387143194675,0.004663114435970783
370677,pgd_eps0.008_alpha0.005_iter1,0.5681818181818183,0.4146594146594147,0.98230904,45.20737111890591,0.9970471858978271,0.9988641738891602,0.13944017887115479,0.030791759490966797,404671,0.009104358,0.00466095469892025,0.004647350404411554,0.004680942744016647
238866,pgd_eps0.008_alpha0.005_iter3,0.639009139009139,0.3340909090909091,0.98585206,44.63377218519664,0.9969507455825806,0.9987504482269287,0.14668366312980652,0.04743635654449463,401698,0.00972845,0.0051603359170258045,0.005134410224854946,0.005117887631058693
515579,pgd_eps0.008_alpha0.005_iter2,0.27272727272727276,0.1931818181818182,0.98219186,44.93640185227704,0.9970018863677979,0.9986609816551208,0.17606189846992493,0.039970993995666504,401034,0.009398393,0.005059954710304737,0.005014433059841394,0.005000145640224218
515445,pgd_eps0.008_alpha0.005_iter1,0.3727272727272728,0.0909090909090909,0.9813517,45.13388374138337,0.9965537786483765,0.9982406497001648,0.1511499285697937,0.04211890697479248,404997,0.009192428,0.004719460383057594,0.0047022453509271145,0.004738695919513702
438862,pgd_eps0.008_alpha0.005_iter1,0.6060606060606062,0.45454545454545464,0.9861863,45.08689236378714,0.9970741271972656,0.9990928173065186,0.13056960701942444,0.024221062660217285,405126,0.009249745,0.004760606214404106,0.00476118503138423,0.004743809811770916
180560,pgd_eps0.008_alpha0.005_iter2,0.5000000000000001,0.38636363636363646,0.977565,44.939026374749616,0.9955507516860962,0.9962388873100281,0.20841377973556519,0.04051846265792847,401762,0.009386762,0.005064193159341812,0.005014009308069944,0.0049931323155760765
39956,pgd_eps0.008_alpha0.005_iter2,0.5000000000000001,0.25000000000000006,0.97836804,44.879957480854955,0.9961413145065308,0.9976376891136169,0.1657402515411377,0.030930519104003906,398625,0.009439732,0.005096365697681904,0.005033507943153381,0.0049857692793011665
474028,pgd_eps0.008_alpha0.005_iter2,0.3636363636363637,0.18181818181818185,0.98670024,44.81724756166776,0.9971076250076294,0.999002993106842,0.1368914097547531,0.02385425567626953,404065,0.0095699625,0.005144557915627956,0.005119504872709513,0.0050902902148664
514508,pgd_eps0.008_alpha0.005_iter2,0.3636363636363637,0.14393939393939395,0.9851511,44.840251876095074,0.9974955916404724,0.9987839460372925,0.10271212458610535,0.020947933197021484,402832,0.009515455,0.005124163813889027,0.00508682057261467,0.005094054155051708
473237,pgd_eps0.008_alpha0.005_iter1,0.3333333333333334,0.0,0.9770484,45.08921703306587,0.9957728385925293,0.9969211220741272,0.21044248342514038,0.041142940521240234,405056,0.00924528,0.004754684865474701,0.004753598477691412,0.004753087647259235
206027,pgd_eps0.008_alpha0.005_iter1,0.31818181818181823,0.21212121212121215,0.9809503,45.11681332009252,0.9967042207717896,0.9980304837226868,0.138929545879364,0.02507460117340088,405180,0.009213636,0.004748416133224964,0.00471707945689559,0.004737081937491894
78915,pgd_eps0.008_alpha0.005_iter7,0.38636363636363646,0.35357142857142865,0.9852634,44.06534319326079,0.9961637854576111,0.9983558654785156,0.11331085115671158,0.015675127506256104,399262,0.010441769,0.0056806690990924835,0.005633158143609762,0.005646361503750086
551215,pgd_eps0.008_alpha0.005_iter1,0.5000000000000001,0.3333333333333334,0.9874454,45.076224716417464,0.9970299601554871,0.9988706111907959,0.10210468620061874,0.021861732006072998,405242,0.009261783,0.004757050424814224,0.004764908459037542,0.004772785119712353
544519,pgd_eps0.008_alpha0.005_iter2,0.5000000000000001,0.3333333333333334,0.9777231,44.93247756223936,0.9954867362976074,0.9963963031768799,0.20739531517028809,0.045097947120666504,402180,0.009404844,0.005046273581683636,0.005022427998483181,0.005014022812247276
96493,pgd_eps0.008_alpha0.005_iter2,0.3333333333333334,0.25000000000000006,0.9815328,44.850301300235394,0.99554842710495,0.9977767467498779,0.15902814269065857,0.028191864490509033,402659,0.009527469,0.00507983285933733,0.00508436094969511,0.0051031820476055145
340175,pgd_eps0.008_alpha0.005_iter28,0.14772727272727276,0.136969696969697,0.97715026,43.87094427732602,0.9946972727775574,0.9975781440734863,0.2066892832517624,0.05089634656906128,396893,0.010695815,0.0059069180861115456,0.005841023288667202,0.005838391371071339
578500,pgd_eps0.008_alpha0.005_iter6,0.18181818181818182,0.1212121212121212,0.9743498,44.38858955223643,0.9941105246543884,0.9888024926185608,0.2896050810813904,0.057544827461242676,394714,0.009989985,0.005511095747351646,0.005405818112194538,0.005376960150897503
366141,pgd_eps0.008_alpha0.005_iter1,0.25000000000000006,0.20000000000000004,0.978332,45.0832909651173,0.9961297512054443,0.997474730014801,0.14937123656272888,0.027560174465179443,405221,0.009253437,0.004759698174893856,0.004756605718284845,0.004755622241646051
57597,pgd_eps0.008_alpha0.005_iter2,0.21212121212121215,0.1460055096418733,0.98192996,44.85436296805945,0.9962382316589355,0.9980642795562744,0.1535181999206543,0.02388441562652588,403357,0.009511109,0.005132272839546204,0.005081736017018557,0.005060247145593166
559842,pgd_eps0.008_alpha0.005_iter4,0.4204545454545455,0.27651515151515155,0.98578376,44.224645747308244,0.9967252016067505,0.9985482096672058,0.14557038247585297,0.030145704746246338,402868,0.010273021,0.005610226187855005,0.0055635469034314156,0.005528038367629051
434230,pgd_eps0.008_alpha0.005_iter1,0.16363636363636364,0.09636363636363636,0.9862397,45.1593357408213,0.9974448680877686,0.9994702339172363,0.14907333254814148,0.03359133005142212,404918,0.009159041,0.004709880333393812,0.004695603623986244,0.004700006451457739
428454,pgd_eps0.008_alpha0.005_iter1,0.5000000000000001,0.4000000000000001,0.98066187,45.09039340466732,0.9960470199584961,0.9965181350708008,0.20064228773117065,0.05019795894622803,405123,0.009243125,0.0047537493519485,0.0047430903650820255,0.0047627659514546394
399462,pgd_eps0.008_alpha0.005_iter2,1.0000000000000002,0.3333333333333334,0.9845447,44.7441893217887,0.9964818358421326,0.9991790056228638,0.144109308719635,0.025518417358398438,403859,0.009657107,0.005158334504812956,0.005184090696275234,0.005185541696846485
261061,pgd_eps0.008_alpha0.005_iter1,0.3333333333333334,0.20000000000000004,0.98194665,45.13175379624914,0.9967833757400513,0.9987878799438477,0.14696501195430756,0.03258371353149414,404578,0.009187662,0.004710974171757698,0.004716937430202961,0.004733574576675892
168330,pgd_eps0.008_alpha0.005_iter6,0.27272727272727276,0.24675324675324678,0.9778983,44.440559694245685,0.9944342970848083,0.9969066977500916,0.2200198918581009,0.04407048225402832,397753,0.009969515,0.005454378202557564,0.005374095402657986,0.005353239830583334
383384,pgd_eps0.008_alpha0.005_iter62,0.13636363636363638,0.12025845075650365,0.9779218,43.59581833390065,0.9937106966972351,0.9973745346069336,0.22014278173446655,0.04983103275299072,398935,0.011093643,0.0061116754077374935,0.006110288668423891,0.006130116060376167
342006,pgd_eps0.008_alpha0.005_iter1,0.5000000000000001,0.3333333333333334,0.9811494,45.19520827416702,0.996114194393158,0.9973306059837341,0.16962265968322754,0.03774374723434448,404839,0.009118917,0.00468358863145113,0.004635121673345566,0.0047025131061673164
217285,pgd_eps0.008_alpha0.005_iter6,0.31818181818181823,0.3042507836990596,0.9842594,43.97829646223456,0.9966928958892822,0.9987869262695312,0.1428564041852951,0.04077303409576416,399878,0.010570718,0.005803425330668688,0.005754947662353516,0.005752751603722572
236412,pgd_eps0.008_alpha0.005_iter1,0.5000000000000001,0.3333333333333334,0.9861815,45.10785126598414,0.9973040819168091,0.998848557472229,0.10431840270757675,0.025661230087280273,405146,0.0092253415,0.00474349781870842,0.004729445092380047,0.004747284110635519
153343,pgd_eps0.008_alpha0.005_iter1,1.0000000000000002,0.5000000000000001,0.9846969,45.091181793998025,0.9968185424804688,0.9983800053596497,0.11208297312259674,0.018227696418762207,404841,0.009241954,0.004743403289467096,0.0047564129345119,0.004742034245282412
95786,pgd_eps0.008_alpha0.005_iter1,0.13636363636363638,0.09090909090909093,0.9752223,45.1297109647875,0.9954721331596375,0.9968950748443604,0.21216139197349548,0.048151612281799316,404915,0.009193755,0.004727604333311319,0.0047020576894283295,0.0047415210865437984
326541,pgd_eps0.008_alpha0.005_iter2,0.24242424242424243,0.17424242424242423,0.9777317,44.92758373763152,0.9952764511108398,0.9972503781318665,0.2263147532939911,0.04878425598144531,401851,0.009404319,0.0050604380667209625,0.005005961749702692,0.004990267101675272
231339,pgd_eps0.008_alpha0.005_iter1,0.3333333333333334,0.25000000000000006,0.9823516,45.15042299146799,0.9968202114105225,0.9984082579612732,0.12027011811733246,0.014421641826629639,404746,0.009171866,0.004712855443358421,0.004684119950979948,0.004727661143988371
508730,pgd_eps0.008_alpha0.005_iter2,0.25000000000000006,0.1666666666666667,0.9840357,44.85433674351946,0.9964466094970703,0.9973496794700623,0.10890728235244751,0.033872365951538086,401930,0.009486804,0.005079896654933691,0.005094743799418211,0.005084310658276081
550426,pgd_eps0.008_alpha0.005_iter1,1.0000000000000002,0.5000000000000001,0.9822243,45.18013656323192,0.9967559576034546,0.9985991716384888,0.15728238224983215,0.023858249187469482,404586,0.009133278,0.004698106553405523,0.004679409321397543,0.004667349625378847
368294,pgd_eps0.008_alpha0.005_iter1,0.5000000000000001,0.25000000000000006,0.981955,45.199082513265296,0.9969715476036072,0.9987478256225586,0.1409301608800888,0.02768409252166748,401078,0.009083221,0.004677180200815201,0.0046401177532970905,0.004651844035834074
171190,pgd_eps0.008_alpha0.005_iter8,0.16558441558441558,0.15774410774410774,0.9773109,44.01793466035461,0.9950370788574219,0.9960296750068665,0.1605904996395111,0.04029250144958496,395893,0.01048174,0.00576511025428772,0.005713639780879021,0.005728736519813538
301135,pgd_eps0.008_alpha0.005_iter19,0.13636363636363638,0.12662337662337664,0.9843053,43.67117320402487,0.9962151050567627,0.998616099357605,0.15389397740364075,0.03119748830795288,400153,0.010997326,0.006026840768754482,0.00606952141970396,0.005923835095018148
580294,pgd_eps0.008_alpha0.005_iter1,0.14285714285714288,0.12500000000000003,0.98255175,45.14308384853142,0.9969421625137329,0.9985248446464539,0.13932201266288757,0.02766960859298706,404941,0.0091809025,0.004724379628896713,0.004692547954618931,0.004722392186522484
494869,pgd_eps0.008_alpha0.005_iter5,0.2575757575757576,0.25000000000000006,0.9802559,44.35395236647514,0.995410144329071,0.9973836541175842,0.16619744896888733,0.029465973377227783,398135,0.0100502875,0.005387778859585524,0.005380638875067234,0.005412354599684477
33638,pgd_eps0.008_alpha0.005_iter1,0.25000000000000006,0.06250000000000001,0.97706896,45.17834037939862,0.995996356010437,0.9973078370094299,0.18021082878112793,0.02959895133972168,404658,0.009139285,0.0047530229203403,0.0047383694909513,0.004538796842098236
329219,pgd_eps0.008_alpha0.005_iter1,0.28571428571428575,0.20000000000000004,0.98158294,45.12870683661754,0.996483564376831,0.9984567165374756,0.14192134141921997,0.022778093814849854,404951,0.009196432,0.0047259642742574215,0.004704945720732212,0.004743747878819704
127182,pgd_eps0.008_alpha0.005_iter1,0.4285714285714287,0.2777777777777779,0.9781925,45.14678850439921,0.9960074424743652,0.9975187182426453,0.17266961932182312,0.03625530004501343,404696,0.009171261,0.004704604856669903,0.004698724951595068,0.004722092300653458
356387,pgd_eps0.008_alpha0.005_iter2,0.20454545454545456,0.0995670995670996,0.9835767,44.77399838277478,0.9966660737991333,0.9984180331230164,0.15521860122680664,0.040753722190856934,403938,0.009612286,0.005173858255147934,0.0051380968652665615,0.005141950212419033
367680,pgd_eps0.008_alpha0.005_iter1,0.5818181818181819,0.490909090909091,0.98406094,45.140038839245804,0.9972507357597351,0.9988570809364319,0.13364094495773315,0.03194105625152588,405167,0.009184738,0.004728253930807114,0.004684077110141516,0.004736496135592461
487583,pgd_eps0.008_alpha0.005_iter3,0.5000000000000001,0.20000000000000004,0.9758129,44.628392928280284,0.9948225021362305,0.9948562383651733,0.23102551698684692,0.0330965518951416,398708,0.009702989,0.005166883580386639,0.00514150271192193,0.005146948620676994
363840,pgd_eps0.008_alpha0.005_iter3,0.4204545454545455,0.4181818181818183,0.9816747,44.67181138196564,0.9964795112609863,0.9972686767578125,0.1450958251953125,0.027741670608520508,401187,0.009660203,0.00511401891708374,0.004996305797249079,0.005151771474629641
214720,pgd_eps0.008_alpha0.005_iter13,0.14285714285714288,0.13333333333333336,0.97997195,43.93041776039264,0.9958915114402771,0.997651994228363,0.15818269550800323,0.02552938461303711,397399,0.010609139,0.00580325024202466,0.005768678151071072,0.005793305113911629
379453,pgd_eps0.008_alpha0.005_iter3,1.0000000000000002,0.0,0.96901685,44.80261523895233,0.9919360876083374,0.9835495352745056,0.322022408246994,0.047592759132385254,392574,0.009417424,0.005040967371314764,0.0050171734765172005,0.005009077955037355
311295,pgd_eps0.008_alpha0.005_iter1,0.4545454545454546,0.2878787878787879,0.9820879,45.15248276316784,0.9962326884269714,0.9978925585746765,0.16539868712425232,0.054827094078063965,405028,0.009168533,0.004711592104285955,0.004673598799854517,0.004734697286039591
29393,pgd_eps0.008_alpha0.005_iter1,0.5000000000000001,0.3333333333333334,0.98640734,45.14593268041378,0.9977566599845886,0.9991733431816101,0.10826243460178375,0.025922536849975586,404197,0.009170351,0.004697220399975777,0.004706617910414934,0.004728278145194054
278848,pgd_eps0.008_alpha0.005_iter1,0.7500000000000002,0.5363636363636365,0.98266745,45.19514278343052,0.9969018697738647,0.9981074333190918,0.13530172407627106,0.02038896083831787,402435,0.009077,0.004659789614379406,0.004652893170714378,0.004670948721468449
166391,pgd_eps0.008_alpha0.005_iter1,0.45454545454545464,0.39393939393939403,0.9752433,45.15461799794173,0.9951528310775757,0.9963428378105164,0.20399779081344604,0.05324196815490723,404821,0.009164124,0.004710817243903875,0.0046794661320745945,0.004725600592792034
223130,pgd_eps0.008_alpha0.005_iter2,1.0000000000000002,0.3333333333333334,0.9834997,44.88646340734904,0.9960739612579346,0.9987010359764099,0.17750442028045654,0.03032022714614868,403822,0.009488405,0.005083883181214333,0.005058587063103914,0.005062041338533163
198960,pgd_eps0.008_alpha0.005_iter2,1.0000000000000002,0.31818181818181823,0.98859715,44.849953830744965,0.9973328113555908,0.99949049949646,0.14188745617866516,0.04566919803619385,404027,0.009536044,0.005068190861493349,0.005102166440337896,0.005087123718112707
344059,pgd_eps0.008_alpha0.005_iter2,1.0000000000000002,0.5454545454545455,0.9815069,44.811263498337766,0.9956247806549072,0.9981254935264587,0.18461120128631592,0.048133254051208496,403848,0.009579878,0.0051289820112288,0.0051369331777095795,0.005101480986922979
410428,pgd_eps0.008_alpha0.005_iter1,0.5303030303030304,0.4220779220779221,0.9844913,45.06430931886268,0.9969443082809448,0.9990106821060181,0.13758043944835663,0.02505183219909668,405136,0.009273632,0.004771084990352392,0.0047735353000462055,0.004769373219460249
87875,pgd_eps0.008_alpha0.005_iter1,1.0000000000000002,0.5000000000000001,0.9883439,45.11105314412645,0.9979703426361084,0.9992200136184692,0.09359702467918396,0.02976047992706299,405127,0.009220486,0.004757189191877842,0.0047403364442288876,0.00471768993884325
450758,pgd_eps0.008_alpha0.005_iter3,0.8181818181818183,0.27272727272727276,0.9825468,44.63003352991318,0.995766282081604,0.9977918267250061,0.14766940474510193,0.05585587024688721,400441,0.009721388,0.005168282426893711,0.005150390788912773,0.005132624413818121
460160,pgd_eps0.008_alpha0.005_iter1,1.0000000000000002,0.0,0.9871698,45.09198532508723,0.9971475601196289,0.9991382956504822,0.10592585057020187,0.03201800584793091,405226,0.009244796,0.004759420640766621,0.0047404770739376545,0.004758369643241167
458109,pgd_eps0.008_alpha0.005_iter2,0.5000000000000001,0.1090909090909091,0.98671883,44.834670056092314,0.9976317286491394,0.9986798763275146,0.10584118962287903,0.02761983871459961,403682,0.009543507,0.005118255037814379,0.005084912292659283,0.005098509136587381
30675,pgd_eps0.008_alpha0.005_iter3,1.0000000000000002,0.5000000000000001,0.9781489,44.593502399371005,0.9945542812347412,0.9951061010360718,0.23586776852607727,0.05474966764450073,399504,0.009751396,0.005205931141972542,0.005172773730009794,0.005145752802491188
566524,pgd_eps0.008_alpha0.005_iter1,0.6818181818181819,0.4545454545454546,0.98426515,45.09777354915794,0.9969269037246704,0.9988893270492554,0.12437605112791061,0.026578903198242188,405125,0.0092374375,0.004746858961880207,0.004737371113151312,0.004758205730468035
338428,pgd_eps0.008_alpha0.005_iter1,0.18181818181818182,0.09090909090909091,0.9829176,45.124144266565864,0.9967652559280396,0.9991989731788635,0.172084242105484,0.032649993896484375,403217,0.009185951,0.0047340355813503265,0.0047265454195439816,0.004690689966082573
476415,pgd_eps0.008_alpha0.005_iter2,0.5000000000000001,0.3333333333333334,0.96594304,45.05404131260996,0.9947735667228699,0.9939315319061279,0.22786279022693634,0.0432279109954834,387260,0.009130882,0.0049094222486019135,0.0048757861368358135,0.004863124340772629
292082,pgd_eps0.008_alpha0.005_iter2,0.18181818181818185,0.11038961038961037,0.98624784,44.77603466981297,0.9973760843276978,0.9984776973724365,0.06775376945734024,0.014696240425109863,403674,0.009624427,0.005148486699908972,0.005152042023837566,0.005147450137883425
122046,pgd_eps0.008_alpha0.005_iter6,0.3333333333333334,0.3000000000000001,0.9781831,44.38889871894279,0.9948567152023315,0.9967998266220093,0.17500188946723938,0.022367417812347412,387745,0.009929997,0.005480815190821886,0.00540971988812089,0.005409359931945801
352684,pgd_eps0.008_alpha0.005_iter5,0.31818181818181823,0.27272727272727276,0.9743309,44.4068862291578,0.9941258430480957,0.9952333569526672,0.19869205355644226,0.038489580154418945,395230,0.009952343,0.005374072585254908,0.005342894233763218,0.005357031710445881
512836,pgd_eps0.008_alpha0.005_iter3,0.25000000000000006,0.07954545454545456,0.9819903,44.721736087498314,0.9960881471633911,0.9981659054756165,0.1401771605014801,0.020502924919128418,400174,0.009612996,0.005094700958579779,0.005066603887826204,0.005072410684078932
8021,pgd_eps0.008_alpha0.005_iter2,0.6666666666666669,0.5000000000000001,0.97765684,44.980578990136664,0.9956445693969727,0.9966236352920532,0.14952921867370605,0.031691551208496094,399898,0.009311824,0.005052389111369848,0.004976979922503233,0.004903723485767841
107226,pgd_eps0.008_alpha0.005_iter2,0.18181818181818182,0.10606060606060608,0.9826543,44.91182609005857,0.9965875148773193,0.9982202053070068,0.14007842540740967,0.017088890075683594,403256,0.00944339,0.005098371300846338,0.005056014750152826,0.00496314512565732
84477,pgd_eps0.008_alpha0.005_iter1,1.0000000000000002,0.8333333333333336,0.9776652,45.04710372925643,0.9954365491867065,0.9968740940093994,0.18296495079994202,0.03357785940170288,405100,0.009296407,0.004711890127509832,0.004829480312764645,0.0048069702461361885
562243,pgd_eps0.008_alpha0.005_iter3,1.0000000000000002,0.7500000000000002,0.9737459,44.73896617327262,0.9944459795951843,0.9959043860435486,0.19758155941963196,0.02213519811630249,395569,0.009536829,0.005102999042719603,0.0050076269544661045,0.005080149043351412
181859,pgd_eps0.008_alpha0.005_iter1,0.5000000000000001,0.25000000000000006,0.9773905,45.138647859684426,0.9957748651504517,0.9961413741111755,0.1835416555404663,0.022786498069763184,404974,0.009186107,0.004730879329144955,0.004702542908489704,0.004716929513961077
292236,pgd_eps0.008_alpha0.005_iter1,0.5151515151515152,0.45454545454545464,0.9807046,45.14497888865861,0.9967817068099976,0.9985323548316956,0.16292837262153625,0.02513277530670166,404929,0.009177181,0.004725129343569279,0.0046798973344266415,0.004732396453619003
288042,pgd_eps0.008_alpha0.005_iter1,0.6666666666666669,0.5000000000000001,0.98489124,45.15088182832545,0.9970473647117615,0.998749315738678,0.12511739134788513,0.031471073627471924,404550,0.00916821,0.004720078315585852,0.004695397801697254,0.004693171009421349
453860,pgd_eps0.008_alpha0.005_iter2,1.0000000000000002,0.8484848484848483,0.9830473,45.1914783862013,0.9960747957229614,0.9903889298439026,0.18303783237934113,0.047898292541503906,390860,0.008912048,0.004724526312202215,0.004711066838353872,0.0047194259241223335
125062,pgd_eps0.008_alpha0.005_iter1,0.27272727272727276,0.15151515151515152,0.97910696,45.22615951711831,0.9970431327819824,0.9988536834716797,0.16207674145698547,0.027138352394104004,398180,0.009026228,0.0046396260149776936,0.004625646863132715,0.004619904328137636
375015,pgd_eps0.008_alpha0.005_iter2,1.0000000000000002,0.0,0.97881055,44.849129140327136,0.9953750371932983,0.9979512095451355,0.20159940421581268,0.04326742887496948,402742,0.009515692,0.005100581794977188,0.005096047651022673,0.005084303207695484
334719,pgd_eps0.008_alpha0.005_iter1,0.24242424242424246,0.16103896103896106,0.9841647,45.139492709448334,0.9966933727264404,0.9988978505134583,0.15211819112300873,0.03215867280960083,405001,0.00918373,0.004724372178316116,0.004696463234722614,0.004728418774902821
283520,pgd_eps0.008_alpha0.005_iter1,0.7727272727272729,0.5151515151515152,0.9881751,45.13873794619361,0.9974772334098816,0.9992954730987549,0.1298561990261078,0.03087031841278076,405081,0.009184971,0.004721436649560928,0.004693653434514999,0.004737124778330326
31269,pgd_eps0.008_alpha0.005_iter5,1.0000000000000002,0.5000000000000001,0.985925,44.26933372639922,0.9964194297790527,0.9988117218017578,0.14738236367702484,0.04135608673095703,400369,0.010183502,0.005487026181071997,0.005466757342219353,0.005460439249873161
319721,pgd_eps0.008_alpha0.005_iter2,0.8181818181818183,0.6363636363636364,0.9841133,44.814457271518236,0.9967598915100098,0.9983201026916504,0.11910820007324219,0.018425703048706055,403534,0.009567685,0.005148809403181076,0.005130473989993334,0.005070613697171211
347265,pgd_eps0.008_alpha0.005_iter3,0.5000000000000001,0.25000000000000006,0.9842835,44.54450783256749,0.9963123202323914,0.9986020922660828,0.1560722142457962,0.034889817237854004,402150,0.009843287,0.005236680619418621,0.005199180915951729,0.005200603045523167
414170,pgd_eps0.008_alpha0.005_iter2,0.3333333333333334,0.27272727272727276,0.98543525,44.84785711517922,0.996889054775238,0.9988445043563843,0.14765018224716187,0.022848963737487793,404220,0.009543959,0.005101006478071213,0.005097616463899612,0.005093359854072332
231508,pgd_eps0.008_alpha0.005_iter8,0.2106060606060606,0.199144385026738,0.98258543,44.045370004768394,0.9962444305419922,0.9986251592636108,0.1563147008419037,0.02829897403717041,399186,0.010474639,0.0057685039937496185,0.005695585161447525,0.00568268122151494
389381,pgd_eps0.008_alpha0.005_iter1,0.20000000000000004,0.1666666666666667,0.99111027,45.1228976118408,0.9983918070793152,0.999229907989502,0.05122271180152893,0.011476278305053711,404868,0.009207469,0.004704697523266077,0.004737785551697016,0.0047279782593250275
118921,pgd_eps0.008_alpha0.005_iter2,0.7727272727272729,0.5151515151515152,0.9798632,44.898330655576466,0.995903491973877,0.9970548152923584,0.17802467942237854,0.04136228561401367,402806,0.009453008,0.005086633376777172,0.005053989123553038,0.005024890881031752
785,pgd_eps0.008_alpha0.005_iter2,0.5000000000000001,0.25000000000000006,0.97672915,44.94013345787894,0.9948711395263672,0.9938921928405762,0.18907269835472107,0.041166067123413086,401831,0.0093933195,0.0050407228991389275,0.005013562273234129,0.005011394619941711
105014,pgd_eps0.008_alpha0.005_iter2,0.1090909090909091,0.09090909090909093,0.98785895,44.86859249781869,0.997705340385437,0.9991917014122009,0.12707918882369995,0.015398919582366943,403755,0.009504696,0.005133615806698799,0.005091726779937744,0.004977571777999401
261982,pgd_eps0.008_alpha0.005_iter3,0.4545454545454546,0.27272727272727276,0.9809353,44.77065402286257,0.9960676431655884,0.9977293014526367,0.14489559829235077,0.031832993030548096,397019,0.009516665,0.005013870075345039,0.005020793527364731,0.005047798156738281
99242,pgd_eps0.008_alpha0.005_iter2,1.0000000000000002,0.6666666666666669,0.9726755,44.876698523486844,0.9937614798545837,0.9873023629188538,0.2334018051624298,0.058183908462524414,402430,0.009469847,0.00507698580622673,0.005066858138889074,0.005074420943856239
314709,pgd_eps0.008_alpha0.005_iter2,1.0000000000000002,0.6666666666666669,0.97660947,44.86136682363035,0.9948894381523132,0.9953659176826477,0.20644742250442505,0.05277526378631592,402726,0.009496355,0.005103324074298143,0.005089972633868456,0.005062203388661146
460494,pgd_eps0.008_alpha0.005_iter2,0.28571428571428575,0.25000000000000006,0.98026323,44.93662842545736,0.9963926672935486,0.99839186668396,0.15421810746192932,0.023456692695617676,400921,0.009375836,0.005050409585237503,0.004986948799341917,0.004920038394629955
339442,pgd_eps0.008_alpha0.005_iter1,0.6666666666666669,0.3333333333333334,0.9787066,45.27276933336296,0.9963846206665039,0.9978824257850647,0.12944000959396362,0.023342013359069824,404528,0.009021053,0.004658552818000317,0.004588766489177942,0.004606788046658039
541055,pgd_eps0.008_alpha0.005_iter6,0.27272727272727276,0.18831168831168835,0.9786965,44.36575507224318,0.995085597038269,0.9969580173492432,0.22818511724472046,0.05568337440490723,398134,0.010061109,0.005510004702955484,0.005447008181363344,0.005360875744372606
409475,pgd_eps0.008_alpha0.005_iter2,1.0000000000000002,0.3333333333333334,0.9791276,44.83104157673465,0.9957272410392761,0.9973744750022888,0.15386268496513367,0.04641127586364746,402916,0.0095385155,0.005114717874675989,0.005110767669975758,0.005099470727145672
378605,pgd_eps0.008_alpha0.005_iter2,0.6666666666666669,0.5000000000000001,0.9770135,44.86153842502182,0.9951838254928589,0.996029794216156,0.2013421505689621,0.02559208869934082,402041,0.009484131,0.0050851209089159966,0.005082898773252964,0.005080618429929018
331817,pgd_eps0.008_alpha0.005_iter2,0.12121212121212123,0.08391608391608393,0.98691446,44.73345658611643,0.997734010219574,0.9987992644309998,0.10136955231428146,0.014895141124725342,403366,0.009646708,0.005196572747081518,0.005169506650418043,0.005154829006642103
218091,pgd_eps0.008_alpha0.005_iter2,0.3090909090909092,0.2828282828282829,0.9769227,44.791766484038014,0.9953123927116394,0.996690034866333,0.18227028846740723,0.03767096996307373,402581,0.009567717,0.005132115446031094,0.0051424033008515835,0.005133433733135462
578545,pgd_eps0.008_alpha0.005_iter2,0.4000000000000001,0.28571428571428575,0.98252964,44.848420847928566,0.9963927268981934,0.9982779026031494,0.12745769321918488,0.024451613426208496,402588,0.009510866,0.005107360426336527,0.005081945564597845,0.005094440653920174
363207,pgd_eps0.008_alpha0.005_iter7,0.16363636363636366,0.12396694214876035,0.9798444,44.15036882065222,0.9954141974449158,0.9973008036613464,0.1586010456085205,0.029807090759277344,395889,0.010304791,0.005626348778605461,0.005565786734223366,0.005584940314292908
372577,pgd_eps0.008_alpha0.005_iter3,1.0000000000000002,0.5000000000000001,0.9798705,44.59511893405999,0.9951238632202148,0.9971628189086914,0.16250181198120117,0.028894901275634766,397947,0.00972675,0.005179390776902437,0.005162512883543968,0.005176850128918886
172571,pgd_eps0.008_alpha0.005_iter1,0.1666666666666667,0.15909090909090912,0.9806407,45.10350776097304,0.9961628913879395,0.998413622379303,0.19020941853523254,0.03659409284591675,405099,0.009227311,0.004743944387882948,0.00473305769264698,0.004752934444695711
294831,pgd_eps0.008_alpha0.005_iter1,0.20000000000000004,0.1666666666666667,0.9773099,45.12085309926988,0.9956586360931396,0.997567355632782,0.21537816524505615,0.04043757915496826,404960,0.009204094,0.004736169707030058,0.004719250835478306,0.004736460279673338
84431,pgd_eps0.008_alpha0.005_iter2,1.0000000000000002,0.5000000000000001,0.9764981,44.90618210812431,0.9949325323104858,0.9973596334457397,0.22552800178527832,0.03345799446105957,402267,0.009427856,0.005068170838057995,0.005055542103946209,0.005046176724135876
323355,pgd_eps0.008_alpha0.005_iter1,0.7727272727272729,0.6666666666666669,0.9830846,45.10346315466033,0.9969958662986755,0.9985575675964355,0.11403533071279526,0.01365804672241211,405014,0.009229143,0.004735895898193121,0.004749889485538006,0.004742473363876343
355325,pgd_eps0.008_alpha0.005_iter3,0.22077922077922082,0.1545454545454546,0.98506856,44.465179458349525,0.9969626665115356,0.9985733032226562,0.11238223314285278,0.013299345970153809,400868,0.009922444,0.005297044292092323,0.005263190716505051,0.005260875448584557
4495,pgd_eps0.008_alpha0.005_iter3,0.5000000000000001,0.3333333333333334,0.9765399,44.67700552662243,0.9949088096618652,0.995722234249115,0.17677775025367737,0.037762582302093506,397876,0.009640235,0.005121377296745777,0.005116267129778862,0.005120166577398777
9483,pgd_eps0.008_alpha0.005_iter1,0.672727272727273,0.4805194805194807,0.9825484,45.095500209762854,0.9966644048690796,0.9972609877586365,0.12220343947410583,0.022693395614624023,405124,0.009239765,0.004752502776682377,0.004735989961773157,0.004760501906275749
326082,pgd_eps0.008_alpha0.005_iter4,0.19191919191919193,0.10606060606060608,0.97638375,44.460082338875566,0.9949974417686462,0.9961885213851929,0.20634382963180542,0.04457324743270874,397436,0.009922103,0.005391470622271299,0.0053593493066728115,0.005341361742466688
398237,pgd_eps0.008_alpha0.005_iter3,0.25000000000000006,0.20000000000000004,0.9900179,44.56584319877277,0.9970849752426147,0.9990024566650391,0.10712794214487076,0.032900094985961914,402916,0.00983282,0.005191503558307886,0.00520600751042366,0.005197783932089806
239537,pgd_eps0.008_alpha0.005_iter3,1.0000000000000002,0.4000000000000001,0.9847315,44.519124043446226,0.9954521059989929,0.9984828233718872,0.14828361570835114,0.043678462505340576,401747,0.009870555,0.00521725183352828,0.005256135016679764,0.005229911766946316
537991,pgd_eps0.008_alpha0.005_iter1,0.6363636363636365,0.5000000000000001,0.98359424,45.089524490572465,0.9968894720077515,0.9985223412513733,0.10886939615011215,0.02013230323791504,405226,0.009245757,0.0047566089779138565,0.004741387907415628,0.004759451374411583
321333,pgd_eps0.008_alpha0.005_iter4,0.5000000000000001,0.36969696969696975,0.9801789,44.61418072689466,0.9956240057945251,0.9981361627578735,0.19042669236660004,0.05487668514251709,397165,0.009746429,0.0052826059982180595,0.005251587834209204,0.005253947339951992
521282,pgd_eps0.008_alpha0.005_iter2,1.0000000000000002,0.25000000000000006,0.97471315,44.93346269737551,0.9945392608642578,0.9898649454116821,0.22889702022075653,0.0468410849571228,401821,0.0093970485,0.005040726624429226,0.0050400071777403355,0.005001652054488659
108026,pgd_eps0.008_alpha0.005_iter1,0.3333333333333334,0.25000000000000006,0.9659095,45.4941687799232,0.9960975050926208,0.995571494102478,0.1895047128200531,0.04522073268890381,385454,0.008616466,0.00450331112369895,0.0043546287342906,0.004310090560466051
177935,pgd_eps0.008_alpha0.005_iter2,0.25000000000000006,0.12500000000000003,0.98168546,44.8884865290632,0.9959942698478699,0.9980788826942444,0.12508419156074524,0.022324323654174805,403369,0.009484071,0.0050755832344293594,0.0050621358677744865,0.005061411764472723
38829,pgd_eps0.008_alpha0.005_iter4,0.20454545454545459,0.14545454545454545,0.98086405,44.42193938957905,0.9964407682418823,0.9983854293823242,0.1585065871477127,0.023405075073242188,397344,0.009977112,0.005401593632996082,0.005405879113823175,0.005336968693882227
397327,pgd_eps0.008_alpha0.005_iter5,0.5000000000000001,0.3000000000000001,0.9720591,44.54026373774489,0.9933103322982788,0.9819620847702026,0.25993919372558594,0.07206237316131592,396797,0.009806945,0.005281706340610981,0.005245514679700136,0.005237709730863571
501523,pgd_eps0.008_alpha0.005_iter2,0.5000000000000001,0.25000000000000006,0.9800331,44.92122746069732,0.9960484504699707,0.9972006678581238,0.14888538420200348,0.0245058536529541,401817,0.009407669,0.005059625022113323,0.005036750342696905,0.005013002082705498
555050,pgd_eps0.008_alpha0.005_iter5,0.3636363636363637,0.2942890442890443,0.9799864,44.20922279944732,0.9955191612243652,0.9983758926391602,0.18906813859939575,0.04437708854675293,398883,0.01024181,0.005540705751627684,0.00550135038793087,0.005506381392478943
187243,pgd_eps0.008_alpha0.005_iter4,0.3333333333333334,0.18750000000000006,0.9818446,44.50701908013737,0.9958507418632507,0.9968864917755127,0.15457922220230103,0.02297663688659668,394284,0.009802616,0.005289596971124411,0.0052758376114070415,0.005283607169985771
42276,pgd_eps0.008_alpha0.005_iter1,0.5000000000000001,0.3333333333333334,0.9819703,45.13716107237179,0.9969014525413513,0.9985145926475525,0.13410091400146484,0.02338951826095581,404975,0.009188025,0.004737216979265213,0.004687925335019827,0.004732441157102585
534827,pgd_eps0.008_alpha0.005_iter1,0.3636363636363637,0.25,0.9849182,45.41979607024557,0.9971246719360352,0.9982936382293701,0.12380823493003845,0.012439846992492676,391209,0.008656226,0.004399122204631567,0.0044129518792033195,0.0044496627524495125
482917,pgd_eps0.008_alpha0.005_iter1,0.20000000000000004,0.1666666666666667,0.9796462,45.13571902672481,0.996434211730957,0.9976702332496643,0.1480284035205841,0.02152198553085327,404963,0.009189076,0.004728578496724367,0.004704671911895275,0.004726657178252935
300659,pgd_eps0.008_alpha0.005_iter4,1.0000000000000002,0.5000000000000001,0.97330904,44.74610819380953,0.9940563440322876,0.9899799227714539,0.2685466408729553,0.069305419921875,395310,0.009568184,0.005205703433603048,0.0051500434055924416,0.005140869412571192
199977,pgd_eps0.008_alpha0.005_iter3,1.0000000000000002,0.5000000000000001,0.9700549,44.78004341611449,0.9930736422538757,0.9796820878982544,0.2902052402496338,0.08398091793060303,394462,0.009469191,0.005056704394519329,0.005042580887675285,0.005016302689909935
384350,pgd_eps0.008_alpha0.005_iter2,0.5454545454545455,0.0,0.97734255,44.82823600664047,0.9950077533721924,0.9970112442970276,0.16980822384357452,0.046140313148498535,402631,0.009533841,0.005095892585813999,0.005115187726914883,0.005112965125590563
383621,pgd_eps0.008_alpha0.005_iter1,1.0000000000000002,0.5000000000000001,0.9716962,45.11610480515371,0.9941602945327759,0.9913278818130493,0.2697423994541168,0.05929487943649292,405149,0.009212087,0.00474324868991971,0.004712799098342657,0.004749476443976164
412894,pgd_eps0.008_alpha0.005_iter2,0.3484848484848485,0.26689976689976697,0.98284864,44.98117376189924,0.997081995010376,0.99843829870224,0.15405410528182983,0.02387291193008423,401637,0.009357236,0.0050228070467710495,0.004980053752660751,0.0049473620019853115
537153,pgd_eps0.008_alpha0.005_iter1,0.5000000000000001,0.3333333333333334,0.97977275,45.04197886550493,0.9958524703979492,0.9979913234710693,0.18582861125469208,0.06204277276992798,405401,0.009304198,0.00478743389248848,0.004798460751771927,0.004786175675690174
361103,pgd_eps0.008_alpha0.005_iter3,0.12987012987012989,0.1167832167832168,0.9822621,44.53229169831296,0.9965763092041016,0.9984491467475891,0.14911216497421265,0.03806006908416748,398808,0.009829579,0.00524109834805131,0.005204556044191122,0.005194957833737135
392722,pgd_eps0.008_alpha0.005_iter2,0.4545454545454547,0.40909090909090917,0.9822216,44.7490521825722,0.9960445165634155,0.9984032511711121,0.16601961851119995,0.03469151258468628,403714,0.009643017,0.00519044091925025,0.005169911775738001,0.005152309313416481
338560,pgd_eps0.008_alpha0.005_iter1,0.6060606060606062,0.5151515151515152,0.9847026,45.14484635136712,0.9971911907196045,0.9986490607261658,0.10795863717794418,0.014508962631225586,404883,0.009179447,0.004713664762675762,0.004691836424171925,0.004729468375444412
264535,pgd_eps0.008_alpha0.005_iter1,0.21212121212121215,0.14999999999999997,0.993627,45.12413144114896,0.9991752505302429,0.9993133544921875,0.025792784988880157,0.005875766277313232,404322,0.009199991,0.004714604001492262,0.004707064479589462,0.004758794326335192
295231,pgd_eps0.008_alpha0.005_iter2,0.18181818181818182,0.1515151515151515,0.98937315,44.86683820195226,0.9979216456413269,0.999162495136261,0.11099515110254288,0.020799219608306885,403411,0.009514376,0.00509071908891201,0.005083875264972448,0.005055531393736601
154947,pgd_eps0.008_alpha0.005_iter2,1.0000000000000002,0.5000000000000001,0.98703617,44.77774209757048,0.9967018961906433,0.998870849609375,0.13874934613704681,0.042065978050231934,404256,0.009625916,0.0051472675986588,0.0051480857655406,0.00514555536210537
212559,pgd_eps0.008_alpha0.005_iter2,0.8181818181818183,0.1954545454545455,0.98982096,44.847274093368135,0.9980208277702332,0.9989268183708191,0.08090199530124664,0.020083904266357422,404146,0.009542953,0.005099490284919739,0.0050951107405126095,0.00507842842489481
130599,pgd_eps0.008_alpha0.005_iter1,1.0000000000000002,0.25000000000000006,0.9861739,45.127470810843974,0.9973973035812378,0.9991071224212646,0.11392608284950256,0.02632981538772583,405072,0.009199413,0.0047269705682992935,0.004701603204011917,0.004745902493596077
227187,pgd_eps0.008_alpha0.005_iter2,0.2272727272727273,0.15151515151515152,0.9869122,44.817357789951735,0.9972337484359741,0.9991200566291809,0.10603083670139313,0.028961777687072754,403740,0.009568411,0.005118312779814005,0.005123259965330362,0.005107724107801914
523811,pgd_eps0.008_alpha0.005_iter2,1.0000000000000002,0.20000000000000004,0.98032063,44.848483975994554,0.9960846900939941,0.9982419013977051,0.17234346270561218,0.046369850635528564,403099,0.009527951,0.005103470291942358,0.005089361220598221,0.005088330712169409
456559,pgd_eps0.008_alpha0.005_iter2,1.0000000000000002,0.6666666666666669,0.97512436,44.8953610384671,0.9947864413261414,0.9936802983283997,0.22277438640594482,0.051934778690338135,402419,0.009455874,0.005058315582573414,0.005059069022536278,0.0050551812164485455
101068,pgd_eps0.008_alpha0.005_iter1,0.5000000000000001,0.4000000000000001,0.98335123,45.07509344790262,0.9967076778411865,0.9984950423240662,0.15514463186264038,0.02954775094985962,405212,0.009263905,0.004772982094436884,0.004760081879794598,0.004762911703437567
140640,pgd_eps0.008_alpha0.005_iter1,0.4545454545454547,0.4242424242424243,0.9805937,45.073824044241775,0.9964045286178589,0.9981820583343506,0.15472529828548431,0.03214097023010254,405134,0.009264497,0.004774999804794788,0.004770822823047638,0.004750225227326155
516708,pgd_eps0.008_alpha0.005_iter1,1.0000000000000002,0.3333333333333334,0.98158294,45.13633139152613,0.9968997836112976,0.998038113117218,0.13067470490932465,0.02188342809677124,404614,0.009184334,0.004757946822792292,0.0046761236153542995,0.004713683854788542
385190,pgd_eps0.008_alpha0.005_iter1,0.21212121212121215,0.10606060606060608,0.98510057,45.077831494820295,0.9975032210350037,0.9988299608230591,0.11925460398197174,0.023929595947265625,405242,0.009261296,0.004773066844791174,0.004757423419505358,0.004759529605507851
338986,pgd_eps0.008_alpha0.005_iter1,0.8181818181818183,0.3272727272727273,0.9788861,45.169221742637035,0.9958600997924805,0.9962314963340759,0.18350264430046082,0.02451115846633911,404919,0.009147692,0.004701024852693081,0.004660405218601227,0.004717584699392319
53994,pgd_eps0.008_alpha0.005_iter1,0.5000000000000001,0.4545454545454546,0.98591113,45.1214782748007,0.9973539710044861,0.9990107417106628,0.10453356057405472,0.01505500078201294,404957,0.009206957,0.004740004427731037,0.004715388640761375,0.0047289361245930195
152740,pgd_eps0.008_alpha0.005_iter2,0.6883116883116883,0.27435064935064934,0.9834127,44.947573157439784,0.9962121844291687,0.9990071654319763,0.20217491686344147,0.048383116722106934,403047,0.009404058,0.005062757525593042,0.005006769206374884,0.004994947463274002
24919,pgd_eps0.008_alpha0.005_iter2,1.0000000000000002,0.27272727272727276,0.9785838,44.88905840269453,0.9950816035270691,0.9968507289886475,0.2143138349056244,0.04860496520996094,402640,0.009463922,0.005063005723059177,0.005069950595498085,0.00505018001422286
79837,pgd_eps0.008_alpha0.005_iter1,0.18181818181818182,0.11363636363636365,0.9762042,45.178238866057185,0.9951014518737793,0.9877405166625977,0.20516103506088257,0.03782588243484497,404692,0.009135158,0.004693327005952597,0.004660437814891338,0.004707204177975655
21903,pgd_eps0.008_alpha0.005_iter1,1.0000000000000002,0.6666666666666669,0.9881339,45.17306145189834,0.997739315032959,0.9992520213127136,0.10263681411743164,0.02270066738128662,404344,0.009140352,0.0047433036379516125,0.0046517569571733475,0.004646336659789085
564133,pgd_eps0.008_alpha0.005_iter1,0.6363636363636365,0.21212121212121215,0.9807224,45.11413075799399,0.9959327578544617,0.9946161508560181,0.2033606767654419,0.05466794967651367,405072,0.009215029,0.004740921780467033,0.004721018485724926,0.004745373036712408
110638,pgd_eps0.008_alpha0.005_iter3,0.6363636363636365,0.31818181818181823,0.98340106,44.58109646946709,0.9959659576416016,0.9982069730758667,0.15424931049346924,0.031741559505462646,399828,0.009773801,0.005187528673559427,0.005184720735996962,0.005190985277295113
34139,pgd_eps0.008_alpha0.005_iter1,0.3333333333333334,0.3090909090909092,0.98548,45.06571683528361,0.9974927306175232,0.9988823533058167,0.10547393560409546,0.018558919429779053,404961,0.009273163,0.004764839541167021,0.004772039595991373,0.0047668516635894775
80340,pgd_eps0.008_alpha0.005_iter6,0.10389610389610392,0.08382526564344749,0.98311514,44.22235226236449,0.9961041212081909,0.99811851978302,0.1602458357810974,0.03343641757965088,400544,0.010266849,0.005606841295957565,0.005550630856305361,0.005545961670577526
83113,pgd_eps0.008_alpha0.005_iter4,0.5454545454545455,0.27272727272727276,0.98549813,44.359068774618,0.9968149662017822,0.998632550239563,0.131625235080719,0.03199952840805054,401498,0.010108322,0.005471235141158104,0.005464504938572645,0.005449175834655762
255664,pgd_eps0.008_alpha0.005_iter6,1.0000000000000002,0.6666666666666669,0.9892462,44.10959484534939,0.9972268342971802,0.9992091655731201,0.11844263225793839,0.027444183826446533,401074,0.010414102,0.00566189456731081,0.005672300234436989,0.005661333911120892
72813,pgd_eps0.008_alpha0.005_iter1,0.6666666666666669,0.3333333333333334,0.98152995,45.12042801589413,0.9963330626487732,0.9976906180381775,0.13756412267684937,0.025862455368041992,404932,0.00920749,0.0047351825051009655,0.004715385846793652,0.004741601180285215
545129,pgd_eps0.008_alpha0.005_iter2,1.0000000000000002,0.5000000000000001,0.9839522,44.79981401383968,0.9961203336715698,0.9987491965293884,0.1321130096912384,0.026908278465270996,403760,0.00959383,0.00512334331870079,0.005144857801496983,0.005118175875395536
546011,pgd_eps0.008_alpha0.005_iter1,1.0000000000000002,0.6363636363636365,0.98638105,44.9587047434401,0.9970753192901611,0.9994259476661682,0.13367486000061035,0.03468590974807739,405668,0.009408381,0.004849667195230722,0.004885242786258459,0.00483294390141964
121031,pgd_eps0.008_alpha0.005_iter3,0.6363636363636365,0.5151515151515152,0.9890483,44.33597085241577,0.9971935749053955,0.9992403388023376,0.12183873355388641,0.028349757194519043,403374,0.010113591,0.005384328309446573,0.0053704907186329365,0.0053662569262087345
369081,pgd_eps0.008_alpha0.005_iter1,1.0000000000000002,0.5000000000000001,0.9782481,45.066172778192026,0.9954915046691895,0.9962209463119507,0.21073374152183533,0.04572242498397827,405344,0.0092748245,0.0047806184738874435,0.004769844003021717,0.004765758290886879
509131,pgd_eps0.008_alpha0.005_iter1,0.25000000000000006,0.20000000000000004,0.9752793,45.13678350747974,0.995681643486023,0.9965312480926514,0.21192379295825958,0.03929227590560913,404086,0.009179176,0.0047382935881614685,0.004706067033112049,0.004699425771832466
578922,pgd_eps0.008_alpha0.005_iter5,0.20000000000000004,0.16666666666666669,0.9819142,44.34037005021086,0.9968878626823425,0.9977040886878967,0.04771231859922409,0.009678840637207031,389437,0.009995439,0.0054979948326945305,0.005337521433830261,0.005277914460748434
464089,pgd_eps0.008_alpha0.005_iter2,0.6136363636363638,0.5060606060606062,0.9876444,44.76391616504245,0.9972631335258484,0.9989791512489319,0.10541951656341553,0.018956005573272705,403715,0.009630619,0.0051767705008387566,0.005152474157512188,0.005135606974363327
453708,pgd_eps0.008_alpha0.005_iter1,0.4090909090909091,0.37878787878787884,0.9802177,45.1606986108489,0.9964832067489624,0.9980724453926086,0.1726217269897461,0.039780378341674805,404037,0.009145317,0.004698486998677254,0.004677460063248873,0.004704919643700123
261116,pgd_eps0.008_alpha0.005_iter2,0.16363636363636364,0.09090909090909091,0.98237807,44.89280231457005,0.9967918395996094,0.9981526732444763,0.1387132853269577,0.025708436965942383,402588,0.009450673,0.005082573741674423,0.005055674817413092,0.005039464682340622
29640,pgd_eps0.008_alpha0.005_iter3,0.20454545454545456,0.16161616161616163,0.9823248,44.34365108196459,0.9968878626823425,0.9982947707176208,0.1622609794139862,0.030336380004882812,401678,0.010062183,0.005395247135311365,0.005329069681465626,0.005357194691896439
308430,pgd_eps0.008_alpha0.005_iter1,0.20000000000000004,0.0101010101010101,0.98667675,45.17539605916721,0.9977554082870483,0.9990412592887878,0.09930314123630524,0.02289712429046631,404948,0.009144008,0.004712848924100399,0.004681184887886047,0.004665532149374485
43314,pgd_eps0.008_alpha0.005_iter1,0.12121212121212122,0.0,0.97827053,45.30045362994067,0.9971997737884521,0.9985073804855347,0.12998101115226746,0.02927398681640625,393634,0.008905867,0.00456364406272769,0.00454486720263958,0.004596249666064978
273715,pgd_eps0.008_alpha0.005_iter2,0.3636363636363637,0.24242424242424246,0.9750696,44.904113037392705,0.9959897398948669,0.9973739981651306,0.16190794110298157,0.028055310249328613,395599,0.009387281,0.0050360155291855335,0.005018578842282295,0.005023125559091568
475064,pgd_eps0.008_alpha0.005_iter2,0.18181818181818182,0.12500000000000003,0.98105067,44.927139677699806,0.9967468976974487,0.9984744191169739,0.15912997722625732,0.042162537574768066,400544,0.009398203,0.005062721204012632,0.005031755194067955,0.004967182874679565
137246,pgd_eps0.008_alpha0.005_iter3,0.21212121212121215,0.20779220779220783,0.97907305,44.56657977147684,0.995715320110321,0.9979841113090515,0.1897234320640564,0.0313640832901001,400094,0.00979625,0.005220193415880203,0.00518712168559432,0.005194207653403282
226147,pgd_eps0.008_alpha0.005_iter1,0.2587412587412588,0.2402597402597403,0.9826587,45.17465601576622,0.997008740901947,0.9985085725784302,0.11977658420801163,0.013809502124786377,404861,0.009140883,0.004711845889687538,0.004657499957829714,0.00469187879934907
127517,pgd_eps0.008_alpha0.005_iter1,0.31818181818181823,0.29545454545454547,0.987154,45.149441704120946,0.99764084815979,0.9989016056060791,0.09921403974294662,0.027638912200927734,404615,0.009166612,0.004711159039288759,0.004705429542809725,0.004691633861511946
162092,pgd_eps0.008_alpha0.005_iter2,0.13636363636363638,0.1159361471861472,0.9812858,44.93396862977562,0.9962657690048218,0.997946560382843,0.09938085079193115,0.01611846685409546,399939,0.009376135,0.005046382546424866,0.0050082434900105,0.0049729966558516026
366611,pgd_eps0.008_alpha0.005_iter1,1.0000000000000002,0.6666666666666669,0.99015707,45.09631865536562,0.9978000521659851,0.9993094801902771,0.09817437827587128,0.033701539039611816,405158,0.009236165,0.004750309512019157,0.0047259461134672165,0.004767119884490967
551439,pgd_eps0.008_alpha0.005_iter2,0.3333333333333334,0.20000000000000004,0.97741455,44.90426297754942,0.9961488246917725,0.9976033568382263,0.17087829113006592,0.026113271713256836,398318,0.009404051,0.0050640590488910675,0.005032686050981283,0.00498025119304657
474167,pgd_eps0.008_alpha0.005_iter1,0.3818181818181819,0.3463203463203464,0.9816103,45.18477273778761,0.9967553019523621,0.9983055591583252,0.15801212191581726,0.022574424743652344,404890,0.009129371,0.004706767853349447,0.004653280600905418,0.004680972546339035
554735,pgd_eps0.008_alpha0.005_iter2,0.5000000000000001,0.25000000000000006,0.97769165,44.83938855249419,0.995506763458252,0.9971693754196167,0.17592695355415344,0.02772057056427002,401770,0.009494379,0.005110515747219324,0.005093906540423632,0.005103774834424257
386352,pgd_eps0.008_alpha0.005_iter1,0.5454545454545455,0.2,0.9816167,45.083449960354294,0.9967938661575317,0.9987612962722778,0.15158215165138245,0.033109188079833984,405138,0.009254333,0.004748560022562742,0.004757328424602747,0.00476714875549078
173004,pgd_eps0.008_alpha0.005_iter6,0.19480519480519481,0.18181818181818185,0.98436624,44.24526435521279,0.9970935583114624,0.9983502626419067,0.1146368682384491,0.02245151996612549,399573,0.010230102,0.00555879482999444,0.005563225597143173,0.00548203568905592
311394,pgd_eps0.008_alpha0.005_iter2,0.5000000000000001,0.25000000000000006,0.98275423,44.92386269125695,0.9961785078048706,0.9974270462989807,0.1325191706418991,0.014468073844909668,402435,0.009423803,0.0050407228991389275,0.005040458403527737,0.0050298841670155525
578489,pgd_eps0.008_alpha0.005_iter2,0.18181818181818185,0.1785714285714286,0.9807971,44.90434038619387,0.9965307116508484,0.9979473352432251,0.12770012021064758,0.02582782506942749,401853,0.00944076,0.005069786217063665,0.005053203087300062,0.0050126840360462666
189310,pgd_eps0.008_alpha0.005_iter2,1.0000000000000002,0.3333333333333334,0.9773572,44.92731127403317,0.9957036375999451,0.996338427066803,0.14671729505062103,0.030277729034423828,398435,0.009361673,0.0050301025621593,0.004996933974325657,0.0049672964960336685
448076,pgd_eps0.008_alpha0.005_iter5,0.3333333333333334,0.2337662337662338,0.9785078,44.26912246032519,0.9956927299499512,0.9970507025718689,0.15383607149124146,0.02706766128540039,392785,0.010091514,0.005486352369189262,0.005445430055260658,0.005459928419440985
293804,pgd_eps0.008_alpha0.005_iter5,0.38636363636363646,0.3333333333333334,0.9727325,44.44999183701887,0.9940432906150818,0.9939689636230469,0.23518292605876923,0.048779964447021484,392067,0.009867018,0.0053408946841955185,0.00532205356284976,0.005313103087246418
221291,pgd_eps0.008_alpha0.005_iter2,1.0000000000000002,0.6666666666666669,0.973957,44.92045545554173,0.9941627383232117,0.9783563017845154,0.28295356035232544,0.03784644603729248,402741,0.009426209,0.0050648413598537445,0.005028812680393457,0.005040801130235195
141821,pgd_eps0.008_alpha0.005_iter13,0.13636363636363638,0.1262626262626263,0.98259014,44.023722003340204,0.9961332082748413,0.9984763264656067,0.13901928067207336,0.028934955596923828,398622,0.010516095,0.005730562377721071,0.005716441664844751,0.005729570984840393
199310,pgd_eps0.008_alpha0.005_iter2,1.0000000000000002,0.6666666666666669,0.98508406,44.926772419158915,0.9968286752700806,0.9988448619842529,0.13906224071979523,0.01982748508453369,401906,0.009422967,0.0050044311210513115,0.005060404539108276,0.004957311786711216
323151,pgd_eps0.008_alpha0.005_iter1,0.6000000000000002,0.4285714285714287,0.9839538,45.25362698012171,0.9972431659698486,0.9986770749092102,0.13277137279510498,0.019313812255859375,403592,0.009032966,0.004696563817560673,0.004560946021229029,0.004580732900649309
219283,pgd_eps0.008_alpha0.005_iter1,0.3333333333333334,0.0,0.97744006,45.10163783819577,0.995941162109375,0.9978649020195007,0.18005329370498657,0.026764869689941406,403043,0.00921797,0.0047384509816765785,0.004746871069073677,0.004744548350572586
471869,pgd_eps0.008_alpha0.005_iter1,0.3333333333333334,0.0,0.98526984,45.07748480231288,0.9974504709243774,0.9987752437591553,0.08588370680809021,0.015977919101715088,405333,0.0092631355,0.004766564816236496,0.004758450202643871,0.004765066783875227
520264,pgd_eps0.008_alpha0.005_iter1,0.3636363636363637,0.3272727272727273,0.9814803,45.059559886602514,0.9966832995414734,0.9976571202278137,0.13175596296787262,0.0376584529876709,404655,0.009272478,0.004778738133609295,0.00478605879470706,0.004745514132082462
111179,pgd_eps0.008_alpha0.005_iter1,0.5454545454545455,0.3333333333333334,0.9800727,45.13040645600482,0.9959627389907837,0.9976374506950378,0.15784677863121033,0.03193926811218262,405125,0.009196015,0.004722622688859701,0.004701812751591206,0.0047467672266066074
151000,pgd_eps0.008_alpha0.005_iter2,0.11363636363636365,0.09090909090909093,0.9797132,44.82130295408267,0.9962377548217773,0.9979225397109985,0.17540431022644043,0.04127645492553711,402310,0.00953683,0.005139233078807592,0.005093514919281006,0.005088257137686014
100624,pgd_eps0.008_alpha0.005_iter2,0.25000000000000006,0.20649350649350653,0.97711974,44.9439935658239,0.9960998892784119,0.9980909824371338,0.18692269921302795,0.042288899421691895,399094,0.009357238,0.005064772441983223,0.004994342103600502,0.004943535663187504
332570,pgd_eps0.008_alpha0.005_iter2,0.5000000000000001,0.3333333333333334,0.9822409,45.1709005768471,0.996760368347168,0.997283935546875,0.15418733656406403,0.02179884910583496,390173,0.00892537,0.004724742844700813,0.0047141434624791145,0.004738477058708668
57238,pgd_eps0.008_alpha0.005_iter1,0.6666666666666669,0.5000000000000001,0.97477674,45.0876864903347,0.9951317310333252,0.9943367838859558,0.1962975561618805,0.03872179985046387,405248,0.009246895,0.004762138240039349,0.004755181726068258,0.004746234510093927
135561,pgd_eps0.008_alpha0.005_iter1,0.14285714285714288,0.10000000000000002,0.9801633,45.147826075186195,0.9964229464530945,0.9975608587265015,0.14555242657661438,0.029270648956298828,405067,0.0091752075,0.004706122446805239,0.00470233429223299,0.004730205982923508
173044,pgd_eps0.008_alpha0.005_iter2,1.0000000000000002,0.3333333333333334,0.9807856,44.85443371761066,0.9957990050315857,0.9979230165481567,0.20088867843151093,0.04059678316116333,403004,0.009512832,0.005096759181469679,0.005069012753665447,0.005089557264000177
168458,pgd_eps0.008_alpha0.005_iter1,0.5000000000000001,0.25000000000000006,0.9816926,45.10350327495567,0.9961308836936951,0.9960078001022339,0.14462175965309143,0.021758675575256348,405106,0.009228085,0.004746678285300732,0.004722739569842815,0.004759904928505421
512194,pgd_eps0.008_alpha0.005_iter1,1.0000000000000002,0.3333333333333334,0.9860583,45.17744185853198,0.9976295828819275,0.9989249110221863,0.10212939977645874,0.028140723705291748,403943,0.009121781,0.004649743903428316,0.004693666473031044,0.0046695019118487835
370042,pgd_eps0.008_alpha0.005_iter2,0.2727272727272727,0.13636363636363638,0.98330975,45.05280449951316,0.996715247631073,0.9987347722053528,0.1909807026386261,0.0395355224609375,402924,0.009281049,0.004997013136744499,0.00492574879899621,0.00490846112370491
117645,pgd_eps0.008_alpha0.005_iter1,0.5000000000000001,0.3333333333333334,0.9732993,45.09715263473798,0.9944014549255371,0.9952582120895386,0.2161342203617096,0.053675055503845215,405117,0.009236279,0.004761104006320238,0.00473722442984581,0.004747768864035606
221708,pgd_eps0.008_alpha0.005_iter1,0.2575757575757576,0.21590909090909094,0.98196656,45.03699815110486,0.9965274333953857,0.9980469346046448,0.12026664614677429,0.018942594528198242,404969,0.009307441,0.0048020039685070515,0.004820198751986027,0.004746159538626671
202228,pgd_eps0.008_alpha0.005_iter1,1.0000000000000002,0.5000000000000001,0.9755418,45.173344011880246,0.9954524040222168,0.9962009191513062,0.16712135076522827,0.02671581506729126,404491,0.009142003,0.004707072861492634,0.004664288833737373,0.004701304715126753
403565,pgd_eps0.008_alpha0.005_iter3,0.6666666666666669,0.25000000000000006,0.9834697,44.47704932056338,0.996083676815033,0.9986294507980347,0.15438589453697205,0.02624058723449707,399896,0.009899324,0.005262250080704689,0.005271428264677525,0.005239346530288458
211042,pgd_eps0.008_alpha0.005_iter1,0.5000000000000001,0.25000000000000006,0.98282963,45.08586157176181,0.9966714382171631,0.9988968968391418,0.12418118119239807,0.014441370964050293,405139,0.009249956,0.004766803700476885,0.004745458252727985,0.004755517467856407
492878,pgd_eps0.008_alpha0.005_iter1,0.20000000000000004,0.08333333333333336,0.9811594,45.22693136096159,0.9974133968353271,0.9985380172729492,0.05357103794813156,0.007525026798248291,396550,0.009016663,0.004562246147543192,0.004664021544158459,0.004635949619114399
441586,pgd_eps0.008_alpha0.005_iter1,0.3636363636363637,0.2575757575757576,0.98169607,45.08461673269397,0.9964979887008667,0.9983422160148621,0.14922958612442017,0.03144878149032593,405150,0.009250492,0.00474511506035924,0.004753958433866501,0.004767440725117922
547816,pgd_eps0.008_alpha0.005_iter1,0.3333333333333334,0.25000000000000006,0.9785959,45.05920583745977,0.9959191679954529,0.9967828989028931,0.16035783290863037,0.024628937244415283,405168,0.009281926,0.004780309274792671,0.004781304392963648,0.004769735503941774
306733,pgd_eps0.008_alpha0.005_iter1,0.13636363636363638,0.12121212121212122,0.9772709,45.07036592275031,0.995745837688446,0.9940301775932312,0.1630682349205017,0.04807978868484497,405301,0.009268239,0.004761602729558945,0.004777057562023401,0.004763798322528601
530099,pgd_eps0.008_alpha0.005_iter1,0.5000000000000001,0.3333333333333334,0.97251606,45.15142013288571,0.9948428869247437,0.9881904721260071,0.26973986625671387,0.057462215423583984,404362,0.009166765,0.004718503449112177,0.004710794892162085,0.004726522136479616
97679,pgd_eps0.008_alpha0.005_iter3,0.3333333333333334,0.3000000000000001,0.97973794,44.5782665779234,0.9950729608535767,0.996270477771759,0.19341620802879333,0.03936874866485596,401234,0.009793149,0.005190931726247072,0.0051842499524354935,0.0051930975168943405
564127,pgd_eps0.008_alpha0.005_iter1,1.0000000000000002,0.5000000000000001,0.97874737,45.09006200175989,0.9958447217941284,0.9975059628486633,0.1579945683479309,0.02802860736846924,405049,0.009241633,0.004751736298203468,0.0047543225809931755,0.004753848537802696
251065,pgd_eps0.008_alpha0.005_iter2,1.0000000000000002,0.3333333333333334,0.97705,44.87719216510396,0.9954344630241394,0.9970378875732422,0.15152236819267273,0.0289231538772583,401979,0.009470089,0.005070330109447241,0.005086368415504694,0.005054366774857044
3845,pgd_eps0.008_alpha0.005_iter14,0.18181818181818185,0.10683760683760683,0.97879714,43.79541175171228,0.9956750869750977,0.9980013370513916,0.1494104564189911,0.02571350336074829,396559,0.010797097,0.005959291011095047,0.005929742474108934,0.005904270801693201
205834,pgd_eps0.008_alpha0.005_iter2,0.5000000000000001,0.4000000000000001,0.9824574,44.878637636036075,0.9961994886398315,0.9983296990394592,0.16564935445785522,0.02178889513015747,402838,0.009484499,0.005067938938736916,0.005061381496489048,0.005060198716819286
166521,pgd_eps0.008_alpha0.005_iter1,0.3333333333333334,0.20000000000000004,0.97758645,45.06335656441189,0.9956989288330078,0.9971449971199036,0.18907636404037476,0.0349348783493042,405141,0.009275524,0.00477999122813344,0.004767059348523617,0.004768090788275003
485802,pgd_eps0.008_alpha0.005_iter3,1.0000000000000002,0.3333333333333334,0.9701715,44.89496562477705,0.9931162595748901,0.9879975318908691,0.33317476511001587,0.08704686164855957,397585,0.009370419,0.004997598007321358,0.004916876554489136,0.004924111999571323
22969,pgd_eps0.008_alpha0.005_iter2,1.0000000000000002,0.5000000000000001,0.98815674,44.86427061001443,0.9972092509269714,0.9991826415061951,0.10853573679924011,0.029414057731628418,403589,0.009513899,0.005086728371679783,0.005076497793197632,0.0050873663276433945
278353,pgd_eps0.008_alpha0.005_iter2,1.0000000000000002,0.0,0.99393064,44.77792542810219,0.9985837936401367,0.9992157220840454,0.034632664173841476,0.006017208099365234,404526,0.009637186,0.005145801696926355,0.005152983590960503,0.005143767222762108
158548,pgd_eps0.008_alpha0.005_iter14,0.14545454545454545,0.11924439197166471,0.9839596,43.715607052532675,0.9957349300384521,0.9978908896446228,0.1403842270374298,0.031465768814086914,400170,0.010938254,0.006011918652802706,0.006016980390995741,0.005987884011119604
461405,pgd_eps0.008_alpha0.005_iter3,0.8181818181818183,0.2842543077837196,0.9835632,44.40119546319008,0.9965199828147888,0.998910665512085,0.15856459736824036,0.030940771102905273,401495,0.010005179,0.00536032160744071,0.00531023507937789,0.0052947415970265865
176606,pgd_eps0.008_alpha0.005_iter2,0.5000000000000001,0.1666666666666667,0.9879134,44.70162190279097,0.9972946047782898,0.9990590214729309,0.10304492712020874,0.02535426616668701,404230,0.009714939,0.005199480801820755,0.00522026140242815,0.0051919217221438885
44699,pgd_eps0.008_alpha0.005_iter4,1.0000000000000002,0.5000000000000001,0.9809985,44.439597354241805,0.9953038096427917,0.9977918863296509,0.18395568430423737,0.038773298263549805,400510,0.009991049,0.005436995066702366,0.005377935245633125,0.005372458603233099
559956,pgd_eps0.008_alpha0.005_iter1,0.25,0.2,0.9860485,45.040724306269155,0.997313380241394,0.9989807605743408,0.10389913618564606,0.020055711269378662,405310,0.009305991,0.0047934819012880325,0.0048003243282437325,0.004781325347721577
11197,pgd_eps0.008_alpha0.005_iter2,0.3272727272727273,0.23931623931623927,0.98133594,44.768635993989534,0.9959360957145691,0.9980099201202393,0.16379991173744202,0.03636378049850464,403485,0.009620942,0.005158649757504463,0.005158451851457357,0.005138706415891647
483667,pgd_eps0.008_alpha0.005_iter2,0.6666666666666669,0.5000000000000002,0.976819,44.938583428712604,0.9949610233306885,0.9963884353637695,0.18226486444473267,0.03160977363586426,402130,0.009399232,0.005019533447921276,0.00503610260784626,0.005030382424592972
448810,pgd_eps0.008_alpha0.005_iter1,1.0000000000000002,0.5000000000000001,0.9829008,45.04106292540054,0.9972156882286072,0.9986975193023682,0.11817635595798492,0.031116187572479248,405505,0.009309051,0.004791599698364735,0.004795349668711424,0.004790016915649176
724,pgd_eps0.008_alpha0.005_iter1,0.18181818181818185,0.13636363636363638,0.9829128,45.19303974219282,0.9970372915267944,0.998546302318573,0.1292366087436676,0.019623637199401855,404775,0.009120604,0.004678837489336729,0.0046499683521687984,0.004700469318777323
51961,pgd_eps0.008_alpha0.005_iter1,1.0000000000000002,0.5000000000000001,0.98752767,45.2469966391139,0.9978129863739014,0.9991387128829956,0.1243462860584259,0.024071812629699707,403590,0.009045822,0.004633889999240637,0.0045973691157996655,0.0046499259769916534
302165,pgd_eps0.008_alpha0.005_iter1,0.13636363636363635,0.0,0.98734903,45.09364147860508,0.9976238012313843,0.9990395307540894,0.09911520779132843,0.02671337127685547,404632,0.009233144,0.004744964651763439,0.004745912738144398,0.004748882260173559
131131,pgd_eps0.008_alpha0.005_iter2,0.5000000000000001,0.25000000000000006,0.9811716,44.95445644849022,0.9963499903678894,0.9977490901947021,0.15057843923568726,0.027315258979797363,402688,0.009393745,0.0050383275374770164,0.005002927966415882,0.00499202124774456
98839,pgd_eps0.008_alpha0.005_iter1,0.3333333333333334,0.25000000000000006,0.9820545,45.09676307593602,0.9968446493148804,0.9983663558959961,0.12193918973207474,0.02104663848876953,405197,0.009235322,0.004753635730594397,0.004743742290884256,0.0047475071623921394
402992,pgd_eps0.008_alpha0.005_iter1,0.5909090909090909,0.36363636363636354,0.9900348,45.04808355847104,0.9979297518730164,0.9993706941604614,0.08978523313999176,0.02711808681488037,405361,0.009298041,0.004788010381162167,0.00478240055963397,0.004785304889082909
240754,pgd_eps0.008_alpha0.005_iter2,0.6363636363636365,0.21212121212121215,0.9841089,44.822996939329144,0.9966416358947754,0.9988720417022705,0.14845752716064453,0.025127172470092773,403418,0.009557251,0.005135734565556049,0.005109697580337524,0.005095922388136387
21167,pgd_eps0.008_alpha0.005_iter2,0.5151515151515152,0.42727272727272736,0.9735262,44.950458048788406,0.9942903518676758,0.9898316860198975,0.2432325780391693,0.048588335514068604,401544,0.009376331,0.005027582868933678,0.005019694101065397,0.00500862579792738
384468,pgd_eps0.008_alpha0.005_iter5,0.5151515151515152,0.34848484848484856,0.9859037,44.125140807007966,0.9967526197433472,0.9983477592468262,0.13073945045471191,0.030619382858276367,398564,0.010331739,0.00558469956740737,0.005563976243138313,0.005546193569898605
253742,pgd_eps0.008_alpha0.005_iter2,0.23636363636363641,0.23472823472823476,0.9891183,44.67217090171886,0.9975547790527344,0.9989100098609924,0.09870193898677826,0.016171634197235107,404397,0.009757129,0.005246356595307589,0.005230518989264965,0.005185243673622608
186873,pgd_eps0.008_alpha0.005_iter4,0.13636363636363635,0.13251748251748255,0.98444015,44.58770050897065,0.9969457387924194,0.9985434412956238,0.11170791834592819,0.016165196895599365,397454,0.009781697,0.005289363209158182,0.005261844024062157,0.005288452375680208
82180,pgd_eps0.008_alpha0.005_iter2,0.5000000000000001,0.20000000000000004,0.9848747,44.88655218445646,0.997092604637146,0.9989916086196899,0.1454073041677475,0.03061985969543457,403401,0.009485561,0.005101265385746956,0.005057549104094505,0.005039179231971502
446522,pgd_eps0.008_alpha0.005_iter3,0.25000000000000006,0.22222222222222227,0.9799674,44.58944655566241,0.9960359334945679,0.997606098651886,0.14800742268562317,0.029377341270446777,399402,0.009759078,0.005203770473599434,0.005164357367902994,0.005168861243873835
552902,pgd_eps0.008_alpha0.005_iter4,1.0000000000000002,0.5000000000000001,0.9873361,44.44896681946836,0.9966009855270386,0.9993434548377991,0.15200866758823395,0.035891711711883545,401327,0.009989423,0.005403825547546148,0.005398941226303577,0.005361952353268862
125405,pgd_eps0.008_alpha0.005_iter5,0.5000000000000001,0.4000000000000001,0.9845411,44.32254938155015,0.9961840510368347,0.9988531470298767,0.15743467211723328,0.030732572078704834,399905,0.010120144,0.005443926434963942,0.005437303334474564,0.0054182857275009155
110211,pgd_eps0.008_alpha0.005_iter2,0.5454545454545455,0.40909090909090917,0.9822938,44.67811126769998,0.9957542419433594,0.9988970756530762,0.20759627223014832,0.04415404796600342,403478,0.0097310515,0.005240189842879772,0.005216923542320728,0.005203942768275738
16010,pgd_eps0.008_alpha0.005_iter2,0.18181818181818185,0.14285714285714288,0.9860709,44.811816808842394,0.9967460036277771,0.9983064532279968,0.12970313429832458,0.03733360767364502,403782,0.009581264,0.00512426532804966,0.005122799891978502,0.005114833824336529
64462,pgd_eps0.008_alpha0.005_iter1,1.0000000000000002,0.6666666666666669,0.9779792,45.127224224585696,0.9959985017776489,0.9971259236335754,0.1576419621706009,0.04573822021484375,404172,0.009192091,0.004706714302301407,0.004708686377853155,0.00475468160584569
314182,pgd_eps0.008_alpha0.005_iter1,0.6363636363636364,0.2272727272727273,0.9805003,45.161425076242956,0.9965648651123047,0.9980053305625916,0.15872135758399963,0.015909671783447266,404914,0.009157952,0.004711540881544352,0.00467960350215435,0.004709893837571144
68387,pgd_eps0.008_alpha0.005_iter2,0.6666666666666669,0.6363636363636365,0.9798985,44.95872164660254,0.9958361387252808,0.9978436827659607,0.13969598710536957,0.027912259101867676,401999,0.009367558,0.005013559013605118,0.005006187129765749,0.0050120167434215546
345466,pgd_eps0.008_alpha0.005_iter17,0.2272727272727273,0.1854978354978355,0.9804115,43.91809816364411,0.9956462383270264,0.9981099367141724,0.13923253118991852,0.03263556957244873,396746,0.010635166,0.005825531668961048,0.005811232142150402,0.005818774923682213
352900,pgd_eps0.008_alpha0.005_iter2,0.31818181818181823,0.2204545454545455,0.9803033,44.856403842062406,0.9961385726928711,0.9980806708335876,0.17166787385940552,0.03450322151184082,402589,0.009500253,0.005131450481712818,0.00509656174108386,0.005019631236791611
118367,pgd_eps0.008_alpha0.005_iter2,0.25000000000000006,0.0,0.9787405,44.92911452414759,0.9955856204032898,0.9969736933708191,0.1945520043373108,0.027669787406921387,402726,0.009423819,0.005052095744758844,0.005024245474487543,0.005029499530792236
113235,pgd_eps0.008_alpha0.005_iter1,0.25000000000000006,0.20000000000000004,0.98830533,45.11149557319271,0.9976805448532104,0.9990169405937195,0.10117803514003754,0.023937582969665527,405060,0.009219687,0.004733108449727297,0.004732254892587662,0.004744712263345718
163640,pgd_eps0.008_alpha0.005_iter1,0.40909090909090917,0.3333333333333334,0.9870165,45.16480868720771,0.9974915981292725,0.9989511370658875,0.10901401937007904,0.024964570999145508,404873,0.009152858,0.004687187261879444,0.004674089141190052,0.004721489734947681
1490,pgd_eps0.008_alpha0.005_iter2,0.5000000000000001,0.3333333333333334,0.9793096,44.790920001264254,0.9950252771377563,0.9941054582595825,0.25892120599746704,0.10129868984222412,403342,0.009590426,0.005149722099304199,0.0051276166923344135,0.005134948994964361
329456,pgd_eps0.008_alpha0.005_iter4,0.13636363636363638,0.10454545454545454,0.9784023,44.403471950357115,0.9956473112106323,0.997821569442749,0.18619103729724884,0.04180192947387695,398027,0.010010431,0.005407629534602165,0.005378216039389372,0.005429258570075035
570471,pgd_eps0.008_alpha0.005_iter2,0.1666666666666667,0.10000000000000002,0.9806483,44.8974001654586,0.9970521926879883,0.9983794093132019,0.13685378432273865,0.021259605884552002,399089,0.009426931,0.005072306375950575,0.005030480679124594,0.0050158267840743065
260470,pgd_eps0.008_alpha0.005_iter3,0.29545454545454547,0.22532467532467537,0.98081416,44.63906993402878,0.9965509176254272,0.9986459016799927,0.1667371690273285,0.025592565536499023,398166,0.009683316,0.005199221428483725,0.005115936975926161,0.005054051987826824
193494,pgd_eps0.008_alpha0.005_iter1,1.0000000000000002,0.0,0.9856426,45.22840636233488,0.9972760677337646,0.9990971088409424,0.13570791482925415,0.019095420837402344,404617,0.009076048,0.004659628961235285,0.004609673749655485,0.004677808843553066
252776,pgd_eps0.008_alpha0.005_iter1,0.3333333333333334,0.21022727272727265,0.97724146,45.00963660737376,0.9957427978515625,0.9977893233299255,0.18489423394203186,0.034460604190826416,405435,0.009344425,0.004811850376427174,0.0048337834887206554,0.004800936207175255
201072,pgd_eps0.008_alpha0.005_iter1,1.0000000000000002,0.7500000000000002,0.98204666,45.11921709604241,0.996611475944519,0.9988651871681213,0.16203194856643677,0.022240042686462402,404917,0.009207923,0.004736396949738264,0.004719621501863003,0.004736724775284529
18150,pgd_eps0.008_alpha0.005_iter1,0.5090909090909091,0.4621212121212122,0.9832511,45.05989707026484,0.9968656301498413,0.9984441995620728,0.10737008601427078,0.02652275562286377,405196,0.009282332,0.00477986317127943,0.004772539250552654,0.004777482245117426
337498,pgd_eps0.008_alpha0.005_iter8,0.18181818181818185,0.18181818181818182,0.98122376,44.085631187170044,0.9966880679130554,0.9984221458435059,0.13646677136421204,0.02031421661376953,394370,0.010387976,0.005694900173693895,0.00566242216154933,0.005593391135334969
518770,pgd_eps0.008_alpha0.005_iter2,0.27272727272727276,0.2393939393939394,0.9784443,44.8599415165814,0.9954565763473511,0.9976087808609009,0.1830073744058609,0.02890688180923462,403251,0.0095134815,0.005094657652080059,0.005076689179986715,0.005091743543744087
201646,pgd_eps0.008_alpha0.005_iter4,0.25000000000000006,0.21428571428571436,0.9760979,44.58020409013527,0.9945193529129028,0.9936699271202087,0.20180022716522217,0.0525590181350708,393943,0.009735449,0.005306021776050329,0.0052758390083909035,0.005281269084662199
36936,pgd_eps0.008_alpha0.005_iter2,0.20202020202020204,0.12121212121212122,0.98084944,44.824325737586406,0.9959131479263306,0.9977385997772217,0.17312848567962646,0.032962918281555176,402753,0.009534281,0.00514083169400692,0.00510906707495451,0.005076280329376459
59044,pgd_eps0.008_alpha0.005_iter2,0.11363636363636363,0.033685064935064936,0.97944194,44.99465542055383,0.9961124658584595,0.9972369074821472,0.17830854654312134,0.04114311933517456,402527,0.009338841,0.005028848070651293,0.004965634550899267,0.004965806379914284
172946,pgd_eps0.008_alpha0.005_iter1,0.12121212121212122,0.06818181818181818,0.98089576,45.12565919151737,0.9965871572494507,0.9983537197113037,0.16355714201927185,0.028280556201934814,405067,0.0092004975,0.0047367047518491745,0.004710615146905184,0.004730891901999712
532690,pgd_eps0.008_alpha0.005_iter1,0.12121212121212122,0.08484848484848485,0.9826665,45.06922754693609,0.996516227722168,0.9981263279914856,0.10431142151355743,0.01857537031173706,404915,0.009271334,0.004767776001244783,0.004774629604071379,0.0047647180035710335
323895,pgd_eps0.008_alpha0.005_iter2,0.7727272727272729,0.5151515151515152,0.98002553,44.81874832344181,0.9951162338256836,0.9971368908882141,0.14173555374145508,0.031006932258605957,402957,0.0095539065,0.0051227048970758915,0.005108092445880175,0.005103858653455973
384670,pgd_eps0.008_alpha0.005_iter2,0.6666666666666669,0.5000000000000001,0.9799674,44.839496414393366,0.994818389415741,0.9975213408470154,0.1446666121482849,0.027637243270874023,403208,0.009531612,0.005104137118905783,0.0051034544594585896,0.005086664576083422
50326,pgd_eps0.008_alpha0.005_iter1,0.3333333333333334,0.25000000000000006,0.97942686,45.020391121156095,0.9960224628448486,0.9981679916381836,0.16753850877285004,0.03736674785614014,405399,0.009331302,0.004805534612387419,0.004817176144570112,0.004798554815351963
205542,pgd_eps0.008_alpha0.005_iter2,1.0000000000000002,0.3333333333333334,0.9860421,44.81016661523617,0.9970085024833679,0.9991921782493591,0.12711067497730255,0.02118515968322754,404198,0.009596623,0.005120019428431988,0.005131812766194344,0.005119028501212597
217957,pgd_eps0.008_alpha0.005_iter2,1.0000000000000002,0.5000000000000001,0.9870787,44.930265343556535,0.9973229169845581,0.9987930655479431,0.12001931667327881,0.0224379301071167,398549,0.009345833,0.004978742450475693,0.0049660904332995415,0.004968180786818266
162035,pgd_eps0.008_alpha0.005_iter2,0.4545454545454546,0.13636363636363638,0.98164326,44.894027887757694,0.9961244463920593,0.9980276226997375,0.14595887064933777,0.03857916593551636,403139,0.009473237,0.005069667007774115,0.005057827103883028,0.005050257313996553
415727,pgd_eps0.008_alpha0.005_iter2,0.15909090909090912,0.1272727272727273,0.9827122,44.7929246789065,0.9968156218528748,0.9984161853790283,0.1306750327348709,0.024663209915161133,402309,0.009563266,0.005152319557964802,0.0051179914735257626,0.005124586634337902
46252,pgd_eps0.008_alpha0.005_iter1,1.0000000000000002,0.681818181818182,0.9904571,45.062985939958665,0.9977309107780457,0.9992742538452148,0.09340308606624603,0.02131098508834839,405342,0.009279617,0.004773173481225967,0.004768552258610725,0.004780352581292391
182021,pgd_eps0.008_alpha0.005_iter3,0.21212121212121215,0.15909090909090912,0.9721453,44.72963614473292,0.993746280670166,0.9956040382385254,0.290242999792099,0.08146923780441284,396838,0.009563573,0.005100899375975132,0.005072623025625944,0.0050646113231778145
90284,pgd_eps0.008_alpha0.005_iter3,0.5000000000000001,0.3750000000000001,0.97785974,44.57542212462502,0.9955933094024658,0.9965462684631348,0.11508942395448685,0.011389493942260742,394447,0.009701937,0.005184056703001261,0.005191717762500048,0.00519830547273159
286553,pgd_eps0.008_alpha0.005_iter7,0.2626262626262627,0.2358126721763086,0.9801521,44.10076923672606,0.9954259395599365,0.9972683191299438,0.1549537479877472,0.03796684741973877,397607,0.010384048,0.005651173181831837,0.005614919122308493,0.00563026824966073
488736,pgd_eps0.008_alpha0.005_iter2,1.0000000000000002,0.5000000000000001,0.987952,44.72787523809345,0.9973568916320801,0.9989949464797974,0.10165205597877502,0.0313795804977417,404211,0.009688545,0.005160054191946983,0.005179272964596748,0.005206585396081209
63602,pgd_eps0.008_alpha0.005_iter2,0.6666666666666669,0.3333333333333334,0.9758868,44.98071530893277,0.9951507449150085,0.9951577186584473,0.20654413104057312,0.045146822929382324,401064,0.009313714,0.005014430265873671,0.004992267582565546,0.004973928909748793
383386,pgd_eps0.008_alpha0.005_iter1,0.5000000000000001,0.21212121212121215,0.9866068,45.0023132743452,0.9971489310264587,0.9987608194351196,0.11288603395223618,0.029216527938842773,405623,0.009355014,0.004814859479665756,0.004839983768761158,0.004809970036149025
5060,pgd_eps0.008_alpha0.005_iter1,0.5000000000000001,0.3333333333333334,0.98696643,45.1549839094961,0.9973709583282471,0.998606264591217,0.10116720199584961,0.0156363844871521,404974,0.0091661755,0.00471236277371645,0.004692154936492443,0.004701542668044567
579655,pgd_eps0.008_alpha0.005_iter7,0.1666666666666667,0.15625000000000003,0.9723048,44.425013754636204,0.9953228831291199,0.9971733689308167,0.22249943017959595,0.061631619930267334,385689,0.009864748,0.005340937525033951,0.005309396889060736,0.005315829999744892
550322,pgd_eps0.008_alpha0.005_iter1,0.25000000000000006,0.20000000000000004,0.9854462,45.22118517315529,0.9973214864730835,0.9989399313926697,0.13080370426177979,0.016072511672973633,404375,0.009083319,0.004693272523581982,0.004661657381802797,0.0045786830596625805
213224,pgd_eps0.008_alpha0.005_iter2,0.6666666666666669,0.6250000000000001,0.9814467,44.858623553298706,0.9962763786315918,0.998181939125061,0.15188750624656677,0.02337890863418579,402168,0.009486925,0.005094264633953571,0.0050921267829835415,0.005063074640929699
297578,pgd_eps0.008_alpha0.005_iter5,0.25000000000000006,0.18475665748393025,0.970212,44.4920312757931,0.9945217370986938,0.9962262511253357,0.2887435257434845,0.0539400577545166,390455,0.009815173,0.005309228785336018,0.005242268554866314,0.005262047052383423
458992,pgd_eps0.008_alpha0.005_iter2,0.4000000000000001,0.14285714285714288,0.9829108,44.75722856653447,0.9966808557510376,0.998285710811615,0.12528011202812195,0.027356386184692383,402407,0.009604889,0.0051443795673549175,0.005164410453289747,0.0051506562158465385
164602,pgd_eps0.008_alpha0.005_iter2,0.13636363636363638,0.07792207792207793,0.9803772,44.842849055945706,0.9959487318992615,0.9976661205291748,0.13989318907260895,0.03038191795349121,402201,0.00950907,0.005099158268421888,0.0051001133397221565,0.005093084182590246
440475,pgd_eps0.008_alpha0.005_iter13,0.15151515151515152,0.1294765840220386,0.9790065,43.90173564614254,0.9954773187637329,0.9972609281539917,0.18036551773548126,0.04388779401779175,396693,0.010651534,0.005852320231497288,0.005824833642691374,0.00578173715621233
101762,pgd_eps0.008_alpha0.005_iter1,0.5000000000000001,0.0,0.98297864,45.0843474366662,0.9968003034591675,0.9985101819038391,0.1131834089756012,0.02402597665786743,405283,0.009254458,0.004762893542647362,0.004751190543174744,0.004761746618896723
557501,pgd_eps0.008_alpha0.005_iter1,1.0000000000000002,0.5000000000000001,0.97933346,45.05061807851662,0.9963454604148865,0.9977120161056519,0.13051946461200714,0.026556193828582764,405398,0.009293641,0.004781068302690983,0.004787957761436701,0.004781150724738836
203317,pgd_eps0.008_alpha0.005_iter2,1.0000000000000002,0.25000000000000006,0.98716825,44.906069492968044,0.997381865978241,0.9988412857055664,0.07683618366718292,0.01714259386062622,403160,0.009460854,0.005056571215391159,0.0050494675524532795,0.00505016790702939
368940,pgd_eps0.008_alpha0.005_iter1,1.0000000000000002,0.3333333333333334,0.9799285,45.10067200573264,0.9961647987365723,0.9963793754577637,0.14255788922309875,0.03231853246688843,405173,0.009233421,0.004751782398670912,0.004727109335362911,0.004758735187351704
569917,pgd_eps0.008_alpha0.005_iter2,0.25000000000000006,0.1666666666666667,0.9823747,44.83177836511373,0.9958423972129822,0.9976579546928406,0.12835797667503357,0.020351111888885498,402410,0.009525793,0.005102596711367369,0.00510798254981637,0.005113878287374973
144798,pgd_eps0.008_alpha0.005_iter3,0.5000000000000001,0.3333333333333334,0.9729664,44.7284270904551,0.9942640066146851,0.9903905987739563,0.22497087717056274,0.059088706970214844,395464,0.009535903,0.0050961957313120365,0.0050623780116438866,0.005060059484094381
284623,pgd_eps0.008_alpha0.005_iter1,0.13636363636363638,0.1090909090909091,0.98330116,45.14741948896537,0.9967266321182251,0.9985817670822144,0.14165747165679932,0.023652613162994385,404844,0.009175673,0.004715337883681059,0.0046936203725636005,0.004720679484307766
63740,pgd_eps0.008_alpha0.005_iter2,0.5227272727272729,0.5045454545454546,0.98244715,44.8988283578916,0.9968470335006714,0.9982817769050598,0.13460218906402588,0.02586197853088379,402870,0.0094564445,0.00507677486166358,0.005049058701843023,0.00502454349771142
36494,pgd_eps0.008_alpha0.005_iter15,0.12121212121212123,0.11863876863876864,0.9786027,44.00091810655401,0.9964372515678406,0.9984884262084961,0.16036507487297058,0.03276103734970093,389357,0.010459894,0.005734652746468782,0.0057220375165343285,0.005624056328088045
488270,pgd_eps0.008_alpha0.005_iter2,1.0000000000000002,0.5000000000000001,0.9737325,44.934934925095185,0.9940812587738037,0.9848333597183228,0.2469971925020218,0.06322062015533447,400866,0.009371362,0.005040364805608988,0.005031987559050322,0.0050080628134310246
67180,pgd_eps0.008_alpha0.005_iter1,0.5000000000000001,0.3333333333333334,0.9894567,45.08575299389523,0.9977226257324219,0.9991818070411682,0.0991767942905426,0.020955383777618408,405170,0.009251496,0.004754248075187206,0.004752531182020903,0.004762695170938969
64359,pgd_eps0.008_alpha0.005_iter1,1.0000000000000002,0.6666666666666669,0.98176867,45.122517070174396,0.9964067339897156,0.9986675977706909,0.15137827396392822,0.036437392234802246,405012,0.0092035625,0.004740946460515261,0.004702736157923937,0.004742486868053675
126226,pgd_eps0.008_alpha0.005_iter2,0.18181818181818185,0.1090909090909091,0.98288316,44.9132880461229,0.9965488314628601,0.9974848031997681,0.11593598127365112,0.02459496259689331,401294,0.009417092,0.005051542539149523,0.005031402222812176,0.005025412421673536
150265,pgd_eps0.008_alpha0.005_iter1,0.5151515151515152,0.24350649350649356,0.9819575,45.07943115777007,0.996463418006897,0.9981957674026489,0.11933200061321259,0.01891648769378662,405210,0.009257217,0.004762973636388779,0.004768545739352703,0.004749438259750605
216739,pgd_eps0.008_alpha0.005_iter1,0.5000000000000001,0.3333333333333334,0.97739214,45.06654808294968,0.9954714775085449,0.9911817312240601,0.2038402557373047,0.030539333820343018,405273,0.009273175,0.004769070073962212,0.0047731054946780205,0.004772743210196495
38048,pgd_eps0.008_alpha0.005_iter2,0.5000000000000001,0.4166666666666668,0.97900397,44.89237295290696,0.9954268336296082,0.9968066215515137,0.204103022813797,0.024944067001342773,402728,0.0094653135,0.005072495434433222,0.005064515396952629,0.005046180449426174
525155,pgd_eps0.008_alpha0.005_iter2,0.5000000000000001,0.3333333333333334,0.9747998,44.88372351592901,0.9944397211074829,0.9935171008110046,0.26828211545944214,0.04715752601623535,402703,0.009468334,0.005072997882962227,0.005068513099104166,0.00506872171536088
259571,pgd_eps0.008_alpha0.005_iter9,0.15151515151515152,0.030100108225108228,0.9756543,44.240593010687036,0.9943106174468994,0.9970123767852783,0.24204613268375397,0.048406779766082764,396245,0.010198352,0.005563551094383001,0.005501859821379185,0.005507975816726685
153529,pgd_eps0.008_alpha0.005_iter1,0.36363636363636365,0.2909090909090909,0.98516303,45.10190223136923,0.9971360564231873,0.9986915588378906,0.11083780229091644,0.015185832977294922,405112,0.00922936,0.0047277361154556274,0.004756973125040531,0.0047433944419026375
473015,pgd_eps0.008_alpha0.005_iter1,0.2727272727272727,0.0,0.9802602,45.17866981141626,0.996039092540741,0.9976598024368286,0.17294663190841675,0.05163979530334473,404590,0.009135937,0.00469939736649394,0.00466521643102169,0.004685778170824051
379800,pgd_eps0.008_alpha0.005_iter1,0.6060606060606061,0.4545454545454546,0.9881913,45.14930402657968,0.9977940917015076,0.999075174331665,0.08787435293197632,0.02174621820449829,404826,0.009173878,0.00471732160076499,0.0046933735720813274,0.004708340857177973
253835,pgd_eps0.008_alpha0.005_iter4,0.34848484848484856,0.17373737373737377,0.9830532,44.5179184353129,0.9958734512329102,0.9975400567054749,0.13365493714809418,0.026889801025390625,400275,0.009900024,0.0053519089706242085,0.0053312587551772594,0.0053231921046972275
36861,pgd_eps0.008_alpha0.005_iter1,1.0000000000000002,0.5000000000000001,0.985411,45.114099727576345,0.997138261795044,0.9985683560371399,0.10630252957344055,0.01501917839050293,405239,0.009216684,0.004738233517855406,0.004720156546682119,0.004745853133499622
205647,pgd_eps0.008_alpha0.005_iter2,1.0000000000000002,0.5000000000000001,0.9793523,44.876601776055594,0.9952352046966553,0.9966384172439575,0.20945896208286285,0.04602551460266113,402751,0.009480161,0.005086387507617474,0.005073430482298136,0.005052747670561075
460841,pgd_eps0.008_alpha0.005_iter1,0.25000000000000006,0.20000000000000004,0.9750764,45.03405740432946,0.9950684309005737,0.995223343372345,0.2076811045408249,0.043308377265930176,405245,0.009313965,0.004795260727405548,0.004802429582923651,0.004793545231223106
123131,pgd_eps0.008_alpha0.005_iter1,0.2727272727272727,0.13636363636363635,0.98014164,45.280105337878105,0.996060848236084,0.9950295090675354,0.19230693578720093,0.04243415594100952,403529,0.009001005,0.004724453203380108,0.004600558429956436,0.004456816706806421
334006,pgd_eps0.008_alpha0.005_iter2,0.38636363636363646,0.3000000000000001,0.9836218,44.823284363914055,0.9965639114379883,0.9985336065292358,0.15070095658302307,0.03350424766540527,403663,0.009560339,0.005138298496603966,0.005107104778289795,0.005094502121210098
137576,pgd_eps0.008_alpha0.005_iter1,0.2727272727272727,0.15151515151515152,0.9910553,45.083582493557,0.9982395172119141,0.9992384314537048,0.05367780104279518,0.007179558277130127,405204,0.009256223,0.004752789158374071,0.004757446702569723,0.0047591496258974075
87470,pgd_eps0.008_alpha0.005_iter2,0.329004329004329,0.3203463203463204,0.9851651,44.87516556956278,0.9968425035476685,0.9987348318099976,0.1222972422838211,0.026630103588104248,403452,0.009501496,0.005091225728392601,0.00507268775254488,0.00505861034616828
9769,pgd_eps0.008_alpha0.005_iter1,0.4545454545454546,0.27272727272727276,0.98885196,45.047662681236,0.9977244138717651,0.999200701713562,0.1007775217294693,0.023691773414611816,405373,0.009298339,0.004785323981195688,0.0047874292358756065,0.004780451767146587
163257,pgd_eps0.008_alpha0.005_iter1,0.27272727272727276,0.25000000000000006,0.9777055,45.228555431527404,0.9961840510368347,0.9975022673606873,0.17459934949874878,0.019612014293670654,401617,0.009053324,0.004655218217521906,0.004610748030245304,0.004671084228903055
475678,pgd_eps0.008_alpha0.005_iter2,0.2727272727272727,0.24545454545454548,0.9848444,44.97456092504866,0.9974285364151001,0.9984242916107178,0.11082547158002853,0.021640241146087646,402379,0.009361449,0.005011207424104214,0.004992180969566107,0.004984743427485228
85478,pgd_eps0.008_alpha0.005_iter1,1.0000000000000002,0.5000000000000001,0.9828642,45.097097905075465,0.9966124296188354,0.9988664388656616,0.17141711711883545,0.030395984649658203,405068,0.009236001,0.004755927249789238,0.00473527517169714,0.00475314911454916
318080,pgd_eps0.008_alpha0.005_iter2,1.0000000000000002,0.33333333333333326,0.9867005,44.84900052245006,0.997043788433075,0.9990535974502563,0.12196890264749527,0.03172802925109863,403868,0.0095471805,0.005093959625810385,0.00509388605132699,0.005087981000542641
361551,pgd_eps0.008_alpha0.005_iter1,0.2954545454545455,0.2575757575757576,0.98074245,45.14524882121766,0.9964373111724854,0.9982296824455261,0.14320141077041626,0.024720191955566406,405025,0.009178493,0.004720580764114857,0.004684452433139086,0.004732539877295494
560266,pgd_eps0.008_alpha0.005_iter2,1.0000000000000002,0.5000000000000001,0.9864132,44.869081199598355,0.9967440962791443,0.9991390109062195,0.14842544496059418,0.03388345241546631,403843,0.009518518,0.00509081594645977,0.005077106412500143,0.005070840008556843
486479,pgd_eps0.008_alpha0.005_iter2,0.5000000000000001,0.3333333333333334,0.9818311,44.84507201904627,0.9961897134780884,0.9985823631286621,0.14233647286891937,0.0303952693939209,402177,0.009497876,0.005094996187835932,0.005097953602671623,0.005100625567138195
342971,pgd_eps0.008_alpha0.005_iter2,1.0000000000000002,0.5000000000000001,0.9760123,44.80759627616973,0.9941262006759644,0.9696961641311646,0.2703692615032196,0.041385769844055176,403185,0.00956882,0.005101775750517845,0.005130924750119448,0.00515054352581501
11760,pgd_eps0.008_alpha0.005_iter2,1.0000000000000002,0.3333333333333334,0.9880602,44.81600476215362,0.9970008134841919,0.9993193745613098,0.13689038157463074,0.040045320987701416,404240,0.009584065,0.0051255011931061745,0.00511477654799819,0.005102974362671375
69106,pgd_eps0.008_alpha0.005_iter2,0.7272727272727274,0.18181818181818185,0.9837623,44.883244526091595,0.9962676763534546,0.9987491965293884,0.15464501082897186,0.03705024719238281,403930,0.009501019,0.005085315555334091,0.005065895151346922,0.0050560422241687775
70158,pgd_eps0.008_alpha0.005_iter3,0.6363636363636365,0.303030303030303,0.98745924,44.39641429337427,0.9969670176506042,0.9991186857223511,0.1404922604560852,0.02461421489715576,402129,0.010035603,0.005322085693478584,0.005325836595147848,0.00533009460195899
281447,pgd_eps0.008_alpha0.005_iter1,0.18181818181818182,0.0,0.9839875,45.10241722554063,0.9968358874320984,0.9989133477210999,0.14712852239608765,0.02941298484802246,405089,0.009228894,0.004755969159305096,0.004723669961094856,0.004751304630190134
552371,pgd_eps0.008_alpha0.005_iter1,0.5454545454545455,0.0,0.98367566,45.12904484425074,0.9970089197158813,0.9989116191864014,0.13931727409362793,0.02617025375366211,403744,0.00918689,0.00473239878192544,0.004720357246696949,0.004702480509877205
361919,pgd_eps0.008_alpha0.005_iter1,0.21212121212121215,0.12121212121212122,0.9791529,45.102264197864784,0.9959206581115723,0.997127115726471,0.18299177289009094,0.04023432731628418,405097,0.009230027,0.004753420129418373,0.004735291935503483,0.004745575599372387
138115,pgd_eps0.008_alpha0.005_iter3,0.5000000000000001,0.0,0.97394973,44.66877334998273,0.9949936270713806,0.9963778257369995,0.2050504833459854,0.026702404022216797,397334,0.009636579,0.005068214610219002,0.005148650612682104,0.005110934376716614
374369,pgd_eps0.008_alpha0.005_iter2,1.0000000000000002,0.5000000000000001,0.9712526,44.960340125350186,0.9937283396720886,0.9880644679069519,0.26919662952423096,0.06202828884124756,401825,0.009361426,0.0050372048281133175,0.005009988322854042,0.004987056832760572
123213,pgd_eps0.008_alpha0.005_iter7,0.47272727272727283,0.4242424242424243,0.9783084,44.101145300118176,0.9947785139083862,0.9977108240127563,0.1973211169242859,0.04070240259170532,397919,0.01038524,0.005644526332616806,0.005610380321741104,0.005632671061903238
357742,pgd_eps0.008_alpha0.005_iter4,0.5000000000000001,0.4000000000000001,0.97590905,44.578790607199814,0.9946600198745728,0.9849660992622375,0.23050758242607117,0.058590054512023926,398829,0.00979944,0.005330124869942665,0.005268527194857597,0.0052666086703538895
439854,pgd_eps0.008_alpha0.005_iter1,0.590909090909091,0.40909090909090917,0.97515965,45.10463116284431,0.9954667091369629,0.9960304498672485,0.20512869954109192,0.043389320373535156,405007,0.009225913,0.004718852695077658,0.00475061172619462,0.004757353570312262
465836,pgd_eps0.008_alpha0.005_iter3,0.4545454545454546,0.27272727272727276,0.98327404,44.63765028101733,0.9965682029724121,0.9983816146850586,0.13767677545547485,0.036899447441101074,401418,0.009726174,0.0051663462072610855,0.005122459959238768,0.005129605997353792
414385,pgd_eps0.008_alpha0.005_iter12,0.5151515151515152,0.2405303030303031,0.97375506,44.198204122421565,0.9938740730285645,0.9904995560646057,0.21614283323287964,0.03941750526428223,394593,0.010247639,0.0055999974720180035,0.005571834277361631,0.0055801765993237495
322724,pgd_eps0.008_alpha0.005_iter3,0.27272727272727276,0.20000000000000004,0.97632414,44.79277652556016,0.9951890707015991,0.9953339099884033,0.22519542276859283,0.06318295001983643,392097,0.009406209,0.004939957521855831,0.0049706073477864265,0.00498100183904171
481390,pgd_eps0.008_alpha0.005_iter1,0.1272727272727273,0.12121212121212123,0.9881367,45.1740078729396,0.9977690577507019,0.9991509914398193,0.08904038369655609,0.017993628978729248,404375,0.0091380775,0.00465606153011322,0.004668017849326134,0.004724925383925438
276434,pgd_eps0.008_alpha0.005_iter2,0.3090909090909092,0.09090909090909093,0.9799487,44.95536702054971,0.9961292743682861,0.9976063966751099,0.1700136661529541,0.03284621238708496,402616,0.009386998,0.005011345259845257,0.005014015827327967,0.005013223271816969
579635,pgd_eps0.008_alpha0.005_iter3,1.0000000000000002,0.5000000000000001,0.9767898,44.6681298202015,0.9944894313812256,0.9943065047264099,0.22080391645431519,0.055878520011901855,399000,0.009663694,0.005132591817528009,0.005124412011355162,0.005110911093652248
295316,pgd_eps0.008_alpha0.005_iter3,0.5000000000000001,0.45454545454545464,0.9776804,44.58087963571139,0.9947613477706909,0.9962527751922607,0.19662456214427948,0.04988372325897217,396765,0.009729138,0.005164753179997206,0.005187810864299536,0.005194817669689655
571313,pgd_eps0.008_alpha0.005_iter4,0.22222222222222227,0.20000000000000007,0.9769509,44.4700644636669,0.9950661659240723,0.995522677898407,0.1970948576927185,0.026428818702697754,399681,0.009943057,0.005394940264523029,0.005360918119549751,0.00535932881757617
183127,pgd_eps0.008_alpha0.005_iter3,1.0000000000000002,0.6666666666666669,0.9785057,44.73607034267462,0.9947335124015808,0.9970141053199768,0.19236376881599426,0.06035834550857544,398334,0.009575576,0.0050748176872730255,0.0050751203671097755,0.005065468139946461
115898,pgd_eps0.008_alpha0.005_iter2,1.0000000000000002,0.7500000000000002,0.9862201,44.9202577131971,0.9969987869262695,0.9989081025123596,0.1477694809436798,0.03542625904083252,403421,0.009446077,0.005050412379205227,0.005031919106841087,0.005034036003053188
189752,pgd_eps0.008_alpha0.005_iter1,0.17045454545454547,0.14772727272727276,0.9844635,45.032661072515396,0.9971901774406433,0.9987179636955261,0.11170369386672974,0.028130531311035156,405283,0.009315892,0.004799909424036741,0.0048125917091965675,0.0047758533619344234
290163,pgd_eps0.008_alpha0.005_iter24,0.20000000000000004,0.15500000000000003,0.97756356,43.57558365886395,0.9954678416252136,0.9973450303077698,0.14407557249069214,0.019972681999206543,399292,0.0111329295,0.006159707438200712,0.006115670781582594,0.006133928429335356
91406,pgd_eps0.008_alpha0.005_iter1,0.3766233766233767,0.30303030303030304,0.9803319,45.14909615522469,0.9964517951011658,0.9983627200126648,0.15980136394500732,0.03282427787780762,404984,0.009171779,0.0047146896831691265,0.004678393714129925,0.004729514475911856
322352,pgd_eps0.008_alpha0.005_iter2,0.27272727272727276,0.24793388429752072,0.9847997,44.87065101349317,0.9970083236694336,0.998533308506012,0.1230718195438385,0.0216519832611084,401776,0.009474684,0.005082096438854933,0.0050522033125162125,0.0050506931729614735
223959,pgd_eps0.008_alpha0.005_iter1,1.0000000000000002,0.5000000000000001,0.9798617,45.12511513440188,0.9961287379264832,0.9981485605239868,0.1443251073360443,0.015849709510803223,405238,0.009203275,0.004739557392895222,0.00470525398850441,0.004734998568892479
326248,pgd_eps0.008_alpha0.005_iter19,0.10795454545454546,0.09523809523809523,0.97957,43.889709841160766,0.9956200122833252,0.9982365965843201,0.1791090965270996,0.04378461837768555,396760,0.010669559,0.0058561996556818485,0.005830018315464258,0.0058282846584916115
453722,pgd_eps0.008_alpha0.005_iter2,0.6666666666666669,0.3333333333333334,0.98337895,44.891131433008596,0.9964386224746704,0.9986447095870972,0.1542283445596695,0.039132118225097656,402804,0.00946792,0.005064212251454592,0.0050505055114626884,0.005047757178544998
293625,pgd_eps0.008_alpha0.005_iter1,0.1666666666666667,0.06818181818181819,0.9796849,45.03474786727101,0.9961713552474976,0.9977284073829651,0.14530886709690094,0.03709065914154053,405348,0.009313788,0.004799074027687311,0.004797615110874176,0.004788982681930065
411817,pgd_eps0.008_alpha0.005_iter3,0.2272727272727273,0.18868274582560302,0.9836858,44.526513753252495,0.9970499873161316,0.9982351064682007,0.1149061843752861,0.027883410453796387,400663,0.009846246,0.005246446933597326,0.0051920730620622635,0.005206892266869545
546964,pgd_eps0.008_alpha0.005_iter1,0.2272727272727273,0.17213804713804715,0.98676676,45.08881108288115,0.9976966381072998,0.9990178346633911,0.09631579369306564,0.02225017547607422,405172,0.009247691,0.004762592259794474,0.004722437355667353,0.004770201630890369
215259,pgd_eps0.008_alpha0.005_iter2,0.4242424242424243,0.3636363636363637,0.976733,44.86115507088927,0.9954034090042114,0.9970284104347229,0.2038993537425995,0.025272071361541748,401819,0.009477131,0.005101168528199196,0.0050787730142474174,0.005065652076154947
573094,pgd_eps0.008_alpha0.005_iter2,0.28571428571428575,0.20370370370370372,0.97990197,44.91745767949488,0.9961769580841064,0.9976806044578552,0.1552789807319641,0.02332782745361328,402115,0.009425886,0.005053509958088398,0.00502997450530529,0.005029925145208836
560011,pgd_eps0.008_alpha0.005_iter2,0.3333333333333334,0.2613636363636364,0.97187084,45.03839622229691,0.994086503982544,0.9810468554496765,0.3290908932685852,0.07689535617828369,400697,0.009248858,0.004979005549103022,0.004940298851579428,0.004941293504089117
38576,pgd_eps0.008_alpha0.005_iter5,0.5151515151515152,0.4000000000000001,0.976288,44.48786384679942,0.9950484037399292,0.9953563213348389,0.19773998856544495,0.02850264310836792,395469,0.00984685,0.005301484372466803,0.005278867669403553,0.005281888879835606
147729,pgd_eps0.008_alpha0.005_iter1,0.5000000000000001,0.43232323232323244,0.97769994,45.08411858069357,0.9955971240997314,0.9963788986206055,0.16651350259780884,0.03848564624786377,405134,0.009252992,0.004760936833918095,0.004746740683913231,0.0047666896134614944
579307,pgd_eps0.008_alpha0.005_iter1,0.3333333333333334,0.25000000000000006,0.9824434,45.099700038882595,0.9966127276420593,0.998088538646698,0.13708773255348206,0.01617252826690674,405212,0.009233755,0.004742900375276804,0.004741158336400986,0.004753285553306341
154425,pgd_eps0.008_alpha0.005_iter1,0.5000000000000001,0.3333333333333334,0.98439187,45.06712236185485,0.996904730796814,0.9988725185394287,0.13480153679847717,0.037921130657196045,405062,0.00927089,0.004772241227328777,0.004769376944750547,0.004764662589877844
432898,pgd_eps0.008_alpha0.005_iter9,0.11363636363636363,0.09217171717171718,0.97774595,44.171404086987664,0.9944027662277222,0.996094822883606,0.1955854445695877,0.03180736303329468,396317,0.010284151,0.005597367882728577,0.005581361707299948,0.0055748047307133675
404923,pgd_eps0.008_alpha0.005_iter1,0.7727272727272729,0.5606060606060607,0.98589945,45.07440078538935,0.9965636134147644,0.998654842376709,0.11040826141834259,0.019342422485351562,405222,0.009265161,0.004765283316373825,0.004764215089380741,0.004769098479300737
130586,pgd_eps0.008_alpha0.005_iter2,1.0000000000000002,0.3750000000000001,0.9841685,44.974166677244156,0.9961878061294556,0.9962316155433655,0.1814710795879364,0.026906251907348633,391624,0.00917961,0.004858131054788828,0.004877353087067604,0.004884881898760796
163057,pgd_eps0.008_alpha0.005_iter4,0.2626262626262626,0.225974025974026,0.9828045,44.381861461389136,0.9957574605941772,0.9972695708274841,0.15851834416389465,0.05150139331817627,400974,0.010047666,0.0054883635602891445,0.005465460475534201,0.005351451691240072
7511,pgd_eps0.008_alpha0.005_iter3,0.27272727272727276,0.2545454545454546,0.98113614,44.52168863964716,0.9956192970275879,0.9978470206260681,0.1455051600933075,0.03603971004486084,399338,0.009842635,0.005260614212602377,0.005232741124927998,0.005180045962333679
67406,pgd_eps0.008_alpha0.005_iter4,1.0000000000000002,0.6666666666666669,0.971334,44.4862800577253,0.9930132627487183,0.9725706577301025,0.2843326926231384,0.07005846500396729,397020,0.009888843,0.00539619754999876,0.005353278946131468,0.005334414076060057
290179,pgd_eps0.008_alpha0.005_iter2,0.10606060606060608,0.06771799628942488,0.982779,44.84370055807655,0.9964169859886169,0.9985340237617493,0.17208176851272583,0.05508089065551758,403563,0.009534049,0.005134786944836378,0.00508238235488534,0.005076299421489239
248752,pgd_eps0.008_alpha0.005_iter2,0.5000000000000001,0.3333333333333334,0.97682494,44.948394790633905,0.9951447248458862,0.9974599480628967,0.1942790150642395,0.03323376178741455,401962,0.009380507,0.005048209801316261,0.005006100982427597,0.005001310259103775
54593,pgd_eps0.008_alpha0.005_iter8,0.20202020202020207,0.15840220385674933,0.9857898,43.9861653061833,0.9963973760604858,0.9986227750778198,0.1593596339225769,0.0391695499420166,401891,0.0105879735,0.0057746171951293945,0.005761303473263979,0.0057542514987289906
116208,pgd_eps0.008_alpha0.005_iter1,0.25974025974025977,0.25,0.9871455,45.087001065421326,0.9977799654006958,0.9991019368171692,0.09839519113302231,0.020359516143798828,404925,0.00924788,0.004758324474096298,0.00475426996126771,0.0047486405819654465
340697,pgd_eps0.008_alpha0.005_iter1,0.13636363636363635,0.06464646464646465,0.9845064,45.250134914175355,0.9974433779716492,0.9989801645278931,0.13465406000614166,0.03662919998168945,404422,0.009051105,0.004639195743948221,0.00460771331563592,0.004649493843317032
450303,pgd_eps0.008_alpha0.005_iter2,0.4090909090909091,0.3828282828282829,0.9781502,44.79799803995442,0.9957947731018066,0.9973621368408203,0.1586436927318573,0.03945517539978027,402753,0.0095699215,0.005143787246197462,0.005124477203935385,0.005120018497109413
494427,pgd_eps0.008_alpha0.005_iter1,0.5000000000000001,0.0,0.97825366,45.06101981939105,0.9960150718688965,0.9971978068351746,0.1521231234073639,0.027433037757873535,405129,0.00928087,0.004772310145199299,0.004776624031364918,0.004777117632329464
137294,pgd_eps0.008_alpha0.005_iter1,0.27272727272727276,0.0,0.9801534,45.13768863100896,0.9963857531547546,0.9981281757354736,0.16330397129058838,0.033026158809661865,404828,0.009185243,0.004727201536297798,0.004702331963926554,0.004720451310276985
410880,pgd_eps0.008_alpha0.005_iter1,0.1666666666666667,0.08333333333333336,0.98290664,45.05604687431134,0.9970314502716064,0.9986682534217834,0.12173549830913544,0.02508413791656494,405088,0.009282757,0.004786542616784573,0.004791819956153631,0.004757439251989126
181796,pgd_eps0.008_alpha0.005_iter2,0.24242424242424246,0.19191919191919193,0.9795459,44.91832172575495,0.9958494901657104,0.9979827404022217,0.20080506801605225,0.0354001522064209,402536,0.009428717,0.005075394641608,0.005022537894546986,0.005024951882660389
2431,pgd_eps0.008_alpha0.005_iter10,0.1666666666666667,0.14393939393939398,0.9747531,44.16678008816599,0.9945666193962097,0.9967634081840515,0.20167222619056702,0.02594238519668579,395607,0.010300606,0.005640324205160141,0.0055926223285496235,0.005613270215690136
298396,pgd_eps0.008_alpha0.005_iter2,0.20202020202020207,0.19580419580419584,0.9862687,44.748306498020156,0.9971699714660645,0.9988124966621399,0.10743609070777893,0.025029301643371582,403953,0.009657024,0.005187319125980139,0.005161500535905361,0.005154588725417852
472046,pgd_eps0.008_alpha0.005_iter2,0.13131313131313135,0.10743801652892565,0.9791169,44.85642286488996,0.996041476726532,0.9978647828102112,0.17585350573062897,0.043863892555236816,402599,0.009495269,0.005115819163620472,0.0050699133425951,0.005076172761619091
74058,pgd_eps0.008_alpha0.005_iter1,0.13636363636363635,0.13352272727272727,0.9849591,45.29030350704134,0.9972390532493591,0.9986349940299988,0.15445952117443085,0.04113352298736572,399450,0.008925107,0.004570946097373962,0.004549903329461813,0.004590926691889763
58029,pgd_eps0.008_alpha0.005_iter2,0.5000000000000001,0.21428571428571436,0.9762265,44.94613447498672,0.9953378438949585,0.9956333041191101,0.16981348395347595,0.043519020080566406,401748,0.009371695,0.005053551867604256,0.005004866048693657,0.005003456491976976
134096,pgd_eps0.008_alpha0.005_iter1,0.3333333333333334,0.1666666666666667,0.98412687,45.13167660678455,0.9969369769096375,0.998380720615387,0.10897389054298401,0.02289271354675293,404885,0.009194168,0.004737706854939461,0.0047211856581270695,0.004699123091995716
111951,pgd_eps0.008_alpha0.005_iter2,0.3333333333333334,0.03896103896103897,0.97826785,44.982584971478886,0.9958510398864746,0.997523307800293,0.15637463331222534,0.03299647569656372,401198,0.009308026,0.0049599106423556805,0.005039351526647806,0.004929609131067991
103585,pgd_eps0.008_alpha0.005_iter2,0.6666666666666669,0.5000000000000001,0.97463185,44.87212447303218,0.994747519493103,0.9957677125930786,0.2032158076763153,0.03519958257675171,401896,0.009462497,0.005068869795650244,0.005075423512607813,0.005076853558421135
210273,pgd_eps0.008_alpha0.005_iter10,0.29545454545454547,0.27906815406815405,0.9581742,44.467720642164224,0.9955584406852722,0.996285617351532,0.20511332154273987,0.05396103858947754,370485,0.009715547,0.00530249485746026,0.005255240015685558,0.0052686105482280254
446651,pgd_eps0.008_alpha0.005_iter5,0.15909090909090912,0.04958677685950413,0.9719419,44.43533594872483,0.9957522749900818,0.9976076483726501,0.20410293340682983,0.036601364612579346,387013,0.0098587815,0.005324971862137318,0.005274629686027765,0.005299380049109459
52017,pgd_eps0.008_alpha0.005_iter7,0.5000000000000001,0.25000000000000006,0.9673572,44.427788716199,0.9922314882278442,0.962868869304657,0.351986825466156,0.08248883485794067,393603,0.009922463,0.0053878589533269405,0.005364985670894384,0.0053314040414988995
336309,pgd_eps0.008_alpha0.005_iter2,1.0000000000000002,0.3333333333333334,0.97074586,44.8599248197779,0.9933678507804871,0.9908046722412109,0.2744000256061554,0.08326244354248047,402159,0.009488491,0.00508270924910903,0.005084527190774679,0.005083243828266859
227478,pgd_eps0.008_alpha0.005_iter1,0.18181818181818185,0.06818181818181819,0.9894108,45.111065637631555,0.997945249080658,0.9992430806159973,0.0974973663687706,0.03487372398376465,405119,0.009219897,0.004739947617053986,0.004729540087282658,0.004739569965749979
339870,pgd_eps0.008_alpha0.005_iter1,0.27272727272727276,0.13068181818181818,0.9786336,45.09586171875084,0.9958745837211609,0.9967992901802063,0.17592424154281616,0.04729318618774414,405164,0.009237259,0.004760725423693657,0.0047390093095600605,0.004745615180581808
33707,pgd_eps0.008_alpha0.005_iter1,0.5454545454545455,0.42424242424242414,0.9914258,45.20228933042109,0.9984909296035767,0.9992994666099548,0.047184061259031296,0.007593750953674316,405395,0.00910593,0.00468602916225791,0.0046925111673772335,0.004686134867370129
327601,pgd_eps0.008_alpha0.005_iter1,0.3333333333333334,0.20000000000000004,0.9796371,45.07564397795606,0.9961061477661133,0.9984193444252014,0.17956627905368805,0.023856163024902344,405240,0.0092598405,0.004768651910126209,0.004757934715598822,0.004768444690853357
255749,pgd_eps0.008_alpha0.005_iter1,0.6363636363636365,0.3333333333333334,0.9651825,45.629272103446354,0.996042013168335,0.9942229986190796,0.20453885197639465,0.04731309413909912,373516,0.0083809085,0.0043156263418495655,0.004283482674509287,0.00430219154804945
8762,pgd_eps0.008_alpha0.005_iter2,0.3727272727272728,0.3251082251082252,0.97153157,45.015289761510715,0.9941010475158691,0.9807960391044617,0.26452380418777466,0.04677295684814453,401346,0.009293356,0.005023567005991936,0.004967374727129936,0.004914905875921249
526392,pgd_eps0.008_alpha0.005_iter1,0.6363636363636365,0.5272727272727273,0.9803872,45.06571147670208,0.9964866042137146,0.9986000657081604,0.16780027747154236,0.04202723503112793,405265,0.009272812,0.0047728754580020905,0.004769489169120789,0.004772157873958349
535578,pgd_eps0.008_alpha0.005_iter4,0.4545454545454546,0.3738095238095238,0.9868493,44.229088618478016,0.9966201186180115,0.9989312887191772,0.1446385532617569,0.03209751844406128,403230,0.010271799,0.005574928596615791,0.00558316009119153,0.005526638124138117
580757,pgd_eps0.008_alpha0.005_iter2,1.0000000000000002,0.3333333333333334,0.98172504,44.81841798550124,0.9959994554519653,0.9982609748840332,0.15197890996932983,0.03643500804901123,402859,0.009552836,0.005120532121509314,0.005105240270495415,0.005103394854813814
165039,pgd_eps0.008_alpha0.005_iter2,0.5,0.4943181818181819,0.9819518,44.87643021778311,0.9965494871139526,0.9980359077453613,0.1606355756521225,0.028262019157409668,403270,0.009487034,0.005094513762742281,0.005071068182587624,0.005046358797699213
148719,pgd_eps0.008_alpha0.005_iter1,0.2272727272727273,0.15151515151515152,0.9890345,45.089369672421256,0.9977929592132568,0.9993783235549927,0.09537874907255173,0.025075256824493408,405239,0.009248856,0.004758726339787245,0.0047408174723386765,0.004760680720210075
489842,pgd_eps0.008_alpha0.005_iter2,0.17668997668997669,0.16355844155844154,0.99244857,44.78984173917239,0.9986593127250671,0.9991424083709717,0.05432278662919998,0.023309826850891113,404068,0.009615094,0.005143849644809961,0.005148273892700672,0.005113155115395784
423229,pgd_eps0.008_alpha0.005_iter3,0.3333333333333334,0.3000000000000001,0.9851174,44.45843871802806,0.9966192245483398,0.9988500475883484,0.16540157794952393,0.043680548667907715,402413,0.009946852,0.005298712756484747,0.005273962393403053,0.005254919640719891
166287,pgd_eps0.008_alpha0.005_iter1,0.5625,0.4913419913419914,0.97803307,45.0699791770012,0.995447039604187,0.9972754120826721,0.16190364956855774,0.046082377433776855,405334,0.009270627,0.004778072703629732,0.004768305458128452,0.004761796444654465
334555,pgd_eps0.008_alpha0.005_iter3,0.21212121212121215,0.17697075651621105,0.98155946,44.39464152861195,0.9957408905029297,0.9983746409416199,0.15689918398857117,0.023675620555877686,401773,0.010028389,0.005343030206859112,0.005339504685252905,0.005322341341525316
196759,pgd_eps0.008_alpha0.005_iter1,0.5000000000000001,0.3333333333333334,0.9792888,45.137470083521336,0.9963054656982422,0.9980533719062805,0.1342502236366272,0.022351384162902832,402700,0.0091694025,0.004705158062279224,0.004697909578680992,0.004731151275336742
61418,pgd_eps0.008_alpha0.005_iter1,0.48484848484848486,0.4687500000000001,0.98596406,45.10176986961746,0.9972999095916748,0.9991772770881653,0.12346512079238892,0.034796833992004395,405133,0.009229436,0.004745501559227705,0.004735814407467842,0.004753060173243284
526751,pgd_eps0.008_alpha0.005_iter1,0.2727272727272727,0.16363636363636364,0.98283356,45.148890512870885,0.9964351058006287,0.9986889958381653,0.1551758050918579,0.04617786407470703,404828,0.009172544,0.004706894978880882,0.004687853157520294,0.004724903032183647
277020,pgd_eps0.008_alpha0.005_iter4,0.37878787878787884,0.2840909090909091,0.9614554,44.702735943820535,0.9944355487823486,0.9909399747848511,0.26313263177871704,0.05834376811981201,379564,0.009485261,0.00515658687800169,0.005101312883198261,0.005111342296004295
47828,pgd_eps0.008_alpha0.005_iter1,0.12121212121212122,0.11363636363636365,0.9751871,45.14603601289117,0.9951040148735046,0.9831801652908325,0.2635646462440491,0.05920445919036865,404905,0.009174202,0.004726813640445471,0.004697020631283522,0.004702270962297916
183716,pgd_eps0.008_alpha0.005_iter6,0.3333333333333334,0.20000000000000004,0.9784495,44.306418188229344,0.995863139629364,0.9977362751960754,0.16966676712036133,0.026724815368652344,393413,0.010085573,0.005520408973097801,0.005454478785395622,0.005486843641847372
271997,pgd_eps0.008_alpha0.005_iter5,1.0000000000000002,0.5000000000000001,0.97570467,44.537961281782756,0.9946991205215454,0.9966068267822266,0.19467772543430328,0.03569161891937256,393088,0.00977701,0.005266238935291767,0.005260883364826441,0.0052549587562680244
8532,pgd_eps0.008_alpha0.005_iter3,0.5000000000000001,0.4000000000000001,0.9756283,44.67693877538947,0.9949154853820801,0.9964140057563782,0.2452513426542282,0.055653393268585205,398754,0.009638787,0.00513528473675251,0.005096825771033764,0.005106551572680473
94336,pgd_eps0.008_alpha0.005_iter1,0.5000000000000001,0.3333333333333334,0.97560495,45.29148384546764,0.9963352084159851,0.9979323744773865,0.177557110786438,0.03157377243041992,397017,0.0089462055,0.004498457536101341,0.004606187809258699,0.004644310101866722
390555,pgd_eps0.008_alpha0.005_iter1,0.1910507792860734,0.10311942959001781,0.98811835,45.2118860530026,0.9978995323181152,0.9993140697479248,0.12500053644180298,0.03845524787902832,404882,0.009099981,0.004666483029723167,0.0046232398599386215,0.004697919357568026
250282,pgd_eps0.008_alpha0.005_iter1,0.11818181818181818,0.09445100354191265,0.98726505,45.207547392926855,0.9977394938468933,0.9992945194244385,0.13981950283050537,0.040052592754364014,404581,0.009101207,0.004678778816014528,0.004632099065929651,0.004684615880250931
68409,pgd_eps0.008_alpha0.005_iter3,0.13636363636363635,0.11255411255411255,0.9790663,44.604560719536124,0.995235800743103,0.9709872603416443,0.259846568107605,0.06822031736373901,400768,0.009749942,0.0051954216323792934,0.005134922452270985,0.005148352589458227
2299,pgd_eps0.008_alpha0.005_iter2,0.2546090273363001,0.21791726791726793,0.98572797,44.97136470245054,0.9974660873413086,0.999083399772644,0.17513388395309448,0.04932403564453125,403021,0.009376197,0.005059381015598774,0.004985592793673277,0.004963656421750784
11051,pgd_eps0.008_alpha0.005_iter2,0.7727272727272729,0.5000000000000001,0.9763629,44.90574290846588,0.9954113960266113,0.9956283569335938,0.18757158517837524,0.04106336832046509,401366,0.009412311,0.005067585501819849,0.0050492300651967525,0.005023339297622442
66038,pgd_eps0.008_alpha0.005_iter3,0.44318181818181823,0.38636363636363635,0.98502177,44.394107702368714,0.9966981410980225,0.9983671307563782,0.1185358464717865,0.023139774799346924,401873,0.010031815,0.005294207949191332,0.005342402029782534,0.00532373134046793
360960,pgd_eps0.008_alpha0.005_iter1,0.9090909090909093,0.7500000000000001,0.9743047,45.108722512881194,0.9955741167068481,0.9965088367462158,0.1878703087568283,0.04449194669723511,400114,0.00918085,0.004728491883724928,0.004742167424410582,0.004720703698694706
504589,pgd_eps0.008_alpha0.005_iter3,1.0000000000000002,0.6666666666666669,0.98358375,44.548445002440225,0.9962565302848816,0.9984173774719238,0.16360387206077576,0.03515106439590454,402110,0.009839505,0.005247414577752352,0.00519978441298008,0.005169064272195101
464522,pgd_eps0.008_alpha0.005_iter2,0.5454545454545455,0.13636363636363638,0.9793994,44.89389569228265,0.996379554271698,0.9979860186576843,0.17949548363685608,0.024279236793518066,400763,0.009437973,0.005063701421022415,0.0050434754230082035,0.005035204812884331
454750,pgd_eps0.008_alpha0.005_iter2,1.0000000000000002,0.5000000000000001,0.9802639,44.88485394530219,0.9958499670028687,0.9975813031196594,0.18691660463809967,0.042348504066467285,402146,0.009469204,0.005066885147243738,0.00506824254989624,0.005035468377172947
509735,pgd_eps0.008_alpha0.005_iter2,0.590909090909091,0.48484848484848486,0.9867719,44.80779022832321,0.9967061877250671,0.9992256164550781,0.14389322698116302,0.0332111120223999,403728,0.009583058,0.005131945479661226,0.005122554488480091,0.005108696408569813
23034,pgd_eps0.008_alpha0.005_iter2,0.6666666666666669,0.2181818181818182,0.9843817,44.803264043696686,0.9967265129089355,0.9988707900047302,0.15027660131454468,0.04171329736709595,403361,0.0095769605,0.0051404815167188644,0.005122552625834942,0.005110241938382387
141671,pgd_eps0.008_alpha0.005_iter1,0.11363636363636363,0.08484848484848484,0.98160666,45.13456099974431,0.9962365627288818,0.99903804063797,0.2068328857421875,0.07691162824630737,405051,0.009188333,0.0047266241163015366,0.004699000157415867,0.004736423958092928
506656,pgd_eps0.008_alpha0.005_iter1,0.5454545454545455,0.40909090909090917,0.98128533,45.07881475930005,0.9963950514793396,0.997909665107727,0.13573487102985382,0.024991214275360107,405218,0.009261119,0.004768510349094868,0.004771902225911617,0.004748442675918341
272566,pgd_eps0.008_alpha0.005_iter1,0.13636363636363638,0.1272727272727273,0.9894646,45.12595996372923,0.9979113340377808,0.9994751811027527,0.10714228451251984,0.02245497703552246,404900,0.009201444,0.004724781960248947,0.004728564992547035,0.0047052837908267975
424551,pgd_eps0.008_alpha0.005_iter5,1.0000000000000002,0.5000000000000001,0.9794963,44.564606785275956,0.9951688647270203,0.9973146319389343,0.1732805371284485,0.051215529441833496,396944,0.009785568,0.005250801332294941,0.005242070648819208,0.0052168541587889194
341719,pgd_eps0.008_alpha0.005_iter1,0.5151515151515152,0.40909090909090917,0.98438025,45.101614876026154,0.9969362616539001,0.998900294303894,0.1278780847787857,0.037434935569763184,405246,0.0092290295,0.004752834793180227,0.004726654849946499,0.004754065070301294
72795,pgd_eps0.008_alpha0.005_iter1,0.2022727272727273,0.20046620046620048,0.98838663,45.13531814254465,0.997829794883728,0.9990872144699097,0.09513258934020996,0.03644716739654541,404906,0.009191389,0.004727608058601618,0.004703928716480732,0.0047230408526957035
417285,pgd_eps0.008_alpha0.005_iter2,0.20000000000000004,0.04761904761904761,0.97722054,44.988464404211086,0.9956397414207458,0.9975239634513855,0.23922649025917053,0.04384469985961914,401745,0.009331813,0.005046360660344362,0.004991865251213312,0.004907138179987669
2157,pgd_eps0.008_alpha0.005_iter1,0.24242424242424246,0.22077922077922082,0.9827512,45.15892052767093,0.9969999194145203,0.998735249042511,0.14821358025074005,0.02587682008743286,404853,0.009159895,0.004709029104560614,0.004682180937379599,0.004711010958999395
43816,pgd_eps0.008_alpha0.005_iter7,0.7500000000000002,0.6931818181818183,0.9823751,44.05573151385945,0.9955271482467651,0.9976558089256287,0.16197040677070618,0.031786441802978516,398087,0.010441188,0.005688838195055723,0.005677177105098963,0.00563616631552577
455555,pgd_eps0.008_alpha0.005_iter2,0.5000000000000001,0.38636363636363646,0.98274606,44.96838371337834,0.9975218176841736,0.9984103441238403,0.08487294614315033,0.019587278366088867,393897,0.009306885,0.004962983075529337,0.004973973147571087,0.004949192516505718
535306,pgd_eps0.008_alpha0.005_iter1,1.0000000000000002,0.33333333333333337,0.98164034,45.03039567531025,0.9963811635971069,0.9988299012184143,0.15990814566612244,0.031500399112701416,405326,0.009318907,0.0047967396676540375,0.004805769771337509,0.004799468908458948
30504,pgd_eps0.008_alpha0.005_iter2,0.6666666666666669,0.3750000000000001,0.9856017,45.01459706061059,0.9972831010818481,0.9987582564353943,0.11163222789764404,0.01970052719116211,402743,0.009325824,0.004998083226382732,0.004964547231793404,0.004952281713485718
473118,pgd_eps0.008_alpha0.005_iter2,1.0000000000000002,0.7500000000000002,0.97893214,44.93086053852135,0.9958564639091492,0.9980455040931702,0.17945271730422974,0.021009862422943115,402457,0.009420289,0.004996184725314379,0.005047738552093506,0.005040879361331463
91779,pgd_eps0.008_alpha0.005_iter2,0.39393939393939403,0.3400673400673402,0.983937,44.80525339260392,0.9969570636749268,0.9986460208892822,0.12144666910171509,0.022585153579711914,403471,0.009578355,0.005149052944034338,0.005119376350194216,0.0051139947026968
283113,pgd_eps0.008_alpha0.005_iter2,0.27272727272727276,0.2613636363636364,0.982076,44.92746229587094,0.996487021446228,0.9984378814697266,0.13185429573059082,0.01474142074584961,402678,0.009422008,0.005059131421148777,0.005029776599258184,0.005023526959121227
97278,pgd_eps0.008_alpha0.005_iter2,0.5000000000000001,0.1666666666666667,0.9813051,44.96150033004639,0.9961239695549011,0.9968029856681824,0.14081920683383942,0.026124119758605957,401358,0.009354618,0.004988327156752348,0.004972921218723059,0.005009819287806749
567640,pgd_eps0.008_alpha0.005_iter8,0.45454545454545464,0.4015151515151516,0.9792719,44.06446391821326,0.995482861995697,0.9980581402778625,0.16923686861991882,0.033110857009887695,395860,0.010423043,0.005723943002521992,0.0056764245964586735,0.005688949022442102
532493,pgd_eps0.008_alpha0.005_iter1,1.0000000000000002,0.5000000000000001,0.9860049,45.10739006477899,0.996997058391571,0.9990026354789734,0.1552506983280182,0.04304242134094238,405194,0.009224667,0.004748053383082151,0.004732965491712093,0.004741470795124769
45550,pgd_eps0.008_alpha0.005_iter2,0.5454545454545456,0.42857142857142866,0.9797559,44.92622989663261,0.9959234595298767,0.9976216554641724,0.15225644409656525,0.02872300148010254,401496,0.009400569,0.005041344556957483,0.005032550543546677,0.005022398196160793
156643,pgd_eps0.008_alpha0.005_iter2,0.31818181818181823,0.2821723730814641,0.9838726,44.90970131492727,0.9968899488449097,0.998237669467926,0.11305788904428482,0.022407054901123047,402794,0.009446188,0.005078343208879232,0.005026472732424736,0.005028496962040663
430056,pgd_eps0.008_alpha0.005_iter2,0.27272727272727276,0.05454545454545455,0.97745866,45.00524850018614,0.9955379366874695,0.9971293210983276,0.17807622253894806,0.02544456720352173,402167,0.009328891,0.005008953623473644,0.004971370100975037,0.004954826086759567
410456,pgd_eps0.008_alpha0.005_iter2,0.40909090909090917,0.2545454545454546,0.9861779,44.862397428384426,0.9971365928649902,0.998748242855072,0.10385484993457794,0.021492600440979004,403555,0.009517608,0.005090935155749321,0.00507922051474452,0.005069779232144356
441286,pgd_eps0.008_alpha0.005_iter2,1.0000000000000002,0.6666666666666669,0.983867,44.891812636381985,0.9965311288833618,0.998375415802002,0.12331770360469818,0.03543269634246826,402861,0.009464693,0.005083959084004164,0.005054549779742956,0.005046613048762083
279541,pgd_eps0.008_alpha0.005_iter2,0.398989898989899,0.3218181818181819,0.98308676,44.82288843264519,0.9966227412223816,0.998450517654419,0.1354614794254303,0.017868220806121826,402659,0.009541572,0.005156850442290306,0.00511079141870141,0.005046593490988016
885,pgd_eps0.008_alpha0.005_iter5,0.4545454545454546,0.3914772727272728,0.97142226,44.45310678925768,0.9936566352844238,0.9888561964035034,0.2599378824234009,0.06752157211303711,394390,0.009883222,0.005353184882551432,0.005291602108627558,0.005308221559971571
156076,pgd_eps0.008_alpha0.005_iter7,0.13636363636363638,0.11305361305361307,0.9850443,44.04674790933946,0.9967993497848511,0.99855637550354,0.11825267225503922,0.021170318126678467,398115,0.010462288,0.005708036478608847,0.005675457883626223,0.0056438748724758625
39551,pgd_eps0.008_alpha0.005_iter4,1.0000000000000002,0.7500000000000002,0.9749834,44.60847623110725,0.9939084053039551,0.9960097670555115,0.19721640646457672,0.03578561544418335,395365,0.009714903,0.005279992241412401,0.0052650850266218185,0.005249375011771917
56344,pgd_eps0.008_alpha0.005_iter1,0.6000000000000002,0.5909090909090909,0.97810596,45.085987775900485,0.9961997270584106,0.9975844621658325,0.16822972893714905,0.024894773960113525,404936,0.009249581,0.004760023672133684,0.004755526315420866,0.004754398018121719
193348,pgd_eps0.008_alpha0.005_iter5,0.5000000000000001,0.3333333333333334,0.97241163,44.49602696803652,0.993768572807312,0.9942300319671631,0.2521916627883911,0.043151021003723145,389803,0.009783827,0.005291532259434462,0.005282185040414333,0.005294215865433216
16958,pgd_eps0.008_alpha0.005_iter2,0.4242424242424243,0.3181818181818182,0.97990394,44.86559719079217,0.9959961771965027,0.9976062178611755,0.16667971014976501,0.03193306922912598,402824,0.009495938,0.005114716477692127,0.005071657244116068,0.005050394684076309
341681,pgd_eps0.008_alpha0.005_iter2,1.0000000000000002,0.7500000000000002,0.9746669,44.90606785334884,0.9944205284118652,0.9966596961021423,0.2169255018234253,0.03767287731170654,401993,0.009428803,0.005054157227277756,0.005044728051871061,0.005049319472163916
83172,pgd_eps0.008_alpha0.005_iter4,0.5000000000000001,0.40151515151515155,0.9740186,44.57977371605912,0.9939086437225342,0.994836688041687,0.2313062846660614,0.032772064208984375,397959,0.009785902,0.0053183515556156635,0.005275379866361618,0.005260654725134373
343524,pgd_eps0.008_alpha0.005_iter3,0.6666666666666669,0.4000000000000001,0.97334146,44.60446415117971,0.993790328502655,0.9968442916870117,0.22309666872024536,0.043201446533203125,399907,0.009753212,0.005182384047657251,0.005169129930436611,0.00516137620434165
395801,pgd_eps0.008_alpha0.005_iter1,0.2575757575757576,0.1931818181818182,0.97987205,45.08709365391756,0.9962174296379089,0.9973641633987427,0.14737911522388458,0.03341519832611084,405136,0.009248716,0.00476411497220397,0.004739278461784124,0.004765577148646116
388056,pgd_eps0.008_alpha0.005_iter3,0.8787878787878789,0.5595959595959596,0.9831541,44.52583899169675,0.9964250326156616,0.9985806941986084,0.1489422619342804,0.02508723735809326,401090,0.009851842,0.0052541750483214855,0.005212786141782999,0.005212653428316116
235836,pgd_eps0.008_alpha0.005_iter5,0.3750000000000001,0.37272727272727285,0.9854037,44.177468133517394,0.9966433048248291,0.9987909197807312,0.14581142365932465,0.02565675973892212,400678,0.010297159,0.005559106357395649,0.005551436450332403,0.005536282435059547
343218,pgd_eps0.008_alpha0.005_iter5,0.38636363636363646,0.33333333333333337,0.97597575,44.408904525709474,0.9946260452270508,0.9971169829368591,0.21264800429344177,0.04308372735977173,397547,0.00997793,0.005394499283283949,0.005345379933714867,0.005328627303242683
205105,pgd_eps0.008_alpha0.005_iter1,0.6969696969696971,0.5378787878787881,0.97714657,45.25154701825823,0.9956883192062378,0.996100127696991,0.18346738815307617,0.039028286933898926,401089,0.009020917,0.0046434407122433186,0.00461701350286603,0.0046355100348591805
371677,pgd_eps0.008_alpha0.005_iter4,0.3333333333333334,0.244949494949495,0.98113656,44.62295164941763,0.9958576560020447,0.997743546962738,0.14258506894111633,0.02683091163635254,399334,0.009754294,0.005267887841910124,0.005238898564130068,0.005250603426247835
308531,pgd_eps0.008_alpha0.005_iter2,0.3333333333333334,0.20000000000000004,0.98228294,44.918092729446414,0.9962019324302673,0.9982215762138367,0.1912945955991745,0.03637051582336426,403129,0.0094309915,0.005071382038295269,0.005034388974308968,0.0049790567718446255
455352,pgd_eps0.008_alpha0.005_iter1,1.0000000000000002,0.5000000000000001,0.98179287,45.171014884931694,0.9964770078659058,0.9978532791137695,0.13121433556079865,0.03000277280807495,404992,0.009146937,0.004737951327115297,0.004700008314102888,0.004636261612176895
236914,pgd_eps0.008_alpha0.005_iter3,0.25000000000000006,0.14285714285714288,0.9772981,44.69327838955495,0.9962244033813477,0.998058021068573,0.1637779027223587,0.03146553039550781,391348,0.009576923,0.005106099881231785,0.005076229106634855,0.005012889392673969
232684,pgd_eps0.008_alpha0.005_iter2,0.5000000000000001,0.25000000000000006,0.9258707,45.494450701363164,0.9917881488800049,0.953631579875946,0.2904493808746338,0.08308970928192139,325175,0.008155737,0.004347322508692741,0.004331291653215885,0.004306133836507797
290843,pgd_eps0.008_alpha0.005_iter1,0.25000000000000006,0.20000000000000004,0.976136,45.158536985486506,0.9955291152000427,0.9959266185760498,0.20218762755393982,0.0182073712348938,405048,0.009160122,0.004705850500613451,0.004676608368754387,0.004722215700894594
519522,pgd_eps0.008_alpha0.005_iter1,0.6363636363636365,0.31818181818181823,0.9791932,45.17832446930796,0.9961376190185547,0.9963374733924866,0.191033735871315,0.0325697660446167,404708,0.009135884,0.00469079427421093,0.004655301105231047,0.004706451669335365
167486,pgd_eps0.008_alpha0.005_iter1,0.27272727272727276,0.13454545454545458,0.9835429,45.188934305497064,0.9970273375511169,0.9984522461891174,0.11375545710325241,0.015554428100585938,403670,0.009117712,0.00471086660400033,0.004687529988586903,0.0046026804484426975
392228,pgd_eps0.008_alpha0.005_iter2,1.0000000000000002,0.5000000000000001,0.9760769,44.970059943184,0.9948872923851013,0.9915733337402344,0.19910380244255066,0.027769267559051514,403542,0.009375641,0.005061889998614788,0.005066676530987024,0.004853065125644207
488673,pgd_eps0.008_alpha0.005_iter2,0.13636363636363638,0.09696969696969697,0.9821577,44.87689632065498,0.9966522455215454,0.9982020258903503,0.1353553980588913,0.017847657203674316,403116,0.009490072,0.00510512525215745,0.005053823813796043,0.005056890193372965
191013,pgd_eps0.008_alpha0.005_iter1,0.6363636363636365,0.5568181818181819,0.9821427,45.14758062946313,0.9967565536499023,0.9984927177429199,0.12990516424179077,0.014483511447906494,404970,0.0091755,0.004715926945209503,0.004690859466791153,0.004718950483947992
163562,pgd_eps0.008_alpha0.005_iter2,1.0000000000000002,0.6666666666666669,0.97682744,44.855225061086415,0.9951937198638916,0.996916651725769,0.20617611706256866,0.04423820972442627,401757,0.00947804,0.005090930499136448,0.005089983809739351,0.005080099683254957
136355,pgd_eps0.008_alpha0.005_iter9,0.20454545454545459,0.1646984551396316,0.9760742,44.0792135835394,0.9948649406433105,0.996539831161499,0.20615094900131226,0.051674604415893555,395830,0.01038192,0.0056694187223911285,0.005626680329442024,0.005638036876916885
492362,pgd_eps0.008_alpha0.005_iter3,0.23376623376623382,0.18181818181818182,0.98221844,44.523283723533865,0.9962228536605835,0.9982329607009888,0.14449119567871094,0.019186735153198242,400853,0.0098469965,0.005247163120657206,0.0051925210282206535,0.00522333150729537
232563,pgd_eps0.008_alpha0.005_iter2,0.3636363636363637,0.1090909090909091,0.97972697,44.796998979187165,0.9956194758415222,0.9971358776092529,0.17611688375473022,0.03120112419128418,401850,0.009557223,0.00513338902965188,0.005130763165652752,0.005104529671370983
10977,pgd_eps0.008_alpha0.005_iter2,0.5000000000000001,0.3750000000000001,0.9777038,44.992712805781245,0.9956714510917664,0.996972382068634,0.18340353667736053,0.04593014717102051,397842,0.009240499,0.004939085338264704,0.0049318550154566765,0.00493446784093976
51598,pgd_eps0.008_alpha0.005_iter1,0.5000000000000001,0.25000000000000006,0.9725766,45.121637574684186,0.994577169418335,0.9756277203559875,0.2446947991847992,0.043319523334503174,405117,0.009204091,0.004722127690911293,0.004732397850602865,0.004731699358671904
32285,pgd_eps0.008_alpha0.005_iter1,1.0000000000000002,0.3333333333333334,0.9759969,45.09911640167392,0.9954551458358765,0.9949889183044434,0.1965579092502594,0.06192678213119507,405087,0.009232781,0.004755341913551092,0.004736730363219976,0.004746808670461178
520910,pgd_eps0.008_alpha0.005_iter1,0.6666666666666669,0.6000000000000002,0.97543836,45.15012823690023,0.9954333305358887,0.9912395477294922,0.21790851652622223,0.04328244924545288,404933,0.009169793,0.004714285954833031,0.0046893213875591755,0.004725634586066008
206411,pgd_eps0.008_alpha0.005_iter1,1.0000000000000002,0.5000000000000001,0.9775627,45.02718647596737,0.9956444501876831,0.9976760745048523,0.15962135791778564,0.036271750926971436,405500,0.009323341,0.004801199305802584,0.004804875701665878,0.004800783470273018
17436,pgd_eps0.008_alpha0.005_iter1,0.5000000000000001,0.38636363636363646,0.984104,45.14868510612301,0.9970589876174927,0.9989476203918457,0.13222262263298035,0.025665223598480225,403836,0.009165239,0.004738080780953169,0.004723334684967995,0.004625881556421518
177934,pgd_eps0.008_alpha0.005_iter1,0.4545454545454546,0.38311688311688313,0.98752517,45.159054409044046,0.9976526498794556,0.9990733861923218,0.10776636004447937,0.023883581161499023,404504,0.00915405,0.004753047600388527,0.004644338507205248,0.004685808438807726
165518,pgd_eps0.008_alpha0.005_iter2,0.5000000000000001,0.0,0.9759524,44.93365692887607,0.9948567152023315,0.9970012903213501,0.1923867166042328,0.016012489795684814,401970,0.009401593,0.0050401813350617886,0.005034659989178181,0.005019519943743944
571718,pgd_eps0.008_alpha0.005_iter1,0.2272727272727273,0.19480519480519481,0.9859733,45.20104955470758,0.9975948333740234,0.9990719556808472,0.13333430886268616,0.026484906673431396,404462,0.009109291,0.004666789434850216,0.004643482156097889,0.0047008260153234005
134886,pgd_eps0.008_alpha0.005_iter3,0.7272727272727275,0.5454545454545456,0.9727389,44.66405770177835,0.9937021732330322,0.9888942241668701,0.29091358184814453,0.05887246131896973,399191,0.009669105,0.005154842045158148,0.0051176040433347225,0.005109589081257582
485895,pgd_eps0.008_alpha0.005_iter1,1.0000000000000002,0.5000000000000001,0.9828331,45.05705593149749,0.9965876936912537,0.9987344145774841,0.15384826064109802,0.043364107608795166,405281,0.009284686,0.004783849697560072,0.004775858949869871,0.004774606786668301
287545,pgd_eps0.008_alpha0.005_iter2,1.0000000000000002,0.3333333333333334,0.98260546,44.83994917453086,0.996309757232666,0.9984785318374634,0.13925394415855408,0.027486562728881836,403006,0.009532806,0.00509378919377923,0.005101148039102554,0.005098057445138693
577182,pgd_eps0.008_alpha0.005_iter5,0.6818181818181819,0.5000000000000001,0.98494035,44.29307035017572,0.9967771768569946,0.9991335272789001,0.15226462483406067,0.03454935550689697,398810,0.010135425,0.005471068434417248,0.0054331691935658455,0.005425151437520981
289222,pgd_eps0.008_alpha0.005_iter2,0.4545454545454546,0.29610389610389615,0.9804465,44.830218823819585,0.9961649775505066,0.998053252696991,0.14706887304782867,0.0304105281829834,402932,0.009544123,0.005118964239954948,0.00509227579459548,0.005100636277347803
372819,pgd_eps0.008_alpha0.005_iter1,0.3090909090909092,0.21212121212121215,0.9885032,45.101414910991586,0.997386634349823,0.9993607401847839,0.12969160079956055,0.03168368339538574,405223,0.009231294,0.004752280656248331,0.004724978003650904,0.004757288843393326
310072,pgd_eps0.008_alpha0.005_iter6,0.24242424242424246,0.07272727272727274,0.981319,44.33464427476822,0.9954838752746582,0.9982478618621826,0.1944158971309662,0.036264657974243164,396951,0.010068262,0.00546689610928297,0.00544599536806345,0.005452711135149002
87144,pgd_eps0.008_alpha0.005_iter2,0.38636363636363646,0.26406926406926406,0.987128,44.81171788496297,0.9976065158843994,0.9988587498664856,0.10548724234104156,0.02020430564880371,403722,0.009575602,0.005122585222125053,0.005114911589771509,0.005110236816108227
430875,pgd_eps0.008_alpha0.005_iter3,0.6363636363636365,0.5000000000000001,0.96988934,44.854305651397006,0.992886483669281,0.9858794808387756,0.31956857442855835,0.07827615737915039,396274,0.009407666,0.0050569321028888226,0.004952085204422474,0.004933953285217285
60347,pgd_eps0.008_alpha0.005_iter2,0.5000000000000001,0.3333333333333334,0.98927164,44.77734101318134,0.9976428747177124,0.9992979168891907,0.1018771156668663,0.019155383110046387,403995,0.009621784,0.005151278804987669,0.005157082807272673,0.005134823732078075
42070,pgd_eps0.008_alpha0.005_iter1,0.3333333333333334,0.20000000000000004,0.9850178,45.13335082763131,0.9974973201751709,0.9986106157302856,0.09414049983024597,0.013376712799072266,404886,0.009193234,0.004735087044537067,0.004695202223956585,0.004727253224700689
420916,pgd_eps0.008_alpha0.005_iter2,0.3333333333333334,0.30909090909090914,0.98337656,44.727053601281526,0.9961953163146973,0.9985886216163635,0.1654587835073471,0.039673566818237305,403758,0.009680433,0.0051959119737148285,0.005185414105653763,0.005181538872420788
296224,pgd_eps0.008_alpha0.005_iter4,0.3333333333333334,0.07954545454545456,0.98107576,44.3862900739414,0.9963364005088806,0.9980522394180298,0.1437358409166336,0.029833734035491943,399944,0.010053646,0.005440974608063698,0.005439566448330879,0.005385252647101879
122606,pgd_eps0.008_alpha0.005_iter1,1.0000000000000002,0.25000000000000006,0.98541266,45.11123001601816,0.9972925186157227,0.9987933039665222,0.10784213989973068,0.022394239902496338,404842,0.009217608,0.004720201250165701,0.004731475841253996,0.004750542808324099
311909,pgd_eps0.008_alpha0.005_iter2,1.0000000000000002,0.0,0.9848466,44.84315134399414,0.9971567392349243,0.998521089553833,0.11296946555376053,0.02357393503189087,403058,0.009533979,0.005093787331134081,0.005086726043373346,0.00508392509073019
579893,pgd_eps0.008_alpha0.005_iter2,1.0000000000000002,0.25000000000000006,0.97991437,44.86676148770463,0.9960620403289795,0.9979888200759888,0.19801807403564453,0.031808674335479736,402831,0.009491972,0.005097186658531427,0.005082976073026657,0.005062637384980917
284296,pgd_eps0.008_alpha0.005_iter1,1.0000000000000002,0.31818181818181823,0.9871392,45.19440314050062,0.9975506067276001,0.9991574883460999,0.13577620685100555,0.03305846452713013,404800,0.009117597,0.004656645469367504,0.004646126180887222,0.004709423519670963
315001,pgd_eps0.008_alpha0.005_iter2,0.18181818181818182,0.09090909090909091,0.98978853,44.851242127302655,0.9977214336395264,0.9993704557418823,0.05984755605459213,0.013117671012878418,402797,0.009511468,0.005080708768218756,0.005081010516732931,0.005074488464742899
439715,pgd_eps0.008_alpha0.005_iter1,0.4545454545454546,0.4520202020202021,0.9895282,45.08556605871972,0.9978672862052917,0.9993260502815247,0.09690605103969574,0.021822571754455566,405150,0.009252045,0.004757057875394821,0.004752716049551964,0.0047613345086574554
389566,pgd_eps0.008_alpha0.005_iter1,0.7727272727272729,0.6574675324675325,0.9820132,45.21134584583315,0.9967349767684937,0.9983057379722595,0.16172641515731812,0.0451512336730957,404649,0.009097192,0.0046744151040911674,0.004634237848222256,0.004677020013332367
122927,pgd_eps0.008_alpha0.005_iter1,1.0000000000000002,0.27272727272727276,0.97659034,45.062850540755754,0.9954935908317566,0.9974210262298584,0.22187349200248718,0.033570170402526855,405243,0.009277202,0.004763833712786436,0.004782584961503744,0.00477991160005331
225532,pgd_eps0.008_alpha0.005_iter2,0.2727272727272727,0.1,0.97579455,44.891924693932104,0.9950713515281677,0.994216799736023,0.2070484161376953,0.03485703468322754,402213,0.0094477935,0.0050683398731052876,0.005058621056377888,0.005061584059149027
13659,pgd_eps0.008_alpha0.005_iter2,0.5151515151515152,0.48491261824595167,0.98277754,44.824849301905026,0.9968849420547485,0.9984117746353149,0.12058357149362564,0.025866448879241943,402965,0.009544293,0.005125369876623154,0.00510424142703414,0.005104349926114082
203488,pgd_eps0.008_alpha0.005_iter1,0.5000000000000001,0.3333333333333334,0.97884965,45.080913312906866,0.9960100054740906,0.9972985982894897,0.1650172919034958,0.03383803367614746,405243,0.009258157,0.004768396262079477,0.004750814288854599,0.00475976662710309
361268,pgd_eps0.008_alpha0.005_iter1,1.0000000000000002,0.0,0.9869258,45.17262031784486,0.9973379373550415,0.9988251328468323,0.11113928258419037,0.025434672832489014,404841,0.009144048,0.004708083346486092,0.00468210456892848,0.004679001867771149
414795,pgd_eps0.008_alpha0.005_iter2,0.6060606060606061,0.4333431719795357,0.9876385,44.86877180655115,0.9973719120025635,0.9989187121391296,0.10420545935630798,0.02398991584777832,403787,0.009515743,0.005104923155158758,0.005070231389254332,0.005057907197624445
508101,pgd_eps0.008_alpha0.005_iter3,0.31818181818181823,0.303030303030303,0.97715926,44.74129079490383,0.9943208694458008,0.9927676320075989,0.23235440254211426,0.056922852993011475,399262,0.009571313,0.0050932192243635654,0.005048208404332399,0.0050426083616912365
338624,pgd_eps0.008_alpha0.005_iter3,0.3787878787878789,0.34801136363636365,0.98123497,44.529032702258746,0.9958624839782715,0.9982560873031616,0.1990523338317871,0.05054199695587158,401075,0.009839246,0.005250359885394573,0.0051766661927104,0.005204126704484224
138492,pgd_eps0.008_alpha0.005_iter3,0.5000000000000001,0.3333333333333334,0.97735995,44.71110405024241,0.9948740005493164,0.9975306391716003,0.20431947708129883,0.023587584495544434,397905,0.0095895305,0.005089098121970892,0.005080088507384062,0.00508902920410037
226592,pgd_eps0.008_alpha0.005_iter1,1.0000000000000002,0.25000000000000006,0.98675424,45.1367263954123,0.9976875185966492,0.9990857839584351,0.10299593955278397,0.025188148021697998,404957,0.009186289,0.0047230226919054985,0.004706290550529957,0.004709075670689344
378454,pgd_eps0.008_alpha0.005_iter2,1.0000000000000002,0.6666666666666669,0.97768426,44.938850599020476,0.9946796298027039,0.9880249500274658,0.24093592166900635,0.04979151487350464,402729,0.0093999095,0.005034586414694786,0.005026917438954115,0.005027001723647118
20059,pgd_eps0.008_alpha0.005_iter2,1.0000000000000002,0.3333333333333334,0.987797,44.83155595254351,0.9973134398460388,0.9991253018379211,0.1366659700870514,0.04054689407348633,404170,0.009558124,0.0051189931109547615,0.005090850405395031,0.0050865220837295055
227686,pgd_eps0.008_alpha0.005_iter1,1.0000000000000002,0.0,0.9866372,45.225188706190764,0.997455358505249,0.9993255734443665,0.13143393397331238,0.017808914184570312,403455,0.009072715,0.004671203903853893,0.004620893392711878,0.00465189665555954
476215,pgd_eps0.008_alpha0.005_iter2,1.0000000000000002,0.3333333333333334,0.9792859,44.88173213080432,0.9953409433364868,0.9927865266799927,0.19631034135818481,0.05716240406036377,403063,0.009480396,0.00507216015830636,0.005074507091194391,0.005056415218859911
247917,pgd_eps0.008_alpha0.005_iter1,0.7272727272727274,0.5393939393939395,0.98796743,45.062034054940135,0.9978647232055664,0.9990759491920471,0.051527224481105804,0.005305469036102295,405141,0.009281423,0.004772660322487354,0.004774958360940218,0.004774106666445732
439522,pgd_eps0.008_alpha0.005_iter1,1.0000000000000002,0.5000000000000001,0.9746317,45.12442530528961,0.9952658414840698,0.9919630289077759,0.21449953317642212,0.03475314378738403,405178,0.009204144,0.004748940002173185,0.00473356805741787,0.004706551320850849
479448,pgd_eps0.008_alpha0.005_iter1,0.19191919191919196,0.04895104895104895,0.98146063,45.1732784785752,0.9970752000808716,0.9985897541046143,0.12158855050802231,0.027344048023223877,404692,0.009144557,0.004729230888187885,0.004679711069911718,0.004659062717109919
26690,pgd_eps0.008_alpha0.005_iter6,0.15151515151515152,0.08431129476584022,0.97374725,44.45601275356705,0.994581401348114,0.9958198070526123,0.20262128114700317,0.030218124389648438,393410,0.009905494,0.005412615370005369,0.005373226013034582,0.005313541740179062
558854,pgd_eps0.008_alpha0.005_iter1,0.7575757575757577,0.642857142857143,0.98171896,45.11307135556322,0.996888279914856,0.9985584020614624,0.12981761991977692,0.016651451587677002,405076,0.009218114,0.004739376716315746,0.004724542610347271,0.004745228216052055
176901,pgd_eps0.008_alpha0.005_iter2,0.5000000000000001,0.37373737373737376,0.9768667,44.98584527105617,0.9949635863304138,0.9967887997627258,0.23981153964996338,0.04396247863769531,402099,0.009343757,0.005032008979469538,0.004968003835529089,0.0049688261933624744
334767,pgd_eps0.008_alpha0.005_iter4,0.40909090909090917,0.22159090909090912,0.9844144,44.37130116214999,0.9965367317199707,0.9986258149147034,0.15119528770446777,0.04317665100097656,401543,0.010088002,0.005462533328682184,0.005440392531454563,0.005439986474812031
301563,pgd_eps0.008_alpha0.005_iter1,0.3333333333333334,0.25000000000000006,0.9780302,45.07971049022852,0.9953943490982056,0.9966240525245667,0.1989535093307495,0.05054187774658203,405154,0.009256901,0.004759281873703003,0.004756812937557697,0.0047680772840976715
86755,pgd_eps0.008_alpha0.005_iter7,0.18181818181818185,0.13636363636363638,0.97805643,44.35606806769742,0.9947928190231323,0.9938770532608032,0.17851659655570984,0.05332982540130615,397522,0.010057211,0.005461711436510086,0.005399350076913834,0.0053896536119282246
194471,pgd_eps0.008_alpha0.005_iter5,0.5000000000000001,0.3333333333333334,0.97378916,44.61101356631501,0.9947916269302368,0.9957242608070374,0.199867844581604,0.029248833656311035,392257,0.009679325,0.0051234751008450985,0.0052016787230968475,0.005204937886446714
420281,pgd_eps0.008_alpha0.005_iter2,0.31818181818181823,0.25000000000000006,0.9807355,44.83674286734341,0.9962587356567383,0.9980707764625549,0.13833776116371155,0.019065678119659424,402479,0.009524221,0.00510726822540164,0.005107635632157326,0.005094405263662338
533206,pgd_eps0.008_alpha0.005_iter3,0.5000000000000001,0.3750000000000001,0.9766709,44.74360896040978,0.9954079985618591,0.9978034496307373,0.20084114372730255,0.029757440090179443,396690,0.009546708,0.005090721417218447,0.0050727748312056065,0.005002828314900398
99810,pgd_eps0.008_alpha0.005_iter5,0.45454545454545464,0.3446969696969697,0.9714555,44.49680112609903,0.9936136603355408,0.9938864707946777,0.31499266624450684,0.06619644165039062,394550,0.009839953,0.005327245686203241,0.0052606649696826935,0.00528496690094471
334483,pgd_eps0.008_alpha0.005_iter4,0.12121212121212122,0.1196969696969697,0.98378664,44.27100282043373,0.9966980814933777,0.9981651902198792,0.12514233589172363,0.021739602088928223,399402,0.010170974,0.005546977743506432,0.00549551285803318,0.005500808358192444
404805,pgd_eps0.008_alpha0.005_iter3,0.5000000000000001,0.3333333333333334,0.9803445,44.61384800848583,0.9954395294189453,0.9982638955116272,0.18475738167762756,0.0389024019241333,400832,0.009746668,0.005167039111256599,0.00516133476048708,0.0051607610657811165
2261,pgd_eps0.008_alpha0.005_iter6,0.5000000000000001,0.3333333333333334,0.9812928,44.324143838360975,0.9957942962646484,0.9981428980827332,0.1795484721660614,0.0547451376914978,398008,0.010105073,0.005515315569937229,0.005468366201967001,0.005457641556859016
36844,pgd_eps0.008_alpha0.005_iter2,0.20454545454545459,0.1790633608815427,0.9802459,44.88363031687786,0.9961963891983032,0.9977937936782837,0.14114657044410706,0.031297385692596436,401821,0.009460031,0.005067912396043539,0.005047357641160488,0.005041961558163166
12576,pgd_eps0.008_alpha0.005_iter1,0.4805194805194806,0.4545454545454546,0.9873119,45.124672393183985,0.9977933168411255,0.9990637302398682,0.09707438200712204,0.01636141538619995,404837,0.009201908,0.004728171043097973,0.004707023035734892,0.004740948788821697
361238,pgd_eps0.008_alpha0.005_iter1,0.39393939393939403,0.3636363636363637,0.98266506,45.13303124226436,0.9970320463180542,0.9988484382629395,0.11473353952169418,0.02008110284805298,404655,0.009190295,0.004763014614582062,0.004706522449851036,0.004668449051678181
108253,pgd_eps0.008_alpha0.005_iter2,0.19318181818181823,0.1545454545454546,0.9802796,44.924718597917035,0.9963340163230896,0.9975370764732361,0.14309373497962952,0.028890609741210938,400439,0.00938948,0.005072090774774551,0.005034349393099546,0.004967323038727045
319935,pgd_eps0.008_alpha0.005_iter4,0.24675324675324678,0.24025974025974026,0.97823066,44.457333412442054,0.9952616691589355,0.9974550008773804,0.20363377034664154,0.042528629302978516,398526,0.009937324,0.005413742735981941,0.005365545861423016,0.005354632623493671
3934,pgd_eps0.008_alpha0.005_iter1,0.41818181818181827,0.3333333333333333,0.98278517,45.13606507638584,0.9969792366027832,0.9985884428024292,0.12415552884340286,0.017150282859802246,404953,0.009189592,0.004729926120489836,0.004703131970018148,0.004726723302155733
29596,pgd_eps0.008_alpha0.005_iter4,0.3750000000000001,0.3333333333333334,0.9775455,44.4206331337875,0.99534672498703,0.9966886043548584,0.1970745325088501,0.04306912422180176,396301,0.009945255,0.005444794427603483,0.005381438881158829,0.005348886828869581
77460,pgd_eps0.008_alpha0.005_iter2,0.10227272727272727,0.0702020202020202,0.97984165,44.90689584959979,0.9960054755210876,0.9979457259178162,0.16916784644126892,0.04482746124267578,403057,0.009448092,0.005093428306281567,0.005051184445619583,0.005018717143684626
14439,pgd_eps0.008_alpha0.005_iter5,0.15681818181818183,0.1527777777777778,0.9838039,43.965404676023766,0.9960575103759766,0.9985657930374146,0.1609717309474945,0.03035956621170044,400557,0.01056686,0.005783217493444681,0.005782855208963156,0.005519722122699022
447314,pgd_eps0.008_alpha0.005_iter4,0.6363636363636365,0.4646464646464647,0.97554,44.56450939827671,0.9942798614501953,0.9950109124183655,0.21313229203224182,0.04699254035949707,398534,0.0098170545,0.00531618669629097,0.005301243159919977,0.005281387362629175
181303,pgd_eps0.008_alpha0.005_iter1,0.3333333333333334,0.25000000000000006,0.98273915,45.03697736692311,0.9962538480758667,0.9988798499107361,0.1814015507698059,0.04848933219909668,405279,0.009308486,0.004800231195986271,0.004795880988240242,0.004788029007613659
58350,pgd_eps0.008_alpha0.005_iter3,0.38636363636363646,0.3333333333333334,0.97209686,44.70738819766265,0.9955791234970093,0.9960306882858276,0.16919328272342682,0.03126335144042969,388540,0.009517681,0.005070724990218878,0.005044424906373024,0.005052322521805763
26465,pgd_eps0.008_alpha0.005_iter2,0.3333333333333334,0.25000000000000006,0.97763443,45.02455110491033,0.9955992698669434,0.9962261319160461,0.18671435117721558,0.03761953115463257,403073,0.009294864,0.00500430166721344,0.004949245601892471,0.004948372952640057
246968,pgd_eps0.008_alpha0.005_iter3,0.3333333333333334,0.2560606060606061,0.97860795,44.50297793197791,0.9957517981529236,0.9975745677947998,0.17442381381988525,0.03997230529785156,399134,0.009846799,0.005270523950457573,0.005225652363151312,0.005232668481767178
536947,pgd_eps0.008_alpha0.005_iter2,0.25000000000000006,0.2380952380952381,0.9829696,44.81761533411263,0.9964680671691895,0.9981299638748169,0.12281809747219086,0.030915141105651855,402841,0.009556509,0.005116011016070843,0.005097804591059685,0.005108505487442017
286182,pgd_eps0.008_alpha0.005_iter3,0.2545454545454546,0.2508741258741259,0.9846894,44.46241444976834,0.996884286403656,0.9983647465705872,0.11014432460069656,0.014434516429901123,399997,0.009916976,0.005312670953571796,0.005283961072564125,0.005211515352129936
380913,pgd_eps0.008_alpha0.005_iter2,0.3333333333333334,0.15324675324675327,0.98236877,44.84995884156177,0.9968839883804321,0.9986469149589539,0.1502748727798462,0.03825068473815918,401475,0.009506408,0.005079152528196573,0.005089270416647196,0.005073394626379013
32887,pgd_eps0.008_alpha0.005_iter2,0.18181818181818185,0.14285714285714288,0.98686606,44.97402449381457,0.9974797964096069,0.9989009499549866,0.11944949626922607,0.02983945608139038,403106,0.009384249,0.005025392398238182,0.004990592133253813,0.004985674284398556
517687,pgd_eps0.008_alpha0.005_iter2,0.3333333333333334,0.27272727272727276,0.9809747,44.81202311174688,0.9956110715866089,0.9981451034545898,0.189849391579628,0.05044245719909668,402405,0.009547409,0.005113078746944666,0.005105006508529186,0.005118129309266806
213035,pgd_eps0.008_alpha0.005_iter2,0.12121212121212122,0.030303030303030304,0.97316545,44.9606732620289,0.9948434233665466,0.9924113154411316,0.22482137382030487,0.058023929595947266,395905,0.009312408,0.005004372447729111,0.004979498218744993,0.004989388398826122
399205,pgd_eps0.008_alpha0.005_iter1,0.21212121212121215,0.19191919191919185,0.98921174,45.063623612902674,0.9979405403137207,0.9993667602539062,0.09068110585212708,0.024328947067260742,405031,0.00927704,0.00475840549916029,0.00477891368791461,0.004774802830070257
349837,pgd_eps0.008_alpha0.005_iter3,0.6363636363636365,0.5000000000000001,0.9725453,44.69517927616276,0.9941918253898621,0.9922685623168945,0.2721734642982483,0.0764923095703125,397647,0.0096064545,0.0051349615678191185,0.005081668961793184,0.005081334616988897
350002,pgd_eps0.008_alpha0.005_iter1,0.5000000000000001,0.0,0.97997123,45.0671408169016,0.9963728785514832,0.998383641242981,0.16311028599739075,0.02682584524154663,405132,0.009271625,0.004770201630890369,0.004771301057189703,0.004770527593791485
131431,pgd_eps0.008_alpha0.005_iter2,1.0000000000000002,0.5000000000000001,0.9812293,44.81868899463635,0.9958645105361938,0.9985003471374512,0.1641066074371338,0.03604018688201904,403200,0.009556307,0.005082564894109964,0.005126271862536669,0.005149411503225565
356248,pgd_eps0.008_alpha0.005_iter6,0.1931818181818182,0.18286286716038783,0.98149925,44.14604579633719,0.9956110715866089,0.9976789951324463,0.13372492790222168,0.018410325050354004,398028,0.01032656,0.005668445955961943,0.005592866335064173,0.0056121135130524635
334399,pgd_eps0.008_alpha0.005_iter3,0.25000000000000006,0.2272727272727273,0.97374266,44.75441992731338,0.9951382875442505,0.9950979948043823,0.1968572437763214,0.03793179988861084,391189,0.009464721,0.005073057021945715,0.005013337358832359,0.0049769701436161995
363666,pgd_eps0.008_alpha0.005_iter2,0.20454545454545459,0.20033670033670037,0.98209953,44.69645476455611,0.9966527819633484,0.9984872937202454,0.14516538381576538,0.02566295862197876,403330,0.009708222,0.005169390235096216,0.005226177163422108,0.005210379138588905
507235,pgd_eps0.008_alpha0.005_iter1,0.27272727272727276,0.1090909090909091,0.98886824,45.062794062302984,0.9982867240905762,0.9990845322608948,0.035620301961898804,0.006647646427154541,405301,0.009284212,0.0047752088867127895,0.004776271991431713,0.004774217959493399
169996,pgd_eps0.008_alpha0.005_iter2,0.5454545454545455,0.5363636363636365,0.9851808,44.74166753621809,0.9970631003379822,0.9986672401428223,0.11340966075658798,0.028690099716186523,403962,0.009667968,0.0051767779514193535,0.005174832418560982,0.005168713163584471
226417,pgd_eps0.008_alpha0.005_iter2,0.4431818181818183,0.4070707070707071,0.98453903,44.72317932008005,0.9969853758811951,0.9988827705383301,0.1517648696899414,0.04154229164123535,404437,0.009690595,0.0052259331569075584,0.005189487244933844,0.005166304297745228
481573,pgd_eps0.008_alpha0.005_iter1,0.5000000000000001,0.25000000000000006,0.9779509,45.38134999043572,0.9973739385604858,0.9989438652992249,0.09163127839565277,0.007632255554199219,392088,0.008802996,0.004408043809235096,0.004505194257944822,0.004552922211587429
123480,pgd_eps0.008_alpha0.005_iter2,0.3333333333333334,0.1666666666666667,0.97439235,44.897512147995,0.9943040609359741,0.9941643476486206,0.21773406863212585,0.04265284538269043,402576,0.009457887,0.005064306780695915,0.005052213091403246,0.005055310670286417
178028,pgd_eps0.008_alpha0.005_iter4,0.20000000000000004,0.18750000000000006,0.97748846,44.4624811032753,0.9953059554100037,0.996985137462616,0.1657235324382782,0.023952007293701172,398022,0.009930601,0.005405083764344454,0.005376921501010656,0.0053423806093633175
345027,pgd_eps0.008_alpha0.005_iter6,0.25000000000000006,0.11111111111111113,0.976536,44.37675995571517,0.9943971633911133,0.987282395362854,0.2299519181251526,0.04578685760498047,397215,0.010035535,0.005496889352798462,0.005415206775069237,0.005419716704636812
140658,pgd_eps0.008_alpha0.005_iter2,1.0000000000000002,0.25000000000000006,0.98275805,45.08066231755507,0.9962501525878906,0.9975513815879822,0.15315435826778412,0.02812051773071289,400485,0.009200215,0.004950726870447397,0.004832176491618156,0.004858860746026039
102644,pgd_eps0.008_alpha0.005_iter1,1.0000000000000002,0.5000000000000001,0.9741575,45.02451491141558,0.9951044917106628,0.9964949488639832,0.21544083952903748,0.040633440017700195,405339,0.009326598,0.0048073516227304935,0.004811826162040234,0.004797293338924646
581615,pgd_eps0.008_alpha0.005_iter2,1.0000000000000002,0.5000000000000001,0.9767325,44.86507843382876,0.9947673082351685,0.9952090978622437,0.15817680954933167,0.030674457550048828,402765,0.009500507,0.005085711367428303,0.0050803013145923615,0.005074622575193644
279887,pgd_eps0.008_alpha0.005_iter1,0.18181818181818182,0.0909090909090909,0.9832933,45.19791857339965,0.9970836639404297,0.9989457726478577,0.1454499363899231,0.027706265449523926,404721,0.009113683,0.004660001490265131,0.004651165567338467,0.004694927483797073
230008,pgd_eps0.008_alpha0.005_iter1,0.8484848484848486,0.6363636363636365,0.98409575,45.08682627966216,0.9968445301055908,0.999281644821167,0.17621970176696777,0.040418267250061035,405168,0.009247464,0.0047666351310908794,0.0047570024617016315,0.004740627016872168
323709,pgd_eps0.008_alpha0.005_iter1,1.0000000000000002,0.5000000000000001,0.9735277,44.913436996676225,0.9942230582237244,0.9772006869316101,0.2606695592403412,0.05523991584777832,405658,0.009460755,0.004876985214650631,0.004928514361381531,0.004865450784564018
452122,pgd_eps0.008_alpha0.005_iter6,1.0000000000000002,0.5000000000000001,0.9684045,44.68407453266187,0.9923693537712097,0.9412276744842529,0.35856378078460693,0.11150413751602173,391990,0.009619664,0.005262016784399748,0.005198969971388578,0.005167480558156967
525322,pgd_eps0.008_alpha0.005_iter2,0.5454545454545455,0.27272727272727276,0.9697349,44.786261896211144,0.9928526282310486,0.9507617950439453,0.3076110780239105,0.08923465013504028,401258,0.0095387455,0.005109020508825779,0.0051454659551382065,0.005159731954336166
381639,pgd_eps0.008_alpha0.005_iter1,0.18181818181818185,0.12961038961038962,0.99102217,45.24530940545253,0.9984755516052246,0.9985766410827637,0.03753776103258133,0.004530489444732666,399854,0.008983054,0.004592960700392723,0.004588479176163673,0.004618702456355095
217614,pgd_eps0.008_alpha0.005_iter2,1.0000000000000002,0.3333333333333334,0.9912548,44.733907604123374,0.9977208375930786,0.9994238018989563,0.09725044667720795,0.02768796682357788,405128,0.009692129,0.00518407579511404,0.005183877423405647,0.005183366592973471
284445,pgd_eps0.008_alpha0.005_iter2,0.1340909090909091,0.12457912457912457,0.9861403,44.7406207210574,0.9973030090332031,0.9984995126724243,0.08104405552148819,0.009312689304351807,403538,0.009660794,0.005195484030991793,0.005179878324270248,0.005140845663845539
187144,pgd_eps0.008_alpha0.005_iter2,0.16363636363636364,0.14220779220779223,0.98245525,44.8928490586206,0.9961041212081909,0.9973307847976685,0.14814168214797974,0.026509881019592285,400074,0.009414672,0.005039382725954056,0.005033284425735474,0.004987332038581371
273198,pgd_eps0.008_alpha0.005_iter2,0.7878787878787881,0.5272727272727273,0.9856322,44.84783328686241,0.997075080871582,0.9987788796424866,0.11397847533226013,0.02303338050842285,403056,0.009529097,0.00510126119479537,0.005094238091260195,0.00508398050442338
95843,pgd_eps0.008_alpha0.005_iter2,1.0000000000000002,0.3333333333333334,0.977205,44.889061830554155,0.995293378829956,0.9972584247589111,0.19187632203102112,0.04100888967514038,401386,0.0094576785,0.005049479193985462,0.005069466773420572,0.0050397817976772785
417779,pgd_eps0.008_alpha0.005_iter2,0.6590909090909092,0.3766233766233767,0.98535365,44.866306157888154,0.9966006278991699,0.9984632134437561,0.11341260373592377,0.02596062421798706,403367,0.009511023,0.005089862272143364,0.005071762017905712,0.005083572119474411
447342,pgd_eps0.008_alpha0.005_iter2,0.4242424242424243,0.29090909090909095,0.98609143,44.75031164268305,0.9970700144767761,0.9990967512130737,0.14657975733280182,0.03794890642166138,403806,0.009650771,0.005201609339565039,0.00515657477080822,0.005126003175973892
490125,pgd_eps0.008_alpha0.005_iter1,0.23691460055096422,0.2284382284382284,0.9833215,45.214757290109766,0.996893584728241,0.9987433552742004,0.147810697555542,0.027440130710601807,404506,0.009092052,0.004672900307923555,0.004623614717274904,0.004685568623244762
561009,pgd_eps0.008_alpha0.005_iter2,1.0000000000000002,0.3333333333333334,0.9777536,44.94494401024938,0.9957732558250427,0.9979801774024963,0.2213345766067505,0.04717797040939331,402599,0.009394998,0.005056558642536402,0.005017742048949003,0.004999072290956974
183675,pgd_eps0.008_alpha0.005_iter1,1.0000000000000002,0.5000000000000001,0.983727,45.04306656682292,0.996449887752533,0.998812735080719,0.14965811371803284,0.0320473313331604,405378,0.0093046995,0.004786443896591663,0.004791171755641699,0.004790930077433586
214200,pgd_eps0.008_alpha0.005_iter2,0.8181818181818183,0.6666666666666669,0.98230076,44.84436392263518,0.996369481086731,0.9982128739356995,0.14577028155326843,0.021529674530029297,402530,0.009521462,0.0051092286594212055,0.0050347838550806046,0.0051054395735263824
578093,pgd_eps0.008_alpha0.005_iter2,0.5000000000000001,0.25000000000000006,0.9862084,44.74650820752498,0.9971780776977539,0.9988040328025818,0.11244593560695648,0.028885245323181152,404122,0.009663556,0.00518277520313859,0.005165576469153166,0.0051607396453619
369751,pgd_eps0.008_alpha0.005_iter1,0.8181818181818183,0.6136363636363638,0.9850137,45.141247404819936,0.9970165491104126,0.9989150762557983,0.1440051794052124,0.01978200674057007,405144,0.009182807,0.004726144950836897,0.004717811476439238,0.004700789228081703
429011,pgd_eps0.008_alpha0.005_iter1,0.3333333333333334,0.14285714285714288,0.97951955,45.167538406242016,0.9961400032043457,0.9978200793266296,0.21158942580223083,0.04150068759918213,404738,0.009149041,0.0047017852775752544,0.0046683065593242645,0.004715410992503166
301061,pgd_eps0.008_alpha0.005_iter2,0.3333333333333334,0.0,0.9849453,44.9329220995636,0.9971818923950195,0.9986873865127563,0.12306345999240875,0.019291937351226807,402924,0.009424106,0.00503568397834897,0.005017908755689859,0.005022432189434767
105264,pgd_eps0.008_alpha0.005_iter1,0.27272727272727276,0.25000000000000006,0.9809843,45.181832509520916,0.9963142275810242,0.9977073073387146,0.1714441031217575,0.02698814868927002,404978,0.009130045,0.004683425650000572,0.004638625308871269,0.004722358658909798
267434,pgd_eps0.008_alpha0.005_iter1,0.7272727272727274,0.3896103896103897,0.9867851,45.1409613880856,0.9974576234817505,0.9989567399024963,0.10079744458198547,0.026744723320007324,404084,0.009172939,0.00475455354899168,0.004736163653433323,0.004623902030289173
25393,pgd_eps0.008_alpha0.005_iter2,0.6363636363636365,0.16883116883116886,0.97745466,44.88741445647371,0.995207667350769,0.996258556842804,0.16349512338638306,0.025155603885650635,401928,0.009453539,0.005065075121819973,0.005068294238299131,0.005053120199590921
471087,pgd_eps0.008_alpha0.005_iter4,0.5000000000000001,0.3750000000000001,0.9899145,44.41163331163979,0.9976696968078613,0.9988980889320374,0.09430259466171265,0.029484033584594727,402527,0.010054248,0.005389238707721233,0.005463861394673586,0.005406937096267939
106757,pgd_eps0.008_alpha0.005_iter1,0.7727272727272729,0.27272727272727276,0.98302025,44.988932312212704,0.996304988861084,0.9985782504081726,0.1435668021440506,0.024749338626861572,405559,0.009370432,0.004826933145523071,0.004849328193813562,0.004820066504180431
183648,pgd_eps0.008_alpha0.005_iter2,0.5000000000000001,0.25000000000000006,0.9843896,44.848592405957476,0.9964613318443298,0.9986105561256409,0.14336276054382324,0.03768312931060791,403608,0.009534115,0.0051095630042254925,0.0050837076269090176,0.005078653804957867
49269,pgd_eps0.008_alpha0.005_iter1,1.0000000000000002,0.5000000000000001,0.98037624,45.14049689743433,0.9964284896850586,0.9983941316604614,0.1488039195537567,0.021988511085510254,401477,0.0091535775,0.004733475856482983,0.004734228830784559,0.004614906385540962
79144,pgd_eps0.008_alpha0.005_iter1,1.0000000000000002,0.5000000000000001,0.9891372,45.102570476716735,0.9978857040405273,0.9993616938591003,0.10799896717071533,0.0297238826751709,405183,0.009230093,0.004752635955810547,0.004729585722088814,0.004748215898871422
130699,pgd_eps0.008_alpha0.005_iter2,0.47727272727272735,0.31818181818181823,0.9842496,44.860517263183354,0.996498703956604,0.9985834956169128,0.14720597863197327,0.03129070997238159,403527,0.009515076,0.00513128936290741,0.005077598616480827,0.0050486610271036625
215245,pgd_eps0.008_alpha0.005_iter3,0.5272727272727273,0.3831168831168832,0.98237735,44.34309111561529,0.9957405924797058,0.997806191444397,0.1488080620765686,0.036252498626708984,401348,0.010091395,0.005389003083109856,0.00538672273978591,0.005370724014937878
91921,pgd_eps0.008_alpha0.005_iter2,0.5454545454545455,0.18181818181818185,0.98845536,44.68877650309416,0.9970163106918335,0.9989175200462341,0.10563723742961884,0.02758491039276123,404601,0.009741385,0.00521371653303504,0.005220000632107258,0.00520615978166461
218424,pgd_eps0.008_alpha0.005_iter2,0.5454545454545455,0.3636363636363637,0.98963255,44.700859634813895,0.9972800612449646,0.9993126392364502,0.10271978378295898,0.02396225929260254,404138,0.009720698,0.005201881751418114,0.005195310804992914,0.005207474809139967
473974,pgd_eps0.008_alpha0.005_iter2,0.8181818181818183,0.484848484848485,0.9868901,44.779310298027404,0.9968952536582947,0.9992616176605225,0.1443200707435608,0.04643118381500244,404032,0.00962181,0.005150558892637491,0.005141909699887037,0.005131023935973644
405249,pgd_eps0.008_alpha0.005_iter2,0.2272727272727273,0.17945690672963405,0.98450583,44.82250679911252,0.9969751238822937,0.9985647201538086,0.11803492903709412,0.025430798530578613,403109,0.009551149,0.005133176222443581,0.005104518961161375,0.00510038435459137
235784,pgd_eps0.008_alpha0.005_iter1,1.0000000000000002,0.5000000000000001,0.98060435,45.11560347282375,0.9959675669670105,0.9966827034950256,0.17231380939483643,0.037882328033447266,403777,0.009191557,0.004698344971984625,0.004722268786281347,0.004750964231789112
537506,pgd_eps0.008_alpha0.005_iter6,0.3454545454545455,0.3151515151515151,0.9785342,44.230730961773105,0.9956619739532471,0.9981228113174438,0.19431519508361816,0.036948323249816895,397085,0.010219569,0.0055687869898974895,0.005551702342927456,0.005558192729949951
119445,pgd_eps0.008_alpha0.005_iter1,0.7500000000000002,0.7272727272727273,0.98698545,45.145597115164506,0.9972789287567139,0.9991365075111389,0.13283082842826843,0.0252610445022583,404907,0.009175291,0.004721437115222216,0.004697571508586407,0.0047144717536866665
507015,pgd_eps0.008_alpha0.005_iter2,0.5000000000000001,0.43939393939393945,0.9846754,44.740894078403464,0.9961077570915222,0.9984845519065857,0.14665189385414124,0.0284273624420166,404101,0.009666758,0.00516742467880249,0.005193985067307949,0.005167945753782988
173830,pgd_eps0.008_alpha0.005_iter1,0.5000000000000001,0.3333333333333334,0.97972965,45.06013637585889,0.9965822696685791,0.9977473616600037,0.1025923639535904,0.017482757568359375,405272,0.009283906,0.004780157934874296,0.004781168885529041,0.00476631848141551
356498,pgd_eps0.008_alpha0.005_iter1,0.5454545454545455,0.5000000000000001,0.98470336,45.13831536043632,0.9973245859146118,0.9989805221557617,0.12629902362823486,0.029646337032318115,404951,0.009187366,0.004725637845695019,0.004691870417445898,0.00473454874008894
373315,pgd_eps0.008_alpha0.005_iter2,1.0000000000000002,0.5000000000000001,0.9798436,45.00400570499558,0.9957365989685059,0.9975340366363525,0.1811770349740982,0.035049378871917725,401347,0.0093111405,0.005003862548619509,0.004975080490112305,0.004954563453793526
13546,pgd_eps0.008_alpha0.005_iter1,0.6060606060606062,0.5090909090909091,0.9841254,45.12589224384673,0.9969407916069031,0.9988716244697571,0.1366366446018219,0.028818488121032715,404730,0.009198311,0.004727411083877087,0.004725250881165266,0.004716881085187197
67310,pgd_eps0.008_alpha0.005_iter1,0.7727272727272729,0.503030303030303,0.9861293,45.098239249335,0.9974223375320435,0.9990021586418152,0.11110782623291016,0.014220774173736572,405127,0.009235091,0.004754205234348774,0.004746163263916969,0.0047363052144646645
125936,pgd_eps0.008_alpha0.005_iter8,0.13636363636363638,0.12469696969696971,0.9792287,44.05387751538696,0.9959224462509155,0.9980654716491699,0.18541546165943146,0.02814030647277832,398066,0.010457077,0.005743355955928564,0.005704245995730162,0.005663307849317789
389109,pgd_eps0.008_alpha0.005_iter2,0.3272727272727273,0.27651515151515155,0.9789498,45.087635261029334,0.9962954521179199,0.9972249865531921,0.16808950901031494,0.023981451988220215,400703,0.009219984,0.004896296188235283,0.004934773314744234,0.004847110249102116
184384,pgd_eps0.008_alpha0.005_iter7,0.1090909090909091,0.07386363636363638,0.9807206,44.14170794943228,0.9962257742881775,0.9977970719337463,0.15266728401184082,0.023446619510650635,396916,0.010318544,0.005641079507768154,0.005574961192905903,0.005536788608878851
128476,pgd_eps0.008_alpha0.005_iter7,0.39393939393939403,0.30338680926916217,0.9817676,44.29500153728836,0.9962233901023865,0.9983175992965698,0.15937146544456482,0.032614171504974365,396654,0.010130059,0.005489059258252382,0.005462616216391325,0.0054060532711446285
450488,pgd_eps0.008_alpha0.005_iter1,0.6666666666666669,0.4000000000000001,0.97741866,45.06993559287449,0.9956814646720886,0.9972490668296814,0.2001122236251831,0.03342050313949585,405239,0.009268055,0.004774187691509724,0.0047715045511722565,0.004763547796756029
51738,pgd_eps0.008_alpha0.005_iter1,0.3333333333333334,0.25000000000000006,0.97628856,45.05966155705345,0.9956101775169373,0.9965739250183105,0.19230416417121887,0.04041123390197754,405307,0.009281749,0.004782610107213259,0.004775193054229021,0.004777124617248774
99039,pgd_eps0.008_alpha0.005_iter1,0.23376623376623382,0.20454545454545459,0.9846397,45.18226261180391,0.9973505735397339,0.9986926317214966,0.12069553136825562,0.02006673812866211,402909,0.009102235,0.004666443914175034,0.004652372095733881,0.004691976122558117
134882,pgd_eps0.008_alpha0.005_iter2,0.20000000000000004,0.19480519480519481,0.98761463,44.906923895725825,0.997450053691864,0.9985821843147278,0.042315661907196045,0.010020077228546143,403286,0.00945772,0.004983344580978155,0.005105861462652683,0.005014915019273758
442323,pgd_eps0.008_alpha0.005_iter2,0.4000000000000001,0.20000000000000004,0.97723514,44.88825384852163,0.9951984882354736,0.9941007494926453,0.15475216507911682,0.026175975799560547,401918,0.009449342,0.005063451360911131,0.005060018505901098,0.0050650304183363914
351823,pgd_eps0.008_alpha0.005_iter1,1.0000000000000002,0.5000000000000001,0.98510486,45.13151495193413,0.9972273707389832,0.9988975524902344,0.09521465748548508,0.012090563774108887,405040,0.009196508,0.004728478379547596,0.004699031822383404,0.00474082725122571
65736,pgd_eps0.008_alpha0.005_iter2,1.0000000000000002,0.7500000000000002,0.9714697,44.88174473475681,0.9935883283615112,0.9875529408454895,0.277482807636261,0.05323910713195801,401949,0.0094529,0.005080775823444128,0.005070241168141365,0.0050470298156142235
1000,pgd_eps0.008_alpha0.005_iter4,0.15909090909090912,0.10394151303242212,0.98586637,44.26119361835808,0.9970986247062683,0.9985382556915283,0.11459062993526459,0.03046596050262451,400819,0.010211135,0.0055590481497347355,0.005510841030627489,0.00552260922268033
379842,pgd_eps0.008_alpha0.005_iter1,0.3333333333333334,0.25000000000000006,0.9807016,45.15979034359767,0.9963370561599731,0.9982249736785889,0.1837330311536789,0.038442254066467285,404862,0.009158633,0.004712134134024382,0.004671794828027487,0.004720235243439674
13923,pgd_eps0.008_alpha0.005_iter9,0.40909090909090917,0.4055555555555556,0.9763846,44.08076432400509,0.9949783086776733,0.996267557144165,0.2086324244737625,0.05331766605377197,395864,0.010390751,0.005638869479298592,0.005625579971820116,0.005661408882588148
559543,pgd_eps0.008_alpha0.005_iter1,0.4000000000000001,0.3125000000000001,0.9783372,45.21274172267176,0.9961881041526794,0.9971229434013367,0.1780698597431183,0.035270750522613525,404653,0.009097771,0.004687918815761805,0.004651900380849838,0.004649959038943052
185890,pgd_eps0.008_alpha0.005_iter2,0.13636363636363638,0.1303030303030303,0.98626536,44.81563911896455,0.997215747833252,0.998771071434021,0.09776942431926727,0.016663551330566406,403239,0.009564767,0.005135791376233101,0.005110620055347681,0.005096103064715862
357978,pgd_eps0.008_alpha0.005_iter6,0.25974025974025977,0.24615384615384617,0.9782811,44.296184391280704,0.9956862330436707,0.9974586367607117,0.16999754309654236,0.02822244167327881,396379,0.010134079,0.005540994927287102,0.005483272019773722,0.005498445592820644
129492,pgd_eps0.008_alpha0.005_iter2,0.25000000000000006,0.03181818181818182,0.9811596,44.83200329455823,0.9960143566131592,0.9977231025695801,0.14011412858963013,0.029827654361724854,402707,0.009528456,0.00512123666703701,0.005104944109916687,0.00508373836055398
410510,pgd_eps0.008_alpha0.005_iter2,0.6666666666666669,0.3333333333333334,0.9754543,44.902531063909876,0.9950425028800964,0.9954406023025513,0.19397085905075073,0.03594851493835449,401615,0.009420076,0.005065823905169964,0.005052585620433092,0.005023928824812174
39951,pgd_eps0.008_alpha0.005_iter5,0.7878787878787881,0.6863636363636365,0.9765306,44.38932984614045,0.9951082468032837,0.9972258806228638,0.1890188604593277,0.03396618366241455,396847,0.009990508,0.005402657203376293,0.005347354803234339,0.005349901970475912
306700,pgd_eps0.008_alpha0.005_iter5,0.25000000000000006,0.18750000000000006,0.9785678,44.212862863332205,0.9951190948486328,0.9971615672111511,0.1625930815935135,0.019479870796203613,394928,0.010196137,0.005523180589079857,0.005529394373297691,0.005502873566001654
146457,pgd_eps0.008_alpha0.005_iter4,0.45454545454545464,0.4365530303030304,0.98402697,44.386001445489065,0.9965596199035645,0.9984033107757568,0.13706931471824646,0.025698721408843994,401702,0.010071376,0.005461024586111307,0.005427008494734764,0.005424020811915398
214224,pgd_eps0.008_alpha0.005_iter1,0.27272727272727276,0.20000000000000004,0.9762564,45.13162416521985,0.9956303834915161,0.9960572123527527,0.1986200213432312,0.03665971755981445,405036,0.009192782,0.004728944972157478,0.004699929617345333,0.004731835797429085
332845,pgd_eps0.008_alpha0.005_iter1,0.7500000000000002,0.5000000000000002,0.97599626,45.17812146422267,0.9958979487419128,0.9959459900856018,0.1742664873600006,0.04072105884552002,402256,0.009114977,0.004693743772804737,0.004685873165726662,0.0046925959177315235
187271,pgd_eps0.008_alpha0.005_iter1,1.0000000000000002,0.0,0.9763101,45.055088779642645,0.9955780506134033,0.9963756799697876,0.15907880663871765,0.04688161611557007,405299,0.009288549,0.004787961952388287,0.004776125308126211,0.004777056165039539
462629,pgd_eps0.008_alpha0.005_iter1,0.18181818181818182,0.10000000000000002,0.979721,45.31294292830665,0.9969581365585327,0.9985379576683044,0.14799600839614868,0.031190037727355957,398510,0.0089276675,0.004548830911517143,0.004553261213004589,0.004580980632454157
544565,pgd_eps0.008_alpha0.005_iter6,0.13636363636363638,0.0771349862258953,0.9844281,44.18454505591125,0.9970277547836304,0.998106837272644,0.05622446537017822,0.00812983512878418,396435,0.010281805,0.005595062393695116,0.00558364437893033,0.005624569486826658
369771,pgd_eps0.008_alpha0.005_iter1,0.16363636363636364,0.12121212121212122,0.98597103,45.17374705516738,0.9975579977035522,0.9991251230239868,0.1017492413520813,0.017859697341918945,404902,0.009143811,0.004675137344747782,0.004684667568653822,0.004698470700532198
289516,pgd_eps0.008_alpha0.005_iter2,0.5454545454545455,0.5000000000000001,0.97895545,44.84477987557028,0.9953250885009766,0.9939941167831421,0.22778552770614624,0.03818190097808838,401671,0.0095123835,0.005088842939585447,0.005086330696940422,0.005087301600724459
334309,pgd_eps0.008_alpha0.005_iter1,0.18181818181818182,0.15151515151515152,0.9839236,45.16110287656436,0.9971751570701599,0.9989830255508423,0.13913431763648987,0.029197633266448975,404300,0.0091520455,0.0046975151635706425,0.004697899334132671,0.004687684588134289
301718,pgd_eps0.008_alpha0.005_iter1,0.5844155844155845,0.4545454545454546,0.9824967,45.09297903718846,0.9968608617782593,0.9985588192939758,0.12413564324378967,0.016004085540771484,405092,0.009241438,0.004747479222714901,0.004746798425912857,0.004763622768223286
429598,pgd_eps0.008_alpha0.005_iter1,0.7500000000000002,0.6666666666666669,0.98153085,45.09002347290273,0.9965300559997559,0.9983550310134888,0.1256755143404007,0.025846004486083984,405195,0.009245407,0.004759638104587793,0.004743675701320171,0.004757469054311514
93437,pgd_eps0.008_alpha0.005_iter6,0.18181818181818185,0.1652892561983471,0.9789143,44.271572524275925,0.9946569800376892,0.9977052211761475,0.21418005228042603,0.04662454128265381,396856,0.010157176,0.005549956578761339,0.005499439779669046,0.005483296699821949
413552,pgd_eps0.008_alpha0.005_iter2,0.27272727272727276,0.07792207792207793,0.97658795,44.88047278679474,0.9952834844589233,0.9971861839294434,0.197500079870224,0.03896641731262207,401494,0.009451128,0.005077904090285301,0.00506981648504734,0.005050843581557274
62025,pgd_eps0.008_alpha0.005_iter3,0.5000000000000001,0.4329004329004329,0.9771035,44.76902392235765,0.9951860308647156,0.9964436888694763,0.1713944673538208,0.030607104301452637,400005,0.009533164,0.00507148215547204,0.005035719368606806,0.00503726489841938
17379,pgd_eps0.008_alpha0.005_iter1,0.6666666666666669,0.5000000000000001,0.98194677,45.18199121282156,0.9967098236083984,0.9979122281074524,0.11521588265895844,0.014973819255828857,404824,0.009136528,0.004697667900472879,0.004653260111808777,0.0047026947140693665
176778,pgd_eps0.008_alpha0.005_iter1,0.5000000000000001,0.25000000000000006,0.97999215,45.03060270653801,0.9959222078323364,0.9974334836006165,0.1562293916940689,0.023798227310180664,404777,0.009313377,0.004808755591511726,0.004821965470910072,0.004755512345582247
104572,pgd_eps0.008_alpha0.005_iter1,0.2272727272727273,0.11363636363636365,0.984088,45.14995849513802,0.9970418810844421,0.9987058043479919,0.14855411648750305,0.03908282518386841,404568,0.009165742,0.004726098384708166,0.0046959538012743,0.0046886359341442585
90108,pgd_eps0.008_alpha0.005_iter2,0.6666666666666669,0.6000000000000002,0.9757619,44.85881551155981,0.9950430393218994,0.9947154521942139,0.16855619847774506,0.035229504108428955,402313,0.0094922455,0.005088329780846834,0.005089203827083111,0.005080059170722961
89556,pgd_eps0.008_alpha0.005_iter1,0.12626262626262627,0.07575757575757576,0.9866495,45.19640987879569,0.9977043867111206,0.9988646507263184,0.10949886590242386,0.028264522552490234,402052,0.009077358,0.004656893666833639,0.004642965272068977,0.004674314055591822
86220,pgd_eps0.008_alpha0.005_iter4,0.13636363636363638,0.12121212121212123,0.9821272,44.255243656848,0.9962731599807739,0.9982007145881653,0.1716279536485672,0.040114521980285645,402480,0.010223904,0.00562208192422986,0.005561019293963909,0.005414385348558426
508602,pgd_eps0.008_alpha0.005_iter2,0.7727272727272729,0.13636363636363638,0.98741674,44.899723781935556,0.9981673955917358,0.9988713264465332,0.07542647421360016,0.01142352819442749,401206,0.009449047,0.005053178872913122,0.005026726517826319,0.0050382777117192745
10363,pgd_eps0.008_alpha0.005_iter2,0.25000000000000006,0.1666666666666667,0.97957486,45.02904916759678,0.995590090751648,0.9970570802688599,0.20354525744915009,0.04527169466018677,402394,0.009300646,0.004994271323084831,0.004950570873916149,0.004942817147821188
17178,pgd_eps0.008_alpha0.005_iter2,0.8636363636363638,0.8272727272727274,0.98537844,44.7933212822575,0.9963846206665039,0.9985547661781311,0.14651364088058472,0.02801591157913208,403814,0.009598408,0.005143261514604092,0.005134378094226122,0.005100312177091837
507975,pgd_eps0.008_alpha0.005_iter1,0.18181818181818185,0.1818181818181818,0.987998,45.126897761907465,0.9979085922241211,0.9992774128913879,0.09565135836601257,0.01851356029510498,404863,0.009197677,0.004729238338768482,0.00470372661948204,0.004735077265650034
314177,pgd_eps0.008_alpha0.005_iter1,0.5000000000000001,0.3333333333333334,0.9789588,45.085873927170255,0.9959921836853027,0.9968545436859131,0.13413964211940765,0.03288841247558594,405241,0.009250244,0.004764502868056297,0.0047616176307201385,0.004746331367641687
313182,pgd_eps0.008_alpha0.005_iter3,0.4318181818181819,0.4059343434343435,0.9817848,44.610157518357155,0.9958311915397644,0.9962684512138367,0.2002618908882141,0.037265241146087646,395448,0.009634394,0.005164247006177902,0.00506394961848855,0.005064883269369602
538364,pgd_eps0.008_alpha0.005_iter1,0.3454545454545455,0.16666666666666666,0.9845924,45.06476874557909,0.9972369074821472,0.9988285303115845,0.10595943033695221,0.016993701457977295,405232,0.009277748,0.004783839453011751,0.00477281678467989,0.004757157992571592
149406,pgd_eps0.008_alpha0.005_iter2,1.0000000000000002,0.0,0.98985606,44.80764210253917,0.9981021285057068,0.9987648129463196,0.027558140456676483,0.003931581974029541,403501,0.009582108,0.0051197935827076435,0.005122874863445759,0.005130148492753506
180383,pgd_eps0.008_alpha0.005_iter1,0.25000000000000006,0.20000000000000004,0.9815019,45.107234908714176,0.9969286918640137,0.9984383583068848,0.1212056577205658,0.021850228309631348,405096,0.009224829,0.004744979087263346,0.004728479776531458,0.004745262674987316
449996,pgd_eps0.008_alpha0.005_iter4,0.13636363636363635,0.08522727272727272,0.97436184,44.30219887799494,0.9935430884361267,0.9542621970176697,0.2712549567222595,0.08412939310073853,398064,0.010123611,0.005520609673112631,0.005486558191478252,0.00550722936168313
168619,pgd_eps0.008_alpha0.005_iter1,1.0000000000000002,0.5000000000000001,0.9828425,45.10149046818655,0.9967214465141296,0.9987195730209351,0.12055134028196335,0.04074007272720337,404204,0.009219753,0.004732411354780197,0.0047394405119121075,0.004742071498185396
209613,pgd_eps0.008_alpha0.005_iter3,0.29870129870129875,0.25,0.9860223,44.40976510142737,0.9962670207023621,0.998826265335083,0.15069961547851562,0.04509282112121582,403196,0.010025067,0.005325707141309977,0.005317997187376022,0.005320479162037373
469652,pgd_eps0.008_alpha0.005_iter2,1.0000000000000002,0.5000000000000001,0.9852883,44.789196226390054,0.9967724084854126,0.9990317821502686,0.13720855116844177,0.0296480655670166,403139,0.009593147,0.005119521636515856,0.00514255603775382,0.005152177065610886
15338,pgd_eps0.008_alpha0.005_iter3,0.18181818181818185,0.17424242424242423,0.98426676,44.49858878149928,0.9963222742080688,0.9982911944389343,0.1548437476158142,0.04342108964920044,401393,0.009886222,0.005256561562418938,0.005234182346612215,0.00522097572684288
512564,pgd_eps0.008_alpha0.005_iter1,0.27272727272727276,0.2606060606060606,0.98495364,45.21580487640389,0.9973487854003906,0.9989960193634033,0.13835759460926056,0.039906859397888184,404626,0.009089831,0.004670571535825729,0.004654370713979006,0.004641302395612001
568439,pgd_eps0.008_alpha0.005_iter1,0.2954545454545455,0.2545454545454546,0.98595643,45.1922750079554,0.9972280859947205,0.9990886449813843,0.12070265412330627,0.022782564163208008,404508,0.009117109,0.004696123767644167,0.004645051434636116,0.004685764200985432
372317,pgd_eps0.008_alpha0.005_iter1,0.3333333333333334,0.20000000000000004,0.9828997,45.092971505804954,0.996662974357605,0.9984424710273743,0.14059999585151672,0.023582935333251953,405232,0.009241029,0.004748957697302103,0.004740389995276928,0.004764977842569351
476704,pgd_eps0.008_alpha0.005_iter2,0.4545454545454547,0.44318181818181823,0.9800105,44.91414295056685,0.9960449934005737,0.9975951313972473,0.17638328671455383,0.03415149450302124,402685,0.009429968,0.0050664558075368404,0.0050384532660245895,0.005022784695029259
260266,pgd_eps0.008_alpha0.005_iter2,0.40909090909090917,0.37878787878787884,0.9774844,44.881138682743426,0.9950646162033081,0.9918661117553711,0.16511517763137817,0.023835062980651855,402240,0.009457741,0.005089045036584139,0.00506923533976078,0.005056672263890505
106048,pgd_eps0.008_alpha0.005_iter1,1.0000000000000002,0.3333333333333334,0.97910166,45.12639600922971,0.9961644411087036,0.9977295994758606,0.17404671013355255,0.026545286178588867,404977,0.009200686,0.004731510765850544,0.004704663529992104,0.004741688258945942
177893,pgd_eps0.008_alpha0.005_iter1,0.5000000000000001,0.38636363636363646,0.9835992,45.334505594502154,0.9970489740371704,0.9982664585113525,0.15808768570423126,0.03388965129852295,398706,0.008853299,0.004528030287474394,0.004501785151660442,0.004554081708192825
479099,pgd_eps0.008_alpha0.005_iter2,1.0000000000000002,0.25000000000000006,0.99017286,44.86433938114664,0.9975841045379639,0.9992409348487854,0.09636145830154419,0.038725078105926514,404022,0.009520172,0.005085091106593609,0.005072981584817171,0.005079566966742277
269196,pgd_eps0.008_alpha0.005_iter1,0.2727272727272727,0.06818181818181818,0.9830486,45.020018192606024,0.9967126250267029,0.9989373087882996,0.14792189002037048,0.02872443199157715,405349,0.009331008,0.00480276346206665,0.004819812253117561,0.0047989715822041035
315450,pgd_eps0.008_alpha0.005_iter3,0.2954545454545455,0.22727272727272732,0.97909147,44.59814480780396,0.9957155585289001,0.9971885085105896,0.19245654344558716,0.03347271680831909,398357,0.00970795,0.005185223650187254,0.0051103257574141026,0.005130125675350428
171050,pgd_eps0.008_alpha0.005_iter2,1.0000000000000002,0.25000000000000006,0.9813919,44.915623614571174,0.9964152574539185,0.998054027557373,0.1328088790178299,0.019468069076538086,401381,0.009426868,0.00499737961217761,0.004991654306650162,0.005079708062112331
243867,pgd_eps0.008_alpha0.005_iter3,0.3333333333333334,0.28571428571428575,0.975817,44.67019410282769,0.9948180913925171,0.9962981939315796,0.20368289947509766,0.04089534282684326,398917,0.009645354,0.005116254556924105,0.005077811423689127,0.005103335250169039
263594,pgd_eps0.008_alpha0.005_iter3,0.12121212121212122,0.10101010101010101,0.98309255,44.51017535579002,0.9965447783470154,0.9984325170516968,0.13719813525676727,0.029874801635742188,402228,0.009876495,0.00528383906930685,0.005199536215513945,0.005237802397459745
147725,pgd_eps0.008_alpha0.005_iter4,0.37500000000000006,0.35894660894660896,0.9794841,44.604942405731165,0.9951683878898621,0.9971079230308533,0.1917535662651062,0.037396132946014404,398278,0.009762604,0.00532386964187026,0.005248221103101969,0.005221311002969742
88432,pgd_eps0.008_alpha0.005_iter1,0.590909090909091,0.3272727272727273,0.987798,45.163498328496416,0.9978512525558472,0.9991287589073181,0.09676319360733032,0.013863325119018555,404696,0.009152772,0.0046927351504564285,0.004682955332100391,0.00470713060349226
272364,pgd_eps0.008_alpha0.005_iter3,0.2727272727272727,0.0,0.98618776,44.5447134645459,0.9972144961357117,0.9990160465240479,0.1411270797252655,0.0233040452003479,401733,0.009833291,0.005248837638646364,0.005184883251786232,0.005190411116927862
138979,pgd_eps0.008_alpha0.005_iter1,0.5151515151515152,0.38636363636363646,0.9815014,45.15398806576392,0.9968274831771851,0.9984384775161743,0.1514643132686615,0.029878199100494385,404744,0.009164835,0.004709100816398859,0.004684953019022942,0.004719582386314869
519491,pgd_eps0.008_alpha0.005_iter2,0.5000000000000001,0.3333333333333334,0.9735949,44.88319779798811,0.9940202236175537,0.9836087226867676,0.23646408319473267,0.04194962978363037,401884,0.009438477,0.005083607509732246,0.005070790648460388,0.00506343599408865
100283,pgd_eps0.008_alpha0.005_iter1,0.6363636363636365,0.4848484848484849,0.9826674,45.08377016456103,0.9963776469230652,0.9977089762687683,0.12307481467723846,0.024900436401367188,405190,0.009254175,0.004754625726491213,0.004751516506075859,0.004767018370330334
563653,pgd_eps0.008_alpha0.005_iter1,0.3272727272727273,0.2800000000000001,0.9843445,45.15155534245106,0.9969579577445984,0.9990912079811096,0.1424965113401413,0.04246032238006592,404895,0.009169319,0.004717055708169937,0.0046785022132098675,0.004723526071757078
23230,pgd_eps0.008_alpha0.005_iter2,0.2727272727272727,0.06818181818181818,0.9900623,44.763333902268926,0.997257649898529,0.9992213845252991,0.09835653752088547,0.048719167709350586,404787,0.009654048,0.005176367703825235,0.005156523082405329,0.005148657131940126
73702,pgd_eps0.008_alpha0.005_iter1,0.38636363636363646,0.3090909090909092,0.9830132,45.007908367632304,0.9969074130058289,0.99876868724823,0.12340226024389267,0.021322011947631836,405461,0.009348553,0.004786827135831118,0.004841870628297329,0.004817806649953127
521141,pgd_eps0.008_alpha0.005_iter1,0.590909090909091,0.4204545454545456,0.9845306,45.20495467612518,0.9971923828125,0.9987752437591553,0.12176908552646637,0.02042210102081299,403051,0.009079015,0.004664667882025242,0.00462503032758832,0.004673682153224945
61268,pgd_eps0.008_alpha0.005_iter3,0.25000000000000006,0.22727272727272735,0.9791495,44.76290551235288,0.9957761764526367,0.9967858791351318,0.1885761320590973,0.04670989513397217,393491,0.009451894,0.005051187239587307,0.0049947635270655155,0.004950383678078651
393093,pgd_eps0.008_alpha0.005_iter13,0.25000000000000006,0.2070707070707071,0.98242193,43.972564417721564,0.9961692690849304,0.9981509447097778,0.16899189352989197,0.06056785583496094,396673,0.0105220815,0.005748193245381117,0.00570729561150074,0.005732325371354818
493566,pgd_eps0.008_alpha0.005_iter1,1.0000000000000002,0.5000000000000001,0.98001665,45.18106683135948,0.9961134791374207,0.9878077507019043,0.24378907680511475,0.06208968162536621,404817,0.009129391,0.00469691539183259,0.004651473835110664,0.004705809988081455
191471,pgd_eps0.008_alpha0.005_iter2,1.0000000000000002,0.25000000000000006,0.98105717,44.866855774541904,0.9961265325546265,0.9976398348808289,0.15179190039634705,0.034267961978912354,402448,0.00947566,0.005083001218736172,0.0050782086327672005,0.005073951091617346
11122,pgd_eps0.008_alpha0.005_iter1,1.0000000000000002,0.5000000000000001,0.99097824,45.23168922185177,0.9982530474662781,0.9993582367897034,0.09423026442527771,0.0340113639831543,402918,0.009044226,0.004636578261852264,0.004608748015016317,0.004640572238713503
126592,pgd_eps0.008_alpha0.005_iter2,0.7727272727272729,0.7670454545454547,0.98062724,44.76264562673663,0.9958583116531372,0.9974173903465271,0.18557108938694,0.037639737129211426,403766,0.009626336,0.005179912317544222,0.005153656005859375,0.005125405732542276
416269,pgd_eps0.008_alpha0.005_iter2,1.0000000000000002,0.5000000000000001,0.9808386,44.883064960863976,0.9957875609397888,0.9980947971343994,0.17579105496406555,0.036395370960235596,401829,0.009461199,0.005062039941549301,0.005069754086434841,0.005031443201005459
133567,pgd_eps0.008_alpha0.005_iter1,0.5000000000000001,0.25000000000000006,0.9835923,45.07744659904561,0.9968113303184509,0.9987725615501404,0.14097115397453308,0.03261065483093262,405131,0.009257374,0.004775830078870058,0.0047749243676662445,0.0047268979251384735
521052,pgd_eps0.008_alpha0.005_iter1,0.5000000000000001,0.3333333333333334,0.98873717,45.10701256701238,0.9978402853012085,0.999191403388977,0.09406989812850952,0.022718429565429688,405026,0.009224013,0.004747114609926939,0.004724934697151184,0.004745221231132746
415990,pgd_eps0.008_alpha0.005_iter6,0.4545454545454546,0.3585858585858586,0.9789936,44.27310160333896,0.995058000087738,0.9967967867851257,0.19729189574718475,0.05346578359603882,398730,0.010182514,0.005543345585465431,0.005535798147320747,0.005508959759026766
187236,pgd_eps0.008_alpha0.005_iter1,0.18181818181818185,0.06818181818181819,0.969258,45.42454925765241,0.9946980476379395,0.9944518804550171,0.18854379653930664,0.045125603675842285,401156,0.008821102,0.004707444924861193,0.004490603227168322,0.004229803569614887
271728,pgd_eps0.008_alpha0.005_iter3,0.4242424242424243,0.4173553719008265,0.9782384,44.49932728681829,0.9952950477600098,0.9974477291107178,0.16557055711746216,0.02976810932159424,399593,0.00986607,0.005272018723189831,0.005235207267105579,0.00524646183475852
77595,pgd_eps0.008_alpha0.005_iter3,0.3333333333333334,0.0,0.97872835,44.654668047077806,0.9954245090484619,0.9982401132583618,0.2053939402103424,0.03608649969100952,399223,0.009676119,0.0051514930091798306,0.005124581512063742,0.005115201696753502
278463,pgd_eps0.008_alpha0.005_iter2,0.3636363636363637,0.3000000000000001,0.9803013,44.90168698463934,0.9959596991539001,0.9976422786712646,0.17097127437591553,0.027507424354553223,403111,0.009457533,0.005086156539618969,0.005031559616327286,0.00505140982568264
190140,pgd_eps0.008_alpha0.005_iter3,0.8484848484848486,0.6666666666666669,0.980916,44.69386142393654,0.995898425579071,0.9978066682815552,0.18010812997817993,0.03320586681365967,398935,0.009631614,0.005121184047311544,0.005089954938739538,0.00509038707241416
476810,pgd_eps0.008_alpha0.005_iter3,0.20000000000000004,0.0,0.98361355,44.66554390811283,0.9961139559745789,0.9971394538879395,0.12465174496173859,0.021489262580871582,400429,0.009686568,0.005139478947967291,0.005109061021357775,0.005106920376420021
126216,pgd_eps0.008_alpha0.005_iter1,0.7272727272727274,0.5000000000000001,0.9895453,45.198701255364604,0.9978395700454712,0.999488890171051,0.12454329431056976,0.043212175369262695,404814,0.009112436,0.004684471059590578,0.0046329558826982975,0.004691236186772585
32901,pgd_eps0.008_alpha0.005_iter5,0.2857142857142857,0.24702797202797205,0.9832208,44.082980518667306,0.996434211730957,0.997775137424469,0.09476755559444427,0.01837170124053955,399628,0.010416151,0.00562529219314456,0.005619602743536234,0.005633801221847534
407960,pgd_eps0.008_alpha0.005_iter2,0.3333333333333334,0.28571428571428575,0.9770836,44.95613098514356,0.9955489635467529,0.9967259168624878,0.20134952664375305,0.0429692268371582,401453,0.009363761,0.005017460789531469,0.005014498718082905,0.0049941521137952805
84270,pgd_eps0.008_alpha0.005_iter6,0.16233766233766236,0.1478835978835979,0.9824659,44.162497440882134,0.9967455863952637,0.9981547594070435,0.12411406636238098,0.03040236234664917,398383,0.010325841,0.005635557696223259,0.0055997674353420734,0.005569820292294025
267191,pgd_eps0.008_alpha0.005_iter1,0.8181818181818183,0.590909090909091,0.98722583,45.08331658097299,0.9972958564758301,0.9989091157913208,0.10839132964611053,0.031378984451293945,403977,0.009233872,0.0047619943507015705,0.004751380532979965,0.004732740577310324
422836,pgd_eps0.008_alpha0.005_iter2,0.1090909090909091,0.0707070707070707,0.98226833,44.915492517584156,0.9967145919799805,0.9981701374053955,0.15415753424167633,0.036797404289245605,402149,0.009428234,0.005064054857939482,0.005026994738727808,0.005019465461373329
493613,pgd_eps0.008_alpha0.005_iter1,1.0000000000000002,0.5000000000000001,0.9884572,45.13733270343613,0.9972684383392334,0.9993292689323425,0.13166716694831848,0.027782797813415527,404748,0.009183059,0.004718487150967121,0.004702511243522167,0.004725838080048561
317024,pgd_eps0.008_alpha0.005_iter1,1.0000000000000002,0.3333333333333334,0.98878855,45.07936309182364,0.9977954626083374,0.9993684887886047,0.09472380578517914,0.022552192211151123,405215,0.009259565,0.00475809583440423,0.004757987800985575,0.004766794852912426
463522,pgd_eps0.008_alpha0.005_iter1,0.14545454545454545,0.13636363636363638,0.9835472,45.13957084953344,0.9969446063041687,0.9986385107040405,0.11833608895540237,0.027766644954681396,403931,0.009173762,0.004717667121440172,0.004723118152469397,0.004693224094808102
213547,pgd_eps0.008_alpha0.005_iter1,0.1666666666666667,0.0037878787878787876,0.98478633,45.166828351972654,0.997504472732544,0.9988402724266052,0.12337358295917511,0.022730231285095215,404935,0.009152064,0.004698345437645912,0.004664435982704163,0.004719892516732216
456015,pgd_eps0.008_alpha0.005_iter3,0.7272727272727274,0.3954545454545455,0.9767706,44.60094573102678,0.9945535659790039,0.9965376853942871,0.2101854383945465,0.04667556285858154,399880,0.009756076,0.005188760347664356,0.005165485665202141,0.005169321317225695
547886,pgd_eps0.008_alpha0.005_iter3,0.8636363636363638,0.4848484848484849,0.9740998,44.62816186280689,0.9940154552459717,0.9909718036651611,0.24728310108184814,0.05342864990234375,398970,0.009702206,0.00516084861010313,0.005138901062309742,0.005148758180439472
124975,pgd_eps0.008_alpha0.005_iter2,0.5454545454545455,0.27272727272727276,0.9857635,44.860254550752536,0.9968363642692566,0.9991966485977173,0.14876151084899902,0.02577918767929077,403481,0.009516369,0.005094070453196764,0.0050824410282075405,0.0050694202072918415
378453,pgd_eps0.008_alpha0.005_iter2,0.4545454545454546,0.28295454545454546,0.9861204,44.71829449200797,0.9970981478691101,0.9990487098693848,0.14138072729110718,0.029345035552978516,404190,0.009689036,0.005216805264353752,0.005192878656089306,0.0051704770885407925
69356,pgd_eps0.008_alpha0.005_iter4,0.13636363636363638,0.08080808080808083,0.9897153,44.24320995984012,0.9977260828018188,0.9989054799079895,0.0892627090215683,0.02284914255142212,402105,0.010248618,0.00557316467165947,0.005534584634006023,0.0055146426893770695
162415,pgd_eps0.008_alpha0.005_iter1,0.5000000000000001,0.3333333333333334,0.9821126,45.06405496196067,0.9971356391906738,0.9982531666755676,0.10966384410858154,0.020034492015838623,404868,0.009276321,0.004768949002027512,0.004782640375196934,0.004763452336192131
274708,pgd_eps0.008_alpha0.005_iter1,0.8181818181818183,0.6060606060606062,0.9753992,45.260700237404556,0.9953991174697876,0.9963877201080322,0.18230615556240082,0.03341114521026611,401891,0.009010583,0.0046179452911019325,0.004629731643944979,0.004654839169234037
377113,pgd_eps0.008_alpha0.005_iter2,0.2272727272727273,0.1994949494949495,0.98587394,44.876950329860925,0.9968804717063904,0.9988489747047424,0.14867347478866577,0.033296406269073486,403479,0.00949388,0.005086575634777546,0.0050659882836043835,0.0050608073361217976
79651,pgd_eps0.008_alpha0.005_iter4,1.0000000000000002,0.6666666666666669,0.9843176,44.54817411920296,0.9962801933288574,0.998334527015686,0.11156395077705383,0.02155482769012451,397792,0.009826369,0.0053383177146315575,0.005310758948326111,0.005276822485029697
104669,pgd_eps0.008_alpha0.005_iter1,0.13636363636363638,0.07467532467532467,0.9840576,45.14477223951368,0.9974117279052734,0.998695433139801,0.1182185709476471,0.018768250942230225,404537,0.009173924,0.0047207726165652275,0.004690464120358229,0.004727525636553764
430377,pgd_eps0.008_alpha0.005_iter2,0.7727272727272729,0.6969696969696969,0.9775979,44.90391661465658,0.9952205419540405,0.9918285012245178,0.16448959708213806,0.021881580352783203,402654,0.009450913,0.005058301612734795,0.005044028162956238,0.005067603662610054
512776,pgd_eps0.008_alpha0.005_iter4,0.7727272727272729,0.38636363636363646,0.9701435,44.69350808188019,0.995823085308075,0.997279942035675,0.18827983736991882,0.042419612407684326,382400,0.00953559,0.005163740366697311,0.005142982117831707,0.005143001675605774
95155,pgd_eps0.008_alpha0.005_iter7,0.5000000000000001,0.22727272727272732,0.98015094,44.3799913364611,0.9945485591888428,0.9971729516983032,0.19218996167182922,0.04465764760971069,397338,0.010027199,0.005436769220978022,0.005399710964411497,0.0053631942719221115
184978,pgd_eps0.008_alpha0.005_iter2,0.5000000000000001,0.3333333333333334,0.9824424,44.9886332073695,0.9966087341308594,0.9982696175575256,0.13228555023670197,0.027083992958068848,402718,0.009352328,0.005029808264225721,0.004986843094229698,0.0049579250626266
199055,pgd_eps0.008_alpha0.005_iter2,1.0000000000000002,0.5000000000000001,0.986245,44.859223883872225,0.9968078136444092,0.998940646648407,0.11933612078428268,0.01852285861968994,403651,0.009525418,0.0050815073773264885,0.005085955839604139,0.005092378240078688
431848,pgd_eps0.008_alpha0.005_iter2,0.7727272727272729,0.6161616161616162,0.9787428,45.05937104450942,0.9961943626403809,0.9977792501449585,0.1938801109790802,0.027625441551208496,396969,0.00921442,0.0049421777948737144,0.004920356906950474,0.004895782098174095
333772,pgd_eps0.008_alpha0.005_iter6,0.1666666666666667,0.12000000000000002,0.9793003,44.34337157874009,0.9957482814788818,0.9975799322128296,0.14584067463874817,0.021311521530151367,396845,0.010086514,0.005484781228005886,0.005466606002300978,0.005460219923406839
128699,pgd_eps0.008_alpha0.005_iter3,0.8181818181818183,0.45074527744982296,0.9755756,44.55326202852659,0.9948192834854126,0.9951946139335632,0.23582150042057037,0.03513079881668091,399754,0.0098012285,0.0052225966937839985,0.005196580197662115,0.0052015287801623344
176799,pgd_eps0.008_alpha0.005_iter1,0.39393939393939403,0.2575757575757576,0.9862264,45.15324128314635,0.9975032210350037,0.9990677237510681,0.1310545802116394,0.034288644790649414,405007,0.009169534,0.004711166489869356,0.004681553691625595,0.004723348189145327
424521,pgd_eps0.008_alpha0.005_iter1,1.0000000000000002,0.5000000000000001,0.9816036,45.184130887422675,0.9966244101524353,0.9984351396560669,0.18835996091365814,0.02058124542236328,404748,0.009129972,0.0046791876666247845,0.004659967962652445,0.004711277317255735
523807,pgd_eps0.008_alpha0.005_iter1,0.4545454545454546,0.27272727272727276,0.9826982,45.15038166066653,0.9972369074821472,0.9985920786857605,0.12794412672519684,0.02149200439453125,404667,0.009170089,0.004736041650176048,0.004720369819551706,0.004658061545342207
73946,pgd_eps0.008_alpha0.005_iter2,0.21212121212121215,0.1515151515151515,0.9777494,44.89794795471426,0.9954749941825867,0.9963710904121399,0.19561165571212769,0.031950294971466064,402438,0.009449081,0.005066095385700464,0.0050534033216536045,0.005034874193370342
230819,pgd_eps0.008_alpha0.005_iter2,1.0000000000000002,0.6666666666666669,0.98387426,44.86702591202107,0.9965693354606628,0.9986213445663452,0.15248358249664307,0.03035259246826172,403454,0.009504661,0.005094714928418398,0.00507919630035758,0.005068643484264612
82715,pgd_eps0.008_alpha0.005_iter3,0.5000000000000001,0.3333333333333334,0.98339134,44.523713799084305,0.9959086179733276,0.9984990358352661,0.1582312285900116,0.05074024200439453,401515,0.009863073,0.005247854627668858,0.00522126629948616,0.0052300747483968735
85195,pgd_eps0.008_alpha0.005_iter2,0.3333333333333334,0.3000000000000001,0.97598547,44.82673162155595,0.9948444366455078,0.9930649399757385,0.2064201831817627,0.039157986640930176,402422,0.009531763,0.005113995634019375,0.005110369995236397,0.0051050554029643536
50828,pgd_eps0.008_alpha0.005_iter1,0.5000000000000001,0.4000000000000001,0.97710663,45.12194105845849,0.9955991506576538,0.9960955381393433,0.1618616282939911,0.031181514263153076,404968,0.009203337,0.004736841190606356,0.004707467742264271,0.004738552961498499
27696,pgd_eps0.008_alpha0.005_iter1,0.25000000000000006,0.14285714285714288,0.98230964,45.18379480951658,0.9969362020492554,0.9988971948623657,0.15150466561317444,0.029170989990234375,404428,0.009127396,0.0047391196712851524,0.004668812733143568,0.00461958022788167
62808,pgd_eps0.008_alpha0.005_iter2,0.23376623376623382,0.19696969696969702,0.9847712,44.75776005579255,0.9971846342086792,0.998631477355957,0.10656382888555527,0.019029974937438965,403341,0.009624576,0.005194369703531265,0.0051347934640944,0.005155425518751144
497344,pgd_eps0.008_alpha0.005_iter2,0.5000000000000001,0.4285714285714287,0.9760814,44.880975412379655,0.9950263500213623,0.9935932755470276,0.24384915828704834,0.035037875175476074,402050,0.009452354,0.005090400576591492,0.005068634636700153,0.0050535355694592
361147,pgd_eps0.008_alpha0.005_iter5,0.30303030303030304,0.2954545454545455,0.9796343,44.259651668299256,0.9951156973838806,0.9974204897880554,0.17284467816352844,0.026271939277648926,396366,0.010148186,0.005508140195161104,0.005463226232677698,0.005460856948047876
163611,pgd_eps0.008_alpha0.005_iter15,0.1090909090909091,0.0883838383838384,0.9847887,43.75032528206216,0.9966226816177368,0.9985957145690918,0.12064889073371887,0.026862502098083496,398682,0.010878801,0.005971471779048443,0.00595207791775465,0.005961759481579065
10707,pgd_eps0.008_alpha0.005_iter2,0.19318181818181823,0.05555555555555555,0.98088235,44.87455358379363,0.9963650703430176,0.9970862865447998,0.13526222109794617,0.021549880504608154,402230,0.009451561,0.005007454194128513,0.005087903700768948,0.005080548580735922
409630,pgd_eps0.008_alpha0.005_iter2,0.7727272727272729,0.5151515151515152,0.97710043,44.92671296911983,0.9951924085617065,0.9968380928039551,0.19362111389636993,0.03447699546813965,403042,0.009436771,0.005048172082751989,0.005034922156482935,0.005031694192439318
199395,pgd_eps0.008_alpha0.005_iter4,0.3636363636363637,0.34090909090909094,0.9720292,44.49235492093536,0.9928210973739624,0.9784970879554749,0.2831065058708191,0.06905388832092285,396977,0.009874931,0.0053541879169642925,0.005355062894523144,0.005360129289329052
514797,pgd_eps0.008_alpha0.005_iter2,0.5000000000000001,0.1666666666666667,0.9796389,44.84416111126549,0.9954862594604492,0.9969945549964905,0.16075734794139862,0.03388267755508423,402436,0.009510484,0.0051078880205750465,0.0050890748389065266,0.0050856564193964005
514586,pgd_eps0.008_alpha0.005_iter1,0.31818181818181823,0.22727272727272735,0.9838317,45.16077661597744,0.9972506761550903,0.9987712502479553,0.1380319446325302,0.01690232753753662,404873,0.009159392,0.004712903872132301,0.0046781753189861774,0.004711683839559555
279774,pgd_eps0.008_alpha0.005_iter2,0.5151515151515152,0.3143939393939394,0.9845154,44.849416085304554,0.9970018267631531,0.9984225630760193,0.09201204776763916,0.015023231506347656,402472,0.009504409,0.005106173921376467,0.0050934236496686935,0.005082953721284866
474078,pgd_eps0.008_alpha0.005_iter4,0.5000000000000001,0.38636363636363646,0.9886954,44.28014018019116,0.9966497421264648,0.9988062381744385,0.10422638058662415,0.02820003032684326,402823,0.010214973,0.005545394029468298,0.005530150607228279,0.005489100236445665
872,pgd_eps0.008_alpha0.005_iter5,0.18181818181818185,0.1545454545454546,0.99116683,44.174824688861605,0.9979332685470581,0.9987004995346069,0.04047306627035141,0.005233287811279297,400200,0.010309057,0.005527095403522253,0.005582193844020367,0.00553528405725956
32038,pgd_eps0.008_alpha0.005_iter1,0.5000000000000001,0.4000000000000001,0.9592082,45.52440752283147,0.9953988790512085,0.991873025894165,0.2102075219154358,0.03296130895614624,370702,0.0084643485,0.004370641894638538,0.004374893847852945,0.004282431676983833
261732,pgd_eps0.008_alpha0.005_iter7,0.3333333333333334,0.33333333333333337,0.97636604,44.112805071896844,0.9945931434631348,0.9971397519111633,0.20353220403194427,0.036165714263916016,394206,0.010324966,0.0056131575256586075,0.005600145552307367,0.005617665592581034
346638,pgd_eps0.008_alpha0.005_iter2,0.5000000000000001,0.28571428571428575,0.97678596,45.0919735180371,0.9958011507987976,0.9969208240509033,0.14876709878444672,0.023891210556030273,400316,0.009198548,0.0050160824321210384,0.00496022729203105,0.004650608170777559
306139,pgd_eps0.008_alpha0.005_iter1,0.19480519480519481,0.19191919191919193,0.9814139,45.11064041761514,0.9967636466026306,0.9983884692192078,0.14737361669540405,0.034346818923950195,404954,0.009217792,0.004745676647871733,0.004727024585008621,0.004737481474876404
564091,pgd_eps0.008_alpha0.005_iter1,0.38636363636363646,0.25568181818181823,0.9810106,45.13153872483861,0.9965275526046753,0.9984315037727356,0.1629050076007843,0.026605963706970215,404788,0.00919237,0.004719696007668972,0.004707521293312311,0.004734378308057785
280930,pgd_eps0.008_alpha0.005_iter4,0.25000000000000006,0.10000000000000002,0.97605914,44.60498145171961,0.9961894750595093,0.9971346259117126,0.18539026379585266,0.03433239459991455,393157,0.009706071,0.005285410210490227,0.005211442243307829,0.005220010876655579
113867,pgd_eps0.008_alpha0.005_iter1,1.0000000000000002,0.5000000000000001,0.99296594,45.104378051748746,0.9983601570129395,0.9988786578178406,0.023201413452625275,0.0060659050941467285,404917,0.009230617,0.0047709452919662,0.004761271178722382,0.004694962874054909
159282,pgd_eps0.008_alpha0.005_iter1,0.5000000000000001,0.20000000000000004,0.9775968,45.16047062791643,0.9960160255432129,0.9970576763153076,0.19598907232284546,0.03815186023712158,404096,0.009151897,0.004709955770522356,0.00469607999548316,0.00469023734331131
349678,pgd_eps0.008_alpha0.005_iter1,1.0000000000000002,0.5000000000000001,0.9813576,45.244968324821286,0.9966409206390381,0.9982125759124756,0.1780606210231781,0.035649001598358154,404503,0.009055948,0.00464604189619422,0.0046044583432376385,0.004659923724830151
384136,pgd_eps0.008_alpha0.005_iter1,0.5000000000000001,0.20000000000000004,0.97717077,45.03955003582633,0.9957302808761597,0.9976511597633362,0.17715778946876526,0.028325319290161133,405254,0.009306252,0.00478941947221756,0.004794343840330839,0.004791260696947575
173057,pgd_eps0.008_alpha0.005_iter3,0.30303030303030304,0.25189393939393945,0.982085,44.57576364000923,0.9964121580123901,0.9982658624649048,0.14280778169631958,0.02855551242828369,400440,0.009782185,0.005214486736804247,0.005166803486645222,0.005179930478334427
475572,pgd_eps0.008_alpha0.005_iter1,0.4000000000000001,0.3333333333333334,0.97919124,45.07808241943127,0.9962150454521179,0.9978929758071899,0.16706304252147675,0.030268430709838867,404578,0.009254368,0.004776343237608671,0.004767134785652161,0.004741733893752098
405691,pgd_eps0.008_alpha0.005_iter2,0.25000000000000006,0.20661157024793395,0.9810681,44.93145566692819,0.9964041113853455,0.9981180429458618,0.15439677238464355,0.025062143802642822,400759,0.009378702,0.005080877337604761,0.004985719919204712,0.004992056638002396
228214,pgd_eps0.008_alpha0.005_iter1,0.31818181818181823,0.1666666666666667,0.9807379,45.1215901876258,0.9964177012443542,0.9981032609939575,0.1573903113603592,0.027918100357055664,404880,0.009204254,0.004744490142911673,0.004692471586167812,0.004747886210680008
183709,pgd_eps0.008_alpha0.005_iter7,0.2272727272727273,0.21300505050505056,0.9794712,44.14080407250473,0.9954478144645691,0.9972715377807617,0.1734243631362915,0.034086525440216064,398425,0.010325457,0.005566677078604698,0.005509756039828062,0.005635433364659548
57672,pgd_eps0.008_alpha0.005_iter3,0.1884469696969697,0.15855433082323842,0.98668796,44.46471270349123,0.9968503713607788,0.9988684058189392,0.11449669301509857,0.02786850929260254,402189,0.009945687,0.005282493308186531,0.0052756257355213165,0.005278910975903273
138639,pgd_eps0.008_alpha0.005_iter3,0.3787878787878789,0.3187429854096522,0.98577523,44.36453443458829,0.9967647790908813,0.9986714124679565,0.11890306323766708,0.03152519464492798,402285,0.010068366,0.0053767734207212925,0.005346870049834251,0.005330336280167103
110884,pgd_eps0.008_alpha0.005_iter1,0.3333333333333334,0.10000000000000002,0.9684401,45.456556191586806,0.9966592788696289,0.9981639385223389,0.09549885988235474,0.01618039608001709,385594,0.008669056,0.0042231823317706585,0.004533028230071068,0.004505522549152374
462614,pgd_eps0.008_alpha0.005_iter2,0.5000000000000001,0.4285714285714287,0.9845949,44.81784052563421,0.9966607093811035,0.9980020523071289,0.10359525680541992,0.028751015663146973,402372,0.009533767,0.0051236217841506,0.005110026802867651,0.005112415179610252
467511,pgd_eps0.008_alpha0.005_iter2,0.18181818181818185,0.02272727272727273,0.98234874,44.81723532135067,0.9963003396987915,0.9984356164932251,0.15239593386650085,0.02647697925567627,403372,0.009564206,0.005125196184962988,0.005108743440359831,0.0051111443899571896
59920,pgd_eps0.008_alpha0.005_iter1,0.27272727272727276,0.13636363636363638,0.9765517,45.103773243011894,0.9954736232757568,0.9961919784545898,0.16867412626743317,0.0460892915725708,405098,0.009227383,0.004750674124807119,0.004728424828499556,0.004748928360641003
273551,pgd_eps0.008_alpha0.005_iter1,0.6363636363636365,0.21212121212121215,0.98411685,45.06169699158643,0.9969625473022461,0.9989573955535889,0.12284670770168304,0.02538764476776123,405169,0.009279586,0.004775268025696278,0.0047758533619344234,0.004773328080773354
513580,pgd_eps0.008_alpha0.005_iter1,1.0000000000000002,0.5000000000000001,0.9781239,45.081949857056436,0.9959944486618042,0.9976927638053894,0.1862548589706421,0.03814136981964111,405166,0.009254415,0.00476197712123394,0.0047593070194125175,0.004759868606925011
194832,pgd_eps0.008_alpha0.005_iter2,0.25000000000000006,0.23809523809523814,0.9784793,44.95879942977123,0.9967207908630371,0.9984376430511475,0.1521320641040802,0.03485393524169922,391029,0.009290419,0.004974349867552519,0.004944715183228254,0.0049249171279370785
77396,pgd_eps0.008_alpha0.005_iter3,0.3750000000000001,0.3333333333333334,0.98125094,44.680439053508636,0.99577796459198,0.997502326965332,0.15196898579597473,0.027666091918945312,398919,0.009645744,0.005124927032738924,0.00509672099724412,0.005099635571241379
101787,pgd_eps0.008_alpha0.005_iter3,1.0000000000000002,0.5000000000000001,0.9752162,44.65806360796221,0.9942473769187927,0.9950770735740662,0.18801194429397583,0.0464969277381897,396001,0.009617964,0.005135312210768461,0.005121564958244562,0.005115176551043987
221754,pgd_eps0.008_alpha0.005_iter3,0.18181818181818182,0.10642135642135643,0.9820331,44.54157021242032,0.9960392713546753,0.9972688555717468,0.1834142804145813,0.05065089464187622,397239,0.00975078,0.00522038945928216,0.005151266232132912,0.005141669884324074
522751,pgd_eps0.008_alpha0.005_iter3,0.36363636363636365,0.13636363636363635,0.97337466,44.57347278586041,0.9939621686935425,0.9832116365432739,0.266272634267807,0.05709230899810791,398885,0.009763631,0.005219045095145702,0.005191942676901817,0.00516338087618351
503841,pgd_eps0.008_alpha0.005_iter1,1.0000000000000002,0.5000000000000001,0.98731786,45.08281942346759,0.9981667399406433,0.9984849691390991,0.04828299582004547,0.010233700275421143,405248,0.0092588235,0.004752533044666052,0.004748455714434385,0.004772041458636522
274272,pgd_eps0.008_alpha0.005_iter6,0.25000000000000006,0.2064935064935065,0.98380446,44.16068665043576,0.9960340857505798,0.9982075095176697,0.12817740440368652,0.02520167827606201,400815,0.010344634,0.005656236317008734,0.005607572849839926,0.005590197630226612
127092,pgd_eps0.008_alpha0.005_iter2,0.5000000000000001,0.3000000000000001,0.9821627,44.8111818519505,0.9965014457702637,0.998323380947113,0.13672947883605957,0.03860878944396973,403185,0.009563318,0.005140851717442274,0.005112324375659227,0.0051154266111552715
507797,pgd_eps0.008_alpha0.005_iter2,0.4545454545454546,0.26948051948051954,0.9798205,44.955616423757306,0.9960691332817078,0.997467577457428,0.183108851313591,0.026010513305664062,401533,0.009356061,0.00503532774746418,0.004969543311744928,0.004972590133547783
369675,pgd_eps0.008_alpha0.005_iter2,0.39393939393939403,0.20454545454545459,0.9839575,44.84393110408469,0.99672931432724,0.9987377524375916,0.1389055848121643,0.03775954246520996,403236,0.009520289,0.0050833141431212425,0.00507479440420866,0.005100960843265057
151857,pgd_eps0.008_alpha0.005_iter1,1.0000000000000002,0.5000000000000001,0.9829634,45.16086316803563,0.9969602823257446,0.9984794855117798,0.14966481924057007,0.03090214729309082,403881,0.009141747,0.004697367548942566,0.004677978809922934,0.004708264954388142
505638,pgd_eps0.008_alpha0.005_iter1,0.5000000000000001,0.06818181818181818,0.9852397,45.11135057180888,0.9970822334289551,0.9985336065292358,0.09749498963356018,0.020786404609680176,405088,0.009220763,0.004739662632346153,0.004732123576104641,0.004738690797239542
475387,pgd_eps0.008_alpha0.005_iter2,0.23636363636363641,0.2012987012987013,0.9878244,44.842858733089074,0.9975687265396118,0.9991582632064819,0.12813419103622437,0.025374233722686768,403872,0.009541846,0.005122867412865162,0.005089660175144672,0.005072574131190777
70254,pgd_eps0.008_alpha0.005_iter2,0.3454545454545455,0.28138528138528146,0.9814957,44.7867896709331,0.9961714148521423,0.9984129071235657,0.18475015461444855,0.030949890613555908,402731,0.009585785,0.005151799414306879,0.005127811338752508,0.005122424568980932
539143,pgd_eps0.008_alpha0.005_iter2,1.0000000000000002,0.3333333333333334,0.98543376,44.830930937767675,0.9968280792236328,0.9986715912818909,0.12285617738962173,0.028371572494506836,403546,0.009550262,0.005110825877636671,0.005116286221891642,0.005085197743028402
508917,pgd_eps0.008_alpha0.005_iter3,0.2545454545454546,0.21212121212121215,0.97783136,44.575507652047264,0.9953815340995789,0.9972546100616455,0.20781753957271576,0.04803919792175293,394552,0.0097140735,0.005161983892321587,0.005143675021827221,0.005142728798091412
316054,pgd_eps0.008_alpha0.005_iter2,0.8181818181818183,0.5454545454545455,0.98080975,44.91249828093071,0.9959092140197754,0.9962563514709473,0.17475157976150513,0.03539681434631348,402931,0.009444904,0.005059053190052509,0.005048859864473343,0.0050299023278057575
201148,pgd_eps0.008_alpha0.005_iter2,0.6666666666666669,0.5000000000000001,0.9793825,44.778497946177595,0.9953653216362,0.9943302273750305,0.2220267951488495,0.053234994411468506,403375,0.009607041,0.005156828090548515,0.005138255190104246,0.00514415604993701
231169,pgd_eps0.008_alpha0.005_iter1,1.0000000000000002,0.5000000000000001,0.98899364,45.18492082170294,0.9977952241897583,0.9992197155952454,0.12212085723876953,0.03817164897918701,402864,0.009100423,0.004667016211897135,0.004660335835069418,0.004680665209889412
511999,pgd_eps0.008_alpha0.005_iter1,1.0000000000000002,0.5818181818181818,0.9832178,45.200709622495516,0.996820330619812,0.9986656308174133,0.13882741332054138,0.027958571910858154,402369,0.009076086,0.004680373705923557,0.0046412027440965176,0.004637089557945728
488664,pgd_eps0.008_alpha0.005_iter2,0.5000000000000001,0.0,0.97887856,44.90980118144061,0.9957086443901062,0.9974772930145264,0.20831206440925598,0.051528751850128174,402538,0.009421259,0.004981637466698885,0.005078458692878485,0.005075935740023851
444879,pgd_eps0.008_alpha0.005_iter2,1.0000000000000002,0.0,0.9860635,45.09908296805445,0.9969173669815063,0.9973602294921875,0.16291780769824982,0.04007589817047119,388518,0.008970591,0.004759273957461119,0.0047644563019275665,0.004757396876811981
287874,pgd_eps0.008_alpha0.005_iter2,0.20000000000000004,0.1666666666666667,0.98552233,44.92574221988151,0.9969560503959656,0.9984307885169983,0.15201333165168762,0.03528273105621338,399648,0.00935755,0.005003329366445541,0.004968294408172369,0.004970523528754711
297022,pgd_eps0.008_alpha0.005_iter4,0.18181818181818182,0.1515151515151515,0.984657,44.66073978816797,0.996415376663208,0.9982269406318665,0.16918373107910156,0.05439770221710205,402718,0.009719349,0.005118169821798801,0.00528044393286109,0.0052796341478824615
212226,pgd_eps0.008_alpha0.005_iter1,0.5000000000000001,0.3333333333333334,0.9756088,45.13591995302414,0.9957147836685181,0.9950386881828308,0.20094966888427734,0.03666889667510986,404657,0.009183054,0.004745982587337494,0.0047330125235021114,0.004669758025556803
394206,pgd_eps0.008_alpha0.005_iter2,0.19886363636363638,0.11931818181818182,0.9863334,44.82262192705221,0.9975975751876831,0.9988924264907837,0.10702064633369446,0.02399754524230957,403168,0.009549864,0.005132779013365507,0.00509990518912673,0.005092113744467497
220858,pgd_eps0.008_alpha0.005_iter2,0.4545454545454546,0.28409090909090917,0.9821896,44.887472488128694,0.9961414337158203,0.998027503490448,0.15975108742713928,0.03120589256286621,403238,0.009484254,0.005077540874481201,0.005061564035713673,0.005055008456110954
244411,pgd_eps0.008_alpha0.005_iter4,0.2727272727272727,0.1090909090909091,0.9847157,44.29044571063394,0.9964584112167358,0.9982544779777527,0.1267091929912567,0.03252410888671875,400812,0.010174314,0.005517215002328157,0.005534730385988951,0.00549482274800539
453166,pgd_eps0.008_alpha0.005_iter3,0.5000000000000001,0.3454545454545455,0.9748251,44.478611931344375,0.9945774078369141,0.9944837093353271,0.19469495117664337,0.05412977933883667,398919,0.009882333,0.005273159593343735,0.0052701071836054325,0.005267069209367037
133631,pgd_eps0.008_alpha0.005_iter2,1.0000000000000002,0.5000000000000001,0.9854862,44.787798648564596,0.9966267943382263,0.999039351940155,0.13802404701709747,0.025117456912994385,403293,0.0096063325,0.00510152243077755,0.005170028191059828,0.005110055208206177
161032,pgd_eps0.008_alpha0.005_iter2,1.0000000000000002,0.6666666666666669,0.98413473,44.95581303113855,0.9962508678436279,0.998198926448822,0.1303686797618866,0.02776634693145752,402784,0.009393348,0.0050224377773702145,0.005007746629416943,0.0049993786960840225
415748,pgd_eps0.008_alpha0.005_iter3,0.5000000000000001,0.1666666666666667,0.98173857,44.57394551409112,0.9959867000579834,0.9979979395866394,0.162883460521698,0.0205918550491333,400115,0.00977778,0.0051808287389576435,0.00518792262300849,0.0051857172511518
460927,pgd_eps0.008_alpha0.005_iter2,1.0000000000000002,0.3333333333333334,0.9784994,45.03476376672438,0.9951443672180176,0.990857720375061,0.2607935070991516,0.07331216335296631,402138,0.009290013,0.004991783294826746,0.004957918077707291,0.0049151270650327206
437239,pgd_eps0.008_alpha0.005_iter3,0.47272727272727283,0.4696969696969697,0.9851404,44.47881435958653,0.9965266585350037,0.9987809062004089,0.16267338395118713,0.03665649890899658,401435,0.009921391,0.0052873133681714535,0.005263510160148144,0.00524900434538722
348243,pgd_eps0.008_alpha0.005_iter2,0.5454545454545455,0.27272727272727276,0.98234385,44.85030584695388,0.9959821701049805,0.9988703727722168,0.16974398493766785,0.030099689960479736,403409,0.009527605,0.0050737918354570866,0.0050924657844007015,0.005105823278427124
382111,pgd_eps0.008_alpha0.005_iter1,0.5227272727272728,0.41818181818181827,0.9838982,45.10743028348995,0.9968068599700928,0.9991667866706848,0.1375427395105362,0.019592344760894775,405160,0.009223204,0.004744416568428278,0.0047210524789988995,0.0047558085061609745
317433,pgd_eps0.008_alpha0.005_iter3,0.5000000000000001,0.19318181818181823,0.98382276,44.535146464551055,0.9962320327758789,0.9987476468086243,0.1553434282541275,0.033111393451690674,401073,0.009847381,0.0052447388879954815,0.005228689406067133,0.005197318736463785
132408,pgd_eps0.008_alpha0.005_iter1,0.5,0.25,0.9837951,45.06338580911418,0.9966246485710144,0.9987537860870361,0.13866335153579712,0.022656023502349854,405082,0.0092761945,0.004777875728905201,0.004779054317623377,0.00475852657109499
191288,pgd_eps0.008_alpha0.005_iter1,0.5000000000000001,0.0,0.98612094,45.105628595402,0.9976305961608887,0.9993240237236023,0.13797852396965027,0.026120781898498535,405100,0.009226618,0.004738393239676952,0.004732760600745678,0.004755051806569099
260106,pgd_eps0.008_alpha0.005_iter1,0.3636363636363637,0.3068181818181819,0.98447627,45.14620121795851,0.9973047971725464,0.9991326332092285,0.13884437084197998,0.02092444896697998,404998,0.009175872,0.0047124819830060005,0.0046959128230810165,0.004724588245153427
100510,pgd_eps0.008_alpha0.005_iter1,0.6666666666666669,0.4000000000000001,0.98550373,45.18983773293801,0.9974530935287476,0.9991205334663391,0.13385982811450958,0.022792398929595947,404801,0.009122535,0.00469357380643487,0.004640662111341953,0.004704305436462164
441442,pgd_eps0.008_alpha0.005_iter1,0.6666666666666669,0.5151515151515152,0.9853131,45.14117878569949,0.9972373247146606,0.9992715120315552,0.13722646236419678,0.024744629859924316,405063,0.009181698,0.0047292630188167095,0.004696182906627655,0.004720102995634079
140270,pgd_eps0.008_alpha0.005_iter3,1.0000000000000002,0.4000000000000001,0.9801488,44.593359376796116,0.9953603148460388,0.998332142829895,0.17004285752773285,0.03317737579345703,400051,0.009763412,0.005188893526792526,0.005182807333767414,0.005167801398783922
553990,pgd_eps0.008_alpha0.005_iter1,1.0000000000000002,0.6666666666666669,0.9854376,45.10676768821284,0.9971874952316284,0.9991987943649292,0.134388267993927,0.03541123867034912,405101,0.009223373,0.004754066001623869,0.004725546110421419,0.004745512269437313
97924,pgd_eps0.008_alpha0.005_iter1,0.2954545454545455,0.2800000000000001,0.98399895,45.34032637497688,0.9971108436584473,0.9985659122467041,0.16190224885940552,0.029133737087249756,401390,0.008890161,0.004568165633827448,0.004520873539149761,0.0045710294507443905
331799,pgd_eps0.008_alpha0.005_iter3,0.25,0.15151515151515152,0.9816649,44.396416859053794,0.9964313507080078,0.9983162879943848,0.1361972838640213,0.021499812602996826,400431,0.010009958,0.0053700897842645645,0.005322268232703209,0.005305914208292961
326542,pgd_eps0.008_alpha0.005_iter4,0.31818181818181823,0.21212121212121215,0.973968,44.58060329766142,0.9935140609741211,0.9804729223251343,0.23781625926494598,0.06011158227920532,396225,0.009761641,0.005324557889252901,0.0052808718755841255,0.005250716116279364
327306,pgd_eps0.008_alpha0.005_iter5,0.5000000000000001,0.3333333333333334,0.9767329,44.39934113608625,0.9943587779998779,0.9956167936325073,0.21748656034469604,0.04831540584564209,397473,0.00998334,0.00538296764716506,0.0053552063181996346,0.005354262422770262
567825,pgd_eps0.008_alpha0.005_iter3,0.3333333333333334,0.1666666666666667,0.9771792,44.63077258782873,0.9954732656478882,0.9974283576011658,0.19520017504692078,0.03148341178894043,395875,0.009675626,0.005111859645694494,0.005136809777468443,0.005152743309736252
485972,pgd_eps0.008_alpha0.005_iter1,0.20000000000000004,0.1666666666666667,0.9784861,45.10287675087537,0.9959632158279419,0.9973389506340027,0.18112295866012573,0.026125669479370117,404990,0.009227641,0.004749497398734093,0.004735121503472328,0.004746556282043457
94944,pgd_eps0.008_alpha0.005_iter3,0.38636363636363646,0.1666666666666667,0.98091525,44.67954477008787,0.9953793287277222,0.99797523021698,0.18572258949279785,0.045288681983947754,400514,0.0096631935,0.005139376502484083,0.00509642856195569,0.005085659679025412
151051,pgd_eps0.008_alpha0.005_iter1,0.5000000000000001,0.20000000000000004,0.9752152,45.025381215650654,0.9945871233940125,0.9918873310089111,0.17648862302303314,0.04115951061248779,405298,0.009323873,0.004805652890354395,0.004814900923520327,0.004788097459822893
93717,pgd_eps0.008_alpha0.005_iter5,0.24242424242424243,0.22925685425685427,0.9819637,44.30884365799119,0.9960300922393799,0.9979487657546997,0.17471055686473846,0.03776228427886963,399712,0.010127681,0.005464391317218542,0.005419042892754078,0.005411784164607525
394510,pgd_eps0.008_alpha0.005_iter2,0.7727272727272729,0.6181818181818184,0.9825042,44.912775928448525,0.9960116744041443,0.9979375600814819,0.13115324079990387,0.027275443077087402,402997,0.009452249,0.005065958481281996,0.005038099829107523,0.005028601735830307
18193,pgd_eps0.008_alpha0.005_iter1,0.3333333333333334,0.25000000000000006,0.98009175,45.066415694947935,0.9960813522338867,0.9975321888923645,0.1605215072631836,0.026285111904144287,405148,0.009273363,0.004773857071995735,0.004766874480992556,0.004772725515067577
234779,pgd_eps0.008_alpha0.005_iter1,1.0000000000000002,0.5000000000000001,0.9773008,45.05020450280399,0.99559086561203,0.9959987998008728,0.19710490107536316,0.04203605651855469,405254,0.009293023,0.004786517471075058,0.0047769127413630486,0.004789674188941717
43435,pgd_eps0.008_alpha0.005_iter3,0.27272727272727276,0.19318181818181815,0.98671204,44.663557943021495,0.9964801669120789,0.998325765132904,0.05687648430466652,0.010269403457641602,401472,0.009710928,0.005125528667122126,0.00513499416410923,0.005126142408698797
403584,pgd_eps0.008_alpha0.005_iter2,0.12121212121212122,0.08080808080808081,0.9874508,44.963217748151614,0.9981393814086914,0.9988195896148682,0.06628863513469696,0.01053464412689209,396497,0.009342466,0.005001259967684746,0.004969397559762001,0.004938851576298475
342128,pgd_eps0.008_alpha0.005_iter9,0.1272727272727273,0.12492269635126776,0.98601466,43.76093393433503,0.9968501925468445,0.9984731078147888,0.1212112084031105,0.023287951946258545,401807,0.010881472,0.005962958559393883,0.0059183151461184025,0.005930095445364714
35279,pgd_eps0.008_alpha0.005_iter3,0.28571428571428575,0.2500000000000001,0.973924,44.774663013644975,0.9967526197433472,0.9983296394348145,0.13668593764305115,0.025426626205444336,384402,0.0094130365,0.004988252650946379,0.004962986800819635,0.004960658960044384
503755,pgd_eps0.008_alpha0.005_iter1,1.0000000000000002,0.7500000000000002,0.9785177,45.02173845403988,0.9959946870803833,0.9978404641151428,0.1505739390850067,0.03300672769546509,405303,0.009326371,0.004813395440578461,0.004813159815967083,0.0047877486795187
24610,pgd_eps0.008_alpha0.005_iter5,0.2272727272727273,0.2203856749311295,0.9750059,44.54244652051975,0.9952419996261597,0.9958869218826294,0.17233715951442719,0.033103764057159424,390140,0.009742361,0.005299372598528862,0.0052196066826581955,0.005166696384549141
320642,pgd_eps0.008_alpha0.005_iter2,0.7727272727272729,0.5000000000000001,0.97794455,44.94067230057334,0.9956302642822266,0.9969753623008728,0.18679140508174896,0.027254581451416016,402069,0.00939507,0.0050596026703715324,0.0050064027309417725,0.005004174076020718
322895,pgd_eps0.008_alpha0.005_iter1,0.4,0.39826839826839827,0.9769698,45.10043611255017,0.9956265687942505,0.9964815974235535,0.16452720761299133,0.034165263175964355,404126,0.009213045,0.004743938334286213,0.0047453283332288265,0.004731329157948494
97337,pgd_eps0.008_alpha0.005_iter1,0.1666666666666667,0.12500000000000003,0.9831903,45.10789333002425,0.9969829320907593,0.9984328150749207,0.11303488910198212,0.017638027667999268,405074,0.009222366,0.004737098701298237,0.004733948968350887,0.004750127904117107
235778,pgd_eps0.008_alpha0.005_iter3,0.27272727272727276,0.13939393939393938,0.97439575,44.72724266436401,0.9947062730789185,0.9958195090293884,0.253121942281723,0.05050039291381836,397649,0.009575447,0.00511483708396554,0.005080937873572111,0.00502789206802845
547144,pgd_eps0.008_alpha0.005_iter1,0.9090909090909092,0.7272727272727273,0.9818756,45.17229313188708,0.9968535900115967,0.9982328414916992,0.11967005580663681,0.030509591102600098,404738,0.009142525,0.004689875058829784,0.004684119485318661,0.00468492042273283
541952,pgd_eps0.008_alpha0.005_iter1,1.0000000000000002,0.5000000000000001,0.97624713,45.16987063610276,0.9953324794769287,0.9946680665016174,0.178555428981781,0.023160696029663086,404887,0.009149471,0.0047275610268116,0.004684913903474808,0.00466125225648284
494759,pgd_eps0.008_alpha0.005_iter4,0.5000000000000001,0.3750000000000001,0.97207814,44.69266825100239,0.9934200644493103,0.9899255633354187,0.25480327010154724,0.061905741691589355,397197,0.009657412,0.00522678392007947,0.00519964937120676,0.005186598282307386
409542,pgd_eps0.008_alpha0.005_iter2,0.7727272727272729,0.44155844155844165,0.9841611,44.804058028720206,0.9966492056846619,0.9987723231315613,0.14235246181488037,0.020385384559631348,403710,0.009587683,0.005124845542013645,0.005122872535139322,0.005139610730111599
427055,pgd_eps0.008_alpha0.005_iter1,0.3636363636363637,0.2796536796536797,0.98402786,45.07973393858134,0.9970406293869019,0.9987816214561462,0.12097746133804321,0.027911484241485596,405274,0.009257624,0.004761627409607172,0.004775119014084339,0.0047461288049817085
119995,pgd_eps0.008_alpha0.005_iter6,0.27272727272727276,0.2575757575757576,0.97817135,44.38942326264901,0.9954856634140015,0.9971554279327393,0.12907715141773224,0.008529424667358398,394858,0.009990392,0.0054360004141926765,0.005412551108747721,0.005442438647150993
369323,pgd_eps0.008_alpha0.005_iter2,0.5454545454545455,0.5151515151515152,0.9769464,44.912067128737704,0.9955331683158875,0.9967273473739624,0.15712037682533264,0.026638507843017578,401306,0.00940166,0.005057117436081171,0.005048711784183979,0.005033446010202169
127270,pgd_eps0.008_alpha0.005_iter4,0.16363636363636366,0.16287878787878787,0.9772486,44.59967100121027,0.9950558543205261,0.9969485402107239,0.19492697715759277,0.03121083974838257,397482,0.009757405,0.005311206448823214,0.005263628903776407,0.0052506704814732075
413247,pgd_eps0.008_alpha0.005_iter2,0.4000000000000001,0.3333333333333334,0.9783241,44.90772059773893,0.995823323726654,0.9969364404678345,0.18071946501731873,0.033707261085510254,401882,0.009426269,0.005075703840702772,0.005035339388996363,0.005034732632339001
179653,pgd_eps0.008_alpha0.005_iter1,1.0000000000000002,0.5000000000000001,0.9895418,45.22873100830694,0.9980365037918091,0.9992516040802002,0.09895545244216919,0.03183698654174805,403338,0.009053906,0.004649450071156025,0.004623687360435724,0.004620478954166174
400922,pgd_eps0.008_alpha0.005_iter1,0.5000000000000001,0.3333333333333334,0.9793646,45.02045008885986,0.995992124080658,0.9976246356964111,0.15059658885002136,0.030830860137939453,404907,0.009327634,0.004802290815860033,0.004820975940674543,0.004794286098331213
259597,pgd_eps0.008_alpha0.005_iter1,0.37500000000000006,0.282762691853601,0.9776133,45.34128183513158,0.9961709380149841,0.9968633651733398,0.22787930071353912,0.053169846534729004,402360,0.00892601,0.004605073016136885,0.0045130630023777485,0.004561666399240494
297084,pgd_eps0.008_alpha0.005_iter26,0.15909090909090912,0.1491477272727273,0.9865357,43.419123203054966,0.997448205947876,0.9983638525009155,0.047831304371356964,0.004514217376708984,401122,0.011388215,0.006296828389167786,0.006267106160521507,0.006318322848528624
168337,pgd_eps0.008_alpha0.005_iter4,0.4000000000000001,0.3272727272727273,0.98128796,44.52616368208756,0.9956309199333191,0.9979606866836548,0.14044135808944702,0.024538516998291016,399732,0.009882496,0.005347870755940676,0.005318716634064913,0.005320101510733366
419974,pgd_eps0.008_alpha0.005_iter5,0.1666666666666667,0.16515151515151516,0.97974056,44.28331700628094,0.9953104853630066,0.9974902272224426,0.16900920867919922,0.02693629264831543,398544,0.0101395175,0.005483156535774469,0.005436689127236605,0.005439356435090303
173302,pgd_eps0.008_alpha0.005_iter7,0.12121212121212122,0.1122448979591837,0.9794097,44.07137530422432,0.9955934882164001,0.9976329803466797,0.1699884831905365,0.03830069303512573,399019,0.010426686,0.005706154275685549,0.005626495461910963,0.005608431063592434
237928,pgd_eps0.008_alpha0.005_iter2,0.6666666666666669,0.25000000000000006,0.9747069,44.841624142074224,0.9950291514396667,0.9939367771148682,0.18637362122535706,0.03549712896347046,401547,0.009497364,0.005094700027257204,0.00509484251961112,0.005095680244266987
54654,pgd_eps0.008_alpha0.005_iter1,0.3333333333333334,0.25000000000000006,0.9811602,45.111598564639515,0.996472954750061,0.9981779456138611,0.16580826044082642,0.019310414791107178,405054,0.009216707,0.004745060577988625,0.004728643223643303,0.004734362475574017
167898,pgd_eps0.008_alpha0.005_iter2,0.6666666666666669,0.6000000000000002,0.97624063,44.89569188772303,0.9949764609336853,0.9961551427841187,0.1682342290878296,0.03979682922363281,402402,0.009454316,0.005076173692941666,0.005050637759268284,0.0050435541197657585
152771,pgd_eps0.008_alpha0.005_iter1,0.4545454545454546,0.4000000000000001,0.9878337,45.08023318285322,0.9974890947341919,0.9992392659187317,0.0979231595993042,0.03468310832977295,404956,0.0092554055,0.004769862163811922,0.004774820525199175,0.004721634089946747
117914,pgd_eps0.008_alpha0.005_iter1,0.6666666666666669,0.25000000000000006,0.97771645,45.15559781242067,0.9958426356315613,0.994438886642456,0.17978960275650024,0.02320420742034912,405075,0.009163822,0.004746351391077042,0.004672981332987547,0.004688296001404524
309391,pgd_eps0.008_alpha0.005_iter8,0.3848484848484849,0.2899477146230393,0.98326874,43.76733607593227,0.9959239959716797,0.9990243911743164,0.19016844034194946,0.044187307357788086,401528,0.010871037,0.005995841231197119,0.005936949048191309,0.005935025867074728
480944,pgd_eps0.008_alpha0.005_iter1,0.38636363636363646,0.27272727272727276,0.9867819,45.1887945445252,0.9975684881210327,0.9989095330238342,0.10360917448997498,0.01503676176071167,404837,0.009125919,0.0046873134560883045,0.0046463580802083015,0.00470358831807971
568690,pgd_eps0.008_alpha0.005_iter3,0.5000000000000001,0.0,0.9795019,44.67558697112988,0.9954737424850464,0.9974454641342163,0.14498791098594666,0.026043057441711426,399672,0.009662495,0.005131817422807217,0.005105270072817802,0.005112075246870518
382122,pgd_eps0.008_alpha0.005_iter2,1.0000000000000002,0.5000000000000001,0.97471076,45.03076336481471,0.9953112602233887,0.972823977470398,0.21617232263088226,0.03880798816680908,400994,0.009280977,0.00484939431771636,0.004994189366698265,0.004979761317372322
234807,pgd_eps0.008_alpha0.005_iter1,0.36363636363636365,0.18181818181818182,0.98270303,45.14157642982768,0.9964797496795654,0.9983088374137878,0.14661334455013275,0.02342766523361206,404722,0.009182083,0.004750585183501244,0.0047334833070635796,0.0046357265673577785
213935,pgd_eps0.008_alpha0.005_iter2,0.7500000000000001,0.13636363636363635,0.97856635,44.909692373371115,0.995746374130249,0.9979398250579834,0.17878761887550354,0.048659443855285645,401537,0.009415877,0.0050647808238863945,0.005055834539234638,0.005017022602260113
417043,pgd_eps0.008_alpha0.005_iter2,1.0000000000000002,0.0,0.98987824,45.07631762301679,0.9978546500205994,0.999172031879425,0.1154174730181694,0.03487032651901245,399587,0.0092145465,0.00490214116871357,0.004887815564870834,0.004865629598498344
393282,pgd_eps0.008_alpha0.005_iter1,1.0000000000000002,0.5000000000000001,0.9874546,45.06355855533378,0.99717777967453,0.9988188743591309,0.060497164726257324,0.009592056274414062,405390,0.009280908,0.00476958230137825,0.004776927176862955,0.004773926921188831
78032,pgd_eps0.008_alpha0.005_iter1,0.27272727272727276,0.18181818181818185,0.98187405,45.11387151082885,0.9963417053222656,0.9985434412956238,0.17670047283172607,0.05182790756225586,404991,0.0092140315,0.004745902493596077,0.004721666220575571,0.004738192074000835
537964,pgd_eps0.008_alpha0.005_iter2,1.0000000000000002,0.25000000000000006,0.9886765,44.85139209333678,0.9977492690086365,0.9994059801101685,0.12415918707847595,0.029200196266174316,402913,0.009521543,0.0051243603229522705,0.005066789221018553,0.004983305465430021
542423,pgd_eps0.008_alpha0.005_iter2,0.29090909090909095,0.20779220779220783,0.98498845,45.03923063841497,0.9966188669204712,0.9982146620750427,0.1645197719335556,0.036083340644836426,397191,0.009193857,0.004903620574623346,0.0048559196293354034,0.00487359007820487
344909,pgd_eps0.008_alpha0.005_iter2,0.31818181818181823,0.25000000000000006,0.98509026,44.92423479914666,0.9969533681869507,0.998393714427948,0.12018023431301117,0.012369394302368164,402729,0.009425707,0.005040956661105156,0.005029135849326849,0.005016895476728678
140556,pgd_eps0.008_alpha0.005_iter1,0.5757575757575758,0.4318181818181819,0.9818091,45.05844564557737,0.9965834021568298,0.9987647533416748,0.14994707703590393,0.029868364334106445,405222,0.009283461,0.004780246876180172,0.004785502795130014,0.004765980411320925
277051,pgd_eps0.008_alpha0.005_iter1,0.1090909090909091,0.0909090909090909,0.9789422,45.10088732338036,0.9960874319076538,0.9980471730232239,0.18177494406700134,0.03563082218170166,405019,0.009229559,0.004745556507259607,0.004731559660285711,0.0047561051324009895
82696,pgd_eps0.008_alpha0.005_iter3,0.20000000000000004,0.16883116883116886,0.9800733,44.56005273204711,0.9957324862480164,0.9980424046516418,0.1768237054347992,0.02404928207397461,399897,0.009790922,0.005226881708949804,0.005188977345824242,0.005187793169170618
407518,pgd_eps0.008_alpha0.005_iter2,1.0000000000000002,0.0,0.9743883,44.87995307377002,0.994522213935852,0.9928042888641357,0.2354084849357605,0.06034696102142334,401287,0.009444462,0.005078051704913378,0.005071541294455528,0.005054926499724388
19109,pgd_eps0.008_alpha0.005_iter1,0.26136363636363635,0.19545454545454546,0.9872627,45.10570196317866,0.9975810050964355,0.9993935227394104,0.12807348370552063,0.033765196800231934,405029,0.009225851,0.004745900630950928,0.004730554763227701,0.004746704827994108
206994,pgd_eps0.008_alpha0.005_iter2,0.5000000000000001,0.20000000000000004,0.98460466,44.80998563811211,0.9964994192123413,0.9986414909362793,0.15421774983406067,0.032531678676605225,403872,0.009574998,0.00512457313016057,0.005128112621605396,0.0051084901206195354
523241,pgd_eps0.008_alpha0.005_iter5,0.18181818181818185,0.12515151515151515,0.97272897,44.328933522377994,0.9939531087875366,0.9941800236701965,0.2863885462284088,0.05258047580718994,397659,0.010069042,0.005463151726871729,0.005384359508752823,0.005407762713730335
67616,pgd_eps0.008_alpha0.005_iter1,0.20303030303030303,0.17355371900826447,0.9889875,45.0986570518954,0.9980299472808838,0.9992756247520447,0.0901898741722107,0.036232948303222656,405157,0.009235301,0.004754422698169947,0.004734402522444725,0.004754130728542805
258793,pgd_eps0.008_alpha0.005_iter5,0.18181818181818185,0.11385281385281387,0.97699785,44.452590194652686,0.9945825934410095,0.9935033321380615,0.20379409193992615,0.052150607109069824,393164,0.00985592,0.005304771009832621,0.00527228182181716,0.00529484823346138
433774,pgd_eps0.008_alpha0.005_iter3,0.18181818181818185,0.09090909090909091,0.98310965,44.62489647236606,0.9963225722312927,0.9983715415000916,0.1647789478302002,0.04090607166290283,401066,0.009731893,0.005164424888789654,0.005141879431903362,0.005144069902598858
559099,pgd_eps0.008_alpha0.005_iter3,0.5454545454545455,0.3261942735626946,0.9766471,44.41275060714169,0.9943346977233887,0.9863819479942322,0.24704882502555847,0.07258570194244385,400313,0.0099786315,0.005331115331500769,0.005315561778843403,0.005296319257467985
448256,pgd_eps0.008_alpha0.005_iter1,0.25000000000000006,0.14285714285714288,0.9838732,45.04288805619687,0.9968361854553223,0.9989889860153198,0.14247164130210876,0.037317872047424316,404978,0.0092992345,0.004799745511263609,0.004790686070919037,0.00476654339581728
549390,pgd_eps0.008_alpha0.005_iter7,0.21212121212121213,0.1313131313131313,0.98178667,44.18202144273838,0.9953650832176208,0.9976561665534973,0.1864243745803833,0.04031062126159668,399028,0.010290328,0.005588294472545385,0.005565200001001358,0.005529703106731176
401991,pgd_eps0.008_alpha0.005_iter1,0.3333333333333334,0.2575757575757576,0.98264027,45.113586249068256,0.9963446855545044,0.9987984895706177,0.16901269555091858,0.04492056369781494,405031,0.00921395,0.004742177668958902,0.0047132824547588825,0.004751996602863073
545730,pgd_eps0.008_alpha0.005_iter1,0.7272727272727274,0.3636363636363637,0.984626,45.1072243340611,0.9968603849411011,0.9987984895706177,0.14069585502147675,0.0427241325378418,405230,0.009223648,0.004744745325297117,0.0047262366861104965,0.004749159794300795
364102,pgd_eps0.008_alpha0.005_iter3,1.0000000000000002,0.5000000000000001,0.9737666,44.715048883775886,0.9939388036727905,0.9856741428375244,0.2706602215766907,0.061855852603912354,397297,0.009577242,0.00511666014790535,0.005067703779786825,0.005070673767477274
13291,pgd_eps0.008_alpha0.005_iter2,0.7727272727272729,0.5515151515151516,0.9791834,44.87307470337424,0.9955365061759949,0.9958146810531616,0.20624250173568726,0.0363885760307312,402860,0.009479515,0.005100070033222437,0.005066401790827513,0.005060630850493908
440336,pgd_eps0.008_alpha0.005_iter2,0.7727272727272729,0.6666666666666669,0.9781061,44.91143508764445,0.9952890276908875,0.9936663508415222,0.22510629892349243,0.04130584001541138,402849,0.009429237,0.0050924187526106834,0.005034926347434521,0.005014962516725063
148783,pgd_eps0.008_alpha0.005_iter3,0.5454545454545455,0.18181818181818185,0.98756886,44.65601989293169,0.9972545504570007,0.9990695714950562,0.12505793571472168,0.030169367790222168,395675,0.009655072,0.005094809923321009,0.005101548973470926,0.00508662685751915
325306,pgd_eps0.008_alpha0.005_iter2,0.5454545454545455,0.27272727272727276,0.9894708,44.768370896101565,0.9975926876068115,0.9991809129714966,0.1024680957198143,0.024624764919281006,404563,0.009649597,0.005158265121281147,0.005154870916157961,0.005146123934537172
488251,pgd_eps0.008_alpha0.005_iter7,0.12500000000000003,0.10000000000000002,0.97581863,44.09344755069691,0.9947218894958496,0.9956670999526978,0.24672210216522217,0.04639744758605957,397971,0.010383759,0.005677766166627407,0.005621513817459345,0.00559824425727129
229601,pgd_eps0.008_alpha0.005_iter5,0.5,0.37012987012987014,0.9813636,44.41201893844759,0.9954366087913513,0.9978834390640259,0.16668298840522766,0.03140115737915039,395801,0.009955429,0.005391494836658239,0.0053486693650484085,0.005291077308356762
427160,pgd_eps0.008_alpha0.005_iter3,0.3333333333333334,0.2575757575757576,0.980444,44.63164039661743,0.9960408210754395,0.9966858625411987,0.13984724879264832,0.031714558601379395,398686,0.009699949,0.005168135743588209,0.005128799472004175,0.005151336081326008
437205,pgd_eps0.008_alpha0.005_iter2,0.3333333333333334,0.1666666666666667,0.97700995,44.976672919813964,0.9955023527145386,0.997336208820343,0.20106986165046692,0.028844118118286133,402176,0.009355091,0.004955990705639124,0.00501662865281105,0.005005114711821079
434204,pgd_eps0.008_alpha0.005_iter5,0.18181818181818185,0.1790909090909091,0.97854215,44.43316990025131,0.9953113794326782,0.9975780844688416,0.18826013803482056,0.04770171642303467,397545,0.009950616,0.005361382849514484,0.005329634062945843,0.005327628459781408
289417,pgd_eps0.008_alpha0.005_iter3,0.3333333333333333,0.32792207792207795,0.9727235,44.73859241162238,0.9935029745101929,0.9900735020637512,0.2614137530326843,0.04268240928649902,398833,0.009578473,0.005093045998364687,0.0050608874298632145,0.005052248947322369
309467,pgd_eps0.008_alpha0.005_iter3,0.8484848484848486,0.7575757575757578,0.9733812,44.634260830544164,0.9935727119445801,0.9780067205429077,0.2963036298751831,0.06600522994995117,397562,0.009676156,0.005142571404576302,0.005152302328497171,0.005143200047314167
473121,pgd_eps0.008_alpha0.005_iter2,0.5000000000000001,0.3333333333333334,0.9761619,44.944472873685505,0.9952245950698853,0.9954465627670288,0.240403950214386,0.04391026496887207,402773,0.009397025,0.005068029277026653,0.005019350443035364,0.004985594656318426
327605,pgd_eps0.008_alpha0.005_iter3,0.27272727272727276,0.13636363636363638,0.9812643,44.71939148980611,0.9956127405166626,0.9970917701721191,0.1537562906742096,0.03836929798126221,396088,0.009541015,0.005047440528869629,0.0050210971385240555,0.00503617525100708
451084,pgd_eps0.008_alpha0.005_iter3,1.0000000000000002,0.6666666666666669,0.9784899,44.61033573446029,0.9947551488876343,0.9957044124603271,0.19258880615234375,0.027232468128204346,399945,0.009737037,0.005165685433894396,0.005173465237021446,0.005150206852704287
243148,pgd_eps0.008_alpha0.005_iter2,0.27272727272727276,0.13636363636363638,0.9766957,44.91774774563372,0.994938313961029,0.9950404167175293,0.2182196080684662,0.05336719751358032,401910,0.009415261,0.005035884212702513,0.005040694493800402,0.005043246317654848
581062,pgd_eps0.008_alpha0.005_iter1,1.0000000000000002,0.5000000000000001,0.97683734,45.02024075808717,0.9955323934555054,0.9975967407226562,0.18103793263435364,0.039299964904785156,405372,0.009333105,0.004811141174286604,0.004818439949303865,0.004790953826159239
185950,pgd_eps0.008_alpha0.005_iter3,1.0000000000000002,0.5000000000000001,0.9768412,44.7768684124495,0.9951777458190918,0.9965265989303589,0.22195065021514893,0.03765523433685303,398118,0.009521278,0.005056546535342932,0.005014685448259115,0.0050284177996218204
44195,pgd_eps0.008_alpha0.005_iter2,0.27272727272727276,0.1666666666666667,0.97853804,45.033237146208776,0.9958745837211609,0.9969103932380676,0.1871551275253296,0.031281888484954834,401786,0.009277746,0.004995083436369896,0.004940537735819817,0.004934482276439667
451150,pgd_eps0.008_alpha0.005_iter6,1.0000000000000002,0.5000000000000001,0.9799986,44.56684398897507,0.9958435893058777,0.9976319670677185,0.15089282393455505,0.030740559101104736,394281,0.009793445,0.005309215746819973,0.005281514022499323,0.005310557316988707
148957,pgd_eps0.008_alpha0.005_iter5,1.0000000000000002,0.3333333333333334,0.98022527,44.454012777132014,0.9959322810173035,0.9977424144744873,0.15637823939323425,0.031208038330078125,396025,0.009912483,0.0053339507430791855,0.005311700515449047,0.005321666598320007
364126,pgd_eps0.008_alpha0.005_iter3,0.5000000000000001,0.3333333333333334,0.97830266,44.555738484126515,0.9947385787963867,0.9969237446784973,0.1989040970802307,0.04594886302947998,399818,0.009804773,0.005222242325544357,0.00520812813192606,0.005198140628635883
483531,pgd_eps0.008_alpha0.005_iter1,1.0000000000000002,0.25000000000000006,0.9764299,45.1089887967645,0.9955363273620605,0.9960142970085144,0.17028847336769104,0.036040425300598145,404542,0.009213851,0.004748074803501368,0.004727896302938461,0.004731868393719196
170191,pgd_eps0.008_alpha0.005_iter4,0.3333333333333334,0.22222222222222224,0.98144907,44.57214897469561,0.9956936836242676,0.9976040720939636,0.13806617259979248,0.022542834281921387,399714,0.0098256115,0.0053092497400939465,0.005286310333758593,0.005277031101286411
201426,pgd_eps0.008_alpha0.005_iter3,0.4242424242424243,0.4147727272727273,0.9861993,44.360799973390925,0.9968791007995605,0.9984490871429443,0.1023881584405899,0.021625638008117676,399946,0.010044234,0.005379863549023867,0.005361776798963547,0.005355754401534796
179487,pgd_eps0.008_alpha0.005_iter3,0.5151515151515152,0.47052341597796143,0.9834545,44.44848840236679,0.9967708587646484,0.9981392025947571,0.10314680635929108,0.013769388198852539,400542,0.009944437,0.0052619813941419125,0.005284459795802832,0.005282856058329344