image_id,variant,map_original,map_adversarial,SSIM,PSNR,MS-SSIM,FSIM,LPIPS,DISTS,L0,L2
87038,fgsm_detrmodel,0.1424093879976233,0.11341991341991342,0.93241525,38.43209115135889,0.9824281930923462,0.9953526854515076,0.2045067846775055,0.04975104331970215,639566,0.020731477,0.011967265978455544,0.01196560263633728,0.011967047117650509
480985,fgsm_detrmodel,0.26255411255411254,0.15,0.96370953,38.74098941239686,0.9941723346710205,0.9981720447540283,0.11438465118408203,0.026817262172698975,619754,0.019597279,0.011180826462805271,0.011195851489901543,0.011222862638533115
348881,fgsm_detrmodel,0.3333333333333334,0.04545454545454546,0.93996257,38.62618578390164,0.9870612621307373,0.9956390261650085,0.181618794798851,0.04218637943267822,627183,0.020016715,0.011518231593072414,0.011470341123640537,0.011438173241913319
181666,fgsm_detrmodel,0.4545454545454545,0.1328671328671329,0.9328151,38.582304065186804,0.9855443239212036,0.9978007674217224,0.22160136699676514,0.043131351470947266,633696,0.020221073,0.01160896010696888,0.01157852541655302,0.011593088507652283
143931,fgsm_detrmodel,0.25000000000000006,0.0,0.9391809,38.44577259646935,0.9858116507530212,0.9947302341461182,0.15250280499458313,0.029286623001098633,639197,0.020689514,0.011903265491127968,0.011942606419324875,0.011941839940845966
463730,fgsm_detrmodel,0.10683982683982685,0.05431921020156314,0.94659775,38.441176159814454,0.9887048006057739,0.9975799322128296,0.14950904250144958,0.030282020568847656,639883,0.020714246,0.011961793527007103,0.011928432621061802,0.011930406093597412
456496,fgsm_detrmodel,0.3333333333333334,0.1666666666666667,0.9614466,38.48008526744957,0.9919019937515259,0.9974995255470276,0.11835220456123352,0.04517245292663574,637609,0.020566944,0.011851072311401367,0.011849194765090942,0.011850215494632721
329323,fgsm_detrmodel,0.5756204579733991,0.3671372819100092,0.94377595,38.441261565519845,0.9908320307731628,0.9974634051322937,0.15110939741134644,0.026916205883026123,639652,0.020708678,0.011947071179747581,0.011930902488529682,0.011950802989304066
239274,fgsm_detrmodel,0.20203326085679027,0.10606060606060605,0.96137756,38.45004577763471,0.9908506870269775,0.9970132112503052,0.10511850565671921,0.025324523448944092,639745,0.020688308,0.011873179115355015,0.01191193051636219,0.011970996856689453
233771,fgsm_detrmodel,0.12672176308539945,0.08649350649350651,0.9390504,38.88768806503582,0.9918838739395142,0.9973697066307068,0.15535832941532135,0.03809940814971924,608894,0.019061923,0.010872446931898594,0.010878478176891804,0.010859891772270203
312421,fgsm_detrmodel,0.13484848484848483,0.07073002754820937,0.93431014,38.838674642839656,0.9871284365653992,0.9956656098365784,0.22514119744300842,0.04758000373840332,623451,0.019387797,0.011014878749847412,0.010986600071191788,0.01108859945088625
360661,fgsm_detrmodel,0.28571428571428575,0.25000000000000006,0.918791,38.42204980252401,0.9810594916343689,0.9960452914237976,0.2504199147224426,0.0469546914100647,639907,0.020766973,0.011985884979367256,0.011987145990133286,0.01198581699281931
430961,fgsm_detrmodel,0.2323232323232323,0.18181818181818185,0.90982604,38.43985351039124,0.9831902980804443,0.9950584769248962,0.3056723475456238,0.05656993389129639,639465,0.020708965,0.011957913637161255,0.011957666836678982,0.011918597854673862
349860,fgsm_detrmodel,0.21022727272727265,0.1606060606060606,0.8950953,38.426892743707704,0.9765388369560242,0.9896488189697266,0.34184354543685913,0.06787323951721191,639983,0.020756505,0.011951168067753315,0.011990941129624844,0.011987760663032532
400573,fgsm_detrmodel,0.19090909090909092,0.13636363636363635,0.9507582,38.46754062923845,0.9882755279541016,0.9971171021461487,0.14141035079956055,0.03449505567550659,638051,0.020607963,0.011900633573532104,0.011860997416079044,0.011880758218467236
515579,fgsm_detrmodel,0.10909090909090909,0.07272727272727272,0.94842833,38.48815217756509,0.9918010234832764,0.9976702332496643,0.17786358296871185,0.034119486808776855,634914,0.02050754,0.011820538900792599,0.011820554733276367,0.011815296486020088
515445,fgsm_detrmodel,0.43939393939393945,0.20499108734402852,0.92861,38.4343976146809,0.9843761920928955,0.9960893392562866,0.22613580524921417,0.047789812088012695,639967,0.020736389,0.011898349970579147,0.011981460265815258,0.011995154432952404
438862,fgsm_detrmodel,0.2318181818181818,0.2272727272727273,0.97024566,38.44663878956876,0.9929813742637634,0.9979302883148193,0.0634194016456604,0.007948875427246094,639780,0.020698017,0.011946652084589005,0.011957749724388123,0.011879272758960724
180560,fgsm_detrmodel,0.5000000000000001,0.42424242424242414,0.9179247,38.47527805192777,0.9820876121520996,0.9955335259437561,0.265715092420578,0.05399680137634277,639450,0.020608036,0.011916431598365307,0.011870068497955799,0.011840471997857094
78915,fgsm_detrmodel,0.1578865578865579,0.14267676767676768,0.9644421,38.43511204202994,0.989702582359314,0.9976100325584412,0.08404283225536346,0.010937392711639404,639879,0.020730942,0.01193504873663187,0.011969664134085178,0.01196215022355318
23899,fgsm_detrmodel,0.25757575757575757,0.0707070707070707,0.9023226,38.49226201739291,0.9796708822250366,0.9928345680236816,0.3201304078102112,0.07121002674102783,639812,0.020565823,0.011833308264613152,0.01182750053703785,0.011911123059689999
434230,fgsm_detrmodel,0.196969696969697,0.009090909090909092,0.9794404,38.487612691226104,0.9966980814933777,0.9988488554954529,0.05598251521587372,0.00814056396484375,639556,0.020586576,0.01183320302516222,0.011961164884269238,0.011684534139931202
383384,fgsm_detrmodel,0.1490850059031877,0.12329545454545456,0.96140987,38.43709707091674,0.9903028011322021,0.9963266253471375,0.0831393450498581,0.01970040798187256,639911,0.020727292,0.011932477355003357,0.011959717608988285,0.011969893239438534
508730,fgsm_detrmodel,0.25000000000000006,0.21212121212121207,0.9488425,38.43555864466932,0.9872832298278809,0.9953217506408691,0.12715968489646912,0.017938733100891113,639991,0.02073307,0.011966055259108543,0.011979135684669018,0.0119243822991848
301135,fgsm_detrmodel,0.1116161616161616,0.11085858585858584,0.977019,38.640903355175965,0.9947419166564941,0.9986362457275391,0.05936473235487938,0.010698437690734863,637143,0.020127596,0.01144970953464508,0.011704353615641594,0.011256983503699303
580294,fgsm_detrmodel,0.14285714285714288,0.07142857142857144,0.938651,38.43609832369546,0.9883184432983398,0.9966609477996826,0.15813395380973816,0.027285337448120117,639922,0.020729516,0.01196381263434887,0.011956678703427315,0.01194512564688921
329219,fgsm_detrmodel,0.14285714285714288,0.07142857142857144,0.93797475,38.417051739615886,0.9866220355033875,0.9955912828445435,0.14913861453533173,0.028316855430603027,639990,0.020782588,0.011997397989034653,0.01199882011860609,0.011998986825346947
356387,fgsm_detrmodel,0.11893939393939393,0.010416666666666666,0.9645245,38.56271485511658,0.9925045967102051,0.9979156255722046,0.1025908887386322,0.01989281177520752,639639,0.02035379,0.011553955264389515,0.011641429737210274,0.011842915788292885
214720,fgsm_detrmodel,0.14285714285714288,0.028571428571428577,0.9480837,38.50965289420505,0.990524411201477,0.9973553419113159,0.14722201228141785,0.024496257305145264,637605,0.02047827,0.01172871794551611,0.01183669175952673,0.011752613820135593
273132,fgsm_detrmodel,0.3333333333333334,0.1666666666666667,0.9347072,38.41839146423688,0.9878708720207214,0.996362030506134,0.20706787705421448,0.04114222526550293,640000,0.020779438,0.011998921632766724,0.011995548382401466,0.011995026841759682
566524,fgsm_detrmodel,0.16666666666666666,0.1090909090909091,0.94801974,38.42913011907371,0.9879834055900574,0.9974121451377869,0.14858651161193848,0.028363823890686035,639815,0.0207469,0.011977486312389374,0.011973240412771702,0.011955631896853447
352684,fgsm_detrmodel,0.4818181818181818,0.4484848484848485,0.9134819,38.417997359023104,0.9802283644676208,0.9927852749824524,0.20101585984230042,0.07179808616638184,639990,0.020780157,0.011991006322205067,0.011998875066637993,0.011998442001640797
512836,fgsm_detrmodel,0.16666666666666663,0.0,0.9385764,38.41636746539248,0.9860639572143555,0.9969046115875244,0.1923166811466217,0.032250940799713135,640000,0.020784615,0.012000014074146748,0.012000010348856449,0.012000010348856449
8021,fgsm_detrmodel,0.2803030303030302,0.21414141414141416,0.91599303,38.587599002630704,0.979876697063446,0.9911567568778992,0.20767784118652344,0.03479081392288208,638954,0.020288548,0.011845774948596954,0.011692863889038563,0.011304384097456932
84477,fgsm_detrmodel,0.1666666666666667,0.0,0.92221993,38.49900609979146,0.9812322854995728,0.9945858120918274,0.21593870222568512,0.05833995342254639,639946,0.020569442,0.01141819916665554,0.011991950683295727,0.011995038017630577
334719,fgsm_detrmodel,0.2932400932400933,0.27272727272727276,0.9567456,38.417479750183794,0.9892856478691101,0.9978488683700562,0.12248553335666656,0.027157187461853027,639991,0.020781457,0.011997122317552567,0.011998014524579048,0.011996600776910782
319721,fgsm_detrmodel,0.4204545454545453,0.2727272727272727,0.9484885,38.46437391445546,0.9887919425964355,0.9965589642524719,0.1248713806271553,0.024875879287719727,639904,0.02065637,0.011979751288890839,0.011979369446635246,0.011710655875504017
414170,fgsm_detrmodel,0.3333333333333334,0.2848484848484849,0.9679971,38.431137046412246,0.9932103157043457,0.9978662133216858,0.11195515096187592,0.017165839672088623,639706,0.020739235,0.011961527168750763,0.011977136135101318,0.011953849345445633
541055,fgsm_detrmodel,0.3232323232323233,0.30303030303030304,0.94840527,38.53978191357713,0.9890762567520142,0.9969338774681091,0.13164541125297546,0.03135526180267334,639580,0.020451147,0.011930975131690502,0.011857899837195873,0.011333977803587914
464786,fgsm_detrmodel,0.25000000000000006,0.0,0.9132972,38.426682564900425,0.9843235015869141,0.9958657622337341,0.2994997203350067,0.08467113971710205,640000,0.02075785,0.01200002059340477,0.011999822221696377,0.011929105035960674
578545,fgsm_detrmodel,0.25000000000000006,0.12500000000000003,0.93782645,38.416382371537544,0.9860152006149292,0.9964844584465027,0.15976637601852417,0.025624632835388184,640000,0.020784581,0.012000021524727345,0.012000014074146748,0.011999918147921562
363207,fgsm_detrmodel,0.1818181818181818,0.08671328671328672,0.9390772,38.42564548709273,0.9855440855026245,0.995324432849884,0.16889211535453796,0.031127214431762695,639859,0.020755941,0.011974307708442211,0.01197898294776678,0.011980253271758556
323355,fgsm_detrmodel,0.42424242424242414,0.3863636363636363,0.9379985,38.44248150350112,0.9873929023742676,0.9966858625411987,0.14899617433547974,0.014994919300079346,639916,0.020711819,0.011887231841683388,0.011984292417764664,0.01195233128964901
507223,fgsm_detrmodel,0.25,0.1734657499363382,0.96477795,38.46899102637075,0.9944291114807129,0.9983769655227661,0.08885711431503296,0.0094069242477417,638952,0.020618998,0.011854544281959534,0.011876760981976986,0.011882972903549671
321333,fgsm_detrmodel,0.5000000000000001,0.33333333333333326,0.9397034,38.416425293647585,0.9879931807518005,0.9969773888587952,0.19975316524505615,0.03816092014312744,640000,0.020784464,0.011999820359051228,0.012000021524727345,0.011999817565083504
190756,fgsm_detrmodel,0.5000000000000001,0.25000000000000006,0.8978326,38.42816434275418,0.9768254160881042,0.9830666184425354,0.36676087975502014,0.08501952886581421,639918,0.020751704,0.01193979475647211,0.011989600025117397,0.011983543634414673
482917,fgsm_detrmodel,0.10000000000000002,0.05000000000000001,0.92716914,38.47953734769388,0.984149694442749,0.9951171278953552,0.1919327676296234,0.03034079074859619,638999,0.020591667,0.011896751821041107,0.011897153221070766,0.011774761602282524
537153,fgsm_detrmodel,0.13636363636363638,0.0,0.9349921,38.42733153770469,0.9863384962081909,0.9971955418586731,0.19025510549545288,0.04157763719558716,639943,0.02075476,0.011991907842457294,0.011991951614618301,0.011940879747271538
392722,fgsm_detrmodel,0.13737373737373743,0.1053030303030303,0.9510996,38.426022422027,0.9884457588195801,0.9975934624671936,0.13387125730514526,0.03022027015686035,639777,0.020753691,0.011975378729403019,0.0119772395119071,0.011977765709161758
264535,fgsm_detrmodel,0.2848484848484849,0.21212121212121215,0.97469264,38.64501019856636,0.995951771736145,0.9978833794593811,0.07927366346120834,0.020220041275024414,636633,0.020082183,0.011401704512536526,0.011390820145606995,0.01160108856856823
385190,fgsm_detrmodel,0.1414141414141414,0.0,0.9580953,38.45081726166433,0.991872251033783,0.996943473815918,0.11431525647640228,0.028542160987854004,639150,0.020675426,0.01191186998039484,0.011925380676984787,0.011907723732292652
121031,fgsm_detrmodel,0.3506493506493507,0.25,0.98920065,38.44809270548221,0.9963943362236023,0.9986700415611267,0.03856705129146576,0.010085046291351318,639627,0.020690888,0.011907104402780533,0.01191997341811657,0.011931320652365685
453708,fgsm_detrmodel,0.39101239669421495,0.10795454545454544,0.9287104,38.550171048072954,0.9863266348838806,0.9969324469566345,0.2290343940258026,0.047029852867126465,634903,0.020335797,0.011635820381343365,0.011707539670169353,0.011728642508387566
43314,fgsm_detrmodel,0.12121212121212122,0.047138047138047125,0.92657334,38.75061524418381,0.9892268180847168,0.9961145520210266,0.17839322984218597,0.046113014221191406,615776,0.019519899,0.011150432750582695,0.011143693700432777,0.011142444796860218
273715,fgsm_detrmodel,0.47272727272727283,0.3636363636363637,0.9130103,38.58518016597189,0.9848804473876953,0.9953226447105408,0.2099379003047943,0.03276801109313965,626804,0.020129781,0.011554061435163021,0.01155815925449133,0.011554268188774586
456303,fgsm_detrmodel,0.1818181818181818,0.12121212121212122,0.91289496,38.95974514518115,0.9854134321212769,0.9965384602546692,0.21118566393852234,0.04298609495162964,636610,0.019278437,0.011661892756819725,0.011071681044995785,0.009660678915679455
406611,fgsm_detrmodel,0.11752136752136753,0.09523809523809523,0.9447022,38.43943027629382,0.9869188070297241,0.9975649118423462,0.17544634640216827,0.032323598861694336,639616,0.02071408,0.011938604526221752,0.011941878125071526,0.011944237165153027
475064,fgsm_detrmodel,0.3749999999999999,0.09090909090909091,0.9364976,38.613128560005805,0.9905403852462769,0.9976066946983337,0.17461547255516052,0.027547478675842285,636831,0.020177247,0.01167196873575449,0.011691099964082241,0.011302695609629154
162092,fgsm_detrmodel,0.20655594405594407,0.11427639346299635,0.9194314,38.62802905171193,0.9822852611541748,0.9938705563545227,0.22056901454925537,0.045334815979003906,637779,0.020164587,0.011713848449289799,0.011532546021044254,0.011400126852095127
263969,fgsm_detrmodel,0.21212121212121207,0.12500000000000003,0.9109724,38.8770196518276,0.9887713193893433,0.9967672824859619,0.17089620232582092,0.028292357921600342,611631,0.019136874,0.011019662953913212,0.010851860046386719,0.010709255933761597
474167,fgsm_detrmodel,0.12587412587412583,0.05194805194805195,0.93500805,38.45846025967698,0.9879469871520996,0.9966568350791931,0.18237730860710144,0.030330657958984375,639602,0.020665446,0.011972024105489254,0.011949705891311169,0.011775876395404339
386352,fgsm_detrmodel,0.30112311930493746,0.2703788586141527,0.934544,38.440237221150525,0.9887517690658569,0.9972861409187317,0.1967921257019043,0.0331990122795105,639927,0.020720078,0.011889359913766384,0.011967701837420464,0.01197339128702879
578489,fgsm_detrmodel,0.21642561983471081,0.14015151515151514,0.9302962,38.54265651994303,0.9872466921806335,0.9957385659217834,0.15922728180885315,0.03394877910614014,639057,0.02040142,0.01173008605837822,0.01186069194227457,0.011583908461034298
491366,fgsm_detrmodel,0.11255411255411257,0.09090909090909093,0.91808754,38.46610171299911,0.9837660789489746,0.995288074016571,0.22136004269123077,0.0558701753616333,639626,0.020638512,0.01190847810357809,0.011873289942741394,0.011895312927663326
448076,fgsm_detrmodel,0.16233766233766236,0.15404040404040406,0.9293771,38.467239604348215,0.9851393699645996,0.9955207109451294,0.17142680287361145,0.0349656343460083,637399,0.020601887,0.011880218051373959,0.011869171634316444,0.011865811422467232
89648,fgsm_detrmodel,0.1174973418394471,0.10404040404040403,0.93169975,38.43634401439479,0.9870299696922302,0.9965980052947998,0.17087054252624512,0.030275821685791016,639761,0.020724105,0.011954762041568756,0.0119543531909585,0.0119561105966568
151000,fgsm_detrmodel,0.1524793388429752,0.12373737373737374,0.93052244,38.471924410618314,0.9879086017608643,0.9967746138572693,0.18526047468185425,0.03793591260910034,638893,0.02060942,0.011874327436089516,0.0118719432502985,0.011853844858705997
100624,fgsm_detrmodel,0.22727272727272727,0.17045454545454547,0.9179802,38.60967585115488,0.9870903491973877,0.9965528845787048,0.2471332997083664,0.04124486446380615,635272,0.020180674,0.011796489357948303,0.011585609056055546,0.01123025268316269
117645,fgsm_detrmodel,0.5000000000000001,0.25000000000000006,0.892109,38.4164416035276,0.9728020429611206,0.9891575574874878,0.3671276569366455,0.09600567817687988,640000,0.020784399,0.011999770998954773,0.01199987530708313,0.011999872513115406
441586,fgsm_detrmodel,0.10227272727272728,0.07196969696969696,0.9415427,38.45142610707721,0.987634539604187,0.9966290593147278,0.14008042216300964,0.023573875427246094,639721,0.02068569,0.011813625693321228,0.011952618137001991,0.01197434589266777
99054,fgsm_detrmodel,0.24999999999999992,0.16666666666666666,0.93375784,38.42188479820118,0.9851810336112976,0.9973465204238892,0.20582681894302368,0.04880023002624512,639986,0.02076966,0.011986706405878067,0.011994038708508015,0.011978806927800179
570539,fgsm_detrmodel,0.16161616161616163,0.07792207792207793,0.9364912,38.53392125002004,0.9892699122428894,0.9972683191299438,0.1599307656288147,0.03670954704284668,639812,0.020469602,0.011928708292543888,0.011771352961659431,0.011478916741907597
11197,fgsm_detrmodel,0.12587412587412591,0.10454545454545454,0.9408696,38.43922363656973,0.9868383407592773,0.9965600967407227,0.15515610575675964,0.03956031799316406,639877,0.02072143,0.011918807402253151,0.011979411356151104,0.011948518455028534
21167,fgsm_detrmodel,0.3333333333333334,0.1666666666666667,0.8965412,38.41647429414461,0.9755120277404785,0.9901565909385681,0.3420049548149109,0.099723219871521,639996,0.020784281,0.011999815702438354,0.011999694630503654,0.011999757029116154
253742,fgsm_detrmodel,0.1840909090909091,0.168801652892562,0.9768126,38.469521675934345,0.9940282106399536,0.9978519678115845,0.05700569599866867,0.014826714992523193,639239,0.020624125,0.01190232578665018,0.011908684857189655,0.01180611364543438
186873,fgsm_detrmodel,0.41286894923258566,0.28994490358126723,0.93763095,38.43927973506314,0.9880525469779968,0.9975244402885437,0.2004365473985672,0.04569745063781738,640000,0.02072491,0.011989838443696499,0.011841515079140663,0.011999900452792645
68387,fgsm_detrmodel,0.3333333333333334,0.31515151515151524,0.92367816,38.426047430297096,0.9823895692825317,0.9949569702148438,0.1977728009223938,0.024000227451324463,639902,0.020755634,0.011976330541074276,0.011971818283200264,0.011981004849076271
345466,fgsm_detrmodel,0.13257575757575754,0.09956709956709954,0.9517338,38.453271625356486,0.9901037216186523,0.9979774951934814,0.11010737717151642,0.0076018571853637695,639358,0.020668264,0.011909321881830692,0.011919326148927212,0.01190605666488409
118367,fgsm_detrmodel,0.12500000000000003,0.08333333333333331,0.9239543,38.446985635297544,0.9832885265350342,0.9958758354187012,0.23800739645957947,0.03834265470504761,639933,0.020700594,0.011945062316954136,0.01193308737128973,0.011916493065655231
1490,fgsm_detrmodel,0.25000000000000006,0.0,0.95792943,38.42206350979796,0.9894911050796509,0.9982329607009888,0.1656099557876587,0.07626664638519287,639683,0.020763852,0.011985549703240395,0.011985570192337036,0.01198531873524189
329456,fgsm_detrmodel,0.23106060606060613,0.17532467532467536,0.9418294,38.60973140848,0.9889270663261414,0.9969636797904968,0.1492186188697815,0.031092405319213867,636038,0.020179326,0.01144407968968153,0.011415492743253708,0.011787033639848232
252776,fgsm_detrmodel,0.3333333333333334,0.2848484848484849,0.91467077,38.42847816443753,0.9831091165542603,0.9951878190040588,0.24907270073890686,0.056828856468200684,639825,0.020746429,0.011973018757998943,0.011974770575761795,0.011969417333602905
201072,fgsm_detrmodel,0.45454545454545453,0.34090909090909094,0.94425195,38.43978779764585,0.9888392686843872,0.9980230331420898,0.15654461085796356,0.036463022232055664,639812,0.020715803,0.01193269994109869,0.01196285430341959,0.011947517283260822
59044,fgsm_detrmodel,0.12178853754940712,0.10645933014354068,0.9241552,38.42518245137948,0.9845066070556641,0.9955472946166992,0.21011391282081604,0.056255221366882324,639797,0.02075679,0.011977911926805973,0.011983029544353485,0.011974678374826908
172946,fgsm_detrmodel,0.16821548821548823,0.15897435897435896,0.93147784,38.41802826879436,0.9864360094070435,0.9968616962432861,0.1986415684223175,0.0518760085105896,639983,0.020779883,0.011997017078101635,0.01199853140860796,0.011992977932095528
323895,fgsm_detrmodel,0.42424242424242414,0.27272727272727276,0.92930984,38.438206600356324,0.9790588617324829,0.9941551089286804,0.18006299436092377,0.016098320484161377,639551,0.020715123,0.011931889690458775,0.01194632425904274,0.011962242424488068
162035,fgsm_detrmodel,0.2363636363636364,0.15909090909090912,0.9476583,38.43186427547123,0.9864692091941833,0.996143639087677,0.15413638949394226,0.030809104442596436,639701,0.02073541,0.011965837329626083,0.01196526363492012,0.011966238729655743
415727,fgsm_detrmodel,0.25000000000000006,0.15909090909090912,0.93814564,38.457100259954686,0.9899095296859741,0.9972443580627441,0.17692749202251434,0.036305904388427734,639864,0.020668358,0.01192996371537447,0.011903070844709873,0.011891198344528675
46252,fgsm_detrmodel,0.24999999999999992,0.1414141414141414,0.9861316,38.430712314841394,0.9947240352630615,0.9978498816490173,0.04189547523856163,0.00659102201461792,639835,0.020742614,0.011949101462960243,0.01196033414453268,0.011984759010374546
182021,fgsm_detrmodel,0.21212121212121215,0.1414141414141414,0.89307946,38.41650052516984,0.9776287078857422,0.9925426840782166,0.3453942537307739,0.11054754257202148,639996,0.020784192,0.011999756097793579,0.011999716982245445,0.011999559588730335
286523,fgsm_detrmodel,0.5000000000000001,0.25000000000000006,0.92782134,38.49100441704373,0.9879012107849121,0.9963773488998413,0.21296431124210358,0.045448482036590576,637713,0.020538902,0.011806601658463478,0.01178289670497179,0.01188358012586832
120420,fgsm_detrmodel,0.13349282296650716,0.1012987012987013,0.96762186,38.44300102418739,0.9939441680908203,0.9982125163078308,0.08781801164150238,0.013834834098815918,639594,0.020703364,0.011922021396458149,0.01193675771355629,0.011951131746172905
126226,fgsm_detrmodel,0.18181818181818185,0.12121212121212122,0.94056004,38.519125431894274,0.9864130020141602,0.9962158203125,0.15242360532283783,0.024584531784057617,638492,0.0204642,0.011753435246646404,0.011822843924164772,0.011731952428817749
190923,fgsm_detrmodel,0.1481206293706294,0.12721369539551358,0.95304966,38.45506181580844,0.9915677905082703,0.9980485439300537,0.13231679797172546,0.0209236741065979,639525,0.02066749,0.011878229677677155,0.011907207779586315,0.011945825070142746
150265,fgsm_detrmodel,0.24595959595959593,0.11616161616161615,0.9345152,38.45816250510287,0.9840995669364929,0.9960094690322876,0.1670265644788742,0.03797942399978638,639809,0.02066312,0.011893661692738533,0.011973476968705654,0.011842602863907814
163314,fgsm_detrmodel,0.17561983471074377,0.1332972582972583,0.94332236,38.45453440529738,0.9909788966178894,0.9973906874656677,0.16650623083114624,0.026540279388427734,639799,0.020673115,0.01196797750890255,0.011893417686223984,0.011879290454089642
259571,fgsm_detrmodel,0.19999999999999996,0.0909090909090909,0.9394469,38.438481689055,0.9881190061569214,0.9969122409820557,0.18739500641822815,0.028483867645263672,639867,0.020722916,0.011878957971930504,0.011971361935138702,0.011987730860710144
236166,fgsm_detrmodel,0.5000000000000001,0.0,0.9349897,38.57725687680363,0.9876173734664917,0.9965222477912903,0.18066845834255219,0.0273817777633667,629998,0.02019488,0.011648684740066528,0.011596234515309334,0.01155603677034378
153529,fgsm_detrmodel,0.15259740259740262,0.14772727272727273,0.95273596,38.49603391887798,0.9890140295028687,0.9960471987724304,0.1167849451303482,0.030977725982666016,639672,0.020537114,0.011753438971936703,0.011885689571499825,0.011819461360573769
219271,fgsm_detrmodel,0.14248251748251747,0.09477654698242935,0.9449056,38.42734837260444,0.987805962562561,0.9976762533187866,0.20919278264045715,0.04392194747924805,639792,0.020750435,0.011973442509770393,0.011968987993896008,0.011980583891272545
558114,fgsm_detrmodel,0.12225552225552225,0.08977272727272727,0.9493881,38.48817541404356,0.9905787706375122,0.9973986744880676,0.1240120679140091,0.016588330268859863,639975,0.020597177,0.01198512688279152,0.011662514880299568,0.011878399178385735
163257,fgsm_detrmodel,0.5000000000000001,0.42424242424242414,0.91504097,38.62652396118165,0.9841876029968262,0.9960644841194153,0.21904516220092773,0.03331482410430908,633195,0.020077592,0.011547787114977837,0.01151553075760603,0.011564518325030804
361551,fgsm_detrmodel,0.2220279720279721,0.20454545454545459,0.9253752,38.41661420876929,0.9839397668838501,0.9956642389297485,0.20451578497886658,0.052158355712890625,639995,0.020783843,0.011999613605439663,0.011999249458312988,0.011999309994280338
138115,fgsm_detrmodel,0.5000000000000001,0.25000000000000006,0.91184926,38.60718016214823,0.9828307032585144,0.9945712685585022,0.2577178478240967,0.031190991401672363,638664,0.02024562,0.011321201920509338,0.01181571464985609,0.011555768549442291
123213,fgsm_detrmodel,0.15086580086580084,0.1379020979020979,0.94622296,38.42312060515178,0.9879419803619385,0.9974350929260254,0.11285707354545593,0.015583455562591553,639903,0.020764371,0.011986196041107178,0.011982358992099762,0.01198058295994997
439854,fgsm_detrmodel,0.1564344746162928,0.10576298701298703,0.90769386,38.51302231660806,0.9805108308792114,0.9930850267410278,0.29241377115249634,0.0759015679359436,639725,0.020523746,0.011514799669384956,0.01190441008657217,0.011912474408745766
481390,fgsm_detrmodel,0.1462121212121212,0.14025974025974028,0.967902,38.537928827914264,0.9929935336112976,0.9982312321662903,0.059492386877536774,0.008724212646484375,639138,0.020432623,0.011566284112632275,0.011712433770298958,0.01185033842921257
295316,fgsm_detrmodel,0.47272727272727283,0.3636363636363637,0.9223194,38.44856225290351,0.9819652438163757,0.9947323203086853,0.2277134507894516,0.05118757486343384,639993,0.020700475,0.011785775423049927,0.011992129497230053,0.0119913499802351
183127,fgsm_detrmodel,0.5000000000000001,0.25000000000000006,0.929682,38.41852760999811,0.9809214472770691,0.9954409599304199,0.2085454761981964,0.040125906467437744,639970,0.020778006,0.011994807980954647,0.011995939537882805,0.011994761414825916
146358,fgsm_detrmodel,0.13506493506493508,0.07050092764378478,0.9371148,38.42944211818446,0.9890970587730408,0.9944244623184204,0.18291808664798737,0.04766666889190674,639818,0.020746699,0.011938769370317459,0.011978298425674438,0.011991581879556179
290163,fgsm_detrmodel,0.13484848484848483,0.03982683982683982,0.9306614,38.436269644956546,0.9875888824462891,0.9967194199562073,0.17251908779144287,0.03091442584991455,639952,0.020730153,0.01197314914315939,0.011992275714874268,0.011902515776455402
326248,fgsm_detrmodel,0.11844305120167187,0.08733766233766234,0.94977695,38.45266737509804,0.9909371733665466,0.9979351758956909,0.12149899452924728,0.03710818290710449,639409,0.020674227,0.011909553781151772,0.011929592117667198,0.011894376017153263
411817,fgsm_detrmodel,0.14015151515151514,0.04707792207792207,0.94944197,38.538379253453876,0.9913281798362732,0.996799647808075,0.11490676552057266,0.037065982818603516,635772,0.020376623,0.011694718152284622,0.011720382608473301,0.01170122716575861
147729,fgsm_detrmodel,0.33863636363636357,0.18181818181818182,0.9228406,38.44084126825501,0.980353593826294,0.9934643507003784,0.2546887993812561,0.06054204702377319,639983,0.02071903,0.011937959119677544,0.011973158456385136,0.011940128169953823
579307,fgsm_detrmodel,0.3333333333333334,0.28282828282828276,0.93766713,38.420894558222265,0.9857017397880554,0.9964457750320435,0.1719559133052826,0.032727718353271484,639997,0.020772655,0.011983304284512997,0.011994646862149239,0.011989904567599297
404923,fgsm_detrmodel,0.44155844155844165,0.34090909090909094,0.9574792,38.42661868839861,0.9853336811065674,0.9956780076026917,0.1201922744512558,0.01065361499786377,639813,0.020753106,0.011973320506513119,0.01197286881506443,0.011980566196143627
163057,fgsm_detrmodel,0.14714890843923104,0.1111111111111111,0.9478667,38.513523574479706,0.9865233302116394,0.995927095413208,0.16688355803489685,0.06389623880386353,639884,0.020532414,0.01198506262153387,0.01198362372815609,0.011394813656806946
450303,fgsm_detrmodel,0.10538552356734178,0.07535797535797537,0.91775423,38.43955057796458,0.9822617769241333,0.995047390460968,0.20749011635780334,0.04662191867828369,639128,0.020705372,0.011941954493522644,0.011941652745008469,0.011946461163461208
137294,fgsm_detrmodel,0.5000000000000001,0.3636363636363637,0.92898124,38.45074911984618,0.9853233695030212,0.9956154823303223,0.19111540913581848,0.04092991352081299,639880,0.02069075,0.011955849826335907,0.011965314857661724,0.011841744184494019
349184,fgsm_detrmodel,0.25974025974025977,0.0606060606060606,0.96625584,38.44699322405347,0.9935247302055359,0.9971452355384827,0.11794567108154297,0.014605283737182617,638830,0.020681795,0.011922989971935749,0.011915162205696106,0.011930767446756363
446651,fgsm_detrmodel,0.21212121212121215,0.16666666666666666,0.91208005,38.73778272252572,0.9882683157920837,0.9965999722480774,0.22760558128356934,0.03953826427459717,620007,0.019605903,0.011183947324752808,0.01119135320186615,0.011237301863729954
227478,fgsm_detrmodel,0.28282828282828276,0.1666666666666667,0.97581166,38.43527274118792,0.994209885597229,0.9979860782623291,0.09952770173549652,0.04583334922790527,639585,0.020725772,0.011963767930865288,0.011961349286139011,0.011938708834350109
148719,fgsm_detrmodel,0.25000000000000006,0.0,0.97461224,38.442248822430486,0.9939943552017212,0.9984139800071716,0.06231294199824333,0.009561598300933838,639385,0.020701483,0.011939235962927341,0.01193367037922144,0.011935941874980927
61418,fgsm_detrmodel,0.300275482093664,0.2381914381914382,0.9589793,38.416390856591256,0.9906136393547058,0.9982281923294067,0.14049507677555084,0.03471606969833374,639999,0.020784548,0.011999973095953465,0.011999979615211487,0.011999953538179398
277020,fgsm_detrmodel,0.10606060606060606,0.05194805194805196,0.8793884,39.056914200137456,0.9841782450675964,0.9952552914619446,0.2536035180091858,0.08482176065444946,595072,0.018465342,0.010446425527334213,0.010392916388809681,0.010521012358367443
47828,fgsm_detrmodel,0.1717171717171717,0.0,0.91654855,38.47392714280871,0.978888750076294,0.9928085207939148,0.2760615348815918,0.055635929107666016,639876,0.020630807,0.011957933194935322,0.011943163350224495,0.011698027141392231
68409,fgsm_detrmodel,0.30595427963849015,0.20454545454545456,0.97336817,38.46828661177827,0.9952136278152466,0.9983874559402466,0.11477852612733841,0.027439594268798828,639472,0.020629322,0.011842708103358746,0.011852984316647053,0.011933374218642712
2299,fgsm_detrmodel,0.2776353713853714,0.16442837465564736,0.97613555,38.49122741705536,0.9966785311698914,0.9985694885253906,0.10225522518157959,0.021413803100585938,636208,0.020516383,0.011815451085567474,0.011817650869488716,0.011820926330983639
66038,fgsm_detrmodel,0.13458110516934046,0.08225108225108227,0.95900494,38.56342927279263,0.9903623461723328,0.9977160692214966,0.10241369903087616,0.01844877004623413,639288,0.02037605,0.01139150746166706,0.011794822290539742,0.01178061030805111
360960,fgsm_detrmodel,0.41666666666666674,0.35974025974025975,0.9016139,38.64181434933072,0.9817363619804382,0.9946566224098206,0.2544342279434204,0.0690997838973999,629036,0.019990869,0.011448060162365437,0.011458175256848335,0.011520241387188435
504589,fgsm_detrmodel,0.42424242424242414,0.33333333333333326,0.9613392,38.494204031953025,0.9910997152328491,0.997575581073761,0.14461678266525269,0.026874005794525146,639955,0.020567916,0.011992253363132477,0.011827187612652779,0.011625365354120731
23034,fgsm_detrmodel,0.3333333333333334,0.2575757575757575,0.96124,38.45202105303637,0.9920589923858643,0.9982580542564392,0.11404314637184143,0.028796255588531494,639747,0.020681854,0.011893000453710556,0.011937282048165798,0.01192419696599245
72795,fgsm_detrmodel,0.22612707158161707,0.18111471861471862,0.9700158,38.44291890573213,0.9927277565002441,0.9978058338165283,0.07973870635032654,0.016857504844665527,639466,0.020701818,0.011924771592020988,0.011945709586143494,0.011933607049286366
43816,fgsm_detrmodel,0.25000000000000006,0.16666666666666663,0.96015805,38.44078215705753,0.9896600246429443,0.9966244697570801,0.08644941449165344,0.015894532203674316,639901,0.020716855,0.011916395276784897,0.011964005418121815,0.011953355744481087
567640,fgsm_detrmodel,0.20413223140495873,0.19166666666666665,0.9394457,38.451129265300025,0.9893428683280945,0.9975611567497253,0.13607871532440186,0.01997905969619751,639357,0.02067757,0.011913691647350788,0.011933908797800541,0.011904794722795486
45550,fgsm_detrmodel,0.16296487603305784,0.0543560606060606,0.9236819,38.439956301323434,0.9827062487602234,0.995485782623291,0.21996340155601501,0.04134732484817505,639787,0.020714954,0.01193477213382721,0.011968965642154217,0.011941545642912388
410456,fgsm_detrmodel,0.45804195804195813,0.40909090909090917,0.9562699,38.44666668364579,0.9900976419448853,0.9977020621299744,0.09459026157855988,0.02320384979248047,639804,0.020700647,0.011882410384714603,0.011977145448327065,0.011929918080568314
885,fgsm_detrmodel,0.42063492063492064,0.29848484848484846,0.8994619,38.42005888683524,0.9764165878295898,0.987125813961029,0.31224820017814636,0.07878047227859497,639939,0.020773396,0.011986387893557549,0.011990494094789028,0.011995479464530945
229849,fgsm_detrmodel,0.13847913093196113,0.09522497704315887,0.9572877,38.45305393644456,0.9929704070091248,0.9987497925758362,0.10368798673152924,0.026223301887512207,639467,0.020673905,0.011919509619474411,0.011916138231754303,0.011897147633135319
83172,fgsm_detrmodel,0.22727272727272724,0.21022727272727265,0.90805864,38.42454840055443,0.9774284362792969,0.9926723837852478,0.2605671286582947,0.04705554246902466,639970,0.020761587,0.01198954600840807,0.011976617388427258,0.011973523534834385
497599,fgsm_detrmodel,0.2575757575757575,0.18181818181818185,0.9224431,38.41667444538696,0.9840070605278015,0.9958190321922302,0.23179510235786438,0.045133769512176514,639998,0.020783724,0.011999178677797318,0.011999234557151794,0.011999472975730896
232684,fgsm_detrmodel,0.25000000000000006,0.0,0.77289945,40.758713503486376,0.9720271825790405,0.8756062388420105,0.35605549812316895,0.14883208274841309,483654,0.013484056,0.0072770859114825726,0.007075614295899868,0.006923923268914223
144784,fgsm_detrmodel,1.0000000000000002,0.0,0.92311627,38.417681515750374,0.9847540259361267,0.995411217212677,0.21122142672538757,0.038033246994018555,639972,0.020780602,0.011998262256383896,0.011996624991297722,0.011995239183306694
488673,fgsm_detrmodel,0.11038961038961037,0.10389610389610392,0.9339504,38.43263140300431,0.9866929054260254,0.9965502619743347,0.1696866750717163,0.03059762716293335,639582,0.020731807,0.011969302780926228,0.011960325762629509,0.011953283101320267
492362,fgsm_detrmodel,0.12012987012987009,0.10289710289710288,0.95081335,38.47376935260181,0.9902521967887878,0.9973960518836975,0.1141362115740776,0.01492607593536377,639835,0.020630728,0.011859164573252201,0.011854118667542934,0.011876530013978481
232563,fgsm_detrmodel,0.3333333333333334,0.28282828282828276,0.9312317,38.527697270912086,0.9832012057304382,0.9954041242599487,0.1986391544342041,0.04616802930831909,637732,0.020431008,0.011771883815526962,0.011771148070693016,0.011696078814566135
177934,fgsm_detrmodel,0.143801652892562,0.06262626262626263,0.9677973,38.62940042573737,0.993318498134613,0.9978896379470825,0.09939227998256683,0.017503857612609863,638853,0.0201768,0.011839763261377811,0.011274808086454868,0.01140931248664856
571718,fgsm_detrmodel,0.25000000000000006,0.19318181818181815,0.96132547,38.478016045399,0.9936138987541199,0.998005211353302,0.10536207258701324,0.016792654991149902,638933,0.020594146,0.011796805076301098,0.011898276396095753,0.011897413060069084
420916,fgsm_detrmodel,0.3333333333333334,0.16666666666666666,0.9616689,38.443040687515825,0.9911907911300659,0.9974254369735718,0.10452771186828613,0.026141762733459473,639690,0.02070494,0.011953229084610939,0.011931311339139938,0.01192964892834425
439715,fgsm_detrmodel,0.12676767676767678,0.1212121212121212,0.97841626,38.42758060659287,0.9950811862945557,0.9979767799377441,0.06660856306552887,0.009724855422973633,639880,0.02075184,0.011977197602391243,0.01197648886591196,0.011965093202888966
78843,fgsm_detrmodel,0.5000000000000001,0.42424242424242414,0.9560051,38.449361764092075,0.9891993403434753,0.9963958859443665,0.13146540522575378,0.01928955316543579,639790,0.020690857,0.01193135417997837,0.011955001391470432,0.011896981857717037
13659,fgsm_detrmodel,0.10909090909090911,0.07575757575757575,0.9388879,38.42962444519988,0.9883838891983032,0.996588408946991,0.1375841498374939,0.03506731986999512,639875,0.020745426,0.011977274902164936,0.01197722740471363,0.011958478018641472
466125,fgsm_detrmodel,0.10389610389610386,0.025974025974025976,0.9258537,38.50397583668469,0.9869970083236694,0.9961650967597961,0.17342403531074524,0.03328251838684082,639736,0.020541292,0.011933091096580029,0.011927598156034946,0.011548264883458614
414795,fgsm_detrmodel,0.35585585585585594,0.2823984526112186,0.9649415,38.42744218041346,0.9914155006408691,0.9978381991386414,0.09103325009346008,0.023389339447021484,639854,0.02075205,0.011981295421719551,0.011976296082139015,0.011959536001086235
508101,fgsm_detrmodel,0.31818181818181823,0.25,0.91735864,38.416472377681956,0.9782604575157166,0.9962084293365479,0.2963908314704895,0.07208913564682007,640000,0.02078434,0.011999715119600296,0.011999727226793766,0.01199984923005104
253386,fgsm_detrmodel,0.33333333333333326,0.0,0.8995531,38.839668321162236,0.9849914312362671,0.9959297776222229,0.26143568754196167,0.03203791379928589,616052,0.019277839,0.010954447090625763,0.01100680511444807,0.01098181214183569
338624,fgsm_detrmodel,0.12004662004662003,0.06759906759906761,0.9606349,38.54657797459171,0.9909943342208862,0.9980437159538269,0.11403675377368927,0.02622377872467041,635613,0.02035155,0.011668823659420013,0.01166460383683443,0.011725303716957569
476215,fgsm_detrmodel,0.5000000000000001,0.0,0.9347443,38.435680657761814,0.981705904006958,0.9958621859550476,0.2059864103794098,0.04676520824432373,639710,0.020727385,0.011952243745326996,0.011968851089477539,0.011947300285100937
297698,fgsm_detrmodel,0.3181818181818181,0.13636363636363635,0.90026253,38.4547674678751,0.9767113924026489,0.9897156953811646,0.3518751263618469,0.07728111743927002,637745,0.020641811,0.011905157007277012,0.0119044603779912,0.011905617080628872
26690,fgsm_detrmodel,0.2097902097902098,0.10707070707070708,0.91326755,38.54683559760303,0.9834491014480591,0.9958455562591553,0.21106889843940735,0.045239806175231934,634905,0.020357806,0.011734256520867348,0.011796400882303715,0.01151991356164217
176901,fgsm_detrmodel,0.5000000000000001,0.2727272727272727,0.92279625,38.41798415970993,0.9808312654495239,0.9955946207046509,0.25218725204467773,0.04744923114776611,639972,0.020779682,0.01199713721871376,0.011995414271950722,0.011995437555015087
86755,fgsm_detrmodel,0.2323232323232323,0.18181818181818185,0.9283708,38.427413598355706,0.9816304445266724,0.9945036172866821,0.222187340259552,0.06790119409561157,639880,0.020752024,0.011978941038250923,0.011977187357842922,0.011962619610130787
334483,fgsm_detrmodel,0.12940836940836944,0.09529780564263325,0.9524824,38.510895713551825,0.9912906885147095,0.9971966743469238,0.12427204102277756,0.03274726867675781,634175,0.020432636,0.011757342144846916,0.011759559623897076,0.011764895170927048
2261,fgsm_detrmodel,0.5000000000000001,0.0,0.9497674,38.46314714818645,0.9895817637443542,0.9978949427604675,0.14041036367416382,0.020845532417297363,637471,0.020613542,0.011882658116519451,0.011882253922522068,0.011888970620930195
361238,fgsm_detrmodel,0.11111111111111109,0.06439393939393938,0.93891615,38.599118224688056,0.9888213872909546,0.9971688389778137,0.16443391144275665,0.020092487335205078,639209,0.020297306,0.01181080099195242,0.011584972031414509,0.011379684321582317
3934,fgsm_detrmodel,0.18181818181818182,0.1383838383838384,0.9427366,38.44141326905656,0.9882487654685974,0.9969038367271423,0.14723581075668335,0.021408438682556152,639858,0.020713178,0.011961610056459904,0.01194679643958807,0.011912372894585133
77460,fgsm_detrmodel,0.1893939393939394,0.18636363636363637,0.9266806,38.42338184370204,0.986092746257782,0.9968842267990112,0.21933570504188538,0.03717625141143799,639973,0.020765452,0.01197987049818039,0.011993090622127056,0.011974290013313293
181303,fgsm_detrmodel,0.5000000000000001,0.0,0.9687275,38.43236314745067,0.9915181398391724,0.9980844259262085,0.09002659469842911,0.0229681134223938,639689,0.02073528,0.011968023143708706,0.011963682249188423,0.011945358477532864
380913,fgsm_detrmodel,0.2760942760942761,0.23863636363636362,0.9450353,38.53872870566862,0.9925093650817871,0.9975886940956116,0.13327433168888092,0.02680790424346924,637385,0.020396845,0.011557619087398052,0.011830366216599941,0.011746425181627274
213035,fgsm_detrmodel,0.1515151515151515,0.1414141414141414,0.90322834,38.74011989865816,0.9805312156677246,0.993322491645813,0.267606258392334,0.05610215663909912,630636,0.019677902,0.011312869377434254,0.01128275878727436,0.011280318722128868
399205,fgsm_detrmodel,0.24069264069264074,0.1847826086956522,0.97673017,38.45188642238942,0.9951848387718201,0.9984446167945862,0.05089531093835831,0.008312344551086426,639571,0.020678954,0.0118895024061203,0.011916540563106537,0.011934695765376091
57150,fgsm_detrmodel,0.18627946127946127,0.14776334776334776,0.9261961,38.425404146520286,0.9862470030784607,0.9968916177749634,0.24456387758255005,0.03849327564239502,639881,0.020755282,0.01198633387684822,0.011975741945207119,0.011973181739449501
363666,fgsm_detrmodel,0.11093073593073594,0.09810606060606061,0.94932765,38.522967214875365,0.9919211864471436,0.9974837303161621,0.10350959002971649,0.0233609676361084,639615,0.020494571,0.01144977193325758,0.011946558021008968,0.011854128912091255
493286,fgsm_detrmodel,0.12121212121212122,0.06060606060606061,0.94118816,38.480632917708874,0.9879180192947388,0.9959812164306641,0.13229434192180634,0.0269773006439209,639295,0.020599702,0.011904868297278881,0.011871312744915485,0.011793285608291626
8690,fgsm_detrmodel,0.3045454545454545,0.1212121212121212,0.9577134,38.8041129134528,0.9912883639335632,0.9973188638687134,0.11767449975013733,0.030620574951171875,619449,0.019414019,0.011054468341171741,0.011018684133887291,0.011128696613013744
381639,fgsm_detrmodel,0.21704545454545454,0.12396694214876033,0.9627893,38.696438573734895,0.9919485449790955,0.9967769384384155,0.09356905519962311,0.01464611291885376,617592,0.019703675,0.011243486776947975,0.011273268610239029,0.011306962929666042
284445,fgsm_detrmodel,0.12367132867132866,0.11184149184149184,0.94342536,38.46436968412825,0.9879709482192993,0.9970831274986267,0.14070245623588562,0.024634897708892822,639410,0.020643985,0.01194786187261343,0.011942639015614986,0.011786682531237602
290248,fgsm_detrmodel,0.10054621449605776,0.057451990258314364,0.9649353,38.61460744643553,0.9926360845565796,0.9979425072669983,0.1039988100528717,0.028144419193267822,637919,0.020194355,0.01186518557369709,0.011297688819468021,0.01135002076625824
578093,fgsm_detrmodel,0.1090909090909091,0.0,0.960742,38.43247410677675,0.9919580221176147,0.9976913332939148,0.10333345830440521,0.029268264770507812,639790,0.020736102,0.011977963149547577,0.011955039575695992,0.011951930820941925
105264,fgsm_detrmodel,0.43543388429752067,0.3571428571428572,0.9355604,38.51511707889161,0.9850978851318359,0.995587944984436,0.2028549611568451,0.04574453830718994,639907,0.020504227,0.011695260182023048,0.01165064238011837,0.011964441277086735
25393,fgsm_detrmodel,0.21212121212121215,0.10606060606060608,0.91382074,38.46406812045981,0.9797199964523315,0.993901789188385,0.2330024391412735,0.05126166343688965,639498,0.020638553,0.01191859319806099,0.011908951215445995,0.011883062310516834
358525,fgsm_detrmodel,0.3333333333333334,0.11111111111111109,0.93804675,38.628496768019964,0.9888085126876831,0.9969309568405151,0.18490581214427948,0.0426633358001709,623153,0.019965798,0.011468630284070969,0.011438312940299511,0.011440549045801163
519688,fgsm_detrmodel,0.5000000000000001,0.25000000000000006,0.91604203,38.41723979415438,0.9808686971664429,0.9941375255584717,0.271469384431839,0.05093872547149658,639999,0.020782357,0.011994798667728901,0.011999795213341713,0.011999784037470818
130699,fgsm_detrmodel,0.2202134986225896,0.1957070707070707,0.95540506,38.416862699666886,0.9889947175979614,0.9975813627243042,0.1155458390712738,0.03523111343383789,639992,0.020783152,0.011998923495411873,0.011998750269412994,0.011998575180768967
405249,fgsm_detrmodel,0.22014790764790762,0.18939393939393934,0.9559655,38.46247497772137,0.991026759147644,0.9978106617927551,0.11694377660751343,0.01717245578765869,639139,0.020642117,0.011900038458406925,0.011927238665521145,0.011842080391943455
119445,fgsm_detrmodel,0.17045454545454541,0.15909090909090912,0.97465724,38.45167996992427,0.9928097128868103,0.997783899307251,0.08618305623531342,0.016853690147399902,638747,0.020664388,0.011918134987354279,0.011921553872525692,0.011903024278581142
507015,fgsm_detrmodel,0.5000000000000001,0.4772727272727273,0.966188,38.42616436283873,0.9895886182785034,0.9974729418754578,0.10120495408773422,0.021258234977722168,639800,0.020753745,0.011977335438132286,0.011978734284639359,0.01197144016623497
13546,fgsm_detrmodel,0.3333333333333334,0.22222222222222218,0.9550422,38.466944233893024,0.9896979331970215,0.9974459409713745,0.10895557701587677,0.0195004940032959,639140,0.020628562,0.011877341195940971,0.011923547834157944,0.01183473039418459
67310,fgsm_detrmodel,0.400974025974026,0.23863636363636362,0.957644,38.440172021446564,0.9900979399681091,0.9978201985359192,0.12825393676757812,0.02968752384185791,639795,0.020717291,0.011977339163422585,0.011974704451858997,0.011876107193529606
125936,fgsm_detrmodel,0.20707070707070704,0.18202479338842972,0.9488561,38.53591437147524,0.992024302482605,0.997439444065094,0.12497714161872864,0.01634383201599121,639244,0.020439418,0.0118087287992239,0.01186922937631607,0.01149905938655138
389109,fgsm_detrmodel,0.1457575757575757,0.10909090909090909,0.92729354,38.70505133418443,0.9879492521286011,0.9969505071640015,0.17421093583106995,0.03818023204803467,639269,0.020014836,0.011113396845757961,0.011673567816615105,0.011245857924222946
128476,fgsm_detrmodel,0.1666666666666667,0.07407407407407406,0.9553253,38.52494517366649,0.9925264716148376,0.9977077841758728,0.11585643887519836,0.02301335334777832,639679,0.020483574,0.011723930947482586,0.011914546601474285,0.01159714162349701
414034,fgsm_detrmodel,0.20000000000000004,0.06666666666666665,0.93145746,38.42075628121293,0.9860818386077881,0.9972887635231018,0.19308564066886902,0.03487706184387207,639980,0.020772196,0.011993414722383022,0.011993281543254852,0.011983649805188179
1000,fgsm_detrmodel,0.23917748917748924,0.1856305681033942,0.96264154,38.477114973868424,0.9931401610374451,0.997734010219574,0.0871945172548294,0.018257319927215576,639059,0.020605016,0.011871663853526115,0.011825948022305965,0.011871491558849812
559543,fgsm_detrmodel,0.20000000000000004,0.0,0.92159015,38.546074776647345,0.984388530254364,0.9958856105804443,0.21360808610916138,0.05177271366119385,639322,0.020418733,0.01182141900062561,0.011866006068885326,0.011464104056358337
185890,fgsm_detrmodel,0.2073863636363636,0.17532467532467536,0.9543573,38.439209313916706,0.9902830123901367,0.9976575374603271,0.10926513373851776,0.03431481122970581,639675,0.020716472,0.011964633129537106,0.01195691991597414,0.011908642947673798
129492,fgsm_detrmodel,0.22727272727272724,0.1863636363636364,0.93215734,38.43810254546257,0.9850449562072754,0.9960013628005981,0.16755251586437225,0.043077170848846436,639911,0.02072515,0.0119853550568223,0.01197339128702879,0.011896707117557526
39951,fgsm_detrmodel,0.20000000000000004,0.0404040404040404,0.92280227,38.494416444677995,0.984187126159668,0.9961613416671753,0.20956823229789734,0.039373159408569336,639235,0.02054859,0.011799979023635387,0.011823369190096855,0.011846251785755157
146457,fgsm_detrmodel,0.12878787878787876,0.101010101010101,0.9533103,38.456124572846726,0.9909322261810303,0.9971897602081299,0.14755627512931824,0.034407615661621094,639889,0.020658117,0.011924429796636105,0.01191308256238699,0.011910240165889263
332845,fgsm_detrmodel,0.25000000000000006,0.0,0.9028342,38.64932951852373,0.9808139801025391,0.9929654598236084,0.27538585662841797,0.07840585708618164,634976,0.020015493,0.011520599015057087,0.011515026912093163,0.011514212004840374
17379,fgsm_detrmodel,0.13333333333333336,0.0,0.92989,38.438235285839816,0.9839028120040894,0.9952139854431152,0.1742262840270996,0.025806427001953125,639991,0.020726541,0.011943250894546509,0.011969761922955513,0.011943737976253033
507975,fgsm_detrmodel,0.26005509641873276,0.19318181818181815,0.9655486,38.47485669474026,0.9940768480300903,0.9983381032943726,0.08612480759620667,0.01012188196182251,638884,0.020601707,0.01186463050544262,0.011852211318910122,0.011873624287545681
180383,fgsm_detrmodel,0.25000000000000006,0.12500000000000003,0.9256396,38.4276811883693,0.9862484335899353,0.9961709380149841,0.18133661150932312,0.037771522998809814,639995,0.020754319,0.011992279440164566,0.011986004188656807,0.01194162480533123
568439,fgsm_detrmodel,0.10526859504132233,0.05627705627705627,0.96081287,38.5010488774224,0.9908032417297363,0.9977648854255676,0.09638936817646027,0.024052441120147705,638864,0.020521546,0.011859696358442307,0.01180900726467371,0.011764222756028175
138979,fgsm_detrmodel,0.21212121212121207,0.18181818181818185,0.93524796,38.45785285693579,0.9882513880729675,0.9964982867240906,0.1561637669801712,0.031947970390319824,639033,0.020649856,0.011901912279427052,0.011903549544513226,0.011901081539690495
563653,fgsm_detrmodel,0.20000000000000004,0.10000000000000002,0.9549899,38.431886997018985,0.9896482229232788,0.9981058835983276,0.13031092286109924,0.02484750747680664,639887,0.020740315,0.011963048949837685,0.01196508388966322,0.01195639930665493
86483,fgsm_detrmodel,0.25000000000000006,0.07142857142857144,0.96242636,38.465163647300415,0.9934693574905396,0.9975890517234802,0.10498778522014618,0.013425648212432861,639667,0.020645784,0.011899160221219063,0.011907714419066906,0.011837230995297432
393093,fgsm_detrmodel,0.3333333333333334,0.1666666666666667,0.9637442,38.72973729658504,0.9938760995864868,0.997843861579895,0.1043405830860138,0.026961565017700195,624423,0.019681387,0.0112240519374609,0.011234662495553493,0.01127549633383751
198510,fgsm_detrmodel,0.5000000000000001,0.0,0.9362621,39.02003899738828,0.9853628873825073,0.9942172169685364,0.1915728896856308,0.046866774559020996,625236,0.018992968,0.009924537502229214,0.011041427962481976,0.01102413609623909
32901,fgsm_detrmodel,0.10064935064935063,0.07792207792207792,0.9439933,38.42689538631142,0.9877154231071472,0.9968811869621277,0.134865403175354,0.023682475090026855,639950,0.020754606,0.01197648886591196,0.011972257867455482,0.011977381072938442
267191,fgsm_detrmodel,0.33333333333333326,0.25000000000000006,0.966454,38.51213081149149,0.9910926818847656,0.9976573586463928,0.1193198412656784,0.03173714876174927,633062,0.020418672,0.01175149530172348,0.011745581403374672,0.011753646656870842
213547,fgsm_detrmodel,0.1666666666666667,0.14141414141414138,0.944519,38.43930293973809,0.9897832870483398,0.997426450252533,0.1524997353553772,0.03313326835632324,639839,0.02071814,0.011933641508221626,0.011947152204811573,0.011955874972045422
456015,fgsm_detrmodel,0.45454545454545453,0.41818181818181827,0.9209201,38.41688104816016,0.9813472032546997,0.9952304363250732,0.23536154627799988,0.04486745595932007,639992,0.020783065,0.011999068781733513,0.011998395435512066,0.011998798698186874
547886,fgsm_detrmodel,0.28571428571428575,0.18181818181818185,0.9068107,38.41674013951162,0.9775816798210144,0.9926415681838989,0.3038731515407562,0.06536257266998291,639998,0.020783564,0.011999404057860374,0.011999404989182949,0.011998536996543407
69356,fgsm_detrmodel,0.18203463203463202,0.14285714285714288,0.9763295,38.49004376768133,0.9947068691253662,0.9981982707977295,0.062287408858537674,0.011320829391479492,637718,0.02054153,0.011826243251562119,0.011833771131932735,0.011799820698797703
274708,fgsm_detrmodel,0.38636363636363646,0.32954545454545453,0.9067996,38.835417742403116,0.9787811636924744,0.9866244196891785,0.30751466751098633,0.0819019079208374,633671,0.01949503,0.01104419119656086,0.011143635027110577,0.011282733641564846
377113,fgsm_detrmodel,0.26406926406926406,0.25017217630853994,0.9683679,38.429565436686254,0.9921762347221375,0.9976806640625,0.11874207854270935,0.025535225868225098,639973,0.020749146,0.01199517585337162,0.0119161456823349,0.011993157677352428
431848,fgsm_detrmodel,0.42424242424242414,0.25000000000000006,0.9324529,38.64955528551418,0.9897675514221191,0.9964368939399719,0.1885755956172943,0.05030536651611328,628159,0.01994796,0.01146544050425291,0.011466268450021744,0.011460205540060997
128699,fgsm_detrmodel,0.4615384615384617,0.31332345191040845,0.91619426,38.46167978096341,0.9825088977813721,0.996342122554779,0.2655928134918213,0.05731606483459473,639267,0.020647189,0.011856271885335445,0.011912995018064976,0.011904167011380196
176799,fgsm_detrmodel,0.303030303030303,0.2803030303030302,0.96705455,38.43761836131,0.9937841296195984,0.9977055191993713,0.08390937745571136,0.017769157886505127,639670,0.02072027,0.011932586319744587,0.01196082029491663,0.0119503578171134
254016,fgsm_detrmodel,0.3333333333333334,0.0,0.9383367,38.42061593211118,0.9887614250183105,0.9972208738327026,0.17887091636657715,0.02808314561843872,639925,0.020771502,0.011993519961833954,0.011991295963525772,0.011985460296273232
73946,fgsm_detrmodel,0.303030303030303,0.21212121212121215,0.920713,38.459868824251885,0.9823834300041199,0.9948738217353821,0.22838613390922546,0.04752987623214722,639778,0.020662585,0.011852574534714222,0.011927752755582333,0.011912242509424686
361147,fgsm_detrmodel,0.21885521885521883,0.17735597735597738,0.9452343,38.42909318644884,0.9880473613739014,0.996921181678772,0.13113322854042053,0.022957801818847656,639860,0.020748217,0.011985305696725845,0.01198544166982174,0.01193676795810461
541123,fgsm_detrmodel,0.10041937229437231,0.08762626262626264,0.9489266,38.42564217727041,0.9901500940322876,0.9981386065483093,0.09974335879087448,0.018768727779388428,639877,0.020757291,0.011978712864220142,0.011977989226579666,0.011973239481449127
199395,fgsm_detrmodel,0.1407647907647908,0.12474747474747476,0.90504223,38.416916077534616,0.9753010272979736,0.9818949103355408,0.3171914219856262,0.10748165845870972,639993,0.020783024,0.011998570524156094,0.011998417787253857,0.011998893693089485
279774,fgsm_detrmodel,0.2575757575757576,0.24393939393939393,0.9519463,38.42345593505068,0.9893573522567749,0.9971452355384827,0.12968221306800842,0.021020054817199707,639902,0.02076309,0.011980365961790085,0.011982937343418598,0.011984963901340961
474078,fgsm_detrmodel,0.20259740259740264,0.1590909090909091,0.97936517,38.4283225546522,0.9928948879241943,0.9975688457489014,0.050495196133852005,0.00985574722290039,639882,0.020749427,0.011980731971561909,0.011967284604907036,0.01196250133216381
872,fgsm_detrmodel,0.28282828282828276,0.11111111111111109,0.9633247,38.4617143225509,0.9921276569366455,0.9981933832168579,0.11026566475629807,0.024785280227661133,638365,0.02063325,0.011885682120919228,0.01191173866391182,0.011867444962263107
306139,fgsm_detrmodel,0.146969696969697,0.1287878787878788,0.93559027,38.454911732923975,0.9882291555404663,0.9962417483329773,0.16119298338890076,0.039187490940093994,639499,0.020667227,0.011920382268726826,0.011930317617952824,0.011896127834916115
173057,fgsm_detrmodel,0.1798368298368299,0.13484848484848486,0.9424326,38.4214201323224,0.9872722029685974,0.9973347783088684,0.15239986777305603,0.04325997829437256,639885,0.020768708,0.011986661702394485,0.011989308521151543,0.011986653320491314
228214,fgsm_detrmodel,0.20000000000000004,0.11363636363636363,0.93318003,38.47647309594731,0.9841395616531372,0.9954744577407837,0.17540046572685242,0.04820394515991211,639975,0.020623676,0.011954579502344131,0.011688044294714928,0.011968526057898998
183709,fgsm_detrmodel,0.11911764705882355,0.0841745023600114,0.93858415,38.62053771412215,0.9867157340049744,0.9956228137016296,0.18400943279266357,0.05230677127838135,639527,0.020138483,0.011368099600076675,0.011355421505868435,0.011782697401940823
57672,fgsm_detrmodel,0.16970774323715498,0.0924043062200957,0.96558213,38.417094733605964,0.9925359487533569,0.9981296062469482,0.09867022931575775,0.015448331832885742,639994,0.020782579,0.01199742779135704,0.011999286711215973,0.011997812427580357
283785,fgsm_detrmodel,0.15493611326944662,0.13776223776223775,0.9577609,38.509573562270674,0.9932155609130859,0.9981158971786499,0.10846328735351562,0.021286606788635254,638998,0.020512003,0.01177660096436739,0.011865999549627304,0.011700303293764591
467511,fgsm_detrmodel,0.2575757575757575,0.22222222222222218,0.9503061,38.45197020775325,0.9903631210327148,0.9973404407501221,0.11883845925331116,0.02404177188873291,639031,0.02066912,0.01190754771232605,0.011913103051483631,0.011917289346456528
513580,fgsm_detrmodel,0.1666666666666667,0.0,0.9106798,38.416529731821065,0.9809125661849976,0.9950502514839172,0.31210237741470337,0.050603628158569336,640000,0.020784207,0.011999182403087616,0.011999985203146935,0.011999760754406452
507797,fgsm_detrmodel,0.16818181818181824,0.164623507805326,0.9325134,38.64548325523754,0.9863986968994141,0.9964838624000549,0.19835947453975677,0.03230041265487671,629463,0.01999271,0.011601926758885384,0.011363637633621693,0.011366652324795723
369675,fgsm_detrmodel,0.13636363636363635,0.0808080808080808,0.95776623,38.5681226500749,0.9912811517715454,0.9976961612701416,0.09990444779396057,0.028603315353393555,637906,0.020321539,0.011533941142261028,0.01158312801271677,0.01183092501014471
505638,fgsm_detrmodel,0.47272727272727283,0.0,0.9511373,38.43300469823032,0.9867627024650574,0.9961035847663879,0.11215890944004059,0.012971043586730957,639898,0.020737305,0.011942079290747643,0.011972817592322826,0.011966380290687084
70254,fgsm_detrmodel,0.15597402597402596,0.10505050505050506,0.95347005,38.5034812150966,0.9910202026367188,0.9978179931640625,0.11602990329265594,0.02790170907974243,637772,0.020505164,0.011729065328836441,0.011827103793621063,0.011817739345133305
316054,fgsm_detrmodel,0.25000000000000006,0.0,0.9373539,38.43064881602105,0.9836205840110779,0.9965478777885437,0.18159392476081848,0.040285706520080566,639986,0.020747274,0.011912865564227104,0.011995106935501099,0.011998648755252361
511999,fgsm_detrmodel,0.2545454545454546,0.20000000000000004,0.9477671,38.67901720103291,0.9892805814743042,0.9971890449523926,0.1560136079788208,0.03454136848449707,627926,0.019874932,0.01146701816469431,0.011304602026939392,0.011310211382806301
297022,fgsm_detrmodel,0.5000000000000001,0.36363636363636354,0.95753926,38.604717131553464,0.9876236915588379,0.9961382746696472,0.19917617738246918,0.056582868099212646,639645,0.020296883,0.010899120941758156,0.011967272497713566,0.011969177983701229
394206,fgsm_detrmodel,0.14732620320855613,0.11038961038961041,0.9576535,38.49528204638004,0.9931680560112,0.9982621669769287,0.10447460412979126,0.015924572944641113,639594,0.020560779,0.01184220053255558,0.01179701741784811,0.011858503334224224
453166,fgsm_detrmodel,0.5000000000000001,0.45454545454545464,0.9162199,38.41955252989876,0.9817241430282593,0.9952205419540405,0.1922360062599182,0.0429534912109375,639969,0.020775368,0.011986060068011284,0.011993497610092163,0.011996445246040821
6894,fgsm_detrmodel,0.25000000000000006,0.0,0.9486188,38.51333411407562,0.9872431755065918,0.9965143203735352,0.14911511540412903,0.03424334526062012,632543,0.020407716,0.011743498034775257,0.011744929477572441,0.011748503893613815
279927,fgsm_detrmodel,0.1616161616161616,0.1515151515151515,0.9623699,38.46193164797026,0.9892305135726929,0.9985513687133789,0.1263386309146881,0.018739402294158936,639738,0.020655848,0.011940117925405502,0.011850999668240547,0.011874894611537457
260106,fgsm_detrmodel,0.34090909090909094,0.10227272727272728,0.9546437,38.44221490146772,0.9930159449577332,0.9984014630317688,0.13963770866394043,0.021677494049072266,639689,0.020709062,0.011921933852136135,0.011964884586632252,0.011930129490792751
100510,fgsm_detrmodel,0.2803030303030302,0.12121212121212122,0.9631097,38.433136771191975,0.9934565424919128,0.9981376528739929,0.0958222895860672,0.019257724285125732,639810,0.020734135,0.011979365721344948,0.011966361664235592,0.011936557479202747
441442,fgsm_detrmodel,0.28282828282828276,0.22222222222222218,0.9657335,38.429676245061856,0.9930950999259949,0.9984403848648071,0.08879116177558899,0.021097660064697266,639875,0.020745974,0.01198282465338707,0.011978826485574245,0.01194215752184391
553990,fgsm_detrmodel,0.25000000000000006,0.16666666666666663,0.96899706,38.43577997242419,0.9936332106590271,0.9981582760810852,0.08757317066192627,0.01489567756652832,639880,0.020726487,0.011970396153628826,0.011966913007199764,0.011934762820601463
97924,fgsm_detrmodel,0.2727272727272727,0.1818181818181818,0.95759004,38.76847491420498,0.9910889863967896,0.9973645806312561,0.16668489575386047,0.04441326856613159,618741,0.019485816,0.011181863024830818,0.01117105595767498,0.011108797043561935
326542,fgsm_detrmodel,0.38181818181818183,0.2727272727272727,0.906092,38.429957525947465,0.9743573069572449,0.9751478433609009,0.2814044952392578,0.05942261219024658,639871,0.020745447,0.011986213736236095,0.011977186426520348,0.011938498355448246
94944,fgsm_detrmodel,0.22727272727272724,0.21022727272727265,0.944314,38.425882622675395,0.9864010810852051,0.9964773654937744,0.18046486377716064,0.0521622896194458,639890,0.020755908,0.011973741464316845,0.011981881223618984,0.011980375275015831
93717,fgsm_detrmodel,0.26923076923076916,0.1069023569023569,0.9543006,38.4573775848566,0.9902411699295044,0.9972250461578369,0.13193023204803467,0.02905869483947754,639096,0.020656517,0.011916504241526127,0.011919761076569557,0.011860984377563
394510,fgsm_detrmodel,0.25000000000000006,0.12500000000000003,0.9372747,38.425168672782426,0.9843654632568359,0.9958322644233704,0.17491385340690613,0.03610575199127197,639855,0.020757537,0.011976784095168114,0.011983228847384453,0.011979573406279087
18193,fgsm_detrmodel,0.3333333333333334,0.1666666666666667,0.9267879,38.43128789235687,0.9811021089553833,0.9951097965240479,0.23548159003257751,0.034958600997924805,639864,0.02074107,0.0119532635435462,0.011965656653046608,0.01197318360209465
403584,fgsm_detrmodel,0.1590909090909091,0.09090909090909091,0.95155567,38.634363800381834,0.9919158816337585,0.9973433017730713,0.14872905611991882,0.041609883308410645,631608,0.020045577,0.011559994891285896,0.01148206926882267,0.01140126958489418
342128,fgsm_detrmodel,0.12467095194367919,0.09502164502164503,0.9706252,38.44004581478887,0.9943064451217651,0.9979681968688965,0.07734248787164688,0.011676430702209473,639807,0.020716788,0.01196306012570858,0.011897225864231586,0.011968674138188362
235778,fgsm_detrmodel,0.5000000000000001,0.27272727272727276,0.9144144,38.50500324133566,0.9840397238731384,0.9948322176933289,0.23181089758872986,0.04901611804962158,639900,0.020552184,0.011889454908668995,0.011956403031945229,0.011563521809875965
409542,fgsm_detrmodel,0.3749999999999999,0.24242424242424243,0.9576575,38.43231488834734,0.9921588897705078,0.9974033236503601,0.11211654543876648,0.017251014709472656,639697,0.020733654,0.011973786167800426,0.01195551548153162,0.011955006048083305
119995,fgsm_detrmodel,0.346590909090909,0.2727272727272727,0.9226329,38.51002923957954,0.9826337695121765,0.9959164261817932,0.1880222111940384,0.026811718940734863,638598,0.020496601,0.011732962913811207,0.011785070411860943,0.011818371713161469
369323,fgsm_detrmodel,0.1818181818181818,0.16666666666666666,0.91398054,38.41942964313698,0.9832202792167664,0.9944223165512085,0.20113980770111084,0.04641544818878174,639941,0.020775126,0.011991027742624283,0.011992636136710644,0.011993814259767532
127270,fgsm_detrmodel,0.18961038961038965,0.15944055944055943,0.92962915,38.45965647342902,0.985924482345581,0.9968138933181763,0.164508655667305,0.02970224618911743,638764,0.020642426,0.011912178248167038,0.011897895485162735,0.011872014962136745
297084,fgsm_detrmodel,0.12500000000000003,0.03125000000000001,0.95803946,38.430672001376536,0.9925217628479004,0.99785315990448,0.09641706943511963,0.013440489768981934,639956,0.02074639,0.011993063613772392,0.01191183365881443,0.011996351182460785
168337,fgsm_detrmodel,0.21212121212121207,0.16666666666666663,0.93804854,38.42462432323897,0.985167384147644,0.9962459206581116,0.1607038825750351,0.035074710845947266,639837,0.02075793,0.011981834657490253,0.011981844902038574,0.011981218121945858
173302,fgsm_detrmodel,0.1666666666666667,0.14141414141414138,0.9420087,38.452514071925506,0.9888705015182495,0.9970537424087524,0.13577070832252502,0.02829498052597046,639748,0.020683546,0.011963369324803352,0.011965281330049038,0.011819742619991302
224119,fgsm_detrmodel,0.20454545454545456,0.0,0.9151748,38.441502950381974,0.9756736755371094,0.9854368567466736,0.2643677592277527,0.07705909013748169,639828,0.02071388,0.011912446469068527,0.011941085569560528,0.011988065205514431
258793,fgsm_detrmodel,0.1666666666666667,0.0,0.92552644,38.640015483523754,0.9803263545036316,0.9927029013633728,0.24287690222263336,0.06714498996734619,622993,0.019925514,0.011416985653340816,0.011430473066866398,0.011439749039709568
469067,fgsm_detrmodel,0.10000000000000002,0.04000000000000001,0.9298851,38.41745806092058,0.9816877245903015,0.9946597218513489,0.2062663435935974,0.0598982572555542,639997,0.020781608,0.011998806148767471,0.01199817843735218,0.011995308101177216
448256,fgsm_detrmodel,0.21363636363636368,0.1980519480519481,0.95877427,38.48242567798982,0.991552472114563,0.9977849125862122,0.10783785581588745,0.02910149097442627,639153,0.020586478,0.011893784627318382,0.011856364086270332,0.011781342327594757
549390,fgsm_detrmodel,0.12254048258105053,0.06060606060606061,0.9582103,38.4825821304859,0.9881030321121216,0.9967202544212341,0.11597563326358795,0.029383599758148193,638759,0.02057322,0.011859147809445858,0.011870290152728558,0.011819963343441486
364102,fgsm_detrmodel,0.5000000000000001,0.25000000000000006,0.9066346,38.427259915567895,0.9776495695114136,0.9874621033668518,0.3050946593284607,0.07047176361083984,639803,0.020750979,0.011974034830927849,0.011976288631558418,0.011970668099820614
13291,fgsm_detrmodel,0.43181818181818177,0.4051948051948053,0.93185323,38.44303672997243,0.9844492673873901,0.9975407719612122,0.2291622906923294,0.029989421367645264,639877,0.020711515,0.011922922916710377,0.011976123787462711,0.011907069943845272
440336,fgsm_detrmodel,0.3922077922077923,0.2824675324675325,0.9251692,38.43445431776282,0.9822608232498169,0.9967939853668213,0.2617515027523041,0.045792341232299805,639860,0.020732129,0.011970100924372673,0.011970143765211105,0.011931449174880981
229601,fgsm_detrmodel,0.26721763085399447,0.2512987012987013,0.9523197,38.46650705524718,0.9877747297286987,0.9967612028121948,0.12382905185222626,0.018155932426452637,639822,0.020648252,0.011948286555707455,0.011955579742789268,0.011743792332708836
427160,fgsm_detrmodel,0.303030303030303,0.2848484848484849,0.9257338,38.433101638194245,0.9848383665084839,0.9958851337432861,0.19171780347824097,0.026918768882751465,639856,0.020736352,0.011953422799706459,0.011968479491770267,0.01196381077170372
434204,fgsm_detrmodel,0.20000000000000004,0.18181818181818177,0.9395228,38.423515336464575,0.9876910448074341,0.9966816306114197,0.1776506006717682,0.029946446418762207,639960,0.020764163,0.011980648152530193,0.0119897136464715,0.011982751078903675
289417,fgsm_detrmodel,0.2727272727272727,0.2575757575757576,0.89974505,38.42292368473294,0.975296676158905,0.9894699454307556,0.3045327961444855,0.06178724765777588,639836,0.020763464,0.011979583650827408,0.011982380412518978,0.01198881957679987
309467,fgsm_detrmodel,0.3333333333333334,0.18181818181818185,0.9184826,38.424563769728586,0.9794687032699585,0.9878087043762207,0.2435062825679779,0.058482587337493896,639959,0.020761685,0.011965963058173656,0.011982882395386696,0.011993667110800743
185950,fgsm_detrmodel,0.5000000000000001,0.25000000000000006,0.9181215,38.494716133845834,0.9833669662475586,0.9960594773292542,0.27062052488327026,0.048956871032714844,636945,0.020519877,0.0118325250223279,0.011823361739516258,0.011762702837586403
179487,fgsm_detrmodel,0.26033057851239677,0.1909090909090909,0.9464118,38.517804121053636,0.9888180494308472,0.9967193007469177,0.11671509593725204,0.02886676788330078,639270,0.020497335,0.01155046932399273,0.011865661479532719,0.011865981854498386
426836,fgsm_detrmodel,0.5000000000000001,0.0,0.93066734,38.421278746539116,0.9827312231063843,0.9963294267654419,0.24922850728034973,0.05896878242492676,639997,0.02077163,0.011998042464256287,0.011997963301837444,0.011966673657298088
557916,fgsm_detrmodel,0.25000000000000006,0.12500000000000003,0.90138555,38.494787767683476,0.9778806567192078,0.9920955896377563,0.29633885622024536,0.05143630504608154,639992,0.020581897,0.011913757771253586,0.011985757388174534,0.011579996906220913
305309,fgsm_detrmodel,0.31818181818181823,0.2727272727272727,0.95295715,38.43085171226099,0.9894653558731079,0.9969100952148438,0.22198668122291565,0.053619563579559326,639579,0.020735906,0.011969633400440216,0.01197048369795084,0.011961525306105614
196141,fgsm_detrmodel,0.16454545454545455,0.10353535353535355,0.95388126,38.444378742905286,0.9907273054122925,0.997694194316864,0.10794442892074585,0.012924909591674805,639862,0.020707197,0.011913559399545193,0.0119288619607687,0.011955074034631252
136915,fgsm_detrmodel,0.1818181818181818,0.16818181818181813,0.9350533,38.42547187255496,0.9875636100769043,0.9965842366218567,0.18144828081130981,0.0475161075592041,639867,0.020756949,0.011974518187344074,0.011981682851910591,0.011978374794125557
533816,fgsm_detrmodel,0.40042552144824867,0.3985594582185491,0.96235085,38.46242979892393,0.9932687282562256,0.9980159401893616,0.08808735013008118,0.012322187423706055,639360,0.020647543,0.01182843092828989,0.011924372985959053,0.011914907023310661
522889,fgsm_detrmodel,0.3333333333333334,0.202020202020202,0.9007296,38.78380309436337,0.9835188388824463,0.9963638186454773,0.22483080625534058,0.041940927505493164,639602,0.01985186,0.00944472011178732,0.011947722174227238,0.011956984177231789
74256,fgsm_detrmodel,0.12391774891774891,0.08333333333333333,0.95406127,38.47403369049072,0.9915241003036499,0.9969474673271179,0.11275992542505264,0.022635698318481445,639715,0.020617474,0.011954438872635365,0.011820537969470024,0.011796037666499615
154644,fgsm_detrmodel,0.28282828282828276,0.09090909090909093,0.9083361,38.51362583538876,0.9809229373931885,0.9945471882820129,0.31137198209762573,0.07519757747650146,638716,0.020481043,0.011814169585704803,0.011813330464065075,0.011815609410405159
466986,fgsm_detrmodel,0.25000000000000006,0.17424242424242423,0.9583652,38.76813352795161,0.9938153028488159,0.9980846643447876,0.10389716178178787,0.011368930339813232,624305,0.019570855,0.011156929656863213,0.011094177141785622,0.011224215850234032
542856,fgsm_detrmodel,0.22222222222222218,0.12121212121212123,0.9493973,38.45037959348273,0.9901897311210632,0.9974319338798523,0.11913424730300903,0.02457451820373535,639187,0.02067554,0.01190487202256918,0.011934475041925907,0.011913766153156757
563604,fgsm_detrmodel,0.1994949494949495,0.15909090909090912,0.9740971,38.48784922603986,0.9935359358787537,0.9978755116462708,0.05569186806678772,0.01152801513671875,639128,0.02057553,0.011737002991139889,0.011883637867867947,0.01185952965170145
143961,fgsm_detrmodel,0.1317238317238317,0.06438389197009886,0.9513294,38.5279692561354,0.990935742855072,0.9972748756408691,0.1274501085281372,0.031125664710998535,639449,0.02047275,0.011532250791788101,0.01177590899169445,0.011943921446800232
212573,fgsm_detrmodel,0.19318181818181815,0.10000000000000002,0.96682125,38.418332065346334,0.9914189577102661,0.997450053691864,0.12433607876300812,0.02083367109298706,639987,0.02077901,0.011994104832410812,0.011995322071015835,0.011996162123978138
64868,fgsm_detrmodel,0.20000000000000004,0.10000000000000002,0.9270175,38.42356086019689,0.9864581823348999,0.9964838624000549,0.22616344690322876,0.042540550231933594,639831,0.020761073,0.011986886151134968,0.011985767632722855,0.011976097710430622
205324,fgsm_detrmodel,0.25000000000000006,0.18181818181818185,0.95205283,38.42525188909245,0.9912723302841187,0.9979693293571472,0.1898423433303833,0.032271385192871094,639973,0.020759996,0.011956668458878994,0.011983607895672321,0.011995942331850529
48555,fgsm_detrmodel,0.25000000000000006,0.09090909090909091,0.9381647,39.04150110255193,0.9843401908874512,0.9931468963623047,0.23952537775039673,0.06372207403182983,584925,0.018387012,0.010384679771959782,0.010404746048152447,0.010429670102894306
500270,fgsm_detrmodel,0.2647727272727273,0.08766233766233766,0.9106672,38.43457994085607,0.9789117574691772,0.9933680891990662,0.29043811559677124,0.07063060998916626,639885,0.020734185,0.011911872774362564,0.011980312876403332,0.011989932507276535
313562,fgsm_detrmodel,0.3333333333333334,0.24242424242424246,0.9639955,38.57049484560236,0.9938347339630127,0.9979212880134583,0.0889195054769516,0.01307058334350586,635078,0.02028958,0.011602544225752354,0.01167889591306448,0.011568589136004448
51938,fgsm_detrmodel,0.2734848484848485,0.25555555555555554,0.91550255,38.41840669282028,0.9796562194824219,0.9945712685585022,0.26142072677612305,0.05040407180786133,639976,0.020778658,0.011993461288511753,0.011996489018201828,0.011995208449661732
188296,fgsm_detrmodel,0.20454545454545459,0.16371753246753248,0.98439026,38.636926312595186,0.9972825050354004,0.9985952377319336,0.039872508496046066,0.005027055740356445,634454,0.02008042,0.011400884948670864,0.011476555839180946,0.011551869101822376
45090,fgsm_detrmodel,0.33333333333333326,0.0,0.9525669,38.54806968354386,0.9915035963058472,0.9921692609786987,0.143866628408432,0.06431269645690918,634911,0.020330535,0.011682706885039806,0.011652774177491665,0.01170043833553791
347174,fgsm_detrmodel,0.5000000000000001,0.16666666666666663,0.9256125,38.42025149030701,0.9827873706817627,0.9947535395622253,0.18392302095890045,0.0466572642326355,639996,0.020774055,0.011981887742877007,0.01198953203856945,0.011999854817986488
341196,fgsm_detrmodel,0.4204545454545453,0.18181818181818182,0.9665745,38.73326235187227,0.9914214015007019,0.9977502822875977,0.09975527971982956,0.012304186820983887,629144,0.019722655,0.011281759478151798,0.011246826499700546,0.011281613260507584
302990,fgsm_detrmodel,0.42424242424242414,0.27272727272727276,0.968447,38.50489859261067,0.992153525352478,0.9976906180381775,0.11171072721481323,0.01728188991546631,639283,0.020519614,0.011888067238032818,0.011778231710195541,0.01176432240754366
117719,fgsm_detrmodel,0.25000000000000006,0.0,0.93165404,38.48175550227429,0.9863486289978027,0.9972678422927856,0.17625167965888977,0.03924667835235596,639636,0.020601358,0.011825754307210445,0.011875803582370281,0.011845453642308712
107339,fgsm_detrmodel,0.19318181818181815,0.11363636363636366,0.90699023,38.44403648234373,0.9808350801467896,0.9932219386100769,0.31900715827941895,0.06547045707702637,639959,0.020709105,0.011979018338024616,0.011941244825720787,0.01188858412206173
361730,fgsm_detrmodel,0.1325559198706432,0.11843487394957983,0.9205842,38.45119621534651,0.9818556308746338,0.9934986233711243,0.21206608414649963,0.045369505882263184,639534,0.020680403,0.011909030377864838,0.011929348111152649,0.011900306679308414
229216,fgsm_detrmodel,0.5000000000000001,0.33333333333333326,0.9530085,38.452260802430665,0.9910525679588318,0.9973325729370117,0.10857094824314117,0.032894670963287354,639802,0.020681752,0.011909573338925838,0.011956153437495232,0.011880975216627121
563882,fgsm_detrmodel,0.22546897546897549,0.17049834696893518,0.9101374,38.60462412737321,0.9824390411376953,0.9950481653213501,0.3024647831916809,0.05914276838302612,637378,0.02020857,0.011400667019188404,0.011659231036901474,0.011733431369066238
483999,fgsm_detrmodel,0.11617473435655255,0.08271542646542648,0.93940926,38.53741589531586,0.9901754260063171,0.9974682331085205,0.17981645464897156,0.05440711975097656,634110,0.020351294,0.011721514165401459,0.011696542613208294,0.011688368394970894
323263,fgsm_detrmodel,0.26743626743626747,0.2662004662004663,0.9529187,38.475269755010885,0.9900467395782471,0.9973319172859192,0.11848784238100052,0.018282771110534668,639764,0.020618679,0.011777915991842747,0.011886302381753922,0.011922110803425312
248334,fgsm_detrmodel,0.26018299881936247,0.15572609208972843,0.9752066,38.444223367784296,0.9950308203697205,0.9986662864685059,0.07161319255828857,0.012523412704467773,639162,0.020693049,0.011926948092877865,0.011941445991396904,0.011922563426196575
422706,fgsm_detrmodel,0.1818181818181818,0.0606060606060606,0.9538005,38.45127062440051,0.989314079284668,0.9963847994804382,0.10998452454805374,0.01291590929031372,639738,0.020686137,0.011857558973133564,0.011953339911997318,0.01194476056843996
178982,fgsm_detrmodel,0.3333333333333334,0.03636363636363637,0.9031145,38.53530715003429,0.9785065054893494,0.9908430576324463,0.265042781829834,0.05804550647735596,639721,0.02046082,0.01196487806737423,0.011837325990200043,0.011409759521484375
408696,fgsm_detrmodel,0.42727272727272736,0.1818181818181818,0.94067544,38.42008743736099,0.9876054525375366,0.9967561364173889,0.1651492714881897,0.04597783088684082,639954,0.02077336,0.011990947648882866,0.011992406100034714,0.011989915743470192
144300,fgsm_detrmodel,0.11363636363636366,0.06818181818181819,0.9492361,38.468347462633496,0.9897813200950623,0.9963592886924744,0.12600210309028625,0.030561208724975586,639730,0.020636136,0.011951847933232784,0.011874208226799965,0.011802793480455875
7816,fgsm_detrmodel,0.348222484586121,0.17045454545454544,0.95117587,38.43307984945714,0.991266131401062,0.9981669783592224,0.12816229462623596,0.018086731433868408,639728,0.02073289,0.011963854543864727,0.011961149983108044,0.011958652175962925
308631,fgsm_detrmodel,0.307070707070707,0.239485766758494,0.9706139,38.45465659497238,0.9943539500236511,0.9978718161582947,0.07436126470565796,0.01450812816619873,639486,0.020669224,0.011874111369252205,0.011911023408174515,0.011937970295548439
158956,fgsm_detrmodel,0.20000000000000004,0.06666666666666665,0.9058483,38.563074415737624,0.9781761169433594,0.9913638234138489,0.3150763511657715,0.06027209758758545,639989,0.02040864,0.01100186351686716,0.01199754886329174,0.011996401473879814
151480,fgsm_detrmodel,0.25968560059469153,0.21445221445221443,0.9348121,38.42438593388055,0.9862951636314392,0.9960302710533142,0.14614048600196838,0.01489788293838501,639966,0.02076215,0.011997188441455364,0.011982927098870277,0.011961578391492367
370813,fgsm_detrmodel,0.25000000000000006,0.0,0.9502515,38.41644044538818,0.9800142049789429,0.992743730545044,0.17701822519302368,0.06813299655914307,640000,0.0207844,0.011999794282019138,0.011999835260212421,0.011999894864857197
576052,fgsm_detrmodel,0.25000000000000006,0.16666666666666663,0.9352128,38.42040835367489,0.9850694537162781,0.9961501359939575,0.18849927186965942,0.04179644584655762,639986,0.020773357,0.011997816152870655,0.01199102308601141,0.011983470059931278
51712,fgsm_detrmodel,0.5000000000000001,0.10000000000000002,0.9524358,38.42795118876468,0.9888745546340942,0.9980206489562988,0.16849666833877563,0.05244803428649902,639834,0.02075009,0.01197261642664671,0.011981452815234661,0.011959083378314972
282037,fgsm_detrmodel,0.13967661126752035,0.11862947658402204,0.95230263,38.50366246265079,0.9884364604949951,0.9961273074150085,0.10567252337932587,0.02524745464324951,636627,0.020485345,0.011802962981164455,0.011797348968684673,0.011758720502257347
476770,fgsm_detrmodel,0.2158013276434329,0.14494949494949494,0.95074064,38.42899332823132,0.9903610944747925,0.9981526732444763,0.13006120920181274,0.029551148414611816,639947,0.020750143,0.011938833631575108,0.011989078484475613,0.011981315910816193
461009,fgsm_detrmodel,0.3333333333333334,0.23737373737373738,0.91182584,38.45165810673365,0.9830509424209595,0.9953126311302185,0.32518741488456726,0.07329905033111572,639976,0.020691052,0.01178678497672081,0.011976702138781548,0.011992688290774822
563648,fgsm_detrmodel,0.21026936026936027,0.11363636363636363,0.96793264,38.47108873571723,0.9923219084739685,0.9978169202804565,0.07960285246372223,0.017443299293518066,638994,0.020616965,0.011840865015983582,0.011873943731188774,0.011879569850862026
250901,fgsm_detrmodel,0.21212121212121215,0.06060606060606061,0.9398765,38.528369732671806,0.9884629249572754,0.9972473978996277,0.15921840071678162,0.036383867263793945,639663,0.020474732,0.01151316799223423,0.011939635500311852,0.011799224652349949
304812,fgsm_detrmodel,0.16666666666666666,0.0303030303030303,0.91375333,38.45083305399186,0.9796319007873535,0.9946678876876831,0.30323323607444763,0.09713989496231079,638783,0.020670382,0.011887872591614723,0.011916509829461575,0.011944777332246304
258883,fgsm_detrmodel,0.25000000000000006,0.06250000000000001,0.92339104,38.42958154016627,0.9859087467193604,0.9957422018051147,0.24718496203422546,0.04287922382354736,639786,0.02074349,0.011969269253313541,0.011965025216341019,0.01197690237313509
55950,fgsm_detrmodel,0.11111111111111109,0.0,0.9294129,38.43025523853005,0.9849076271057129,0.998205840587616,0.170242041349411,0.0428929328918457,639575,0.02073895,0.011971603147685528,0.01196386106312275,0.011958208866417408
300341,fgsm_detrmodel,0.5000000000000001,0.46212121212121215,0.91285586,38.45310658335508,0.9811586737632751,0.9941394925117493,0.2571752965450287,0.061719417572021484,639466,0.020672187,0.01192201767116785,0.011916439980268478,0.011906132102012634
284743,fgsm_detrmodel,0.3522727272727272,0.31655844155844154,0.82041025,40.05921852120707,0.982862651348114,0.9945582747459412,0.2665172815322876,0.08073151111602783,529694,0.015372188,0.00840828474611044,0.00822785310447216,0.008291984908282757
546976,fgsm_detrmodel,0.3333333333333334,0.1666666666666667,0.9215537,38.498184661575586,0.9837292432785034,0.9945687055587769,0.2078401744365692,0.04682290554046631,639720,0.020560067,0.011822386644780636,0.011923546902835369,0.011709030717611313
45596,fgsm_detrmodel,0.25000000000000006,0.13636363636363638,0.9665813,38.43946143065337,0.9914336204528809,0.9966955780982971,0.0904247909784317,0.030825257301330566,639544,0.020713167,0.011955312453210354,0.011945790611207485,0.011929115280508995
353180,fgsm_detrmodel,0.3030303030303031,0.1762866762866763,0.93464965,38.434165727116664,0.9870935678482056,0.9975187182426453,0.20981216430664062,0.046710968017578125,639228,0.020721238,0.011959457769989967,0.011958697810769081,0.011958341114223003
445722,fgsm_detrmodel,0.25000000000000006,0.13636363636363638,0.92145425,38.60877686248703,0.9868193864822388,0.9957448244094849,0.2033403515815735,0.06780004501342773,633704,0.020162519,0.011663553304970264,0.011609950102865696,0.011313393712043762
389316,fgsm_detrmodel,0.25000000000000006,0.0,0.9619544,38.42838247329831,0.9929546117782593,0.9979525804519653,0.102619968354702,0.015874862670898438,639818,0.020748284,0.011969171464443207,0.011980586685240269,0.011967392638325691
255536,fgsm_detrmodel,0.11363636363636366,0.034090909090909095,0.9541485,38.707519742936164,0.9922839403152466,0.9978447556495667,0.12505505979061127,0.02827584743499756,634723,0.019936178,0.011505703441798687,0.011664101853966713,0.0107215391471982
455157,fgsm_detrmodel,0.10000000000000002,0.06666666666666665,0.9553106,38.417172053374145,0.9907650947570801,0.997891366481781,0.12158828228712082,0.023804783821105957,639992,0.020782314,0.011996641755104065,0.011998520232737064,0.011998905800282955
103723,fgsm_detrmodel,0.23295454545454544,0.009090909090909092,0.94594353,39.002835622286334,0.9868395328521729,0.9940654039382935,0.21638034284114838,0.06024360656738281,596757,0.018618789,0.010559899732470512,0.010562438517808914,0.010583850555121899
530162,fgsm_detrmodel,0.42575757575757567,0.1993006993006993,0.9536279,38.422285329949595,0.9900286197662354,0.9976096153259277,0.12964215874671936,0.016665756702423096,639908,0.020766484,0.011983010917901993,0.011984236538410187,0.011988536454737186
184611,fgsm_detrmodel,0.13841505968778695,0.07771358748778102,0.95536566,38.469984024997366,0.99135822057724,0.9970186948776245,0.10485556721687317,0.023935139179229736,639352,0.020625517,0.011823875829577446,0.011909198015928268,0.011882754974067211
163118,fgsm_detrmodel,0.5000000000000001,0.33333333333333326,0.8982671,38.50650028368301,0.9789737462997437,0.991657018661499,0.29147881269454956,0.061858296394348145,640000,0.020550964,0.011332727037370205,0.01199980080127716,0.01199349481612444
6954,fgsm_detrmodel,0.44675324675324685,0.43766233766233775,0.9723964,38.65261441502685,0.9944223761558533,0.9982606768608093,0.09588148444890976,0.02109837532043457,639103,0.020026568,0.011513554491102695,0.011516797356307507,0.011515437625348568
459195,fgsm_detrmodel,0.3749999999999999,0.3212121212121212,0.98496604,38.47397895705198,0.9971553683280945,0.9990313649177551,0.0597345232963562,0.01645660400390625,639749,0.020624723,0.01176995038986206,0.011892282404005527,0.011903984472155571
481582,fgsm_detrmodel,0.3212121212121212,0.1212121212121212,0.9314225,38.52630626569672,0.9864756464958191,0.9960957765579224,0.1810309886932373,0.03547966480255127,637087,0.020421349,0.011706331744790077,0.011731496080756187,0.011791969649493694
227898,fgsm_detrmodel,0.1785714285714286,0.08352272727272726,0.96453667,38.44041217640117,0.9913482069969177,0.9984853267669678,0.11076219379901886,0.022679567337036133,639613,0.020710679,0.011951962485909462,0.011942836456000805,0.011933608911931515
411530,fgsm_detrmodel,0.15995793978748524,0.11925167224080267,0.9691086,38.440789464143336,0.9922091364860535,0.9982610940933228,0.10535073280334473,0.02428603172302246,639427,0.020707263,0.011927222833037376,0.01193662267178297,0.011949234642088413
542127,fgsm_detrmodel,0.240136222473179,0.15998217468805706,0.8966592,38.45392939166161,0.9730710983276367,0.977108359336853,0.2873845100402832,0.06979167461395264,639793,0.020678747,0.011961998417973518,0.011956020258367062,0.011842343956232071
38678,fgsm_detrmodel,0.1409090909090909,0.10227272727272728,0.9371479,38.59818093160287,0.9883014559745789,0.9966424703598022,0.18819157779216766,0.036445677280426025,627496,0.020107077,0.01145221572369337,0.011577977798879147,0.011589111760258675
161799,fgsm_detrmodel,0.27272727272727276,0.18181818181818182,0.94408464,39.11864096673294,0.9850767850875854,0.9942881464958191,0.23047946393489838,0.061971306800842285,600361,0.018362936,0.010603390634059906,0.010135315358638763,0.010317901149392128
87476,fgsm_detrmodel,0.26060606060606056,0.15569985569985573,0.9320603,38.458044525683206,0.9868844747543335,0.9960181713104248,0.16748672723770142,0.04722028970718384,639777,0.020665292,0.01195022277534008,0.01189159695059061,0.011887858621776104
445602,fgsm_detrmodel,0.38636363636363646,0.2363636363636364,0.942251,38.746155144460054,0.9856885671615601,0.9960755109786987,0.1900518536567688,0.05987191200256348,612512,0.019502535,0.01114778034389019,0.011165105737745762,0.011147151701152325
210230,fgsm_detrmodel,0.2592592592592593,0.2272727272727272,0.936059,38.74835884805558,0.9910696744918823,0.9975784420967102,0.13640433549880981,0.01966679096221924,624029,0.019634403,0.011108646169304848,0.011220687068998814,0.01128113828599453
21879,fgsm_detrmodel,0.3787878787878787,0.2818181818181818,0.96990424,38.41761168922007,0.9913526773452759,0.998211145401001,0.09423792362213135,0.014880716800689697,639991,0.020781124,0.011993646621704102,0.011998855508863926,0.011998276226222515
252701,fgsm_detrmodel,0.42424242424242414,0.33333333333333326,0.96438533,38.42378459095073,0.9911527633666992,0.9977798461914062,0.10103180259466171,0.01289057731628418,639917,0.020762932,0.011972863227128983,0.011992030777037144,0.01198324840515852
398203,fgsm_detrmodel,0.31723484848484845,0.28571428571428575,0.96276957,38.46500345654795,0.9946393966674805,0.9981508255004883,0.10675317049026489,0.011106371879577637,639414,0.020638235,0.011835387907922268,0.011891286820173264,0.011940921656787395
463802,fgsm_detrmodel,0.3333333333333334,0.1666666666666667,0.9436593,38.52809990477747,0.9882737994194031,0.996075451374054,0.2023600935935974,0.03642958402633667,636637,0.020421412,0.011830349452793598,0.011684277094900608,0.011680900119245052
96427,fgsm_detrmodel,0.5000000000000001,0.3212121212121212,0.9137346,38.46335217603674,0.9822123050689697,0.9945970177650452,0.22905054688453674,0.046143293380737305,639966,0.020661088,0.011978242546319962,0.011989067308604717,0.011702567338943481
376900,fgsm_detrmodel,0.27945121067130635,0.20454545454545453,0.93554807,38.48873820822392,0.9842755794525146,0.9952617883682251,0.1625080108642578,0.05299055576324463,639309,0.020574197,0.011798222549259663,0.011866338551044464,0.011869126930832863
174371,fgsm_detrmodel,0.21212121212121213,0.152958152958153,0.9715171,38.54285981763376,0.995233416557312,0.9984519481658936,0.0735967680811882,0.014036297798156738,633720,0.020342916,0.01169788371771574,0.01168767735362053,0.01166777778416872
459634,fgsm_detrmodel,0.5000000000000001,0.0,0.9365166,38.45484945492346,0.982639729976654,0.9953424334526062,0.17899993062019348,0.05290108919143677,639323,0.020663796,0.01188623532652855,0.011904868297278881,0.011934795416891575
362682,fgsm_detrmodel,0.13333333333333336,0.0,0.9531037,38.47952760795599,0.9899852275848389,0.9970729351043701,0.10093128681182861,0.023244142532348633,639253,0.02060218,0.011719251051545143,0.011912008747458458,0.011910277418792248
290293,fgsm_detrmodel,0.18181818181818182,0.09090909090909091,0.9325972,38.523117991539294,0.9876238703727722,0.9970712661743164,0.1940375566482544,0.03582245111465454,637988,0.020454384,0.011835779994726181,0.011839003302156925,0.011595121584832668
308328,fgsm_detrmodel,0.3333333333333334,0.2703962703962705,0.94289017,38.43764734408599,0.988486647605896,0.9969048500061035,0.14133688807487488,0.026663661003112793,639813,0.020721193,0.011959048919379711,0.011931894347071648,0.011967085301876068
55150,fgsm_detrmodel,0.11866028708133977,0.11636363636363642,0.9451129,38.47875269908714,0.9895583987236023,0.9972192049026489,0.1436653435230255,0.020461320877075195,638440,0.020581912,0.011830977164208889,0.011849869973957539,0.011875537224113941
323799,fgsm_detrmodel,0.4060314685314685,0.3863636363636364,0.97164655,38.43074181693346,0.9928399324417114,0.997970700263977,0.06397493183612823,0.02061474323272705,639918,0.020744381,0.011961804702877998,0.011983134783804417,0.011951333843171597
166747,fgsm_detrmodel,0.11010807374443739,0.10136363636363639,0.9318183,38.43171471710161,0.9851307272911072,0.9973612427711487,0.22142736613750458,0.039073824882507324,639645,0.020735795,0.011963329277932644,0.011964361183345318,0.011958112008869648
60886,fgsm_detrmodel,0.41246556473829205,0.2913961038961039,0.92668015,38.43875294038362,0.9836820363998413,0.9965627193450928,0.18464694917201996,0.01838839054107666,639593,0.020714547,0.011953075416386127,0.01193778496235609,0.011948228813707829
8844,fgsm_detrmodel,0.2121212121212121,0.09090909090909091,0.9218438,38.42453628893195,0.9864107966423035,0.9963887929916382,0.2697924077510834,0.0598675012588501,639968,0.020761909,0.011995834298431873,0.011990518309175968,0.011959078721702099
438955,fgsm_detrmodel,0.14393939393939395,0.022727272727272728,0.95888764,38.79533295171449,0.9921153783798218,0.9978160262107849,0.13975532352924347,0.025935590267181396,621029,0.019496407,0.011301551945507526,0.011168139986693859,0.010795536451041698
421060,fgsm_detrmodel,0.11818181818181818,0.05844155844155844,0.91456604,38.429580570268975,0.9816991686820984,0.9957365393638611,0.2444622963666916,0.03669828176498413,639939,0.020747315,0.011938514187932014,0.01197828073054552,0.011988488957285881
528314,fgsm_detrmodel,0.34090909090909094,0.3234032634032634,0.9313242,38.472775478970775,0.9846765398979187,0.9967250227928162,0.18749527633190155,0.04196065664291382,639649,0.02062749,0.011670115403831005,0.011946254409849644,0.011975233443081379
111207,fgsm_detrmodel,0.28282828282828276,0.2575757575757575,0.93844724,38.4724021635986,0.987897515296936,0.9968518018722534,0.17842534184455872,0.03558582067489624,638853,0.020605799,0.011885047890245914,0.011898879893124104,0.01183018833398819
558213,fgsm_detrmodel,0.21212121212121207,0.13636363636363638,0.916821,38.423961520669515,0.9795228242874146,0.9927056431770325,0.23149438202381134,0.038896918296813965,639928,0.020763015,0.0119711859151721,0.01199132390320301,0.011981620453298092
563281,fgsm_detrmodel,0.5000000000000001,0.0,0.9378758,38.41642054623834,0.9850975871086121,0.9961916208267212,0.1700528860092163,0.029377460479736328,640000,0.020784484,0.011999893002212048,0.011999995447695255,0.011999805457890034
559348,fgsm_detrmodel,0.1838823012736056,0.13183113183113185,0.9492843,38.41715888063255,0.9891784191131592,0.9978158473968506,0.14000999927520752,0.014008820056915283,639988,0.020782242,0.011996935121715069,0.011998916044831276,0.01199857983738184
276804,fgsm_detrmodel,0.3160173160173161,0.27272727272727276,0.9380715,38.44157402091469,0.9844345450401306,0.9966793060302734,0.15679606795310974,0.019683122634887695,639847,0.020715257,0.011854911223053932,0.011981958523392677,0.011987009085714817
427256,fgsm_detrmodel,0.19297080511195344,0.17410213243546577,0.9679394,38.55003527408834,0.9934725761413574,0.997710108757019,0.07879100739955902,0.013781487941741943,638961,0.020392824,0.011639612726867199,0.011703871190547943,0.011748012155294418
208363,fgsm_detrmodel,0.24196510560146922,0.21861471861471868,0.9460547,38.445702583457845,0.989946722984314,0.9974545240402222,0.14056281745433807,0.02055215835571289,638651,0.020681992,0.01191573217511177,0.011929073370993137,0.011935367248952389
411754,fgsm_detrmodel,0.23106060606060613,0.20454545454545459,0.90889305,38.47846511513403,0.9822389483451843,0.9947057366371155,0.32926738262176514,0.05775183439254761,639595,0.020611476,0.011703507974743843,0.011927868239581585,0.011915850453078747
369503,fgsm_detrmodel,0.5000000000000001,0.25000000000000006,0.9061845,38.55032769082204,0.9793292880058289,0.9923779964447021,0.2958853840827942,0.07276678085327148,639862,0.020400941,0.011642220430076122,0.011434475891292095,0.011972825974225998
411938,fgsm_detrmodel,0.11298701298701296,0.07095010252904989,0.9724886,38.44086103182553,0.9950041770935059,0.9985843896865845,0.07174211740493774,0.013071417808532715,639719,0.020712221,0.011911355890333652,0.011956119909882545,0.011957305483520031
418062,fgsm_detrmodel,0.40909090909090906,0.15909090909090912,0.95073414,39.04420152198188,0.9896237850189209,0.996449887752533,0.18661706149578094,0.04130685329437256,596372,0.018510148,0.010406693443655968,0.010469751432538033,0.010522983968257904
560474,fgsm_detrmodel,0.1722910927456382,0.14772727272727273,0.9568732,38.43626165999393,0.991969108581543,0.9980602860450745,0.10731637477874756,0.019100189208984375,639816,0.020727385,0.011939323507249355,0.01197887770831585,0.011943764053285122
380706,fgsm_detrmodel,0.20000000000000004,0.03181818181818182,0.9293609,38.833749915484084,0.989655613899231,0.9973853826522827,0.1417822241783142,0.03361797332763672,615884,0.019287286,0.010953082703053951,0.010963628999888897,0.01102383155375719
136715,fgsm_detrmodel,0.1396792601338056,0.10091673032849505,0.9554372,38.50170636614516,0.9926108717918396,0.9979935884475708,0.11442658305168152,0.016023874282836914,638547,0.020516424,0.01180448941886425,0.011790946125984192,0.011821537278592587
479912,fgsm_detrmodel,0.1666666666666667,0.0404040404040404,0.93774587,38.463741225552745,0.9827146530151367,0.9962706565856934,0.152628555893898,0.02568870782852173,639775,0.020651866,0.011865159496665001,0.011909207329154015,0.01189326774328947
545594,fgsm_detrmodel,0.3698347107438017,0.2797979797979798,0.9586997,38.50673301466681,0.9926781058311462,0.9971811771392822,0.10291020572185516,0.018444418907165527,637076,0.02048918,0.011738649569451809,0.011808263137936592,0.011803328059613705
42628,fgsm_detrmodel,0.25000000000000006,0.22979797979797983,0.93178385,38.425677369964156,0.9858812093734741,0.9970748424530029,0.19601678848266602,0.027399301528930664,639884,0.020755963,0.01197364367544651,0.011975723318755627,0.011985478922724724
369442,fgsm_detrmodel,0.19123376623376623,0.1505310862726615,0.95442086,38.52034560224403,0.9926068186759949,0.9978747367858887,0.11691325157880783,0.032547056674957275,638968,0.020474976,0.011952762492001057,0.01168493926525116,0.011604039929807186
151657,fgsm_detrmodel,0.5000000000000001,0.42424242424242414,0.9239159,38.47360840952291,0.9811395406723022,0.9921170473098755,0.19182278215885162,0.026349782943725586,639840,0.020622363,0.011866427026689053,0.011814525350928307,0.011945977807044983
495146,fgsm_detrmodel,0.13545454545454544,0.11272727272727275,0.9156596,38.416449654181285,0.9798597097396851,0.9929119944572449,0.269248902797699,0.04787743091583252,640000,0.020784408,0.01199974026530981,0.01199989952147007,0.011999883688986301
352491,fgsm_detrmodel,0.3922077922077923,0.027272727272727275,0.9283888,38.625606536412775,0.9829705953598022,0.9952805042266846,0.20992830395698547,0.04830247163772583,627399,0.020009043,0.011496186256408691,0.011484772898256779,0.011493591591715813
313454,fgsm_detrmodel,0.1666666666666667,0.055555555555555546,0.92434233,38.6446580042033,0.9848648309707642,0.9947445392608643,0.1853579729795456,0.04038381576538086,639081,0.020143783,0.011852630414068699,0.011239070445299149,0.011444047093391418
20571,fgsm_detrmodel,0.2335115864527629,0.21212121212121215,0.9540496,38.45940411605556,0.9906432628631592,0.9971643090248108,0.1224592924118042,0.022871673107147217,638591,0.020642724,0.011873733252286911,0.011913510970771313,0.011911988258361816
4134,fgsm_detrmodel,0.11246083436014787,0.11131964809384168,0.9268287,38.474125327829746,0.9850837588310242,0.995318591594696,0.18516936898231506,0.05028069019317627,639647,0.020617634,0.01190166361629963,0.011912529356777668,0.01183094922453165
215072,fgsm_detrmodel,0.1666666666666667,0.039562289562289556,0.9499135,38.4421145697077,0.9903863668441772,0.9971058368682861,0.13675695657730103,0.021842598915100098,639652,0.020706868,0.011935579590499401,0.011928358115255833,0.011956442147493362
269316,fgsm_detrmodel,0.45454545454545464,0.42727272727272736,0.9344627,38.4262193520607,0.9878503680229187,0.9974972009658813,0.20329740643501282,0.023180723190307617,639725,0.02075187,0.01197894662618637,0.011977995745837688,0.011971525847911835
391290,fgsm_detrmodel,0.15000000000000002,0.04393939393939394,0.95274425,38.42159535584222,0.9890478849411011,0.9975460171699524,0.11817380785942078,0.018617749214172363,639906,0.020768719,0.011984704993665218,0.011988891288638115,0.011987313628196716
153669,fgsm_detrmodel,0.16328627893845282,0.11891025641025642,0.94160104,38.42093120740023,0.9893831014633179,0.9972661733627319,0.1593010127544403,0.032588839530944824,639980,0.02077209,0.011982307769358158,0.011996740475296974,0.011989342048764229
493442,fgsm_detrmodel,0.5000000000000001,0.25000000000000006,0.9153169,38.422496494039756,0.9797847270965576,0.995098888874054,0.283877968788147,0.0494808554649353,639927,0.020766802,0.01197481993585825,0.011988911777734756,0.01199073065072298
559160,fgsm_detrmodel,0.2727272727272727,0.13636363636363635,0.9105775,38.62098066198497,0.9829334020614624,0.995287299156189,0.27302175760269165,0.04362434148788452,631636,0.020095425,0.011598053388297558,0.011566185392439365,0.011309986934065819
359833,fgsm_detrmodel,0.3333333333333334,0.1666666666666667,0.90870285,38.41651609673717,0.9820384979248047,0.9939350485801697,0.2927519977092743,0.07718503475189209,640000,0.020784223,0.01199923362582922,0.011999903246760368,0.01199987530708313
125472,fgsm_detrmodel,0.5000000000000001,0.25000000000000006,0.90648323,38.561185799164555,0.9794634580612183,0.9927904009819031,0.27398166060447693,0.0654866099357605,633333,0.020279752,0.011629007756710052,0.011637560091912746,0.011652426794171333
428111,fgsm_detrmodel,0.13636363636363638,0.06818181818181818,0.9125226,38.536254132679524,0.9817737936973572,0.9944087862968445,0.27016186714172363,0.06031656265258789,637439,0.020407328,0.011730927042663097,0.011760427616536617,0.011632089503109455
581206,fgsm_detrmodel,0.5000000000000001,0.0,0.93452805,38.42228862972863,0.9859820604324341,0.9950395226478577,0.18285413086414337,0.034895896911621094,639994,0.020769102,0.011989697813987732,0.011999194510281086,0.01197134517133236
63965,fgsm_detrmodel,0.11111111111111109,0.08333333333333336,0.89628816,38.72630946751367,0.981894850730896,0.9943122863769531,0.29636839032173157,0.05817854404449463,634877,0.01989176,0.011785530485212803,0.011673237197101116,0.0103684663772583
264968,fgsm_detrmodel,0.35984848484848486,0.2777777777777778,0.94000405,38.42829550853413,0.9888283014297485,0.9977362155914307,0.16931074857711792,0.025705814361572266,639905,0.020750165,0.011967582628130913,0.0119704008102417,0.011976785026490688
6771,fgsm_detrmodel,0.48484848484848486,0.2472943722943723,0.9191386,38.42563215728061,0.9850285053253174,0.9955565929412842,0.26984307169914246,0.050040602684020996,639890,0.020756062,0.011970531195402145,0.011980266310274601,0.01198448147624731
545100,fgsm_detrmodel,0.18006993006993005,0.17513368983957217,0.96816367,38.4192520291295,0.9946315288543701,0.9986612796783447,0.0867127850651741,0.018128156661987305,639968,0.020776365,0.011995627544820309,0.011997279711067677,0.011985872872173786
146155,fgsm_detrmodel,0.18560606060606058,0.17424242424242423,0.93908215,38.485292253495146,0.9885344505310059,0.9973015189170837,0.1392492651939392,0.02803361415863037,639625,0.020593064,0.011910508386790752,0.011918199248611927,0.01169486716389656
67213,fgsm_detrmodel,0.22546897546897549,0.12998405103668262,0.95226383,38.478625425641624,0.9916638135910034,0.9980190992355347,0.14862406253814697,0.028027892112731934,639451,0.02060381,0.011894398368895054,0.011915109120309353,0.011784379370510578
37670,fgsm_detrmodel,0.1666666666666667,0.11111111111111109,0.89616185,38.42083660371116,0.9754645228385925,0.987627387046814,0.2987325191497803,0.0934516191482544,639945,0.02077087,0.01199167501181364,0.011991582810878754,0.011988089419901371
389812,fgsm_detrmodel,0.5000000000000001,0.16666666666666663,0.97297335,38.447382609556826,0.9949490427970886,0.9986371397972107,0.08045613765716553,0.0170975923538208,639798,0.0206977,0.011931869201362133,0.011963899247348309,0.011879133060574532
169076,fgsm_detrmodel,0.16969696969696965,0.05454545454545455,0.9013901,38.63129855435299,0.9815875291824341,0.9939195513725281,0.24166734516620636,0.06422591209411621,640000,0.020233357,0.011985481716692448,0.010371468029916286,0.01198897510766983
52007,fgsm_detrmodel,0.19393939393939397,0.13078149920255186,0.9696953,38.868502907027526,0.9941964149475098,0.9977676272392273,0.10873474925756454,0.032723963260650635,604655,0.01907528,0.010846924968063831,0.010841830633580685,0.010848542675375938
278749,fgsm_detrmodel,0.16430976430976432,0.15151515151515152,0.97432667,38.45238772762579,0.9926375150680542,0.9976293444633484,0.09346607327461243,0.03166705369949341,638171,0.020655904,0.011910790577530861,0.011909524910151958,0.011910310946404934
401862,fgsm_detrmodel,0.46384297520661166,0.31818181818181823,0.95655125,38.44951270068779,0.9901053309440613,0.9974884390830994,0.12326999008655548,0.03256940841674805,639174,0.020677242,0.011906178668141365,0.011918430216610432,0.011934374459087849
566282,fgsm_detrmodel,0.15454545454545454,0.07727272727272727,0.94811934,38.59228924092876,0.990302324295044,0.9981140494346619,0.1298692524433136,0.02554476261138916,630111,0.020143071,0.011571294628083706,0.011569167487323284,0.011569034308195114
47585,fgsm_detrmodel,0.2900432900432901,0.18181818181818185,0.9375887,38.45600237334579,0.9869188070297241,0.9962018132209778,0.16228821873664856,0.04897904396057129,639893,0.020678988,0.011982424184679985,0.011984561569988728,0.01175790373235941
11699,fgsm_detrmodel,0.3333333333333334,0.24848484848484853,0.9299004,38.53918186134715,0.986616313457489,0.9969210028648376,0.16256989538669586,0.04061686992645264,637693,0.020412821,0.011846838518977165,0.011476405896246433,0.011791464872658253
9448,fgsm_detrmodel,0.5000000000000001,0.16666666666666663,0.9522524,38.66717543013977,0.9904369115829468,0.9976528882980347,0.08735990524291992,0.01809149980545044,639450,0.020131983,0.010535750538110733,0.011809729039669037,0.011879623867571354
470952,fgsm_detrmodel,0.40909090909090917,0.3484848484848485,0.94488686,38.4228646840188,0.9887981414794922,0.9970626831054688,0.1353050321340561,0.03671836853027344,639882,0.020764701,0.011981932446360588,0.011984645389020443,0.011987190693616867
33104,fgsm_detrmodel,0.19283746556473833,0.08080808080808081,0.9637001,38.441117104177664,0.9929265975952148,0.9975057244300842,0.07970254123210907,0.019096195697784424,639723,0.020712633,0.011919311247766018,0.011952592059969902,0.011943048797547817
364557,fgsm_detrmodel,0.5000000000000001,0.42424242424242414,0.9261821,38.48508007588946,0.9851195216178894,0.9956986904144287,0.1986825168132782,0.05058109760284424,639129,0.020581916,0.011817648075520992,0.011892201378941536,0.011810900643467903
240023,fgsm_detrmodel,0.16666666666666663,0.12672176308539942,0.92683417,38.4437722821384,0.9834563732147217,0.9955430626869202,0.17691314220428467,0.026575922966003418,639431,0.020699287,0.011903207749128342,0.011950613930821419,0.011947915889322758
292446,fgsm_detrmodel,0.1863636363636364,0.09740259740259741,0.94713205,38.43415898119082,0.9889957904815674,0.9967310428619385,0.12208374589681625,0.021057963371276855,639998,0.020735674,0.011950046755373478,0.011921167373657227,0.011999818496406078
122962,fgsm_detrmodel,0.1921487603305785,0.1432310114128296,0.95168644,38.437439472281454,0.9915906190872192,0.9976360201835632,0.11879723519086838,0.02114158868789673,639825,0.02072515,0.011969046667218208,0.011958031915128231,0.011924825608730316
488166,fgsm_detrmodel,0.1666666666666667,0.08333333333333336,0.9539325,38.85546721914568,0.9905478358268738,0.9968572854995728,0.1676987111568451,0.03244221210479736,639451,0.01941236,0.011130518279969692,0.011122378520667553,0.011115794070065022
371042,fgsm_detrmodel,0.13636363636363633,0.1272727272727273,0.95588,38.422042980010396,0.9902390241622925,0.9982097744941711,0.11131036281585693,0.02616286277770996,639934,0.020767841,0.011990093626081944,0.011984738521277905,0.011983964592218399
406129,fgsm_detrmodel,0.3333333333333334,0.11111111111111109,0.92657083,38.4336527720184,0.9803469181060791,0.9950671792030334,0.22142153978347778,0.0654916763305664,639704,0.020731127,0.011957280337810516,0.01196025125682354,0.011961331591010094
144984,fgsm_detrmodel,0.3333333333333334,0.11111111111111109,0.9139616,38.421771927141386,0.9791357517242432,0.992786705493927,0.23368552327156067,0.04963964223861694,639978,0.020769589,0.011996887624263763,0.011993180960416794,0.011973598040640354
74646,fgsm_detrmodel,0.12077922077922079,0.05681818181818182,0.89202446,38.41736559453639,0.9728618860244751,0.9661110639572144,0.37101641297340393,0.10323721170425415,639986,0.020781662,0.011998200789093971,0.011996394954621792,0.011998067609965801
187734,fgsm_detrmodel,0.1274662837162837,0.11917613636363637,0.94886255,38.43418235978456,0.988918662071228,0.9972885847091675,0.10523241013288498,0.024367153644561768,639703,0.020730022,0.011959927156567574,0.011961699463427067,0.011946870014071465
462643,fgsm_detrmodel,0.5000000000000001,0.25000000000000006,0.9016979,38.51099442824571,0.9797528982162476,0.9926663041114807,0.2912610173225403,0.07263004779815674,639916,0.02053026,0.01188507117331028,0.011864515021443367,0.01166326180100441
505789,fgsm_detrmodel,0.1832611832611833,0.11363636363636365,0.9776698,38.43854298867343,0.9958521127700806,0.9982166290283203,0.05314027518033981,0.009634017944335938,639826,0.020721192,0.011960434727370739,0.011960538104176521,0.011915484443306923
243034,fgsm_detrmodel,0.1799242424242424,0.06818181818181818,0.9142111,38.45838487982313,0.9788516759872437,0.99452143907547,0.26715853810310364,0.05070263147354126,639858,0.020669783,0.011964761652052402,0.011971646919846535,0.011777427978813648
130826,fgsm_detrmodel,0.2941176470588236,0.27272727272727276,0.9609968,38.46936737492423,0.9933926463127136,0.9976269602775574,0.08904297649860382,0.018376946449279785,638155,0.020604916,0.011859242804348469,0.011878241784870625,0.01187921967357397
500477,fgsm_detrmodel,0.25000000000000006,0.16666666666666663,0.95153666,38.421832399873416,0.9908758401870728,0.9980567693710327,0.14249040186405182,0.024176836013793945,639987,0.020769617,0.011992457322776318,0.011994303204119205,0.011975974775850773
494188,fgsm_detrmodel,0.11848484848484848,0.08388429752066115,0.95245117,38.490788389847154,0.9890793561935425,0.9965386986732483,0.1341843456029892,0.035881221294403076,638064,0.02055025,0.011866198852658272,0.011864296160638332,0.011745333671569824
286503,fgsm_detrmodel,0.3749999999999999,0.08787878787878788,0.9700935,38.44324380096386,0.9942983388900757,0.9979896545410156,0.08405765891075134,0.02310192584991455,639737,0.0207083,0.011956727132201195,0.011972230859100819,0.011872976087033749
562207,fgsm_detrmodel,0.2803030303030302,0.24999999999999992,0.9555251,38.63572203679144,0.9901881217956543,0.9973899722099304,0.14132434129714966,0.02928096055984497,633729,0.020053523,0.01158168539404869,0.011509394273161888,0.011468500830233097
330396,fgsm_detrmodel,0.40909090909090917,0.23863636363636362,0.92749333,38.42776498399493,0.9828249216079712,0.9963259696960449,0.26664015650749207,0.04634124040603638,639911,0.02075212,0.011973266489803791,0.011978409253060818,0.011964775621891022
241677,fgsm_detrmodel,0.12500000000000003,0.10606060606060605,0.98090583,38.42381629253681,0.9948277473449707,0.9986300468444824,0.05847826972603798,0.012661218643188477,639713,0.020759678,0.01198609545826912,0.011983678676187992,0.011974232271313667
457559,fgsm_detrmodel,0.37121212121212127,0.18961038961038962,0.9532721,38.497682800744855,0.9919403791427612,0.998234748840332,0.10133959352970123,0.009356796741485596,639613,0.020560613,0.011778839863836765,0.011741545982658863,0.011902987025678158
142238,fgsm_detrmodel,0.21764705882352942,0.1839725930635021,0.9769625,38.51587822597425,0.9950393438339233,0.9987038373947144,0.05140640214085579,0.008541345596313477,638065,0.020477222,0.01178967859596014,0.01182599738240242,0.011672958731651306
5193,fgsm_detrmodel,0.31168831168831174,0.29437229437229445,0.9317911,38.4272236256897,0.9871625304222107,0.9964690208435059,0.18802854418754578,0.03074049949645996,639862,0.020752702,0.01198258250951767,0.011979480274021626,0.011957141570746899
409211,fgsm_detrmodel,0.24636844636844643,0.1361853832442068,0.9243143,38.61580064251287,0.9867726564407349,0.9976219534873962,0.184151291847229,0.034412384033203125,639899,0.020269454,0.010726324282586575,0.011851645074784756,0.011950020678341389
223182,fgsm_detrmodel,0.1386363636363636,0.10165289256198347,0.9524632,38.54844532910454,0.993308424949646,0.9975103139877319,0.0954919159412384,0.017472386360168457,639710,0.020435745,0.011337179690599442,0.01178413350135088,0.011940362863242626
463174,fgsm_detrmodel,0.1666666666666667,0.08333333333333336,0.93188685,38.52053348399609,0.9880164861679077,0.9974693059921265,0.16905555129051208,0.02671605348587036,639934,0.020514607,0.0113096684217453,0.011985545046627522,0.011981905438005924
126137,fgsm_detrmodel,0.13360756890168654,0.0808080808080808,0.93295664,38.42974557405711,0.9874546527862549,0.9973137378692627,0.20373490452766418,0.032459139823913574,639868,0.020744655,0.01197219267487526,0.011968735605478287,0.011966715566813946
183391,fgsm_detrmodel,0.12610958065503516,0.11597063067651302,0.93969613,38.45092077982987,0.9880973696708679,0.997385561466217,0.1524648666381836,0.0185849666595459,639294,0.020675024,0.011920561082661152,0.011927946470677853,0.01192858163267374
179642,fgsm_detrmodel,0.19520035885167464,0.15909090909090912,0.94271034,38.4422370561788,0.9900175929069519,0.9972424507141113,0.127536803483963,0.024360477924346924,639831,0.02071267,0.011907416395843029,0.011968099512159824,0.011941236443817616
75612,fgsm_detrmodel,0.245697063878882,0.17942583732057416,0.92511076,38.455287556488656,0.9834424257278442,0.9941681027412415,0.19770652055740356,0.05263209342956543,638667,0.020650607,0.01190874818712473,0.011902814731001854,0.01191748771816492
527215,fgsm_detrmodel,0.43939393939393945,0.15289256198347106,0.93306035,38.67896054260705,0.9852766990661621,0.9970974922180176,0.13717444241046906,0.028815746307373047,639846,0.020110851,0.011773910373449326,0.011799023486673832,0.010761106386780739
468965,fgsm_detrmodel,0.30000000000000004,0.16313131313131315,0.96087855,38.448156754719925,0.9920167922973633,0.997609555721283,0.08592644333839417,0.01611149311065674,639600,0.020688087,0.011932405643165112,0.011925790458917618,0.011917841620743275
405279,fgsm_detrmodel,0.1818181818181818,0.09090909090909093,0.93143886,38.42067662438639,0.9814022779464722,0.994362473487854,0.19675399363040924,0.07224488258361816,639983,0.020773,0.01199718564748764,0.01199694536626339,0.01197619829326868
216296,fgsm_detrmodel,0.303030303030303,0.2803030303030302,0.90268016,38.443225852908235,0.9776529669761658,0.992434024810791,0.2790291905403137,0.03625065088272095,639775,0.020705855,0.01192383747547865,0.011926358565688133,0.011960617266595364
25394,fgsm_detrmodel,0.1863636363636364,0.13326446280991733,0.9318061,38.452554261747665,0.9859881401062012,0.9958827495574951,0.14678385853767395,0.032202839851379395,639537,0.020674061,0.011932707391679287,0.011934175156056881,0.01189095713198185
550714,fgsm_detrmodel,0.5000000000000001,0.16666666666666663,0.9508955,38.56485656217167,0.9869319796562195,0.9950265288352966,0.13590677082538605,0.027331233024597168,631718,0.020254878,0.011619814671576023,0.01163332536816597,0.011630145832896233
11149,fgsm_detrmodel,0.22510822510822515,0.11255411255411257,0.97477484,38.45344155804848,0.9941041469573975,0.9985734224319458,0.07795274257659912,0.014804840087890625,639513,0.020673959,0.011945350095629692,0.011922840029001236,0.011862793937325478
244833,fgsm_detrmodel,0.25000000000000006,0.23636363636363641,0.9350438,38.491894374358885,0.9892110824584961,0.9974842667579651,0.1903076171875,0.04320824146270752,639855,0.020581415,0.011755379848182201,0.01195919793099165,0.011735206469893456
31817,fgsm_detrmodel,0.3727272727272728,0.2272727272727273,0.950891,38.49613938336343,0.9910968542098999,0.9970834255218506,0.1440388411283493,0.026531875133514404,639791,0.020567592,0.01181353535503149,0.011933978646993637,0.011703737080097198
306136,fgsm_detrmodel,0.101010101010101,0.07575757575757576,0.90882427,38.51795772860683,0.979800820350647,0.9931256175041199,0.21762536466121674,0.06929600238800049,636924,0.020459903,0.011814267374575138,0.01178363710641861,0.01168056856840849
1353,fgsm_detrmodel,0.29090909090909095,0.26515151515151514,0.90278023,38.55887977346106,0.9799103140830994,0.993931233882904,0.26562488079071045,0.05062437057495117,640000,0.020419845,0.011998395435512066,0.011987377889454365,0.011055673472583294
185472,fgsm_detrmodel,0.13636363636363635,0.10227272727272728,0.97741437,38.52000904206608,0.994605541229248,0.9981929659843445,0.0633932501077652,0.013262391090393066,633680,0.020408848,0.011731166392564774,0.011746561154723167,0.0117099080234766
155341,fgsm_detrmodel,0.22222222222222218,0.08333333333333333,0.93236303,38.46808384236515,0.9848132133483887,0.9956409931182861,0.1864374876022339,0.02994018793106079,639446,0.02063174,0.011945502832531929,0.011896351352334023,0.011806091293692589
365745,fgsm_detrmodel,0.25000000000000006,0.13636363636363638,0.9532471,38.694231930436224,0.9901986122131348,0.9970578551292419,0.12444281578063965,0.030231177806854248,626716,0.019809261,0.01131866592913866,0.011298151686787605,0.011391610838472843
172648,fgsm_detrmodel,0.3333333333333334,0.18181818181818185,0.9650722,38.46771716155199,0.9917625784873962,0.9968964457511902,0.09614013135433197,0.0263863205909729,639519,0.020638037,0.011936299502849579,0.011941551230847836,0.011766739189624786
399764,fgsm_detrmodel,0.5000000000000001,0.16666666666666663,0.9292328,38.45667745103474,0.9864727258682251,0.9960194230079651,0.1858380138874054,0.034172773361206055,639780,0.020669658,0.011904419399797916,0.01193881407380104,0.011880744248628616
151938,fgsm_detrmodel,0.13333333333333336,0.08874458874458874,0.9004318,38.934400523175015,0.9829251766204834,0.9932690262794495,0.2696177363395691,0.0546036958694458,629134,0.019199394,0.011257068254053593,0.011120491661131382,0.01021080743521452
411953,fgsm_detrmodel,0.13636363636363638,0.0909090909090909,0.8916459,39.282145915280644,0.9817594885826111,0.9929308295249939,0.22892293334007263,0.048790574073791504,639763,0.018572893,0.01184946857392788,0.008955761790275574,0.009630326181650162
580197,fgsm_detrmodel,0.5000000000000001,0.4204545454545453,0.919388,38.41776889212591,0.9805419445037842,0.993952214717865,0.24959567189216614,0.04975765943527222,639990,0.020780567,0.01199882011860609,0.011996014975011349,0.011995604261755943
320743,fgsm_detrmodel,0.22098930481283424,0.20454545454545459,0.95749897,38.46083247973331,0.9922155141830444,0.9974700808525085,0.10182635486125946,0.02060723304748535,639905,0.02066525,0.011770669370889664,0.011962390504777431,0.011957390233874321
292155,fgsm_detrmodel,0.25000000000000006,0.0,0.9557416,38.456313130054845,0.9907447695732117,0.9964982271194458,0.09865240752696991,0.036910951137542725,638763,0.020654283,0.011906304396688938,0.011926352046430111,0.011876986362040043
521259,fgsm_detrmodel,0.13365472910927456,0.11447336265884653,0.95657396,38.52151101813231,0.9913208484649658,0.9974193572998047,0.10314987599849701,0.020247817039489746,639005,0.020484243,0.01176445372402668,0.0118703693151474,0.011643683537840843
242724,fgsm_detrmodel,0.5000000000000001,0.42424242424242414,0.9383041,38.43378093372104,0.9864267110824585,0.9962289333343506,0.17056168615818024,0.025920450687408447,639845,0.020733474,0.011941335164010525,0.011963382363319397,0.011973567306995392
470779,fgsm_detrmodel,0.25000000000000006,0.1994949494949495,0.94953245,38.423070656449624,0.9883130788803101,0.9957748651504517,0.1543363481760025,0.026819944381713867,639996,0.020766895,0.011993111111223698,0.011986317113041878,0.011976375244557858
32735,fgsm_detrmodel,0.5000000000000001,0.42424242424242414,0.8923306,38.422307459500715,0.9748309850692749,0.9892712831497192,0.3460933566093445,0.05866575241088867,639978,0.02076832,0.011972436681389809,0.011991510167717934,0.011993980966508389
463542,fgsm_detrmodel,0.19752664489506597,0.19475709475709477,0.92419106,38.443032153230284,0.9806984663009644,0.9942842721939087,0.20013485848903656,0.042648255825042725,639850,0.020710593,0.011890793219208717,0.011971265077590942,0.011949158273637295
AVERAGE,summary,38.5071,0.9873,0.9959,0.1698,0.0363,636990.8701,0.0205,0.0118,0.0118,0.0118
