image_id,variant,map_original,map_adversarial,SSIM,PSNR,MS-SSIM,FSIM,LPIPS,DISTS,L0,L2
252219,fgsm_fasterrcnnmodel,0.20000000000000004,0.0909090909090909,0.95222074,38.65642324038342,0.9876977801322937,0.987116277217865,0.08405977487564087,0.033725619316101074,408831,0.02013962,0.010537241585552692,0.011804746463894844,0.011900131590664387
174482,fgsm_fasterrcnnmodel,0.31818181818181823,0.25000000000000006,0.9650468,38.45560552389445,0.9849094152450562,0.988512396812439,0.08064502477645874,0.03770887851715088,409311,0.020667607,0.011926633305847645,0.011915097013115883,0.011877337470650673
296649,fgsm_fasterrcnnmodel,0.15151515151515152,0.12121212121212123,0.9692626,38.542391199069016,0.9890098571777344,0.9883550405502319,0.07389122247695923,0.03707069158554077,408551,0.020385591,0.011742613278329372,0.011732082813978195,0.011705916374921799
181666,fgsm_fasterrcnnmodel,0.12121212121212122,0.0,0.93762654,38.588061891306616,0.9728755950927734,0.9885552525520325,0.1868429034948349,0.07284241914749146,405979,0.020216456,0.01157595869153738,0.011569305323064327,0.011584087274968624
17627,fgsm_fasterrcnnmodel,0.15151515151515152,0.0,0.9378889,38.45579035840027,0.9702515602111816,0.9816255569458008,0.1584712266921997,0.06595635414123535,409427,0.020671878,0.011823453940451145,0.011963431723415852,0.011951863765716553
143931,fgsm_fasterrcnnmodel,0.5000000000000001,0.0,0.94616246,38.445139823678815,0.9743648767471313,0.9713000059127808,0.1472477912902832,0.062041282653808594,409045,0.020690138,0.01190448272973299,0.01194776501506567,0.011940372176468372
303818,fgsm_fasterrcnnmodel,0.3272727272727273,0.09090909090909093,0.97526914,38.43139256382213,0.9829763174057007,0.9875290393829346,0.06896373629570007,0.03498309850692749,409539,0.020741472,0.01194941159337759,0.01196604035794735,0.011976499110460281
397133,fgsm_fasterrcnnmodel,0.04545454545454546,0.04195804195804197,0.9505307,38.455403021227596,0.9813291430473328,0.9822365045547485,0.1151966080069542,0.05410432815551758,409449,0.020672703,0.011943889781832695,0.011932382360100746,0.011863143183290958
87038,fgsm_fasterrcnnmodel,0.06060606060606061,0.015151515151515152,0.93990475,38.43230741569249,0.9691036939620972,0.9767587780952454,0.17105016112327576,0.05798822641372681,409298,0.020730034,0.011964704841375351,0.011966656893491745,0.011967330239713192
348881,fgsm_fasterrcnnmodel,0.09090909090909093,0.0,0.94953436,38.63082404832675,0.9772314429283142,0.979296088218689,0.1396404206752777,0.0700196623802185,399901,0.019972466,0.011502739042043686,0.011452989652752876,0.01143350824713707
463730,fgsm_fasterrcnnmodel,0.16666666666666666,0.015151515151515152,0.9537198,38.44231877450305,0.979867160320282,0.9847936630249023,0.11660052090883255,0.056376099586486816,409559,0.020711787,0.011959433555603027,0.011922130361199379,0.011929621919989586
460347,fgsm_fasterrcnnmodel,0.5151515151515152,0.0303030303030303,0.95074105,38.44738310469096,0.972905158996582,0.980686604976654,0.1421295404434204,0.057637155055999756,409365,0.020690443,0.011936085298657417,0.011931467801332474,0.011906076222658157
322864,fgsm_fasterrcnnmodel,0.10454545454545455,0.0,0.9383432,38.4421830426904,0.9787064790725708,0.9740408062934875,0.15923942625522614,0.07319658994674683,409570,0.020715954,0.011985293589532375,0.01199102308601141,0.011838828213512897
308394,fgsm_fasterrcnnmodel,0.20000000000000004,0.0,0.9169951,38.835169551343014,0.9756737947463989,0.9784090518951416,0.18119843304157257,0.0702250599861145,402146,0.019443318,0.011339519172906876,0.010877839289605618,0.010895713232457638
456496,fgsm_fasterrcnnmodel,0.3333333333333334,0.0,0.96908545,38.4848317481119,0.986240804195404,0.9882623553276062,0.09098416566848755,0.08216506242752075,408270,0.02055839,0.011846611276268959,0.011833298951387405,0.01183608453720808
184321,fgsm_fasterrcnnmodel,1.0000000000000002,0.0,0.9478912,38.42256656056843,0.9719133377075195,0.9799809455871582,0.13804182410240173,0.0697864294052124,409591,0.0207677,0.011975807137787342,0.011995384469628334,0.011986279860138893
25560,fgsm_fasterrcnnmodel,0.1666666666666667,0.0,0.9277263,38.42408385833298,0.969149112701416,0.9726402759552002,0.185611292719841,0.056978046894073486,409583,0.020762537,0.011995318345725536,0.01198518555611372,0.0119645856320858
85329,fgsm_fasterrcnnmodel,0.5000000000000001,0.3333333333333334,0.88970876,38.4693989004788,0.957537829875946,0.9291289448738098,0.360784649848938,0.1483142375946045,408860,0.020618184,0.011895282194018364,0.011860977858304977,0.011879307217895985
329323,fgsm_fasterrcnnmodel,0.48484848484848486,0.022727272727272728,0.95398074,38.44106309371245,0.9846621751785278,0.9826725721359253,0.11706246435642242,0.05710887908935547,409445,0.020711258,0.011948185041546822,0.011929845437407494,0.011952245607972145
511321,fgsm_fasterrcnnmodel,0.5454545454545455,0.2727272727272727,0.95403415,38.446908365158556,0.9795612096786499,0.9844211935997009,0.16496971249580383,0.061233341693878174,409471,0.020696841,0.011924274265766144,0.01193192508071661,0.01193588599562645
233771,fgsm_fasterrcnnmodel,0.09090909090909093,0.04545454545454545,0.94488645,38.882418329269335,0.9867970943450928,0.9874892830848694,0.13281837105751038,0.07544845342636108,391307,0.019113807,0.010881725698709488,0.010888752527534962,0.01088468637317419
301867,fgsm_fasterrcnnmodel,0.20000000000000004,0.1272727272727273,0.9661135,38.45502815001972,0.9865355491638184,0.9847837686538696,0.08091902732849121,0.045105695724487305,407884,0.020636637,0.011897117830812931,0.011903657577931881,0.011901434510946274
80671,fgsm_fasterrcnnmodel,0.5000000000000001,0.3333333333333334,0.9126702,38.41739580953255,0.9539319276809692,0.9575963020324707,0.3141430616378784,0.1062016487121582,409589,0.02078145,0.011998064815998077,0.011997283436357975,0.011997255496680737
35197,fgsm_fasterrcnnmodel,0.18181818181818185,0.09090909090909093,0.93218213,38.48999928240158,0.9704350829124451,0.9753502607345581,0.19480735063552856,0.08392822742462158,408115,0.020540321,0.011819243431091309,0.011830395087599754,0.011838194914162159
486438,fgsm_fasterrcnnmodel,0.3333333333333334,0.1666666666666667,0.9212036,38.438283951322546,0.9679752588272095,0.9658769965171814,0.2346477210521698,0.08328568935394287,409600,0.020727219,0.011993665248155594,0.011989238671958447,0.011882863938808441
400573,fgsm_fasterrcnnmodel,0.0909090909090909,0.06818181818181818,0.95753163,38.469356435613314,0.9797759056091309,0.9824529886245728,0.10815534740686417,0.049381375312805176,408281,0.02060065,0.011900008656084538,0.011862857267260551,0.011868706904351711
515445,fgsm_fasterrcnnmodel,0.13636363636363635,0.0,0.9371609,38.43478795801056,0.9716576933860779,0.9799870848655701,0.20515629649162292,0.0897146463394165,409586,0.020735512,0.011896376498043537,0.011981124058365822,0.011994837783277035
321214,fgsm_fasterrcnnmodel,0.25000000000000006,0.1666666666666667,0.92178756,38.421639836020255,0.9619283676147461,0.9716826677322388,0.2042406052350998,0.05608499050140381,409588,0.020770201,0.011994736269116402,0.011987627483904362,0.011981403455138206
474028,fgsm_fasterrcnnmodel,0.18181818181818182,0.13636363636363635,0.9772894,38.43096182990177,0.9876447916030884,0.9878978729248047,0.04100149869918823,0.03111398220062256,409540,0.020743346,0.011933201923966408,0.011982657946646214,0.011979792267084122
63154,fgsm_fasterrcnnmodel,0.3333333333333334,0.0,0.95203656,38.41805740803282,0.9756196737289429,0.985661506652832,0.14756909012794495,0.06240963935852051,409590,0.020779574,0.011994974687695503,0.011996244080364704,0.011996989138424397
514508,fgsm_fasterrcnnmodel,0.13636363636363638,0.06818181818181818,0.9574258,38.42148481774986,0.9866077899932861,0.9845417737960815,0.09664133191108704,0.04157674312591553,409599,0.020771198,0.011968215927481651,0.011996247805655003,0.011999927461147308
78915,fgsm_fasterrcnnmodel,0.13636363636363638,0.06818181818181818,0.969723,38.43533161243486,0.9811077117919922,0.986243724822998,0.06467984616756439,0.027159392833709717,409546,0.020731179,0.011936093680560589,0.011970681138336658,0.011959300376474857
551215,fgsm_fasterrcnnmodel,0.5000000000000001,0.3333333333333334,0.97144693,38.4210770540692,0.9798922538757324,0.9834226965904236,0.07085603475570679,0.03210484981536865,409596,0.020771682,0.01199759729206562,0.0119933458045125,0.01197766326367855
544519,fgsm_fasterrcnnmodel,1.0000000000000002,0.5000000000000001,0.9280255,38.451324178710266,0.9705695509910583,0.9714370965957642,0.2607499957084656,0.07337594032287598,409597,0.020691426,0.01191103458404541,0.011986778117716312,0.011869017034769058
96493,fgsm_fasterrcnnmodel,0.20000000000000004,0.0,0.95369333,38.47618777603787,0.9755317568778992,0.978538990020752,0.100578173995018,0.046187520027160645,408728,0.020594811,0.011865824460983276,0.011808803305029869,0.011898471973836422
23899,fgsm_fasterrcnnmodel,0.21212121212121215,0.0,0.9108239,38.49086388336304,0.9648725390434265,0.9650698304176331,0.2982714772224426,0.11059713363647461,409478,0.020569002,0.011843803338706493,0.011828248389065266,0.011907135136425495
57597,fgsm_fasterrcnnmodel,0.03896103896103896,0.006493506493506494,0.9489518,38.42869876580001,0.9749374389648438,0.9837576746940613,0.0887933000922203,0.03692448139190674,409505,0.020748544,0.01197484228760004,0.011976711452007294,0.011958782561123371
559842,fgsm_fasterrcnnmodel,0.13636363636363638,0.08333333333333333,0.9791419,38.42783312546844,0.9888246059417725,0.9888305068016052,0.044960133731365204,0.025934219360351562,409556,0.020752156,0.0119672492146492,0.011977160349488258,0.011970403604209423
399462,fgsm_fasterrcnnmodel,0.3333333333333334,0.06060606060606061,0.9765134,38.42438232822828,0.9900046586990356,0.9911876916885376,0.04796625301241875,0.030452609062194824,409552,0.020760564,0.01197512075304985,0.011984176933765411,0.011982519179582596
261061,fgsm_fasterrcnnmodel,0.25000000000000006,0.20000000000000004,0.95110816,38.489043487531845,0.9817605018615723,0.9829195737838745,0.10811099410057068,0.03587251901626587,408962,0.020567048,0.011755564250051975,0.011925077065825462,0.011796882376074791
383384,fgsm_fasterrcnnmodel,0.11363636363636365,0.05454545454545454,0.96666056,38.43730164547236,0.9817670583724976,0.9809408187866211,0.06077159196138382,0.04008907079696655,409555,0.02072732,0.011928770691156387,0.011960407719016075,0.011970503255724907
342006,fgsm_fasterrcnnmodel,0.18181818181818182,0.0,0.93734,38.427535513364354,0.9649726748466492,0.9764211773872375,0.20417043566703796,0.08224225044250488,409591,0.02075455,0.011937682516872883,0.011996581219136715,0.01198542583733797
217285,fgsm_fasterrcnnmodel,0.06818181818181818,0.045454545454545456,0.97259206,38.4483173592277,0.9902798533439636,0.9884554147720337,0.04914131388068199,0.0392037034034729,409577,0.020699468,0.011849925853312016,0.01197755802422762,0.011944017373025417
524456,fgsm_fasterrcnnmodel,0.1666666666666667,0.09090909090909093,0.96098703,38.46599709089639,0.9821853637695312,0.9819304347038269,0.0822947770357132,0.03394269943237305,409208,0.02063328,0.01194691937416792,0.011861559934914112,0.011850315146148205
213086,fgsm_fasterrcnnmodel,0.20000000000000004,0.0,0.93992966,38.437463727528225,0.9764573574066162,0.9787847995758057,0.15881523489952087,0.058474183082580566,409541,0.02072661,0.011966084130108356,0.011986867524683475,0.011900157667696476
368294,fgsm_fasterrcnnmodel,0.5000000000000001,0.20000000000000004,0.951988,38.59068525137599,0.9827911853790283,0.9850194454193115,0.0917583778500557,0.03748410940170288,404375,0.020179901,0.011621390469372272,0.011554582044482231,0.011511399410665035
171190,fgsm_fasterrcnnmodel,0.06655844155844157,0.02727272727272727,0.93569535,38.45150938042992,0.9724411964416504,0.9721090197563171,0.15659382939338684,0.06854391098022461,409578,0.020691747,0.011976636946201324,0.011939781717956066,0.011848819442093372
301135,fgsm_fasterrcnnmodel,0.08712121212121211,0.011363636363636364,0.98078865,38.65078762562034,0.991525411605835,0.9924641251564026,0.03729575127363205,0.026777267456054688,408176,0.020110166,0.011418763548135757,0.011690806597471237,0.011217274703085423
580294,fgsm_fasterrcnnmodel,0.12500000000000003,0.0,0.94801116,38.43603138714854,0.9798938035964966,0.9795441031455994,0.13220089673995972,0.05853891372680664,409570,0.02073059,0.01196308620274067,0.011957397684454918,0.011944247409701347
494869,fgsm_fasterrcnnmodel,0.1666666666666667,0.09090909090909093,0.9523805,38.47644480866545,0.9769712686538696,0.9805742502212524,0.09948524087667465,0.06270241737365723,409599,0.020627314,0.01161325816065073,0.011969288811087608,0.011996018700301647
33638,fgsm_fasterrcnnmodel,0.1666666666666667,0.0,0.9221131,38.60379519261637,0.9708166122436523,0.9716839790344238,0.19721105694770813,0.07982885837554932,409594,0.020304732,0.011996307410299778,0.011998007073998451,0.010657730512320995
329219,fgsm_fasterrcnnmodel,0.12500000000000003,0.0,0.94676536,38.417001956035676,0.9759380221366882,0.9752966165542603,0.1276128888130188,0.05172210931777954,409597,0.020782763,0.011997670866549015,0.011999053880572319,0.011998810805380344
356387,fgsm_fasterrcnnmodel,0.15909090909090912,0.022727272727272728,0.9701794,38.564540919548264,0.9862753748893738,0.9881801009178162,0.07634378224611282,0.05455368757247925,409425,0.020342272,0.011552402749657631,0.011642737314105034,0.011832261458039284
367680,fgsm_fasterrcnnmodel,0.5454545454545456,0.0,0.95524025,38.42730634763433,0.9813947677612305,0.985959529876709,0.13342732191085815,0.040830373764038086,409521,0.020752478,0.011974618770182133,0.011973721906542778,0.011972853913903236
117425,fgsm_fasterrcnnmodel,0.0909090909090909,0.045454545454545456,0.93136,38.470024440684185,0.9720875024795532,0.9737655520439148,0.17827901244163513,0.06349050998687744,409393,0.020629456,0.01194198802113533,0.011923020705580711,0.011779773980379105
214720,fgsm_fasterrcnnmodel,0.09090909090909093,0.0,0.9559409,38.51216368892593,0.9830328226089478,0.9827202558517456,0.11353748291730881,0.06616723537445068,408076,0.020467289,0.01171761006116867,0.011827546171844006,0.011754445731639862
278848,fgsm_fasterrcnnmodel,0.20000000000000004,0.0,0.94767827,38.61689647957156,0.9769829511642456,0.9803805351257324,0.17896759510040283,0.1078946590423584,400670,0.020017456,0.011525877751410007,0.011503780260682106,0.011491604149341583
166391,fgsm_fasterrcnnmodel,0.06060606060606061,0.0,0.91014224,38.416747633433815,0.9562188386917114,0.9609514474868774,0.25722795724868774,0.12992477416992188,409600,0.020783598,0.011998078785836697,0.01199934259057045,0.011999821290373802
48153,fgsm_fasterrcnnmodel,0.3333333333333334,0.0,0.97655314,38.506234868182844,0.9890546798706055,0.9853461980819702,0.04076622426509857,0.03696078062057495,409370,0.020538643,0.011524823494255543,0.01192281860858202,0.011914595030248165
459153,fgsm_fasterrcnnmodel,0.20000000000000004,0.14285714285714288,0.99164313,38.47827317303128,0.9946449995040894,0.9928526282310486,0.02378137782216072,0.025687694549560547,408846,0.020594519,0.01183709129691124,0.011882676742970943,0.011818451806902885
295713,fgsm_fasterrcnnmodel,0.07727272727272727,0.02727272727272727,0.9585514,38.42810139913818,0.9814850687980652,0.9834089279174805,0.10004504024982452,0.04304301738739014,409526,0.020750448,0.011978967115283012,0.011972620151937008,0.011963172815740108
273132,fgsm_fasterrcnnmodel,0.3333333333333334,0.0,0.94634753,38.41827632384276,0.9788955450057983,0.9797672629356384,0.14766620099544525,0.09692782163619995,409600,0.020779721,0.011998913250863552,0.011996081098914146,0.011994846165180206
198960,fgsm_fasterrcnnmodel,0.12121212121212122,0.0,0.9951048,38.466136059034,0.9958531856536865,0.9957389235496521,0.05731993913650513,0.10592401027679443,408903,0.020627603,0.01188679225742817,0.01187378540635109,0.011869566515088081
458109,fgsm_fasterrcnnmodel,0.5000000000000001,0.0,0.9661209,38.471417471453606,0.9883034229278564,0.9860459566116333,0.08779436349868774,0.05726170539855957,409017,0.020616444,0.011812404729425907,0.011874142102897167,0.011921954341232777
476415,fgsm_fasterrcnnmodel,0.3333333333333334,0.0,0.8880456,38.838740009137936,0.9658887386322021,0.964211106300354,0.261592298746109,0.10508847236633301,389837,0.019211166,0.011011931113898754,0.010944196954369545,0.010864844545722008
292082,fgsm_fasterrcnnmodel,0.25000000000000006,0.06818181818181819,0.9496681,38.417174778994486,0.9783633947372437,0.9791098833084106,0.14315490424633026,0.0748969316482544,409599,0.020782366,0.011998916044831276,0.011997704394161701,0.01199783943593502
352684,fgsm_fasterrcnnmodel,0.31168831168831174,0.12121212121212122,0.9221108,38.418200193588135,0.9638006091117859,0.9608383774757385,0.17459917068481445,0.10270678997039795,409599,0.020779798,0.01199010293930769,0.011998691596090794,0.011998062022030354
512836,fgsm_fasterrcnnmodel,0.2181818181818182,0.0,0.94966406,38.416367467654034,0.9752510786056519,0.9809054732322693,0.15632064640522003,0.05002957582473755,409600,0.020784624,0.012000013142824173,0.012000010348856449,0.0120000084862113
8021,fgsm_fasterrcnnmodel,0.3333333333333334,0.12121212121212122,0.9219394,38.591845716846905,0.9643372297286987,0.9633148908615112,0.1852029263973236,0.08324259519577026,408899,0.02027364,0.01184822991490364,0.011674043722450733,0.011276671662926674
107226,fgsm_fasterrcnnmodel,0.21212121212121215,0.025974025974025976,0.94678456,38.49341808354242,0.9779080152511597,0.9794514179229736,0.14038167893886566,0.04761171340942383,409599,0.020584386,0.011996395885944366,0.011998193338513374,0.011431812308728695
177015,fgsm_fasterrcnnmodel,0.20000000000000004,0.14285714285714288,0.96872836,38.44846018870352,0.9797607660293579,0.9776031970977783,0.08206558227539062,0.04881763458251953,409515,0.020694774,0.011955183930695057,0.01196259818971157,0.011856336146593094
288042,fgsm_fasterrcnnmodel,0.25000000000000006,0.0,0.95536596,38.48234073129412,0.9787414073944092,0.9825839996337891,0.12023863196372986,0.051567792892456055,409148,0.020590669,0.011880184523761272,0.011930948123335838,0.011721720919013023
500257,fgsm_fasterrcnnmodel,0.09090909090909091,0.03636363636363636,0.9574716,38.69119010844673,0.9820989966392517,0.9834867715835571,0.11880490183830261,0.055932462215423584,409353,0.020024188,0.011691215448081493,0.01097548846155405,0.011382335796952248
334719,fgsm_fasterrcnnmodel,0.17575757575757578,0.01818181818181818,0.96425205,38.417593961137506,0.9793218374252319,0.9860719442367554,0.07774032652378082,0.05043816566467285,409597,0.020781212,0.011997255496680737,0.011997861787676811,0.01199575699865818
283520,fgsm_fasterrcnnmodel,0.5000000000000001,0.18181818181818185,0.9862707,38.41943310111535,0.9901763200759888,0.9917314648628235,0.0361800342798233,0.0340195894241333,409597,0.020776307,0.011996841058135033,0.011996852234005928,0.011983748525381088
319721,fgsm_fasterrcnnmodel,0.21212121212121215,0.12121212121212122,0.95585316,38.4639583707306,0.9810600280761719,0.9813840389251709,0.09433381259441376,0.04192495346069336,409565,0.020658555,0.011981766670942307,0.011981814168393612,0.011710131540894508
347265,fgsm_fasterrcnnmodel,0.5000000000000001,0.3333333333333334,0.9713033,38.43123689276479,0.9836546778678894,0.9902123212814331,0.08396322280168533,0.03766137361526489,409498,0.020741414,0.011981762945652008,0.01197038870304823,0.01193744782358408
414170,fgsm_fasterrcnnmodel,0.3333333333333334,0.15909090909090912,0.9751037,38.431687481261505,0.9890156984329224,0.9883553981781006,0.08910535275936127,0.036472320556640625,409478,0.020739464,0.011960957199335098,0.011976586654782295,0.011951151303946972
231508,fgsm_fasterrcnnmodel,0.11616161616161617,0.0,0.97558576,38.443184569452825,0.9882881045341492,0.9897705316543579,0.046738285571336746,0.02459019422531128,409557,0.02071172,0.011974955908954144,0.01197170652449131,0.011858318001031876
261982,fgsm_fasterrcnnmodel,0.34090909090909094,0.3333333333333334,0.94910556,38.59702369863626,0.9799884557723999,0.9828703999519348,0.1049891859292984,0.05013692378997803,406694,0.020210622,0.011429805308580399,0.01158503070473671,0.011719915084540844
541055,fgsm_fasterrcnnmodel,0.20454545454545459,0.06818181818181818,0.9560554,38.54351961459067,0.9802738428115845,0.9835013747215271,0.10690952837467194,0.04712259769439697,409391,0.020443467,0.011932158842682838,0.011844383552670479,0.011312348768115044
409475,fgsm_fasterrcnnmodel,1.0000000000000002,0.5000000000000001,0.93117976,38.42038037474112,0.9703747034072876,0.9744564890861511,0.19453248381614685,0.08037304878234863,409588,0.02077329,0.011993872933089733,0.011988976038992405,0.011987204663455486
331817,fgsm_fasterrcnnmodel,0.09090909090909093,0.0,0.96632075,38.47854310259706,0.9887779951095581,0.9847180247306824,0.07159680128097534,0.03243613243103027,409220,0.020605192,0.011821398511528969,0.011916078627109528,0.011811363510787487
363207,fgsm_fasterrcnnmodel,0.1272727272727273,0.06060606060606061,0.9459035,38.42561112027039,0.9735767245292664,0.9762779474258423,0.15377160906791687,0.06055593490600586,409531,0.020756613,0.01197267509996891,0.011979997158050537,0.011981516145169735
172571,fgsm_fasterrcnnmodel,0.08333333333333336,0.0,0.9523225,38.42255513472595,0.9791215658187866,0.9811851978302002,0.11803749203681946,0.04704415798187256,409585,0.020766752,0.01198209635913372,0.01198788732290268,0.011988086625933647
294831,fgsm_fasterrcnnmodel,0.14285714285714288,0.0,0.9284808,38.41816396879372,0.9686298370361328,0.9761980772018433,0.2051449716091156,0.0903899073600769,409600,0.020779917,0.011997496709227562,0.011996593326330185,0.011994301341474056
323355,fgsm_fasterrcnnmodel,0.18181818181818185,0.1090909090909091,0.9462213,38.44277393758688,0.9779771566390991,0.9804779887199402,0.11378742754459381,0.0385206937789917,409540,0.020710956,0.011882978491485119,0.011983206495642662,0.01195375807583332
507223,fgsm_fasterrcnnmodel,0.15151515151515152,0.06818181818181818,0.97236806,38.47261330733572,0.9905353784561157,0.9880682229995728,0.05349767208099365,0.0297660231590271,409017,0.020612268,0.011830751784145832,0.011873984709382057,0.011880691163241863
281414,fgsm_fasterrcnnmodel,0.3333333333333334,0.25000000000000006,0.9651583,38.44115647824214,0.9861153364181519,0.9845982193946838,0.07064639776945114,0.03913223743438721,409528,0.020715516,0.011935412883758545,0.01197438221424818,0.011916122399270535
108026,fgsm_fasterrcnnmodel,0.25000000000000006,0.20000000000000004,0.8740286,39.32952151725166,0.9749406576156616,0.9758084416389465,0.23521743714809418,0.08799797296524048,386039,0.017898848,0.01052554976195097,0.009730067104101181,0.009346586652100086
243204,fgsm_fasterrcnnmodel,0.25000000000000006,0.0,0.9398403,38.41871837416234,0.9707403182983398,0.9683308005332947,0.13203036785125732,0.06856566667556763,409600,0.020778509,0.011987477540969849,0.011999526992440224,0.011997247114777565
38829,fgsm_fasterrcnnmodel,0.2727272727272727,0.045454545454545456,0.95378494,38.63213395225492,0.986667275428772,0.9868965148925781,0.07907165586948395,0.04233443737030029,406475,0.020112222,0.011442091315984726,0.011641273275017738,0.011361384764313698
555050,fgsm_fasterrcnnmodel,0.1168831168831169,0.06818181818181819,0.96200234,38.454978302460354,0.9844273328781128,0.987026035785675,0.07369273900985718,0.03415626287460327,409251,0.020668495,0.01194229256361723,0.011889267712831497,0.011882671155035496
534827,fgsm_fasterrcnnmodel,0.3333333333333333,0.0,0.94588655,38.969530797710824,0.9768862128257751,0.9752650856971741,0.19983460009098053,0.06279224157333374,376045,0.018594196,0.010595031082630157,0.010493768379092216,0.010641748085618019
199977,fgsm_fasterrcnnmodel,1.0000000000000002,0.5000000000000001,0.8925267,38.417201266576896,0.9471990466117859,0.9117724895477295,0.3434099555015564,0.16551029682159424,409592,0.020782137,0.011996629647910595,0.011998496949672699,0.011998839676380157
442480,fgsm_fasterrcnnmodel,0.3333333333333334,0.0,0.94184846,38.438359658199666,0.9639192819595337,0.9759531617164612,0.167849600315094,0.07357168197631836,409452,0.020721016,0.011912936344742775,0.011953046545386314,0.011968662962317467
384350,fgsm_fasterrcnnmodel,0.5454545454545455,0.0,0.9228477,38.445112389967186,0.9640403985977173,0.9687714576721191,0.19989429414272308,0.06979835033416748,408869,0.0206835,0.011940529569983482,0.011929210275411606,0.011920962482690811
189828,fgsm_fasterrcnnmodel,1.0000000000000002,0.0,0.91098905,38.43050293908463,0.9600958228111267,0.9488998651504517,0.24224430322647095,0.13240820169448853,409593,0.020746196,0.011959481053054333,0.01195128820836544,0.011988651938736439
412894,fgsm_fasterrcnnmodel,0.3068181818181819,0.022727272727272728,0.9534238,38.56465455848403,0.9854024648666382,0.9850456118583679,0.11144689470529556,0.04879188537597656,407188,0.020305473,0.011626123450696468,0.011729441583156586,0.01158576924353838
361103,fgsm_fasterrcnnmodel,0.05194805194805195,0.011363636363636364,0.961052,38.531120327773216,0.9869110584259033,0.9866963028907776,0.08163143694400787,0.05035138130187988,407131,0.020400917,0.011684907600283623,0.01172520499676466,0.011739370413124561
392722,fgsm_fasterrcnnmodel,0.23636363636363641,0.0,0.95648974,38.426150291351505,0.9790078401565552,0.9853672981262207,0.10127042979001999,0.05753910541534424,409480,0.020753585,0.011976281180977821,0.01197692472487688,0.01197657361626625
338560,fgsm_fasterrcnnmodel,0.5151515151515152,0.3333333333333334,0.9550026,38.42929941331575,0.9793943762779236,0.9825963973999023,0.11788320541381836,0.05141282081604004,409590,0.020749873,0.011939160525798798,0.011991361156105995,0.01198041532188654
264535,fgsm_fasterrcnnmodel,0.09090909090909091,0.0,0.9769544,38.646124560399144,0.9942392110824585,0.9917540550231934,0.05834214389324188,0.04786860942840576,407756,0.020092113,0.011411863379180431,0.011371693573892117,0.01160630863159895
458755,fgsm_fasterrcnnmodel,0.0909090909090909,0.0,0.9756608,38.48859384573355,0.9897016286849976,0.98964923620224,0.07038261741399765,0.04717087745666504,409079,0.020561028,0.011824374087154865,0.011846775189042091,0.011851315386593342
130599,fgsm_fasterrcnnmodel,1.0000000000000002,0.5000000000000001,0.9632823,38.422571427783936,0.983331561088562,0.9874277114868164,0.10036570578813553,0.04885464906692505,409574,0.02076718,0.011981789954006672,0.011990925297141075,0.011980745941400528
140640,fgsm_fasterrcnnmodel,0.1666666666666667,0.10606060606060608,0.9441989,38.441842426742,0.9773563146591187,0.9769827127456665,0.13498573005199432,0.05080068111419678,409557,0.020713676,0.011984671466052532,0.011940062046051025,0.011891789734363556
338986,fgsm_fasterrcnnmodel,0.3333333333333334,0.0,0.93359256,38.43754423661162,0.9670881032943726,0.9784281849861145,0.17291438579559326,0.04780471324920654,409548,0.020725109,0.011913353577256203,0.011970614083111286,0.011965181678533554
79837,fgsm_fasterrcnnmodel,0.18181818181818182,0.0,0.9180033,38.435521362587565,0.9529842138290405,0.9621812701225281,0.2651945650577545,0.15799462795257568,409485,0.020727534,0.0119509007781744,0.011955291032791138,0.01196885947138071
21903,fgsm_fasterrcnnmodel,0.18181818181818185,0.0,0.97266483,38.57129769300386,0.9881965517997742,0.9903150796890259,0.06615391373634338,0.04393261671066284,409385,0.020358399,0.011928673833608627,0.011530393734574318,0.011454693973064423
337055,fgsm_fasterrcnnmodel,0.3333333333333334,0.0,0.9731446,38.42114329398602,0.9844406843185425,0.9859648942947388,0.07487747073173523,0.054702937602996826,409572,0.020770632,0.011985701508820057,0.011992285028100014,0.011987239122390747
34139,fgsm_fasterrcnnmodel,0.25000000000000006,0.13636363636363638,0.9616563,38.48710617294352,0.9870494604110718,0.9853175282478333,0.08978098630905151,0.036843836307525635,409045,0.020569919,0.011838315986096859,0.01179878506809473,0.011853831820189953
80340,fgsm_fasterrcnnmodel,0.08946608946608949,0.0303030303030303,0.97050697,38.427908807433326,0.9864668846130371,0.9837193489074707,0.07357698678970337,0.049479126930236816,409545,0.020751644,0.011979148723185062,0.011978749185800552,0.011955391615629196
121031,fgsm_fasterrcnnmodel,0.24242424242424246,0.0909090909090909,0.991263,38.45241102463347,0.9932594299316406,0.9931475520133972,0.02425723895430565,0.02171492576599121,409402,0.020680148,0.01189329382032156,0.011907612904906273,0.011923358775675297
453708,fgsm_fasterrcnnmodel,0.12121212121212122,0.0202020202020202,0.9382184,38.55193568073366,0.9767978191375732,0.983214795589447,0.19299128651618958,0.0853269100189209,405796,0.02032092,0.011626984924077988,0.011699442751705647,0.011729043908417225
261116,fgsm_fasterrcnnmodel,0.1666666666666667,0.12121212121212119,0.94738835,38.490876100657786,0.9796966314315796,0.9802241325378418,0.12174800038337708,0.043877482414245605,409465,0.020579908,0.011807326227426529,0.011900292709469795,0.011768314987421036
43314,fgsm_fasterrcnnmodel,0.09090909090909091,0.0,0.93575263,38.750461853494194,0.9808855056762695,0.9843897223472595,0.13978654146194458,0.06842362880706787,395026,0.019545222,0.011239648796617985,0.01115453988313675,0.011041912250220776
273715,fgsm_fasterrcnnmodel,0.27272727272727276,0.04545454545454545,0.9213751,38.57924574973492,0.9731197357177734,0.9774213433265686,0.18094712495803833,0.05580401420593262,401233,0.02015134,0.011574921198189259,0.011555020697414875,0.011576519347727299
456303,fgsm_fasterrcnnmodel,0.21212121212121215,0.0,0.9184982,38.97183993179384,0.9754589796066284,0.9832633137702942,0.17333583533763885,0.06113743782043457,407806,0.019263411,0.011658339761197567,0.011072123423218727,0.009583265520632267
406611,fgsm_fasterrcnnmodel,0.06060606060606061,0.022727272727272728,0.9505517,38.44041479331666,0.9757970571517944,0.9869449734687805,0.14861704409122467,0.05064189434051514,409380,0.020712418,0.01194047462195158,0.011938205920159817,0.011939829215407372
475064,fgsm_fasterrcnnmodel,0.09090909090909091,0.0,0.9450765,38.61688717921753,0.9843677282333374,0.9835108518600464,0.1314893364906311,0.04837501049041748,407518,0.020169014,0.011680042371153831,0.011688793078064919,0.011260142549872398
466567,fgsm_fasterrcnnmodel,0.5000000000000001,0.0,0.9859259,38.51442925041593,0.9930857419967651,0.9920070171356201,0.024595268070697784,0.025778114795684814,409146,0.020507345,0.011635035276412964,0.01187913864850998,0.011771989986300468
137246,fgsm_fasterrcnnmodel,0.14285714285714288,0.12500000000000003,0.9460874,38.45322236065884,0.9796108603477478,0.9808773398399353,0.14795874059200287,0.06128048896789551,409227,0.02066992,0.01191090140491724,0.011915505863726139,0.011904197745025158
226147,fgsm_fasterrcnnmodel,0.055555555555555566,0.03208556149732621,0.94243985,38.46247549073464,0.9773252010345459,0.9776726365089417,0.12232145667076111,0.04853105545043945,409498,0.020655198,0.011952023953199387,0.011889013461768627,0.01183508150279522
162092,fgsm_fasterrcnnmodel,0.13636363636363638,0.050505050505050504,0.925981,38.637153563103624,0.9704651832580566,0.9727380871772766,0.1822240799665451,0.08021140098571777,408014,0.020134818,0.011699223890900612,0.011502671986818314,0.011356735602021217
263969,fgsm_fasterrcnnmodel,0.1090909090909091,0.07792207792207793,0.9191442,38.887298604821346,0.9825457334518433,0.9838496446609497,0.14165055751800537,0.057672739028930664,389717,0.019081092,0.011002284474670887,0.010838045738637447,0.010661711916327477
551439,fgsm_fasterrcnnmodel,0.20000000000000004,0.0,0.9331792,38.60477081575857,0.9779977798461914,0.9795932769775391,0.1467413306236267,0.06508433818817139,403625,0.02014257,0.011646809987723827,0.011582435108721256,0.011349571868777275
474167,fgsm_fasterrcnnmodel,0.045454545454545456,0.0,0.9434932,38.46123808770836,0.978299617767334,0.9782922863960266,0.13854679465293884,0.055783867835998535,409400,0.020659233,0.011969282291829586,0.011950762011110783,0.011752229183912277
386352,fgsm_fasterrcnnmodel,0.12987012987012989,0.05909090909090909,0.94481677,38.440909925882195,0.98199462890625,0.9820098280906677,0.15862390398979187,0.06554043292999268,409563,0.020718656,0.011885480023920536,0.011966751888394356,0.011971348896622658
311394,fgsm_fasterrcnnmodel,0.6666666666666669,0.25000000000000006,0.94702417,38.43133528861584,0.9738640189170837,0.9716665148735046,0.13278187811374664,0.05514651536941528,409580,0.020743584,0.011942386627197266,0.011983828619122505,0.011970805004239082
578489,fgsm_fasterrcnnmodel,0.14545454545454548,0.045454545454545456,0.9369307,38.54104070706913,0.9784941673278809,0.97598797082901,0.13390250504016876,0.06128859519958496,409144,0.020407675,0.011722817085683346,0.011860557831823826,0.011605828069150448
491366,fgsm_fasterrcnnmodel,0.07792207792207793,0.06818181818181819,0.92672485,38.46662547871215,0.9715163707733154,0.9728406071662903,0.197615385055542,0.07695770263671875,409388,0.02063815,0.011906985193490982,0.0118741849437356,0.011893362738192081
448076,fgsm_fasterrcnnmodel,0.07954545454545456,0.06818181818181819,0.93742657,38.46937802336127,0.9744149446487427,0.9755990505218506,0.14419518411159515,0.05356252193450928,407723,0.020590987,0.01187813375145197,0.011856934987008572,0.011863415129482746
141821,fgsm_fasterrcnnmodel,0.06818181818181819,0.0,0.9599255,38.416952120009434,0.9847167730331421,0.985450029373169,0.08692619204521179,0.04392808675765991,409599,0.02078306,0.011999780312180519,0.011999632231891155,0.011996394023299217
410650,fgsm_fasterrcnnmodel,0.022727272727272728,0.0,0.94356614,38.43008694782915,0.9753700494766235,0.9860500693321228,0.14808712899684906,0.05059313774108887,409560,0.020746222,0.011974353343248367,0.011951949447393417,0.011970757506787777
199310,fgsm_fasterrcnnmodel,0.3333333333333334,0.25000000000000006,0.9689141,38.624940419132045,0.9878093004226685,0.9894862174987793,0.058475784957408905,0.03282433748245239,409128,0.02020513,0.01139143668115139,0.01185784675180912,0.011255237273871899
89648,fgsm_fasterrcnnmodel,0.055735930735930736,0.0,0.9418879,38.43649730004626,0.9787311553955078,0.9795678853988647,0.144661083817482,0.055471062660217285,409493,0.020724755,0.01195521280169487,0.01195308193564415,0.01195528544485569
520264,fgsm_fasterrcnnmodel,0.12500000000000003,0.11111111111111113,0.9408428,38.48586037556803,0.9756855964660645,0.9768160581588745,0.1634402573108673,0.07956624031066895,407039,0.020537997,0.011863424442708492,0.011867974884808064,0.01174162421375513
151000,fgsm_fasterrcnnmodel,0.11363636363636365,0.06818181818181818,0.9394531,38.472688787595985,0.9791344404220581,0.9801447987556458,0.1575859636068344,0.05958700180053711,409174,0.020614523,0.01186993159353733,0.01187014952301979,0.011852195486426353
100624,fgsm_fasterrcnnmodel,0.1090909090909091,0.05454545454545454,0.9271107,38.60907463356447,0.9783062934875488,0.9804075360298157,0.20038887858390808,0.06362438201904297,406435,0.020180624,0.011795410886406898,0.011578449979424477,0.011233963072299957
117645,fgsm_fasterrcnnmodel,0.5000000000000001,0.25000000000000006,0.9038294,38.416446951390355,0.9456268548965454,0.9503838419914246,0.35140877962112427,0.12762707471847534,409600,0.020784397,0.011999793350696564,0.011999859474599361,0.011999842710793018
403565,fgsm_fasterrcnnmodel,0.6666666666666669,0.25000000000000006,0.9649925,38.51531617767286,0.9814733266830444,0.991773247718811,0.08910880237817764,0.0320090651512146,408614,0.020485668,0.011733814142644405,0.011815827339887619,0.01170253288000822
530099,fgsm_fasterrcnnmodel,0.3333333333333334,0.0,0.8857158,38.92646707417575,0.9602949023246765,0.9521080255508423,0.2960131764411926,0.1064562201499939,408276,0.019325541,0.011106624267995358,0.01112650241702795,0.011127128265798092
97679,fgsm_fasterrcnnmodel,0.3333333333333334,0.13636363636363638,0.94078135,38.417414169887614,0.9681264758110046,0.9787829518318176,0.19790980219841003,0.08160990476608276,409595,0.0207816,0.011998031288385391,0.011997632682323456,0.011996526271104813
570539,fgsm_fasterrcnnmodel,0.10101010101010101,0.0,0.94508725,38.53293188760548,0.9818142652511597,0.9816177487373352,0.12622050940990448,0.07050478458404541,409447,0.020471929,0.011929006315767765,0.011771183460950851,0.011486094444990158
158548,fgsm_fasterrcnnmodel,0.015151515151515152,0.0,0.96788573,38.41961158218305,0.981529712677002,0.9843849539756775,0.07041905075311661,0.0353778600692749,409568,0.020774746,0.011994298547506332,0.011990349739789963,0.011991206556558609
559956,fgsm_fasterrcnnmodel,0.20000000000000004,0.014545454545454547,0.9637544,38.421005420602256,0.9842810034751892,0.98399817943573,0.08412083983421326,0.03958141803741455,409599,0.020772517,0.011997628025710583,0.011998849920928478,0.011971455998718739
11197,fgsm_fasterrcnnmodel,0.2,0.07792207792207793,0.9489102,38.44001814883656,0.9771344661712646,0.9804620742797852,0.12558449804782867,0.06784564256668091,409552,0.020720148,0.011918187141418457,0.01197826024144888,0.011943284422159195
483667,fgsm_fasterrcnnmodel,0.25000000000000006,0.10000000000000002,0.92408943,38.42673379767316,0.9640796184539795,0.967461109161377,0.18833062052726746,0.07495677471160889,409571,0.020754663,0.011983518488705158,0.0119826290756464,0.011968307197093964
448810,fgsm_fasterrcnnmodel,1.0000000000000002,0.0,0.9514182,38.44488651145456,0.9841804504394531,0.9829646348953247,0.13152460753917694,0.053597331047058105,409307,0.02069748,0.011946430429816246,0.011909008957445621,0.01193232275545597
302165,fgsm_fasterrcnnmodel,0.13636363636363635,0.0,0.9709975,38.479467464849655,0.9876894950866699,0.9860404133796692,0.06865496933460236,0.04791557788848877,407697,0.0205623,0.011845462024211884,0.011841272935271263,0.011838305741548538
21167,fgsm_fasterrcnnmodel,0.3333333333333334,0.25000000000000006,0.9089206,38.41646154068805,0.9554430842399597,0.9534416794776917,0.30687007308006287,0.12439364194869995,409600,0.020784378,0.011999834328889847,0.01199976447969675,0.011999747715890408
384468,fgsm_fasterrcnnmodel,0.38636363636363646,0.0,0.97371197,38.60957936111372,0.9875819087028503,0.9865326881408691,0.07325778901576996,0.03960418701171875,399437,0.0200274,0.011492257937788963,0.011489417403936386,0.011517548933625221
253742,fgsm_fasterrcnnmodel,0.09090909090909093,0.06493506493506494,0.9810932,38.47358366099503,0.990106463432312,0.9876381158828735,0.03679172694683075,0.025687813758850098,409039,0.020610847,0.011895868927240372,0.011904877610504627,0.011784303933382034
186873,fgsm_fasterrcnnmodel,0.5000000000000001,0.0,0.94576484,38.437851855327715,0.9781739115715027,0.9855957627296448,0.18993674218654633,0.06759190559387207,409600,0.020728653,0.011989278718829155,0.011853061616420746,0.011999975889921188
314182,fgsm_fasterrcnnmodel,0.20000000000000004,0.0,0.93693644,38.447159122851964,0.9741179347038269,0.9769170880317688,0.18499721586704254,0.0696866512298584,409422,0.020694528,0.011965802870690823,0.01193317212164402,0.011886846274137497
68387,fgsm_fasterrcnnmodel,0.3333333333333334,0.022727272727272724,0.9313751,38.426183309637665,0.9673060774803162,0.9720909595489502,0.1438872069120407,0.05042731761932373,409543,0.020755172,0.011978206224739552,0.011972322128713131,0.011977512389421463
345466,fgsm_fasterrcnnmodel,0.07792207792207793,0.025974025974025976,0.9589835,38.453976214879106,0.9817154407501221,0.9848275780677795,0.06646087765693665,0.021739304065704346,409246,0.020667067,0.011905071325600147,0.011918607167899609,0.011906648054718971
163640,fgsm_fasterrcnnmodel,0.15909090909090912,0.10606060606060608,0.9700732,38.454216595092696,0.9857511520385742,0.9855035543441772,0.06593745946884155,0.04154372215270996,409456,0.020677345,0.011845046654343605,0.011940344236791134,0.011942327953875065
1490,fgsm_fasterrcnnmodel,0.3333333333333334,0.0,0.96433663,38.422424650680476,0.9797012209892273,0.9925221800804138,0.1542464643716812,0.12310367822647095,409507,0.020765288,0.01198671106249094,0.011983719654381275,0.011983952485024929
329456,fgsm_fasterrcnnmodel,0.16363636363636366,0.13636363636363638,0.94766897,38.6106573634648,0.9820813536643982,0.9842779040336609,0.11891283094882965,0.04315638542175293,407347,0.020184753,0.011436695232987404,0.011403917334973812,0.01179864164441824
260470,fgsm_fasterrcnnmodel,0.025974025974025976,0.0,0.9499345,38.60991119265697,0.9858148097991943,0.9861534237861633,0.11163301765918732,0.03822910785675049,408207,0.020206697,0.011780738830566406,0.011760341003537178,0.011163908056914806
201072,fgsm_fasterrcnnmodel,0.18181818181818185,0.0909090909090909,0.9529632,38.44116642942927,0.9805350303649902,0.9868853688240051,0.11525304615497589,0.04533851146697998,409497,0.020712595,0.011927684769034386,0.011964884586632252,0.01193949207663536
18150,fgsm_fasterrcnnmodel,0.20000000000000004,0.1666666666666667,0.9478856,38.42400747090052,0.9764719009399414,0.9762570261955261,0.10706635564565659,0.055351197719573975,409543,0.020761399,0.011982631869614124,0.011986400000751019,0.011980184353888035
518770,fgsm_fasterrcnnmodel,0.20000000000000004,0.05454545454545454,0.93366313,38.432111673977474,0.9688757658004761,0.9756738543510437,0.18082526326179504,0.06067550182342529,409260,0.02073191,0.01196945458650589,0.011966783553361893,0.01195079181343317
36936,fgsm_fasterrcnnmodel,0.05454545454545455,0.04958677685950414,0.94880867,38.44488118580478,0.9759021997451782,0.9788346290588379,0.12296409904956818,0.055310964584350586,409577,0.020707812,0.011968070641160011,0.011953852139413357,0.011872505769133568
59044,fgsm_fasterrcnnmodel,0.08181818181818182,0.01515151515151515,0.93409467,38.425025138538224,0.9734375476837158,0.9754986763000488,0.1857777237892151,0.08177757263183594,409552,0.020759359,0.01197848841547966,0.01198425330221653,0.011974784545600414
172946,fgsm_fasterrcnnmodel,0.0909090909090909,0.02727272727272727,0.94151974,38.418105937586546,0.9768677949905396,0.9815527200698853,0.1602971851825714,0.07118338346481323,409595,0.02077978,0.01199715118855238,0.011998390778899193,0.011992515064775944
234607,fgsm_fasterrcnnmodel,0.5000000000000001,0.27272727272727276,0.9326244,38.455664965297835,0.9743130207061768,0.9779756665229797,0.14140959084033966,0.058889150619506836,409066,0.020657983,0.011891442351043224,0.011909055523574352,0.011917381547391415
532690,fgsm_fasterrcnnmodel,0.15909090909090912,0.09090909090909091,0.9388209,38.45071176321624,0.9698306918144226,0.9735856056213379,0.1496991217136383,0.0653907060623169,409311,0.020678436,0.011936698108911514,0.011947941966354847,0.011886286549270153
384670,fgsm_fasterrcnnmodel,0.09090909090909093,0.0,0.9362931,38.43270095254489,0.9592987298965454,0.9708152413368225,0.12614533305168152,0.03941994905471802,409446,0.020734852,0.011951283551752567,0.011961927637457848,0.011966943740844727
50326,fgsm_fasterrcnnmodel,0.3333333333333334,0.20000000000000004,0.9364117,38.42199743458408,0.9704272150993347,0.9806345105171204,0.21581751108169556,0.07225847244262695,409597,0.020769585,0.011998150497674942,0.011995396576821804,0.011966561898589134
162035,fgsm_fasterrcnnmodel,0.18181818181818182,0.0,0.9540302,38.43197367643207,0.9763819575309753,0.9803296327590942,0.10889605432748795,0.056498050689697266,409416,0.020735474,0.011966216377913952,0.01196425873786211,0.01196584664285183
415727,fgsm_fasterrcnnmodel,0.1272727272727273,0.0,0.94790727,38.459135937818985,0.9824358224868774,0.9820213913917542,0.12961114943027496,0.062201738357543945,409553,0.020663584,0.011920446529984474,0.011905516497790813,0.011882978491485119
182021,fgsm_fasterrcnnmodel,0.21212121212121215,0.12121212121212122,0.9040728,38.41653206080241,0.9580450057983398,0.957497239112854,0.30542635917663574,0.14262020587921143,409598,0.020784117,0.011999773792922497,0.011999616399407387,0.011999419890344143
5060,fgsm_fasterrcnnmodel,0.5000000000000001,0.3333333333333334,0.96605676,38.48655644921378,0.9814935922622681,0.9776803255081177,0.06367127597332001,0.03823930025100708,409258,0.020565074,0.011874159798026085,0.011872701346874237,0.011780899949371815
117908,fgsm_fasterrcnnmodel,0.1666666666666667,0.0,0.93201524,38.42086451317662,0.9717748165130615,0.9746754765510559,0.18130391836166382,0.06224346160888672,409593,0.020772452,0.011996257118880749,0.011995097622275352,0.011976053938269615
458992,fgsm_fasterrcnnmodel,0.20000000000000004,0.12500000000000003,0.950387,38.48021942086356,0.9807014465332031,0.9806860089302063,0.10400737822055817,0.04704415798187256,409538,0.020613318,0.011794178746640682,0.01194020826369524,0.011811277829110622
203317,fgsm_fasterrcnnmodel,1.0000000000000002,0.5000000000000001,0.969562,38.43447470164064,0.984288215637207,0.986594021320343,0.05782110244035721,0.02362644672393799,409419,0.020729804,0.011962912045419216,0.011953851208090782,0.011946157552301884
36494,fgsm_fasterrcnnmodel,0.016363636363636365,0.0,0.95487833,38.748871178354584,0.9909844398498535,0.9892080426216125,0.08671143651008606,0.048989832401275635,400480,0.019680314,0.011336476542055607,0.011300679296255112,0.010880854912102222
210032,fgsm_fasterrcnnmodel,0.024793388429752063,0.0,0.9565773,38.487753711696826,0.9845743179321289,0.9834495186805725,0.0908987820148468,0.03770178556442261,409578,0.020591926,0.01168584544211626,0.011851235292851925,0.011972504667937756
488270,fgsm_fasterrcnnmodel,1.0000000000000002,0.0,0.90628934,38.41918344077487,0.9505040645599365,0.9492272138595581,0.3084171712398529,0.12076842784881592,409552,0.020775717,0.01198905985802412,0.011994225904345512,0.011994528584182262
67180,fgsm_fasterrcnnmodel,0.3333333333333334,0.25000000000000006,0.9826965,38.420405378557675,0.9884442687034607,0.9880152344703674,0.053085312247276306,0.053531765937805176,409580,0.020772982,0.011993275955319405,0.011992983520030975,0.011983323842287064
190923,fgsm_fasterrcnnmodel,0.23636363636363641,0.01818181818181818,0.9623778,38.45601887774001,0.9857804179191589,0.9872696995735168,0.08405697345733643,0.04304605722427368,409353,0.02066655,0.011867458932101727,0.011910962872207165,0.011945895850658417
150265,fgsm_fasterrcnnmodel,0.4545454545454546,0.25000000000000006,0.9429426,38.457373429237784,0.9728262424468994,0.9789634943008423,0.1356196403503418,0.0635366439819336,409510,0.020666815,0.011889377608895302,0.011972698383033276,0.011851306073367596
38048,fgsm_fasterrcnnmodel,0.20000000000000004,0.0,0.9523255,38.479021535744714,0.9754589796066284,0.9839979410171509,0.13568918406963348,0.042111992835998535,409075,0.020598045,0.01183447614312172,0.011911557987332344,0.01179728377610445
163314,fgsm_fasterrcnnmodel,0.0625,0.0,0.9540097,38.45441289552833,0.9854645729064941,0.9836443066596985,0.122969850897789,0.05727791786193848,409501,0.02067434,0.011966247111558914,0.01189493853598833,0.011881931684911251
259571,fgsm_fasterrcnnmodel,0.39393939393939403,0.0,0.9490294,38.437981684125845,0.9775015711784363,0.9813504815101624,0.12043444067239761,0.056131839752197266,409528,0.020724928,0.011884228326380253,0.011970605701208115,0.01198736671358347
236166,fgsm_fasterrcnnmodel,0.5000000000000001,0.0,0.9448145,38.57818184394546,0.9790861010551453,0.9787383675575256,0.1385713517665863,0.050508856773376465,402740,0.020184468,0.011637774296104908,0.011597536504268646,0.011559616774320602
153529,fgsm_fasterrcnnmodel,0.1090909090909091,0.06060606060606061,0.96025115,38.50150864588714,0.9820176362991333,0.9812050461769104,0.0938328355550766,0.04861575365066528,409447,0.020519055,0.011739809066057205,0.011878849007189274,0.011803644709289074
379800,fgsm_fasterrcnnmodel,0.3333333333333334,0.20000000000000004,0.97047824,38.47087871344697,0.9864768981933594,0.9868463277816772,0.05860067158937454,0.03627920150756836,409265,0.020625534,0.011890207417309284,0.011882569640874863,0.011840126477181911
253835,fgsm_fasterrcnnmodel,0.2575757575757576,0.19318181818181823,0.9539237,38.4234978840133,0.9767439365386963,0.9789669513702393,0.11217889934778214,0.06301891803741455,409548,0.020763783,0.011975702829658985,0.011986872181296349,0.011986467987298965
569565,fgsm_fasterrcnnmodel,1.0000000000000002,0.0,0.9682655,38.46459554832062,0.9830144643783569,0.988842785358429,0.08850384503602982,0.03679347038269043,409479,0.02065469,0.011955922469496727,0.011963252909481525,0.011762860231101513
123131,fgsm_fasterrcnnmodel,0.2727272727272727,0.0,0.9438543,38.828410829698385,0.9728264212608337,0.9729499816894531,0.20292240381240845,0.06676721572875977,407476,0.019648232,0.011844252236187458,0.011271758005023003,0.009996038861572742
334006,fgsm_fasterrcnnmodel,0.38636363636363646,0.10000000000000002,0.9620407,38.4289007020004,0.9829730987548828,0.9855602383613586,0.09068946540355682,0.04080069065093994,409455,0.020746069,0.011972570791840553,0.011969723738729954,0.011965105310082436
174004,fgsm_fasterrcnnmodel,1.0000000000000002,0.0,0.9849964,38.45917090078784,0.9904481172561646,0.9890534281730652,0.03581959009170532,0.024364888668060303,407854,0.020624299,0.0118960440158844,0.011885898187756538,0.011893117800354958
9769,fgsm_fasterrcnnmodel,0.25000000000000006,0.20000000000000004,0.98005456,38.44507166164291,0.9898735284805298,0.988153874874115,0.05414474755525589,0.04167008399963379,409521,0.02070262,0.011935058981180191,0.011922698467969894,0.011939803138375282
558114,fgsm_fasterrcnnmodel,0.07272727272727272,0.01818181818181818,0.9569861,38.49292207764022,0.983573317527771,0.9841694831848145,0.08899854123592377,0.037412405014038086,409588,0.020585055,0.011983904987573624,0.01163250207901001,0.011872358620166779
361551,fgsm_fasterrcnnmodel,0.1090909090909091,0.0,0.93570614,38.41669990373106,0.9706456065177917,0.9754515290260315,0.18492087721824646,0.07197725772857666,409597,0.020783639,0.011999452486634254,0.011999087408185005,0.011999006383121014
342971,fgsm_fasterrcnnmodel,0.5000000000000001,0.3333333333333334,0.9469838,38.425422327138364,0.9739355444908142,0.9863350987434387,0.16382761299610138,0.07527774572372437,409558,0.020758651,0.011971315369009972,0.011977574788033962,0.011983946897089481
361919,fgsm_fasterrcnnmodel,0.0909090909090909,0.06060606060606061,0.93393713,38.42013200484992,0.9678158760070801,0.9753690958023071,0.1806197464466095,0.05050480365753174,409591,0.020774119,0.011985788121819496,0.01199325080960989,0.011992952786386013
123213,fgsm_fasterrcnnmodel,0.07575757575757576,0.06060606060606061,0.95319515,38.42358431195173,0.9779181480407715,0.9831756949424744,0.0714179128408432,0.0325847864151001,409550,0.020763483,0.011984442360699177,0.011981098912656307,0.011979849077761173
439854,fgsm_fasterrcnnmodel,0.08636363636363636,0.03181818181818182,0.9179452,38.51513795705356,0.9658818244934082,0.9657282829284668,0.26125186681747437,0.11225253343582153,409387,0.020517487,0.011515366844832897,0.011901977472007275,0.011901475489139557
465836,fgsm_fasterrcnnmodel,0.25000000000000006,0.15909090909090912,0.960316,38.428541700516014,0.9833666682243347,0.9835954308509827,0.10508082807064056,0.047873854637145996,409501,0.020747157,0.011972645297646523,0.01197544950991869,0.011965290643274784
414385,fgsm_fasterrcnnmodel,0.20000000000000004,0.0,0.91975975,38.436499698763555,0.9593406915664673,0.9621009230613708,0.2255466878414154,0.07994621992111206,409424,0.020723332,0.011935697868466377,0.011956057511270046,0.011965260840952396
481390,fgsm_fasterrcnnmodel,0.10454545454545454,0.04727272727272727,0.97229487,38.539935720202315,0.9874243140220642,0.9892726540565491,0.03643159568309784,0.026157736778259277,409156,0.020430012,0.011556820012629032,0.011703104712069035,0.011847053654491901
276434,fgsm_fasterrcnnmodel,0.09090909090909093,0.0,0.93919826,38.47978099978166,0.9776167273521423,0.973821759223938,0.15209348499774933,0.059447526931762695,409495,0.020609923,0.01175667904317379,0.011932829394936562,0.011874751187860966
579635,fgsm_fasterrcnnmodel,0.6666666666666669,0.0,0.93001455,38.434381061512035,0.9633623361587524,0.97586989402771,0.22905638813972473,0.09245437383651733,409600,0.020737836,0.011874478310346603,0.011999833397567272,0.011999974027276039
295316,fgsm_fasterrcnnmodel,0.3636363636363637,0.0,0.9290156,38.449624471445105,0.964730978012085,0.9699559807777405,0.20814275741577148,0.0683295726776123,409597,0.020697681,0.011775913648307323,0.01199201587587595,0.011991031467914581
183127,fgsm_fasterrcnnmodel,0.3333333333333334,0.0,0.9379857,38.41860362753019,0.964648425579071,0.974665641784668,0.17548072338104248,0.07016962766647339,409584,0.020777859,0.01199480053037405,0.01199575699865818,0.011994268745183945
146358,fgsm_fasterrcnnmodel,0.09090909090909093,0.0,0.945935,38.42832400212057,0.9814254641532898,0.9757632613182068,0.15384379029273987,0.07286560535430908,409567,0.020751568,0.011943476274609566,0.011979413218796253,0.011994273401796818
329542,fgsm_fasterrcnnmodel,0.25000000000000006,0.0,0.934943,38.428012277387566,0.9755382537841797,0.9762790203094482,0.16550831496715546,0.06110590696334839,409599,0.020753663,0.011973503977060318,0.011955860070884228,0.011999594047665596
189752,fgsm_fasterrcnnmodel,0.05303030303030304,0.030303030303030304,0.95594114,38.43988702404671,0.981774091720581,0.9813494086265564,0.09833340346813202,0.05292809009552002,409556,0.02071944,0.011959636583924294,0.011973393149673939,0.011901598423719406
290163,fgsm_fasterrcnnmodel,0.08080808080808083,0.0303030303030303,0.94105834,38.436200218957815,0.978786826133728,0.9781189560890198,0.1384156048297882,0.06234610080718994,409580,0.020730928,0.011973018757998943,0.011992859654128551,0.01190215814858675
91406,fgsm_fasterrcnnmodel,0.10000000000000002,0.05454545454545455,0.93835324,38.44310644826396,0.9762486815452576,0.9787461161613464,0.16114304959774017,0.08135044574737549,409466,0.020706477,0.011929715052247047,0.011941197328269482,0.011936772614717484
326248,fgsm_fasterrcnnmodel,0.07272727272727272,0.04545454545454545,0.9563012,38.45379052699585,0.9847053289413452,0.9874468445777893,0.1029369980096817,0.05498552322387695,409306,0.020673055,0.011905252002179623,0.011928733438253403,0.011891781352460384
411817,fgsm_fasterrcnnmodel,0.05454545454545454,0.0,0.9573582,38.54279965896582,0.9861504435539246,0.9812222123146057,0.09794509410858154,0.058049559593200684,406839,0.020362813,0.011684484779834747,0.011718757450580597,0.011681525968015194
215259,fgsm_fasterrcnnmodel,0.25000000000000006,0.20000000000000004,0.92746097,38.45014968533122,0.9707951545715332,0.9745776653289795,0.17856504023075104,0.060590267181396484,409514,0.020688506,0.011946163140237331,0.011912720277905464,0.011905649676918983
573094,fgsm_fasterrcnnmodel,0.11111111111111113,0.0,0.9379757,38.459146726985985,0.9745514392852783,0.9745198488235474,0.14683079719543457,0.06536084413528442,407892,0.02062484,0.01186983473598957,0.011888261884450912,0.011915759183466434
147729,fgsm_fasterrcnnmodel,0.15151515151515152,0.045454545454545456,0.9307573,38.44045120471486,0.9623011946678162,0.969978392124176,0.21391573548316956,0.10347872972488403,409589,0.02072059,0.01193904411047697,0.011972815729677677,0.011940399184823036
154425,fgsm_fasterrcnnmodel,0.5000000000000001,0.3333333333333334,0.9645486,38.448583851781784,0.9832463264465332,0.9878427982330322,0.05768166482448578,0.03860127925872803,409426,0.02068857,0.011943682096898556,0.011919297277927399,0.011901911348104477
404923,fgsm_fasterrcnnmodel,0.3272727272727273,0.15151515151515152,0.9620559,38.42641606868425,0.9721240401268005,0.9786927700042725,0.09465991705656052,0.02840644121170044,409540,0.020754915,0.011974699795246124,0.011972601525485516,0.011981021612882614
163057,fgsm_fasterrcnnmodel,0.06060606060606061,0.022727272727272728,0.9525129,38.51444137393494,0.9745289087295532,0.980385422706604,0.1490284502506256,0.09311747550964355,409551,0.020530516,0.011983863078057766,0.01198359951376915,0.01139005459845066
67406,fgsm_fasterrcnnmodel,0.21212121212121215,0.1414141414141414,0.9069645,38.420272078140975,0.9516107439994812,0.9352929592132568,0.29765939712524414,0.11623519659042358,409558,0.02077242,0.011988055892288685,0.01199124101549387,0.01199271809309721
248752,fgsm_fasterrcnnmodel,0.3333333333333334,0.25000000000000006,0.92034006,38.416794129878454,0.9635095000267029,0.9757357835769653,0.2416212409734726,0.07147586345672607,409600,0.02078346,0.011999131180346012,0.011998704634606838,0.011999164707958698
54593,fgsm_fasterrcnnmodel,0.13131313131313135,0.016161616161616165,0.9851468,38.43774522471681,0.9903870820999146,0.9898456931114197,0.042868442833423615,0.03095698356628418,409546,0.02072646,0.011870281770825386,0.011989448219537735,0.011982828378677368
450303,fgsm_fasterrcnnmodel,0.05454545454545455,0.008264462809917356,0.9261083,38.43962091592359,0.9697798490524292,0.9743399620056152,0.19835327565670013,0.08501076698303223,409115,0.020707004,0.011944540776312351,0.011935506016016006,0.011950306594371796
137294,fgsm_fasterrcnnmodel,0.18181818181818185,0.13636363636363638,0.936686,38.453276870291965,0.9741847515106201,0.9735457897186279,0.16952963173389435,0.07087814807891846,409520,0.02068407,0.01195236761122942,0.011965014971792698,0.011825792491436005
311180,fgsm_fasterrcnnmodel,0.3333333333333334,0.0,0.94625854,38.42741097544714,0.9786920547485352,0.9789966344833374,0.11854855716228485,0.052953243255615234,409584,0.020753792,0.01199256256222725,0.011981328949332237,0.01194736734032631
210273,fgsm_fasterrcnnmodel,0.13636363636363635,0.0,0.8890589,39.00484146584975,0.9816187620162964,0.9784018397331238,0.18659597635269165,0.09715020656585693,376409,0.01851885,0.010398468933999538,0.01042747963219881,0.01063403207808733
352584,fgsm_fasterrcnnmodel,1.0000000000000002,0.0,0.925206,38.51377083239479,0.9677053689956665,0.9697736501693726,0.18650543689727783,0.09570491313934326,409595,0.020531142,0.011985914781689644,0.011585908941924572,0.011723442934453487
446651,fgsm_fasterrcnnmodel,0.3272727272727273,0.09090909090909091,0.92197734,38.743243978240145,0.9811719655990601,0.9819530248641968,0.19077657163143158,0.07062172889709473,396138,0.019580789,0.01117626391351223,0.011180388741195202,0.011209544725716114
194875,fgsm_fasterrcnnmodel,0.15151515151515152,0.04713804713804713,0.94481987,38.567067668622634,0.981391429901123,0.9819918274879456,0.12602965533733368,0.048798203468322754,408583,0.02033367,0.011664442718029022,0.011658460833132267,0.011696552857756615
336309,fgsm_fasterrcnnmodel,1.0000000000000002,0.5000000000000001,0.89182395,38.41837004594765,0.9479084014892578,0.9273642897605896,0.4032176434993744,0.1511462926864624,409581,0.020778608,0.011993271298706532,0.01199466735124588,0.011996932327747345
227478,fgsm_fasterrcnnmodel,0.18181818181818185,0.0,0.98177177,38.43563633356406,0.9901986122131348,0.9903327822685242,0.07426630705595016,0.08740925788879395,409495,0.02072847,0.011967334896326065,0.01195734366774559,0.0119366105645895
327601,fgsm_fasterrcnnmodel,0.25000000000000006,0.20000000000000004,0.9407131,38.44308149148865,0.9759654402732849,0.9795094132423401,0.17148540914058685,0.06528663635253906,409432,0.02070729,0.011945586651563644,0.011969332583248615,0.011896146461367607
8762,fgsm_fasterrcnnmodel,0.2272727272727273,0.0,0.8892335,38.53392474971181,0.9492153525352478,0.9193070530891418,0.3326965272426605,0.14288032054901123,409356,0.020456176,0.011897529475390911,0.011828068643808365,0.011550761759281158
526392,fgsm_fasterrcnnmodel,0.3636363636363637,0.1090909090909091,0.9425439,38.423166317817284,0.9797977209091187,0.9826095700263977,0.17512570321559906,0.07091867923736572,409543,0.02076391,0.011988379992544651,0.01198455411940813,0.011978473514318466
580757,fgsm_fasterrcnnmodel,0.5000000000000001,0.0,0.9544403,38.45112107455185,0.9793746471405029,0.9873248338699341,0.08960265666246414,0.04195713996887207,409372,0.020680478,0.011910228990018368,0.011916025541722775,0.011919433251023293
165039,fgsm_fasterrcnnmodel,0.2954545454545455,0.20000000000000004,0.94917804,38.4745218686322,0.9796659350395203,0.9814249277114868,0.12549075484275818,0.06393963098526001,409461,0.02062244,0.01179447676986456,0.011922035366296768,0.011896869167685509
148719,fgsm_fasterrcnnmodel,0.15151515151515152,0.0909090909090909,0.9793804,38.44172289096586,0.9895596504211426,0.9903079271316528,0.04183854162693024,0.0242348313331604,409272,0.020704601,0.011938928626477718,0.011936706490814686,0.011936221271753311
108440,fgsm_fasterrcnnmodel,1.0000000000000002,0.0,0.9366781,38.65494298208784,0.9779744148254395,0.9814910292625427,0.17134912312030792,0.06246006488800049,400163,0.019920044,0.011384541168808937,0.011397638358175755,0.011381485499441624
489842,fgsm_fasterrcnnmodel,0.2090909090909091,0.09256198347107437,0.98161167,38.43935528756508,0.9917966723442078,0.9900667667388916,0.08414144814014435,0.11913836002349854,409211,0.020710139,0.011947997845709324,0.011943388730287552,0.011945710517466068
579818,fgsm_fasterrcnnmodel,0.25000000000000006,0.0,0.9525787,38.43775839601723,0.9787580370903015,0.9819329977035522,0.1288069486618042,0.04902446269989014,409460,0.020721044,0.011958181858062744,0.011949487961828709,0.01193870510905981
323828,fgsm_fasterrcnnmodel,0.3333333333333334,0.0,0.97961205,38.466281544566876,0.9905807375907898,0.9913009405136108,0.04853186383843422,0.03265511989593506,409126,0.020633306,0.011880537495017052,0.011866101063787937,0.011873442679643631
334555,fgsm_fasterrcnnmodel,0.14772727272727276,0.0,0.95944077,38.439531344128724,0.9833564162254333,0.98337322473526,0.0707060843706131,0.03696787357330322,409506,0.0207201,0.011979528702795506,0.011972444131970406,0.011879905126988888
61418,fgsm_fasterrcnnmodel,0.11363636363636365,0.01515151515151515,0.9689955,38.41638182819785,0.9839605093002319,0.9907628893852234,0.10328555107116699,0.1081693172454834,409600,0.020784589,0.011999980546534061,0.011999978683888912,0.011999999172985554
526751,fgsm_fasterrcnnmodel,0.18181818181818182,0.0,0.9541888,38.45389364266917,0.9759194254875183,0.9846324324607849,0.11395790427923203,0.05175018310546875,409320,0.020675173,0.01187821850180626,0.011943384073674679,0.011901043355464935
277020,fgsm_fasterrcnnmodel,0.14285714285714288,0.0606060606060606,0.88631517,39.066260765381365,0.9773770570755005,0.9764398336410522,0.22795014083385468,0.10305982828140259,377184,0.018374173,0.010451448149979115,0.010381311178207397,0.010455706156790257
390555,fgsm_fasterrcnnmodel,0.14597927325200055,0.05892255892255891,0.98013085,38.424366294740246,0.9928862452507019,0.9897292256355286,0.05877506360411644,0.06014418601989746,409579,0.02076221,0.011968637816607952,0.011984683573246002,0.01198661420494318
250282,fgsm_fasterrcnnmodel,0.05844155844155844,0.011363636363636364,0.979109,38.43197623339482,0.9924768209457397,0.9898414611816406,0.1074981540441513,0.13565969467163086,409307,0.020733617,0.011965650133788586,0.011964174918830395,0.011956091970205307
68409,fgsm_fasterrcnnmodel,0.09090909090909091,0.0,0.9799045,38.473121287741264,0.9923925399780273,0.9902623295783997,0.07043705135583878,0.05821847915649414,409369,0.020619042,0.011828210204839706,0.011846400797367096,0.011915220879018307
2299,fgsm_fasterrcnnmodel,0.13636363636363635,0.0,0.98270416,38.49075761981199,0.9952985644340515,0.9922735691070557,0.07764546573162079,0.09349119663238525,408073,0.020538699,0.011827163398265839,0.011818338185548782,0.011811857111752033
360960,fgsm_fasterrcnnmodel,0.27272727272727276,0.15151515151515152,0.9110926,38.64662650634021,0.9689680933952332,0.9695075154304504,0.22996503114700317,0.09801876544952393,401526,0.01995663,0.011439180001616478,0.01145069021731615,0.011493809521198273
506656,fgsm_fasterrcnnmodel,0.25000000000000006,0.0,0.9396855,38.457353480087406,0.9720653295516968,0.9776096343994141,0.17177850008010864,0.06362539529800415,409581,0.020678319,0.011992844752967358,0.011983408592641354,0.011780884116888046
272566,fgsm_fasterrcnnmodel,0.1666666666666667,0.0,0.9887378,38.485377455746374,0.9940189719200134,0.9923719763755798,0.022548871114850044,0.02073591947555542,409357,0.020592755,0.011829232797026634,0.011904400773346424,0.011746424250304699
341719,fgsm_fasterrcnnmodel,0.09090909090909091,0.0,0.9549872,38.418918670247166,0.9781069159507751,0.9865466356277466,0.14197896420955658,0.06506502628326416,409588,0.020777319,0.011991286650300026,0.011993247084319592,0.011996184475719929
72795,fgsm_fasterrcnnmodel,0.09523809523809525,0.08600288600288601,0.9744504,38.44516368770442,0.9876631498336792,0.9898240566253662,0.05606779083609581,0.03145730495452881,409260,0.020695675,0.011919648386538029,0.011940700002014637,0.01192681398242712
93353,fgsm_fasterrcnnmodel,0.20000000000000004,0.0,0.9219661,38.47502416705779,0.9719991683959961,0.9715195298194885,0.21394124627113342,0.07679450511932373,409593,0.020627666,0.011949864216148853,0.011960560455918312,0.011737039312720299
473118,fgsm_fasterrcnnmodel,0.5000000000000001,0.25000000000000006,0.94147015,38.47758298857448,0.9752190113067627,0.9829387664794922,0.148834690451622,0.06256663799285889,409593,0.020625105,0.011551967822015285,0.011995512992143631,0.011998075991868973
567640,fgsm_fasterrcnnmodel,0.1363636363636364,0.10227272727272727,0.9485464,38.45302940740596,0.9805447459220886,0.9837977290153503,0.08871790766716003,0.034908294677734375,409159,0.020671556,0.011908519081771374,0.011931763961911201,0.011896725744009018
532493,fgsm_fasterrcnnmodel,0.3333333333333334,0.0,0.97827363,38.43251453120365,0.9855425357818604,0.9886281490325928,0.06423258781433105,0.03288811445236206,409470,0.020735785,0.011957393027842045,0.0119625274091959,0.01195985171943903
156643,fgsm_fasterrcnnmodel,0.050505050505050504,0.020202020202020204,0.951314,38.45416533604819,0.9796377420425415,0.9799139499664307,0.11571968346834183,0.049117445945739746,409134,0.020664405,0.011894244700670242,0.011887303553521633,0.011954334564507008
156076,fgsm_fasterrcnnmodel,0.08333333333333336,0.04958677685950413,0.96857995,38.445250176551255,0.9870228171348572,0.987135112285614,0.06438492238521576,0.025681734085083008,409487,0.020704033,0.011948960833251476,0.011951164342463017,0.011892862617969513
143572,fgsm_fasterrcnnmodel,0.06818181818181818,0.022727272727272728,0.98134536,38.461064234179354,0.9935392141342163,0.9939330220222473,0.0389765202999115,0.033632874488830566,409251,0.02065426,0.011845865286886692,0.011912659741938114,0.011905594728887081
229849,fgsm_fasterrcnnmodel,0.0909090909090909,0.015151515151515152,0.96408564,38.45519164851537,0.9883990287780762,0.9905908107757568,0.09462866187095642,0.04404652118682861,409413,0.020671641,0.011915266513824463,0.011924369260668755,0.011881334707140923
193348,fgsm_fasterrcnnmodel,1.0000000000000002,0.5000000000000001,0.9098088,38.42454567736969,0.9597692489624023,0.9629331231117249,0.25983989238739014,0.08878916501998901,409424,0.020757196,0.011973594315350056,0.011979729868471622,0.011984314769506454
83172,fgsm_fasterrcnnmodel,0.13636363636363635,0.07272727272727272,0.9179063,38.42460433931953,0.9578448534011841,0.9651364684104919,0.2312789261341095,0.06720417737960815,409589,0.020761797,0.01198900118470192,0.011977596208453178,0.011972871609032154
395801,fgsm_fasterrcnnmodel,0.041666666666666664,0.015151515151515152,0.931984,38.42844339576582,0.9685391783714294,0.9729238152503967,0.19325470924377441,0.06977713108062744,409556,0.020750398,0.01198177132755518,0.011951692402362823,0.011980308219790459
388056,fgsm_fasterrcnnmodel,0.1090909090909091,0.09999999999999999,0.97144717,38.471617782850544,0.987088143825531,0.9874325394630432,0.043572165071964264,0.019146323204040527,408877,0.020608371,0.01187124289572239,0.011882314458489418,0.011850987561047077
259690,fgsm_fasterrcnnmodel,0.025974025974025976,0.012987012987012988,0.97557974,38.50342971789103,0.9879910945892334,0.9860880970954895,0.05226518213748932,0.0242767333984375,409343,0.020510744,0.011831548996269703,0.011796051636338234,0.01180840004235506
205105,fgsm_fasterrcnnmodel,0.25000000000000006,0.20000000000000004,0.91853994,38.74622723199854,0.965103268623352,0.9722172021865845,0.1991710662841797,0.0866086483001709,404683,0.019706324,0.011296447366476059,0.011284234933555126,0.011291994713246822
497599,fgsm_fasterrcnnmodel,0.13636363636363638,0.06818181818181818,0.93231696,38.41674698210372,0.9730841517448425,0.9764570593833923,0.18320542573928833,0.07291609048843384,409597,0.0207835,0.011998776346445084,0.011999241076409817,0.011999287642538548
232684,fgsm_fasterrcnnmodel,0.3333333333333334,0.0,0.7708585,40.75784700639562,0.9670708179473877,0.8141151666641235,0.32387956976890564,0.13197147846221924,306997,0.01343363,0.007194720674306154,0.007007837761193514,0.007069206330925226
144784,fgsm_fasterrcnnmodel,1.0000000000000002,0.0,0.93371505,38.41792807851624,0.9731491804122925,0.9729064702987671,0.16747263073921204,0.07786703109741211,409587,0.020780042,0.011998187750577927,0.011996196582913399,0.011994067579507828
167486,fgsm_fasterrcnnmodel,0.24242424242424243,0.045454545454545456,0.9466,38.62250564797164,0.9787277579307556,0.9814628958702087,0.10971347987651825,0.0409621000289917,408666,0.020195425,0.011747343465685844,0.011707199737429619,0.011138485744595528
488673,fgsm_fasterrcnnmodel,0.11111111111111113,0.030303030303030307,0.94244975,38.433533869173424,0.97756028175354,0.9794831871986389,0.14703911542892456,0.05572026968002319,409261,0.02072745,0.01196821965277195,0.01195936556905508,0.011947967112064362
191013,fgsm_fasterrcnnmodel,0.1090909090909091,0.06818181818181818,0.9418094,38.42966665607137,0.9751255512237549,0.9800319671630859,0.13757312297821045,0.049367427825927734,409592,0.020749414,0.011971178464591503,0.011994309723377228,0.011940672062337399
224807,fgsm_fasterrcnnmodel,0.0303030303030303,0.02727272727272727,0.9457953,38.454815114624076,0.9788495302200317,0.9803990721702576,0.12792997062206268,0.05981123447418213,409538,0.020678673,0.011961703188717365,0.011925400234758854,0.011847687885165215
232563,fgsm_fasterrcnnmodel,0.25000000000000006,0.16666666666666663,0.9349949,38.52411627676701,0.970573902130127,0.981246292591095,0.18736650049686432,0.0679396390914917,408595,0.020451026,0.011772271245718002,0.011781437322497368,0.011715743690729141
131273,fgsm_fasterrcnnmodel,0.5000000000000001,0.0,0.93764305,38.42054039938247,0.9712235331535339,0.972069501876831,0.15810230374336243,0.06246185302734375,409571,0.020772425,0.011991622857749462,0.011984502896666527,0.011994886212050915
206411,fgsm_fasterrcnnmodel,0.3333333333333334,0.0,0.92221624,38.41637676312444,0.9643561244010925,0.9668787121772766,0.23227548599243164,0.11620068550109863,409600,0.020784602,0.012000002898275852,0.01200000662356615,0.01199997030198574
472375,fgsm_fasterrcnnmodel,0.25000000000000006,0.08333333333333331,0.95357275,38.93152963200774,0.9855026006698608,0.9827026724815369,0.1458798050880432,0.05085742473602295,408812,0.019359285,0.010615061968564987,0.010160274803638458,0.011832811869680882
17436,fgsm_fasterrcnnmodel,0.5000000000000001,0.25000000000000006,0.95355946,38.55405518931108,0.9792625308036804,0.9890514016151428,0.1497478485107422,0.07072234153747559,408949,0.020393396,0.01177337858825922,0.01179539691656828,0.011414747685194016
177934,fgsm_fasterrcnnmodel,0.2909090909090909,0.012987012987012988,0.97307277,38.63801536288064,0.9892463684082031,0.9879453182220459,0.07591874897480011,0.0338665246963501,408964,0.020152243,0.011833766475319862,0.01125875860452652,0.011369348503649235
165518,fgsm_fasterrcnnmodel,1.0000000000000002,0.5000000000000001,0.91528153,38.41713378075515,0.9568599462509155,0.9623328447341919,0.257658988237381,0.08259785175323486,409599,0.020782465,0.011996829882264137,0.011998329311609268,0.011999770067632198
571718,fgsm_fasterrcnnmodel,0.1090909090909091,0.0,0.96969837,38.47745126724594,0.989995002746582,0.9876083731651306,0.08207041025161743,0.03995776176452637,409056,0.020598872,0.011798400431871414,0.011900942772626877,0.011893889866769314
459467,fgsm_fasterrcnnmodel,1.0000000000000002,0.0,0.9187382,38.417330910451376,0.9581578969955444,0.9582251310348511,0.27862313389778137,0.11937248706817627,409598,0.020782009,0.011997539550065994,0.01199926994740963,0.011996278539299965
289222,fgsm_fasterrcnnmodel,0.12121212121212122,0.09090909090909091,0.93770355,38.41897966436359,0.9759275317192078,0.9770936369895935,0.18953916430473328,0.09722185134887695,409600,0.020777643,0.0119908032938838,0.011992785148322582,0.011997031979262829
310072,fgsm_fasterrcnnmodel,0.18181818181818185,0.13636363636363638,0.9679236,38.65207248084612,0.9863489866256714,0.9862943291664124,0.08450675010681152,0.029948651790618896,399640,0.019896697,0.011416066437959671,0.011404254473745823,0.011432590894401073
87144,fgsm_fasterrcnnmodel,0.2575757575757576,0.1272727272727273,0.9697444,38.48312558275562,0.9894918203353882,0.9867868423461914,0.07120167464017868,0.039490461349487305,409251,0.020583382,0.01181444525718689,0.01184565294533968,0.01188734546303749
430875,fgsm_fasterrcnnmodel,1.0000000000000002,0.6363636363636365,0.889795,38.423946329936385,0.9444043040275574,0.9338699579238892,0.3766056001186371,0.17365103960037231,409587,0.020763062,0.01197226531803608,0.011986035853624344,0.011988249607384205
420916,fgsm_fasterrcnnmodel,0.3333333333333334,0.0,0.9673031,38.443968145309256,0.9849621653556824,0.9841887950897217,0.07742781937122345,0.04403650760650635,409449,0.020703554,0.011951923370361328,0.011929769068956375,0.01192597858607769
296224,fgsm_fasterrcnnmodel,0.3333333333333334,0.0,0.9489196,38.568252458104205,0.9818863868713379,0.9846133589744568,0.1164727434515953,0.04315829277038574,408631,0.02031642,0.011561177670955658,0.011769991368055344,0.011598373763263226
439715,fgsm_fasterrcnnmodel,0.045454545454545456,0.0,0.9827199,38.42947029034908,0.9908820390701294,0.9892188310623169,0.04067019373178482,0.02689182758331299,409585,0.020748647,0.011978504247963428,0.01197961438447237,0.011947831138968468
78843,fgsm_fasterrcnnmodel,0.27272727272727276,0.18181818181818185,0.961375,38.454022565269696,0.9799474477767944,0.9807957410812378,0.10566511750221252,0.044502854347229004,409459,0.020678094,0.011924740858376026,0.011947134509682655,0.011875981464982033
225532,fgsm_fasterrcnnmodel,0.2727272727272727,0.0,0.918814,38.42397959064413,0.9635318517684937,0.9616408944129944,0.2177181839942932,0.08147907257080078,409600,0.020764746,0.011978723108768463,0.011998424306511879,0.011970805935561657
13659,fgsm_fasterrcnnmodel,0.053030303030303025,0.0,0.9471213,38.430205071477985,0.9807928800582886,0.9807515740394592,0.11958031356334686,0.056748151779174805,409527,0.020744443,0.011975807137787342,0.011977527290582657,0.011955696158111095
414795,fgsm_fasterrcnnmodel,0.11717171717171719,0.0909090909090909,0.9708683,38.429165116107804,0.9855789542198181,0.9860519170761108,0.05524579435586929,0.04565572738647461,409527,0.020747831,0.01198006235063076,0.011972487904131413,0.01195103395730257
508101,fgsm_fasterrcnnmodel,0.12121212121212122,0.0,0.92733353,38.41644217477163,0.9588446021080017,0.9815300107002258,0.2806095778942108,0.1204485297203064,409600,0.02078443,0.011999869719147682,0.01199963316321373,0.011999976821243763
351810,fgsm_fasterrcnnmodel,0.03896103896103896,0.0,0.9519629,38.47907922843377,0.9798122644424438,0.9800128936767578,0.12990786135196686,0.04979783296585083,407591,0.020567589,0.011883150786161423,0.011843358166515827,0.011796512641012669
247917,fgsm_fasterrcnnmodel,0.40909090909090917,0.13636363636363635,0.956085,38.45943110730023,0.9820202589035034,0.9851319789886475,0.09365792572498322,0.04136472940444946,409083,0.020653935,0.011902634985744953,0.011898837052285671,0.011887511238455772
439522,fgsm_fasterrcnnmodel,1.0000000000000002,0.5000000000000001,0.91094065,38.54068706186475,0.9601730704307556,0.9497951865196228,0.26539188623428345,0.10422706604003906,409435,0.02046458,0.011979183182120323,0.011971522122621536,0.011326083913445473
26690,fgsm_fasterrcnnmodel,0.0909090909090909,0.015151515151515152,0.92058134,38.54612152152785,0.9677872657775879,0.9755357503890991,0.1827605962753296,0.061367034912109375,406151,0.020358752,0.011750835925340652,0.011804522015154362,0.011502368375658989
558854,fgsm_fasterrcnnmodel,0.10000000000000002,0.0,0.9423358,38.41878883225901,0.9784519076347351,0.9791428446769714,0.13526344299316406,0.05086475610733032,409582,0.020777455,0.011996543034911156,0.01199185848236084,0.011993948370218277
176901,fgsm_fasterrcnnmodel,0.5000000000000001,0.4545454545454545,0.93387574,38.41801007927513,0.9640924334526062,0.9782564043998718,0.22018395364284515,0.08522367477416992,409592,0.02077987,0.011996814981102943,0.011995697394013405,0.011995203793048859
334767,fgsm_fasterrcnnmodel,0.39393939393939403,0.18181818181818185,0.98122144,38.68577446538548,0.9915677905082703,0.9931795597076416,0.041161634027957916,0.02364647388458252,407005,0.019977795,0.011317607015371323,0.011422306299209595,0.011381563730537891
301563,fgsm_fasterrcnnmodel,0.25000000000000006,0.15909090909090912,0.9306653,38.43202102814812,0.959776759147644,0.966729998588562,0.24422045052051544,0.09510314464569092,409426,0.020735504,0.011960136704146862,0.011972082778811455,0.011959705501794815
420281,fgsm_fasterrcnnmodel,0.31818181818181823,0.2727272727272727,0.937218,38.42933828888672,0.975559651851654,0.9759296774864197,0.14843150973320007,0.05844700336456299,409595,0.020750491,0.011995876207947731,0.011994953267276287,0.01192240510135889
334483,fgsm_fasterrcnnmodel,0.07792207792207793,0.024793388429752063,0.96036243,38.51128264384994,0.9847084879875183,0.9825994968414307,0.10241487622261047,0.0524367094039917,404789,0.020412033,0.011752263642847538,0.01175672933459282,0.01176527515053749
404805,fgsm_fasterrcnnmodel,0.5000000000000001,0.0,0.948606,38.41735574534749,0.9758993983268738,0.9812121987342834,0.13453763723373413,0.055369555950164795,409595,0.0207818,0.011997194029390812,0.011997733265161514,0.011997857131063938
2261,fgsm_fasterrcnnmodel,0.5000000000000001,0.0,0.9578755,38.46393375908907,0.9804556369781494,0.9866262674331665,0.10306114703416824,0.04460728168487549,408190,0.020616747,0.011891727335751057,0.01186682190746069,0.011886955238878727
425702,fgsm_fasterrcnnmodel,0.3333333333333334,0.0,0.9477919,38.43386511829115,0.974916934967041,0.9842320084571838,0.17162007093429565,0.10802114009857178,409443,0.020731261,0.011955181136727333,0.011956820264458656,0.01196336280554533
12576,fgsm_fasterrcnnmodel,0.08333333333333336,0.0,0.9683924,38.45517462377476,0.9877188205718994,0.9847083687782288,0.05919952318072319,0.038552165031433105,409292,0.020667667,0.011888501234352589,0.011888441629707813,0.011950325220823288
361238,fgsm_fasterrcnnmodel,0.14285714285714288,0.060606060606060615,0.9456566,38.60265503389877,0.9810312986373901,0.9829745888710022,0.1193900853395462,0.04370790719985962,409053,0.02028749,0.011810826137661934,0.011586219072341919,0.011339277029037476
108253,fgsm_fasterrcnnmodel,0.08333333333333336,0.0,0.9360836,38.552998167678496,0.975843608379364,0.9742396473884583,0.16329404711723328,0.06918680667877197,408226,0.02038285,0.011877630837261677,0.011812998913228512,0.011373880319297314
3934,fgsm_fasterrcnnmodel,0.09090909090909093,0.025974025974025976,0.9509514,38.440284321352436,0.9791744947433472,0.9797553420066833,0.10191032290458679,0.054863035678863525,409504,0.02071603,0.011966242454946041,0.011948942206799984,0.011914145201444626
14439,fgsm_fasterrcnnmodel,0.05454545454545454,0.03636363636363636,0.9794135,38.582603470870716,0.989189624786377,0.9861292839050293,0.022399261593818665,0.013567090034484863,409515,0.020353992,0.01180330477654934,0.011971618980169296,0.010990169830620289
447314,fgsm_fasterrcnnmodel,0.13636363636363635,0.06060606060606061,0.9199274,38.43902883180619,0.9621476531028748,0.9631829261779785,0.24261924624443054,0.07817614078521729,409508,0.020722106,0.011978885158896446,0.011985888704657555,0.011882429011166096
181303,fgsm_fasterrcnnmodel,0.25000000000000006,0.0,0.9741495,38.43516533757756,0.9843471050262451,0.9895539283752441,0.060073159635066986,0.0435255765914917,409447,0.02072893,0.011962280608713627,0.011960121802985668,0.011933148838579655
26465,fgsm_fasterrcnnmodel,0.12500000000000003,0.0,0.9279987,38.59504216302698,0.9692106246948242,0.9684132933616638,0.20401743054389954,0.07619243860244751,409403,0.020222794,0.011680802330374718,0.011561988852918148,0.011669392697513103
286182,fgsm_fasterrcnnmodel,0.09090909090909093,0.04166666666666668,0.96068144,38.50227650988976,0.9835238456726074,0.9829317927360535,0.07240557670593262,0.03656971454620361,409559,0.020559397,0.011894677765667439,0.011979078873991966,0.011530364863574505
433980,fgsm_fasterrcnnmodel,0.5000000000000001,0.0,0.9546359,38.78765905179583,0.9800171852111816,0.981159508228302,0.08207192271947861,0.05382472276687622,409478,0.019813072,0.011918401345610619,0.011440387926995754,0.01011299155652523
380913,fgsm_fasterrcnnmodel,0.25000000000000006,0.09090909090909091,0.9544112,38.54098273256249,0.9884547591209412,0.9853788614273071,0.10239438712596893,0.04532146453857422,407873,0.02039093,0.011557618156075478,0.011826354078948498,0.011730525642633438
32887,fgsm_fasterrcnnmodel,0.3333333333333334,0.13636363636363638,0.96726847,38.42620652482129,0.9854170083999634,0.989164412021637,0.09876877069473267,0.053389906883239746,409577,0.020756835,0.011990826576948166,0.011981088668107986,0.011958278715610504
213035,fgsm_fasterrcnnmodel,0.06060606060606061,0.0,0.9095159,38.73596879014122,0.9664136171340942,0.9688972234725952,0.23090344667434692,0.09043508768081665,402847,0.019669969,0.011315184645354748,0.011273970827460289,0.011301778256893158
399205,fgsm_fasterrcnnmodel,0.14646464646464646,0.1111111111111111,0.9813575,38.4546689426424,0.9917733669281006,0.9901651740074158,0.03252827003598213,0.025528013706207275,409382,0.020673426,0.011882049962878227,0.011908045038580894,0.011929478496313095
350002,fgsm_fasterrcnnmodel,0.3333333333333334,0.0,0.9376984,38.41648366007004,0.9755997657775879,0.9770805239677429,0.16639897227287292,0.06670647859573364,409599,0.020784266,0.011999793350696564,0.011999680660665035,0.011999692767858505
356248,fgsm_fasterrcnnmodel,0.03636363636363636,0.0,0.95211554,38.48000102115453,0.974956750869751,0.9794487953186035,0.09933574497699738,0.040500521659851074,409534,0.020608118,0.011942236684262753,0.011758864857256413,0.011858836747705936
334399,fgsm_fasterrcnnmodel,0.15909090909090912,0.03636363636363636,0.9118945,38.914568065645966,0.9697586297988892,0.9701381921768188,0.23462146520614624,0.05951833724975586,396653,0.019129245,0.01105915755033493,0.010870483703911304,0.010730001144111156
57150,fgsm_fasterrcnnmodel,0.06060606060606061,0.0030303030303030307,0.9382138,38.42554620309925,0.9762710332870483,0.9803088307380676,0.17572596669197083,0.06975960731506348,409537,0.020754365,0.011984183453023434,0.01197755616158247,0.011972490698099136
363666,fgsm_fasterrcnnmodel,0.10000000000000002,0.04958677685950414,0.9564726,38.52596019172586,0.9864867925643921,0.9832783341407776,0.07688508182764053,0.03947436809539795,409342,0.020486329,0.011428380385041237,0.011941572651267052,0.011849523521959782
169996,fgsm_fasterrcnnmodel,0.36363636363636365,0.0,0.9625098,38.42706917741108,0.9859589338302612,0.983362078666687,0.07655797898769379,0.03458666801452637,409509,0.02075274,0.011974767781794071,0.011972504667937756,0.011971873231232166
226417,fgsm_fasterrcnnmodel,0.10227272727272729,0.03409090909090909,0.9731571,38.431283859528854,0.9894720315933228,0.9908572435379028,0.0653604194521904,0.032885730266571045,409424,0.020738408,0.011958621442317963,0.011957535520195961,0.011969704180955887
493286,fgsm_fasterrcnnmodel,0.31818181818181823,0.0,0.9478019,38.48326763334964,0.9795422554016113,0.9791975617408752,0.10921498388051987,0.04606896638870239,409149,0.020592224,0.011900034733116627,0.011866134591400623,0.011783727444708347
230008,fgsm_fasterrcnnmodel,0.8484848484848486,0.08333333333333336,0.9788828,38.455999247781094,0.9929377436637878,0.9886991381645203,0.048239775002002716,0.024125099182128906,409454,0.020673865,0.011934230104088783,0.011941973119974136,0.011834243312478065
284698,fgsm_fasterrcnnmodel,0.5000000000000001,0.0,0.9627616,38.5449188231683,0.984449565410614,0.98878014087677,0.11159808188676834,0.03457587957382202,407307,0.020366693,0.011737044900655746,0.011762040667235851,0.011574741452932358
102356,fgsm_fasterrcnnmodel,1.0000000000000002,0.0,0.9378147,38.450708193239514,0.9745268225669861,0.9766504764556885,0.1563906967639923,0.04842984676361084,409571,0.020689132,0.011838083155453205,0.011966352351009846,0.011950538493692875
456394,fgsm_fasterrcnnmodel,0.3333333333333334,0.0,0.9554651,38.46284341763587,0.9849035143852234,0.9882781505584717,0.12340202927589417,0.04514729976654053,409406,0.020653028,0.011856329627335072,0.011938788928091526,0.011866379529237747
579158,fgsm_fasterrcnnmodel,0.5000000000000001,0.0,0.95688635,38.42926308047024,0.9837788939476013,0.9838935732841492,0.09242960810661316,0.05458688735961914,409503,0.020744171,0.011965280398726463,0.011964716017246246,0.011978916823863983
525322,fgsm_fasterrcnnmodel,1.0000000000000002,0.0,0.8936284,38.41948583320715,0.9458510875701904,0.9188372492790222,0.35262584686279297,0.13606077432632446,409599,0.020776374,0.011979422532022,0.011998336762189865,0.011999492533504963
8690,fgsm_fasterrcnnmodel,0.18181818181818185,0.0,0.9641765,38.807994772559276,0.9851093292236328,0.9846206307411194,0.08928683400154114,0.04741436243057251,395618,0.019386005,0.011034783907234669,0.011006008833646774,0.011136403307318687
381639,fgsm_fasterrcnnmodel,0.2954545454545455,0.0,0.96921474,38.69563905589803,0.9860981702804565,0.9838913083076477,0.06506525725126266,0.029338359832763672,395244,0.019705687,0.011190018616616726,0.011274851858615875,0.011362777091562748
284445,fgsm_fasterrcnnmodel,0.10909090909090909,0.045454545454545456,0.9506466,38.46530924923008,0.9793421030044556,0.9834458827972412,0.12306194007396698,0.05708801746368408,409298,0.02064359,0.011950485408306122,0.011940041556954384,0.011780467815697193
468124,fgsm_fasterrcnnmodel,0.3333333333333334,0.0,0.9592578,38.432263243090894,0.981090784072876,0.9814937710762024,0.08207232505083084,0.04462653398513794,409544,0.020740418,0.011979928240180016,0.011987597681581974,0.011915682815015316
273198,fgsm_fasterrcnnmodel,0.7878787878787881,0.1666666666666667,0.96909946,38.44765358878459,0.9858126044273376,0.9867075681686401,0.07119250297546387,0.021267950534820557,409226,0.020688526,0.01187523640692234,0.011952605098485947,0.01194542646408081
447342,fgsm_fasterrcnnmodel,0.39393939393939403,0.1090909090909091,0.9793732,38.49099211785288,0.9911388158798218,0.9910589456558228,0.047764211893081665,0.024590134620666504,409236,0.020569962,0.011861196719110012,0.011834506876766682,0.011773458682000637
490125,fgsm_fasterrcnnmodel,0.12500000000000003,0.0,0.9603308,38.44888652086618,0.9819642901420593,0.9836539626121521,0.1032894104719162,0.06930077075958252,409019,0.020677641,0.011894261464476585,0.01192944310605526,0.011938698589801788
290248,fgsm_fasterrcnnmodel,0.02727272727272727,0.012626262626262626,0.9705407,38.61793392769539,0.9879087805747986,0.9878560900688171,0.08024141937494278,0.03885763883590698,408278,0.020183606,0.011860804632306099,0.011290006339550018,0.011334420181810856
532058,fgsm_fasterrcnnmodel,0.1666666666666667,0.0,0.92870164,38.45877142947475,0.9710657000541687,0.9735610485076904,0.18444766104221344,0.08543086051940918,408313,0.020632256,0.011914982460439205,0.01187658030539751,0.011895422823727131
369751,fgsm_fasterrcnnmodel,0.13636363636363638,0.06818181818181819,0.96835357,38.47200717174853,0.9850659370422363,0.9846532344818115,0.07859086990356445,0.04058182239532471,409547,0.020638416,0.011949040926992893,0.011975829489529133,0.011713589541614056
429011,fgsm_fasterrcnnmodel,0.25000000000000006,0.0,0.94521075,38.445728023092876,0.9771921634674072,0.9799023270606995,0.12876279652118683,0.04223179817199707,409191,0.02068838,0.011931922286748886,0.011937587521970272,0.011930874548852444
301061,fgsm_fasterrcnnmodel,0.6666666666666669,0.25000000000000006,0.95719177,38.46473275920428,0.9844914674758911,0.9847061634063721,0.12868785858154297,0.05596017837524414,408314,0.020615768,0.011848170310258865,0.011866770684719086,0.011920235119760036
105264,fgsm_fasterrcnnmodel,0.12121212121212122,0.0,0.94345707,38.5164078089671,0.9729760885238647,0.9785054922103882,0.18419134616851807,0.07048559188842773,409575,0.020501466,0.011688160710036755,0.011650962755084038,0.011958633549511433
106757,fgsm_fasterrcnnmodel,0.18181818181818185,0.0,0.9605836,38.41817641354593,0.9784998893737793,0.9824526906013489,0.10294634103775024,0.05195903778076172,409597,0.02077965,0.011993230320513248,0.011996840126812458,0.011996862478554249
183648,fgsm_fasterrcnnmodel,0.3333333333333334,0.21212121212121215,0.96719164,38.455317045974,0.9827806353569031,0.9864460229873657,0.08573824912309647,0.049018144607543945,409174,0.02066228,0.011900249868631363,0.011904899962246418,0.011916992254555225
519688,fgsm_fasterrcnnmodel,0.3333333333333334,0.25000000000000006,0.92568254,38.41721048076115,0.9663335084915161,0.969447135925293,0.2385186403989792,0.07261002063751221,409599,0.02078243,0.011994827538728714,0.01199992373585701,0.011999862268567085
130699,fgsm_fasterrcnnmodel,0.1704545454545455,0.045454545454545456,0.96285075,38.41686554398108,0.9791161417961121,0.9857297539710999,0.07917031645774841,0.0682036280632019,409595,0.020783138,0.0119988564401865,0.011998835019767284,0.011998548172414303
405249,fgsm_fasterrcnnmodel,0.1012987012987013,0.022727272727272724,0.96281815,38.461692683416054,0.9844176173210144,0.9864385724067688,0.0770590677857399,0.02999645471572876,409058,0.020644683,0.011902505531907082,0.011929414235055447,0.01184448879212141
537506,fgsm_fasterrcnnmodel,0.19480519480519481,0.04545454545454545,0.9459801,38.49454546528528,0.9835709929466248,0.9840348958969116,0.15207502245903015,0.06045830249786377,408838,0.020542474,0.011779091320931911,0.011862066574394703,0.011857796460390091
119445,fgsm_fasterrcnnmodel,0.25000000000000006,0.1272727272727273,0.9795168,38.45304534819959,0.9877044558525085,0.9890247583389282,0.0591236837208271,0.03637796640396118,409052,0.020665856,0.011912497691810131,0.011918685398995876,0.01190113089978695
507015,fgsm_fasterrcnnmodel,0.40909090909090917,0.13636363636363635,0.9716535,38.426662107125765,0.9815267324447632,0.9865869283676147,0.06794292479753494,0.030919134616851807,409472,0.020752342,0.011977383866906166,0.011978158727288246,0.011968225240707397
373315,fgsm_fasterrcnnmodel,0.3333333333333334,0.0,0.9370463,38.42138170256881,0.9663352966308594,0.9716826677322388,0.26013514399528503,0.17144566774368286,409521,0.020768316,0.011989683844149113,0.011989102698862553,0.011986336670815945
13546,fgsm_fasterrcnnmodel,0.18181818181818185,0.0,0.96112615,38.471882277854895,0.9818252921104431,0.9857078790664673,0.08510010689496994,0.04225730895996094,409076,0.020615242,0.011862684041261673,0.011919893324375153,0.011814803816378117
67310,fgsm_fasterrcnnmodel,0.15151515151515152,0.0909090909090909,0.96483827,38.44186550872805,0.9829617738723755,0.9883570075035095,0.1023062989115715,0.047262609004974365,409541,0.020714447,0.011978412978351116,0.011975675821304321,0.011861508712172508
125936,fgsm_fasterrcnnmodel,0.16363636363636366,0.07878787878787878,0.9563014,38.53380304573599,0.9869858622550964,0.9841864109039307,0.08653734624385834,0.04007178544998169,409208,0.020448053,0.01181113813072443,0.011870401911437511,0.011508366093039513
389109,fgsm_fasterrcnnmodel,0.05194805194805195,0.0,0.93343157,38.711875406000765,0.9793148040771484,0.9809842705726624,0.1388970911502838,0.0763092041015625,409250,0.019999897,0.011098611168563366,0.011668733321130276,0.011199397966265678
128476,fgsm_fasterrcnnmodel,0.20000000000000004,0.0,0.9619015,38.53166998800232,0.9866881370544434,0.9838934540748596,0.08427508920431137,0.05247175693511963,409403,0.02046504,0.011710050515830517,0.011909552849829197,0.011561334133148193
414034,fgsm_fasterrcnnmodel,0.14285714285714288,0.11111111111111113,0.940927,38.42142989627215,0.9758211970329285,0.9807143211364746,0.16733288764953613,0.06422203779220581,409579,0.020770062,0.011991831474006176,0.011992829851806164,0.011981284245848656
99182,fgsm_fasterrcnnmodel,0.3333333333333334,0.0,0.92640996,38.67936155383296,0.977136492729187,0.9804132580757141,0.1724388301372528,0.05321645736694336,402238,0.01988782,0.011198170483112335,0.011483031325042248,0.01144689042121172
99039,fgsm_fasterrcnnmodel,0.11111111111111113,0.0,0.9559259,38.602707921588305,0.9835319519042969,0.9828795790672302,0.12023761868476868,0.04531675577163696,402056,0.020096608,0.011517733335494995,0.011504110880196095,0.011595458723604679
351823,fgsm_fasterrcnnmodel,0.5000000000000001,0.25000000000000006,0.9526704,38.41770148061422,0.9783599376678467,0.9832237362861633,0.11171440780162811,0.05465066432952881,409592,0.020780766,0.011996774934232235,0.011996851302683353,0.0119965560734272
1000,fgsm_fasterrcnnmodel,0.18181818181818185,0.1335227272727273,0.96861696,38.48037949124041,0.9883303642272949,0.9861912131309509,0.0650663748383522,0.038858890533447266,409011,0.020595817,0.011863356456160545,0.011822279542684555,0.011859805323183537
559543,fgsm_fasterrcnnmodel,0.14285714285714288,0.0,0.9275339,38.54527305241422,0.9725703001022339,0.9769622087478638,0.19659098982810974,0.08281123638153076,409224,0.020422798,0.011817323043942451,0.011865805834531784,0.011472816579043865
185890,fgsm_fasterrcnnmodel,0.11363636363636365,0.06818181818181818,0.96100384,38.44204351881592,0.9826350212097168,0.9849110245704651,0.08618507534265518,0.062175631523132324,409405,0.020708874,0.01195822935551405,0.011953549459576607,0.0118939820677042
357978,fgsm_fasterrcnnmodel,0.11688311688311691,0.060606060606060615,0.93879414,38.42697677051112,0.9761706590652466,0.9772384166717529,0.14437979459762573,0.061971187591552734,409412,0.020749927,0.01197788491845131,0.011970054358243942,0.011973020620644093
129492,fgsm_fasterrcnnmodel,0.1666666666666667,0.14285714285714288,0.9393528,38.43996248463513,0.9723612666130066,0.9761204123497009,0.14104124903678894,0.0658574104309082,409549,0.02072025,0.011984326876699924,0.011971392668783665,0.011885769665241241
146457,fgsm_fasterrcnnmodel,0.10000000000000002,0.060606060606060615,0.9617322,38.455214223897286,0.9843577742576599,0.9837383031845093,0.10960543155670166,0.058918893337249756,409550,0.020662604,0.011926596984267235,0.011912618763744831,0.011913726106286049
334309,fgsm_fasterrcnnmodel,0.18181818181818182,0.09090909090909093,0.9579846,38.528792274137395,0.9861997365951538,0.9862279891967773,0.10153254866600037,0.042854905128479004,408914,0.02045015,0.011686474084854126,0.011851681396365166,0.011667525395751
301718,fgsm_fasterrcnnmodel,0.11111111111111113,0.04958677685950414,0.9436345,38.42456222518754,0.9764694571495056,0.9789353609085083,0.14194008708000183,0.05548959970474243,409552,0.020760005,0.011988171376287937,0.011985786259174347,0.011973610147833824
93437,fgsm_fasterrcnnmodel,0.12500000000000003,0.10000000000000002,0.9605858,38.5345470756782,0.9794421195983887,0.9851719737052917,0.09046150743961334,0.035584211349487305,404306,0.020333458,0.011704845353960991,0.01169001217931509,0.0116968285292387
89556,fgsm_fasterrcnnmodel,0.0404040404040404,0.007575757575757575,0.96562296,38.619081923576864,0.9872657060623169,0.986581027507782,0.09287620335817337,0.05758488178253174,400737,0.020020425,0.011475658044219017,0.011478053405880928,0.011518171057105064
86220,fgsm_fasterrcnnmodel,0.38636363636363646,0.25000000000000006,0.9613251,38.54657352397944,0.9841489791870117,0.9876489639282227,0.1010538637638092,0.05081832408905029,409547,0.020445975,0.011969477869570255,0.011970018967986107,0.011145170778036118
508602,fgsm_fasterrcnnmodel,0.18181818181818185,0.0,0.96527976,38.59336131142365,0.9895445108413696,0.9878178238868713,0.0738009363412857,0.03761494159698486,405737,0.020199383,0.01160366926342249,0.01158376969397068,0.011514808982610703
17178,fgsm_fasterrcnnmodel,0.3333333333333334,0.0,0.9743066,38.49987638884152,0.983444094657898,0.9887771010398865,0.06436772644519806,0.031691014766693115,408507,0.020525169,0.01182315032929182,0.011844193562865257,0.011734393425285816
313182,fgsm_fasterrcnnmodel,0.2954545454545455,0.03636363636363636,0.96316355,39.05982877185884,0.9853036403656006,0.9831869602203369,0.1523633599281311,0.045378148555755615,381104,0.018436627,0.010690108872950077,0.010409251786768436,0.010193359106779099
538364,fgsm_fasterrcnnmodel,0.30909090909090914,0.24848484848484853,0.95506245,38.44767679531948,0.9816468954086304,0.983694851398468,0.09331107139587402,0.03650319576263428,409477,0.020696608,0.011963734403252602,0.011962499469518661,0.01185525581240654
103548,fgsm_fasterrcnnmodel,0.5000000000000001,0.0,0.97732764,38.41737108517882,0.9860612154006958,0.9882378578186035,0.06095373257994652,0.057074785232543945,409598,0.02078184,0.011995235458016396,0.01199798472225666,0.011999444104731083
568439,fgsm_fasterrcnnmodel,0.18181818181818182,0.03787878787878788,0.9675276,38.49991134264436,0.9842257499694824,0.9883885979652405,0.07134431600570679,0.03845012187957764,409019,0.020528872,0.011859760619699955,0.011810624971985817,0.011769687756896019
372317,fgsm_fasterrcnnmodel,0.5000000000000001,0.3333333333333334,0.95430064,38.42746488583589,0.9781090021133423,0.9867315292358398,0.10247982293367386,0.04007500410079956,409502,0.020750822,0.011972545646131039,0.01197793148458004,0.011969194747507572
260266,fgsm_fasterrcnnmodel,0.2727272727272727,0.0,0.923565,38.43980339043554,0.9606170058250427,0.9581413269042969,0.23172470927238464,0.0696139931678772,409515,0.02071699,0.011923275887966156,0.01198083721101284,0.011925327591598034
106048,fgsm_fasterrcnnmodel,1.0000000000000002,0.5000000000000001,0.9316686,38.434422915103916,0.969884991645813,0.9726237654685974,0.18929624557495117,0.06657421588897705,409565,0.02073601,0.011993111111223698,0.01197657361626625,0.011914282105863094
177893,fgsm_fasterrcnnmodel,0.5000000000000001,0.0,0.95794886,38.88482645658933,0.9830614328384399,0.9805816411972046,0.14156731963157654,0.055452048778533936,385547,0.019000947,0.010804233141243458,0.010764476843178272,0.010849370621144772
171050,fgsm_fasterrcnnmodel,1.0000000000000002,0.0,0.9451067,38.58422551788401,0.9770135879516602,0.980732798576355,0.11397480964660645,0.053931355476379395,409593,0.020321146,0.011360786855220795,0.01145169511437416,0.01199540589004755
243867,fgsm_fasterrcnnmodel,0.6666666666666669,0.5151515151515152,0.9238201,38.53507449090166,0.9668716192245483,0.9648787379264832,0.22081398963928223,0.09960508346557617,403479,0.020319162,0.011711610481142998,0.011683978140354156,0.01167931780219078
263594,fgsm_fasterrcnnmodel,0.12121212121212122,0.045454545454545456,0.9615038,38.582865760480814,0.9840134978294373,0.9841018915176392,0.08442114293575287,0.033387064933776855,408853,0.020310624,0.011898808181285858,0.011467969045042992,0.011488977819681168
147725,fgsm_fasterrcnnmodel,0.5454545454545456,0.2954545454545455,0.9475436,38.46077668756375,0.9728464484214783,0.9784277677536011,0.10953714698553085,0.04559135437011719,409378,0.02065568,0.01197216846048832,0.011930149979889393,0.011778498999774456
138979,fgsm_fasterrcnnmodel,0.5984848484848486,0.25000000000000006,0.9449632,38.46080306890307,0.9807014465332031,0.9801468253135681,0.13785456120967865,0.05532574653625488,408990,0.020641826,0.011896277777850628,0.011899820528924465,0.01188952662050724
100283,fgsm_fasterrcnnmodel,0.0909090909090909,0.0,0.94658214,38.43656731773872,0.96991366147995,0.9798865914344788,0.13078540563583374,0.04949218034744263,409514,0.020726286,0.01195282582193613,0.01195900235325098,0.011946705169975758
563653,fgsm_fasterrcnnmodel,0.14545454545454545,0.0,0.9604457,38.433293959911154,0.9815255403518677,0.9879611730575562,0.09494753181934357,0.04373037815093994,409538,0.020736951,0.011960986070334911,0.01196218840777874,0.011952056549489498
113051,fgsm_fasterrcnnmodel,1.0000000000000002,0.0,0.9224203,38.852556156572,0.9682625532150269,0.9708110690116882,0.25598233938217163,0.10887444019317627,396008,0.019281954,0.011088254861533642,0.011082712560892105,0.010786380618810654
73702,fgsm_fasterrcnnmodel,0.1666666666666667,0.09090909090909093,0.9525271,38.4653324888468,0.9823066592216492,0.9817547798156738,0.10706723481416702,0.05139952898025513,409547,0.02065324,0.011730903759598732,0.011951747350394726,0.011979368515312672
61268,fgsm_fasterrcnnmodel,0.25000000000000006,0.0,0.9437036,39.02745155307241,0.9800914525985718,0.980212390422821,0.16444766521453857,0.0715862512588501,389821,0.018690253,0.010688431560993195,0.010660345666110516,0.010489852167665958
393093,fgsm_fasterrcnnmodel,0.6666666666666669,0.3333333333333334,0.97091144,38.7266604400828,0.9902375936508179,0.9873766899108887,0.07753679901361465,0.047883033752441406,398638,0.019678116,0.011229663155972958,0.011204834096133709,0.011305407620966434
198510,fgsm_fasterrcnnmodel,0.5000000000000001,0.3333333333333334,0.9416291,39.065189676300434,0.9746869802474976,0.9763247966766357,0.1734561026096344,0.07613170146942139,399940,0.018873386,0.009837247431278229,0.010953318327665329,0.01085635181516409
126592,fgsm_fasterrcnnmodel,0.12121212121212122,0.03409090909090909,0.9458243,38.45903025200759,0.9745979309082031,0.9818616509437561,0.1431439071893692,0.054052114486694336,409360,0.020662613,0.01190745085477829,0.01193929836153984,0.011834029108285904
133567,fgsm_fasterrcnnmodel,1.0000000000000002,0.3333333333333334,0.9607921,38.520631756047834,0.9829587936401367,0.9843748211860657,0.08544880151748657,0.04318517446517944,408794,0.020476742,0.011856162920594215,0.011807048693299294,0.011615905910730362
521052,fgsm_fasterrcnnmodel,1.0000000000000002,0.0,0.9776177,38.44296956363819,0.9891093969345093,0.9898869395256042,0.051048144698143005,0.04319930076599121,409371,0.02070348,0.011936834082007408,0.01193368062376976,0.011938507668673992
415990,fgsm_fasterrcnnmodel,0.25000000000000006,0.0,0.9511598,38.42199824387439,0.9738132357597351,0.9784955382347107,0.15158262848854065,0.05223536491394043,409539,0.020767353,0.011992416344583035,0.011980284005403519,0.011985225602984428
460147,fgsm_fasterrcnnmodel,0.03787878787878788,0.0,0.9536652,38.600814254251475,0.9834393262863159,0.9859833717346191,0.11088375747203827,0.052564918994903564,408225,0.020233016,0.011649735271930695,0.0116729736328125,0.011427951976656914
190140,fgsm_fasterrcnnmodel,0.38636363636363646,0.3333333333333334,0.9461587,38.43644014403218,0.9772603511810303,0.9800463914871216,0.14810864627361298,0.06084257364273071,409539,0.020727506,0.011941332370042801,0.011965558864176273,0.011968267150223255
32901,fgsm_fasterrcnnmodel,0.09090909090909093,0.045454545454545456,0.95130044,38.42779383669808,0.9784743189811707,0.9807392358779907,0.10180982947349548,0.046766042709350586,409565,0.020751977,0.011975052766501904,0.01196809858083725,0.011975939385592937
84270,fgsm_fasterrcnnmodel,0.04545454545454545,0.03787878787878788,0.957984,38.538123371474924,0.9873096346855164,0.9839297533035278,0.08411675691604614,0.03814119100570679,406764,0.02037281,0.011693551205098629,0.011756932362914085,0.011666025966405869
422836,fgsm_fasterrcnnmodel,0.1090909090909091,0.022727272727272724,0.949141,38.49879079302991,0.9826800227165222,0.9827141761779785,0.16254854202270508,0.06063687801361084,407583,0.020500362,0.01183430664241314,0.011812113225460052,0.011752856895327568
456015,fgsm_fasterrcnnmodel,0.0909090909090909,0.0,0.9291931,38.41678016027631,0.9649113416671753,0.9783079624176025,0.20617783069610596,0.06823861598968506,409599,0.020783449,0.011999474838376045,0.01199852954596281,0.01199905015528202
547886,fgsm_fasterrcnnmodel,0.24242424242424246,0.0909090909090909,0.9132692,38.41669310095344,0.9587974548339844,0.9639440774917603,0.29429003596305847,0.09551912546157837,409599,0.020783706,0.011999581009149551,0.011999616399407387,0.011998428031802177
69356,fgsm_fasterrcnnmodel,0.1090909090909091,0.09090909090909093,0.98075676,38.49586667636138,0.9911548495292664,0.989683210849762,0.04179275408387184,0.02558720111846924,408370,0.020529704,0.011813333258032799,0.01182317640632391,0.011781236156821251
377113,fgsm_fasterrcnnmodel,0.0909090909090909,0.06060606060606061,0.97423106,38.430475233895294,0.9869789481163025,0.986913800239563,0.08156779408454895,0.04281210899353027,409588,0.020746924,0.011994496919214725,0.011910335160791874,0.011992640793323517
439994,fgsm_fasterrcnnmodel,0.045454545454545456,0.022727272727272728,0.98176914,38.44905410858271,0.9924381971359253,0.9910067319869995,0.03916772082448006,0.033322691917419434,409405,0.020689204,0.011918965727090836,0.011904505081474781,0.011931351386010647
512776,fgsm_fasterrcnnmodel,0.3333333333333334,0.18181818181818185,0.9135856,38.75742934017105,0.9788267612457275,0.9772786498069763,0.16380761563777924,0.07097434997558594,391465,0.01945907,0.011091159656643867,0.011085825972259045,0.011163894087076187
184978,fgsm_fasterrcnnmodel,0.5000000000000001,0.0,0.9442969,38.417171273221015,0.9737231135368347,0.9844922423362732,0.15424132347106934,0.0813746452331543,409598,0.020782402,0.011996555142104626,0.011998388916254044,0.011999081820249557
73946,fgsm_fasterrcnnmodel,0.15909090909090912,0.0,0.9285679,38.46459447636852,0.9689437747001648,0.9715070724487305,0.20582148432731628,0.07303124666213989,409475,0.020649645,0.011835478246212006,0.011921695433557034,0.01189892552793026
27696,fgsm_fasterrcnnmodel,0.14285714285714288,0.0,0.94972277,38.5929940431984,0.9841971397399902,0.983476459980011,0.10094344615936279,0.0453411340713501,409568,0.020306231,0.011954419314861298,0.0116852642968297,0.01114665623754263
62808,fgsm_fasterrcnnmodel,0.07070707070707072,0.06363636363636364,0.9578479,38.45098871025745,0.9852979183197021,0.9833511710166931,0.08423417806625366,0.041335463523864746,409531,0.02069026,0.011969171464443207,0.011836191639304161,0.011961691081523895
497344,fgsm_fasterrcnnmodel,0.20000000000000004,0.1666666666666667,0.9225988,38.483293508782765,0.9659452438354492,0.9661909937858582,0.24564701318740845,0.06748336553573608,409518,0.020601554,0.011917474679648876,0.011852165684103966,0.011809524148702621
361147,fgsm_fasterrcnnmodel,0.08522727272727272,0.07954545454545454,0.9532115,38.42735239045009,0.977655291557312,0.9800410866737366,0.09934043139219284,0.04402977228164673,409580,0.020754851,0.011990683153271675,0.011990103870630264,0.01194126345217228
541123,fgsm_fasterrcnnmodel,0.06818181818181818,0.045454545454545456,0.9561581,38.42591524478701,0.9819819331169128,0.9863101840019226,0.07195611298084259,0.03816378116607666,409537,0.020756865,0.011978644877672195,0.01197656150907278,0.01197306253015995
10707,fgsm_fasterrcnnmodel,0.10000000000000002,0.06363636363636364,0.9387806,38.56244544188708,0.9761652946472168,0.9749618768692017,0.14741656184196472,0.05439239740371704,409530,0.020405916,0.011289807967841625,0.011857599951326847,0.01185140386223793
343706,fgsm_fasterrcnnmodel,0.3333333333333334,0.0,0.9751442,38.45137394404917,0.9871915578842163,0.990135669708252,0.0871717557311058,0.04811197519302368,409535,0.020690935,0.011830909177660942,0.011960494332015514,0.011988281272351742
199395,fgsm_fasterrcnnmodel,0.022727272727272728,0.0,0.9109957,38.41691995570369,0.9533247947692871,0.9303334951400757,0.28949952125549316,0.13215875625610352,409600,0.020783104,0.011998130939900875,0.011998393572866917,0.011999364010989666
514797,fgsm_fasterrcnnmodel,0.3333333333333334,0.25000000000000006,0.9405373,38.45328267371554,0.9668354392051697,0.975377082824707,0.13569863140583038,0.0330045223236084,409463,0.020678002,0.011895478703081608,0.011892367154359818,0.01194423995912075
486104,fgsm_fasterrcnnmodel,0.05454545454545454,0.005681818181818182,0.97679216,38.459382200194476,0.9884111285209656,0.9877555966377258,0.03830379992723465,0.022526204586029053,409310,0.020659423,0.01190419401973486,0.01194057147949934,0.011849744245409966
279774,fgsm_fasterrcnnmodel,0.15909090909090912,0.07575757575757576,0.9585533,38.42308809689367,0.9804259538650513,0.9817481637001038,0.08975162357091904,0.033852338790893555,409547,0.020764468,0.011982866562902927,0.011983418837189674,0.011984595097601414
474078,fgsm_fasterrcnnmodel,0.18181818181818185,0.1090909090909091,0.98329574,38.42927161083405,0.9867721796035767,0.9871531128883362,0.03105541318655014,0.01698005199432373,409529,0.020746844,0.01197784673422575,0.011965054087340832,0.011960262432694435
872,fgsm_fasterrcnnmodel,0.3333333333333334,0.18181818181818185,0.968875,38.463476716340686,0.9857438802719116,0.9888613224029541,0.07269563525915146,0.04423809051513672,408444,0.02062573,0.011877425014972687,0.011912929825484753,0.011862470768392086
32038,fgsm_fasterrcnnmodel,0.20000000000000004,0.14285714285714288,0.8691991,39.54929400307514,0.9792345762252808,0.9849897623062134,0.20404869318008423,0.07664734125137329,358100,0.016838059,0.009407800622284412,0.009604698047041893,0.008989899419248104
12120,fgsm_fasterrcnnmodel,0.06818181818181818,0.02727272727272727,0.94103426,38.47163061276815,0.9742318391799927,0.9847137928009033,0.12027479708194733,0.04989886283874512,409372,0.020631768,0.011694870889186859,0.011940526776015759,0.01195288635790348
306139,fgsm_fasterrcnnmodel,0.10018552875695734,0.0487012987012987,0.9447326,38.455779081454715,0.9808444380760193,0.9791103601455688,0.14236187934875488,0.05868852138519287,409346,0.020666584,0.011920812539756298,0.011929251253604889,0.011889422312378883
384136,fgsm_fasterrcnnmodel,0.5000000000000001,0.0,0.92512625,38.42093015238634,0.9675644636154175,0.9705923795700073,0.239468514919281,0.06074881553649902,409593,0.020772012,0.011981341056525707,0.01199500635266304,0.011992286890745163
173057,fgsm_fasterrcnnmodel,0.022727272727272728,0.01818181818181818,0.94926786,38.42167963295477,0.9781138896942139,0.9826917052268982,0.14162515103816986,0.06695342063903809,409555,0.020768736,0.011984491720795631,0.0119899557903409,0.011986171826720238
228214,fgsm_fasterrcnnmodel,0.04545454545454545,0.0,0.9401749,38.48127934817903,0.9747377634048462,0.9782764315605164,0.1386817842721939,0.06567633152008057,409593,0.020610578,0.011948693543672562,0.011664356105029583,0.011962606571614742
183709,fgsm_fasterrcnnmodel,0.18181818181818182,0.07954545454545454,0.9464707,38.61676805298389,0.9768610000610352,0.9780666828155518,0.1501513123512268,0.0822603702545166,409369,0.020147078,0.011372320353984833,0.011374303139746189,0.011787347495555878
57672,fgsm_fasterrcnnmodel,0.2954545454545455,0.022727272727272728,0.97235966,38.4170952573633,0.9863605499267578,0.9877743124961853,0.06073129549622536,0.035939931869506836,409599,0.020782625,0.011997605673968792,0.011999314650893211,0.01199766993522644
138639,fgsm_fasterrcnnmodel,0.2545454545454546,0.0,0.9681125,38.47815201390308,0.9853968620300293,0.9888735413551331,0.06768786907196045,0.05027163028717041,409327,0.02060978,0.011884830892086029,0.011898517608642578,0.011772015132009983
283785,fgsm_fasterrcnnmodel,0.0909090909090909,0.05909090909090909,0.96508145,38.51132774948235,0.989146888256073,0.9881997108459473,0.07425905764102936,0.04400634765625,409055,0.020509915,0.011771012097597122,0.011861294507980347,0.011696727015078068
139099,fgsm_fasterrcnnmodel,0.045454545454545456,0.020833333333333332,0.96404266,38.42223582727841,0.9871047735214233,0.9865637421607971,0.07984836399555206,0.05106699466705322,409589,0.02076838,0.011983457021415234,0.011988035403192043,0.011986928060650826
467511,fgsm_fasterrcnnmodel,0.6666666666666669,0.25000000000000006,0.9588876,38.45391372574437,0.9839596748352051,0.9849860072135925,0.09314712882041931,0.039801716804504395,409123,0.02066716,0.011907123029232025,0.011904556304216385,0.011914677917957306
291791,fgsm_fasterrcnnmodel,0.34090909090909094,0.25000000000000006,0.97566766,38.63441525509354,0.9890276789665222,0.9875059723854065,0.06363161653280258,0.02935892343521118,401530,0.019988637,0.011473807506263256,0.011492951773107052,0.011455915868282318
273551,fgsm_fasterrcnnmodel,1.0000000000000002,0.1818181818181818,0.9572282,38.43754637405627,0.9808380007743835,0.9858708381652832,0.09591782093048096,0.035842299461364746,409382,0.020719552,0.011955435387790203,0.011952669359743595,0.011940471827983856
513580,fgsm_fasterrcnnmodel,0.6666666666666669,0.3333333333333334,0.9204058,38.41653141328058,0.9671908617019653,0.9706246852874756,0.2601640820503235,0.07847225666046143,409600,0.020784201,0.0119990399107337,0.012000007554888725,0.011999810114502907
213816,fgsm_fasterrcnnmodel,1.0000000000000002,0.5000000000000001,0.93917066,38.42458954028814,0.9764844179153442,0.9770201444625854,0.15544654428958893,0.07189840078353882,409562,0.020760411,0.011969801038503647,0.01198535691946745,0.01198853924870491
101787,fgsm_fasterrcnnmodel,1.0000000000000002,0.0,0.91674155,38.42318507946153,0.9569426774978638,0.9490115642547607,0.19809851050376892,0.06733059883117676,409586,0.02076606,0.011993744410574436,0.011992902494966984,0.011965377256274223
522751,fgsm_fasterrcnnmodel,0.36363636363636365,0.0,0.9240158,38.435978360462045,0.9644293785095215,0.9703832864761353,0.19510191679000854,0.07854604721069336,409468,0.020727739,0.011954660527408123,0.011969774961471558,0.011925926432013512
566436,fgsm_fasterrcnnmodel,0.25000000000000006,0.0,0.9617558,38.42627369573766,0.9832991361618042,0.9842542409896851,0.08696039021015167,0.049979329109191895,409521,0.020755341,0.011984066106379032,0.011989599093794823,0.011954860761761665
503841,fgsm_fasterrcnnmodel,1.0000000000000002,0.5454545454545455,0.952189,38.44764589118826,0.9838157892227173,0.9744536280632019,0.12076017260551453,0.08094996213912964,409582,0.020696383,0.011888278648257256,0.011919451877474785,0.01197052001953125
127092,fgsm_fasterrcnnmodel,0.10606060606060608,0.0,0.9453785,38.421781224829786,0.9782718420028687,0.9809268712997437,0.14174172282218933,0.0710453987121582,409575,0.020768847,0.011982676573097706,0.011989116668701172,0.011991278268396854
507797,fgsm_fasterrcnnmodel,0.38636363636363646,0.011363636363636364,0.94111687,38.64420494198612,0.9763810038566589,0.9789601564407349,0.16634789109230042,0.04484450817108154,402868,0.019996049,0.011599480174481869,0.011346190236508846,0.011395271867513657
315492,fgsm_fasterrcnnmodel,0.3333333333333334,0.0,0.942056,38.46774804548045,0.9735605120658875,0.9782828688621521,0.13725915551185608,0.05382859706878662,409520,0.020644078,0.01181554701179266,0.011903919279575348,0.01193634606897831
505638,fgsm_fasterrcnnmodel,0.5000000000000001,0.0,0.9570937,38.43485708227535,0.9770013689994812,0.9800354242324829,0.08289147168397903,0.028814256191253662,409547,0.020732451,0.011933493427932262,0.01196957379579544,0.011964279226958752
70254,fgsm_fasterrcnnmodel,0.24242424242424246,0.14285714285714288,0.9597749,38.50454200275263,0.9843456149101257,0.9864988327026367,0.0931447297334671,0.04359620809555054,408124,0.020501977,0.011721684597432613,0.011827576905488968,0.011813986115157604
508917,fgsm_fasterrcnnmodel,0.20000000000000004,0.0,0.95265144,38.80054440757653,0.9842759966850281,0.9835538268089294,0.10214224457740784,0.0518498420715332,394405,0.019391397,0.011080964468419552,0.011036996729671955,0.011030733585357666
448410,fgsm_fasterrcnnmodel,0.21022727272727276,0.0,0.96640015,38.53544187845863,0.9865096807479858,0.9860883355140686,0.07852315902709961,0.0449599027633667,409496,0.020455522,0.011567002162337303,0.011667866259813309,0.011982321739196777
201148,fgsm_fasterrcnnmodel,0.3333333333333334,0.0,0.95227414,38.44874314847231,0.9774588346481323,0.9853895306587219,0.13575340807437897,0.04736202955245972,409188,0.020682836,0.011907731182873249,0.011930312030017376,0.011924258433282375
231169,fgsm_fasterrcnnmodel,1.0000000000000002,0.5000000000000001,0.9863774,38.553188992618395,0.9921417236328125,0.9914875030517578,0.08488538861274719,0.08689528703689575,403748,0.020270713,0.011642629280686378,0.011655032634735107,0.011657247319817543
511999,fgsm_fasterrcnnmodel,0.8484848484848486,0.3333333333333334,0.9550727,38.68296361774716,0.9816550612449646,0.9846094250679016,0.1281662881374359,0.05117833614349365,401643,0.019859482,0.011462765745818615,0.011309200897812843,0.011281588114798069
488664,fgsm_fasterrcnnmodel,0.5000000000000001,0.0,0.9337485,38.58186445681678,0.9704114198684692,0.9756609797477722,0.21166807413101196,0.08897066116333008,409560,0.020359581,0.011052179150283337,0.01194861251860857,0.011984454467892647
444879,fgsm_fasterrcnnmodel,1.0000000000000002,0.0,0.97140265,39.32408699426875,0.986775279045105,0.9877027273178101,0.14344938099384308,0.03839921951293945,359451,0.017389312,0.009768988005816936,0.009814697317779064,0.009756569750607014
297022,fgsm_fasterrcnnmodel,0.5000000000000001,0.0,0.9627511,38.60082923169367,0.9798883199691772,0.9859204888343811,0.1712764948606491,0.07869160175323486,409484,0.020309351,0.010925281792879105,0.011966321617364883,0.011967730708420277
407083,fgsm_fasterrcnnmodel,0.12500000000000003,0.0,0.93649834,38.47535704088378,0.9707030057907104,0.9760216474533081,0.19010061025619507,0.07715457677841187,409542,0.020616014,0.011828497983515263,0.011769700795412064,0.011986850760877132
212226,fgsm_fasterrcnnmodel,0.5000000000000001,0.0,0.9193289,38.56790066117145,0.9680614471435547,0.9660043120384216,0.22546501457691193,0.07278221845626831,407885,0.020326061,0.011833087541162968,0.011821011081337929,0.011292814277112484
394206,fgsm_fasterrcnnmodel,0.20454545454545456,0.13636363636363638,0.9656498,38.49542850258207,0.9888469576835632,0.9875438213348389,0.07702149450778961,0.03566843271255493,409415,0.020562565,0.011846371926367283,0.011795198544859886,0.0118539584800601
289741,fgsm_fasterrcnnmodel,0.06060606060606061,0.0,0.9556222,38.431301798567134,0.9779936671257019,0.9866961240768433,0.11896657943725586,0.051554322242736816,409527,0.020742016,0.011958707123994827,0.011970097199082375,0.011957041919231415
453166,fgsm_fasterrcnnmodel,0.5000000000000001,0.3181818181818182,0.9243954,38.419496618096275,0.9682861566543579,0.9735307097434998,0.16891926527023315,0.07050460577011108,409591,0.02077583,0.011985807679593563,0.011994446627795696,0.011996167711913586
279927,fgsm_fasterrcnnmodel,0.125,0.07575757575757576,0.96706575,38.46235370220988,0.9792784452438354,0.9906250238418579,0.0998343676328659,0.03004741668701172,409474,0.020656902,0.011949265375733376,0.011851119808852673,0.011861086823046207
161032,fgsm_fasterrcnnmodel,0.3333333333333334,0.25000000000000006,0.95432305,38.46439718534303,0.9738284945487976,0.9840887784957886,0.14808779954910278,0.07413303852081299,408476,0.020620814,0.011887715198099613,0.011886315420269966,0.011886491440236568
437239,fgsm_fasterrcnnmodel,0.20000000000000004,0.14545454545454548,0.97651577,38.46552368757499,0.9888519048690796,0.9887718558311462,0.06888973712921143,0.024975359439849854,409248,0.020639861,0.011898023076355457,0.011898697353899479,0.011838117614388466
382111,fgsm_fasterrcnnmodel,0.14545454545454545,0.1090909090909091,0.9605026,38.424592686791925,0.9827433824539185,0.9878066778182983,0.09208296239376068,0.04193603992462158,409579,0.020762274,0.011960336938500404,0.011990321800112724,0.011988824233412743
132408,fgsm_fasterrcnnmodel,0.12121212121212122,0.0,0.9624198,38.44464123139943,0.9818384051322937,0.9849275350570679,0.10156466066837311,0.04554295539855957,409520,0.020706747,0.011960256844758987,0.01196710579097271,0.011869140900671482
260106,fgsm_fasterrcnnmodel,0.18181818181818185,0.0909090909090909,0.96468335,38.442926611264944,0.9881629943847656,0.988487958908081,0.08260172605514526,0.04593414068222046,409394,0.020706903,0.011921260505914688,0.011964562349021435,0.011926289647817612
100510,fgsm_fasterrcnnmodel,0.15909090909090912,0.0,0.970005,38.43302839194432,0.9884559512138367,0.9881228804588318,0.0672672763466835,0.032392263412475586,409494,0.020735212,0.011982344090938568,0.011965148150920868,0.011936166323721409
441442,fgsm_fasterrcnnmodel,0.25000000000000006,0.13636363636363638,0.97254306,38.42989007821139,0.9873937368392944,0.9898710250854492,0.05674019455909729,0.040579915046691895,409532,0.020745685,0.011982577852904797,0.011979328468441963,0.011940599419176579
140270,fgsm_fasterrcnnmodel,0.3333333333333334,0.0,0.953429,38.41987518820677,0.9786629676818848,0.9850656390190125,0.0945635586977005,0.037556350231170654,409555,0.02077379,0.011993389576673508,0.01199355348944664,0.011987393721938133
553990,fgsm_fasterrcnnmodel,0.3333333333333334,0.0,0.9752061,38.43639635733375,0.9886828660964966,0.9882782697677612,0.054940007627010345,0.036627769470214844,409488,0.020724637,0.011968799866735935,0.011968347243964672,0.011930370703339577
97924,fgsm_fasterrcnnmodel,0.39393939393939403,0.0,0.96487015,38.769339919307036,0.9852020740509033,0.986794114112854,0.12657682597637177,0.0629739761352539,394998,0.01946751,0.011242426931858063,0.011164393275976181,0.011042134836316109
331799,fgsm_fasterrcnnmodel,0.14545454545454548,0.13636363636363638,0.9511654,38.454490117394926,0.982616662979126,0.9828906059265137,0.10163886845111847,0.03309112787246704,409564,0.020682622,0.01197801623493433,0.011934229172766209,0.011808501556515694
326542,fgsm_fasterrcnnmodel,0.18181818181818182,0.12121212121212122,0.91522735,38.432676865032576,0.9511925578117371,0.9366377592086792,0.2860116958618164,0.08136177062988281,409531,0.020738432,0.011986028403043747,0.011974267661571503,0.01192159578204155
151051,fgsm_fasterrcnnmodel,0.5000000000000001,0.0,0.9224205,38.425466004145655,0.9435221552848816,0.9473955631256104,0.2562100291252136,0.10536646842956543,409533,0.020757155,0.011982380412518978,0.011981731280684471,0.011966816149652004
93717,fgsm_fasterrcnnmodel,0.09090909090909091,0.045454545454545456,0.9611118,38.46041545152363,0.9836317896842957,0.9856186509132385,0.10197583585977554,0.046463608741760254,409255,0.02065321,0.01191291306167841,0.011914976872503757,0.01184883713722229
394510,fgsm_fasterrcnnmodel,0.5227272727272728,0.38636363636363646,0.94680405,38.425269917523615,0.9724079966545105,0.977809727191925,0.1322345733642578,0.06733858585357666,409538,0.020758118,0.011975855566561222,0.011983830481767654,0.011979167349636555
18193,fgsm_fasterrcnnmodel,0.25000000000000006,0.20000000000000004,0.93578887,38.432890270847146,0.9664451479911804,0.976874053478241,0.19579318165779114,0.06080228090286255,409472,0.020735454,0.01194741204380989,0.011963311582803726,0.011970235966145992
160728,fgsm_fasterrcnnmodel,0.06818181818181818,0.022727272727272728,0.9383132,38.42437959433613,0.9679038524627686,0.9790478348731995,0.20427483320236206,0.06365907192230225,409527,0.020760786,0.011982252821326256,0.011981460265815258,0.011974727734923363
403584,fgsm_fasterrcnnmodel,0.0909090909090909,0.06060606060606061,0.9578425,38.64576593768439,0.9866692423820496,0.987670361995697,0.119352325797081,0.05674779415130615,404088,0.020017242,0.011568726040422916,0.011440842412412167,0.011335277929902077
40757,fgsm_fasterrcnnmodel,0.20000000000000004,0.0,0.9137251,38.531634875522286,0.9608262777328491,0.9629375338554382,0.2457461804151535,0.09913468360900879,409044,0.020437384,0.011725855991244316,0.011686993762850761,0.011882795952260494
342128,fgsm_fasterrcnnmodel,0.030303030303030304,0.015151515151515152,0.97646785,38.441167996774944,0.990192174911499,0.9866632223129272,0.04663217440247536,0.02303403615951538,409497,0.020714188,0.011960879899561405,0.011895827017724514,0.011963038705289364
320642,fgsm_fasterrcnnmodel,0.3333333333333334,0.18181818181818185,0.9364217,38.497923505608455,0.9738382697105408,0.9771801829338074,0.1543915569782257,0.060474395751953125,409143,0.020544033,0.011826805770397186,0.011774122714996338,0.011846453882753849
409542,fgsm_fasterrcnnmodel,0.12121212121212122,0.0,0.9663413,38.4319567628975,0.987285315990448,0.984645664691925,0.0776253268122673,0.03884357213973999,409476,0.020736514,0.01197572611272335,0.011953080072999,0.011958633549511433
127270,fgsm_fasterrcnnmodel,0.20000000000000004,0.04545454545454545,0.93833274,38.45867126251041,0.9743069410324097,0.9795365333557129,0.1410275101661682,0.05274927616119385,408902,0.02064743,0.011912993155419827,0.011901763267815113,0.011874900199472904
300039,fgsm_fasterrcnnmodel,0.14285714285714288,0.0,0.89530164,39.299429682713914,0.9766924381256104,0.9761371612548828,0.16841410100460052,0.06807994842529297,405489,0.018386856,0.011378219351172447,0.009505711495876312,0.009311086498200893
259597,fgsm_fasterrcnnmodel,0.06818181818181818,0.0,0.9312641,38.70605645573024,0.9787169694900513,0.9820388555526733,0.17416095733642578,0.07592296600341797,405468,0.019869229,0.011587303131818771,0.011322707869112492,0.011107184924185276
226408,fgsm_fasterrcnnmodel,0.06250000000000001,0.0,0.9419995,38.48031706905542,0.9777902960777283,0.9816933870315552,0.22751860320568085,0.10881388187408447,408098,0.020561535,0.01185930147767067,0.011856275610625744,0.011859471909701824
54654,fgsm_fasterrcnnmodel,0.5000000000000001,0.3333333333333334,0.9466469,38.45741230047698,0.9790970087051392,0.9774615168571472,0.1115884929895401,0.04283452033996582,409494,0.020666763,0.011928810738027096,0.011915772221982479,0.01187686063349247
152771,fgsm_fasterrcnnmodel,0.3333333333333334,0.0,0.9733456,38.47159717118109,0.9850785732269287,0.9893487095832825,0.06493580341339111,0.04851841926574707,409328,0.020629272,0.011935149319469929,0.011934148147702217,0.011721494607627392
309391,fgsm_fasterrcnnmodel,0.20000000000000004,0.0,0.9843069,38.446923709489894,0.9937490224838257,0.9935500025749207,0.044178545475006104,0.03327345848083496,409380,0.020692956,0.011945550329983234,0.011932244524359703,0.011901971884071827
480944,fgsm_fasterrcnnmodel,0.15151515151515152,0.09090909090909091,0.9646509,38.42533787118445,0.9841539859771729,0.9845304489135742,0.09600257128477097,0.04459291696548462,409558,0.020758724,0.011972175911068916,0.011982687748968601,0.011980371549725533
502599,fgsm_fasterrcnnmodel,0.6363636363636365,0.0,0.9464834,38.70297216723931,0.9829877614974976,0.9806995391845703,0.14289790391921997,0.0755872130393982,408194,0.019970639,0.011781002394855022,0.011302012950181961,0.010853000916540623
542423,fgsm_fasterrcnnmodel,0.04545454545454545,0.0,0.973182,38.95703668493826,0.985247790813446,0.9883898496627808,0.1078457161784172,0.04654550552368164,386544,0.018833734,0.010681398212909698,0.010511300526559353,0.010769736021757126
344909,fgsm_fasterrcnnmodel,0.6818181818181819,0.5000000000000001,0.9595247,38.48708077509876,0.9821262359619141,0.9812822937965393,0.09821613132953644,0.03640007972717285,406517,0.020517904,0.011817868798971176,0.011828643269836903,0.011803822591900826
140556,fgsm_fasterrcnnmodel,0.5757575757575758,0.24242424242424246,0.946141,38.4342472331365,0.9778465032577515,0.9822368025779724,0.13968414068222046,0.04609227180480957,409529,0.020735204,0.011930692009627819,0.011976141482591629,0.011963745579123497
19109,fgsm_fasterrcnnmodel,0.11616161616161615,0.022727272727272728,0.98037815,38.43062273475108,0.9931762218475342,0.990277111530304,0.03643079102039337,0.024595975875854492,409553,0.020744689,0.011951465159654617,0.011976880021393299,0.011966448277235031
206994,fgsm_fasterrcnnmodel,0.5000000000000001,0.3333333333333334,0.9698224,38.45489589317284,0.9850506782531738,0.9846205115318298,0.08935718238353729,0.043942928314208984,409333,0.020671247,0.011888064444065094,0.011938542127609253,0.011897791177034378
523241,fgsm_fasterrcnnmodel,0.15151515151515152,0.11363636363636365,0.91861176,38.43043779915519,0.9627720713615417,0.9597412347793579,0.27078622579574585,0.07912576198577881,409454,0.020742007,0.011974386870861053,0.01196963433176279,0.01195442769676447
413395,fgsm_fasterrcnnmodel,0.1666666666666667,0.0,0.8921295,38.817085550589624,0.9738165140151978,0.9775970578193665,0.17500963807106018,0.06547415256500244,383742,0.01915862,0.011051389388740063,0.010927462950348854,0.010878519155085087
448256,fgsm_fasterrcnnmodel,0.1272727272727273,0.06060606060606061,0.9643572,38.48410452019907,0.9855278730392456,0.9876542687416077,0.09131158143281937,0.04980754852294922,409174,0.020585284,0.011895079165697098,0.011857867240905762,0.011762386187911034
549390,fgsm_fasterrcnnmodel,0.12121212121212122,0.007575757575757575,0.96412486,38.48518257865776,0.979310929775238,0.9845520853996277,0.09694822132587433,0.05369919538497925,408759,0.020565137,0.011852890253067017,0.011858134530484676,0.011815663427114487
201418,fgsm_fasterrcnnmodel,0.03636363636363636,0.01818181818181818,0.9400232,38.43148612920479,0.9756497144699097,0.9781265258789062,0.14249072968959808,0.07544916868209839,409197,0.020731995,0.01196245290338993,0.011962318792939186,0.01196264661848545
13291,fgsm_fasterrcnnmodel,0.3333333333333334,0.13636363636363638,0.9374935,38.44335006362398,0.9716898798942566,0.9856042861938477,0.1916162371635437,0.045529961585998535,409547,0.020711146,0.011921415105462074,0.01197376474738121,0.011908062733709812
488251,fgsm_fasterrcnnmodel,0.1090909090909091,0.0,0.94589585,38.47769501613003,0.9771895408630371,0.9818238615989685,0.14002364873886108,0.055223703384399414,409476,0.020620143,0.011805486865341663,0.011944124475121498,0.011844353750348091
229601,fgsm_fasterrcnnmodel,0.17045454545454544,0.0606060606060606,0.9577386,38.47199054303112,0.9765220880508423,0.982868492603302,0.0842638909816742,0.0480731725692749,409515,0.020634636,0.011943809688091278,0.011954298242926598,0.011705348268151283
427160,fgsm_fasterrcnnmodel,0.25000000000000006,0.1272727272727273,0.9351213,38.43254268465982,0.9719539880752563,0.9764142036437988,0.14495569467544556,0.05235171318054199,409496,0.020737162,0.011952226981520653,0.011966743506491184,0.01196858286857605
434204,fgsm_fasterrcnnmodel,0.1666666666666667,0.03896103896103896,0.94818115,38.42366986758245,0.9776363372802734,0.9808982610702515,0.12028586864471436,0.053194284439086914,409580,0.020763807,0.011980002745985985,0.011989832855761051,0.011982673779129982
309467,fgsm_fasterrcnnmodel,0.3333333333333334,0.0,0.9246147,38.42575913592454,0.9604157209396362,0.9618363976478577,0.2242787778377533,0.09733092784881592,409571,0.020758431,0.011958236806094646,0.01198307890444994,0.011991791427135468
243148,fgsm_fasterrcnnmodel,0.5000000000000001,0.0,0.9329836,38.44331920457866,0.9683513045310974,0.975019633769989,0.1481294333934784,0.06199312210083008,409549,0.020712199,0.011889122426509857,0.011952484026551247,0.011970454826951027
249786,fgsm_fasterrcnnmodel,0.045454545454545456,0.01515151515151515,0.93398935,38.44556417044479,0.9672160148620605,0.9786073565483093,0.18389317393302917,0.06405061483383179,409329,0.020694938,0.011944958008825779,0.011929787695407867,0.01191401481628418
581062,fgsm_fasterrcnnmodel,0.5000000000000001,0.25000000000000006,0.9248898,38.416833759829935,0.9644119143486023,0.973334014415741,0.2317122519016266,0.10592436790466309,409597,0.020783264,0.011998609639704227,0.011999225243926048,0.011998728848993778
44195,fgsm_fasterrcnnmodel,0.3333333333333334,0.18181818181818185,0.9284442,38.46782694713449,0.9702768325805664,0.9728604555130005,0.20806652307510376,0.09853792190551758,408393,0.020606866,0.01188121922314167,0.011863266117870808,0.011885076761245728
354307,fgsm_fasterrcnnmodel,0.5000000000000001,0.0,0.9305113,38.646759049525315,0.977820098400116,0.9789462685585022,0.18252864480018616,0.07350969314575195,407914,0.020067018,0.011562471278011799,0.011478930711746216,0.011409192346036434
170191,fgsm_fasterrcnnmodel,0.25000000000000006,0.0,0.9394536,38.438756257088976,0.9693856239318848,0.9733409881591797,0.16503509879112244,0.07992511987686157,409495,0.020719478,0.011946185491979122,0.011955436319112778,0.011936426162719727
201426,fgsm_fasterrcnnmodel,0.12500000000000003,0.11111111111111113,0.96765757,38.43358961739788,0.9842166304588318,0.982024073600769,0.062143661081790924,0.021231889724731445,409581,0.020737398,0.011969034560024738,0.011967611499130726,0.011941380798816681
179487,fgsm_fasterrcnnmodel,0.15151515151515152,0.07272727272727272,0.9526835,38.52080972674758,0.9805237650871277,0.9815855026245117,0.09402403235435486,0.0410880446434021,409163,0.020488622,0.011534231714904308,0.01186612993478775,0.011854274198412895
445999,fgsm_fasterrcnnmodel,0.5000000000000001,0.3333333333333334,0.93779045,38.42678222787456,0.9734513759613037,0.9765447974205017,0.21082249283790588,0.13338732719421387,409323,0.02074779,0.011980983428657055,0.011974486522376537,0.011971374973654747
91500,fgsm_fasterrcnnmodel,0.10000000000000002,0.07692307692307694,0.9485838,38.41692843768658,0.9759928584098816,0.9752147197723389,0.14015290141105652,0.06484031677246094,409600,0.020783179,0.011999785900115967,0.011999902315437794,0.011996768414974213
557916,fgsm_fasterrcnnmodel,0.14285714285714288,0.0,0.90945584,38.49866322813063,0.9587141275405884,0.9602546095848083,0.2635495066642761,0.09851694107055664,409598,0.020571768,0.011912222020328045,0.011983431875705719,0.011549299582839012
305309,fgsm_fasterrcnnmodel,0.31818181818181823,0.0,0.96289873,38.43104405402461,0.9824200868606567,0.9855339527130127,0.16160985827445984,0.10946369171142578,409361,0.02073676,0.011972201056778431,0.011968675069510937,0.011959336698055267
196141,fgsm_fasterrcnnmodel,0.09090909090909093,0.07575757575757576,0.96158713,38.44694249941312,0.9832908511161804,0.9846552610397339,0.06704965233802795,0.024658501148223877,409536,0.020700596,0.011905956082046032,0.011920515447854996,0.01194859016686678
136915,fgsm_fasterrcnnmodel,0.1272727272727273,0.09090909090909093,0.94418937,38.42585541523733,0.9778546094894409,0.9794180393218994,0.15107476711273193,0.06671816110610962,409556,0.020757122,0.011973313987255096,0.011981737799942493,0.011976808309555054
533816,fgsm_fasterrcnnmodel,0.16883116883116883,0.03787878787878788,0.9684263,38.46625898966649,0.9890588521957397,0.9882107973098755,0.06371371448040009,0.029481828212738037,409208,0.020637786,0.01181575283408165,0.011916393414139748,0.01190543919801712
548246,fgsm_fasterrcnnmodel,0.24242424242424246,0.13636363636363638,0.9508582,38.475895880645886,0.9805421233177185,0.9820197224617004,0.11337009072303772,0.05717337131500244,408855,0.020599015,0.011862851679325104,0.011888018809258938,0.011823687702417374
37988,fgsm_fasterrcnnmodel,0.1272727272727273,0.09090909090909091,0.90368336,38.43186743830535,0.9505150318145752,0.9452835321426392,0.25882214307785034,0.07395994663238525,409583,0.020742085,0.011955886147916317,0.01196383498609066,0.011984355747699738
325838,fgsm_fasterrcnnmodel,0.12500000000000003,0.11111111111111113,0.93792886,38.45862399899348,0.9727484583854675,0.9730471968650818,0.14679470658302307,0.07345527410507202,409445,0.02065081,0.011905733495950699,0.011913248337805271,0.011906754225492477
527427,fgsm_fasterrcnnmodel,0.12500000000000003,0.11111111111111113,0.95078486,38.43662520468798,0.9775408506393433,0.9809543490409851,0.12052375823259354,0.04018956422805786,409496,0.020726265,0.011955853551626205,0.011953516863286495,0.011939045041799545
74256,fgsm_fasterrcnnmodel,0.1272727272727273,0.06493506493506494,0.96125275,38.47455368694108,0.9859909415245056,0.9827647805213928,0.08760486543178558,0.04161942005157471,409432,0.020616455,0.011958475224673748,0.011816754005849361,0.01179150678217411
154644,fgsm_fasterrcnnmodel,0.3333333333333334,0.0,0.9163477,38.51219271637501,0.9669588804244995,0.9726327657699585,0.25311151146888733,0.12516164779663086,408897,0.020487297,0.01181748416274786,0.011823883280158043,0.011812442913651466
474039,fgsm_fasterrcnnmodel,0.3333333333333334,0.0,0.9359266,38.44514749546537,0.9714781641960144,0.9736891984939575,0.1816910207271576,0.08483672142028809,409592,0.020705603,0.011953608132898808,0.011957688257098198,0.011911796405911446
461751,fgsm_fasterrcnnmodel,0.40909090909090917,0.07272727272727272,0.94961184,38.421337908858966,0.9830841422080994,0.9846585392951965,0.1594994068145752,0.0824173092842102,409582,0.020770108,0.0119923185557127,0.011987173929810524,0.011985765770077705
466986,fgsm_fasterrcnnmodel,0.1666666666666667,0.1090909090909091,0.9651813,38.77411083608173,0.9895656108856201,0.9892879724502563,0.07114328444004059,0.02472209930419922,398369,0.019533118,0.011156079359352589,0.011083735153079033,0.011188431642949581
229358,fgsm_fasterrcnnmodel,0.12500000000000003,0.060606060606060615,0.93714494,38.518169303325266,0.9747607707977295,0.9778916239738464,0.16238318383693695,0.06518524885177612,405916,0.020417979,0.011758548207581043,0.011773128062486649,0.011695296503603458
465179,fgsm_fasterrcnnmodel,0.5000000000000001,0.3333333333333334,0.9225771,38.433538014873,0.9684874415397644,0.9717967510223389,0.20596572756767273,0.07715499401092529,409547,0.020736586,0.01193638052791357,0.011969799175858498,0.011972879059612751
567197,fgsm_fasterrcnnmodel,0.12121212121212122,0.0,0.94377595,38.442256023059,0.9752081632614136,0.9816933870315552,0.17111171782016754,0.07673406600952148,409252,0.02070329,0.011936102993786335,0.011939508840441704,0.011930963024497032
498286,fgsm_fasterrcnnmodel,0.25000000000000006,0.0,0.95050126,38.44201691640415,0.9772393703460693,0.9808239936828613,0.16329947113990784,0.047482192516326904,409500,0.020709882,0.011924700811505318,0.011942999437451363,0.011957032606005669
153217,fgsm_fasterrcnnmodel,0.3333333333333334,0.25000000000000006,0.9733494,38.44677225263971,0.990141749382019,0.9891517758369446,0.056498583406209946,0.02662712335586548,409412,0.020695798,0.01195115689188242,0.011938266456127167,0.011889968998730183
206487,fgsm_fasterrcnnmodel,0.3818181818181819,0.3272727272727273,0.9680373,38.73641154362041,0.9873203039169312,0.9840269088745117,0.08086466789245605,0.04936933517456055,397555,0.019628834,0.01124072540551424,0.011202150955796242,0.011206192895770073
542856,fgsm_fasterrcnnmodel,0.3333333333333334,0.25000000000000006,0.95631963,38.45015813390561,0.9832040667533875,0.9850619435310364,0.09401796013116837,0.04011005163192749,409184,0.020678638,0.011906684376299381,0.011934183537960052,0.011915391311049461
427500,fgsm_fasterrcnnmodel,1.0000000000000002,0.0,0.9797657,38.44876745225928,0.9905623197555542,0.9911510348320007,0.06011570617556572,0.021928608417510986,409447,0.020691793,0.011936129070818424,0.011923382058739662,0.011899199336767197
15517,fgsm_fasterrcnnmodel,0.18181818181818182,0.0,0.9523999,38.450537239408426,0.9806900024414062,0.9845634698867798,0.12818916141986847,0.06433975696563721,409279,0.020680489,0.011964580044150352,0.011939040385186672,0.01186352875083685
213605,fgsm_fasterrcnnmodel,0.5000000000000001,0.25000000000000006,0.9515195,38.53979614980225,0.9812613725662231,0.9803246259689331,0.13431721925735474,0.05835366249084473,409586,0.020466967,0.011984063312411308,0.011965155601501465,0.011242841370403767
389532,fgsm_fasterrcnnmodel,0.3333333333333334,0.0,0.87903374,38.90800501205093,0.9572775363922119,0.9413476586341858,0.35954993963241577,0.13006234169006348,394079,0.019013397,0.010923906229436398,0.010931231081485748,0.01085199136286974
39670,fgsm_fasterrcnnmodel,1.0000000000000002,0.0,0.9807923,38.47500775667663,0.9915997982025146,0.9886826276779175,0.048797857016325,0.032417476177215576,407855,0.0205819,0.011837547644972801,0.011887875385582447,0.0118307089433074
429718,fgsm_fasterrcnnmodel,0.5000000000000001,0.0,0.96038866,38.44425012467756,0.9802559614181519,0.9830717444419861,0.10299721360206604,0.03769350051879883,409504,0.020703321,0.01195854414254427,0.01195030938833952,0.01189500093460083
410456,fgsm_fasterrcnnmodel,0.27272727272727276,0.09090909090909091,0.9631619,38.447256120815176,0.9828686118125916,0.9866169095039368,0.0707542821764946,0.04082441329956055,409537,0.020700669,0.011881956830620766,0.011976785957813263,0.011926954612135887
563604,fgsm_fasterrcnnmodel,0.05454545454545454,0.0,0.97865134,38.49041724071093,0.989621639251709,0.9879076480865479,0.03945459425449371,0.02209794521331787,409163,0.020572163,0.011722714640200138,0.011881952174007893,0.011852500028908253
78565,fgsm_fasterrcnnmodel,0.0606060606060606,0.0,0.94252414,38.416364547849426,0.9704813361167908,0.9757834672927856,0.18944035470485687,0.08856737613677979,409600,0.020784628,0.01200002059340477,0.01200002059340477,0.012000007554888725
116439,fgsm_fasterrcnnmodel,0.3090909090909092,0.0,0.9705046,38.51271173488472,0.9890235662460327,0.9881826043128967,0.08063344657421112,0.042943358421325684,408540,0.020490177,0.011753283441066742,0.01179807074368,0.011755312792956829
105923,fgsm_fasterrcnnmodel,0.3333333333333334,0.1666666666666667,0.9505895,38.42086036626309,0.9766353368759155,0.9807275533676147,0.12738825380802155,0.051554203033447266,409561,0.020770762,0.011987755075097084,0.011988823302090168,0.011990368366241455
143961,fgsm_fasterrcnnmodel,0.0696969696969697,0.0,0.9587628,38.52912144809706,0.9847567081451416,0.9836730360984802,0.11129627376794815,0.05830550193786621,409300,0.02046978,0.01152072660624981,0.01177380420267582,0.011944527737796307
212573,fgsm_fasterrcnnmodel,0.27272727272727276,0.21212121212121215,0.97345465,38.418217410204164,0.9858646392822266,0.9859691262245178,0.0843559205532074,0.04575204849243164,409599,0.020779492,0.0119943143799901,0.011995451524853706,0.011996851302683353
319369,fgsm_fasterrcnnmodel,0.06565656565656565,0.04545454545454545,0.980447,38.87891946173161,0.9930957555770874,0.9900621771812439,0.06661446392536163,0.027174949645996094,391186,0.019108586,0.010853034444153309,0.010888181626796722,0.010932608507573605
252716,fgsm_fasterrcnnmodel,0.12121212121212122,0.0,0.9495389,38.452752694938276,0.974261462688446,0.9819589853286743,0.14479953050613403,0.06168109178543091,409537,0.020687316,0.01190743688493967,0.011988106183707714,0.01183389499783516
64868,fgsm_fasterrcnnmodel,0.1666666666666667,0.12500000000000003,0.93936425,38.423265733861214,0.9769725203514099,0.9789448380470276,0.16850298643112183,0.06505966186523438,409508,0.020762173,0.011987502686679363,0.011987893842160702,0.011975995264947414
244099,fgsm_fasterrcnnmodel,0.3333333333333334,0.0,0.95149344,38.416468779654785,0.9703807830810547,0.9858445525169373,0.19655543565750122,0.09716880321502686,409600,0.020784369,0.011999959126114845,0.011999866925179958,0.011999535374343395
50679,fgsm_fasterrcnnmodel,0.022727272727272728,0.0,0.93784523,38.44178675885867,0.9705356955528259,0.9779854416847229,0.21415993571281433,0.07312625646591187,409599,0.02071775,0.011957209557294846,0.011994762346148491,0.011866474524140358
10764,fgsm_fasterrcnnmodel,0.3333333333333334,0.25000000000000006,0.94308037,38.44876442263987,0.9729687571525574,0.9795430898666382,0.12460681796073914,0.0385359525680542,409398,0.020688074,0.011887547560036182,0.01192840002477169,0.011956002563238144
537827,fgsm_fasterrcnnmodel,0.5000000000000001,0.3333333333333334,0.98567396,38.43744379808244,0.9879311323165894,0.9905868172645569,0.024600021541118622,0.016331076622009277,409434,0.020720575,0.011945594102144241,0.011948363855481148,0.011950749903917313
329827,fgsm_fasterrcnnmodel,0.3333333333333334,0.0,0.91252255,38.455882140581835,0.9577548503875732,0.9553418159484863,0.3061773180961609,0.10484445095062256,409263,0.02065865,0.011913777329027653,0.01192999817430973,0.011918019503355026
500270,fgsm_fasterrcnnmodel,0.045454545454545456,0.0,0.9188504,38.43433934848515,0.9641649127006531,0.9648045897483826,0.2642098665237427,0.10512018203735352,409566,0.020735802,0.011915440671145916,0.01197905745357275,0.011989517137408257
378244,fgsm_fasterrcnnmodel,0.3333333333333334,0.0,0.9326782,38.48796495408838,0.9673678278923035,0.9778479337692261,0.23351511359214783,0.0886458158493042,409378,0.020589894,0.011945878155529499,0.01194777712225914,0.011633231304585934
90956,fgsm_fasterrcnnmodel,0.5000000000000001,0.0,0.97557575,38.4202049567778,0.9746712446212769,0.9895037412643433,0.13247960805892944,0.08475762605667114,409591,0.020773673,0.011993144638836384,0.011987337842583656,0.011990432627499104
313562,fgsm_fasterrcnnmodel,0.3333333333333334,0.13636363636363638,0.9702733,38.57340645705228,0.9896711707115173,0.9863187670707703,0.06449629366397858,0.023855209350585938,405972,0.020272588,0.011591107584536076,0.0116713372990489,0.0115615613758564
258388,fgsm_fasterrcnnmodel,0.31818181818181823,0.0,0.89047617,38.81111790835511,0.9592432975769043,0.9554479718208313,0.2733578383922577,0.11440670490264893,409531,0.019755155,0.011871915310621262,0.011402013711631298,0.010180482640862465
273711,fgsm_fasterrcnnmodel,0.03896103896103897,0.0,0.94965696,38.41799173913113,0.9828442335128784,0.9812899827957153,0.12852716445922852,0.06825864315032959,409600,0.020780308,0.011999218724668026,0.011999232694506645,0.011990845203399658
3553,fgsm_fasterrcnnmodel,0.3333333333333334,0.0,0.95214707,38.51396710770525,0.9825479388237,0.9854329228401184,0.13942831754684448,0.06151312589645386,407533,0.020448888,0.011776435188949108,0.011785203590989113,0.011778345331549644
278705,fgsm_fasterrcnnmodel,0.6161616161616162,0.13636363636363638,0.966516,38.424065593919345,0.9839440584182739,0.9850894808769226,0.08023714274168015,0.03466618061065674,409527,0.020761678,0.011981410905718803,0.01198150310665369,0.011979286558926105
187990,fgsm_fasterrcnnmodel,0.5000000000000001,0.0,0.9340615,38.42476812702034,0.9694020748138428,0.974446177482605,0.17183555662631989,0.06141948699951172,409582,0.020760944,0.011977524496614933,0.011990649625658989,0.011973638087511063
51938,fgsm_fasterrcnnmodel,0.045454545454545456,0.0,0.9224387,38.41851770324806,0.9617847204208374,0.9684178233146667,0.23245370388031006,0.0744549036026001,409585,0.020778308,0.01199267152696848,0.011996516957879066,0.011995246633887291
188296,fgsm_fasterrcnnmodel,0.1704545454545455,0.11363636363636365,0.98796564,38.64811093337844,0.9957447052001953,0.9922977089881897,0.02246016263961792,0.010439097881317139,406676,0.020066176,0.011380854994058609,0.011444331146776676,0.011522753164172173
45090,fgsm_fasterrcnnmodel,0.0909090909090909,0.0,0.958014,38.538988812068666,0.9863600730895996,0.9776738882064819,0.12480098009109497,0.07989835739135742,407067,0.020374045,0.01172896008938551,0.011642592959105968,0.011725986376404762
347174,fgsm_fasterrcnnmodel,0.3333333333333334,0.0,0.9341801,38.4207339387228,0.9676803350448608,0.971712052822113,0.1543428748846054,0.06768012046813965,409600,0.020772737,0.011979332193732262,0.011988206766545773,0.011999925598502159
341196,fgsm_fasterrcnnmodel,0.2727272727272727,0.0,0.97244745,38.73714335103364,0.9842502474784851,0.9876458048820496,0.07231948524713516,0.0321352481842041,402589,0.019716226,0.011240736581385136,0.011245867237448692,0.011287554167211056
439525,fgsm_fasterrcnnmodel,0.1666666666666667,0.0,0.9492833,38.42752676450225,0.9814040064811707,0.9808057546615601,0.10183347016572952,0.04798901081085205,409591,0.02075455,0.011993739753961563,0.011990866623818874,0.011941825039684772
117719,fgsm_fasterrcnnmodel,0.25000000000000006,0.0,0.9388644,38.486041641421465,0.9756240844726562,0.9841277003288269,0.14959047734737396,0.07844066619873047,409455,0.020591576,0.01181260496377945,0.011867268942296505,0.011830094270408154
309678,fgsm_fasterrcnnmodel,0.25000000000000006,0.0,0.92747974,38.555728739452654,0.9723994135856628,0.9745092391967773,0.1527078002691269,0.08266186714172363,409571,0.020426083,0.011988051235675812,0.011974764056503773,0.011085198260843754
113720,fgsm_fasterrcnnmodel,0.04958677685950414,0.020979020979020976,0.94017863,38.45418822083791,0.9767041206359863,0.9790282249450684,0.14567989110946655,0.04905259609222412,409575,0.02068232,0.011935829184949398,0.011925701051950455,0.011885428801178932
107339,fgsm_fasterrcnnmodel,0.1090909090909091,0.0,0.91644996,38.44464215368137,0.9646832942962646,0.9671740531921387,0.24804317951202393,0.09747433662414551,409568,0.02070713,0.011977799236774445,0.01193938497453928,0.011887555941939354
468501,fgsm_fasterrcnnmodel,0.20000000000000004,0.10606060606060608,0.94655514,38.4390670682599,0.9759653806686401,0.9817971587181091,0.13054819405078888,0.046285033226013184,409230,0.020710588,0.011944417841732502,0.011944358237087727,0.011948943138122559
511760,fgsm_fasterrcnnmodel,0.3333333333333334,0.0,0.90721244,38.419319634674636,0.9493364095687866,0.9046090841293335,0.32711511850357056,0.12272751331329346,409587,0.020776417,0.011994879692792892,0.01199774257838726,0.01198581326752901
361730,fgsm_fasterrcnnmodel,0.03636363636363636,0.01818181818181818,0.92703485,38.45600052968797,0.9656763076782227,0.9632843136787415,0.18500526249408722,0.06231117248535156,409266,0.020666264,0.011901856400072575,0.011919303797185421,0.01188051700592041
427077,fgsm_fasterrcnnmodel,0.5000000000000001,0.3333333333333334,0.9338587,38.49235773622045,0.9704543352127075,0.9767327904701233,0.17626531422138214,0.05209517478942871,406944,0.020506809,0.011780746281147003,0.011816772632300854,0.011832847259938717
322163,fgsm_fasterrcnnmodel,0.03787878787878788,0.03496503496503497,0.9550414,38.435941886676034,0.9851866960525513,0.981138288974762,0.093485027551651,0.053001999855041504,409455,0.020725235,0.011960618197917938,0.011955760419368744,0.01194641925394535
229216,fgsm_fasterrcnnmodel,0.5000000000000001,0.18181818181818185,0.9605861,38.45575861713905,0.9845120310783386,0.9821675419807434,0.08279906213283539,0.05055224895477295,409485,0.02067237,0.011905078776180744,0.011957365088164806,0.011855905875563622
563882,fgsm_fasterrcnnmodel,0.06060606060606061,0.022727272727272728,0.91900903,38.60650360746372,0.970025897026062,0.9723231792449951,0.25476503372192383,0.09060382843017578,407497,0.020194925,0.011389033868908882,0.011657263152301311,0.011727029457688332
483999,fgsm_fasterrcnnmodel,0.09445100354191263,0.028409090909090908,0.9491062,38.54039033214468,0.983076274394989,0.9830540418624878,0.15160369873046875,0.09275102615356445,405474,0.02033643,0.01171856839209795,0.011696355417370796,0.011671002954244614
323263,fgsm_fasterrcnnmodel,0.27272727272727276,0.15151515151515152,0.95990354,38.47820390294239,0.9820693731307983,0.9835900664329529,0.08911790698766708,0.03396034240722656,409459,0.020610616,0.011769439093768597,0.011883421801030636,0.011910265311598778
248334,fgsm_fasterrcnnmodel,0.5000000000000001,0.0,0.9806912,38.447415908539774,0.9910553693771362,0.9916369318962097,0.049030154943466187,0.029125571250915527,409117,0.020685323,0.011911903508007526,0.01193898357450962,0.011914863251149654
422706,fgsm_fasterrcnnmodel,0.4242424242424243,0.0,0.9597617,38.4539762610346,0.9789559245109558,0.9795194864273071,0.08409236371517181,0.02265709638595581,409496,0.020679366,0.011849062517285347,0.011949342675507069,0.011938891373574734
78823,fgsm_fasterrcnnmodel,0.1818181818181818,0.1,0.9752152,38.42190324801046,0.9844247698783875,0.9851937890052795,0.04968433082103729,0.023590803146362305,409556,0.0207681,0.011981416493654251,0.0119883231818676,0.011989426799118519
178982,fgsm_fasterrcnnmodel,0.3333333333333334,0.25000000000000006,0.9089651,38.54015028752967,0.9614648818969727,0.9582452774047852,0.2455292046070099,0.09082555770874023,409436,0.0204471,0.011962449178099632,0.01183166541159153,0.011381160467863083
408696,fgsm_fasterrcnnmodel,0.18181818181818185,0.06818181818181818,0.95014995,38.420206170549804,0.9779086112976074,0.9797877669334412,0.129655122756958,0.06229740381240845,409569,0.020773051,0.011991760693490505,0.011991615407168865,0.011989211663603783
144300,fgsm_fasterrcnnmodel,0.20000000000000004,0.0,0.95611525,38.47023371745468,0.9834043979644775,0.9797642230987549,0.10925078392028809,0.043299078941345215,409461,0.02063241,0.011949250474572182,0.011875767260789871,0.011790032498538494
7816,fgsm_fasterrcnnmodel,0.7272727272727274,0.5000000000000001,0.9609635,38.43334650806574,0.9840567111968994,0.9865796566009521,0.08077967911958694,0.0254555344581604,409506,0.020734701,0.011966746300458908,0.01196069922298193,0.011955445632338524
308631,fgsm_fasterrcnnmodel,0.5151515151515152,0.045454545454545456,0.9765963,38.45693032211557,0.991120457649231,0.9871393442153931,0.0548938512802124,0.03282123804092407,409355,0.02066506,0.011859073303639889,0.01191046740859747,0.011936589144170284
517523,fgsm_fasterrcnnmodel,1.0000000000000002,0.5000000000000001,0.906918,38.4234623715053,0.9548851251602173,0.9442338347434998,0.3263213038444519,0.09837186336517334,409600,0.020766145,0.011986537836492062,0.011999784968793392,0.011962498538196087
69138,fgsm_fasterrcnnmodel,0.3333333333333334,0.0,0.9344929,38.42313957690045,0.9679098129272461,0.971509575843811,0.2104288786649704,0.11839449405670166,409589,0.020766249,0.011968650855123997,0.011988992802798748,0.011993607506155968
76417,fgsm_fasterrcnnmodel,0.4000000000000001,0.0,0.94477326,38.44481668378766,0.9665383100509644,0.9689359664916992,0.17447569966316223,0.04104149341583252,409590,0.020708513,0.011987102217972279,0.011961891315877438,0.011865156702697277
196843,fgsm_fasterrcnnmodel,0.8181818181818183,0.5000000000000001,0.96524286,38.54963151487689,0.9873272776603699,0.9848689436912537,0.08010333776473999,0.031790852546691895,409199,0.020365901,0.01170160248875618,0.011721832677721977,0.011721358634531498
244019,fgsm_fasterrcnnmodel,0.5000000000000001,0.0,0.9539698,38.416855557031425,0.9778804183006287,0.9840391278266907,0.09468166530132294,0.057609498500823975,409600,0.020783246,0.011998473666608334,0.01199891697615385,0.011999214999377728
439623,fgsm_fasterrcnnmodel,0.6212121212121213,0.0,0.9563578,38.46759499806721,0.9800496101379395,0.9838259816169739,0.108496755361557,0.058490633964538574,408020,0.020603986,0.011888192966580391,0.011863266117870808,0.01186421513557434
343315,fgsm_fasterrcnnmodel,1.0000000000000002,0.0,0.9811008,38.42984449483923,0.9850751757621765,0.988049328327179,0.05115064978599548,0.028784513473510742,409540,0.020746037,0.01196780800819397,0.011962124146521091,0.011973259039223194
436883,fgsm_fasterrcnnmodel,0.20000000000000004,0.0,0.96524936,38.456415220953126,0.987343966960907,0.9861884117126465,0.07521972060203552,0.032370567321777344,409150,0.020662468,0.01185358315706253,0.011936081573367119,0.011918306350708008
459500,fgsm_fasterrcnnmodel,0.25000000000000006,0.0,0.9373076,38.42514295108842,0.9743651151657104,0.9762939810752869,0.1938200294971466,0.061046481132507324,409518,0.02075826,0.01198133360594511,0.011978124268352985,0.01197656150907278
311883,fgsm_fasterrcnnmodel,0.5000000000000001,0.3333333333333334,0.9299858,38.42108902251229,0.9634671211242676,0.9744012355804443,0.20379972457885742,0.07876670360565186,409538,0.020769954,0.011987362988293171,0.011987810954451561,0.011990402825176716
100723,fgsm_fasterrcnnmodel,0.07272727272727272,0.05454545454545454,0.9644926,38.46317664147119,0.9885001182556152,0.9871032238006592,0.08294196426868439,0.04819905757904053,409037,0.020640392,0.011863328516483307,0.011887120082974434,0.01189650408923626
431896,fgsm_fasterrcnnmodel,1.0000000000000002,0.0,0.9499907,38.423927690684316,0.9751326441764832,0.9811795353889465,0.11835639178752899,0.059363603591918945,409541,0.020762017,0.011977596208453178,0.01198235247284174,0.011983214877545834
442456,fgsm_fasterrcnnmodel,0.18181818181818185,0.0,0.96173376,38.462746167973386,0.9838571548461914,0.9841896295547485,0.08534696698188782,0.04168820381164551,409154,0.020644478,0.011912086978554726,0.011867059394717216,0.011892300099134445
188439,fgsm_fasterrcnnmodel,0.5000000000000001,0.0,0.97844857,38.50328987258839,0.9910608530044556,0.9919204711914062,0.05437450110912323,0.02808964252471924,408849,0.020525113,0.01178070530295372,0.011768843978643417,0.011814513243734837
151480,fgsm_fasterrcnnmodel,0.12121212121212122,0.015151515151515152,0.9436023,38.42415805859126,0.9756779074668884,0.9763154983520508,0.10110011696815491,0.04334282875061035,409591,0.020763133,0.011997890658676624,0.011982914060354233,0.011962528340518475
489014,fgsm_fasterrcnnmodel,0.25000000000000006,0.0,0.9402581,38.45244497802546,0.970160186290741,0.9805792570114136,0.18404898047447205,0.08765828609466553,409096,0.020670412,0.011913572438061237,0.011904575861990452,0.011912154965102673
257896,fgsm_fasterrcnnmodel,0.5000000000000001,0.3333333333333334,0.9526024,38.61334122757971,0.9774574041366577,0.9748646020889282,0.13291096687316895,0.0526275634765625,409452,0.020172289,0.011766058392822742,0.01154748722910881,0.011320041492581367
393115,fgsm_fasterrcnnmodel,0.3333333333333334,0.0,0.9341362,38.4237085206578,0.9706150889396667,0.975742518901825,0.19046282768249512,0.06374555826187134,409551,0.020762764,0.011980355717241764,0.011986341327428818,0.011978891678154469
370813,fgsm_fasterrcnnmodel,0.1666666666666667,0.0,0.9573455,38.41642007344751,0.964909553527832,0.9752373099327087,0.1515897810459137,0.10837966203689575,409600,0.02078447,0.011999926529824734,0.011999895796179771,0.011999798007309437
442746,fgsm_fasterrcnnmodel,0.25000000000000006,0.0,0.9721882,38.46287646724846,0.9874416589736938,0.9884052872657776,0.050680987536907196,0.0304984450340271,408688,0.020633169,0.01187768206000328,0.011893533170223236,0.011884162202477455
369541,fgsm_fasterrcnnmodel,0.02727272727272727,0.0,0.9664058,38.42824475968196,0.9843281507492065,0.9860104918479919,0.08310379087924957,0.03462052345275879,409459,0.020747917,0.011957122944295406,0.011976680718362331,0.011978614144027233
381971,fgsm_fasterrcnnmodel,0.13131313131313135,0.0,0.9771783,38.45614190690228,0.9893584251403809,0.9893864393234253,0.056823842227458954,0.03214079141616821,409445,0.020672137,0.01185144204646349,0.011928739957511425,0.0119248628616333
282037,fgsm_fasterrcnnmodel,0.03636363636363636,0.02727272727272727,0.9582483,38.50617912746202,0.9796323776245117,0.9781154990196228,0.0864463746547699,0.04545015096664429,407067,0.020471478,0.011790440417826176,0.011792169883847237,0.011755182407796383
476770,fgsm_fasterrcnnmodel,0.13636363636363635,0.06060606060606061,0.9580347,38.42879757602751,0.9823421835899353,0.9876471757888794,0.09433234483003616,0.04825878143310547,409583,0.020751214,0.011939571239054203,0.011990436352789402,0.011980022303760052
220764,fgsm_fasterrcnnmodel,0.3333333333333334,0.0,0.94031715,38.489313635065244,0.9699733257293701,0.977279007434845,0.22760140895843506,0.10490435361862183,407314,0.020527788,0.011779875494539738,0.011843616142868996,0.011860586702823639
568981,fgsm_fasterrcnnmodel,0.18181818181818185,0.0,0.96549827,38.420865691742364,0.9825872778892517,0.9853323101997375,0.07569365948438644,0.03431594371795654,409594,0.020772485,0.011978237889707088,0.011997434310615063,0.011991282925009727
461009,fgsm_fasterrcnnmodel,0.13636363636363638,0.03636363636363636,0.9239769,38.45156478154635,0.9712494611740112,0.9737603068351746,0.28058257699012756,0.0951613187789917,409582,0.020691125,0.011787611059844494,0.011975564062595367,0.011993296444416046
563648,fgsm_fasterrcnnmodel,0.022727272727272728,0.0,0.97374797,38.47188993541225,0.9868264198303223,0.9871262907981873,0.054146744310855865,0.030814290046691895,409256,0.0206228,0.011840189807116985,0.011881718412041664,0.011872411705553532
532855,fgsm_fasterrcnnmodel,0.3333333333333334,0.0,0.9376398,38.42102665323861,0.9660546779632568,0.9743490815162659,0.1772959977388382,0.06058448553085327,409556,0.020770531,0.011990586295723915,0.011991593055427074,0.01198569219559431
250901,fgsm_fasterrcnnmodel,0.21022727272727265,0.09090909090909091,0.9470369,38.53130704843955,0.9801012873649597,0.9819961786270142,0.12188403308391571,0.06358230113983154,409455,0.020469489,0.011492056772112846,0.01194255705922842,0.011792395263910294
177357,fgsm_fasterrcnnmodel,0.3333333333333334,0.0,0.96920997,38.420504904241234,0.98214191198349,0.9874955415725708,0.09375165402889252,0.059906005859375,409579,0.020772697,0.01198665052652359,0.01199010107666254,0.011992129497230053
493864,fgsm_fasterrcnnmodel,0.21212121212121215,0.12121212121212122,0.9271733,38.42158777043676,0.9617635607719421,0.9669010639190674,0.21192315220832825,0.06678605079650879,409577,0.020769496,0.011983969248831272,0.01198920514434576,0.011990603990852833
381360,fgsm_fasterrcnnmodel,0.5000000000000001,0.3333333333333334,0.9655822,38.43031838896374,0.9841851592063904,0.9850251078605652,0.11238009482622147,0.045670390129089355,409469,0.020741167,0.011964580975472927,0.011964666657149792,0.011976602487266064
304812,fgsm_fasterrcnnmodel,0.09090909090909091,0.0,0.9219351,38.45038697833219,0.9619631767272949,0.9701991081237793,0.2900935411453247,0.14701831340789795,408912,0.020674316,0.011888723820447922,0.011918477714061737,0.011945627629756927
258883,fgsm_fasterrcnnmodel,0.1666666666666667,0.0,0.9344663,38.42836203433223,0.9759785532951355,0.9759935736656189,0.2177879810333252,0.07913756370544434,409554,0.020748876,0.011973392218351364,0.01196859497576952,0.011979617178440094
55950,fgsm_fasterrcnnmodel,0.25000000000000006,0.0,0.93771124,38.430582398203676,0.9719995260238647,0.9880687594413757,0.15752896666526794,0.06239241361618042,409553,0.020742696,0.011978724040091038,0.011967616155743599,0.011951804161071777
467176,fgsm_fasterrcnnmodel,0.06818181818181819,0.05151515151515152,0.92056006,38.45817491116428,0.9665577411651611,0.9647114276885986,0.2447306215763092,0.08848404884338379,409358,0.020660862,0.011924228630959988,0.011925077065825462,0.011865607462823391
368212,fgsm_fasterrcnnmodel,0.25000000000000006,0.0,0.95049286,38.4270057687889,0.97698974609375,0.9777960181236267,0.11348716914653778,0.04889965057373047,409599,0.020756762,0.01197084691375494,0.011993516236543655,0.011965414509177208
300341,fgsm_fasterrcnnmodel,0.27272727272727276,0.18181818181818185,0.9220757,38.45372591153571,0.9668805003166199,0.9683699607849121,0.2349434196949005,0.0783347487449646,409320,0.020672327,0.011923347599804401,0.011912098154425621,0.011901510879397392
445792,fgsm_fasterrcnnmodel,0.20000000000000004,0.10000000000000002,0.9345277,38.475269283762394,0.9689011573791504,0.9733313322067261,0.20000439882278442,0.09404665231704712,409568,0.02062538,0.011706274934113026,0.011885318905115128,0.01199299655854702
284743,fgsm_fasterrcnnmodel,0.15151515151515152,0.0909090909090909,0.8245563,40.075552616184524,0.979575514793396,0.9777923226356506,0.22889265418052673,0.07929420471191406,336827,0.0152993845,0.008317694999277592,0.00820092298090458,0.00829552672803402
65798,fgsm_fasterrcnnmodel,0.06818181818181818,0.022727272727272728,0.9575758,38.420214391682485,0.9800445437431335,0.9858314990997314,0.0945798009634018,0.061041176319122314,409596,0.020774204,0.0119935916736722,0.011993362568318844,0.011985871009528637
312192,fgsm_fasterrcnnmodel,0.11111111111111113,0.0,0.9698432,38.43075483418798,0.9821783304214478,0.977755606174469,0.06745512783527374,0.04325050115585327,409554,0.020743955,0.011947807855904102,0.011978037655353546,0.011973559856414795
546976,fgsm_fasterrcnnmodel,0.3333333333333334,0.20000000000000004,0.9287202,38.50028217668011,0.9715530872344971,0.9722632765769958,0.17419713735580444,0.06974321603775024,409408,0.020553825,0.011811338365077972,0.011923927813768387,0.011704652570188046
52996,fgsm_fasterrcnnmodel,0.07438016528925621,0.0,0.9490905,38.485707915923804,0.9827313423156738,0.9837090373039246,0.1253756284713745,0.056019127368927,408481,0.020560974,0.011884473264217377,0.011809197254478931,0.011803412809967995
423123,fgsm_fasterrcnnmodel,0.1090909090909091,0.04545454545454545,0.9294011,38.508378509732175,0.9751304388046265,0.9758791327476501,0.1940310299396515,0.09351897239685059,408725,0.020501578,0.01173370610922575,0.011760207824409008,0.011847535148262978
70774,fgsm_fasterrcnnmodel,0.3333333333333334,0.0,0.96840453,38.632374740670556,0.9913973808288574,0.9918279647827148,0.08318015187978745,0.05595839023590088,404913,0.02006982,0.011467400938272476,0.011497688479721546,0.011505129747092724
172330,fgsm_fasterrcnnmodel,0.3333333333333334,0.12121212121212122,0.9671748,38.46063225954521,0.9858816862106323,0.9853337407112122,0.07028733193874359,0.04033470153808594,409356,0.020654863,0.011875439435243607,0.011879264377057552,0.011937107890844345
192699,fgsm_fasterrcnnmodel,0.3333333333333334,0.25000000000000006,0.975581,38.44585183447726,0.9921519160270691,0.9893472790718079,0.059847213327884674,0.03089320659637451,409493,0.020700525,0.011962649412453175,0.011961127631366253,0.011875275522470474
44652,fgsm_fasterrcnnmodel,1.0000000000000002,0.0,0.8943307,38.42852448806457,0.9485127329826355,0.9287559986114502,0.462590754032135,0.15876984596252441,409265,0.020741591,0.011965346522629261,0.011967885307967663,0.011973964981734753
319607,fgsm_fasterrcnnmodel,0.13636363636363638,0.0,0.949691,39.05473264601079,0.9847332835197449,0.9885638952255249,0.08413918316364288,0.050925254821777344,393364,0.018715642,0.010467475280165672,0.010381441563367844,0.010542916133999825
302452,fgsm_fasterrcnnmodel,0.05454545454545454,0.0,0.9674439,38.42619015807395,0.9868990182876587,0.9881904125213623,0.0803944393992424,0.02861785888671875,409549,0.020754667,0.011962617747485638,0.011979902163147926,0.01198691874742508
201934,fgsm_fasterrcnnmodel,0.5681818181818183,0.25000000000000006,0.95468277,38.440886680567694,0.9808962345123291,0.9847711324691772,0.10008864104747772,0.045139312744140625,409504,0.02071443,0.011961149983108044,0.011924393475055695,0.011930529959499836
353180,fgsm_fasterrcnnmodel,0.5454545454545455,0.0,0.9455797,38.433590881293455,0.9775359034538269,0.9848546981811523,0.17544282972812653,0.09088677167892456,409254,0.020726474,0.011960940435528755,0.011960391886532307,0.011958981864154339
441468,fgsm_fasterrcnnmodel,0.5454545454545455,0.4545454545454546,0.9700126,38.56345407892189,0.9841133952140808,0.9850577712059021,0.08114160597324371,0.03751087188720703,404886,0.02026844,0.01158122532069683,0.011626257561147213,0.011690144427120686
277005,fgsm_fasterrcnnmodel,0.05454545454545454,0.007575757575757576,0.9773149,38.4578638532231,0.9920073747634888,0.9896434545516968,0.052325934171676636,0.029727578163146973,409160,0.02065765,0.011870449408888817,0.011914288625121117,0.011910485103726387
484893,fgsm_fasterrcnnmodel,0.3333333333333334,0.13636363636363638,0.96439046,38.45175330665265,0.9853110313415527,0.9852504730224609,0.09412235766649246,0.060173988342285156,409451,0.020683384,0.011945816688239574,0.011941802687942982,0.011881256476044655
534639,fgsm_fasterrcnnmodel,0.18181818181818185,0.0,0.94212574,38.49168831873651,0.979034423828125,0.9758150577545166,0.13441523909568787,0.06227684020996094,409021,0.020556094,0.011811971664428711,0.011853686533868313,0.011838491074740887
106281,fgsm_fasterrcnnmodel,1.0000000000000002,0.0,0.98607033,38.42130109471099,0.9929394721984863,0.9908035397529602,0.03539133071899414,0.030361413955688477,409563,0.020769857,0.011988076381385326,0.011988328769803047,0.011987089179456234
570664,fgsm_fasterrcnnmodel,0.25000000000000006,0.0,0.94395113,38.421587027038065,0.9763512015342712,0.9775119423866272,0.13596545159816742,0.06282484531402588,409561,0.020769224,0.011981573887169361,0.011990897357463837,0.011990854516625404
563702,fgsm_fasterrcnnmodel,0.31818181818181823,0.0,0.9808686,38.46331457758066,0.9904699325561523,0.9919214844703674,0.047683946788311005,0.026613354682922363,409329,0.020647818,0.01189867127686739,0.011886686086654663,0.011868467554450035
445722,fgsm_fasterrcnnmodel,0.20000000000000004,0.09090909090909093,0.9300445,38.60314289092837,0.9772272109985352,0.9766525030136108,0.17389407753944397,0.08389836549758911,405816,0.020185314,0.01167263649404049,0.011626465246081352,0.011329671368002892
496597,fgsm_fasterrcnnmodel,0.5000000000000001,0.0,0.9519944,38.42255801541292,0.9768157005310059,0.9793021082878113,0.14680175483226776,0.07132887840270996,409534,0.020765772,0.011982295662164688,0.011984467506408691,0.011985937133431435
267940,fgsm_fasterrcnnmodel,0.5000000000000001,0.0,0.91711396,38.486161914450214,0.9642917513847351,0.9628971815109253,0.29931241273880005,0.10975861549377441,408598,0.020552559,0.011846345849335194,0.011849121190607548,0.011849028058350086
455157,fgsm_fasterrcnnmodel,0.14285714285714288,0.0,0.96348286,38.41728846159624,0.9843589067459106,0.9850261211395264,0.08222880214452744,0.04479944705963135,409600,0.020782141,0.011996028013527393,0.011998552829027176,0.011998786590993404
530162,fgsm_fasterrcnnmodel,0.15909090909090912,0.03636363636363636,0.96119285,38.42222624126818,0.9828003644943237,0.9855909943580627,0.08771269023418427,0.03364354372024536,409546,0.020766996,0.01198263093829155,0.011985603719949722,0.011988196521997452
273232,fgsm_fasterrcnnmodel,0.07272727272727272,0.0,0.9404743,38.43805566000142,0.9723948836326599,0.9839661717414856,0.18752260506153107,0.045397400856018066,409486,0.020722037,0.011916382238268852,0.011963694356381893,0.011962687596678734
266981,fgsm_fasterrcnnmodel,0.03636363636363636,0.01818181818181818,0.96096486,38.58741534744242,0.9814919233322144,0.9808040261268616,0.12998422980308533,0.047616660594940186,406226,0.020247485,0.011789577081799507,0.0116925910115242,0.011288391426205635
184611,fgsm_fasterrcnnmodel,0.03636363636363636,0.00909090909090909,0.96202946,38.473196925692406,0.9857932329177856,0.982735812664032,0.07866550981998444,0.045563459396362305,409270,0.020619016,0.011817332357168198,0.011907045729458332,0.011869499459862709
163118,fgsm_fasterrcnnmodel,0.5000000000000001,0.0,0.90717167,38.5084274302489,0.9624702334403992,0.9603073596954346,0.2598094642162323,0.08710157871246338,409600,0.020545997,0.011312632821500301,0.01199962105602026,0.01199654582887888
6954,fgsm_fasterrcnnmodel,0.3333333333333334,0.18181818181818185,0.97759205,38.65835705146996,0.9909278750419617,0.9898526072502136,0.07380909472703934,0.03365826606750488,409055,0.020002164,0.011503311805427074,0.011509851552546024,0.01149375457316637
459195,fgsm_fasterrcnnmodel,0.3333333333333334,0.25000000000000006,0.9883813,38.47197924525539,0.995233416557312,0.9947847127914429,0.04012308642268181,0.03618597984313965,409498,0.020632125,0.011786255054175854,0.011890736408531666,0.011904413811862469
481582,fgsm_fasterrcnnmodel,0.21212121212121215,0.0,0.94095635,38.52541477120453,0.9760187864303589,0.9765340089797974,0.1623917818069458,0.0600968599319458,407966,0.020430231,0.01170923002064228,0.011741952039301395,0.01178823597729206
188465,fgsm_fasterrcnnmodel,0.022727272727272728,0.01818181818181818,0.9608271,38.52887281191941,0.9835623502731323,0.9873214364051819,0.08332106471061707,0.03527212142944336,408506,0.020439344,0.011673340573906898,0.01180881354957819,0.011714121326804161
411530,fgsm_fasterrcnnmodel,0.06818181818181818,0.022727272727272728,0.97399634,38.44195612448949,0.9863961935043335,0.9919157028198242,0.08911815285682678,0.0459442138671875,409394,0.020708103,0.011929257772862911,0.011929124593734741,0.011946656741201878
542127,fgsm_fasterrcnnmodel,0.09090909090909091,0.06060606060606061,0.9045251,38.4558162394206,0.9500216841697693,0.9319230318069458,0.2642574906349182,0.10682296752929688,409488,0.02067379,0.011960581876337528,0.011954768560826778,0.011829928494989872
434459,fgsm_fasterrcnnmodel,0.04545454545454545,0.03409090909090909,0.9641488,38.46183105390655,0.9871585369110107,0.9854093194007874,0.07629220187664032,0.0344843864440918,409290,0.020650499,0.01188375148922205,0.011892169713973999,0.011896210722625256
38678,fgsm_fasterrcnnmodel,0.09090909090909093,0.03896103896103896,0.94677716,38.5976788656131,0.9793717265129089,0.9791350960731506,0.16187138855457306,0.06711918115615845,402048,0.020117946,0.011450882069766521,0.011561560444533825,0.011607483960688114
161799,fgsm_fasterrcnnmodel,0.15151515151515152,0.06060606060606061,0.9495886,39.079394768200245,0.9729939699172974,0.9758167266845703,0.1968270242214203,0.08208942413330078,385668,0.018492028,0.010703538544476032,0.010141509585082531,0.01048257201910019
350148,fgsm_fasterrcnnmodel,0.07792207792207793,0.01818181818181818,0.95664567,38.473538044466046,0.9829607009887695,0.9834718704223633,0.09403721988201141,0.04402273893356323,409163,0.020611556,0.011842114850878716,0.011875110678374767,0.011886506341397762
87476,fgsm_fasterrcnnmodel,0.06818181818181818,0.045454545454545456,0.9407094,38.458902211917874,0.9772213697433472,0.9766897559165955,0.14428241550922394,0.06913840770721436,409447,0.020662835,0.011947866529226303,0.011890006251633167,0.01188364252448082
490515,fgsm_fasterrcnnmodel,0.3333333333333334,0.0,0.90722495,38.422795897598576,0.9518070220947266,0.9542132019996643,0.2983151078224182,0.10609650611877441,409575,0.020766184,0.01197877898812294,0.011982070282101631,0.011993097141385078
445602,fgsm_fasterrcnnmodel,0.09090909090909091,0.06060606060606061,0.9492046,38.722140991204796,0.9738525748252869,0.9773520231246948,0.16210775077342987,0.08393406867980957,393787,0.01960098,0.011244472116231918,0.011081264354288578,0.011316124349832535
37689,fgsm_fasterrcnnmodel,0.045454545454545456,0.0,0.9304466,38.42489730941023,0.9623699188232422,0.9691952466964722,0.21311962604522705,0.10024797916412354,409566,0.020760078,0.011985230259597301,0.011980287730693817,0.011971444822847843
210230,fgsm_fasterrcnnmodel,0.07954545454545454,0.006493506493506494,0.94396895,38.75592670974469,0.985472559928894,0.9864179491996765,0.11107683181762695,0.03735804557800293,399180,0.019612236,0.011070226319134235,0.011206996627151966,0.011271428316831589
468505,fgsm_fasterrcnnmodel,0.12500000000000003,0.0,0.9403114,38.45348022213705,0.9740171432495117,0.9729217886924744,0.15323786437511444,0.049927353858947754,409230,0.02067112,0.011910838074982166,0.011907105334103107,0.011912078596651554
69224,fgsm_fasterrcnnmodel,0.14285714285714288,0.0,0.9355381,38.42251916449602,0.9753457903862,0.9741036295890808,0.18394243717193604,0.09247946739196777,409565,0.020766651,0.01199281308799982,0.011986028403043747,0.011977145448327065
517056,fgsm_fasterrcnnmodel,0.11111111111111113,0.10000000000000002,0.94100636,38.59795856730804,0.9779702425003052,0.9779149889945984,0.16423001885414124,0.07885348796844482,402262,0.020112228,0.011552967131137848,0.011579800397157669,0.011519900523126125
187362,fgsm_fasterrcnnmodel,0.3333333333333334,0.0,0.9357646,38.41659471097893,0.9681631326675415,0.9775350689888,0.22401216626167297,0.10011303424835205,409598,0.020783966,0.011998968198895454,0.011999610811471939,0.011999810114502907
21879,fgsm_fasterrcnnmodel,0.18181818181818185,0.15151515151515152,0.97515696,38.417761996409794,0.9842014312744141,0.9892488718032837,0.06130333989858627,0.025606751441955566,409596,0.02078077,0.011992672458291054,0.011998563073575497,0.011998220346868038
252701,fgsm_fasterrcnnmodel,0.3333333333333334,0.18181818181818185,0.97113466,38.42431138493566,0.9840271472930908,0.9876043200492859,0.06685688346624374,0.025339841842651367,409557,0.020761661,0.011969697661697865,0.011991435661911964,0.011983054690063
398203,fgsm_fasterrcnnmodel,0.15151515151515152,0.09696969696969698,0.9710675,38.46467686180831,0.9917593002319336,0.9871323704719543,0.07089535892009735,0.02935636043548584,409325,0.0206427,0.011833805590867996,0.011894011870026588,0.011941454373300076
463802,fgsm_fasterrcnnmodel,0.3333333333333334,0.0,0.95105964,38.530657677244825,0.9796885848045349,0.9794691205024719,0.15650609135627747,0.06431907415390015,406998,0.020404704,0.011827007867395878,0.011677946895360947,0.01167070958763361
96427,fgsm_fasterrcnnmodel,0.3333333333333334,0.12121212121212122,0.9223251,38.464301935377755,0.9662338495254517,0.9691756367683411,0.20931614935398102,0.07461768388748169,409588,0.020658877,0.01197765115648508,0.01198870874941349,0.01169150322675705
189775,fgsm_fasterrcnnmodel,0.06060606060606061,0.030303030303030304,0.9385678,38.44235296317146,0.9731667041778564,0.9861471652984619,0.1531846523284912,0.04560983180999756,409392,0.020704705,0.011931713670492172,0.01192556694149971,0.011959775350987911
376900,fgsm_fasterrcnnmodel,0.07575757575757576,0.045454545454545456,0.9394212,38.48995737239695,0.973496675491333,0.9798094630241394,0.14818206429481506,0.07408171892166138,409262,0.020573275,0.011798731051385403,0.011865653097629547,0.01186248380690813
494913,fgsm_fasterrcnnmodel,0.08333333333333336,0.0,0.946104,38.54049542439057,0.9775972366333008,0.9791890382766724,0.1585913896560669,0.06414324045181274,406406,0.020372722,0.011682046577334404,0.011658395640552044,0.011762641370296478
359540,fgsm_fasterrcnnmodel,0.20454545454545459,0.1863636363636364,0.982773,38.419307218930314,0.9885156154632568,0.9897912740707397,0.03285997360944748,0.02273237705230713,409574,0.020775847,0.011991956271231174,0.011993492022156715,0.01199230644851923
427997,fgsm_fasterrcnnmodel,0.06060606060606061,0.0,0.95619583,38.41812241702219,0.9706006050109863,0.9876073002815247,0.18184858560562134,0.15257561206817627,409573,0.020779015,0.011996493674814701,0.011995489709079266,0.011995372362434864
340894,fgsm_fasterrcnnmodel,0.08333333333333336,0.0,0.944659,38.49520905052661,0.9792565107345581,0.9781391620635986,0.15584823489189148,0.05993509292602539,407381,0.020512596,0.011847027577459812,0.011798733845353127,0.011765035800635815
168883,fgsm_fasterrcnnmodel,0.3333333333333334,0.24242424242424246,0.9708348,38.442704423929484,0.9864672422409058,0.9851952791213989,0.05627916380763054,0.028302490711212158,409495,0.020708663,0.011974985711276531,0.011942907236516476,0.0118936225771904
356424,fgsm_fasterrcnnmodel,0.11111111111111113,0.06776859504132232,0.93954325,38.628176199295076,0.9747157096862793,0.9773901104927063,0.16238845884799957,0.07748186588287354,399595,0.019972846,0.01147304754704237,0.011437350884079933,0.011484804563224316
496571,fgsm_fasterrcnnmodel,0.04958677685950414,0.04545454545454546,0.9420133,38.46547361885757,0.9783109426498413,0.9812307357788086,0.12328307330608368,0.04488319158554077,409065,0.020635653,0.011867189779877663,0.011926058679819107,0.011866578832268715
492077,fgsm_fasterrcnnmodel,0.12727272727272726,0.045454545454545456,0.9565835,38.63411676093251,0.980414628982544,0.9851287603378296,0.13292674720287323,0.05496096611022949,398785,0.019946944,0.011429106816649437,0.011425768956542015,0.011469249613583088
383606,fgsm_fasterrcnnmodel,0.25000000000000006,0.0,0.9184656,38.43698584411164,0.9624334573745728,0.9664386510848999,0.23560480773448944,0.09623599052429199,408639,0.020703986,0.01194950845092535,0.0119432732462883,0.01194947212934494
357737,fgsm_fasterrcnnmodel,0.4363636363636364,0.2363636363636364,0.98219675,38.4769015409153,0.9901964068412781,0.9905564188957214,0.03723013401031494,0.02174431085586548,407997,0.020577138,0.011853502131998539,0.011844897642731667,0.011844240128993988
365642,fgsm_fasterrcnnmodel,0.5606060606060607,0.4848484848484849,0.92306954,38.42354015675751,0.9592196941375732,0.9677349328994751,0.27224668860435486,0.14708364009857178,409532,0.020762488,0.011986147612333298,0.011985447257757187,0.011985565535724163
410878,fgsm_fasterrcnnmodel,0.5000000000000001,0.3333333333333334,0.95138794,38.4286259408652,0.9781810641288757,0.9830849766731262,0.12334135919809341,0.05530595779418945,409495,0.020748053,0.011965724639594555,0.011967968195676804,0.01197498757392168
48924,fgsm_fasterrcnnmodel,0.3333333333333334,0.0,0.97806525,38.471972838224254,0.9849191904067993,0.9877485632896423,0.08266836404800415,0.0732191801071167,409275,0.02062228,0.01190749928355217,0.011892707087099552,0.01179833896458149
459634,fgsm_fasterrcnnmodel,0.27272727272727276,0.0,0.9417444,38.456742305125275,0.9692152738571167,0.9771080613136292,0.16739389300346375,0.08105039596557617,409124,0.020659227,0.011881561018526554,0.01190163940191269,0.011927753686904907
520009,fgsm_fasterrcnnmodel,0.5454545454545456,0.27272727272727276,0.9624427,38.74444032599392,0.9828161001205444,0.9871119856834412,0.12195376306772232,0.032475829124450684,406660,0.019840255,0.01176578551530838,0.011391961947083473,0.010578197427093983
362682,fgsm_fasterrcnnmodel,0.38636363636363646,0.20000000000000004,0.960584,38.48035199985006,0.9839668273925781,0.9831045866012573,0.08347789943218231,0.03073197603225708,409296,0.020604473,0.011707807891070843,0.011916298419237137,0.011912963353097439
AVERAGE,summary,38.5034,0.978,0.9794,0.136,0.0598,407707.6389,0.0205,0.0118,0.0118,0.0118
