image_id,variant,map_original,map_adversarial,SSIM,PSNR,MS-SSIM,FSIM,LPIPS,DISTS,L0,L2
397133,fgsm_yolov5model,0.29752066115702486,0.29310689310689314,0.9283724,38.443374589587414,0.9794058799743652,0.9912317991256714,0.24433133006095886,0.07117486000061035,409556,0.02070878,0.011963789351284504,0.011954938992857933,0.011898722499608994
37777,fgsm_yolov5model,0.6704545454545456,0.5151515151515151,0.90377617,38.42209932643957,0.9694191813468933,0.9549078941345215,0.3811666667461395,0.11124104261398315,409598,0.020769062,0.011987087316811085,0.011990170925855637,0.011987550184130669
252219,fgsm_yolov5model,0.6000000000000002,0.4000000000000001,0.92988604,38.58019911758369,0.9809138178825378,0.9927899837493896,0.22263582050800323,0.0635366439819336,409189,0.0203436,0.010986358858644962,0.011862869374454021,0.011932706460356712
87038,fgsm_yolov5model,0.6190476190476192,0.5264428085283701,0.9249944,38.42744434930772,0.9743125438690186,0.975955069065094,0.2927701473236084,0.08150053024291992,409465,0.020747975,0.01197783276438713,0.011977625079452991,0.01197643019258976
174482,fgsm_yolov5model,0.38068181818181823,0.3772727272727273,0.93207616,38.44099131550783,0.9769343137741089,0.9946213364601135,0.2665780782699585,0.05909299850463867,409531,0.02071394,0.01195016410201788,0.01194903627038002,0.011923592537641525
403385,fgsm_yolov5model,1.0000000000000002,0.5000000000000001,0.91999525,38.418696517003376,0.9770850539207458,0.9726995229721069,0.24216260015964508,0.10123634338378906,409597,0.020778092,0.011995549313724041,0.011997015215456486,0.011990671046078205
6818,fgsm_yolov5model,1.0000000000000002,0.5000000000000001,0.91473514,38.42767381831053,0.973024845123291,0.9777765274047852,0.24440941214561462,0.08148711919784546,409600,0.020754704,0.011979274451732635,0.011988002806901932,0.011953265406191349
348881,fgsm_yolov5model,0.27272727272727276,0.1666666666666667,0.9299335,38.56734186313787,0.9801430106163025,0.9868062138557434,0.26697400212287903,0.07389992475509644,404741,0.020253802,0.011661689728498459,0.01160824578255415,0.011592690832912922
181666,fgsm_yolov5model,0.5454545454545455,0.31818181818181823,0.9193626,38.53745446520624,0.9728274345397949,0.9802200198173523,0.3006336987018585,0.10394179821014404,407124,0.020385886,0.011716780252754688,0.011688044294714928,0.011679964140057564
17627,fgsm_yolov5model,0.4545454545454546,0.32396694214876043,0.92409253,38.44633392550452,0.976775050163269,0.9864221811294556,0.2715449929237366,0.07110989093780518,409552,0.020700907,0.011866793967783451,0.011972444131970406,0.01196365151554346
322864,fgsm_yolov5model,0.9090909090909093,0.5515151515151516,0.9212945,38.43361637996558,0.9774391055107117,0.9841932654380798,0.25098708271980286,0.07818561792373657,409597,0.020739127,0.011989455670118332,0.011993071995675564,0.011892726644873619
308394,fgsm_yolov5model,0.4000000000000001,0.3333333333333334,0.9078271,38.69871422577113,0.9767891764640808,0.9775946736335754,0.29036158323287964,0.08246266841888428,404446,0.019865451,0.011547625064849854,0.011227915063500404,0.011233913712203503
41888,fgsm_yolov5model,0.31818181818181823,0.0,0.94759923,38.417525470657395,0.9814395904541016,0.9937862753868103,0.22152361273765564,0.08148455619812012,409599,0.020781446,0.011997990310192108,0.011996738612651825,0.011996755376458168
184321,fgsm_yolov5model,1.0000000000000002,0.3333333333333334,0.9305337,38.421439836124044,0.9783072471618652,0.9861996173858643,0.25026020407676697,0.06912130117416382,409599,0.02077078,0.011980133131146431,0.01199591439217329,0.01198831107467413
565778,fgsm_yolov5model,0.3787878787878789,0.20000000000000004,0.94468784,38.455761242995415,0.9809088706970215,0.9963290691375732,0.21624639630317688,0.06841075420379639,409067,0.020661233,0.011883272789418697,0.011909229680895805,0.011925023049116135
336587,fgsm_yolov5model,0.3333333333333334,0.12500000000000003,0.9422734,38.4287048401253,0.9814486503601074,0.9922348856925964,0.22693505883216858,0.07642948627471924,409600,0.020751666,0.011996114626526833,0.011985471472144127,0.011930176988244057
555705,fgsm_yolov5model,1.0000000000000002,0.5000000000000001,0.92171216,38.4661287686346,0.9758188128471375,0.9906138181686401,0.30646663904190063,0.06989133358001709,408223,0.020612802,0.011916697025299072,0.011872760951519012,0.011831751093268394
500663,fgsm_yolov5model,0.6363636363636365,0.31818181818181823,0.92409295,38.436908434824815,0.9766539335250854,0.9765236973762512,0.29000604152679443,0.0981452465057373,409531,0.020726988,0.011931709945201874,0.011981170624494553,0.011934650130569935
418281,fgsm_yolov5model,0.5000000000000001,0.20000000000000004,0.9400017,38.42128443757354,0.9805147051811218,0.9926782846450806,0.22148290276527405,0.07017481327056885,409599,0.020771477,0.01198940072208643,0.01199562568217516,0.011978843249380589
25560,fgsm_yolov5model,0.7500000000000002,0.6666666666666669,0.91453624,38.42249586058739,0.9775900840759277,0.9848959445953369,0.2842785120010376,0.050694823265075684,409600,0.020767737,0.011995935812592506,0.011987965553998947,0.011972040869295597
403817,fgsm_yolov5model,0.25000000000000006,0.1666666666666667,0.90514517,38.75239886304668,0.9761670827865601,0.974334180355072,0.30240994691848755,0.07377690076828003,407288,0.019859008,0.011789578944444656,0.011637303978204727,0.01029718853533268
329323,fgsm_yolov5model,0.5909090909090908,0.16553030303030303,0.9313622,38.43327854217554,0.980379581451416,0.9928508996963501,0.2331412434577942,0.06571602821350098,409535,0.020735458,0.011962657794356346,0.011952820234000683,0.011968020349740982
239274,fgsm_yolov5model,0.7272727272727274,0.22599067599067602,0.95954895,38.44872049092467,0.9898372888565063,0.9929647445678711,0.13215197622776031,0.03330707550048828,409590,0.020697149,0.011874811723828316,0.011916189454495907,0.011975527741014957
286994,fgsm_yolov5model,1.0000000000000002,0.2693602693602694,0.94047713,38.41649628542407,0.9812409281730652,0.991203248500824,0.23543283343315125,0.08258575201034546,409600,0.020784274,0.011999950744211674,0.011999828740954399,0.011999295093119144
511321,fgsm_yolov5model,0.5454545454545455,0.17045454545454547,0.92879415,38.436911843962854,0.9777654409408569,0.9862848520278931,0.26849621534347534,0.07038712501525879,409564,0.020726562,0.01194954663515091,0.011952662840485573,0.011957738548517227
314294,fgsm_yolov5model,0.5454545454545455,0.28282828282828276,0.94038755,38.440134741972734,0.9785076975822449,0.996665358543396,0.25673985481262207,0.08076632022857666,409596,0.020719431,0.011933050118386745,0.011948333121836185,0.011944005265831947
301867,fgsm_yolov5model,0.8787878787878789,0.3181818181818182,0.9458427,38.44551066230514,0.9851857423782349,0.9949694275856018,0.2037268877029419,0.04949164390563965,408716,0.020682054,0.011920606717467308,0.011929634027183056,0.011927158571779728
125211,fgsm_yolov5model,1.0000000000000002,0.5000000000000001,0.95273536,38.688394822125076,0.9868391752243042,0.9942888617515564,0.17690962553024292,0.06284648180007935,404446,0.019914512,0.011448998004198074,0.01129645574837923,0.011328515596687794
562121,fgsm_yolov5model,0.5454545454545454,0.21212121212121215,0.9315476,38.42359514014443,0.9795536994934082,0.9921958446502686,0.26285460591316223,0.08519482612609863,409598,0.020765267,0.01196908950805664,0.011994647793471813,0.011983229778707027
382088,fgsm_yolov5model,1.0000000000000002,0.25000000000000006,0.9316675,38.41813605272783,0.9778546094894409,0.9954777956008911,0.27575206756591797,0.07249176502227783,409600,0.020779897,0.011998536996543407,0.011997461318969727,0.011991471983492374
430961,fgsm_yolov5model,0.8484848484848486,0.7954545454545455,0.91198045,38.42719832479073,0.9743082523345947,0.9811649322509766,0.3399500846862793,0.09540510177612305,409542,0.020752726,0.011982817202806473,0.011983134783804417,0.01196512021124363
80671,fgsm_yolov5model,1.0000000000000002,0.3333333333333334,0.897535,38.417048260500394,0.9679355621337891,0.941807210445404,0.39309948682785034,0.1254274845123291,409597,0.0207826,0.011999011039733887,0.01199787575751543,0.011998346075415611
104612,fgsm_yolov5model,0.2727272727272727,0.1470862470862471,0.9417297,38.43370913499448,0.9840450286865234,0.9938085079193115,0.21118620038032532,0.06289249658584595,409596,0.020738978,0.011990871280431747,0.01191308256238699,0.011973924934864044
448365,fgsm_yolov5model,0.6666666666666669,0.5000000000000001,0.92166114,38.43705483846303,0.9758152961730957,0.9887620806694031,0.2704998254776001,0.07853025197982788,409526,0.020726182,0.011959977447986603,0.011977076530456543,0.01191730983555317
109798,fgsm_yolov5model,0.5000000000000001,0.3333333333333334,0.9115893,38.56299422437337,0.9768580794334412,0.9839004874229431,0.32128334045410156,0.07569873332977295,406964,0.020301305,0.01174197904765606,0.011737124994397163,0.011563296429812908
370677,fgsm_yolov5model,0.5000000000000001,0.4232825997531881,0.9277375,38.50712046820222,0.980339765548706,0.9928421974182129,0.22726325690746307,0.06877672672271729,409589,0.020548375,0.01177164539694786,0.011836635880172253,0.011782383546233177
238866,fgsm_yolov5model,0.5454545454545454,0.4799465240641711,0.9460903,38.43703834176729,0.9824041724205017,0.9946981072425842,0.24572932720184326,0.11548608541488647,409137,0.02071402,0.011953670531511307,0.01195257157087326,0.011948957107961178
369370,fgsm_yolov5model,0.31818181818181823,0.2545454545454546,0.9348745,38.44646979824913,0.984052836894989,0.9938080906867981,0.2558565139770508,0.05874991416931152,409592,0.02070271,0.011955320835113525,0.011950688436627388,0.011889147572219372
515579,fgsm_yolov5model,0.3272727272727273,0.23376623376623382,0.9313596,38.45669503874686,0.98095703125,0.99232017993927,0.28570085763931274,0.0886920690536499,407909,0.020630393,0.011901149526238441,0.011899483390152454,0.011901977472007275
173383,fgsm_yolov5model,0.3750000000000001,0.1666666666666667,0.9170161,38.442942042469056,0.9769330024719238,0.9893736839294434,0.2733103036880493,0.06660223007202148,409550,0.020712798,0.011931517161428928,0.01197763904929161,0.011903984472155571
39956,fgsm_yolov5model,1.0000000000000002,0.10000000000000002,0.9213875,38.582488624786976,0.9784195423126221,0.9859344363212585,0.25353842973709106,0.07769745588302612,406578,0.020249633,0.011774170212447643,0.011576776392757893,0.011407451704144478
321214,fgsm_yolov5model,0.6666666666666669,0.08333333333333336,0.90910596,38.42071459376532,0.9741865992546082,0.9762560129165649,0.3096907138824463,0.06804180145263672,409600,0.020772958,0.011996012181043625,0.011991710402071476,0.011981449089944363
474028,fgsm_yolov5model,0.9090909090909093,0.8636363636363638,0.9452724,38.4263021356667,0.9812792539596558,0.99480801820755,0.21398024260997772,0.05831348896026611,409577,0.020757182,0.0119510842487216,0.01199025847017765,0.011986923404037952
355257,fgsm_yolov5model,0.25000000000000006,0.20000000000000004,0.91820115,38.48121158383598,0.9760491847991943,0.9795111417770386,0.27686136960983276,0.07017618417739868,408554,0.020573892,0.011868340894579887,0.011869027279317379,0.011786890216171741
142092,fgsm_yolov5model,1.0000000000000002,0.5000000000000001,0.9372923,38.420889575672156,0.9828730821609497,0.9925359487533569,0.2252667248249054,0.06302696466445923,409573,0.0207714,0.011994614265859127,0.011989457532763481,0.011983931064605713
63154,fgsm_yolov5model,0.5000000000000001,0.0,0.9290989,38.417496139071325,0.9771218299865723,0.9904279112815857,0.2888373136520386,0.10443753004074097,409596,0.020781415,0.011997099034488201,0.011996755376458168,0.01199851743876934
199551,fgsm_yolov5model,0.5000000000000001,0.3333333333333334,0.92110395,38.42334124132323,0.9762482047080994,0.9869909286499023,0.2838578522205353,0.09411144256591797,409600,0.02076635,0.01198781467974186,0.01199327502399683,0.011968273669481277
514508,fgsm_yolov5model,0.5000000000000001,0.1666666666666667,0.939985,38.419858024004185,0.9852074384689331,0.9939212203025818,0.1792202591896057,0.04562056064605713,409600,0.020775523,0.01197799202054739,0.011997716501355171,0.011999900452792645
78915,fgsm_yolov5model,0.7272727272727275,0.5800000000000001,0.94890285,38.43165687133003,0.9827145338058472,0.9929071664810181,0.175480455160141,0.04123878479003906,409582,0.020742364,0.011945731937885284,0.011974840424954891,0.011969160288572311
544519,fgsm_yolov5model,1.0000000000000002,0.5000000000000001,0.91234237,38.43979286134158,0.9741823077201843,0.9758027195930481,0.3426195979118347,0.09562307596206665,409596,0.020722074,0.011938195675611496,0.011990807019174099,0.011912324465811253
366141,fgsm_yolov5model,0.5000000000000001,0.4000000000000001,0.9116489,38.43090395035035,0.9759372472763062,0.9798315167427063,0.29311642050743103,0.07575905323028564,409540,0.02074375,0.011959447525441647,0.011985976248979568,0.01194998249411583
559842,fgsm_yolov5model,0.562937062937063,0.5527777777777778,0.9463629,38.424120120815566,0.9818543791770935,0.9942528009414673,0.21058064699172974,0.06831246614456177,409598,0.020763485,0.011977758258581161,0.011986562982201576,0.011978349648416042
261061,fgsm_yolov5model,0.25000000000000006,0.1666666666666667,0.92582583,38.456419224793585,0.9791077971458435,0.9926705360412598,0.2659861445426941,0.0732043981552124,409331,0.020666737,0.011870641261339188,0.011954703368246555,0.011898407712578773
168330,fgsm_yolov5model,0.8484848484848486,0.7500000000000002,0.91850567,38.41934805777192,0.9718728065490723,0.9839591383934021,0.3267725110054016,0.08155643939971924,409599,0.020776493,0.01199243776500225,0.011988363228738308,0.011997630819678307
342006,fgsm_yolov5model,0.5000000000000001,0.28030303030303033,0.9230886,38.42653204557293,0.9722506403923035,0.9692204594612122,0.2888520359992981,0.11348700523376465,409600,0.020757677,0.01193950418382883,0.011997559107840061,0.011986639350652695
236412,fgsm_yolov5model,0.5000000000000001,0.0,0.94279695,38.427262552940974,0.9827379584312439,0.9938006401062012,0.22011694312095642,0.058443546295166016,409598,0.0207553,0.011987092904746532,0.011963202618062496,0.011971714906394482
524456,fgsm_yolov5model,0.5090909090909091,0.28571428571428575,0.94269437,38.45358858730877,0.9835643768310547,0.9934510588645935,0.19777807593345642,0.057782649993896484,409372,0.020674132,0.011958813294768333,0.011898407712578773,0.011885630898177624
153343,fgsm_yolov5model,1.0000000000000002,0.20000000000000004,0.93810827,38.46322589278659,0.9808976054191589,0.9896742105484009,0.22504323720932007,0.04856669902801514,409540,0.02065468,0.011892113834619522,0.011935370042920113,0.011824757792055607
231339,fgsm_yolov5model,0.5000000000000001,0.4000000000000001,0.9270148,38.431117798773336,0.9796299934387207,0.9890137314796448,0.2297283411026001,0.0539473295211792,409508,0.020740805,0.011968356557190418,0.011966022662818432,0.011960666626691818
550426,fgsm_yolov5model,1.0000000000000002,0.3333333333333334,0.9266424,38.47373096292905,0.978362500667572,0.9908080697059631,0.266146183013916,0.06583064794540405,409546,0.02062888,0.011910337954759598,0.011942591518163681,0.011740404181182384
368294,fgsm_yolov5model,0.5000000000000001,0.3333333333333334,0.92947525,38.5395441751746,0.9795014262199402,0.9922360777854919,0.24111208319664001,0.07092422246932983,405929,0.020358557,0.011746062897145748,0.011684746481478214,0.011622491292655468
301135,fgsm_yolov5model,0.4533648170011807,0.41181041181041184,0.95055133,38.58616086729646,0.9827828407287598,0.9957740306854248,0.19080054759979248,0.06354910135269165,409056,0.020308727,0.01157994382083416,0.011791680939495564,0.011389579623937607
33638,fgsm_yolov5model,0.25000000000000006,0.11111111111111113,0.90952635,38.540752001828125,0.9741834402084351,0.9759209156036377,0.3017466068267822,0.08490431308746338,409596,0.020463806,0.011997968889772892,0.011998524889349937,0.011096355505287647
329219,fgsm_yolov5model,0.3506493506493507,0.327946127946128,0.9243018,38.41678499118787,0.976904571056366,0.9899414777755737,0.2647613286972046,0.05946850776672363,409600,0.020783467,0.011998677626252174,0.011999242007732391,0.011999104171991348
356387,fgsm_yolov5model,0.34090909090909094,0.2058080808080808,0.9360698,38.48645231492789,0.9806665182113647,0.9907640814781189,0.2346348762512207,0.08062887191772461,409598,0.020578403,0.011807088740170002,0.011852829717099667,0.01191800832748413
367680,fgsm_yolov5model,0.781818181818182,0.6872727272727273,0.93406314,38.41914513827689,0.9812915325164795,0.9915841221809387,0.2674311399459839,0.07456862926483154,409600,0.020777248,0.011996238492429256,0.011993949301540852,0.011992867104709148
263796,fgsm_yolov5model,1.0000000000000002,0.0,0.95261663,38.4215963016303,0.9855833053588867,0.995945394039154,0.1647811084985733,0.05709433555603027,409594,0.020770045,0.011986719444394112,0.011990624479949474,0.01198509056121111
117425,fgsm_yolov5model,0.5194805194805195,0.4040404040404041,0.91498494,38.451021895113215,0.9747781157493591,0.9806733131408691,0.28676122426986694,0.06805896759033203,409467,0.020684917,0.011961431242525578,0.011946110986173153,0.011860561557114124
487583,fgsm_yolov5model,0.5000000000000001,0.3333333333333334,0.91068465,38.418939872991984,0.9721242785453796,0.9696072340011597,0.32413947582244873,0.08700501918792725,409598,0.020777611,0.01199451182037592,0.011996936984360218,0.011990067549049854
214720,fgsm_yolov5model,0.6753246753246753,0.4545454545454546,0.9340365,38.47813205437143,0.9828776121139526,0.9913272857666016,0.22987914085388184,0.06078207492828369,408872,0.020587666,0.011820509098470211,0.011894733645021915,0.01184905506670475
29393,fgsm_yolov5model,0.6818181818181819,0.4545454545454546,0.9455854,38.51978537171252,0.9858313798904419,0.9951676726341248,0.206749826669693,0.05078554153442383,408792,0.020467108,0.011693604290485382,0.0117868110537529,0.011836614459753036
166391,fgsm_yolov5model,0.6796536796536797,0.35827505827505834,0.89823914,38.41659211926567,0.9662079215049744,0.966007649898529,0.34080493450164795,0.13379377126693726,409600,0.020784028,0.011998796835541725,0.011999795213341713,0.011999876238405704
295713,fgsm_yolov5model,0.7662337662337665,0.6445454545454545,0.9344352,38.424159621195344,0.9795982241630554,0.9923421144485474,0.24709025025367737,0.05547773838043213,409590,0.020762965,0.011985771358013153,0.011983943171799183,0.011974508874118328
273132,fgsm_yolov5model,0.3333333333333334,0.20000000000000004,0.9429448,38.418495985043805,0.9874727725982666,0.9911896586418152,0.20142902433872223,0.05468618869781494,409600,0.020779165,0.01199869904667139,0.011994969099760056,0.011995183303952217
410428,fgsm_yolov5model,0.5454545454545455,0.27272727272727276,0.93781596,38.4285353446508,0.9806773066520691,0.9912841320037842,0.23586955666542053,0.05488765239715576,409521,0.020749213,0.01197911985218525,0.011987738311290741,0.011945395730435848
450758,fgsm_yolov5model,1.0000000000000002,0.5000000000000001,0.93409777,38.423578540578454,0.9784296751022339,0.9865149855613708,0.23964810371398926,0.10711550712585449,409599,0.020765519,0.011997132562100887,0.011994190514087677,0.011956457979977131
460160,fgsm_yolov5model,1.0000000000000002,0.0,0.94688624,38.41644026313868,0.9815585017204285,0.9954980611801147,0.21982482075691223,0.07541012763977051,409600,0.02078443,0.011999940499663353,0.011999767273664474,0.011999798007309437
566524,fgsm_yolov5model,0.6818181818181819,0.4545454545454546,0.93620557,38.424852155168864,0.9793347120285034,0.9920660853385925,0.2281159609556198,0.06858450174331665,409596,0.020761663,0.011987363919615746,0.011983721517026424,0.011968333274126053
338428,fgsm_yolov5model,0.31818181818181823,0.12121212121212122,0.9333419,38.5373452707567,0.9785350561141968,0.9952348470687866,0.2451278418302536,0.0625678300857544,408193,0.02041415,0.011767742224037647,0.01177961565554142,0.011570742353796959
166277,fgsm_yolov5model,0.6818181818181819,0.6666666666666669,0.93151444,38.45025083377936,0.9793092608451843,0.9841347932815552,0.2531789541244507,0.07137167453765869,408540,0.02066472,0.01191031839698553,0.011908386833965778,0.011925370432436466
292082,fgsm_yolov5model,0.4242424242424243,0.2545454545454546,0.9451935,38.41717582836825,0.987373948097229,0.9921243786811829,0.1915406584739685,0.043027520179748535,409599,0.020782378,0.011998982168734074,0.01199780311435461,0.011997760273516178
360137,fgsm_yolov5model,1.0000000000000002,0.6250000000000002,0.93623334,38.93406513873711,0.9883822202682495,0.9945255517959595,0.1378660798072815,0.023263275623321533,406842,0.01941237,0.00911339744925499,0.01166798546910286,0.011618639342486858
352684,fgsm_yolov5model,1.0000000000000002,0.9040404040404042,0.90821713,38.41757377296477,0.9719740748405457,0.9746936559677124,0.27270638942718506,0.08936154842376709,409600,0.020781463,0.011993438936769962,0.011999218724668026,0.011998741887509823
512836,fgsm_yolov5model,0.6363636363636365,0.4242424242424243,0.9312989,38.416370334768374,0.9802867770195007,0.9918593764305115,0.2597924768924713,0.06414282321929932,409600,0.020784615,0.012000010348856449,0.01200000662356615,0.012000005692243576
107226,fgsm_yolov5model,0.5941558441558443,0.4469696969696971,0.9317577,38.470667836059704,0.9809360504150391,0.9886098504066467,0.2652166485786438,0.050414085388183594,409600,0.02064318,0.011998298577964306,0.011998358182609081,0.01159744057804346
84477,fgsm_yolov5model,1.0000000000000002,0.7500000000000002,0.9130492,38.47205315654748,0.9708596467971802,0.9737767577171326,0.32381367683410645,0.09808099269866943,409600,0.020639682,0.01159750483930111,0.011995367705821991,0.011997398920357227
177015,fgsm_yolov5model,0.6000000000000002,0.28571428571428575,0.9480405,38.449139664014524,0.9825102090835571,0.9898673295974731,0.19601839780807495,0.04994988441467285,409541,0.020694066,0.011955675669014454,0.011963000521063805,0.011839952319860458
292236,fgsm_yolov5model,0.6666666666666669,0.3636363636363637,0.92109185,38.44903651823852,0.9786044955253601,0.9901379346847534,0.2780034840106964,0.07573354244232178,409558,0.02069178,0.011926707811653614,0.011902187950909138,0.011963932774960995
121506,fgsm_yolov5model,0.3181818181818183,0.12987012987012989,0.92289495,38.75135541750262,0.9881081581115723,0.9926134347915649,0.19205984473228455,0.041290462017059326,389670,0.01944543,0.011174269020557404,0.011112186126410961,0.011134522967040539
288042,fgsm_yolov5model,0.6666666666666669,0.3333333333333334,0.93814635,38.47053145133265,0.9804391264915466,0.991495668888092,0.23658226430416107,0.07253628969192505,409287,0.020627974,0.011893391609191895,0.011946048587560654,0.011767346411943436
125062,fgsm_yolov5model,0.6363636363636365,0.5454545454545455,0.92179424,38.599170462441165,0.9803258776664734,0.992189347743988,0.2673254609107971,0.07746493816375732,402966,0.020129567,0.011573833413422108,0.011588642373681068,0.011438839137554169
375015,fgsm_yolov5model,1.0000000000000002,0.5000000000000001,0.91831356,38.41710428165606,0.9743918180465698,0.9889624714851379,0.32224276661872864,0.09745562076568604,409600,0.020782726,0.011999237351119518,0.011999819427728653,0.011996142566204071
21503,fgsm_yolov5model,0.5000000000000001,0.28571428571428575,0.9192812,38.44801052266093,0.9781603217124939,0.9842346906661987,0.31209126114845276,0.08060729503631592,409577,0.020697773,0.011964993551373482,0.011951275169849396,0.011866910383105278
99242,fgsm_yolov5model,1.0000000000000002,0.6666666666666669,0.89361334,38.41684390176822,0.9658340215682983,0.9238594770431519,0.4065514802932739,0.1358625888824463,409600,0.02078335,0.01199962105602026,0.011999220587313175,0.01199760939925909
409475,fgsm_yolov5model,1.0000000000000002,0.3333333333333334,0.91861486,38.419697474257674,0.9768886566162109,0.9842971563339233,0.2697295546531677,0.089793860912323,409598,0.02077561,0.011995222419500351,0.011991655454039574,0.011988213285803795
378605,fgsm_yolov5model,0.6666666666666669,0.6363636363636365,0.91272014,38.432547409796086,0.9733952879905701,0.976128876209259,0.3058375418186188,0.07539629936218262,409594,0.020741614,0.011991064995527267,0.011985080316662788,0.011915123090147972
331817,fgsm_yolov5model,0.25619834710743805,0.16883116883116886,0.9466188,38.465312813700066,0.9860798120498657,0.9947084784507751,0.1733737289905548,0.03876090049743652,409398,0.02064677,0.011851861141622066,0.011934289708733559,0.011847850866615772
218091,fgsm_yolov5model,0.5151515151515152,0.5075757575757577,0.9114601,38.44199899819674,0.9742798209190369,0.9778467416763306,0.2877733111381531,0.10146552324295044,409577,0.020714529,0.011934597045183182,0.011939849704504013,0.01196120772510767
578545,fgsm_yolov5model,0.7500000000000002,0.5714285714285715,0.92977124,38.41639154946804,0.9801647663116455,0.9913209080696106,0.24598050117492676,0.062245965003967285,409600,0.020784562,0.012000010348856449,0.012000000104308128,0.011999838054180145
212166,fgsm_yolov5model,1.0000000000000002,0.3333333333333334,0.9229569,38.50483124223502,0.9806474447250366,0.9881328344345093,0.22927692532539368,0.04672694206237793,408022,0.020501386,0.011732458136975765,0.011785663664340973,0.011855733580887318
294831,fgsm_yolov5model,0.6666666666666669,0.5714285714285715,0.90802664,38.4174478525878,0.970836341381073,0.9813487529754639,0.3470630645751953,0.09086877107620239,409600,0.02078178,0.011998665519058704,0.011997859925031662,0.011996472254395485
84431,fgsm_yolov5model,1.0000000000000002,0.3333333333333334,0.9087984,38.42075279308762,0.9708654880523682,0.9817607998847961,0.33820992708206177,0.08954501152038574,409600,0.020773161,0.012000007554888725,0.011987474747002125,0.011984272859990597
323355,fgsm_yolov5model,1.0000000000000002,0.4000000000000001,0.93150884,38.43604324599979,0.9814159274101257,0.9902871251106262,0.2144811451435089,0.0446019172668457,409588,0.02073087,0.01191325206309557,0.011989406310021877,0.011961999349296093
355325,fgsm_yolov5model,0.5194805194805195,0.44155844155844165,0.94490165,38.43141366806817,0.98468416929245,0.9942829608917236,0.19128009676933289,0.03697013854980469,409599,0.020744305,0.011994415894150734,0.01197128091007471,0.011928523890674114
100582,fgsm_yolov5model,0.3333333333333334,0.0,0.9388142,38.484839365223564,0.982183575630188,0.9959167242050171,0.22948932647705078,0.07403719425201416,409593,0.020606978,0.011763040907680988,0.011992668733000755,0.011761043220758438
9483,fgsm_yolov5model,0.5606060606060608,0.4204545454545456,0.9276399,38.41855599868658,0.9799050092697144,0.9784987568855286,0.25451409816741943,0.0647282600402832,409599,0.020778768,0.01199076697230339,0.011996516957879066,0.011996698565781116
398237,fgsm_yolov5model,0.25000000000000006,0.20000000000000004,0.9621466,38.430274668562916,0.9850596785545349,0.9957359433174133,0.1702287644147873,0.057561635971069336,409599,0.02074773,0.011932246387004852,0.011986601166427135,0.01197797805070877
507223,fgsm_yolov5model,0.9090909090909092,0.5530303030303031,0.95169324,38.46160731270435,0.9865427017211914,0.9961138367652893,0.15930485725402832,0.0329890251159668,409404,0.020653658,0.011873074807226658,0.01189306378364563,0.01189559604972601
11813,fgsm_yolov5model,0.5000000000000001,0.1666666666666667,0.9111759,38.429733550953095,0.9738502502441406,0.9790868163108826,0.31698882579803467,0.09442144632339478,409580,0.02074555,0.011976825073361397,0.011974629946053028,0.011969886720180511
281414,fgsm_yolov5model,1.0000000000000002,0.28571428571428575,0.94079036,38.43435712093756,0.9824170470237732,0.9933053851127625,0.2029944658279419,0.047997355461120605,409597,0.020736193,0.011954006738960743,0.011981835588812828,0.011934895068407059
537991,fgsm_yolov5model,0.7500000000000002,0.5909090909090909,0.93288237,38.426504123234224,0.9806906580924988,0.9902271628379822,0.21610386669635773,0.05773746967315674,409576,0.020755582,0.011973300017416477,0.011978218331933022,0.011974003165960312
321333,fgsm_yolov5model,0.6666666666666669,0.6161616161616162,0.92504555,38.416380495049964,0.9771056175231934,0.991765022277832,0.3113223612308502,0.11443233489990234,409600,0.02078459,0.01199997216463089,0.012000005692243576,0.011999974027276039
521282,fgsm_yolov5model,1.0000000000000002,0.5000000000000001,0.902536,38.44872780499111,0.968409538269043,0.9452220797538757,0.34223681688308716,0.10978269577026367,409534,0.020696957,0.011964749544858932,0.011981871910393238,0.011816071346402168
243204,fgsm_yolov5model,0.25000000000000006,0.0,0.9248514,38.41862365727387,0.9786021113395691,0.9842755794525146,0.25299072265625,0.06822192668914795,409600,0.02077874,0.011987095698714256,0.011999441310763359,0.01199775654822588
38829,fgsm_yolov5model,0.590909090909091,0.5,0.932563,38.56738838768457,0.9813138246536255,0.9939669370651245,0.22381806373596191,0.05199289321899414,407777,0.020321896,0.011600346304476261,0.011758420616388321,0.011533145792782307
397327,fgsm_yolov5model,1.0000000000000002,0.6666666666666669,0.8984453,38.42081686867449,0.9658123850822449,0.9291028380393982,0.3689921498298645,0.14907217025756836,409596,0.020770501,0.01199102122336626,0.011991498060524464,0.011991417035460472
293044,fgsm_yolov5model,0.4000000000000001,0.20000000000000004,0.9123652,38.418051325402786,0.9723989367485046,0.9892029762268066,0.3458615839481354,0.08307158946990967,409600,0.020780249,0.011999828740954399,0.011999568901956081,0.011989884078502655
560279,fgsm_yolov5model,1.0000000000000002,0.6666666666666669,0.93217677,38.43068137814924,0.9838736057281494,0.9891176819801331,0.21294662356376648,0.04309225082397461,409600,0.020747554,0.011998778209090233,0.011910326778888702,0.011999975889921188
42276,fgsm_yolov5model,1.0000000000000002,0.3333333333333334,0.9262669,38.48518670931776,0.9811570644378662,0.990285336971283,0.2512056827545166,0.06878042221069336,409571,0.020591138,0.011881181970238686,0.011789041571319103,0.01189014595001936
482917,fgsm_yolov5model,0.4000000000000001,0.3333333333333334,0.91589046,38.44511552973314,0.9780987501144409,0.9839256405830383,0.27818965911865234,0.07217741012573242,409563,0.020704262,0.011961033567786217,0.01196304801851511,0.011900241486728191
442480,fgsm_yolov5model,0.6666666666666669,0.46212121212121215,0.9194882,38.431679088535084,0.9726523160934448,0.9677013754844666,0.3137442469596863,0.07254564762115479,409591,0.020742845,0.011938498355448246,0.01196941826492548,0.011979503557085991
384350,fgsm_yolov5model,1.0000000000000002,0.0,0.91267234,38.43694887540707,0.9742271304130554,0.9820882678031921,0.3101164698600769,0.09595364332199097,409258,0.020717628,0.011957674287259579,0.011946311220526695,0.011946375481784344
412894,fgsm_yolov5model,0.5518939393939395,0.44625413801884395,0.9308086,38.51681808992165,0.9799134135246277,0.9919929504394531,0.2248382866382599,0.06855028867721558,408132,0.020463515,0.011734920553863049,0.011820923537015915,0.01171812042593956
537153,fgsm_yolov5model,0.5000000000000001,0.3333333333333334,0.9203395,38.424056817768474,0.9724087715148926,0.9787411689758301,0.3107122778892517,0.12393808364868164,409600,0.020764336,0.01199361588805914,0.011994297616183758,0.011958434246480465
392722,fgsm_yolov5model,0.5272727272727273,0.3951762523191095,0.9310102,38.42274689158796,0.9761993885040283,0.9892846345901489,0.24604490399360657,0.07045495510101318,409555,0.02076569,0.011984186246991158,0.011985528282821178,0.011984768323600292
264535,fgsm_yolov5model,0.6666666666666669,0.5000000000000001,0.97430754,38.554969955011785,0.9957968592643738,0.9961942434310913,0.10798022150993347,0.025410890579223633,409337,0.020374823,0.01164927240461111,0.011622619815170765,0.011844868771731853
295231,fgsm_yolov5model,0.7272727272727274,0.6045454545454545,0.9575655,38.42727639057606,0.9876861572265625,0.9959484338760376,0.1947103887796402,0.07475680112838745,409479,0.020750815,0.011974918656051159,0.011974475346505642,0.01197443250566721
130599,fgsm_yolov5model,0.5000000000000001,0.20000000000000004,0.94332194,38.421499643555926,0.9823436737060547,0.9943528175354004,0.2097005546092987,0.06271195411682129,409599,0.020770837,0.011983776465058327,0.0119928028434515,0.011984608136117458
227187,fgsm_yolov5model,0.8181818181818183,0.5656565656565659,0.9488203,38.43170571014995,0.9852978587150574,0.9961117506027222,0.1855284869670868,0.05913281440734863,409587,0.02074125,0.011959953233599663,0.011960162781178951,0.011971753090620041
151662,fgsm_yolov5model,0.5454545454545455,0.0,0.9616282,38.46526774996065,0.9875956773757935,0.9961618781089783,0.1527777910232544,0.05882465839385986,408960,0.020632422,0.011869213543832302,0.011889350600540638,0.011878314428031445
456559,fgsm_yolov5model,1.0000000000000002,0.6666666666666669,0.9039565,38.41644817975944,0.9710802435874939,0.9609119892120361,0.3413652777671814,0.11102437973022461,409600,0.02078441,0.011999912559986115,0.011999852955341339,0.011999688111245632
101068,fgsm_yolov5model,1.0000000000000002,0.6666666666666669,0.9330058,38.41672348233195,0.9787740707397461,0.9871158003807068,0.26520979404449463,0.0675961971282959,409599,0.020783644,0.011998956091701984,0.01199902780354023,0.01199942547827959
140640,fgsm_yolov5model,0.5090909090909091,0.45151515151515165,0.9220156,38.43358870302656,0.9769346714019775,0.9874668717384338,0.2581651210784912,0.07874941825866699,409594,0.020737335,0.011991274543106556,0.011959156952798367,0.011924144811928272
516708,fgsm_yolov5model,1.0000000000000002,0.25000000000000006,0.927064,38.5470929621424,0.9812445044517517,0.9855331182479858,0.23344357311725616,0.06743520498275757,409228,0.020411678,0.011920549906790257,0.011543507687747478,0.011662530712783337
385190,fgsm_yolov5model,0.21212121212121215,0.12848484848484848,0.9402897,38.42154475347794,0.983889102935791,0.9907073378562927,0.21408411860466003,0.05546790361404419,409580,0.020770058,0.01199229247868061,0.011993267573416233,0.011984067037701607
338986,fgsm_yolov5model,0.8181818181818183,0.40909090909090917,0.9134362,38.42968784660714,0.9716100096702576,0.9712383151054382,0.30162420868873596,0.06391668319702148,409586,0.020747954,0.011942562647163868,0.011983048170804977,0.01197835337370634
53994,fgsm_yolov5model,0.6818181818181819,0.3863636363636364,0.9432184,38.43206968590689,0.9831864237785339,0.9938341379165649,0.18590079247951508,0.0391615629196167,409600,0.020742703,0.011978975497186184,0.011968539096415043,0.011932481080293655
152740,fgsm_yolov5model,0.7777495232040688,0.3576839826839826,0.93208313,38.417663854298084,0.9746420383453369,0.993959903717041,0.29025688767433167,0.09460914134979248,409599,0.020781076,0.011996133252978325,0.011997952125966549,0.011996228247880936
79837,fgsm_yolov5model,0.2727272727272727,0.11515151515151514,0.90242624,38.4294953746774,0.9672999382019043,0.9058528542518616,0.3635709285736084,0.13402628898620605,409513,0.020745164,0.011968281120061874,0.011968323960900307,0.011976481415331364
21903,fgsm_yolov5model,1.0000000000000002,0.6666666666666669,0.95164156,38.54057972128637,0.9854457378387451,0.9959613084793091,0.1954534351825714,0.04589486122131348,409555,0.020444285,0.011943626217544079,0.01162609551101923,0.011542191728949547
564133,fgsm_yolov5model,0.5454545454545455,0.3636363636363637,0.92238146,38.41769633472546,0.9720021486282349,0.9570601582527161,0.31945714354515076,0.12400096654891968,409596,0.020780735,0.011997496709227562,0.011996760033071041,0.01199624314904213
337055,fgsm_yolov5model,1.0000000000000002,0.5000000000000001,0.942211,38.42027776087897,0.9803144931793213,0.9942469596862793,0.23215506970882416,0.07982087135314941,409597,0.020773686,0.011987276375293732,0.01199325080960989,0.011990279890596867
83113,fgsm_yolov5model,1.0000000000000002,0.8484848484848483,0.9469262,38.42431222326039,0.9838600158691406,0.9928930997848511,0.19155554473400116,0.06507915258407593,409598,0.020762995,0.011987071484327316,0.01198436226695776,0.011970853433012962
173033,fgsm_yolov5model,1.0000000000000002,0.3333333333333334,0.9206083,38.46153182188798,0.9778100848197937,0.9832164645195007,0.2682204246520996,0.06319653987884521,409261,0.020652577,0.0118248974904418,0.011917006224393845,0.011945725418627262
72813,fgsm_yolov5model,0.6666666666666669,0.4000000000000001,0.92315674,38.430675517060266,0.9774748086929321,0.9821722507476807,0.2815738618373871,0.06347334384918213,409537,0.020742187,0.011969313956797123,0.011973381042480469,0.011960053816437721
545129,fgsm_yolov5model,1.0000000000000002,0.5000000000000001,0.93730587,38.419565102722444,0.9790298342704773,0.994800329208374,0.2506234645843506,0.06379634141921997,409600,0.020775853,0.011994690634310246,0.011993243359029293,0.011992309242486954
121031,fgsm_yolov5model,0.8636363636363638,0.4318181818181819,0.95897436,38.44788818404332,0.9847239255905151,0.9972886443138123,0.1793542206287384,0.05724227428436279,409575,0.020698017,0.01190526969730854,0.01192473154515028,0.011927916668355465
172547,fgsm_yolov5model,0.4545454545454546,0.18181818181818185,0.93631697,38.43499112205024,0.9806709289550781,0.9907576441764832,0.2256583869457245,0.08436775207519531,409594,0.020734029,0.011970274150371552,0.011972413398325443,0.011924965307116508
369081,fgsm_yolov5model,1.0000000000000002,0.5000000000000001,0.9135019,38.41699312181152,0.9699347019195557,0.9603694081306458,0.3352130651473999,0.11301565170288086,409599,0.020782894,0.011998986825346947,0.011998798698186874,0.011997733265161514
578922,fgsm_yolov5model,0.2575757575757576,0.1900826446280992,0.940463,38.757110464915044,0.9892815947532654,0.9903967380523682,0.11835750937461853,0.02279675006866455,409592,0.01988564,0.011784919537603855,0.011100703850388527,0.010709652677178383
464089,fgsm_yolov5model,0.7727272727272729,0.6005291005291006,0.9504277,38.43232392005961,0.9835386276245117,0.9956538677215576,0.17915384471416473,0.042690277099609375,409540,0.020738177,0.011966376565396786,0.011970322579145432,0.011949832551181316
453708,fgsm_yolov5model,0.5454545454545455,0.41750841750841755,0.91894555,38.50575210421462,0.9772907495498657,0.9856465458869934,0.30205750465393066,0.08009922504425049,407833,0.02049533,0.011760647408664227,0.011796197853982449,0.0118169616907835
177714,fgsm_yolov5model,0.5151515151515152,0.4520202020202021,0.9074436,38.686335641934676,0.9798746109008789,0.9924852848052979,0.28025537729263306,0.07230931520462036,396742,0.01977735,0.011381265707314014,0.011394893750548363,0.011102557182312012
459887,fgsm_yolov5model,0.5000000000000001,0.3333333333333334,0.9390804,38.41958207220911,0.9838606715202332,0.9929531812667847,0.19375251233577728,0.05366009473800659,409600,0.020776104,0.011994201689958572,0.011996717192232609,0.011985535733401775
396274,fgsm_yolov5model,1.0000000000000002,0.5000000000000001,0.9482028,38.443046065443625,0.9843273162841797,0.9963847398757935,0.19021737575531006,0.08130919933319092,409536,0.020709785,0.011937749572098255,0.011903495527803898,0.011965169571340084
29640,fgsm_yolov5model,0.18636363636363637,0.17662337662337663,0.93307656,38.457757991338475,0.9810397028923035,0.9919272661209106,0.23340636491775513,0.0647692084312439,409599,0.020675674,0.011814720928668976,0.011956572532653809,0.011947090737521648
308430,fgsm_yolov5model,0.23636363636363641,0.04338842975206612,0.9437502,38.459224521811635,0.9852499961853027,0.9948194026947021,0.18786513805389404,0.05795156955718994,409600,0.020672917,0.011976840905845165,0.01198626309633255,0.011722207069396973
475064,fgsm_yolov5model,0.8181818181818183,0.5000000000000001,0.92622423,38.54807413981399,0.9806064367294312,0.9919935464859009,0.25171199440956116,0.07837355136871338,408286,0.020379085,0.011779568158090115,0.011793792247772217,0.011514718644320965
137246,fgsm_yolov5model,0.3636363636363637,0.31818181818181823,0.92226297,38.4323162783785,0.9777147769927979,0.9900990128517151,0.27893733978271484,0.07186150550842285,409528,0.020737836,0.011969609186053276,0.011958735063672066,0.01196303404867649
296284,fgsm_yolov5model,0.13636363636363635,0.0909090909090909,0.93421954,38.42049211494616,0.9829001426696777,0.9927253723144531,0.22774234414100647,0.05344200134277344,409566,0.020772174,0.011994559317827225,0.011992204934358597,0.011985179968178272
226147,fgsm_yolov5model,0.4125874125874127,0.3579545454545455,0.9277832,38.45356830440301,0.9806820750236511,0.9907504320144653,0.22414034605026245,0.0490262508392334,409522,0.020679338,0.011963624507188797,0.011913234367966652,0.011857116594910622
226903,fgsm_yolov5model,0.3295454545454546,0.11229946524064173,0.93395257,38.57634446165025,0.9817972183227539,0.9893379211425781,0.22774115204811096,0.06785321235656738,405611,0.020246534,0.011664268560707569,0.011572747491300106,0.011559643782675266
162092,fgsm_yolov5model,0.32124125874125875,0.14460965171192441,0.9259775,38.63551096902977,0.9829850196838379,0.990652322769165,0.22857730090618134,0.0470697283744812,408189,0.02014505,0.011700553819537163,0.01150460634380579,0.011362513527274132
366611,fgsm_yolov5model,1.0000000000000002,0.5000000000000001,0.96111137,38.480718090517286,0.9855785369873047,0.9961742758750916,0.18106304109096527,0.07600092887878418,409401,0.020598881,0.011836767196655273,0.011799812316894531,0.011926166713237762
263969,fgsm_yolov5model,0.8863636363636365,0.8000000000000002,0.9167797,38.85388289144127,0.98944091796875,0.9919504523277283,0.16574251651763916,0.035109639167785645,392598,0.019225698,0.0110450005158782,0.010907993651926517,0.010784218087792397
551439,fgsm_yolov5model,0.6666666666666669,0.5000000000000001,0.91852164,38.55172883145274,0.9777644872665405,0.9861344695091248,0.2552977204322815,0.06656461954116821,405407,0.020323029,0.011754401959478855,0.011695006862282753,0.011512121185660362
474167,fgsm_yolov5model,0.5272727272727273,0.48484848484848486,0.92437243,38.448934492481,0.9780775904655457,0.9878481030464172,0.2520419955253601,0.06045490503311157,409473,0.020694764,0.011980926617980003,0.011961625888943672,0.011813212186098099
554735,fgsm_yolov5model,1.0000000000000002,0.6666666666666669,0.9128062,38.419079308823555,0.9756636023521423,0.9825571775436401,0.28950485587120056,0.07460850477218628,409600,0.020777555,0.011997420340776443,0.01199992187321186,0.011983108706772327
386352,fgsm_yolov5model,0.6030303030303031,0.4710743801652893,0.92568,38.43311587735174,0.9797064661979675,0.9922370314598083,0.26708221435546875,0.07382267713546753,409598,0.020740189,0.01192089356482029,0.011977750808000565,0.011980368755757809
311394,fgsm_yolov5model,1.0000000000000002,0.6666666666666669,0.9312236,38.42864404785362,0.9794096946716309,0.9850215315818787,0.23588448762893677,0.0438007116317749,409593,0.020751249,0.011951242573559284,0.011986980214715004,0.011973828077316284
578489,fgsm_yolov5model,0.590909090909091,0.5714285714285715,0.9244447,38.51114450857342,0.9809836149215698,0.9885546565055847,0.22196686267852783,0.06239175796508789,409191,0.020493863,0.011791138909757137,0.011894488707184792,0.01169021800160408
189310,fgsm_yolov5model,1.0000000000000002,0.5000000000000001,0.91577524,38.61576067568081,0.9781114459037781,0.9796242117881775,0.28203752636909485,0.06920051574707031,404538,0.020119404,0.011624924838542938,0.01152552105486393,0.011369171552360058
491366,fgsm_yolov5model,0.3333333333333334,0.21428571428571436,0.9125959,38.44114461062621,0.9760708808898926,0.9818282127380371,0.2814626693725586,0.07982158660888672,409591,0.020715844,0.011965575627982616,0.01193653792142868,0.011954503133893013
293804,fgsm_yolov5model,0.5000000000000001,0.4000000000000001,0.90325147,38.46313578237124,0.9719657897949219,0.9675021767616272,0.3259999752044678,0.10663861036300659,409556,0.020654058,0.011948797851800919,0.011940415017306805,0.011820490472018719
221291,fgsm_yolov5model,1.0000000000000002,0.6666666666666669,0.9003017,38.4196643973302,0.9639700651168823,0.888982355594635,0.38628482818603516,0.11311721801757812,409600,0.020776084,0.011982372030615807,0.01199948787689209,0.011996950954198837
141821,fgsm_yolov5model,0.8863636363636365,0.5833333333333335,0.9416359,38.4167825343559,0.9838759303092957,0.9950085878372192,0.2076575756072998,0.04724419116973877,409600,0.020783529,0.011999929323792458,0.011999702081084251,0.01199750229716301
199310,fgsm_yolov5model,1.0000000000000002,0.6666666666666669,0.9418605,38.56488509403208,0.9816217422485352,0.9943431615829468,0.1993001103401184,0.05890369415283203,409512,0.020379618,0.011556306853890419,0.011893807910382748,0.011450675316154957
323151,fgsm_yolov5model,0.6000000000000002,0.5000000000000001,0.93414426,38.57214331681612,0.982132077217102,0.9906244874000549,0.23321372270584106,0.058701932430267334,409587,0.020345204,0.01194813009351492,0.011474120430648327,0.01137478370219469
89648,fgsm_yolov5model,0.42323232323232335,0.414983164983165,0.9218819,38.42982585735696,0.9779859781265259,0.9903399348258972,0.26238304376602173,0.07555049657821655,409534,0.020745294,0.011970918625593185,0.011969775892794132,0.011967415921390057
520264,fgsm_yolov5model,0.5584415584415586,0.5454545454545456,0.9267722,38.47028217554308,0.9800459742546082,0.9819365739822388,0.24179476499557495,0.08189862966537476,408104,0.02060371,0.011900081299245358,0.01189409475773573,0.011794321238994598
100624,fgsm_yolov5model,0.25000000000000006,0.21212121212121215,0.9141827,38.54570177495011,0.9779378771781921,0.9888865351676941,0.29775387048721313,0.08526432514190674,407682,0.020382078,0.011861937120556831,0.011716642417013645,0.011472754180431366
332570,fgsm_yolov5model,1.0000000000000002,0.5000000000000001,0.9347043,39.04994851910148,0.9830759763717651,0.9842814207077026,0.2345990240573883,0.06323343515396118,384959,0.018571861,0.01038938295096159,0.010395752266049385,0.010512012988328934
502732,fgsm_yolov5model,1.0000000000000002,0.0,0.9306614,38.501335443454984,0.9789430499076843,0.9868047833442688,0.24848471581935883,0.061752378940582275,409554,0.020544758,0.011908761225640774,0.011750203557312489,0.01174235437065363
173044,fgsm_yolov5model,1.0000000000000002,0.5000000000000001,0.925368,38.444792077836944,0.9749321937561035,0.9846274852752686,0.2724941670894623,0.07887816429138184,409566,0.02070477,0.011924275197088718,0.011908194981515408,0.011961974203586578
168458,fgsm_yolov5model,0.5000000000000001,0.1666666666666667,0.92607546,38.42074012231016,0.9740907549858093,0.9704753756523132,0.253969669342041,0.05422782897949219,409598,0.020772567,0.01198920514434576,0.011989222839474678,0.011988680809736252
512194,fgsm_yolov5model,1.0000000000000002,0.5000000000000001,0.94462657,38.60971128413574,0.9856624603271484,0.9934951066970825,0.1812461018562317,0.06341290473937988,407721,0.020223813,0.011463651433587074,0.011622566729784012,0.011522650718688965
370042,fgsm_yolov5model,0.6450077700077699,0.2255509641873278,0.9305604,38.42323805069086,0.976488471031189,0.9930071234703064,0.26940444111824036,0.08259916305541992,409596,0.020765798,0.011973991058766842,0.01198649127036333,0.01198685634881258
189436,fgsm_yolov5model,0.25000000000000006,0.14285714285714288,0.9119788,38.430454712567915,0.9768335819244385,0.9816873073577881,0.2989025115966797,0.06888222694396973,409375,0.020738672,0.011969062499701977,0.01196263823658228,0.011969047598540783
533958,fgsm_yolov5model,1.0000000000000002,0.20000000000000004,0.9356616,38.63210523996947,0.9835671782493591,0.9906389117240906,0.19986885786056519,0.044292986392974854,409600,0.02022503,0.011604593135416508,0.011217492632567883,0.011999821290373802
202228,fgsm_yolov5model,0.5000000000000001,0.25000000000000006,0.9002572,38.45313671796334,0.9710181951522827,0.9686779975891113,0.3273753821849823,0.0882340669631958,409207,0.02066522,0.011923091486096382,0.011928173713386059,0.011906147934496403
403565,fgsm_yolov5model,0.6666666666666669,0.4000000000000001,0.94017416,38.4972735832723,0.9802848696708679,0.9925685524940491,0.21907378733158112,0.05660092830657959,409308,0.020554978,0.01177897583693266,0.01185974944382906,0.011739344336092472
211042,fgsm_yolov5model,0.5000000000000001,0.1666666666666667,0.93056315,38.430752314471064,0.9795705676078796,0.9932590126991272,0.21549424529075623,0.0596386194229126,409590,0.020744806,0.011984181590378284,0.011970791034400463,0.011937856674194336
441586,fgsm_yolov5model,0.5090909090909091,0.3636363636363637,0.92628974,38.43990926905995,0.9774909019470215,0.9878200888633728,0.24730315804481506,0.072212815284729,409594,0.020721791,0.011870842427015305,0.011972355656325817,0.011985170654952526
306733,fgsm_yolov5model,0.38636363636363646,0.31313131313131315,0.9092705,38.43862899680086,0.973491907119751,0.953395664691925,0.28832754492759705,0.11235368251800537,409557,0.02072297,0.011925619095563889,0.01197849027812481,0.011941852979362011
564127,fgsm_yolov5model,1.0000000000000002,0.3333333333333334,0.9151368,38.44941561794157,0.9742718935012817,0.9803071618080139,0.2645006775856018,0.09556442499160767,409418,0.020684725,0.011944074183702469,0.011939053423702717,0.011908040381968021
251065,fgsm_yolov5model,1.0000000000000002,0.5000000000000001,0.9123261,38.4565524748523,0.9760676622390747,0.9826155304908752,0.2634386122226715,0.09943270683288574,409366,0.020658059,0.011945459991693497,0.011945917271077633,0.011833076365292072
138819,fgsm_yolov5model,1.0000000000000002,0.3750000000000001,0.93445855,38.41669950505731,0.9789544939994812,0.9907742738723755,0.23739951848983765,0.07869040966033936,409600,0.02078373,0.011999246664345264,0.011999509297311306,0.011998853646218777
99054,fgsm_yolov5model,0.39393939393939403,0.25000000000000006,0.92100674,38.4203377670576,0.97310870885849,0.9824389219284058,0.272962749004364,0.07590699195861816,409600,0.02077406,0.011991387233138084,0.011996667832136154,0.01198254618793726
22969,fgsm_yolov5model,1.0000000000000002,0.5000000000000001,0.9535668,38.41812604033325,0.9847145080566406,0.9961773753166199,0.1860142946243286,0.05619490146636963,409600,0.020780053,0.011998861096799374,0.01199946366250515,0.011991119012236595
570539,fgsm_yolov5model,0.13636363636363635,0.08181818181818182,0.92793447,38.49279867873604,0.9817566275596619,0.9890384078025818,0.22548803687095642,0.07406830787658691,409575,0.020584185,0.011967732571065426,0.011881070211529732,0.011645099148154259
158548,fgsm_yolov5model,0.3454545454545455,0.2878787878787879,0.9461495,38.41888320947233,0.9829928278923035,0.9918226003646851,0.19873350858688354,0.062322795391082764,409599,0.020777661,0.011996500194072723,0.011992208659648895,0.01199296023696661
176606,fgsm_yolov5model,0.7500000000000002,0.6000000000000002,0.9549391,38.44211545028039,0.9859816431999207,0.9955295324325562,0.16995123028755188,0.05107301473617554,409592,0.020714922,0.011974751949310303,0.01196143589913845,0.011886069551110268
559956,fgsm_yolov5model,0.6363636363636365,0.6181818181818184,0.9438382,38.42006081502423,0.9840940833091736,0.9945012331008911,0.2087123841047287,0.056872010231018066,409600,0.020774988,0.011998841539025307,0.011999309062957764,0.0119758490473032
483667,fgsm_yolov5model,0.6666666666666669,0.6000000000000002,0.909144,38.424167544622364,0.9726866483688354,0.9776819944381714,0.3010442554950714,0.08527958393096924,409573,0.020761875,0.011987583711743355,0.011986738070845604,0.011975501663982868
448810,fgsm_yolov5model,1.0000000000000002,0.5000000000000001,0.93172884,38.42282662880635,0.9827675819396973,0.9907708764076233,0.2144758552312851,0.06456953287124634,409591,0.020766482,0.011986128985881805,0.01198559533804655,0.011988256126642227
375278,fgsm_yolov5model,0.3090909090909092,0.25000000000000006,0.9227459,38.46706722062566,0.9774125814437866,0.9870320558547974,0.2651803493499756,0.08069783449172974,409600,0.020651665,0.011793077923357487,0.01197762694209814,0.011908791027963161
302165,fgsm_yolov5model,0.5454545454545455,0.06818181818181818,0.9486893,38.46539316215514,0.9848366975784302,0.9946906566619873,0.19082410633563995,0.060857534408569336,408651,0.02062466,0.011890516616404057,0.011875279247760773,0.011864891275763512
131131,fgsm_yolov5model,1.0000000000000002,0.10000000000000002,0.92913485,38.604305568469215,0.9802803993225098,0.9866015315055847,0.25295498967170715,0.07118725776672363,409522,0.020272108,0.011656071990728378,0.011659865267574787,0.011690326035022736
240754,fgsm_yolov5model,0.6363636363636365,0.3333333333333334,0.93745756,38.41943483827711,0.9805464744567871,0.9942299723625183,0.23606076836585999,0.05592691898345947,409600,0.020776723,0.011985893361270428,0.011999743059277534,0.011994993314146996
384468,fgsm_yolov5model,0.9090909090909092,0.7500000000000002,0.9511976,38.567597465584605,0.9852303266525269,0.9934216141700745,0.1898282766342163,0.06221580505371094,403996,0.020240663,0.011596731841564178,0.011607379652559757,0.011614851653575897
186873,fgsm_yolov5model,0.31818181818181823,0.24242424242424246,0.9413833,38.43746456173215,0.9847361445426941,0.9927294254302979,0.23391255736351013,0.054163575172424316,409600,0.02072965,0.011995301581919193,0.011849366128444672,0.012000003829598427
82180,fgsm_yolov5model,0.5000000000000001,0.25000000000000006,0.93823546,38.42251569454668,0.9811209440231323,0.9954383373260498,0.24386702477931976,0.06669235229492188,409586,0.020767363,0.011991453357040882,0.01198781281709671,0.0119759701192379
110211,fgsm_yolov5model,1.0000000000000002,0.5000000000000001,0.93262285,38.42216365728903,0.9762808084487915,0.994361937046051,0.28187882900238037,0.0812004804611206,409594,0.020768829,0.011983770877122879,0.011991390958428383,0.011981532908976078
16010,fgsm_yolov5model,0.18181818181818185,0.1090909090909091,0.94586253,38.42501751686284,0.9820253849029541,0.9904313683509827,0.20434978604316711,0.08167636394500732,409593,0.02076063,0.01198204793035984,0.011984915472567081,0.011967706494033337
314182,fgsm_yolov5model,0.6969696969696971,0.19090909090909094,0.9211545,38.42870065918823,0.9767851233482361,0.9822419881820679,0.2725454866886139,0.07864803075790405,409573,0.020750165,0.011990349739789963,0.011977004818618298,0.011956567876040936
248980,fgsm_yolov5model,0.18181818181818182,0.15151515151515152,0.93915033,38.43797702947929,0.9841504096984863,0.994418203830719,0.2032914161682129,0.053115010261535645,409591,0.020726655,0.011987688951194286,0.01197702158242464,0.011907472275197506
68387,fgsm_yolov5model,0.8484848484848486,0.6363636363636365,0.9179835,38.42450823720505,0.9773367643356323,0.9893707036972046,0.2851632535457611,0.07156825065612793,409595,0.020761756,0.011979682371020317,0.011974039487540722,0.011985285207629204
352900,fgsm_yolov5model,0.5606060606060607,0.47272727272727283,0.923018,38.449657388766234,0.9776007533073425,0.988072395324707,0.26570945978164673,0.07803690433502197,409600,0.020697635,0.011997511610388756,0.011997783556580544,0.011748702265322208
329456,fgsm_yolov5model,0.20454545454545459,0.19437229437229442,0.92683345,38.549028920925835,0.9784948825836182,0.9896825551986694,0.25527244806289673,0.07661044597625732,407507,0.020361967,0.011608133092522621,0.01160042081028223,0.011844370514154434
193494,fgsm_yolov5model,1.0000000000000002,0.5000000000000001,0.9392934,38.43598296197086,0.9803640246391296,0.9949182271957397,0.21276667714118958,0.0546259880065918,409560,0.020726867,0.011949926614761353,0.011950032785534859,0.011963728815317154
252776,fgsm_yolov5model,0.3333333333333334,0.20000000000000004,0.91132975,38.42462138727397,0.9742931723594666,0.9815772175788879,0.30385345220565796,0.09525227546691895,409568,0.020760462,0.01198069378733635,0.01198457833379507,0.011977898888289928
337498,fgsm_yolov5model,0.7878787878787881,0.590909090909091,0.940651,38.60602582825314,0.9854650497436523,0.9933975338935852,0.19279462099075317,0.044409990310668945,405389,0.020158716,0.01165631040930748,0.011562180705368519,0.011390525847673416
521405,fgsm_yolov5model,0.5000000000000001,0.25000000000000006,0.92787075,38.419740999492404,0.9771300554275513,0.9880020022392273,0.24144227802753448,0.05316054821014404,409600,0.02077571,0.01199539378285408,0.011995465494692326,0.011984055861830711
518770,fgsm_yolov5model,0.47727272727272735,0.4136363636363637,0.9149868,38.42447437604329,0.9747442603111267,0.985426127910614,0.31028228998184204,0.0733879804611206,409443,0.0207578,0.011982188560068607,0.011981840245425701,0.011979589238762856
59044,fgsm_yolov5model,0.18181818181818182,0.16115702479338842,0.91552395,38.422496716645,0.9759485125541687,0.98105788230896,0.2902913987636566,0.09923279285430908,409591,0.020767305,0.011985613964498043,0.011989712715148926,0.011980492621660233
234607,fgsm_yolov5model,0.6818181818181819,0.5454545454545455,0.91640884,38.43807668579804,0.97801673412323,0.9860149025917053,0.24934284389019012,0.07684290409088135,409389,0.020716453,0.011937327682971954,0.011955469846725464,0.011962777003645897
50326,fgsm_yolov5model,0.25000000000000006,0.20000000000000004,0.91923684,38.418514310635636,0.9754700660705566,0.9857651591300964,0.3098750710487366,0.08727514743804932,409600,0.020779064,0.011999637819826603,0.011999490670859814,0.01198735460639
205542,fgsm_yolov5model,1.0000000000000002,0.5000000000000001,0.94773656,38.42366361305637,0.9841649532318115,0.9961791038513184,0.2084503173828125,0.05653804540634155,409583,0.020763595,0.011977721005678177,0.011980252340435982,0.011988942511379719
217957,fgsm_yolov5model,1.0000000000000002,0.16666666666666663,0.95199794,38.68891855768675,0.9859716892242432,0.9942870140075684,0.17841503024101257,0.05874168872833252,398718,0.019803181,0.011300387792289257,0.011314386501908302,0.011246489360928535
415727,fgsm_yolov5model,0.25000000000000006,0.20000000000000004,0.9317786,38.44825109930353,0.9828842878341675,0.9922035932540894,0.22504881024360657,0.058454811573028564,409593,0.020696359,0.011944885365664959,0.011926012113690376,0.011909551918506622
63602,fgsm_yolov5model,0.6666666666666669,0.5000000000000001,0.90400344,38.43507257882521,0.9694586992263794,0.9629788398742676,0.33453765511512756,0.11189574003219604,409575,0.020732328,0.011961226351559162,0.011975140310823917,0.011923644691705704
383386,fgsm_yolov5model,0.5000000000000001,0.20000000000000004,0.9481396,38.41836636358108,0.982822597026825,0.9918494820594788,0.21007871627807617,0.062272727489471436,409598,0.020779071,0.011998584493994713,0.01199559960514307,0.011990904808044434
5060,fgsm_yolov5model,1.0000000000000002,0.14285714285714288,0.946487,38.47182956730507,0.983364462852478,0.9912157654762268,0.1792164444923401,0.04178589582443237,409552,0.02062228,0.011907046660780907,0.01189795695245266,0.011816194280982018
286523,fgsm_yolov5model,1.0000000000000002,0.25000000000000006,0.9288943,38.47661554252358,0.9829131960868835,0.9863192439079285,0.23637092113494873,0.06599366664886475,408434,0.020587638,0.011843533255159855,0.01182430237531662,0.011903376318514347
579655,fgsm_yolov5model,0.5404040404040406,0.4343434343434344,0.9127753,38.62830760084471,0.9779782295227051,0.9866976141929626,0.3176918625831604,0.1099737286567688,398899,0.019955771,0.011470532044768333,0.011471441015601158,0.011463656090199947
550322,fgsm_yolov5model,0.5227272727272728,0.29545454545454547,0.9407454,38.5250497367788,0.981270968914032,0.9935927987098694,0.20198820531368256,0.046428680419921875,409464,0.020494903,0.01190716028213501,0.011909684166312218,0.011387773789465427
218362,fgsm_yolov5model,0.31818181818181823,0.15909090909090912,0.9048486,38.72227245157954,0.9775869846343994,0.9829354882240295,0.26446035504341125,0.0770195722579956,398549,0.0197037,0.011377627961337566,0.01129522081464529,0.01101760659366846
458992,fgsm_yolov5model,0.6000000000000002,0.5000000000000001,0.9351514,38.47051310752714,0.9824142456054688,0.9906216263771057,0.1981014609336853,0.06830644607543945,409594,0.02064143,0.011812468990683556,0.011954030022025108,0.011833594180643559
164602,fgsm_yolov5model,0.5151515151515152,0.41818181818181827,0.92240256,38.421877675767675,0.9787859916687012,0.9877522587776184,0.24999980628490448,0.07526803016662598,409600,0.02077015,0.011998607777059078,0.011998453177511692,0.011961822398006916
557501,fgsm_yolov5model,1.0000000000000002,0.3333333333333334,0.91688585,38.41741594306625,0.9776908755302429,0.9824895858764648,0.2490558624267578,0.07996988296508789,409599,0.0207818,0.011999032460153103,0.011997826397418976,0.011996435932815075
203317,fgsm_yolov5model,1.0000000000000002,0.3333333333333334,0.94822234,38.41906519847619,0.9865392446517944,0.9942894577980042,0.17386886477470398,0.03638184070587158,409600,0.02077736,0.011996434070169926,0.01199466735124588,0.011992587707936764
368940,fgsm_yolov5model,1.0000000000000002,0.5000000000000001,0.91730213,38.42519439432919,0.9762277007102966,0.9698280096054077,0.2900051474571228,0.08487975597381592,409598,0.020759786,0.011978511698544025,0.01197108719497919,0.01199397537857294
284623,fgsm_yolov5model,0.4000000000000001,0.28571428571428575,0.9313726,38.42655152654506,0.9778336882591248,0.9887149930000305,0.2683661878108978,0.06928139925003052,409575,0.020755606,0.011980552226305008,0.011978588066995144,0.011965937912464142
520301,fgsm_yolov5model,1.0000000000000002,0.5000000000000001,0.93137306,38.440165718454146,0.9810086488723755,0.988875150680542,0.23956480622291565,0.05893290042877197,408810,0.020699354,0.011938109062612057,0.011938360519707203,0.01193923968821764
127987,fgsm_yolov5model,0.3333333333333334,0.22222222222222227,0.9146027,38.5116576918083,0.9775867462158203,0.9879562854766846,0.2814341187477112,0.0703972578048706,407325,0.02046925,0.011809644289314747,0.011783602647483349,0.011692900210618973
36494,fgsm_yolov5model,0.1857864357864358,0.178684862374702,0.93462974,38.643591970301614,0.9838175177574158,0.9943358898162842,0.21157361567020416,0.06482183933258057,403660,0.020033147,0.01151772029697895,0.011535756289958954,0.011215584352612495
67180,fgsm_yolov5model,1.0000000000000002,0.3333333333333334,0.95818853,38.42067025187238,0.985039234161377,0.9953323006629944,0.17418013513088226,0.06475472450256348,409598,0.02077273,0.011993706226348877,0.01199333742260933,0.011979877948760986
126226,fgsm_yolov5model,0.24242424242424243,0.2363636363636364,0.9318433,38.49527949285988,0.9809424877166748,0.985874354839325,0.22965538501739502,0.06454122066497803,408950,0.020542411,0.011807463131844997,0.011868447996675968,0.011782629415392876
190923,fgsm_yolov5model,0.38636363636363646,0.1999540863177227,0.93963283,38.43639251141164,0.9836918115615845,0.9946461319923401,0.2083081156015396,0.05265390872955322,409591,0.020729233,0.011942960321903229,0.01195478718727827,0.011978745460510254
216739,fgsm_yolov5model,0.8181818181818183,0.7727272727272728,0.9089796,38.42070251364281,0.970833420753479,0.9377408027648926,0.3391064405441284,0.08255130052566528,409599,0.02077306,0.011995170265436172,0.011996579356491566,0.011975795961916447
38048,fgsm_yolov5model,0.7500000000000002,0.6000000000000002,0.91895366,38.43306627090166,0.9732025861740112,0.9800159931182861,0.310494065284729,0.07486975193023682,409501,0.020736514,0.011969733983278275,0.011980103328824043,0.011938580311834812
354829,fgsm_yolov5model,1.0000000000000002,0.7500000000000002,0.9238059,38.435341586444515,0.9789082407951355,0.9879242181777954,0.2992253601551056,0.08074408769607544,409598,0.02073443,0.011987867765128613,0.011991823092103004,0.011899962089955807
525155,fgsm_yolov5model,0.5000000000000001,0.3333333333333334,0.90293866,38.420368636969016,0.9676167368888855,0.9493631720542908,0.3851742744445801,0.09865832328796387,409596,0.020773532,0.011984245851635933,0.011989877559244633,0.011997251771390438
153529,fgsm_yolov5model,0.5681818181818183,0.37878787878787873,0.94132775,38.47893210136851,0.9818778038024902,0.9917142987251282,0.19469469785690308,0.05011904239654541,409583,0.020595007,0.011800745502114296,0.011909794993698597,0.011861652135848999
473015,fgsm_yolov5model,0.2727272727272727,0.13636363636363635,0.9183331,38.45207555584078,0.973289966583252,0.9817880392074585,0.3089298903942108,0.11840426921844482,409571,0.02068651,0.011957378126680851,0.011933681555092335,0.011849803850054741
379800,fgsm_yolov5model,0.7575757575757578,0.4545454545454546,0.95052224,38.45973639585734,0.9853639006614685,0.9936466813087463,0.1713770031929016,0.049719035625457764,409541,0.02066383,0.01191497128456831,0.011910863220691681,0.011866803281009197
34071,fgsm_yolov5model,1.0000000000000002,0.27272727272727276,0.8870818,38.58098194461902,0.9665346145629883,0.9420970678329468,0.40499842166900635,0.1500294804573059,409600,0.020341842,0.011746070347726345,0.011096188798546791,0.011998822912573814
36861,fgsm_yolov5model,1.0000000000000002,0.3333333333333334,0.94050354,38.42115114754059,0.9814159274101257,0.9905213117599487,0.20798411965370178,0.046522557735443115,409600,0.020771647,0.01197606697678566,0.011990989558398724,0.011998222209513187
569565,fgsm_yolov5model,0.5000000000000001,0.20000000000000004,0.939121,38.44980822059667,0.9795272350311279,0.9916056394577026,0.2442561686038971,0.07491445541381836,409591,0.020696515,0.011970455758273602,0.011976521462202072,0.011832437478005886
219271,fgsm_yolov5model,0.10303030303030303,0.08996212121212122,0.9283777,38.418710331643695,0.9767360091209412,0.9886049032211304,0.29848796129226685,0.08901786804199219,409600,0.020778207,0.011994818225502968,0.011994387023150921,0.011997283436357975
205647,fgsm_yolov5model,1.0000000000000002,0.5000000000000001,0.91927844,38.426180523416875,0.9719612002372742,0.9774885177612305,0.3197632133960724,0.09198546409606934,409568,0.020756034,0.011980717070400715,0.011975426226854324,0.01197535078972578
460841,fgsm_yolov5model,0.5000000000000001,0.25000000000000006,0.90120333,38.42200285506226,0.9695857763290405,0.9612206816673279,0.34870123863220215,0.1053764820098877,409599,0.020769494,0.011990311555564404,0.011991579085588455,0.01198587380349636
123131,fgsm_yolov5model,0.27272727272727276,0.18181818181818185,0.9221862,38.6858113753277,0.9739805459976196,0.9516305923461914,0.31594425439834595,0.08734691143035889,408350,0.020035377,0.011893350630998611,0.011531314812600613,0.010663235560059547
511599,fgsm_yolov5model,0.20292207792207792,0.1918831168831169,0.9417248,38.417357690391725,0.9810562133789062,0.9923221468925476,0.23190894722938538,0.05772757530212402,409598,0.020781843,0.011998376809060574,0.011998262256383896,0.011996128596365452
174004,fgsm_yolov5model,1.0000000000000002,0.5000000000000001,0.9595909,38.44953283026423,0.9860910773277283,0.9958410263061523,0.15594063699245453,0.05042225122451782,408677,0.02066985,0.011922108940780163,0.011910226196050644,0.011916344054043293
9769,fgsm_yolov5model,0.7878787878787881,0.590909090909091,0.95580965,38.43972032419416,0.9859403371810913,0.9956716895103455,0.1871151477098465,0.05165809392929077,409565,0.02071904,0.011950106360018253,0.011941825971007347,0.011941306293010712
558114,fgsm_yolov5model,0.27272727272727276,0.2242169595110772,0.93982965,38.47751982766882,0.9841305613517761,0.9934342503547668,0.20353353023529053,0.05402183532714844,409598,0.020624952,0.011987748555839062,0.011707102879881859,0.011885721236467361
205776,fgsm_yolov5model,1.0000000000000002,0.20000000000000004,0.9308384,38.438161858979704,0.9781646728515625,0.991479218006134,0.2655479311943054,0.06553244590759277,409571,0.020720227,0.011956147849559784,0.011957535520195961,0.011953248642385006
163257,fgsm_yolov5model,0.25000000000000006,0.20000000000000004,0.91056424,38.555813213371906,0.9748796224594116,0.9789851307868958,0.2865433990955353,0.06239825487136841,406447,0.020301383,0.011698436923325062,0.011677023954689503,0.011706031858921051
475678,fgsm_yolov5model,0.9015151515151517,0.7507427213309564,0.9381685,38.44649087918985,0.9844514727592468,0.9911681413650513,0.18719302117824554,0.05594688653945923,409517,0.020701228,0.011879894882440567,0.01196372788399458,0.011933811008930206
361551,fgsm_yolov5model,0.6363636363636365,0.37229437229437234,0.9211289,38.41663589576547,0.9768295288085938,0.9864078760147095,0.2518005669116974,0.07592225074768066,409599,0.020783858,0.01199958473443985,0.011999317444860935,0.011999194510281086
92839,fgsm_yolov5model,1.0000000000000002,0.5000000000000001,0.9349232,38.43061607245159,0.98189777135849,0.9917383193969727,0.2594150900840759,0.06770014762878418,409598,0.020747282,0.011905133724212646,0.011994931846857071,0.011997086927294731
307658,fgsm_yolov5model,1.0000000000000002,0.0,0.96523374,38.42101359684123,0.989534318447113,0.9939099550247192,0.1406722068786621,0.03614699840545654,409600,0.020772362,0.011999164707958698,0.011997520923614502,0.011968332342803478
417465,fgsm_yolov5model,1.0000000000000002,0.5000000000000001,0.9291868,38.44693811820788,0.9751763343811035,0.9893286824226379,0.3052666485309601,0.07399046421051025,408830,0.020679006,0.01193294022232294,0.011927509680390358,0.011919429525732994
342971,fgsm_yolov5model,1.0000000000000002,0.6666666666666669,0.9102666,38.420794858666184,0.9672228693962097,0.9284372329711914,0.3487975299358368,0.09426873922348022,409597,0.020772336,0.011985620483756065,0.011990011669695377,0.011990560218691826
176634,fgsm_yolov5model,1.0000000000000002,0.5000000000000001,0.9515094,38.459645912825266,0.9866371154785156,0.9959774017333984,0.17748966813087463,0.05636155605316162,409545,0.020664476,0.011828772723674774,0.011910242959856987,0.011937425471842289
552371,fgsm_yolov5model,0.5454545454545455,0.27272727272727276,0.9346621,38.486144629036474,0.9807595610618591,0.9937649369239807,0.2365899682044983,0.05839085578918457,408436,0.020562232,0.011870045214891434,0.011858656071126461,0.01175520196557045
361919,fgsm_yolov5model,0.24242424242424246,0.19421487603305787,0.91655487,38.41898309792559,0.972273051738739,0.97327721118927,0.3036854863166809,0.09544336795806885,409600,0.020777602,0.011990640312433243,0.011995253153145313,0.011994820088148117
138115,fgsm_yolov5model,1.0000000000000002,0.0,0.90769815,38.55318237638164,0.9758505821228027,0.9806774258613586,0.3052702844142914,0.060699522495269775,408925,0.020392062,0.011531004682183266,0.011866302229464054,0.01167859323322773
114871,fgsm_yolov5model,0.5000000000000001,0.3333333333333334,0.8996468,38.42413512019271,0.9698876142501831,0.9588671922683716,0.36845892667770386,0.1008000373840332,409598,0.0207639,0.011997528374195099,0.011995136737823486,0.011951003223657608
123213,fgsm_yolov5model,0.7272727272727273,0.7232323232323233,0.9261492,38.42091909803799,0.9762422442436218,0.9914034605026245,0.2628709375858307,0.0749216079711914,409598,0.020772127,0.011991312727332115,0.011988963931798935,0.011985328048467636
357742,fgsm_yolov5model,1.0000000000000002,0.6666666666666669,0.9111975,38.43065988932535,0.9707884788513184,0.9380168914794922,0.31654465198516846,0.1353898048400879,409587,0.020744408,0.011963050812482834,0.011966091580688953,0.011965892277657986
439854,fgsm_yolov5model,0.6590909090909092,0.3766233766233767,0.9020252,38.469557845927405,0.9703774452209473,0.9617272019386292,0.35421988368034363,0.11455827951431274,409500,0.020642644,0.011716347187757492,0.011959166266024113,0.011981525458395481
322724,fgsm_yolov5model,1.0000000000000002,0.6666666666666669,0.9148161,38.75936638626287,0.9744303226470947,0.9697567224502563,0.3422224223613739,0.12854093313217163,398100,0.01960744,0.010874468833208084,0.011248596012592316,0.0112609239295125
320664,fgsm_yolov5model,0.4000000000000001,0.3571428571428572,0.93432254,38.454310438794074,0.9823688864707947,0.9926519393920898,0.23154819011688232,0.03840601444244385,408810,0.020659046,0.011912371963262558,0.01191693264991045,0.011890039779245853
276434,fgsm_yolov5model,0.3090909090909092,0.22077922077922082,0.9204491,38.46032133915754,0.9774791598320007,0.98586106300354,0.2684383988380432,0.07206946611404419,409549,0.020664224,0.011828012764453888,0.011952471919357777,0.011909577995538712
146358,fgsm_yolov5model,0.6931818181818183,0.6250000000000002,0.92308307,38.422962203554405,0.9769293069839478,0.9836991429328918,0.2745741605758667,0.07855790853500366,409600,0.02076723,0.011964866891503334,0.011992416344583035,0.011998200789093971
329542,fgsm_yolov5model,0.3333333333333334,0.25000000000000006,0.92905074,38.42598295388719,0.9840083122253418,0.9885663986206055,0.2385604977607727,0.042949676513671875,409600,0.020759307,0.011981171555817127,0.01196332462131977,0.011999973095953465
189752,fgsm_yolov5model,0.5795454545454546,0.3872053872053873,0.93800133,38.43579334902125,0.9836302995681763,0.9930623173713684,0.21374130249023438,0.05555880069732666,409596,0.020732097,0.011968202888965607,0.011978349648416042,0.011913268826901913
290163,fgsm_yolov5model,0.3454545454545455,0.3279220779220779,0.9311003,38.4324020784145,0.9835230708122253,0.991080105304718,0.1965840458869934,0.04929828643798828,409593,0.020741351,0.01197903510183096,0.011994346044957638,0.011918269097805023
91406,fgsm_yolov5model,0.393939393939394,0.3010101010101011,0.9197627,38.43396051336134,0.9760127067565918,0.9875181913375854,0.2656917870044708,0.09100794792175293,409573,0.020735187,0.011952335946261883,0.011960387229919434,0.011959700845181942
322352,fgsm_yolov5model,0.5818181818181819,0.565800865800866,0.9392488,38.49757998818633,0.9834064841270447,0.9927615523338318,0.20477738976478577,0.06592917442321777,407138,0.020500384,0.011796648614108562,0.01179642416536808,0.011808056384325027
223959,fgsm_yolov5model,1.0000000000000002,0.6666666666666669,0.917352,38.440018311956116,0.9760357737541199,0.9873276352882385,0.30949777364730835,0.05278205871582031,409520,0.020712709,0.011966746300458908,0.011930447071790695,0.011947449296712875
218439,fgsm_yolov5model,0.5303030303030304,0.3535353535353536,0.9373041,38.46275793755544,0.9823526740074158,0.9926969408988953,0.19724459946155548,0.06999951601028442,408516,0.020628242,0.01188601367175579,0.011894200928509235,0.011874795891344547
453722,fgsm_yolov5model,0.6666666666666669,0.5000000000000001,0.9346802,38.480464876198525,0.9796590805053711,0.9933513402938843,0.24567140638828278,0.07704699039459229,408664,0.02057989,0.011871643364429474,0.011841034516692162,0.011834709905087948
411817,fgsm_yolov5model,0.9545454545454548,0.6212121212121212,0.9393101,38.51422254860681,0.9848305583000183,0.9925356507301331,0.18557630479335785,0.05983579158782959,408067,0.020473924,0.011758990585803986,0.011778230778872967,0.011746504344046116
546964,fgsm_yolov5model,0.45454545454545464,0.3266233766233767,0.9470923,38.477347884623335,0.9859037399291992,0.9944677352905273,0.17383255064487457,0.05179119110107422,409595,0.02062295,0.01192818209528923,0.011699020862579346,0.011947634629905224
573094,fgsm_yolov5model,0.4285714285714287,0.3484848484848485,0.92004675,38.44829841218492,0.9793577194213867,0.9874755144119263,0.2659824788570404,0.06928145885467529,408690,0.020673897,0.011906888335943222,0.011924896389245987,0.011927416548132896
147729,fgsm_yolov5model,0.8181818181818183,0.7651515151515154,0.90828174,38.42415046267909,0.973533034324646,0.9701921343803406,0.3223653733730316,0.09036040306091309,409599,0.020764178,0.011984135955572128,0.011992094106972218,0.01198143232613802
404923,fgsm_yolov5model,1.0000000000000002,0.4318181818181819,0.942285,38.4244299775846,0.9792593717575073,0.9911520481109619,0.2606235146522522,0.04176902770996094,409530,0.02076059,0.011978146620094776,0.011980276554822922,0.011983251199126244
340697,fgsm_yolov5model,0.71900826446281,0.5826446280991735,0.9341342,38.46842884250555,0.981350839138031,0.9942447543144226,0.2278880476951599,0.08975839614868164,409345,0.020639999,0.011879639700055122,0.011962991207838058,0.011801965534687042
450303,fgsm_yolov5model,0.6753246753246754,0.5000000000000002,0.9155285,38.434009442720864,0.9769031405448914,0.9829623103141785,0.2648947238922119,0.09176063537597656,409367,0.02072946,0.011962449178099632,0.011954894289374352,0.01195608638226986
494427,fgsm_yolov5model,0.5000000000000001,0.25000000000000006,0.91358393,38.4299628601005,0.9752838015556335,0.9768617153167725,0.26142212748527527,0.08732819557189941,409600,0.020749044,0.0119315842166543,0.011995703913271427,0.011974836699664593
137294,fgsm_yolov5model,0.27272727272727276,0.16666666666666663,0.9194157,38.43994669088174,0.975850522518158,0.984402596950531,0.2775577902793884,0.08707255125045776,409592,0.02072168,0.01197045762091875,0.011974804103374481,0.011890716850757599
91654,fgsm_yolov5model,0.3333333333333334,0.0,0.9256892,38.43362449664914,0.9809602499008179,0.9881588220596313,0.2339111566543579,0.06624901294708252,409585,0.020739319,0.011995222419500351,0.011997670866549015,0.011891827918589115
181796,fgsm_yolov5model,0.46753246753246763,0.41818181818181827,0.91801095,38.424946842403685,0.9740265607833862,0.9884724020957947,0.30354997515678406,0.0789804458618164,409595,0.020761138,0.01198981050401926,0.01198522374033928,0.011964377947151661
2431,fgsm_yolov5model,0.6233766233766235,0.3363636363636364,0.91427094,38.42281500077382,0.9757019877433777,0.9830654263496399,0.2875925302505493,0.07216334342956543,409591,0.020766225,0.011978511698544025,0.011992197483778,0.011990677565336227
472046,fgsm_yolov5model,0.393939393939394,0.23140495867768598,0.9179983,38.432669148582626,0.9762048721313477,0.986507773399353,0.2741777300834656,0.11680400371551514,409388,0.020734012,0.011965155601501465,0.011967849917709827,0.01194835640490055
74058,fgsm_yolov5model,0.32386363636363635,0.2670454545454546,0.9386425,38.66865933903377,0.9811338186264038,0.9899373054504395,0.26279428601264954,0.08890879154205322,399010,0.019855909,0.011342041194438934,0.011358039453625679,0.011354262940585613
58029,fgsm_yolov5model,1.0000000000000002,0.6666666666666669,0.905183,38.428522480568084,0.9739395976066589,0.9696933031082153,0.31600522994995117,0.10608798265457153,409597,0.02075122,0.011993599124252796,0.011952102184295654,0.01197654940187931
111951,fgsm_yolov5model,0.6666666666666669,0.3333333333333334,0.91473895,38.55843660370076,0.9768146276473999,0.9862833023071289,0.25504088401794434,0.07611411809921265,409600,0.020420058,0.011464042589068413,0.011992795392870903,0.01154047716408968
103585,fgsm_yolov5model,1.0000000000000002,0.5000000000000001,0.90283847,38.45662384674908,0.9704989194869995,0.9695068001747131,0.3094272017478943,0.10854566097259521,409470,0.020672638,0.011854402720928192,0.011954288929700851,0.011924964375793934
446651,fgsm_yolov5model,0.8787878787878789,0.4772727272727273,0.91082555,38.629704921383656,0.9789494872093201,0.9891135692596436,0.28538966178894043,0.07057017087936401,400652,0.01998993,0.011452026665210724,0.01145514752715826,0.01148095354437828
339870,fgsm_yolov5model,0.7727272727272729,0.6060606060606062,0.9137089,38.42096578823095,0.9729584455490112,0.9731090664863586,0.3038679361343384,0.11326020956039429,409580,0.02077139,0.011988089419901371,0.011991155333817005,0.011987042613327503
80666,fgsm_yolov5model,0.5000000000000001,0.20000000000000004,0.9604747,38.60215830355243,0.9917015433311462,0.9920523166656494,0.0897260382771492,0.02283424139022827,409570,0.020288887,0.01162230595946312,0.011649902909994125,0.011395404115319252
33707,fgsm_yolov5model,0.5454545454545455,0.18181818181818185,0.9658611,38.62636880586883,0.992363691329956,0.9960902333259583,0.1434863656759262,0.023445487022399902,409381,0.02011799,0.011567642912268639,0.011594188399612904,0.011557254008948803
255749,fgsm_yolov5model,1.0000000000000002,0.5000000000000001,0.87812895,39.09539138244113,0.9756753444671631,0.9470683932304382,0.34354367852211,0.12036943435668945,377049,0.018244252,0.010374631732702255,0.010383358225226402,0.01041850820183754
526392,fgsm_yolov5model,0.7272727272727274,0.4848484848484849,0.9217398,38.418358053830126,0.9774698615074158,0.9901120066642761,0.2826891541481018,0.0845634937286377,409594,0.020778816,0.011997425928711891,0.011996178887784481,0.011994123458862305
580757,fgsm_yolov5model,1.0000000000000002,0.5000000000000001,0.9301408,38.44211618458858,0.9777633547782898,0.9896068572998047,0.24096035957336426,0.07435441017150879,409549,0.020710833,0.011928882449865341,0.011936631053686142,0.011942136101424694
148719,fgsm_yolov5model,0.5151515151515152,0.4242424242424243,0.9555047,38.43634753734317,0.9855660796165466,0.996659517288208,0.16786441206932068,0.046785831451416016,409553,0.020727253,0.01195505354553461,0.011950437910854816,0.011949744075536728
108440,fgsm_yolov5model,0.5000000000000001,0.3333333333333334,0.92269015,38.58780836956775,0.9777633547782898,0.9863473176956177,0.2763877809047699,0.09000569581985474,403188,0.020167615,0.011559078469872475,0.011585909873247147,0.011521103791892529
579818,fgsm_yolov5model,0.5000000000000001,0.0,0.92141247,38.42821396840718,0.9736241102218628,0.98747718334198,0.2990300953388214,0.10003876686096191,409581,0.020750832,0.011978216469287872,0.01197361946105957,0.011963358148932457
323828,fgsm_yolov5model,0.3333333333333334,0.045454545454545456,0.9478907,38.4500384158176,0.9826918840408325,0.996163010597229,0.20597289502620697,0.05997109413146973,409587,0.020690883,0.011923352256417274,0.01190849207341671,0.011918573640286922
166287,fgsm_yolov5model,0.9121212121212123,0.8468214756258235,0.9109904,38.41893382274202,0.9715564250946045,0.9747783541679382,0.32882922887802124,0.11272180080413818,409600,0.020777848,0.011988983489573002,0.011998412199318409,0.011995697394013405
196759,fgsm_yolov5model,1.0000000000000002,0.6666666666666669,0.9173753,38.48763106174215,0.9762066602706909,0.9841765761375427,0.2678278684616089,0.06858420372009277,407606,0.020536754,0.011816735379397869,0.011815600097179413,0.011847228743135929
61418,fgsm_yolov5model,0.6363636363636365,0.4242424242424243,0.94294286,38.4163720518269,0.982470691204071,0.9948875904083252,0.24199241399765015,0.0907142162322998,409600,0.020784622,0.012000000104308128,0.011999998241662979,0.011999998241662979
526751,fgsm_yolov5model,0.27272727272727276,0.1696969696969697,0.9302726,38.446368488627975,0.9758948087692261,0.9891957640647888,0.25957998633384705,0.09083878993988037,409529,0.020701645,0.011901991441845894,0.01195606216788292,0.01191556453704834
277020,fgsm_yolov5model,0.4242424242424243,0.3636363636363637,0.88382345,38.756004413867615,0.9728052020072937,0.955461859703064,0.34140586853027344,0.11571812629699707,394885,0.019535033,0.011137004010379314,0.011098832823336124,0.011225149966776371
183716,fgsm_yolov5model,0.6666666666666669,0.6161616161616162,0.9244315,38.48378659405939,0.9802261590957642,0.9901971220970154,0.23955172300338745,0.06172621250152588,408139,0.02054963,0.011826268397271633,0.01182569470256567,0.011839857324957848
8532,fgsm_yolov5model,1.0000000000000002,0.5000000000000001,0.90911865,38.418072049963385,0.9726301431655884,0.9751914143562317,0.360664427280426,0.1096569299697876,409596,0.020779986,0.01199872512370348,0.011996877379715443,0.011993258260190487
68409,fgsm_yolov5model,0.4848484848484849,0.3646694214876033,0.9205485,38.44013676617085,0.9706796407699585,0.94366055727005,0.34004467725753784,0.11569571495056152,409566,0.020717273,0.011927016079425812,0.011932768858969212,0.011965375393629074
11051,fgsm_yolov5model,1.0000000000000002,0.6666666666666669,0.907866,38.449133918851665,0.9744760394096375,0.9675272107124329,0.2966804504394531,0.09377121925354004,409599,0.020696828,0.011990170925855637,0.011943592689931393,0.011842863634228706
66038,fgsm_yolov5model,0.6136363636363638,0.4436363636363637,0.9452329,38.534502714191674,0.9832875728607178,0.9925308227539062,0.20094718039035797,0.045056819915771484,409477,0.02046267,0.01150696724653244,0.011843254789710045,0.011798257939517498
360960,fgsm_yolov5model,0.9090909090909093,0.587878787878788,0.9022711,38.56782775749825,0.9733251929283142,0.9746603965759277,0.31916195154190063,0.09010815620422363,404304,0.020233322,0.011624101549386978,0.01163471583276987,0.01167140994220972
504589,fgsm_yolov5model,1.0000000000000002,0.6666666666666669,0.93974584,38.46763848144468,0.9799468517303467,0.991366982460022,0.24423113465309143,0.08210515975952148,409600,0.020642197,0.01199568621814251,0.011886903084814548,0.011747755110263824
464522,fgsm_yolov5model,0.5454545454545455,0.27272727272727276,0.92220044,38.5047655710194,0.9799554347991943,0.9872866272926331,0.28499314188957214,0.06344640254974365,408088,0.02050421,0.011790348216891289,0.011806012131273746,0.011769167147576809
141671,fgsm_yolov5model,0.36363636363636365,0.18181818181818182,0.9253011,38.41757722464088,0.9731717109680176,0.9929866194725037,0.3395255208015442,0.17286550998687744,409591,0.020780982,0.011997735127806664,0.011996672488749027,0.01199703011661768
272566,fgsm_yolov5model,0.36363636363636365,0.33571428571428574,0.9575512,38.47373487662971,0.9859012961387634,0.9971588850021362,0.16681355237960815,0.045282602310180664,409595,0.020631345,0.011853068135678768,0.011929319240152836,0.011774747632443905
72795,fgsm_yolov5model,0.5393939393939394,0.3432556080283353,0.9519937,38.43952728841461,0.9855579733848572,0.9949259757995605,0.17171084880828857,0.074668288230896,409530,0.02071873,0.01193271204829216,0.01195856835693121,0.011937158182263374
43816,fgsm_yolov5model,1.0000000000000002,0.8000000000000002,0.9375976,38.43488343044444,0.9786254167556763,0.9905310273170471,0.23435625433921814,0.05615109205245972,409598,0.020734709,0.011938023380935192,0.011972581967711449,0.01195919793099165
455555,fgsm_yolov5model,1.0000000000000002,0.4000000000000001,0.9384666,38.61173643886113,0.9878243207931519,0.9914847016334534,0.19436243176460266,0.059432029724121094,400485,0.020042587,0.011498956941068172,0.011505966074764729,0.011493232101202011
535306,fgsm_yolov5model,1.0000000000000002,0.6666666666666669,0.9275071,38.42424593836719,0.9770094156265259,0.9915016293525696,0.2687195837497711,0.07200467586517334,409595,0.020763567,0.01196927297860384,0.0119888661429286,0.011994068510830402
30504,fgsm_yolov5model,1.0000000000000002,0.7500000000000002,0.9408547,38.42405608564592,0.9834508895874023,0.9939402341842651,0.20053499937057495,0.05892157554626465,409598,0.020763442,0.011969060637056828,0.01198846660554409,0.011990322731435299
530052,fgsm_yolov5model,0.2727272727272727,0.19204545454545455,0.93350583,38.63000670914899,0.9821951389312744,0.9944987297058105,0.22438721358776093,0.06096160411834717,408645,0.020172186,0.01165893767029047,0.011646008118987083,0.011211452074348927
283113,fgsm_yolov5model,1.0000000000000002,0.3333333333333334,0.9285683,38.41981312482817,0.9804803133010864,0.9925412535667419,0.2545364797115326,0.06015324592590332,409600,0.02077543,0.011991400271654129,0.011999953538179398,0.011986344121396542
567640,fgsm_yolov5model,0.7500000000000002,0.7121212121212122,0.92829704,38.44157430175153,0.9789106249809265,0.993222177028656,0.2317943125963211,0.065451979637146,409391,0.020709941,0.011936672031879425,0.01195352990180254,0.01192558091133833
410456,fgsm_yolov5model,0.4242424242424243,0.3636363636363637,0.9440026,38.44109093488196,0.983328104019165,0.9936965703964233,0.1858055591583252,0.04595327377319336,409586,0.02071873,0.011908202432096004,0.011984302662312984,0.011933665722608566
279541,fgsm_yolov5model,0.9545454545454548,0.12181818181818183,0.9341828,38.48740516460181,0.9809423685073853,0.9906123280525208,0.2208004891872406,0.05909538269042969,409528,0.020591933,0.01196368969976902,0.011891160160303116,0.011665509082376957
885,fgsm_yolov5model,0.8181818181818183,0.5925925925925927,0.89712256,38.418110822449385,0.9668349623680115,0.9346822500228882,0.3571528196334839,0.13511276245117188,409599,0.020779891,0.011993004940450191,0.0119968606159091,0.011997821740806103
378284,fgsm_yolov5model,0.5090909090909091,0.3787878787878789,0.9280289,38.4264616871003,0.979865550994873,0.9922624826431274,0.2518981099128723,0.07312881946563721,409581,0.020756355,0.011991982348263264,0.011990013532340527,0.011951396241784096
56344,fgsm_yolov5model,0.7090909090909092,0.6878787878787879,0.91083163,38.45432799226157,0.9767429232597351,0.9811677932739258,0.3002537488937378,0.08798450231552124,409508,0.020672252,0.011931345798075199,0.011910175904631615,0.011912145651876926
16958,fgsm_yolov5model,0.6666666666666669,0.5000000000000001,0.9207681,38.44125080718133,0.9766812324523926,0.9856424331665039,0.27085575461387634,0.08310824632644653,409529,0.020713735,0.01196830254048109,0.011957984417676926,0.011899338103830814
106235,fgsm_yolov5model,0.2545454545454546,0.19191919191919193,0.93670726,38.496781302161395,0.9799270033836365,0.985427975654602,0.250831663608551,0.06254255771636963,409597,0.020561554,0.01177698653191328,0.011726565659046173,0.01192432176321745
259690,fgsm_yolov5model,0.22077922077922082,0.2140909090909091,0.9526205,38.4822404419543,0.9852335453033447,0.9945366382598877,0.18159544467926025,0.040717124938964844,409499,0.020587005,0.01187233254313469,0.011851322837173939,0.011849584989249706
235836,fgsm_yolov5model,0.8787878787878789,0.7500000000000002,0.9490919,38.43721100404175,0.9833824038505554,0.9960657358169556,0.1876400262117386,0.04949676990509033,409591,0.020727819,0.011939683929085732,0.011968045495450497,0.011942858807742596
513283,fgsm_yolov5model,0.41818181818181827,0.31818181818181823,0.9217283,38.447217575356035,0.9814009070396423,0.9848794937133789,0.28093624114990234,0.0689467191696167,409354,0.020694222,0.011966032907366753,0.011953363195061684,0.011860541999340057
371677,fgsm_yolov5model,0.6666666666666669,0.4810606060606061,0.9276522,38.43719086314067,0.9798431396484375,0.9893524050712585,0.24734771251678467,0.0659559965133667,409593,0.020728268,0.011935735121369362,0.01195997279137373,0.011955888010561466
497599,fgsm_yolov5model,0.6363636363636365,0.4772727272727273,0.9167821,38.416524143321595,0.9765610098838806,0.9878110885620117,0.2989893853664398,0.07438921928405762,409600,0.020784205,0.011999685317277908,0.011999609880149364,0.011999622918665409
232684,fgsm_yolov5model,1.0000000000000002,0.25000000000000006,0.8091034,39.82380859281988,0.96886146068573,0.8543235659599304,0.39186257123947144,0.1717463731765747,342947,0.015940048,0.008818861097097397,0.008716222830116749,0.0086735300719738
519522,fgsm_yolov5model,0.6363636363636365,0.4545454545454545,0.9158669,38.45116789204378,0.9728686809539795,0.9591004848480225,0.30101466178894043,0.0969705581665039,409555,0.020686701,0.011916041374206543,0.01190025545656681,0.011932077817618847
144784,fgsm_yolov5model,1.0000000000000002,0.5000000000000001,0.91773343,38.4164107213919,0.9777548313140869,0.9864627122879028,0.27894240617752075,0.07215923070907593,409600,0.020784521,0.012000005692243576,0.011999930255115032,0.011999872513115406
167486,fgsm_yolov5model,0.3106060606060606,0.1774891774891775,0.9321966,38.57691249947618,0.9817286729812622,0.9900463223457336,0.2337556779384613,0.057586073875427246,409039,0.020330044,0.011801183223724365,0.011765305884182453,0.01130224484950304
392228,fgsm_yolov5model,1.0000000000000002,0.5000000000000001,0.910768,38.60757725365382,0.9722957015037537,0.9445253610610962,0.3053094744682312,0.08055567741394043,409600,0.020298872,0.01199367642402649,0.011978699825704098,0.010809230618178844
488673,fgsm_yolov5model,0.3636363636363637,0.32727272727272727,0.9288184,38.428799444649904,0.980793833732605,0.9900205731391907,0.21920621395111084,0.05765640735626221,409478,0.020747142,0.011977475136518478,0.011970918625593185,0.011960952542722225
191013,fgsm_yolov5model,0.9318181818181821,0.42929292929292934,0.9274122,38.427189787884856,0.9787442088127136,0.9883526563644409,0.22667120397090912,0.054978251457214355,409598,0.020756131,0.011977292597293854,0.011995558626949787,0.011949342675507069
80057,fgsm_yolov5model,1.0000000000000002,0.3333333333333334,0.9158826,38.41798759910223,0.975495457649231,0.9844526648521423,0.30233901739120483,0.060798048973083496,409600,0.020780332,0.011997261084616184,0.011998236179351807,0.01199299655854702
570169,fgsm_yolov5model,1.0000000000000002,0.0,0.9111383,38.42182671290353,0.975320041179657,0.9809117317199707,0.32225194573402405,0.07100194692611694,409598,0.020769987,0.011989817954599857,0.01197920460253954,0.011996296234428883
102707,fgsm_yolov5model,0.6666666666666669,0.5000000000000001,0.9553718,38.41681754465993,0.9896957278251648,0.9931244850158691,0.14057651162147522,0.022922635078430176,409600,0.020783465,0.011999780312180519,0.011999500915408134,0.011998175643384457
232563,fgsm_yolov5model,0.6666666666666669,0.38636363636363646,0.9228638,38.496860702706606,0.9769160151481628,0.9813011288642883,0.2606992721557617,0.09164679050445557,409211,0.020541908,0.011845316737890244,0.011853035539388657,0.011762373149394989
32285,fgsm_yolov5model,1.0000000000000002,0.5000000000000001,0.9037933,38.423000764808485,0.9697296619415283,0.958545982837677,0.32640954852104187,0.1488741636276245,409584,0.020766111,0.011994962580502033,0.011991500854492188,0.011966760270297527
520910,fgsm_yolov5model,1.0000000000000002,0.7500000000000002,0.90201503,38.42236982585937,0.9687910079956055,0.9185001850128174,0.3293890953063965,0.12049651145935059,409600,0.020768713,0.011969693936407566,0.011990207247436047,0.011999156326055527
206411,fgsm_yolov5model,1.0000000000000002,0.6666666666666669,0.9093762,38.41637988254736,0.9742134809494019,0.9838135242462158,0.31088876724243164,0.08388155698776245,409600,0.0207846,0.012000000104308128,0.012000000104308128,0.01199996005743742
17436,fgsm_yolov5model,1.0000000000000002,0.5000000000000001,0.93733215,38.532341274810314,0.9815337657928467,0.9926590323448181,0.23137378692626953,0.07382071018218994,409188,0.020455278,0.011885085143148899,0.011803694069385529,0.011434907093644142
177934,fgsm_yolov5model,0.8000000000000002,0.37272727272727274,0.9511381,38.58004340133695,0.9850644469261169,0.9941872954368591,0.1871722936630249,0.052157700061798096,409379,0.02032359,0.011884079314768314,0.011437525972723961,0.01153564453125
571718,fgsm_yolov5model,0.40909090909090917,0.35919191919191923,0.94113684,38.45884708817357,0.9826446771621704,0.9940980672836304,0.22355204820632935,0.0766248106956482,409282,0.020656548,0.011851961724460125,0.011934089474380016,0.011929938569664955
134886,fgsm_yolov5model,0.7575757575757578,0.6136363636363638,0.89824533,38.41662668573514,0.9664199352264404,0.9277859330177307,0.4075106084346771,0.15145307779312134,409600,0.020783925,0.011999671347439289,0.011999309062957764,0.01199917122721672
485895,fgsm_yolov5model,1.0000000000000002,0.3333333333333334,0.93081117,38.417929717045745,0.9779417514801025,0.9914796352386475,0.2695463001728058,0.08722424507141113,409600,0.020780597,0.011999418959021568,0.011999864131212234,0.011991459876298904
287545,fgsm_yolov5model,1.0000000000000002,0.3333333333333334,0.93113726,38.4387982811002,0.9804713129997253,0.9926298260688782,0.24814876914024353,0.05375468730926514,408887,0.020705042,0.011945157311856747,0.011946175247430801,0.011936678551137447
577182,fgsm_yolov5model,0.8181818181818183,0.5000000000000001,0.94640905,38.44686467688502,0.9835232496261597,0.997140645980835,0.20308899879455566,0.06300914287567139,409525,0.02069593,0.011953268200159073,0.011921768076717854,0.011902756989002228
289222,fgsm_yolov5model,0.7878787878787881,0.590909090909091,0.92317885,38.41875328790086,0.9790136814117432,0.9888851642608643,0.2523018717765808,0.08319169282913208,409599,0.020778205,0.011990344151854515,0.011994180269539356,0.01199699379503727
372819,fgsm_yolov5model,0.7500000000000002,0.5000000000000001,0.9533949,38.42262140793602,0.9816561937332153,0.9961876273155212,0.20252946019172668,0.06870806217193604,409590,0.020766959,0.01198812760412693,0.011983821168541908,0.011980912648141384
430875,fgsm_yolov5model,1.0000000000000002,0.6363636363636365,0.8848348,38.42126824987832,0.9582561254501343,0.9273650050163269,0.4532868266105652,0.17421090602874756,409599,0.020771127,0.011983174830675125,0.011991448700428009,0.011993166990578175
420916,fgsm_yolov5model,0.6666666666666669,0.6000000000000002,0.9362419,38.43341164713995,0.978286623954773,0.9933038353919983,0.25149691104888916,0.07581722736358643,409573,0.02073671,0.011972317472100258,0.011955640278756618,0.011953413486480713
453584,fgsm_yolov5model,0.5000000000000001,0.39393939393939403,0.9424234,38.437532682731586,0.9805127382278442,0.9917101860046387,0.20917436480522156,0.05353903770446777,409450,0.020720031,0.011955194175243378,0.01194748841226101,0.01194949820637703
122606,fgsm_yolov5model,1.0000000000000002,0.6666666666666669,0.94101304,38.470702677698476,0.9827303886413574,0.9914849400520325,0.19578877091407776,0.05662202835083008,409514,0.020632422,0.011800400912761688,0.01191019732505083,0.011903212405741215
311909,fgsm_yolov5model,1.0000000000000002,0.5000000000000001,0.94156283,38.514976279528376,0.9841291904449463,0.9922837018966675,0.19541683793067932,0.050757408142089844,409444,0.020503214,0.011721956543624401,0.011770904064178467,0.011820118874311447
579893,fgsm_yolov5model,1.0000000000000002,0.5000000000000001,0.9216461,38.41678870568933,0.9768130779266357,0.9873318672180176,0.32012075185775757,0.08560985326766968,409600,0.02078352,0.01199872512370348,0.011999261565506458,0.011999495327472687
284296,fgsm_yolov5model,1.0000000000000002,0.5000000000000001,0.94590586,38.45429251819311,0.9817276000976562,0.9925321340560913,0.22275860607624054,0.06988799571990967,409598,0.020683303,0.011801693588495255,0.011932537890970707,0.011972363106906414
284991,fgsm_yolov5model,0.5000000000000001,0.0,0.90361446,38.50844587960332,0.974105715751648,0.9720823764801025,0.3339528441429138,0.09142029285430908,405373,0.020435113,0.011766786687076092,0.011765547096729279,0.01175315398722887
225532,fgsm_yolov5model,0.2727272727272727,0.2181818181818182,0.905906,38.419086823146095,0.9731460809707642,0.9602209329605103,0.3388640880584717,0.09273672103881836,409600,0.020777611,0.011994673870503902,0.01199996005743742,0.011988511309027672
13659,fgsm_yolov5model,0.7402597402597404,0.4817001180637545,0.93165463,38.42678293146568,0.9826847910881042,0.9921254515647888,0.21321706473827362,0.05707496404647827,409563,0.020754425,0.011982984840869904,0.011984672397375107,0.011964411474764347
419096,fgsm_yolov5model,1.0000000000000002,0.0,0.93612796,38.416912431491916,0.9833127856254578,0.9915114045143127,0.266711562871933,0.05465620756149292,409600,0.020783227,0.011999842710793018,0.011996840126812458,0.011999917216598988
203488,fgsm_yolov5model,0.6666666666666669,0.5000000000000001,0.9154975,38.4285901340395,0.9741525650024414,0.9730541706085205,0.296615332365036,0.08951038122177124,409594,0.020751406,0.011994345113635063,0.011982331052422523,0.011934089474380016
361268,fgsm_yolov5model,1.0000000000000002,0.25000000000000006,0.946022,38.468104794962635,0.9819947481155396,0.9913519620895386,0.20285502076148987,0.0557551383972168,409554,0.020647213,0.011958894319832325,0.011964053846895695,0.011735520325601101
414795,fgsm_yolov5model,0.6272727272727273,0.3545454545454546,0.9500451,38.427319589732946,0.9843024015426636,0.9952760934829712,0.18379703164100647,0.06110042333602905,409597,0.020754702,0.011983816511929035,0.01197795383632183,0.011954732239246368
253386,fgsm_yolov5model,1.0000000000000002,0.5000000000000001,0.89850384,38.686038930983024,0.9756613969802856,0.9793134331703186,0.34059828519821167,0.0844954252243042,398941,0.019792883,0.011319916695356369,0.011361093260347843,0.011349913664162159
222991,fgsm_yolov5model,1.0000000000000002,0.5000000000000001,0.92864245,38.43653656222179,0.9764599800109863,0.9825236797332764,0.24402396380901337,0.07509756088256836,409583,0.020727215,0.011940195225179195,0.011978250928223133,0.011940709315240383
338624,fgsm_yolov5model,0.681818181818182,0.518939393939394,0.92960954,38.491181300945684,0.9755969047546387,0.9909096360206604,0.27761560678482056,0.08314383029937744,408703,0.020553706,0.011812147684395313,0.011806828901171684,0.011840395629405975
263463,fgsm_yolov5model,0.25000000000000006,0.0,0.9286366,38.46181803426918,0.9800955057144165,0.9895812273025513,0.2635185122489929,0.07280141115188599,409029,0.020646317,0.01186294574290514,0.011928298510611057,0.011900615878403187
226592,fgsm_yolov5model,0.5000000000000001,0.25000000000000006,0.94630504,38.46744594823368,0.9851092100143433,0.9946243166923523,0.17798471450805664,0.05281352996826172,409525,0.020645984,0.011863002553582191,0.011917181313037872,0.011827750131487846
20059,fgsm_yolov5model,1.0000000000000002,0.5000000000000001,0.9520235,38.46944438906125,0.9833554625511169,0.9953402876853943,0.20934590697288513,0.0713912844657898,409533,0.020637494,0.011854877695441246,0.011847980320453644,0.011902268044650555
227686,fgsm_yolov5model,1.0000000000000002,0.3333333333333334,0.94529986,38.50963490205258,0.9820190668106079,0.9957740902900696,0.20584577322006226,0.07095837593078613,408461,0.020492503,0.011855039745569229,0.011804011650383472,0.011691913940012455
439522,fgsm_yolov5model,1.0000000000000002,0.5000000000000001,0.9007576,38.49856735309527,0.969334065914154,0.9368534088134766,0.32901859283447266,0.12265753746032715,409592,0.020574674,0.0119891706854105,0.011981945484876633,0.011551134288311005
26690,fgsm_yolov5model,0.5730027548209368,0.5676767676767678,0.909167,38.50886834949296,0.9750954508781433,0.9772050380706787,0.28371286392211914,0.07635986804962158,407276,0.020482741,0.011811656877398491,0.011861566454172134,0.011642497964203358
99810,fgsm_yolov5model,0.5681818181818183,0.5000000000000001,0.89796025,38.41642346679466,0.9673612117767334,0.9566695094108582,0.4075464904308319,0.12998926639556885,409600,0.02078448,0.01199974026530981,0.011999955400824547,0.011999998241662979
89670,fgsm_yolov5model,0.25000000000000006,0.20000000000000004,0.90702087,38.417376146439146,0.9733529090881348,0.9789133071899414,0.3531966805458069,0.09343206882476807,409600,0.020782,0.011999556794762611,0.011999376118183136,0.011994550004601479
12576,fgsm_yolov5model,0.8441558441558443,0.71875,0.9484062,38.445647260150054,0.9859374761581421,0.9947072863578796,0.17743231356143951,0.04847043752670288,409397,0.02069848,0.011916880495846272,0.01191229559481144,0.011961724609136581
361238,fgsm_yolov5model,0.3766233766233767,0.3295454545454546,0.9314957,38.55765087804193,0.9822692275047302,0.9931803941726685,0.20976734161376953,0.06012284755706787,409219,0.020407131,0.011850318871438503,0.011692116037011147,0.011478123255074024
108253,fgsm_yolov5model,0.5056818181818183,0.4643939393939395,0.9244671,38.521150775780704,0.9807950854301453,0.9860922694206238,0.23732921481132507,0.06261944770812988,408544,0.020476026,0.011908109299838543,0.011856462806463242,0.011503176763653755
47740,fgsm_yolov5model,0.27272727272727276,0.18181818181818185,0.93043786,38.417416631533634,0.9764394164085388,0.9920784831047058,0.2869405448436737,0.08561217784881592,409600,0.020781796,0.011996266432106495,0.011998086236417294,0.011998141184449196
181303,fgsm_yolov5model,0.3333333333333334,0.25000000000000006,0.93210155,38.42803610477184,0.9754083156585693,0.9929377436637878,0.2781357765197754,0.08114022016525269,409598,0.020752465,0.011981100775301456,0.01197426114231348,0.011956064961850643
536947,fgsm_yolov5model,0.3090909090909092,0.2828282828282829,0.93340564,38.45650107560749,0.9809474945068359,0.9904637932777405,0.22124944627285004,0.079947829246521,408651,0.020650676,0.011886182241141796,0.011896807700395584,0.01190778985619545
380913,fgsm_yolov5model,0.5454545454545455,0.5,0.9330223,38.497059421635875,0.9821979999542236,0.9933616518974304,0.22614207863807678,0.08172929286956787,408561,0.020532452,0.011699399910867214,0.011889171786606312,0.011834573931992054
32887,fgsm_yolov5model,0.6666666666666669,0.3750000000000001,0.9459745,38.42314064498261,0.9846605062484741,0.9944695830345154,0.23413479328155518,0.07405126094818115,409599,0.02076612,0.011994213797152042,0.011987247504293919,0.011970465071499348
517687,fgsm_yolov5model,0.5000000000000001,0.3333333333333334,0.9266588,38.463136654830194,0.975843608379364,0.9901997447013855,0.2732693552970886,0.08447450399398804,409314,0.02064681,0.011890125460922718,0.011877684853971004,0.011896428652107716
213035,fgsm_yolov5model,0.8787878787878789,0.8484848484848486,0.8997275,38.63209197220752,0.9725548624992371,0.954517662525177,0.33307158946990967,0.11370795965194702,404575,0.020009551,0.011535907164216042,0.0115199014544487,0.011502495035529137
399205,fgsm_yolov5model,0.8181818181818183,0.3376623376623377,0.9572783,38.44799352358606,0.9871721267700195,0.9966961741447449,0.15199315547943115,0.050972700119018555,409549,0.020696625,0.011900970712304115,0.011928992345929146,0.011934003792703152
349837,fgsm_yolov5model,1.0000000000000002,0.8181818181818183,0.8986294,38.416535548556425,0.9669638872146606,0.9532086253166199,0.38385167717933655,0.17151868343353271,409600,0.020784184,0.011999943293631077,0.011999566107988358,0.011999544687569141
350002,fgsm_yolov5model,0.5000000000000001,0.20000000000000004,0.9201751,38.416397174073865,0.9761349558830261,0.9879525899887085,0.27138054370880127,0.07596766948699951,409600,0.020784548,0.011999976821243763,0.011999929323792458,0.011999907903373241
57150,fgsm_yolov5model,0.30303030303030304,0.2234356552538371,0.92135835,38.4219764220239,0.9783117175102234,0.9877247214317322,0.27004095911979675,0.06640148162841797,409600,0.020768031,0.011993775144219398,0.01198236271739006,0.01198598649352789
363666,fgsm_yolov5model,0.3295454545454546,0.2945690672963401,0.9324531,38.48836017300973,0.9807016253471375,0.993232011795044,0.21660476922988892,0.06702554225921631,409527,0.020590615,0.011617801152169704,0.011963963508605957,0.011896512471139431
507235,fgsm_yolov5model,0.18181818181818185,0.07792207792207793,0.95329046,38.42851485866645,0.9910237193107605,0.9951817393302917,0.15181607007980347,0.01791912317276001,409594,0.020749163,0.011982307769358158,0.01197137963026762,0.011967591010034084
226417,fgsm_yolov5model,0.6590909090909092,0.528409090909091,0.9392426,38.41717694121209,0.981428861618042,0.9942594170570374,0.2396257519721985,0.07670462131500244,409600,0.020782422,0.011997959576547146,0.011997864581644535,0.011999263428151608
481573,fgsm_yolov5model,0.3333333333333334,0.1666666666666667,0.92051417,38.95767815871843,0.9842819571495056,0.9941094517707825,0.18130654096603394,0.03949904441833496,398444,0.019080617,0.010368365794420242,0.010819784365594387,0.010990857146680355
56127,fgsm_yolov5model,0.28484848484848485,0.2424242424242425,0.9429498,38.61852876024783,0.9911543726921082,0.9926102757453918,0.1261366903781891,0.04367893934249878,403174,0.02008021,0.01157174352556467,0.011542192660272121,0.011365154758095741
274687,fgsm_yolov5model,0.3333333333333334,0.20000000000000004,0.9446865,38.435261725643784,0.9836136698722839,0.9876989126205444,0.19846388697624207,0.047714054584503174,409598,0.020733578,0.011955623514950275,0.011957842856645584,0.011945006437599659
164637,fgsm_yolov5model,1.0000000000000002,0.20000000000000004,0.93209535,38.42055585715216,0.9801346659660339,0.9889872670173645,0.1997046023607254,0.07482630014419556,409592,0.020772804,0.011993602849543095,0.011991164647042751,0.01198422908782959
178028,fgsm_yolov5model,0.5090909090909091,0.19318181818181823,0.91873306,38.48397946080306,0.9788357019424438,0.9862773418426514,0.26019564270973206,0.07537269592285156,409589,0.020610597,0.01191345788538456,0.0119969192892313,0.011656791903078556
348216,fgsm_yolov5model,0.5454545454545455,0.31818181818181823,0.9163764,38.53854932240772,0.976677656173706,0.9770073890686035,0.2807599604129791,0.09267622232437134,408347,0.02038717,0.011752510443329811,0.011746440082788467,0.011741405352950096
102644,fgsm_yolov5model,1.0000000000000002,0.20000000000000004,0.8986476,38.4164317477342,0.9696043729782104,0.9672072529792786,0.34466320276260376,0.13970565795898438,409600,0.02078446,0.01199990976601839,0.011999838054180145,0.011999906040728092
581615,fgsm_yolov5model,1.0000000000000002,0.5000000000000001,0.90964025,38.417059703220396,0.9726389646530151,0.9714423418045044,0.2835032045841217,0.07129228115081787,409599,0.020782754,0.01199850533157587,0.011997511610388756,0.011999359354376793
279887,fgsm_yolov5model,0.4181818181818182,0.148989898989899,0.9303627,38.46273795588252,0.9798151254653931,0.993373453617096,0.24123558402061462,0.06809169054031372,409574,0.020658845,0.01182464137673378,0.011929533444344997,0.011902508325874805
102356,fgsm_yolov5model,0.5000000000000001,0.3333333333333334,0.9198764,38.44152141117953,0.9754993319511414,0.9876788854598999,0.2625313997268677,0.05959510803222656,409600,0.020716283,0.011885397136211395,0.011974681168794632,0.0119577432051301
456394,fgsm_yolov5model,0.7727272727272729,0.1333333333333333,0.93801117,38.43360904037178,0.9845912456512451,0.9933222532272339,0.22583192586898804,0.05401003360748291,409597,0.020738753,0.01194749865680933,0.011991152539849281,0.011951562948524952
323709,fgsm_yolov5model,1.0000000000000002,0.5000000000000001,0.8988771,38.43302077160026,0.9655517935752869,0.9179659485816956,0.3849460482597351,0.12462007999420166,409393,0.020732222,0.011956071481108665,0.01195647194981575,0.01197072770446539
579158,fgsm_yolov5model,0.3333333333333334,0.14545454545454548,0.9394962,38.426081724110205,0.9841766357421875,0.9936686754226685,0.2029452919960022,0.05481398105621338,409539,0.020755436,0.01197484228760004,0.011973734013736248,0.011982914991676807
525322,fgsm_yolov5model,1.0000000000000002,0.5454545454545455,0.8869111,38.41827827802777,0.9583510160446167,0.8680000901222229,0.42998671531677246,0.19453883171081543,409600,0.020779582,0.011987430974841118,0.011998746544122696,0.01199980266392231
33114,fgsm_yolov5model,0.5000000000000001,0.30545454545454553,0.911218,38.41639281989903,0.9712880849838257,0.9768692851066589,0.3428795635700226,0.10317480564117432,409600,0.020784564,0.011999952606856823,0.011999886482954025,0.012000002898275852
8690,fgsm_yolov5model,0.22727272727272727,0.1090909090909091,0.94477797,38.70738502973337,0.9846112728118896,0.9909362196922302,0.19491815567016602,0.06159484386444092,402480,0.019816678,0.011280059814453125,0.011257749050855637,0.011341281235218048
381639,fgsm_yolov5model,0.45454545454545464,0.3560606060606061,0.9629478,38.67123355868571,0.9916030168533325,0.9893271923065186,0.11056119203567505,0.019123375415802002,398678,0.019846145,0.011305054649710655,0.011323255486786366,0.011379958130419254
468124,fgsm_yolov5model,0.6666666666666669,0.5000000000000001,0.93878525,38.43049718033774,0.9816036224365234,0.9922943115234375,0.22772358357906342,0.05181664228439331,409593,0.020746255,0.01198388822376728,0.011989865452051163,0.011919178999960423
187144,fgsm_yolov5model,0.5272727272727273,0.43073593073593086,0.9340081,38.633687401008714,0.9796015024185181,0.984699547290802,0.247812420129776,0.06883525848388672,402024,0.020020343,0.01153331995010376,0.01150042749941349,0.011324634775519371
273198,fgsm_yolov5model,0.8787878787878789,0.5272727272727273,0.9429186,38.43037188564077,0.9832824468612671,0.9943003058433533,0.20827704668045044,0.04187583923339844,409429,0.020741208,0.011949634179472923,0.011979281902313232,0.011976700276136398
95843,fgsm_yolov5model,1.0000000000000002,0.3333333333333334,0.9134752,38.512517472776764,0.9744762182235718,0.98258376121521,0.2975696325302124,0.08435666561126709,408634,0.020485928,0.011703958734869957,0.0118853859603405,0.011747974902391434
417779,fgsm_yolov5model,0.6590909090909092,0.43939393939393945,0.941117,38.41985503847782,0.980909526348114,0.99260413646698,0.21971076726913452,0.05341219902038574,409600,0.020775309,0.01198951993137598,0.011996455490589142,0.011987585574388504
490125,fgsm_yolov5model,0.6555944055944057,0.43706293706293714,0.9299939,38.431247028596125,0.977717399597168,0.9912625551223755,0.27275681495666504,0.08075225353240967,409396,0.020736868,0.01195401232689619,0.01196836493909359,0.01197426114231348
561009,fgsm_yolov5model,1.0000000000000002,0.0,0.9113195,38.416375887434484,0.9752177596092224,0.9881067872047424,0.3568657338619232,0.1154475212097168,409600,0.02078461,0.011999993585050106,0.011999993585050106,0.011999990791082382
290248,fgsm_yolov5model,0.22824675324675328,0.20496323529411767,0.94879955,38.569006681766496,0.9851607084274292,0.9938902854919434,0.18232235312461853,0.06939566135406494,409104,0.02034065,0.011896271258592606,0.011461534537374973,0.011493716388940811
532058,fgsm_yolov5model,0.7500000000000002,0.25000000000000006,0.9171142,38.44973553368649,0.9781312942504883,0.9838238954544067,0.2648303508758545,0.08270430564880371,408668,0.020667426,0.011930577456951141,0.011902413330972195,0.011920900084078312
214200,fgsm_yolov5model,1.0000000000000002,0.6666666666666669,0.9335758,38.49465224239273,0.9797064661979675,0.9898767471313477,0.20921587944030762,0.061450839042663574,409478,0.020571135,0.011928614228963852,0.011582127772271633,0.011922035366296768
578093,fgsm_yolov5model,0.5000000000000001,0.4060606060606062,0.9463834,38.42816951051465,0.9841083288192749,0.9944640398025513,0.19209319353103638,0.07445752620697021,409587,0.020751633,0.01198623701930046,0.011968860402703285,0.011960809119045734
369751,fgsm_yolov5model,0.8181818181818183,0.5227272727272728,0.93970484,38.45176410506407,0.9798880815505981,0.9920819401741028,0.2243768870830536,0.05949556827545166,409595,0.020692224,0.011962125077843666,0.011985523626208305,0.011820095591247082
105264,fgsm_yolov5model,0.9090909090909093,0.24494949494949497,0.9221813,38.484122069450784,0.9754551649093628,0.9812074303627014,0.30818331241607666,0.07152771949768066,409594,0.020595033,0.011797771789133549,0.011757376603782177,0.011965863406658173
370711,fgsm_yolov5model,0.5681818181818183,0.18614718614718617,0.95997024,38.440183851793904,0.9873027205467224,0.9967935085296631,0.15119248628616333,0.04368424415588379,409509,0.020716691,0.011943526566028595,0.01194685697555542,0.011930939741432667
25393,fgsm_yolov5model,0.6363636363636365,0.5681818181818183,0.91137266,38.452920569135514,0.9752876162528992,0.9779183864593506,0.28531527519226074,0.08627897500991821,409296,0.020670762,0.011938231065869331,0.01192971970885992,0.011907551437616348
106757,fgsm_yolov5model,0.7727272727272729,0.27272727272727276,0.9346512,38.417504533603896,0.9781932830810547,0.9910382628440857,0.23920594155788422,0.06987708806991577,409600,0.020781612,0.011995767243206501,0.011998211033642292,0.011997788213193417
183648,fgsm_yolov5model,0.5000000000000001,0.25000000000000006,0.9385176,38.44309264527374,0.9795628786087036,0.9928065538406372,0.23395174741744995,0.07770472764968872,409461,0.020706013,0.011937474831938744,0.011927705258131027,0.011943490244448185
358525,fgsm_yolov5model,0.8484848484848486,0.6363636363636365,0.93180346,38.57561610667611,0.9821557402610779,0.9904629588127136,0.2340402603149414,0.06584930419921875,403520,0.020209825,0.011597266420722008,0.011587307788431644,0.01156243123114109
79144,fgsm_yolov5model,1.0000000000000002,0.5000000000000001,0.9556511,38.42040763615547,0.9851831197738647,0.9967666864395142,0.18989057838916779,0.0659637451171875,409600,0.02077379,0.011988072656095028,0.01199805736541748,0.011984128504991531
431727,fgsm_yolov5model,0.5454545454545455,0.5000000000000001,0.9450136,38.42501125282062,0.9830693006515503,0.9944454431533813,0.226087749004364,0.09912097454071045,409597,0.020760627,0.011983041651546955,0.011978261172771454,0.011975739151239395
215245,fgsm_yolov5model,0.8051948051948054,0.7500000000000002,0.9356374,38.44040156928358,0.978813886642456,0.9872754216194153,0.23069965839385986,0.06695270538330078,409561,0.020717427,0.011958007700741291,0.011939704418182373,0.011939246207475662
91921,fgsm_yolov5model,1.0000000000000002,0.5000000000000001,0.9561076,38.42999658484899,0.9847135543823242,0.9949662089347839,0.1841629147529602,0.05331385135650635,409597,0.020747855,0.01197289489209652,0.011981189250946045,0.01194831170141697
218424,fgsm_yolov5model,0.5454545454545455,0.3636363636363637,0.95975286,38.43691094535643,0.9858147501945496,0.9967990517616272,0.16109582781791687,0.042519330978393555,409565,0.020725857,0.011951758526265621,0.011945541016757488,0.01195308193564415
405249,fgsm_yolov5model,0.47272727272727283,0.3766233766233767,0.9383356,38.439392527261624,0.983285665512085,0.9922422766685486,0.20757992565631866,0.056027770042419434,409411,0.02071602,0.011961567215621471,0.011968228965997696,0.011917224153876305
235784,fgsm_yolov5model,1.0000000000000002,0.6666666666666669,0.9234794,38.52749305449839,0.9749401807785034,0.9726401567459106,0.303646445274353,0.08548092842102051,406489,0.020411959,0.01161754410713911,0.011742055416107178,0.011821265332400799
521540,fgsm_yolov5model,0.3333333333333334,0.0,0.92007947,38.42033458634618,0.9769467711448669,0.9839145541191101,0.26179271936416626,0.07741636037826538,409600,0.020774197,0.011998546309769154,0.011990499682724476,0.011983186937868595
119445,fgsm_yolov5model,1.0000000000000002,0.7500000000000002,0.9469444,38.44348521802249,0.9812218546867371,0.9944979548454285,0.22988492250442505,0.06558823585510254,409267,0.020699833,0.011935634538531303,0.011943893507122993,0.011919934302568436
173830,fgsm_yolov5model,1.0000000000000002,0.20000000000000004,0.9179161,38.41692026303445,0.9802370071411133,0.9819976687431335,0.2691197395324707,0.0729219913482666,409600,0.02078306,0.011998845264315605,0.011998704634606838,0.011998666450381279
435081,fgsm_yolov5model,0.2837662337662338,0.24553998632946006,0.97032636,38.452308568577834,0.9953675270080566,0.9967383146286011,0.0646616667509079,0.011369466781616211,409547,0.020683892,0.011941540986299515,0.01193150319159031,0.011893454939126968
18575,fgsm_yolov5model,0.43939393939393945,0.4285714285714287,0.94726586,38.42679692402042,0.9848697185516357,0.995058000087738,0.18981263041496277,0.03849005699157715,409556,0.020754607,0.0119871711358428,0.011985966935753822,0.011949725449085236
227765,fgsm_yolov5model,0.590909090909091,0.18939393939393945,0.929915,38.553801164478344,0.9830781817436218,0.993136465549469,0.21334367990493774,0.05443483591079712,406942,0.020350829,0.011773121543228626,0.011798505671322346,0.01140983309596777
67310,fgsm_yolov5model,0.9090909090909093,0.8818181818181821,0.94485503,38.437163086374674,0.983888566493988,0.9941837191581726,0.2013263702392578,0.061725497245788574,409595,0.020728748,0.011982571333646774,0.011980176903307438,0.011882804334163666
125936,fgsm_yolov5model,0.38636363636363646,0.25252525252525254,0.9291146,38.474372185171035,0.9801279306411743,0.9922257661819458,0.24598786234855652,0.061544954776763916,409588,0.020623,0.011911077424883842,0.011957662180066109,0.011758084408938885
389109,fgsm_yolov5model,0.43939393939393945,0.41931818181818187,0.91913486,38.61591300463082,0.9784343242645264,0.9816054701805115,0.25873374938964844,0.07375311851501465,409408,0.020251589,0.011389854364097118,0.01178037840873003,0.011423222720623016
128476,fgsm_yolov5model,0.4318181818181819,0.38275613275613285,0.9371798,38.495897170670865,0.9817838668823242,0.9934034943580627,0.22509166598320007,0.06809180974960327,409548,0.02056724,0.011805095709860325,0.011936800554394722,0.01167919859290123
414034,fgsm_yolov5model,0.6000000000000002,0.5000000000000001,0.92573875,38.42005602511154,0.9789578318595886,0.9913840889930725,0.2623240649700165,0.06707757711410522,409592,0.02077426,0.011993846856057644,0.011995098553597927,0.011985380202531815
450488,fgsm_yolov5model,0.6666666666666669,0.4000000000000001,0.91128683,38.41717187001665,0.9711810946464539,0.9696226119995117,0.3201431632041931,0.1020042896270752,409598,0.020782417,0.011999073438346386,0.011998997069895267,0.01199715118855238
99182,fgsm_yolov5model,0.6666666666666669,0.5000000000000001,0.9096716,38.573963581431364,0.9763668775558472,0.9792946577072144,0.29917681217193604,0.08098196983337402,404565,0.020227509,0.011541626416146755,0.011686258018016815,0.011667818762362003
51738,fgsm_yolov5model,0.6666666666666669,0.5000000000000001,0.9083311,38.5126743704854,0.9731262922286987,0.9727874994277954,0.34243452548980713,0.10166442394256592,409598,0.02051963,0.011836378835141659,0.01184021681547165,0.011838588863611221
99039,fgsm_yolov5model,0.3750000000000001,0.3545454545454546,0.9380824,38.5553408335842,0.9830777645111084,0.9899563789367676,0.21875286102294922,0.05731189250946045,405161,0.02029658,0.011633012443780899,0.011637218296527863,0.011692800559103489
75456,fgsm_yolov5model,1.0000000000000002,0.5000000000000001,0.91429526,38.4224106359454,0.9724239110946655,0.9511613845825195,0.31937044858932495,0.09749078750610352,409600,0.020768508,0.011998341418802738,0.011993834748864174,0.011960811913013458
134882,fgsm_yolov5model,0.4545454545454547,0.2775974025974027,0.9509332,38.56084526437411,0.9876707792282104,0.99174565076828,0.13559240102767944,0.03818690776824951,409571,0.020397164,0.011441315524280071,0.011967097409069538,0.011620020493865013
442323,fgsm_yolov5model,0.8000000000000002,0.3750000000000001,0.9102578,38.43832214018735,0.9743849039077759,0.9644999504089355,0.2671796679496765,0.08017277717590332,409528,0.020722702,0.011926579289138317,0.011957492679357529,0.011964550241827965
351823,fgsm_yolov5model,1.0000000000000002,0.4000000000000001,0.93803734,38.417620906080984,0.9825288653373718,0.9936286807060242,0.19410203397274017,0.04531204700469971,409599,0.020781182,0.011997145600616932,0.011997879482805729,0.0119957085698843
1000,fgsm_yolov5model,0.5659090909090909,0.2995337995337996,0.94727516,38.465601690127215,0.9852167367935181,0.9945932626724243,0.1742410957813263,0.06250101327896118,409257,0.020643657,0.011892061680555344,0.011859400197863579,0.011893102899193764
379842,fgsm_yolov5model,0.5000000000000001,0.4545454545454546,0.919982,38.418522851885555,0.9748396277427673,0.9873359799385071,0.2923877537250519,0.08886969089508057,409600,0.020778976,0.011998336762189865,0.011999550275504589,0.011986703611910343
13923,fgsm_yolov5model,0.6931818181818183,0.6666666666666667,0.92028975,38.52900886739674,0.9765056371688843,0.9791790843009949,0.2618725001811981,0.10420405864715576,408259,0.020438842,0.011661417782306671,0.01172891166061163,0.011811673641204834
559543,fgsm_yolov5model,0.8000000000000002,0.40909090909090917,0.91012007,38.48866041164701,0.973760724067688,0.9736096262931824,0.2956483066082001,0.0999707579612732,409562,0.020588305,0.011918647214770317,0.011953418143093586,0.011682393960654736
185890,fgsm_yolov5model,0.45454545454545464,0.3454545454545455,0.9457721,38.43791220511156,0.9851648211479187,0.994010329246521,0.1641402393579483,0.05902409553527832,409584,0.020725165,0.011972304433584213,0.011962886899709702,0.011900926940143108
129492,fgsm_yolov5model,0.38636363636363646,0.2954545454545455,0.9255399,38.43515346277269,0.9791569709777832,0.9872533679008484,0.23581746220588684,0.07661700248718262,409596,0.020734224,0.011988108046352863,0.011975054629147053,0.011907985433936119
306700,fgsm_yolov5model,0.7500000000000002,0.6000000000000002,0.9264631,38.45084069567741,0.9790776968002319,0.988352358341217,0.24603787064552307,0.04571819305419922,409599,0.020694135,0.011964811943471432,0.01197458989918232,0.011818503960967064
146457,fgsm_yolov5model,0.6233766233766235,0.5289256198347109,0.9422769,38.446383019450224,0.9837994575500488,0.9940678477287292,0.223715677857399,0.051880598068237305,409585,0.020693507,0.011944029480218887,0.011934254318475723,0.011929056607186794
214224,fgsm_yolov5model,0.3333333333333334,0.25000000000000006,0.9030652,38.42518926671233,0.9704368114471436,0.9643361568450928,0.336862176656723,0.0906904935836792,409600,0.020761058,0.01197715476155281,0.011990809813141823,0.011966567486524582
332845,fgsm_yolov5model,1.0000000000000002,0.8000000000000002,0.9037128,38.58948254095087,0.9751753211021423,0.9650532603263855,0.3272818922996521,0.10299313068389893,406816,0.020196531,0.011640846729278564,0.011634018272161484,0.011638774536550045
369771,fgsm_yolov5model,0.2545454545454546,0.16017316017316016,0.94271404,38.52293837514635,0.9843479990959167,0.9949356317520142,0.18963289260864258,0.04626309871673584,409576,0.020490197,0.01169199962168932,0.011834554374217987,0.01174507848918438
35963,fgsm_yolov5model,0.5454545454545455,0.09090909090909093,0.95723504,38.42693620259767,0.9856016039848328,0.9953584671020508,0.16122466325759888,0.045310139656066895,409598,0.020756472,0.011989951133728027,0.011992700397968292,0.011941514909267426
452084,fgsm_yolov5model,0.5000000000000001,0.3333333333333334,0.9195764,39.105190174147964,0.9907891154289246,0.9941748380661011,0.15151207149028778,0.03565162420272827,390298,0.018553326,0.010779495351016521,0.009947013109922409,0.010394508019089699
301718,fgsm_yolov5model,0.6493506493506495,0.49035812672176315,0.92897207,38.422848043977474,0.9810835123062134,0.9911176562309265,0.23642197251319885,0.045908570289611816,409564,0.020765213,0.011990001425147057,0.011988455429673195,0.011979772709310055
429598,fgsm_yolov5model,1.0000000000000002,0.6666666666666669,0.92410856,38.422683049002025,0.9790407419204712,0.9899476766586304,0.24451270699501038,0.07774555683135986,409466,0.020763097,0.011985919438302517,0.011985289864242077,0.011985864490270615
165257,fgsm_yolov5model,1.0000000000000002,0.25000000000000006,0.9158327,38.42196381656254,0.9734870195388794,0.987658679485321,0.2947289049625397,0.0950089693069458,409596,0.020769233,0.011991198174655437,0.011988046579062939,0.011980698443949223
413552,fgsm_yolov5model,0.27272727272727276,0.18181818181818185,0.90989226,38.444269441385885,0.9745340347290039,0.9832091927528381,0.3017295002937317,0.0976407527923584,408993,0.020694114,0.011951322667300701,0.011946636252105236,0.01190192624926567
176778,fgsm_yolov5model,1.0000000000000002,0.6666666666666669,0.92213124,38.45403377392074,0.9757910966873169,0.9825903177261353,0.25465765595436096,0.07388103008270264,409075,0.020671293,0.011972381733357906,0.011952766217291355,0.011795916594564915
104572,fgsm_yolov5model,0.27272727272727276,0.20454545454545459,0.9354666,38.47848785316241,0.9796807169914246,0.9913205504417419,0.2318423092365265,0.07799279689788818,408779,0.02059523,0.01188703253865242,0.01190222054719925,0.011756055057048798
157124,fgsm_yolov5model,1.0000000000000002,0.12500000000000003,0.9151149,38.42991314360925,0.9751877188682556,0.9802615642547607,0.2880999445915222,0.09229212999343872,409597,0.02074916,0.011974993161857128,0.011996285989880562,0.0119340680539608
89556,fgsm_yolov5model,0.4162337662337663,0.29898989898989903,0.9459183,38.567881853278756,0.9851220846176147,0.9925580024719238,0.20325446128845215,0.06253379583358765,403996,0.020232454,0.011615929193794727,0.011623616330325603,0.01161663793027401
86220,fgsm_yolov5model,0.5000000000000001,0.490909090909091,0.935637,38.50432524477374,0.9796154499053955,0.991336464881897,0.24866436421871185,0.07081484794616699,409572,0.020555465,0.011978724040091038,0.01198186632245779,0.011415953747928143
508602,fgsm_yolov5model,0.7727272727272729,0.6161616161616162,0.9513157,38.546956512151816,0.9906107187271118,0.9946387410163879,0.16831466555595398,0.03566938638687134,406850,0.020356713,0.011710510589182377,0.011697526089847088,0.011668830178678036
10363,fgsm_yolov5model,1.0000000000000002,0.6000000000000002,0.91571194,38.418781496827954,0.9721514582633972,0.9791334271430969,0.3119683563709259,0.11007088422775269,409600,0.020778157,0.011995773762464523,0.011993909254670143,0.011992983520030975
17178,fgsm_yolov5model,0.840909090909091,0.5151515151515152,0.943538,38.47579944692953,0.97904372215271,0.9921783804893494,0.22891730070114136,0.05722403526306152,408949,0.020604858,0.011870665475726128,0.011890321038663387,0.011805827729403973
314177,fgsm_yolov5model,0.5000000000000001,0.20000000000000004,0.91571575,38.45822438122329,0.9759854078292847,0.9780246019363403,0.27418309450149536,0.08802729845046997,409589,0.020662654,0.011928534135222435,0.011930673383176327,0.011864883825182915
149406,fgsm_yolov5model,1.0000000000000002,0.5000000000000001,0.95829624,38.4207073705566,0.9914519786834717,0.994957685470581,0.10520651936531067,0.017377853393554688,409590,0.020772267,0.01199125312268734,0.01199247594922781,0.011984659358859062
180383,fgsm_yolov5model,0.7500000000000002,0.5000000000000001,0.9236528,38.42588206238736,0.9811462163925171,0.9908453822135925,0.24411994218826294,0.06056833267211914,409600,0.020759206,0.011993804015219212,0.011987621895968914,0.011948826722800732
449996,fgsm_yolov5model,0.3636363636363637,0.17424242424242428,0.9089141,38.42238652053411,0.967200756072998,0.8787695169448853,0.3423919975757599,0.1372920274734497,409596,0.02076807,0.011977269314229488,0.011991462670266628,0.011988187208771706
168619,fgsm_yolov5model,1.0000000000000002,0.5000000000000001,0.9304941,38.50077851568958,0.9791011214256287,0.9920607805252075,0.24904829263687134,0.0890929102897644,407953,0.020506086,0.011790497228503227,0.01177852414548397,0.011811692267656326
15338,fgsm_yolov5model,0.8484848484848486,0.5090909090909091,0.9421167,38.49229897646613,0.9802426099777222,0.9922515749931335,0.2226128876209259,0.08575165271759033,407565,0.020528255,0.01183395180851221,0.011807288974523544,0.011777958832681179
336658,fgsm_yolov5model,0.39393939393939403,0.2090909090909091,0.9141062,38.560871333581765,0.9754388332366943,0.9748373031616211,0.2767270803451538,0.08990901708602905,409585,0.02040921,0.011373572051525116,0.011865637265145779,0.011780066415667534
372317,fgsm_yolov5model,1.0000000000000002,0.5000000000000001,0.93125504,38.42457297222226,0.9787583351135254,0.9880425333976746,0.2534867525100708,0.05679631233215332,409579,0.020760832,0.011975090950727463,0.01198657974600792,0.011980264447629452
476704,fgsm_yolov5model,0.9090909090909092,0.5259740259740261,0.9216555,38.45424683263322,0.9765766859054565,0.9829258322715759,0.27775394916534424,0.07911282777786255,409375,0.020676829,0.011948909610509872,0.011956486850976944,0.011841561645269394
106048,fgsm_yolov5model,1.0000000000000002,0.25000000000000006,0.9147873,38.42916096863773,0.9746291041374207,0.9805421233177185,0.30674126744270325,0.07390445470809937,409597,0.02075088,0.011994588188827038,0.011983185075223446,0.011940305121243
177893,fgsm_yolov5model,0.5000000000000001,0.33333333333333337,0.93330365,38.73019986484985,0.97957843542099,0.9857260584831238,0.27611589431762695,0.07976222038269043,396359,0.01963725,0.011182887479662895,0.011182205751538277,0.011191146448254585
479099,fgsm_yolov5model,1.0000000000000002,0.5000000000000001,0.9611426,38.45299649665722,0.986315131187439,0.996649444103241,0.16209903359413147,0.07570815086364746,409565,0.020683039,0.011909723281860352,0.011918737553060055,0.011910175904631615
171050,fgsm_yolov5model,1.0000000000000002,0.5000000000000001,0.9299493,38.544047024185716,0.980327308177948,0.9892785549163818,0.2205575704574585,0.045626699924468994,409600,0.020432549,0.011499358341097832,0.01158319041132927,0.011996142566204071
263594,fgsm_yolov5model,0.5454545454545455,0.34318181818181825,0.93768454,38.5167616840598,0.983018159866333,0.9933290481567383,0.2268475592136383,0.06432223320007324,409597,0.020511437,0.011968187987804413,0.011675341054797173,0.011726870201528072
147725,fgsm_yolov5model,0.6136363636363638,0.41666666666666674,0.921771,38.44482100590423,0.9739606380462646,0.9853881597518921,0.298126220703125,0.07728326320648193,409515,0.020703655,0.011982925236225128,0.011955559253692627,0.011852895841002464
88432,fgsm_yolov5model,0.7121212121212123,0.5272727272727273,0.95029324,38.46926565519877,0.9857718348503113,0.9951832294464111,0.16655516624450684,0.038019418716430664,409066,0.0206251,0.011842364445328712,0.011902686208486557,0.011864441446959972
272364,fgsm_yolov5model,0.45454545454545453,0.3636363636363637,0.9487904,38.489353366548194,0.9842393398284912,0.9958555102348328,0.19748243689537048,0.04565459489822388,409488,0.020567214,0.011837130412459373,0.01185976155102253,0.011822007596492767
138979,fgsm_yolov5model,0.9393939393939396,0.4696969696969698,0.92380375,38.4440470991032,0.9784995317459106,0.98857182264328,0.2539305090904236,0.06549632549285889,409441,0.020701988,0.011932160705327988,0.011938419193029404,0.01193546038120985
519491,fgsm_yolov5model,0.5000000000000001,0.3333333333333334,0.89801264,38.423708432953944,0.9632796049118042,0.9274764060974121,0.3622027039527893,0.11906397342681885,409588,0.020763611,0.011978833936154842,0.011980547569692135,0.0119889285415411
100283,fgsm_yolov5model,0.7272727272727274,0.3018181818181819,0.9293878,38.43253152096568,0.9776362776756287,0.9851474165916443,0.256460577249527,0.05976516008377075,409577,0.02073964,0.011960744857788086,0.011968068778514862,0.01195574551820755
345361,fgsm_yolov5model,0.4025974025974026,0.22727272727272735,0.9339897,38.42280666563928,0.9820680022239685,0.9933419823646545,0.23047608137130737,0.05170941352844238,409600,0.020767959,0.011973676271736622,0.011997971683740616,0.011989469639956951
475732,fgsm_yolov5model,1.0000000000000002,0.5000000000000001,0.9228828,38.463030524299576,0.9782953262329102,0.9884335398674011,0.2878221273422241,0.0677880048751831,409597,0.020664275,0.011697056703269482,0.011998891830444336,0.011998803354799747
108244,fgsm_yolov5model,1.0000000000000002,0.20000000000000004,0.922831,38.42362193155769,0.9775867462158203,0.9824165105819702,0.27474507689476013,0.0660853385925293,409584,0.02076408,0.011985247023403645,0.011985476128757,0.011976413428783417
23230,fgsm_yolov5model,1.0000000000000002,0.7272727272727274,0.96225756,38.42029735277161,0.9854428768157959,0.9963378310203552,0.16399136185646057,0.08363687992095947,409600,0.020774163,0.011989226564764977,0.011996936984360218,0.011984748765826225
73702,fgsm_yolov5model,0.5000000000000001,0.3090909090909092,0.9343507,38.45158692970646,0.9820818901062012,0.9918248057365417,0.20406164228916168,0.05211901664733887,409597,0.02069146,0.01180233433842659,0.011966544203460217,0.011986247263848782
521141,fgsm_yolov5model,0.8181818181818183,0.2892191142191142,0.93671733,38.515019291433894,0.9816644191741943,0.9927571415901184,0.22504206001758575,0.06046324968338013,405984,0.020428238,0.011773676611483097,0.011729109100997448,0.011735035106539726
61268,fgsm_yolov5model,0.5000000000000001,0.28571428571428575,0.924871,38.81130359872694,0.9783086776733398,0.9806590676307678,0.26893743872642517,0.10154515504837036,398842,0.019447772,0.01114265900105238,0.011121098883450031,0.01099116075783968
393093,fgsm_yolov5model,0.6060606060606062,0.4000000000000001,0.9419765,38.624039741694055,0.9823908805847168,0.9930629134178162,0.2146059274673462,0.09959882497787476,404615,0.020090187,0.011489150114357471,0.011477436870336533,0.011520653031766415
493566,fgsm_yolov5model,0.5454545454545455,0.3333333333333334,0.9190852,38.433049302083866,0.9708609580993652,0.9633268117904663,0.3306831419467926,0.11270785331726074,409509,0.020735547,0.011944196186959743,0.011964865028858185,0.011974737979471684
191471,fgsm_yolov5model,1.0000000000000002,0.5000000000000001,0.9263802,38.43262874382684,0.9785617589950562,0.9857739210128784,0.2410287857055664,0.07944929599761963,409599,0.020741131,0.011984698474407196,0.011954567395150661,0.01194022223353386
198510,fgsm_yolov5model,1.0000000000000002,0.6666666666666669,0.94004184,39.055516884633626,0.9832576513290405,0.9870241284370422,0.19794732332229614,0.0572967529296875,401479,0.01894157,0.009838934056460857,0.010977999307215214,0.010890309698879719
416269,fgsm_yolov5model,1.0000000000000002,0.5000000000000001,0.9270177,38.50910130243718,0.9770747423171997,0.9884370565414429,0.25585365295410156,0.0661919116973877,408984,0.020511894,0.01183505728840828,0.0118174459785223,0.011674509383738041
133567,fgsm_yolov5model,1.0000000000000002,0.5000000000000001,0.9357156,38.487960812784905,0.9798802733421326,0.991871178150177,0.23182156682014465,0.06231951713562012,409136,0.02057618,0.011895379982888699,0.011870336718857288,0.01173638366162777
521052,fgsm_yolov5model,1.0000000000000002,0.25000000000000006,0.954278,38.4379590418312,0.9857164621353149,0.9952878952026367,0.16817474365234375,0.04947161674499512,409521,0.020721795,0.011948101222515106,0.011944801546633244,0.011950919404625893
186296,fgsm_yolov5model,1.0000000000000002,0.3333333333333334,0.9524007,38.428877943299405,0.9842172861099243,0.9950982928276062,0.1844775527715683,0.05650150775909424,409585,0.020750983,0.011917023919522762,0.01199512742459774,0.011994710192084312
187236,fgsm_yolov5model,0.3333333333333334,0.25000000000000006,0.8819278,38.901876565799554,0.9714242815971375,0.951626181602478,0.359296977519989,0.12427675724029541,408823,0.01944523,0.011839890852570534,0.010998811572790146,0.009849519468843937
271728,fgsm_yolov5model,0.7575757575757577,0.6161616161616164,0.9196419,38.420626466117284,0.9763129949569702,0.9891648888587952,0.26342475414276123,0.06035292148590088,409596,0.020773122,0.011983218602836132,0.01199342031031847,0.01199398748576641
460147,fgsm_yolov5model,0.22261072261072265,0.0906926406926407,0.9306166,38.538969539910475,0.9796962738037109,0.9899834990501404,0.24935775995254517,0.07997137308120728,408917,0.020424746,0.011763558723032475,0.011785333044826984,0.011608962900936604
200667,fgsm_yolov5model,1.0000000000000002,0.0,0.92738485,38.418643215565076,0.9787930250167847,0.9915667176246643,0.2625848352909088,0.07961976528167725,409596,0.020778105,0.011996402405202389,0.011995377950370312,0.011991944164037704
476810,fgsm_yolov5model,0.4000000000000001,0.28571428571428575,0.9366062,38.44282787054125,0.9803077578544617,0.9843833446502686,0.23292869329452515,0.04420405626296997,409600,0.020714616,0.01193156000226736,0.01194887887686491,0.011923262849450111
540280,fgsm_yolov5model,0.5000000000000001,0.25000000000000006,0.92352057,38.5819414669062,0.9772062301635742,0.9827218651771545,0.2572001814842224,0.07462716102600098,408479,0.020290017,0.011767394840717316,0.011701976880431175,0.011357825249433517
126216,fgsm_yolov5model,0.7272727272727274,0.18181818181818185,0.9559217,38.437837901187976,0.9835602045059204,0.9966833591461182,0.1970033198595047,0.0944400429725647,409592,0.020725803,0.011965756304562092,0.011966285295784473,0.011903474107384682
407960,fgsm_yolov5model,0.6666666666666669,0.3000000000000001,0.90954494,38.46708198268309,0.9739562273025513,0.9758755564689636,0.3114430606365204,0.0933871865272522,409402,0.020642739,0.011835274286568165,0.011945299804210663,0.011876063421368599
84270,fgsm_yolov5model,0.27493339993339994,0.24076289207868157,0.93992394,38.51063489258208,0.9842233061790466,0.9938244819641113,0.1848907768726349,0.056568026542663574,407754,0.020473411,0.01176431868225336,0.011815821751952171,0.011729125864803791
463522,fgsm_yolov5model,0.16363636363636364,0.13636363636363638,0.9338997,38.519817118998546,0.9805046916007996,0.9911336302757263,0.21806231141090393,0.07587528228759766,408870,0.020462515,0.011749153025448322,0.0118356728926301,0.011692103929817677
213547,fgsm_yolov5model,0.5000000000000001,0.2261503928170595,0.9371318,38.43479265008085,0.9833310842514038,0.9919157028198242,0.21837133169174194,0.06810379028320312,409576,0.020733457,0.011947892606258392,0.011958531104028225,0.011959969066083431