image_id,variant,map_original,map_adversarial,SSIM,PSNR,MS-SSIM,FSIM,LPIPS,DISTS,L0,L2
252219,dct_low_nontargeted_white_box_eps0.0627_iter20,0.20000000000000004,0.1818181818181818,0.9844308,44.719998074987224,0.9976846575737,0.9991883039474487,0.044834256172180176,0.004875600337982178,607594,0.009137099,0.004441098775714636,0.004618172999471426,0.004639364778995514
87038,dct_low_nontargeted_white_box_eps0.0627_iter2,0.13595571095571096,0.12030075187969924,0.9983253,54.838114888866116,0.9995068311691284,0.9998423457145691,0.02471166104078293,0.0017616748809814453,334003,0.0028091597,0.0013130870647728443,0.0013048554537817836,0.0013091001892462373
480985,dct_low_nontargeted_white_box_eps0.0627_iter1,0.3511363636363637,0.2224025974025974,0.9995516,58.2753570882884,0.9999114871025085,0.9999646544456482,0.003093129489570856,0.0002124309539794922,500695,0.0020759285,0.001185623579658568,0.001185080618597567,0.0011879452504217625
386912,dct_low_nontargeted_white_box_eps0.0627_iter10,0.20000000000000004,0.10000000000000002,0.9948531,47.58681443837147,0.9987823367118835,0.9994743466377258,0.017353534698486328,0.002924799919128418,577401,0.0066129807,0.0032655217219144106,0.0032711129169911146,0.0032553013879805803
348881,dct_low_nontargeted_white_box_eps0.0627_iter6,0.3333333333333334,0.18181818181818185,0.99540347,49.96025601039557,0.9987877607345581,0.9995348453521729,0.03620196133852005,0.006012976169586182,527262,0.005002984,0.002438001101836562,0.002447203965857625,0.0024463471490889788
181666,dct_low_nontargeted_white_box_eps0.0627_iter1,0.3571428571428571,0.24848484848484848,0.9991608,58.144238561000606,0.9997961521148682,0.9999629259109497,0.010084899142384529,0.0011066198348999023,484636,0.002132517,0.0012238078052178025,0.0012218558695167303,0.00122204574290663
143931,dct_low_nontargeted_white_box_eps0.0627_iter1,0.25000000000000006,0.0,0.9992936,58.051176527525065,0.9997985363006592,0.9999048113822937,0.003909786231815815,0.0008050203323364258,476263,0.002166205,0.001247137668542564,0.0012501117307692766,0.001249933149665594
303818,dct_low_nontargeted_white_box_eps0.0627_iter1,0.1338257575757576,0.08561242678889738,0.99965304,58.044084462639944,0.9998821020126343,0.999963104724884,0.0015426801983267069,0.00024878978729248047,541350,0.00216881,0.0012500014854595065,0.0012512975372374058,0.0012519950978457928
322864,dct_low_nontargeted_white_box_eps0.0627_iter3,0.10000000000000002,0.08333333333333331,0.997474,53.251806909303696,0.9994539022445679,0.9997597932815552,0.016483796760439873,0.0022125244140625,488873,0.0034871825,0.001884409342892468,0.0018820215482264757,0.001877504400908947
308394,dct_low_nontargeted_white_box_eps0.0627_iter19,0.12500000000000003,0.0,0.9746898,45.311686451782016,0.995993971824646,0.9986106157302856,0.13004496693611145,0.012886285781860352,596318,0.008492278,0.004395257215946913,0.004321563523262739,0.004327905364334583
456496,dct_low_nontargeted_white_box_eps0.0627_iter1,0.1666666666666667,0.08333333333333336,0.9995505,58.068671638051306,0.9998902082443237,0.9999589920043945,0.0026097665540874004,0.0002961158752441406,523759,0.0021588632,0.0012439248384907842,0.0012440402060747147,0.0012441343860700727
85329,dct_low_nontargeted_white_box_eps0.0627_iter7,0.5000000000000001,0.25000000000000006,0.9902442,49.390160454568516,0.9974848628044128,0.9966963529586792,0.20389977097511292,0.049463629722595215,545954,0.005339784,0.0028000969905406237,0.0028104442171752453,0.002796739339828491
329323,dct_low_nontargeted_white_box_eps0.0627_iter1,0.6219696969696971,0.5410353535353536,0.9993401,58.04597972438252,0.9998652338981628,0.9999523162841797,0.004296767525374889,0.00017547607421875,498853,0.0021681227,0.0012506929924711585,0.0012500283773988485,0.0012509290827438235
239274,dct_low_nontargeted_white_box_eps0.0627_iter1,0.25367965367965367,0.24493006993006997,0.9995441,58.054124675054965,0.9998773336410522,0.9999510049819946,0.003714169142767787,0.00034368038177490234,535583,0.0021659974,0.0012450292706489563,0.0012476673582568765,0.0012519309530034661
233771,dct_low_nontargeted_white_box_eps0.0627_iter1,0.14490358126721764,0.13391608391608395,0.99917716,58.36904672558176,0.9998753070831299,0.9999507069587708,0.005660522263497114,0.0007756352424621582,456377,0.0020358828,0.0011605581967160106,0.0011612377129495144,0.0011609016219154
301867,dct_low_nontargeted_white_box_eps0.0627_iter27,0.3333333333333334,0.21212121212121215,0.9860938,43.09836324931765,0.9966594576835632,0.9987255930900574,0.054467182606458664,0.008270859718322754,624916,0.01103528,0.005617963615804911,0.00560897309333086,0.005640699062496424
312421,dct_low_nontargeted_white_box_eps0.0627_iter1,0.13575757575757577,0.05126262626262625,0.99917537,58.27100662589615,0.9998015761375427,0.999921441078186,0.01060899905860424,0.0014796257019042969,471876,0.0020828352,0.0011869185836985707,0.00118499796371907,0.001190283801406622
185250,dct_low_nontargeted_white_box_eps0.0627_iter1,0.28282828282828276,0.2575757575757575,0.9998224,58.215446400768016,0.9999448657035828,0.999967098236084,0.001348800491541624,0.00014472007751464844,530554,0.002099199,0.0012047650525346398,0.0012047502677887678,0.001198569661937654
360661,dct_low_nontargeted_white_box_eps0.0627_iter1,0.25000000000000006,0.22222222222222215,0.9990289,58.03742999415846,0.9997467994689941,0.9999368786811829,0.011630509048700333,0.0006570816040039062,486061,0.0021709146,0.0012529513332992792,0.0012530823005363345,0.0012530026724562049
430961,dct_low_nontargeted_white_box_eps0.0627_iter49,0.18181818181818185,0.09090909090909093,0.95006204,41.048711897114416,0.9883592128753662,0.9961209893226624,0.2908529043197632,0.037768661975860596,630832,0.013861638,0.0070959473960101604,0.0071024284698069096,0.007099201902747154
476258,dct_low_nontargeted_white_box_eps0.0627_iter7,0.5000000000000001,0.25000000000000006,0.9936448,49.236797674244485,0.9984817504882812,0.9996117353439331,0.050818413496017456,0.003811180591583252,556816,0.005458696,0.0028517923783510923,0.0028534126468002796,0.0028549248818308115
448365,dct_low_nontargeted_white_box_eps0.0627_iter22,0.1666666666666667,0.0,0.9810516,44.05867373342434,0.9952239394187927,0.9986257553100586,0.09206946194171906,0.012209594249725342,616136,0.009864871,0.004951355513185263,0.004953022580593824,0.0049621243961155415
35197,dct_low_nontargeted_white_box_eps0.0627_iter1,0.5000000000000001,0.42424242424242414,0.99906427,58.07402270527626,0.9997649192810059,0.9999208450317383,0.0116731533780694,0.00079345703125,473022,0.0021562737,0.001242413534782827,0.0012423942098394036,0.001242678496055305
349860,dct_low_nontargeted_white_box_eps0.0627_iter7,0.21022727272727265,0.1980519480519481,0.990609,49.0715434165016,0.9974405169487,0.9987800121307373,0.12849456071853638,0.00790262222290039,554305,0.005549578,0.002907481975853443,0.0029054556507617235,0.0029091909527778625
180135,dct_low_nontargeted_white_box_eps0.0627_iter10,0.5000000000000001,0.25000000000000006,0.9605315,48.5308232543889,0.9965431094169617,0.9988241791725159,0.1491129994392395,0.01583695411682129,412060,0.0056529227,0.0028389531653374434,0.002833323320373893,0.0028397156856954098
400573,dct_low_nontargeted_white_box_eps0.0627_iter27,0.13636363636363635,0.06818181818181818,0.98426944,43.45455639453821,0.9953869581222534,0.998581051826477,0.06937447190284729,0.016396939754486084,624455,0.010629889,0.00539868138730526,0.005423185881227255,0.0054003833793103695
370677,dct_low_nontargeted_white_box_eps0.0627_iter49,0.5000000000000001,0.31818181818181823,0.96620893,40.27597482437031,0.9930959939956665,0.9979696869850159,0.08024483919143677,0.010026335716247559,632103,0.01513518,0.00768203055486083,0.007741613779217005,0.007708847057074308
502737,dct_low_nontargeted_white_box_eps0.0627_iter2,0.1666666666666667,0.09090909090909093,0.9979908,54.92528471837515,0.9994481801986694,0.9998204112052917,0.016696173697710037,0.0029791593551635742,302654,0.0027391915,0.0012903291499242187,0.0012851004721596837,0.001277684117667377
515579,dct_low_nontargeted_white_box_eps0.0627_iter1,0.10909090909090909,0.07272727272727272,0.99938303,58.08669787824897,0.999884307384491,0.9999592304229736,0.006711155641824007,0.000937342643737793,480243,0.0021499894,0.0012386570451781154,0.00123883958440274,0.0012391454074531794
515445,dct_low_nontargeted_white_box_eps0.0627_iter1,0.38636363636363624,0.34930830039525684,0.9991444,58.04247615292497,0.9997787475585938,0.9999321103096008,0.009478477761149406,0.0005615353584289551,500843,0.0021696202,0.0012480486184358597,0.0012529187370091677,0.0012537313159555197
438862,dct_low_nontargeted_white_box_eps0.0627_iter5,0.24747474747474751,0.19393939393939397,0.9980748,50.43153417755661,0.999465823173523,0.9997987747192383,0.005576432216912508,0.000625312328338623,557827,0.0048177335,0.0025279701221734285,0.0025329450145363808,0.0025094414595514536
180560,dct_low_nontargeted_white_box_eps0.0627_iter1,0.5000000000000001,0.42424242424242414,0.9990073,58.050992649603046,0.9997477531433105,0.9999231100082397,0.013816118240356445,0.0021789073944091797,479178,0.0021664682,0.001250960398465395,0.0012492836685851216,0.001247096573933959
321214,dct_low_nontargeted_white_box_eps0.0627_iter2,0.3333333333333334,0.11111111111111109,0.99786323,54.93932072903615,0.9994115233421326,0.9998083114624023,0.023448452353477478,0.0016143321990966797,300633,0.002732306,0.0012765657156705856,0.0012857603142037988,0.0012740278616547585
474028,dct_low_nontargeted_white_box_eps0.0627_iter2,0.3811188811188812,0.32937062937062933,0.99940485,55.30667104501877,0.9998387694358826,0.9999423623085022,0.0020194363314658403,0.0005891919136047363,323071,0.0026084697,0.0011786710238084197,0.0011669498635455966,0.0011807732516899705
355257,dct_low_nontargeted_white_box_eps0.0627_iter1,0.1666666666666667,0.11111111111111109,0.99916047,58.091536763807675,0.9997960329055786,0.9999305605888367,0.006961740553379059,0.00039064884185791016,474938,0.0021518746,0.0012406555470079184,0.0012408317998051643,0.0012310055317357183
63154,dct_low_nontargeted_white_box_eps0.0627_iter2,0.25000000000000006,0.0,0.9985823,54.71957062825166,0.9996137619018555,0.9999223351478577,0.009407680481672287,0.0013248920440673828,347494,0.002880712,0.0013389269588515162,0.0013500367058441043,0.001346107805147767
199551,dct_low_nontargeted_white_box_eps0.0627_iter2,0.12500000000000003,0.0,0.99831843,54.95001112279653,0.9995850324630737,0.9998869299888611,0.014987456612288952,0.001266181468963623,307559,0.0027368946,0.0012775069335475564,0.0012732056202366948,0.001276629394851625
239347,dct_low_nontargeted_white_box_eps0.0627_iter17,0.11111111111111109,0.0,0.9852414,45.56500072689762,0.9963558912277222,0.99864262342453,0.0789918527007103,0.012451887130737305,608767,0.008322554,0.004283752758055925,0.004264435730874538,0.004249717574566603
514508,dct_low_nontargeted_white_box_eps0.0627_iter4,0.5000000000000001,0.45454545454545453,0.99760294,52.055707580225274,0.9995392560958862,0.9998382925987244,0.008168952539563179,0.00044798851013183594,436009,0.0039012593,0.0018637935863807797,0.0018661257345229387,0.001868746941909194
473237,dct_low_nontargeted_white_box_eps0.0627_iter17,0.3333333333333334,0.1666666666666667,0.9816392,45.577244912815374,0.9954729080200195,0.998415470123291,0.18609648942947388,0.017042040824890137,604118,0.008249712,0.004253521095961332,0.0042433482594788074,0.004270724020898342
78915,dct_low_nontargeted_white_box_eps0.0627_iter1,0.19805194805194803,0.19121989121989116,0.999599,58.04442971173685,0.9998632669448853,0.9999585151672363,0.0012607686221599579,0.0006387829780578613,515559,0.0021688924,0.0012495476985350251,0.001251962617971003,0.001251475652679801
96493,dct_low_nontargeted_white_box_eps0.0627_iter1,0.3333333333333334,0.06666666666666668,0.9993828,58.06660740388569,0.9998140335083008,0.9999296069145203,0.0033422254491597414,0.0011771321296691895,514241,0.002160979,0.0012457477860152721,0.0012422137660905719,0.0012459122808650136
23899,dct_low_nontargeted_white_box_eps0.0627_iter1,0.21414141414141416,0.0505050505050505,0.99878114,58.03998159879359,0.9997064471244812,0.9998821020126343,0.02639196254312992,0.001958131790161133,470909,0.002170056,0.0012525697238743305,0.0012520846212282777,0.0012522026663646102
559842,dct_low_nontargeted_white_box_eps0.0627_iter1,0.15532195077649621,0.15156434474616293,0.9997049,58.041326552734525,0.9999173879623413,0.9999702572822571,0.0010847537778317928,0.00018107891082763672,528823,0.002169801,0.0012513612164184451,0.001252485322766006,0.0012518272269517183
428454,dct_low_nontargeted_white_box_eps0.0627_iter49,0.25000000000000006,0.12500000000000003,0.9658726,40.63549596812861,0.9905902743339539,0.9983263611793518,0.20218580961227417,0.036531031131744385,632559,0.014610264,0.007430854253470898,0.007421521935611963,0.007471818011254072
399462,dct_low_nontargeted_white_box_eps0.0627_iter3,0.5000000000000001,0.4545454545454545,0.9987542,52.06579585537461,0.999724268913269,0.9999154210090637,0.0058639515191316605,0.001204371452331543,509405,0.0040571857,0.002178580965846777,0.002183455042541027,0.0021742014214396477
261061,dct_low_nontargeted_white_box_eps0.0627_iter18,0.3333333333333334,0.1666666666666667,0.9863891,45.07557561562227,0.9972826242446899,0.9992326498031616,0.05279563367366791,0.004906952381134033,601740,0.008713182,0.004373589996248484,0.004410680383443832,0.0044084638357162476
383384,dct_low_nontargeted_white_box_eps0.0627_iter1,0.1813811188811189,0.16375291375291376,0.999546,58.042251013850255,0.9998822212219238,0.9999432563781738,0.0016951941652223468,0.00039958953857421875,494232,0.0021695623,0.0012497312854975462,0.0012524594785645604,0.001252687769010663
217285,dct_low_nontargeted_white_box_eps0.0627_iter1,0.10894932135533637,0.0930470673117732,0.9996132,58.050745352958344,0.9999191164970398,0.999972939491272,0.0010292504448443651,0.00014412403106689453,510381,0.0021672864,0.0012443008599802852,0.0012526205973699689,0.0012506116181612015
524456,dct_low_nontargeted_white_box_eps0.0627_iter16,0.1090909090909091,0.05454545454545455,0.9913363,45.85762444016123,0.9976315498352051,0.9990875720977783,0.03459832817316055,0.0050122737884521484,603004,0.008061969,0.004003956913948059,0.004010831005871296,0.004007513169199228
326541,dct_low_nontargeted_white_box_eps0.0627_iter1,0.1373737373737374,0.08225108225108226,0.9991291,58.115353577688055,0.9997909069061279,0.9999264478683472,0.008988709188997746,0.0009003877639770508,482958,0.0021438044,0.0012393012875691056,0.0012267150450497866,0.001226181979291141
213086,dct_low_nontargeted_white_box_eps0.0627_iter16,0.12500000000000003,0.08333333333333331,0.98679847,45.66390491687761,0.9968924522399902,0.9990336894989014,0.08312902599573135,0.008519232273101807,600546,0.008194603,0.004095419775694609,0.004096208140254021,0.004106419160962105
231339,dct_low_nontargeted_white_box_eps0.0627_iter35,0.3333333333333334,0.055555555555555546,0.97120506,42.09116793618361,0.9922521114349365,0.9972131252288818,0.11632519960403442,0.015544414520263672,628243,0.012376443,0.0063109747134149075,0.006315895821899176,0.006309018470346928
508730,dct_low_nontargeted_white_box_eps0.0627_iter3,0.25000000000000006,0.21212121212121207,0.99805325,52.75481529680675,0.999384343624115,0.9997130632400513,0.006636659614741802,0.0014041662216186523,505473,0.0037183661,0.001996602164581418,0.002000582404434681,0.0019921602215617895
301135,dct_low_nontargeted_white_box_eps0.0627_iter2,0.10289786213178827,0.09543158861340682,0.99939877,54.83829373073892,0.9998617172241211,0.9999503493309021,0.001755155622959137,0.00035262107849121094,350369,0.0028519393,0.0013174841878935695,0.0013273180229589343,0.0013078686315566301
580294,dct_low_nontargeted_white_box_eps0.0627_iter15,0.14285714285714288,0.03571428571428572,0.9885133,45.73401041439017,0.9972646236419678,0.9989824891090393,0.05981644243001938,0.006619572639465332,605200,0.008145906,0.004184690769761801,0.0041904570534825325,0.0041963024996221066
494869,dct_low_nontargeted_white_box_eps0.0627_iter1,0.14545454545454548,0.1318181818181818,0.9993546,58.06211339031455,0.9998235702514648,0.9999387860298157,0.0036057517863810062,0.0005283951759338379,494211,0.0021641972,0.0012318167136982083,0.0012521445751190186,0.0012538055889308453
33638,dct_low_nontargeted_white_box_eps0.0627_iter39,0.25000000000000006,0.0,0.9576912,41.9670075890371,0.9908546805381775,0.9967513084411621,0.16090449690818787,0.028442025184631348,627504,0.012521775,0.006463722325861454,0.006474328693002462,0.006170985754579306
329219,dct_low_nontargeted_white_box_eps0.0627_iter1,0.14285714285714288,0.07142857142857144,0.9992733,58.034450587411726,0.99981689453125,0.9999243021011353,0.003708192612975836,0.00037086009979248047,503148,0.0021718685,0.0012537819566205144,0.0012539332965388894,0.0012539277086034417
356387,dct_low_nontargeted_white_box_eps0.0627_iter1,0.10037878787878787,0.062229437229437225,0.9995618,58.07746746787163,0.9998835325241089,0.9999618530273438,0.004745509009808302,0.0006847381591796875,503333,0.00215928,0.0012341196415945888,0.0012398636899888515,0.0012505732011049986
214720,dct_low_nontargeted_white_box_eps0.0627_iter8,0.14285714285714288,0.023809523809523805,0.9950487,48.90520724122537,0.9988573789596558,0.9995912909507751,0.029574494808912277,0.0036417245864868164,542093,0.0056294734,0.0027726960834115744,0.0027780686505138874,0.0027726846747100353
278848,dct_low_nontargeted_white_box_eps0.0627_iter2,0.18749999999999994,0.10606060606060604,0.9984649,55.07206526598086,0.9995933771133423,0.9998512864112854,0.016492489725351334,0.0022719502449035645,323762,0.0026943919,0.0012539600720629096,0.001247192150913179,0.001248170156031847
48153,dct_low_nontargeted_white_box_eps0.0627_iter27,0.5000000000000001,0.0,0.99096066,43.133724148849794,0.9974064230918884,0.9986473917961121,0.026750199496746063,0.006164669990539551,624147,0.010980335,0.005539991427212954,0.00564489746466279,0.005634048487991095
459153,dct_low_nontargeted_white_box_eps0.0627_iter31,0.25000000000000006,0.12500000000000003,0.9950853,41.81649256178717,0.9983106851577759,0.999011754989624,0.018102942034602165,0.005406200885772705,630511,0.012858647,0.006519652437418699,0.006541499402374029,0.0065080551430583
295713,dct_low_nontargeted_white_box_eps0.0627_iter4,0.14673520923520925,0.137465564738292,0.9976638,51.88481876757371,0.9993786811828613,0.9997881650924683,0.011097819544374943,0.001350998878479004,462301,0.0040256414,0.001918334630317986,0.0019195781787857413,0.00191878795158118
273132,dct_low_nontargeted_white_box_eps0.0627_iter7,0.3333333333333334,0.06666666666666668,0.9945484,49.370070450024386,0.9987184405326843,0.9995095133781433,0.032742131501436234,0.0048487186431884766,567791,0.0054119686,0.0028076956514269114,0.002826977986842394,0.002806777600198984
566524,dct_low_nontargeted_white_box_eps0.0627_iter1,0.28787878787878785,0.23268398268398272,0.999389,58.04234422485895,0.9998321533203125,0.9999537467956543,0.004786154720932245,0.0007914304733276367,519208,0.0021693977,0.0012521551689133048,0.0012518190778791904,0.0012508212821558118
476415,dct_low_nontargeted_white_box_eps0.0627_iter5,0.25000000000000006,0.16666666666666663,0.9902365,51.03762008337024,0.9983338117599487,0.9994192719459534,0.09594652056694031,0.007153213024139404,457471,0.00438067,0.002310272306203842,0.002311911666765809,0.00230361963622272
292082,dct_low_nontargeted_white_box_eps0.0627_iter4,0.3333333333333334,0.22222222222222218,0.99724346,52.032861786967466,0.9993173480033875,0.9997109174728394,0.01680411770939827,0.0034689903259277344,453455,0.0039487295,0.0018719215877354145,0.0018830987391993403,0.001869373838417232
360137,dct_low_nontargeted_white_box_eps0.0627_iter11,0.1666666666666667,0.06666666666666668,0.9889305,47.47435288288051,0.9980053901672363,0.9994679093360901,0.027484875172376633,0.0032845735549926758,573407,0.0066539133,0.0032186112366616726,0.0035189806949347258,0.0035121794790029526
352684,dct_low_nontargeted_white_box_eps0.0627_iter3,0.47727272727272724,0.4512396694214877,0.99665284,52.753317403457906,0.9990831613540649,0.9996229410171509,0.020517513155937195,0.0037454962730407715,490576,0.003707842,0.0019950366113334894,0.001998070627450943,0.002000706735998392
512836,dct_low_nontargeted_white_box_eps0.0627_iter1,0.18181818181818185,0.11363636363636366,0.99928236,58.033979383045036,0.9998116493225098,0.9999465346336365,0.005107675213366747,0.0003578662872314453,519421,0.0021720075,0.0012540117604658008,0.0012540101306512952,0.0012540098978206515
8021,dct_low_nontargeted_white_box_eps0.0627_iter3,0.303030303030303,0.2803030303030302,0.9966075,53.015607443209774,0.999067485332489,0.9995232224464417,0.021266020834445953,0.0042438507080078125,484294,0.0035877987,0.0019421655451878905,0.0019360308069735765,0.0018967381911352277
84477,dct_low_nontargeted_white_box_eps0.0627_iter3,0.3333333333333334,0.0,0.9969012,52.70164155955116,0.9991331100463867,0.9997201561927795,0.02423682063817978,0.0018645524978637695,499356,0.00373695,0.0019758448470383883,0.002015400445088744,0.002020614454522729
562243,dct_low_nontargeted_white_box_eps0.0627_iter31,0.25000000000000006,0.16666666666666663,0.9619034,42.870123737850406,0.9896237850189209,0.9943037033081055,0.23622018098831177,0.03912210464477539,622877,0.0112338,0.005797221790999174,0.005704446230083704,0.005794380325824022
292236,dct_low_nontargeted_white_box_eps0.0627_iter2,0.3333333333333334,0.2978354978354979,0.99831486,54.86916084385076,0.9996559023857117,0.9998760223388672,0.012771127745509148,0.0008912086486816406,299117,0.002756497,0.0013001669431105256,0.0013016322627663612,0.001301230164244771
288042,dct_low_nontargeted_white_box_eps0.0627_iter40,0.3333333333333334,0.0,0.9740471,41.100010027706084,0.992301344871521,0.9971816539764404,0.11449673771858215,0.02540302276611328,630524,0.013859642,0.006942529231309891,0.007044235244393349,0.006907912436872721
500257,dct_low_nontargeted_white_box_eps0.0627_iter2,0.15909090909090912,0.15454545454545457,0.99868345,55.01512484830528,0.9996923208236694,0.9998986721038818,0.02020634524524212,0.0025202035903930664,329810,0.00273565,0.0012738911900669336,0.0012429050402715802,0.001284745754674077
334719,dct_low_nontargeted_white_box_eps0.0627_iter3,0.27272727272727276,0.2651515151515152,0.99856186,53.35903944838914,0.9995877742767334,0.9999020099639893,0.005512263160198927,0.001407325267791748,535639,0.0034718052,0.0018592849373817444,0.001861961791291833,0.0018596200970932841
319721,dct_low_nontargeted_white_box_eps0.0627_iter2,0.4204545454545453,0.2727272727272727,0.9987414,54.816637183575956,0.9996702671051025,0.9998767971992493,0.006613194942474365,0.0007957816123962402,344477,0.0028403518,0.001316555542871356,0.0013225177535787225,0.0013111202279105783
347265,dct_low_nontargeted_white_box_eps0.0627_iter32,0.5000000000000001,0.0,0.98572445,41.812622735197884,0.9952629804611206,0.9985985159873962,0.06455060839653015,0.017646491527557373,629513,0.012822319,0.006411726586520672,0.006447900552302599,0.0064471010118722916
414170,dct_low_nontargeted_white_box_eps0.0627_iter16,0.3333333333333334,0.2848484848484849,0.99333614,45.17330944497455,0.9982735514640808,0.999283492565155,0.034803181886672974,0.004952907562255859,610549,0.008740063,0.0043324073776602745,0.004376823082566261,0.004347885958850384
785,dct_low_nontargeted_white_box_eps0.0627_iter19,0.5000000000000001,0.10000000000000002,0.9779391,44.24436160160654,0.9931318163871765,0.9973753690719604,0.12018442898988724,0.02043604850769043,617006,0.009654602,0.00495884008705616,0.004966434556990862,0.004927922505885363
261982,dct_low_nontargeted_white_box_eps0.0627_iter5,0.1666666666666667,0.11111111111111109,0.99612695,50.770988529003745,0.9991723299026489,0.999675452709198,0.021992232650518417,0.0038805603981018066,524827,0.004598049,0.0024103897158056498,0.0024225153028964996,0.002418259158730507
99242,dct_low_nontargeted_white_box_eps0.0627_iter37,0.5000000000000001,0.0,0.95313406,41.82678723799437,0.9850809574127197,0.993411660194397,0.24959316849708557,0.05683165788650513,629088,0.012740948,0.006484956480562687,0.006516873836517334,0.006508850026875734
314709,dct_low_nontargeted_white_box_eps0.0627_iter15,0.5000000000000001,0.25000000000000006,0.9838384,45.83825802288669,0.9955724477767944,0.9989520907402039,0.10561895370483398,0.011341989040374756,604896,0.008055764,0.004150331020355225,0.004154303576797247,0.004124979488551617
541055,dct_low_nontargeted_white_box_eps0.0627_iter5,0.3232323232323233,0.3080808080808082,0.9968799,50.98128981285068,0.9991835355758667,0.999748170375824,0.016310010105371475,0.0026816129684448242,551538,0.004502577,0.002368530724197626,0.0023653137031942606,0.0023416196927428246
409475,dct_low_nontargeted_white_box_eps0.0627_iter16,1.0000000000000002,0.8484848484848483,0.9838957,45.18857644652264,0.9958738684654236,0.998626172542572,0.09895531088113785,0.014707446098327637,605299,0.0086564915,0.004331229254603386,0.0043597035109996796,0.004319232422858477
464786,dct_low_nontargeted_white_box_eps0.0627_iter7,0.25000000000000006,0.0,0.99261373,49.39850170472833,0.9983643293380737,0.9995054602622986,0.09255735576152802,0.00955265760421753,550777,0.0053469003,0.0028042623307555914,0.002800564281642437,0.002801403868943453
578545,dct_low_nontargeted_white_box_eps0.0627_iter5,0.25000000000000006,0.05000000000000001,0.9963565,50.924404822736314,0.999015212059021,0.9996633529663086,0.015666691586375237,0.003644227981567383,540945,0.0045308312,0.0023863681126385927,0.0023817175533622503,0.002381174126639962
363207,dct_low_nontargeted_white_box_eps0.0627_iter1,0.16749311294765845,0.1545454545454546,0.9992884,58.038996090752725,0.9997968673706055,0.9999211430549622,0.006340769585222006,0.0009809136390686035,497899,0.0021704198,0.0012523457407951355,0.001252580201253295,0.0012527775252237916
372577,dct_low_nontargeted_white_box_eps0.0627_iter16,0.42424242424242414,0.27272727272727276,0.9854346,44.63814980487441,0.9956170916557312,0.998441755771637,0.08564520627260208,0.011501491069793701,604396,0.009107251,0.004606689792126417,0.004572161007672548,0.004665222018957138
212166,dct_low_nontargeted_white_box_eps0.0627_iter4,1.0000000000000002,0.16666666666666663,0.9961052,51.67790760853612,0.9989291429519653,0.9995965361595154,0.028607092797756195,0.0022078752517700195,447560,0.0040705265,0.0019713370129466057,0.001983261201530695,0.0019813929684460163
323355,dct_low_nontargeted_white_box_eps0.0627_iter5,0.33333333333333326,0.22727272727272732,0.9959331,50.37044212442716,0.9989718794822693,0.9996529221534729,0.02185995876789093,0.0008678436279296875,542204,0.004828842,0.0025366805493831635,0.0025530229322612286,0.0025369846262037754
9483,dct_low_nontargeted_white_box_eps0.0627_iter28,0.25000000000000006,0.08333333333333331,0.97820276,43.085642172061725,0.9938120245933533,0.9971233606338501,0.08775459229946136,0.015359044075012207,622212,0.011020976,0.005542402621358633,0.005517000798135996,0.005596919450908899
398237,dct_low_nontargeted_white_box_eps0.0627_iter5,0.5000000000000001,0.25000000000000006,0.9989709,49.55222259960823,0.9994637370109558,0.9997299313545227,0.006513981148600578,0.0029450654983520508,588426,0.005369594,0.0028057429008185863,0.0028077266179025173,0.0028157734777778387
507223,dct_low_nontargeted_white_box_eps0.0627_iter1,0.29545454545454547,0.24242424242424246,0.9995959,58.06663826651054,0.9999198913574219,0.9999694228172302,0.001584200537763536,0.00013387203216552734,506278,0.0021613925,0.0012436613906174898,0.0012447831686586142,0.001245406223461032
281414,dct_low_nontargeted_white_box_eps0.0627_iter10,0.3333333333333334,0.04761904761904762,0.9944973,47.41789582238794,0.9986910223960876,0.9994654655456543,0.020149506628513336,0.0024847984313964844,580691,0.0067461,0.0033291068393737078,0.003361096139997244,0.0033208713866770267
321333,dct_low_nontargeted_white_box_eps0.0627_iter2,0.42424242424242414,0.25000000000000006,0.99858254,54.881378546161976,0.999649167060852,0.9998854398727417,0.009397529065608978,0.0022510290145874023,326478,0.0028004216,0.0012949196388944983,0.001294249203056097,0.0012981569161638618
108026,dct_low_nontargeted_white_box_eps0.0627_iter12,0.3333333333333334,0.1666666666666667,0.97065926,47.51984445842887,0.997107207775116,0.999011754989624,0.11857365816831589,0.015608787536621094,517324,0.006500511,0.003306490369141102,0.003217626130208373,0.003200680948793888
243204,dct_low_nontargeted_white_box_eps0.0627_iter4,0.12500000000000003,0.08333333333333331,0.9966704,51.77829028657162,0.9990134239196777,0.9995595216751099,0.016520047560334206,0.0033102035522460938,456946,0.0040665595,0.001951334998011589,0.0019522021757438779,0.0019541867077350616
38829,dct_low_nontargeted_white_box_eps0.0627_iter17,0.14566115702479338,0.0984848484848485,0.9871095,45.222695902475905,0.9978052377700806,0.9992645382881165,0.03634646534919739,0.0042119622230529785,604915,0.008633836,0.004403494298458099,0.004453754518181086,0.004390603397041559
187243,dct_low_nontargeted_white_box_eps0.0627_iter11,0.3333333333333334,0.06666666666666668,0.9923687,47.34290771816903,0.9978958964347839,0.9990912675857544,0.06627801060676575,0.011522650718688965,595135,0.00672357,0.0034617737401276827,0.003459054511040449,0.0034621728118509054
534827,dct_low_nontargeted_white_box_eps0.0627_iter2,0.14393939393939392,0.09090909090909093,0.9984431,55.35075649615919,0.9996136426925659,0.9998466968536377,0.024411536753177643,0.0018881559371948242,351717,0.0025650405,0.001201845589093864,0.0012011992512270808,0.0011990396305918694
190756,dct_low_nontargeted_white_box_eps0.0627_iter16,0.25000000000000006,0.16666666666666663,0.9795318,45.48683226901736,0.994403064250946,0.9962731599807739,0.24279627203941345,0.03347444534301758,598162,0.008315035,0.004167302045971155,0.004213095176964998,0.004197703208774328
482917,dct_low_nontargeted_white_box_eps0.0627_iter1,0.10000000000000002,0.04000000000000001,0.99913406,58.063969082445084,0.9997797012329102,0.9999141693115234,0.0073464736342430115,0.0013407468795776367,479319,0.0021621676,0.0012474165996536613,0.0012475249823182821,0.0012412263313308358
412894,dct_low_nontargeted_white_box_eps0.0627_iter1,0.11946336832700469,0.11767769864544059,0.9993269,58.112914727990955,0.9998713731765747,0.9999511241912842,0.00462229922413826,0.000639498233795166,500194,0.0021447176,0.0012293187901377678,0.0012372320052236319,0.0012277319328859448
392722,dct_low_nontargeted_white_box_eps0.0627_iter1,0.14784688995215312,0.12121212121212122,0.99942255,58.03987978780117,0.9998423457145691,0.9999625086784363,0.004332337528467178,0.0003224611282348633,519257,0.0021700345,0.001252282178029418,0.00125233200378716,0.0012523102341219783
264535,dct_low_nontargeted_white_box_eps0.0627_iter3,0.2848484848484849,0.2803030303030302,0.99896294,53.14184755409508,0.9998289942741394,0.999890923500061,0.005492922849953175,0.0007556676864624023,532365,0.003554699,0.001885038334876299,0.0018810272449627519,0.0018999038729816675
458755,dct_low_nontargeted_white_box_eps0.0627_iter5,0.2337662337662338,0.22727272727272727,0.9981801,50.70405883100115,0.9995396137237549,0.9998067617416382,0.011966900900006294,0.0027462244033813477,564128,0.004670061,0.0024463164154440165,0.0024382094852626324,0.0024505353067070246
130599,dct_low_nontargeted_white_box_eps0.0627_iter19,1.0000000000000002,0.33333333333333326,0.9897077,44.34988269654895,0.9971424341201782,0.9990842938423157,0.061760202050209045,0.008868277072906494,618856,0.009569641,0.004897119011729956,0.004904263187199831,0.0048873648047447205
456559,dct_low_nontargeted_white_box_eps0.0627_iter26,0.5000000000000001,0.12500000000000003,0.97133464,43.8313139685156,0.9919415712356567,0.9970992207527161,0.20775364339351654,0.022140085697174072,617523,0.010105932,0.005081943701952696,0.005095832981169224,0.005077386274933815
140640,dct_low_nontargeted_white_box_eps0.0627_iter2,0.16363636363636364,0.13636363636363633,0.9984722,54.904452067486105,0.9996232390403748,0.9998534321784973,0.013328075408935547,0.0009401440620422363,325309,0.0027705391,0.0012907193740829825,0.0012884801253676414,0.0012903111055493355
385190,dct_low_nontargeted_white_box_eps0.0627_iter1,0.2848484848484849,0.21212121212121215,0.99950665,58.05777812487132,0.9998871088027954,0.9999523758888245,0.006861201487481594,0.00024008750915527344,512570,0.0021641352,0.001246648607775569,0.0012477939017117023,0.00124702590983361
21903,dct_low_nontargeted_white_box_eps0.0627_iter17,0.33333333333333326,0.25000000000000006,0.9934357,45.455640018335416,0.998367965221405,0.9994600415229797,0.027783779427409172,0.004081547260284424,611706,0.0084525775,0.004354773089289665,0.004301033448427916,0.004268870688974857
337055,dct_low_nontargeted_white_box_eps0.0627_iter25,0.5000000000000001,0.16666666666666663,0.9895641,43.190709510279504,0.9964412450790405,0.9986228346824646,0.04389909654855728,0.014172375202178955,625923,0.010968839,0.00557837076485157,0.005570751149207354,0.005586231127381325
34139,dct_low_nontargeted_white_box_eps0.0627_iter1,0.3333333333333334,0.28282828282828276,0.9994552,58.07420796209718,0.9998869299888611,0.9999551177024841,0.0028139876667410135,0.00022727251052856445,504502,0.0021588344,0.0012428415939211845,0.001240457990206778,0.001244060113094747
121031,dct_low_nontargeted_white_box_eps0.0627_iter2,0.3142857142857143,0.28571428571428575,0.9997435,54.58098083161596,0.9999014139175415,0.9999539852142334,0.0011811029398813844,0.0005155205726623535,396819,0.0029667346,0.001383344060741365,0.001392674632370472,0.001394117483869195
464089,dct_low_nontargeted_white_box_eps0.0627_iter2,0.12077922077922079,0.11717171717171718,0.9992048,54.69552029095802,0.9997645616531372,0.9999257326126099,0.003466470632702112,0.00016510486602783203,369819,0.002909198,0.0013495194725692272,0.00135314860381186,0.0013566785492002964
453708,dct_low_nontargeted_white_box_eps0.0627_iter1,0.41464646464646454,0.37373737373737365,0.9991308,58.10408954608151,0.9998005628585815,0.9999443292617798,0.012131333351135254,0.00269925594329834,477564,0.0021452121,0.0012314239284023643,0.0012340785469859838,0.001236303593032062
261116,dct_low_nontargeted_white_box_eps0.0627_iter3,0.10000000000000002,0.021818181818181823,0.99771667,52.842238471651484,0.9994591474533081,0.9998042583465576,0.016786066815257072,0.00147324800491333,497605,0.0036677017,0.0019699232652783394,0.0019802635069936514,0.00196236209012568
273715,dct_low_nontargeted_white_box_eps0.0627_iter2,0.47272727272727283,0.3636363636363637,0.9976203,54.85910777897128,0.9995585680007935,0.9998309016227722,0.01701541617512703,0.00045186281204223633,301391,0.0027818184,0.0013145592529326677,0.0013144048862159252,0.0013104554964229465
456303,dct_low_nontargeted_white_box_eps0.0627_iter1,0.12121212121212122,0.0,0.99880904,58.31071603522494,0.9997841715812683,0.9999348521232605,0.011920632794499397,0.0012369155883789062,457632,0.0020908997,0.001238267170265317,0.001210042042657733,0.0010814928682520986
406611,dct_low_nontargeted_white_box_eps0.0627_iter1,0.11697621375040729,0.11515151515151516,0.99933547,58.05095207977057,0.999820351600647,0.9999601244926453,0.00852234661579132,0.0003699064254760742,519288,0.0021667168,0.0012490155640989542,0.001248890534043312,0.0012494520051404834
475064,dct_low_nontargeted_white_box_eps0.0627_iter1,0.3749999999999999,0.1272727272727273,0.9991992,58.11621420176208,0.9998573064804077,0.9999561905860901,0.00554854329675436,0.00024271011352539062,462655,0.002144699,0.001237196964211762,0.0012389379553496838,0.0012153307907283306
137246,dct_low_nontargeted_white_box_eps0.0627_iter23,0.1666666666666667,0.14141414141414138,0.98203236,43.8419630721028,0.995799720287323,0.9985916018486023,0.10999226570129395,0.012950003147125244,620110,0.010116343,0.005164335481822491,0.005194131284952164,0.005167640279978514
162092,dct_low_nontargeted_white_box_eps0.0627_iter2,0.19794580419580418,0.16893115942028983,0.99793315,55.01913592776297,0.9994807243347168,0.9997771978378296,0.019068965688347816,0.004552304744720459,306812,0.002718301,0.001264742692001164,0.0012614282313734293,0.0012549572857096791
263969,dct_low_nontargeted_white_box_eps0.0627_iter1,0.19318181818181815,0.12500000000000003,0.99875516,58.40453827715784,0.9998378157615662,0.9999451041221619,0.0089526092633605,0.0006487369537353516,424749,0.002029974,0.0011635783594101667,0.0011522506829351187,0.0011385342804715037
551439,dct_low_nontargeted_white_box_eps0.0627_iter1,0.3333333333333334,0.1666666666666667,0.9990476,58.1751538902074,0.999817967414856,0.9999336004257202,0.0071294428780674934,0.0005218982696533203,461062,0.0021197281,0.0012218544725328684,0.001216413453221321,0.0012034246465191245
554735,dct_low_nontargeted_white_box_eps0.0627_iter26,0.25000000000000006,0.07142857142857144,0.9734706,43.67514718885825,0.9932321310043335,0.9979363083839417,0.17123419046401978,0.020596086978912354,617550,0.0102615915,0.005187581293284893,0.005179360043257475,0.0051715481095016
386352,dct_low_nontargeted_white_box_eps0.0627_iter3,0.31060606060606066,0.29055258467023176,0.99757296,53.00555730276935,0.999495267868042,0.9998378157615662,0.019931823015213013,0.0010970830917358398,490395,0.0035958183,0.0019387078937143087,0.0019349770154803991,0.001935998210683465
578489,dct_low_nontargeted_white_box_eps0.0627_iter1,0.22727272727272732,0.2244318181818182,0.999126,58.07594162508795,0.9998140335083008,0.9999226331710815,0.006781773641705513,0.001101851463317871,485060,0.0021590132,0.0012458490673452616,0.0012502757599577308,0.0012297480134293437
448076,dct_low_nontargeted_white_box_eps0.0627_iter2,0.1666666666666667,0.15800865800865804,0.99826294,54.86418657890499,0.9995667338371277,0.9998360872268677,0.010731262154877186,0.0006992816925048828,312151,0.0027584292,0.0013049537083134055,0.001302690478041768,0.001303105498664081
221291,dct_low_nontargeted_white_box_eps0.0627_iter41,0.5000000000000001,0.0,0.9500773,41.19887305999187,0.986153781414032,0.9910534620285034,0.33062291145324707,0.044504404067993164,629791,0.013584099,0.0069601768627762794,0.006968141999095678,0.006993578281253576
199310,dct_low_nontargeted_white_box_eps0.0627_iter7,0.5000000000000001,0.25000000000000006,0.99612874,48.243380288690375,0.9990992546081543,0.9996840953826904,0.01462379191070795,0.002941727638244629,575849,0.006152765,0.0031734949443489313,0.003235515207052231,0.0031654697377234697
89648,dct_low_nontargeted_white_box_eps0.0627_iter1,0.12424242424242427,0.12100840336134455,0.9991928,58.042888441675615,0.9998199343681335,0.9999374747276306,0.00661873584613204,0.00039708614349365234,496604,0.0021690726,0.0012514813570305705,0.0012513641268014908,0.0012514886911958456
520264,dct_low_nontargeted_white_box_eps0.0627_iter19,0.14285714285714288,0.12121212121212119,0.98397404,44.61999666860524,0.9959167838096619,0.998455286026001,0.09382336586713791,0.01467585563659668,612596,0.009200001,0.004743779543787241,0.004723908845335245,0.004734567366540432
151000,dct_low_nontargeted_white_box_eps0.0627_iter1,0.16477272727272727,0.13181818181818183,0.9991639,58.06653110844973,0.9998254776000977,0.9999412894248962,0.006227570585906506,0.0002980232238769531,480125,0.0021611415,0.0012448090128600597,0.0012451366055756807,0.001243992825038731
100624,dct_low_nontargeted_white_box_eps0.0627_iter3,0.13636363636363635,0.0827922077922078,0.9966982,53.143274998616654,0.9993970394134521,0.9998041987419128,0.03157646954059601,0.0021648406982421875,465493,0.0035192214,0.0019078099867329001,0.0018920477014034986,0.0018719742074608803
332570,dct_low_nontargeted_white_box_eps0.0627_iter22,0.5000000000000001,0.12500000000000003,0.9817626,44.05623238552813,0.9961287379264832,0.9982357025146484,0.14054858684539795,0.018668830394744873,614538,0.009620931,0.00485964072868228,0.004846971016377211,0.004904675297439098
117645,dct_low_nontargeted_white_box_eps0.0627_iter12,0.5000000000000001,0.0,0.9843719,47.19789075004649,0.9956320524215698,0.998272180557251,0.14560186862945557,0.020748019218444824,576689,0.0068597123,0.00341976061463356,0.0034049502573907375,0.003414844162762165
202228,dct_low_nontargeted_white_box_eps0.0627_iter4,1.0000000000000002,0.25000000000000006,0.99479324,51.69559143453636,0.9985909461975098,0.9992451667785645,0.04344385117292404,0.005398690700531006,444444,0.004079218,0.0019760809373110533,0.001967128599062562,0.0019827052019536495
403565,dct_low_nontargeted_white_box_eps0.0627_iter3,0.3333333333333334,0.1666666666666667,0.998535,52.86716833645852,0.9995503425598145,0.9998960494995117,0.007900611497461796,0.0008609294891357422,523106,0.0036663048,0.0019620873499661684,0.001966234063729644,0.0019569138530641794
441586,dct_low_nontargeted_white_box_eps0.0627_iter1,0.1053030303030303,0.09772727272727273,0.9993088,58.057395015405504,0.999825119972229,0.9999405145645142,0.0038669039495289326,0.00027370452880859375,503226,0.0021650554,0.0012399262050166726,0.0012499321019276977,0.0012519282754510641
97679,dct_low_nontargeted_white_box_eps0.0627_iter1,0.1666666666666667,0.09523809523809525,0.9992065,58.03466460865634,0.9997721910476685,0.999936044216156,0.010561012662947178,0.0005500316619873047,511746,0.0021717977,0.0012538485461845994,0.0012538034934550524,0.00125378358643502
99054,dct_low_nontargeted_white_box_eps0.0627_iter1,0.24848484848484853,0.20000000000000004,0.999207,58.03750983668235,0.9997941255569458,0.9999527931213379,0.010652007535099983,0.00029098987579345703,500989,0.0021710012,0.0012529401574283838,0.001253504422493279,0.0012525353813543916
570539,dct_low_nontargeted_white_box_eps0.0627_iter7,0.1189033189033189,0.0808080808080808,0.9943935,49.41495567399851,0.9988465309143066,0.9996291995048523,0.03177325427532196,0.004356503486633301,546441,0.0053285398,0.0028035484720021486,0.002797701396048069,0.002771834610030055
559956,dct_low_nontargeted_white_box_eps0.0627_iter1,0.17532467532467533,0.17045454545454541,0.9995017,58.03598747509739,0.9998760223388672,0.9999563694000244,0.0028287270106375217,0.0003135204315185547,514205,0.0021714524,0.001253840047866106,0.0012539016315713525,0.0012525637866929173
11197,dct_low_nontargeted_white_box_eps0.0627_iter4,0.10454545454545454,0.10181818181818184,0.99686193,51.302293475211954,0.9991593360900879,0.9997217059135437,0.02668052166700363,0.006302058696746826,481922,0.004329984,0.002101041143760085,0.002108854241669178,0.0020882587414234877
483667,dct_low_nontargeted_white_box_eps0.0627_iter35,0.1666666666666667,0.0,0.9657073,42.446210236268996,0.9900066256523132,0.9964140057563782,0.16575200855731964,0.032411158084869385,627106,0.011882189,0.006062124855816364,0.006054133642464876,0.006071306765079498
448810,dct_low_nontargeted_white_box_eps0.0627_iter10,1.0000000000000002,0.0,0.99200433,46.98619882736519,0.9983660578727722,0.9993975758552551,0.03616544231772423,0.004904568195343018,579828,0.00704766,0.0035345032811164856,0.003513768082484603,0.0035363349597901106
21167,dct_low_nontargeted_white_box_eps0.0627_iter14,0.3333333333333334,0.22222222222222218,0.9824411,46.38791228516837,0.9950539469718933,0.9978849291801453,0.18995918333530426,0.028874576091766357,588391,0.007520113,0.0037535044830292463,0.003762719454243779,0.0037673236802220345
384468,dct_low_nontargeted_white_box_eps0.0627_iter1,0.21212121212121207,0.2045454545454545,0.99963695,58.19853894467378,0.9999030828475952,0.9999620318412781,0.0023120830301195383,0.0004572868347167969,512229,0.002105253,0.0012072919635102153,0.0012074901023879647,0.0012073791585862637
253742,dct_low_nontargeted_white_box_eps0.0627_iter5,0.1753246753246753,0.17356601731601737,0.99848145,50.27586324718343,0.9995275735855103,0.9997590780258179,0.005253208335489035,0.0017915964126586914,572704,0.0049156793,0.0025734216906130314,0.0025791942607611418,0.002555292099714279
186873,dct_low_nontargeted_white_box_eps0.0627_iter1,0.463269054178145,0.3977272727272726,0.99924487,58.0484594698524,0.9998309016227722,0.9999566078186035,0.008905043825507164,0.0003249645233154297,491293,0.0021680286,0.0012533259578049183,0.0012421931605786085,0.0012540030293166637
64462,dct_low_nontargeted_white_box_eps0.0627_iter28,0.5000000000000001,0.0,0.97184736,43.378216828554564,0.993327796459198,0.997900664806366,0.14476579427719116,0.026049435138702393,619690,0.010660363,0.005318601615726948,0.005337701644748449,0.005383302457630634
68387,dct_low_nontargeted_white_box_eps0.0627_iter5,0.3333333333333334,0.2878787878787879,0.99509174,50.599244185875634,0.9986622333526611,0.9995266199111938,0.03011859767138958,0.0029298067092895508,535095,0.0046925186,0.002481280593201518,0.0024737105704844,0.002469691913574934
345466,dct_low_nontargeted_white_box_eps0.0627_iter3,0.13257575757575754,0.11277056277056278,0.99803114,52.578316027621604,0.99951171875,0.9998782873153687,0.006694143638014793,0.0006350278854370117,508795,0.0038034755,0.002040805760771036,0.0020377328619360924,0.0020371528808027506
113235,dct_low_nontargeted_white_box_eps0.0627_iter2,0.12500000000000003,0.06250000000000001,0.99924296,54.677416418869356,0.9997910857200623,0.9999151825904846,0.004473987966775894,0.0012568235397338867,362221,0.002911891,0.0013588475994765759,0.001362007693387568,0.0013562142848968506
163640,dct_low_nontargeted_white_box_eps0.0627_iter12,0.25000000000000006,0.22727272727272724,0.9948311,46.82691435117456,0.9985548257827759,0.9994310736656189,0.022289659827947617,0.0047653913497924805,589677,0.0072127404,0.003567767795175314,0.003574931062757969,0.003578067757189274
1490,dct_low_nontargeted_white_box_eps0.0627_iter3,0.25000000000000006,0.16666666666666663,0.99846405,52.95754604046238,0.9995476603507996,0.9999168515205383,0.03687503933906555,0.009219884872436523,521397,0.0036347245,0.001946937176398933,0.0019574176985770464,0.0019421186298131943
329456,dct_low_nontargeted_white_box_eps0.0627_iter1,0.23701298701298706,0.2234848484848485,0.999235,58.138748901905856,0.9998463988304138,0.9999485015869141,0.008242249488830566,0.0006406307220458984,496374,0.0021362163,0.001219885773025453,0.00121460878290236,0.0012378660030663013
260470,dct_low_nontargeted_white_box_eps0.0627_iter5,0.12878787878787878,0.125,0.99610394,50.7117927571203,0.9992794990539551,0.9997929334640503,0.03546666353940964,0.002133607864379883,528644,0.0046234853,0.0024424877483397722,0.0024511434603482485,0.0024016681127250195
252776,dct_low_nontargeted_white_box_eps0.0627_iter2,0.3333333333333334,0.2848484848484849,0.99793077,54.954316928440164,0.9995154142379761,0.9998461604118347,0.022564871236681938,0.002620398998260498,293871,0.0027121378,0.001274154637940228,0.0012738287914544344,0.0012756361393257976
201072,dct_low_nontargeted_white_box_eps0.0627_iter1,0.40909090909090906,0.3636363636363637,0.99933416,58.04339981834087,0.9998447299003601,0.9999665021896362,0.0070866490714251995,0.0002532005310058594,481634,0.0021690582,0.0012506261700764298,0.0012521777534857392,0.001251076813787222
18150,dct_low_nontargeted_white_box_eps0.0627_iter13,0.1545454545454545,0.14545454545454548,0.99027354,46.421975920823435,0.9973129630088806,0.998953104019165,0.03755006194114685,0.006727457046508789,601527,0.007554897,0.003878428367897868,0.0038885066751390696,0.0038847660180181265
518770,dct_low_nontargeted_white_box_eps0.0627_iter1,0.22727272727272735,0.1914862914862915,0.9991009,58.04288587351749,0.9997679591178894,0.9999287724494934,0.0086002666503191,0.0004807710647583008,480465,0.0021687646,0.0012517115101218224,0.0012517827562987804,0.0012508579529821873
201646,dct_low_nontargeted_white_box_eps0.0627_iter28,0.25000000000000006,0.12500000000000003,0.9744241,43.477868216117976,0.9923345446586609,0.9971343278884888,0.12324261665344238,0.01058882474899292,619102,0.010511513,0.0052948142401874065,0.005313011817634106,0.005299809854477644
59044,dct_low_nontargeted_white_box_eps0.0627_iter1,0.22617816965643048,0.0950381140598532,0.99910337,58.03963549574378,0.9997805953025818,0.9999250173568726,0.009163953363895416,0.0011060237884521484,490071,0.0021701094,0.0012523712357506156,0.0012526314239948988,0.0012521524913609028
172946,dct_low_nontargeted_white_box_eps0.0627_iter1,0.2232582232582232,0.15367965367965367,0.9991949,58.03487063443473,0.9998050928115845,0.9999448657035828,0.007322143763303757,0.0010603070259094238,493046,0.0021717376,0.0012538221199065447,0.0012538689188659191,0.0012535888236016035
234607,dct_low_nontargeted_white_box_eps0.0627_iter2,0.5000000000000001,0.42424242424242414,0.9981277,54.88091170716246,0.9995622038841248,0.9998579621315002,0.013826078735291958,0.0008330941200256348,308637,0.0027702514,0.0012933635152876377,0.0012976163998246193,0.0013013372663408518
532690,dct_low_nontargeted_white_box_eps0.0627_iter4,0.21212121212121215,0.1471861471861472,0.99677944,51.93687305836568,0.9990522265434265,0.9996535181999207,0.022156894207000732,0.004070162773132324,448885,0.003978633,0.00189865380525589,0.0019058111356571317,0.0019017249578610063
323895,dct_low_nontargeted_white_box_eps0.0627_iter1,0.5000000000000001,0.27272727272727276,0.9991681,58.046905928482346,0.9997316598892212,0.9999095797538757,0.0042127519845962524,0.0003533363342285156,499774,0.002167791,0.0012492177775129676,0.0012500099837779999,0.001251619542017579
384670,dct_low_nontargeted_white_box_eps0.0627_iter25,0.28282828282828276,0.22222222222222218,0.97904915,43.72587427292708,0.9925166964530945,0.9972547292709351,0.07332378625869751,0.006007492542266846,622165,0.010276345,0.0052248756401240826,0.005254369229078293,0.005236287135630846
162035,dct_low_nontargeted_white_box_eps0.0627_iter1,0.3677685950413224,0.303030303030303,0.99940014,58.04062021730769,0.9998154640197754,0.9999333620071411,0.003750060684978962,0.0005023479461669922,523664,0.0021696612,0.0012521708849817514,0.0012520152376964688,0.0012521324679255486
415727,dct_low_nontargeted_white_box_eps0.0627_iter1,0.22727272727272724,0.15909090909090912,0.9992663,58.052330554853015,0.9998535513877869,0.9999487400054932,0.004640191327780485,0.0003656148910522461,471833,0.0021665893,0.0012496664421632886,0.0012495781993493438,0.001246931729838252
182021,dct_low_nontargeted_white_box_eps0.0627_iter2,0.21212121212121215,0.1818181818181818,0.99742,55.05909860112153,0.9993903040885925,0.9997785091400146,0.031022917479276657,0.003135204315185547,279029,0.0026450267,0.0012415818637236953,0.0012449967907741666,0.0012449226342141628
90284,dct_low_nontargeted_white_box_eps0.0627_iter22,0.5000000000000001,0.25000000000000006,0.9742004,43.53053488143782,0.9926347136497498,0.9969121217727661,0.12361229211091995,0.018687129020690918,613837,0.010314319,0.005219738930463791,0.005232257302850485,0.005294452887028456
5060,dct_low_nontargeted_white_box_eps0.0627_iter30,0.5000000000000001,0.0,0.9849165,42.47660183075676,0.9950525164604187,0.9974857568740845,0.038506995886564255,0.010474920272827148,626286,0.011864356,0.0059578558430075645,0.005948726087808609,0.005966272205114365
286523,dct_low_nontargeted_white_box_eps0.0627_iter3,0.5000000000000001,0.12500000000000003,0.99730474,53.13866519000466,0.99945068359375,0.9997961521148682,0.026197019964456558,0.0018613338470458984,488399,0.003531725,0.0019028488313779235,0.0019053281284868717,0.0018990638200193644
120420,dct_low_nontargeted_white_box_eps0.0627_iter1,0.1218181818181818,0.09999999999999999,0.99962693,58.04880295141139,0.9999169707298279,0.999968945980072,0.0017374795861542225,0.00021648406982421875,519461,0.0021673,0.0012488189386203885,0.00124990358017385,0.0012505000922828913
579655,dct_low_nontargeted_white_box_eps0.0627_iter40,0.20000000000000004,0.06666666666666665,0.9542524,41.97925570819212,0.9932490587234497,0.9975777864456177,0.16707685589790344,0.0312650203704834,616465,0.012474047,0.006266479380428791,0.00630525266751647,0.006260583642870188
223747,dct_low_nontargeted_white_box_eps0.0627_iter6,0.11111111111111109,0.055555555555555546,0.9946669,50.07837824131185,0.9983781576156616,0.9992830157279968,0.08310733735561371,0.00802624225616455,509076,0.004933113,0.0024051149375736713,0.0024179809261113405,0.002407102147117257
297578,dct_low_nontargeted_white_box_eps0.0627_iter5,0.25000000000000006,0.22727272727272724,0.9934152,51.05312583839825,0.9989460706710815,0.9996359944343567,0.06972368061542511,0.0031691789627075195,495835,0.0044189007,0.002319308463484049,0.0023182921577244997,0.0023362000938504934
164602,dct_low_nontargeted_white_box_eps0.0627_iter27,0.3333333333333334,0.22222222222222218,0.977699,43.5737447398233,0.9942048788070679,0.9979737401008606,0.09668883681297302,0.0135040283203125,621268,0.010424507,0.005337254144251347,0.005313897039741278,0.005354924593120813
67180,dct_low_nontargeted_white_box_eps0.0627_iter6,0.5000000000000001,0.16666666666666663,0.9984835,50.06986049025529,0.999457061290741,0.9997644424438477,0.00783596746623516,0.003317594528198242,533182,0.0049822493,0.002410761546343565,0.002411467023193836,0.002407798310741782
126226,dct_low_nontargeted_white_box_eps0.0627_iter1,0.1818181818181818,0.1696969696969697,0.99928445,58.0754475352051,0.9998108744621277,0.9999302625656128,0.0038462893571704626,0.00042384862899780273,495326,0.0021582947,0.0012420711573213339,0.0012461489532142878,0.0012380597181618214
190923,dct_low_nontargeted_white_box_eps0.0627_iter1,0.1590909090909091,0.11587380011293054,0.9994502,58.05364260598193,0.999883770942688,0.9999663233757019,0.0029541649855673313,0.0011235475540161133,503212,0.0021656817,0.001246524858288467,0.0012479749275371432,0.0012505450285971165
150265,dct_low_nontargeted_white_box_eps0.0627_iter1,0.31168831168831174,0.2205387205387205,0.99921757,58.053406425752165,0.9997920393943787,0.9999323487281799,0.004323903005570173,0.0007131099700927734,504302,0.0021661848,0.0012481961166486144,0.0012527387589216232,0.0012443263549357653
38048,dct_low_nontargeted_white_box_eps0.0627_iter2,0.12500000000000003,0.0,0.99859935,54.74685478313055,0.9996371269226074,0.9998987913131714,0.010993964038789272,0.0007184743881225586,332662,0.0028605836,0.0013387780636548996,0.0013451476115733385,0.0013332451926544309
525155,dct_low_nontargeted_white_box_eps0.0627_iter9,0.5000000000000001,0.16666666666666663,0.9900036,48.42193497687022,0.9971784949302673,0.9987568259239197,0.15986087918281555,0.011729061603546143,572599,0.005986297,0.0031077673193067312,0.0031100106425583363,0.0031193408649414778
163314,dct_low_nontargeted_white_box_eps0.0627_iter1,0.17121440650852415,0.15309343434343434,0.99932665,58.04971770467084,0.9998719096183777,0.9999544620513916,0.004200282506644726,0.0005483627319335938,489629,0.0021672265,0.00125291442964226,0.0012484719045460224,0.0012470601359382272
259571,dct_low_nontargeted_white_box_eps0.0627_iter1,0.22237076648841358,0.101010101010101,0.99929386,58.04716165010412,0.9998270869255066,0.9999463558197021,0.004667490255087614,0.0009314417839050293,494462,0.0021681557,0.001245772116817534,0.0012519261799752712,0.001252947375178337
236166,dct_low_nontargeted_white_box_eps0.0627_iter1,0.5000000000000001,0.25000000000000006,0.9992264,58.14925894819353,0.9998204112052917,0.9999357461929321,0.006331183947622776,0.0004805326461791992,486912,0.0021245677,0.0012222552904859185,0.001221696031279862,0.0012195329181849957
153529,dct_low_nontargeted_white_box_eps0.0627_iter1,0.15259740259740262,0.14350649350649353,0.9994343,58.06884692437713,0.9998557567596436,0.9999343156814575,0.0034260812681168318,0.0006284713745117188,518134,0.0021618672,0.0012309253215789795,0.0012501965975388885,0.0012508237268775702
219271,dct_low_nontargeted_white_box_eps0.0627_iter3,0.15588842975206613,0.1515151515151515,0.99801344,53.11852248805289,0.9994713664054871,0.9998767375946045,0.03129963204264641,0.004058122634887695,527572,0.0035686013,0.0019088081317022443,0.0019141393713653088,0.001912629115395248
460841,dct_low_nontargeted_white_box_eps0.0627_iter8,0.12500000000000003,0.0,0.9911544,48.86077320318862,0.997462272644043,0.9986842274665833,0.09650130569934845,0.010732054710388184,541758,0.0056695435,0.0027952101081609726,0.002782569034025073,0.0028016427531838417
511599,dct_low_nontargeted_white_box_eps0.0627_iter1,0.12878787878787878,0.11212121212121214,0.9994643,58.03503765576974,0.9998446702957153,0.9999622106552124,0.0023325132206082344,0.00020772218704223633,533918,0.002171675,0.00125373515766114,0.0012537339935079217,0.0012536374852061272
87470,dct_low_nontargeted_white_box_eps0.0627_iter2,0.11111111111111109,0.10984848484848485,0.9989099,54.86879989773291,0.9997209906578064,0.9999047517776489,0.006603415589779615,0.00192946195602417,338549,0.002811197,0.001299169147387147,0.0012965815840288997,0.001303026918321848
558114,dct_low_nontargeted_white_box_eps0.0627_iter1,0.10472255017709564,0.09801697505046787,0.9993997,58.06198165495598,0.9998647570610046,0.9999508261680603,0.0031353761442005634,0.0003974437713623047,494815,0.0021642281,0.0012535757850855589,0.0012386045418679714,0.0012456881813704967
163257,dct_low_nontargeted_white_box_eps0.0627_iter3,0.5000000000000001,0.42424242424242414,0.9963722,52.857238269048324,0.9992420673370361,0.9997497200965881,0.032989732921123505,0.002008795738220215,474666,0.0036483372,0.0019621376413851976,0.0019595171324908733,0.001964826136827469
361551,dct_low_nontargeted_white_box_eps0.0627_iter1,0.21717171717171724,0.20454545454545459,0.999114,58.0341445484262,0.9997698068618774,0.9999281764030457,0.007774625904858112,0.0006380081176757812,501949,0.0021719553,0.001253968570381403,0.0012539590243250132,0.00125395436771214
342971,dct_low_nontargeted_white_box_eps0.0627_iter11,0.5000000000000001,0.25000000000000006,0.9914975,47.172272090824066,0.9977056384086609,0.9995313882827759,0.08236779272556305,0.008852481842041016,591571,0.0069214655,0.0035693077370524406,0.0035769310779869556,0.0035759201273322105
361919,dct_low_nontargeted_white_box_eps0.0627_iter1,0.18124098124098123,0.17370978029285236,0.9991239,58.036455564741296,0.9997520446777344,0.9999277591705322,0.012591676786541939,0.0007894039154052734,490340,0.002171266,0.001252935966476798,0.0012534453999251127,0.0012535081477835774
374369,dct_low_nontargeted_white_box_eps0.0627_iter33,0.5000000000000001,0.0,0.9536616,42.47846335112955,0.9866650104522705,0.9918403029441833,0.3146894574165344,0.0662689208984375,625326,0.011759467,0.0060208626091480255,0.0060302820056676865,0.0060601066797971725
123213,dct_low_nontargeted_white_box_eps0.0627_iter5,0.13456152433425161,0.13414141414141414,0.99691767,51.145048639925186,0.9991884231567383,0.9997934699058533,0.009004761464893818,0.0010225772857666016,545439,0.004416621,0.0023265997879207134,0.00231250561773777,0.002326337853446603
357742,dct_low_nontargeted_white_box_eps0.0627_iter10,0.5000000000000001,0.0,0.98998934,47.21527131900295,0.9971451759338379,0.9988990426063538,0.12175643444061279,0.02033066749572754,574084,0.0068405257,0.003403562819585204,0.003398081986233592,0.0034263425040990114
439854,dct_low_nontargeted_white_box_eps0.0627_iter1,0.1462121212121212,0.10399600399600402,0.99886245,58.076129087201295,0.9997307062149048,0.9998963475227356,0.010950790718197823,0.0007548332214355469,454832,0.0021598877,0.0012291072634980083,0.0012488528154790401,0.0012477459385991096
465836,dct_low_nontargeted_white_box_eps0.0627_iter25,0.3333333333333334,0.2545454545454546,0.9846165,43.43888252787123,0.9962677955627441,0.9987154603004456,0.07581262290477753,0.010713934898376465,624173,0.010652843,0.005412788596004248,0.005424210336059332,0.005433598533272743
414385,dct_low_nontargeted_white_box_eps0.0627_iter3,0.3333333333333334,0.08333333333333336,0.9967795,53.03532445075378,0.9990646243095398,0.9995301961898804,0.024490591138601303,0.0033562183380126953,493220,0.003583825,0.0019352056551724672,0.0019323411397635937,0.0019226776203140616
322724,dct_low_nontargeted_white_box_eps0.0627_iter2,0.5000000000000001,0.27272727272727276,0.99798185,55.285806344908615,0.9995388984680176,0.9998064041137695,0.028780434280633926,0.001527547836303711,323995,0.0025720512,0.0011903801932930946,0.001215002965182066,0.001221093232743442
481390,dct_low_nontargeted_white_box_eps0.0627_iter1,0.14214876033057852,0.13914438502673795,0.99962467,58.10471295065654,0.9999037981033325,0.999967098236084,0.0009090828825719655,0.0002409219741821289,515448,0.002150824,0.0012248390121385455,0.0012341903056949377,0.001242221798747778
276434,dct_low_nontargeted_white_box_eps0.0627_iter1,0.12929292929292932,0.08484848484848483,0.9991682,58.06094563473351,0.999814510345459,0.9999228715896606,0.005707306321710348,0.0003126859664916992,486462,0.0021641531,0.0012415151577442884,0.001250306610018015,0.0012469264911487699
579635,dct_low_nontargeted_white_box_eps0.0627_iter22,0.3333333333333334,0.0,0.9779625,43.92189962072084,0.9937025904655457,0.9984431862831116,0.15135256946086884,0.024752438068389893,616017,0.009985799,0.005002031102776527,0.005043416749686003,0.005028900690376759
295316,dct_low_nontargeted_white_box_eps0.0627_iter7,0.47272727272727283,0.3636363636363637,0.9933364,49.33430378420055,0.9981409907341003,0.9993834495544434,0.05151660740375519,0.005943477153778076,550599,0.0053815274,0.002808365738019347,0.0028231688775122166,0.0028294366784393787
183127,dct_low_nontargeted_white_box_eps0.0627_iter13,0.25000000000000006,0.0,0.98805445,46.25902773107299,0.9962704181671143,0.9989113807678223,0.06024304777383804,0.008429348468780518,603483,0.007700025,0.0039606052450835705,0.003973810002207756,0.003946333192288876
115898,dct_low_nontargeted_white_box_eps0.0627_iter28,0.5000000000000001,0.10000000000000002,0.9890142,42.320701295889464,0.9968819618225098,0.998592734336853,0.05359775573015213,0.01118701696395874,627730,0.012108738,0.0060386634431779385,0.006118249148130417,0.006053250283002853
290163,dct_low_nontargeted_white_box_eps0.0627_iter1,0.11748251748251748,0.08181818181818182,0.9991815,58.04137659634668,0.9998196363449097,0.999938428401947,0.006295206490904093,0.0002200603485107422,487886,0.0021698915,0.0012528729857876897,0.0012536492431536317,0.0012491104425862432
91406,dct_low_nontargeted_white_box_eps0.0627_iter2,0.12337662337662336,0.10204081632653061,0.9983013,54.93229817926698,0.9996013045310974,0.999885082244873,0.01335426140576601,0.0012507438659667969,314019,0.0027542494,0.0012820715783163905,0.0012793263886123896,0.0012838357361033559
223959,dct_low_nontargeted_white_box_eps0.0627_iter11,0.5000000000000001,0.10000000000000002,0.9886821,47.01351637004221,0.9969562292098999,0.9990682601928711,0.07622776925563812,0.00801694393157959,593006,0.007050425,0.003629744751378894,0.0036399883683770895,0.0036524811293929815
326248,dct_low_nontargeted_white_box_eps0.0627_iter1,0.14043062200956938,0.12472527472527474,0.9994016,58.05724603038044,0.9998695254325867,0.9999635815620422,0.004553621169179678,0.00038892030715942383,493068,0.0021647236,0.0012467763153836131,0.001248671906068921,0.0012464879546314478
293625,dct_low_nontargeted_white_box_eps0.0627_iter2,0.1666666666666667,0.14141414141414138,0.9980853,54.88316217568804,0.9995334148406982,0.9998092651367188,0.01791995018720627,0.0022945404052734375,297100,0.002743636,0.0012952204560860991,0.0012932855170220137,0.001298263669013977
411817,dct_low_nontargeted_white_box_eps0.0627_iter1,0.125,0.12232565414383596,0.99940175,58.10891768432,0.9998752474784851,0.9999393224716187,0.00287202768959105,0.0004987716674804688,498042,0.0021448678,0.001232014037668705,0.0012335566570982337,0.0012321153189986944
215259,dct_low_nontargeted_white_box_eps0.0627_iter9,0.3333333333333334,0.2575757575757575,0.99074,48.17285359247191,0.9978237152099609,0.9993389844894409,0.07871280610561371,0.004624307155609131,571888,0.0061482415,0.003195335855707526,0.0032020844519138336,0.0031998837366700172
147729,dct_low_nontargeted_white_box_eps0.0627_iter1,0.22077922077922082,0.10606060606060606,0.99908763,58.03950520185115,0.9997226595878601,0.9998921751976013,0.011961561627686024,0.0028731226921081543,473159,0.0021704317,0.0012516577262431383,0.001253507100045681,0.0012521082535386086
579307,dct_low_nontargeted_white_box_eps0.0627_iter8,0.3333333333333334,0.28282828282828276,0.99350476,48.29414894590122,0.9981953501701355,0.9994105100631714,0.04177699238061905,0.0044296979904174805,558096,0.006081576,0.0030132124666124582,0.003009064821526408,0.0030237287282943726
404923,dct_low_nontargeted_white_box_eps0.0627_iter2,0.43181818181818177,0.3977272727272726,0.99901533,55.04909658550986,0.9996534585952759,0.9998765587806702,0.0036638793535530567,0.0001920461654663086,317002,0.0027142519,0.0012530636740848422,0.0012453986564651132,0.0012429265771061182
130586,dct_low_nontargeted_white_box_eps0.0627_iter13,0.5000000000000001,0.25000000000000006,0.9937761,45.946568506052934,0.9982730746269226,0.9991021752357483,0.08364251255989075,0.012140750885009766,607820,0.0077563804,0.003986900206655264,0.003965876996517181,0.003989103250205517
163057,dct_low_nontargeted_white_box_eps0.0627_iter1,0.14476658376179907,0.13741030211618446,0.9993544,58.06969467282162,0.9998180270195007,0.9999311566352844,0.005631051957607269,0.0007207393646240234,517072,0.002162054,0.001253025489859283,0.001252934685908258,0.0012252653250470757
7511,dct_low_nontargeted_white_box_eps0.0627_iter2,0.13073593073593076,0.11287878787878786,0.9984906,55.022083581476274,0.9995996952056885,0.9998765587806702,0.0077337538823485374,0.0020302534103393555,329035,0.0027209083,0.0012628849362954497,0.0012639384949579835,0.001247453154064715
67406,dct_low_nontargeted_white_box_eps0.0627_iter4,0.4545454545454545,0.31818181818181823,0.9946645,51.287369768437195,0.9985284209251404,0.9977852702140808,0.05857912451028824,0.0044782161712646484,449371,0.004260447,0.0021011612843722105,0.0020935379434376955,0.0021052053198218346
248752,dct_low_nontargeted_white_box_eps0.0627_iter18,0.25000000000000006,0.10000000000000002,0.98017937,45.38174233602922,0.9951335191726685,0.9988563656806946,0.1678776890039444,0.011331915855407715,603083,0.008452361,0.004243224859237671,0.004254122730344534,0.0042152246460318565
450303,dct_low_nontargeted_white_box_eps0.0627_iter1,0.11224489795918367,0.10606060606060605,0.99900705,58.04857148742076,0.9997609853744507,0.9999209642410278,0.010389665141701698,0.0007308721542358398,478606,0.002166816,0.0012498421128839254,0.0012495133560150862,0.0012500672601163387
137294,dct_low_nontargeted_white_box_eps0.0627_iter27,0.27272727272727276,0.13636363636363638,0.9771671,43.43674351886378,0.9943239688873291,0.9980877041816711,0.12075306475162506,0.013528883457183838,621653,0.010578752,0.00541800819337368,0.00541833508759737,0.005405294243246317
311180,dct_low_nontargeted_white_box_eps0.0627_iter30,0.25000000000000006,0.16666666666666663,0.97678167,42.93185798634953,0.9945416450500488,0.9983303546905518,0.08545786887407303,0.0077370405197143555,623332,0.011217989,0.0056387754157185555,0.005658273119479418,0.005646565463393927
349184,dct_low_nontargeted_white_box_eps0.0627_iter2,0.2012987012987013,0.1717171717171717,0.9992254,55.109454369997124,0.9998245239257812,0.9998946785926819,0.00419180653989315,0.0004838705062866211,327237,0.0026951141,0.0012287995778024197,0.0012372956844046712,0.0012271495070308447
446651,dct_low_nontargeted_white_box_eps0.0627_iter1,0.24848484848484853,0.16666666666666666,0.9988336,58.27581019718299,0.9998286962509155,0.9999397993087769,0.00965426117181778,0.0007627010345458984,432964,0.00207666,0.0011860381346195936,0.0011857906356453896,0.00118646293412894
227478,dct_low_nontargeted_white_box_eps0.0627_iter1,0.24242424242424246,0.13333333333333336,0.9997309,58.045039672428445,0.9999226331710815,0.9999653100967407,0.0014341201167553663,0.00043761730194091797,549846,0.0021684195,0.0012514087138697505,0.001251312205567956,0.0012497524730861187
255749,dct_low_nontargeted_white_box_eps0.0627_iter1,0.4000000000000001,0.2727272727272727,0.9980603,58.77326408514905,0.9997481107711792,0.9998969435691833,0.017265833914279938,0.0020600557327270508,331068,0.0018821056,0.0010576836066320539,0.0010580538073554635,0.001057458226568997
148719,dct_low_nontargeted_white_box_eps0.0627_iter2,0.5000000000000001,0.25000000000000006,0.9994082,54.94442806785818,0.9998361468315125,0.9999474883079529,0.0020531034097075462,0.0001837015151977539,353399,0.0027896105,0.0012807258171960711,0.001280873198993504,0.0012732556788250804
489842,dct_low_nontargeted_white_box_eps0.0627_iter1,0.1942678011643529,0.18754729962160302,0.99972266,58.04501154301913,0.9999279975891113,0.9999629259109497,0.0013083267258480191,0.0004260540008544922,548526,0.002167851,0.0012508122017607093,0.0012507298961281776,0.0012509337393566966
334555,dct_low_nontargeted_white_box_eps0.0627_iter2,0.10113714037159015,0.09584119584119587,0.99881124,54.783218330812446,0.9997152090072632,0.999896764755249,0.004491413477808237,0.0010224580764770508,345662,0.0028555791,0.0013281230349093676,0.0013318845303729177,0.0013187702279537916
61418,dct_low_nontargeted_white_box_eps0.0627_iter1,0.3030303030303031,0.28192640692640697,0.9995379,58.03401709160427,0.9998721480369568,0.9999677538871765,0.002533149905502796,0.00033223628997802734,524662,0.0021719963,0.001254002912901342,0.001254002912901342,0.001254002912901342
277020,dct_low_nontargeted_white_box_eps0.0627_iter3,0.10606060606060604,0.07272727272727274,0.99382955,53.521237658543555,0.9992284774780273,0.9997410178184509,0.061214227229356766,0.0029956698417663574,388059,0.003301979,0.0017564467852935195,0.0017567696049809456,0.001762546133249998
47828,dct_low_nontargeted_white_box_eps0.0627_iter1,0.14621212121212124,0.0404040404040404,0.998985,58.06315613823073,0.9997005462646484,0.9998887777328491,0.02162419632077217,0.002682924270629883,470441,0.0021637268,0.0012508858926594257,0.0012498791329562664,0.0012360967230051756
183716,dct_low_nontargeted_white_box_eps0.0627_iter7,0.22222222222222218,0.1666666666666667,0.99422175,49.50526407071419,0.9988292455673218,0.9995603561401367,0.029066016897559166,0.0016772747039794922,541505,0.005273037,0.0027580896858125925,0.002758108079433441,0.002756586531177163
271997,dct_low_nontargeted_white_box_eps0.0627_iter39,0.5000000000000001,0.25000000000000006,0.9596355,41.89174423522876,0.9884692430496216,0.9957382082939148,0.20306994020938873,0.03649401664733887,628447,0.012628185,0.006450669839978218,0.006458940915763378,0.0064645628444850445
8532,dct_low_nontargeted_white_box_eps0.0627_iter6,0.5000000000000001,0.25000000000000006,0.99323386,49.9216692833292,0.9983431696891785,0.9993401765823364,0.0936775654554367,0.011513352394104004,502928,0.004991237,0.0024586340878158808,0.0024546515196561813,0.002459823852404952
390555,dct_low_nontargeted_white_box_eps0.0627_iter9,0.12685001273236565,0.12219359587780639,0.9969397,47.51806277668817,0.9993143081665039,0.9996539950370789,0.017042025923728943,0.006142735481262207,596785,0.006690487,0.0034479175228625536,0.0034727000165730715,0.0034345868043601513
68409,dct_low_nontargeted_white_box_eps0.0627_iter2,0.2487373737373737,0.2272727272727273,0.99938107,54.84839399498818,0.9998595714569092,0.999940037727356,0.0035019689239561558,0.0009055733680725098,351397,0.0028378526,0.001307150931097567,0.001307522994466126,0.0013084759702906013
2299,dct_low_nontargeted_white_box_eps0.0627_iter2,0.24065841770941548,0.15419823232323232,0.99941653,54.7248818165082,0.9998993873596191,0.9999452829360962,0.0029059264343231916,0.0005323886871337891,350005,0.0028915212,0.0013403919292613864,0.0013510278658941388,0.0013480469351634383
11051,dct_low_nontargeted_white_box_eps0.0627_iter18,0.5000000000000001,0.3376623376623377,0.979559,45.401564639179746,0.9949261546134949,0.9982896447181702,0.17029060423374176,0.019694983959197998,600450,0.00840253,0.004244100768119097,0.004234430845826864,0.004206238780170679
66038,dct_low_nontargeted_white_box_eps0.0627_iter2,0.10301062573789847,0.0337995337995338,0.99898964,55.046793638130794,0.9997490644454956,0.9999187588691711,0.003689320757985115,0.0003656744956970215,332744,0.002737571,0.0012507963692769408,0.0012570819817483425,0.0012512668035924435
360960,dct_low_nontargeted_white_box_eps0.0627_iter2,0.3961038961038962,0.3818181818181819,0.997324,54.96335206044553,0.999461829662323,0.9998019337654114,0.025898177176713943,0.003949522972106934,284515,0.0027159853,0.0012795580551028252,0.0012820761185139418,0.0012795457150787115
504589,dct_low_nontargeted_white_box_eps0.0627_iter14,0.33333333333333326,0.27272727272727276,0.99134827,44.693907899667884,0.9975267648696899,0.9991055727005005,0.05732285603880882,0.008743524551391602,613787,0.009210764,0.004602757282555103,0.0047044348903000355,0.004562883172184229
23034,dct_low_nontargeted_white_box_eps0.0627_iter1,0.28282828282828276,0.2575757575757575,0.99954534,58.051175865508604,0.9998880624771118,0.9999713897705078,0.0034336536191403866,0.0007145404815673828,521624,0.0021667697,0.0012480758596211672,0.0012501628370955586,0.0012489386135712266
506656,dct_low_nontargeted_white_box_eps0.0627_iter20,0.3333333333333334,0.022222222222222216,0.98328614,44.69259549187083,0.9954243898391724,0.998606264591217,0.0967707484960556,0.014734983444213867,612723,0.009199286,0.004617133177816868,0.004632167052477598,0.004558990243822336
272566,dct_low_nontargeted_white_box_eps0.0627_iter8,0.19318181818181815,0.18181818181818185,0.99857944,48.39462896750429,0.9995671510696411,0.9998062252998352,0.004320288542658091,0.0014106035232543945,568980,0.006057213,0.00297118304297328,0.0029947583097964525,0.002967465901747346
424551,dct_low_nontargeted_white_box_eps0.0627_iter6,0.42424242424242414,0.27272727272727276,0.99415976,49.31528191788294,0.9982845187187195,0.9994654059410095,0.04890206828713417,0.0074852705001831055,538872,0.0054270304,0.0026650112122297287,0.002690790221095085,0.0026692929677665234
341719,dct_low_nontargeted_white_box_eps0.0627_iter1,0.2626262626262627,0.23737373737373738,0.9993968,58.035828583921784,0.999836802482605,0.9999551773071289,0.005375673528760672,0.0004622936248779297,531621,0.0021714352,0.0012532132677733898,0.0012534938286989927,0.0012537201400846243
72795,dct_low_nontargeted_white_box_eps0.0627_iter1,0.2505050505050505,0.2495294366952121,0.9996538,58.051762179373476,0.9999027252197266,0.9999625086784363,0.0017838191706687212,0.00016105175018310547,540723,0.0021662973,0.0012481020530685782,0.00124967226292938,0.0012489048531278968
43816,dct_low_nontargeted_white_box_eps0.0627_iter11,0.21212121212121207,0.18181818181818185,0.9926525,45.4857977193054,0.9975268840789795,0.9990115761756897,0.024505313485860825,0.0036214590072631836,609510,0.008440707,0.004339306149631739,0.004434715956449509,0.004315300844609737
455555,dct_low_nontargeted_white_box_eps0.0627_iter12,0.5000000000000001,0.42424242424242414,0.9894338,47.08243733630755,0.9980583190917969,0.9993200302124023,0.04655906558036804,0.007484793663024902,569391,0.006972443,0.0034453324042260647,0.003462992375716567,0.0034526982344686985
535306,dct_low_nontargeted_white_box_eps0.0627_iter3,0.25000000000000006,0.16666666666666663,0.99821657,53.01399268167476,0.999564528465271,0.999871015548706,0.009796970523893833,0.0013570189476013184,511574,0.003603116,0.0019290861673653126,0.001932002604007721,0.0019397317664697766
93353,dct_low_nontargeted_white_box_eps0.0627_iter3,0.12500000000000003,0.08333333333333331,0.9967863,53.18043651404821,0.9992882609367371,0.9997384548187256,0.03583319112658501,0.0019502043724060059,478223,0.00350866,0.00190281355753541,0.0019000619649887085,0.0018885444151237607
473118,dct_low_nontargeted_white_box_eps0.0627_iter8,0.3333333333333334,0.1666666666666667,0.99258786,48.26385779882894,0.9982246160507202,0.9995775818824768,0.049949727952480316,0.005026757717132568,556231,0.006089557,0.002984620165079832,0.003039104165509343,0.003019490512087941
97278,dct_low_nontargeted_white_box_eps0.0627_iter31,0.5000000000000001,0.25000000000000006,0.9751403,42.29501616456746,0.993360698223114,0.9979256987571716,0.10278429090976715,0.012394428253173828,627193,0.012028217,0.006120396312326193,0.006117475684732199,0.006175238173455
567640,dct_low_nontargeted_white_box_eps0.0627_iter1,0.20795454545454545,0.19748622589531684,0.99928194,58.053194748428126,0.9998506307601929,0.9999569654464722,0.002569299889728427,0.00029796361923217773,474674,0.0021656335,0.0012483696918934584,0.0012496509589254856,0.0012474177638068795
532493,dct_low_nontargeted_white_box_eps0.0627_iter1,0.5000000000000001,0.25000000000000006,0.9997056,58.0438964638767,0.9998981952667236,0.9999675750732422,0.0013522529043257236,0.0004239082336425781,551316,0.0021687772,0.001250904519110918,0.001251143286935985,0.001251398352906108
45550,dct_low_nontargeted_white_box_eps0.0627_iter1,0.1349862258953168,0.09150717703349281,0.99908566,58.0427841821828,0.9997597932815552,0.9999265074729919,0.010560650378465652,0.001902461051940918,482654,0.0021692382,0.0012502004392445087,0.0012528435327112675,0.0012513858964666724
410456,dct_low_nontargeted_white_box_eps0.0627_iter1,0.45804195804195813,0.40909090909090917,0.9994898,58.04853593470404,0.9998692274093628,0.9999606013298035,0.0016109214629977942,0.0003325939178466797,528890,0.0021676794,0.0012475360417738557,0.001252458430826664,0.001249441527761519
441286,dct_low_nontargeted_white_box_eps0.0627_iter17,0.5000000000000001,0.25000000000000006,0.9870653,44.685303038173515,0.9962982535362244,0.9987186789512634,0.05498948693275452,0.011257767677307129,615698,0.009193,0.0046952939592301846,0.004733795765787363,0.00471371179446578
885,dct_low_nontargeted_white_box_eps0.0627_iter1,0.426948051948052,0.28571428571428575,0.99878377,58.03650414825284,0.9996687769889832,0.9998243451118469,0.017673037946224213,0.00152587890625,462201,0.0021711974,0.0012529478408396244,0.00125327636487782,0.0012536359718069434
39551,dct_low_nontargeted_white_box_eps0.0627_iter8,0.3333333333333334,0.1666666666666667,0.98876524,47.39003463463169,0.9965724945068359,0.9987771511077881,0.05235486477613449,0.004724562168121338,567539,0.0067040613,0.0033425583969801664,0.0034266761504113674,0.0033563885372132063
193348,dct_low_nontargeted_white_box_eps0.0627_iter3,0.5000000000000001,0.25000000000000006,0.9963476,53.17339112020757,0.9990503787994385,0.9996557235717773,0.045473627746105194,0.0037767887115478516,465939,0.0034982308,0.0018976114224642515,0.0019004135392606258,0.0019008945673704147
341681,dct_low_nontargeted_white_box_eps0.0627_iter16,0.3333333333333334,0.1666666666666667,0.97898054,45.12122294046641,0.9941205978393555,0.9982008337974548,0.12526866793632507,0.010517239570617676,604222,0.00869152,0.004356657154858112,0.004390059504657984,0.004378076642751694
83172,dct_low_nontargeted_white_box_eps0.0627_iter16,0.22727272727272724,0.21363636363636368,0.98126864,45.41855843552321,0.9945902228355408,0.9979397654533386,0.13741692900657654,0.015537858009338379,600978,0.008401357,0.004216448403894901,0.004199258983135223,0.004240776877850294
388056,dct_low_nontargeted_white_box_eps0.0627_iter3,0.23725895316804405,0.19240019240019243,0.9988112,53.149816425837045,0.9997078776359558,0.9998968839645386,0.003190819174051285,0.000301361083984375,524751,0.0035469232,0.0019029645482078195,0.001897951471619308,0.0019025121582672
235836,dct_low_nontargeted_white_box_eps0.0627_iter6,0.3333333333333334,0.1666666666666667,0.9981687,49.40068100201147,0.9995695352554321,0.9997791051864624,0.007061304058879614,0.0008643865585327148,539270,0.0053697964,0.002624944783747196,0.0026471540331840515,0.002641980769112706
343218,dct_low_nontargeted_white_box_eps0.0627_iter10,0.25000000000000006,0.21212121212121207,0.9902077,47.73786329840281,0.9974286556243896,0.9993501901626587,0.07565245032310486,0.007057309150695801,568933,0.006466206,0.0031956115271896124,0.0032036341726779938,0.003212040988728404
497599,dct_low_nontargeted_white_box_eps0.0627_iter1,0.15584415584415587,0.15151515151515152,0.9990836,58.03415633314333,0.9997771978378296,0.9999261498451233,0.008229144848883152,0.0012305974960327148,482034,0.0021719567,0.0012539628660306334,0.001253944355994463,0.00125397858209908
232684,dct_low_nontargeted_white_box_eps0.0627_iter3,0.25000000000000006,0.0,0.98587435,54.52278248610928,0.9985386729240417,0.9826623797416687,0.1284356713294983,0.010484099388122559,138093,0.002741848,0.0014146926114335656,0.0014012473402544856,0.0013888307148590684
144784,dct_low_nontargeted_white_box_eps0.0627_iter1,1.0000000000000002,0.0,0.999094,58.03483356488333,0.999785304069519,0.9999206066131592,0.008774959482252598,0.0012379884719848633,485266,0.002171743,0.001253883820027113,0.001253741909749806,0.0012536802096292377
167486,dct_low_nontargeted_white_box_eps0.0627_iter1,0.12878787878787878,0.06060606060606061,0.9992768,58.124390598535356,0.9998242855072021,0.9999409914016724,0.004136563278734684,0.0012112855911254883,489702,0.0021446806,0.0012416788376867771,0.0012393760262057185,0.0012034894898533821
488673,dct_low_nontargeted_white_box_eps0.0627_iter6,0.12121212121212119,0.09956709956709955,0.9950202,49.81344056508323,0.9987833499908447,0.9995991587638855,0.038086872547864914,0.0031723976135253906,520287,0.005101701,0.002497605048120022,0.0025001054164022207,0.0024961300659924746
163562,dct_low_nontargeted_white_box_eps0.0627_iter33,0.25000000000000006,0.16666666666666663,0.9669034,42.41529366792765,0.9914827346801758,0.9971380829811096,0.19646133482456207,0.019548475742340088,625596,0.011850237,0.006072581745684147,0.0060887932777404785,0.006085899192839861
492362,dct_low_nontargeted_white_box_eps0.0627_iter4,0.12987012987012986,0.1220779220779221,0.99751425,51.60269724614019,0.9994193315505981,0.9997909665107727,0.009829500690102577,0.0009748339653015137,465448,0.0041561616,0.0019998853094875813,0.002003826666623354,0.002003616653382778
232563,dct_low_nontargeted_white_box_eps0.0627_iter4,0.3333333333333334,0.24242424242424246,0.9964923,51.884875404274375,0.9990134239196777,0.999681830406189,0.05687946826219559,0.005053877830505371,443739,0.003995874,0.001919021364301443,0.0019181363750249147,0.0019168145954608917
520910,dct_low_nontargeted_white_box_eps0.0627_iter36,0.3333333333333334,0.0,0.95867205,42.17429045701402,0.9886687994003296,0.9947172999382019,0.23537945747375488,0.06204789876937866,625997,0.012184407,0.006163132842630148,0.006157285533845425,0.006168735213577747
206411,dct_low_nontargeted_white_box_eps0.0627_iter5,0.25000000000000006,0.0,0.9943239,50.59926527731462,0.9984773993492126,0.9994566440582275,0.05201585963368416,0.00785917043685913,534798,0.004698185,0.0024735131300985813,0.0024781052488833666,0.002478140639141202
17436,dct_low_nontargeted_white_box_eps0.0627_iter16,0.5000000000000001,0.0,0.9898228,45.72052025600081,0.9973930716514587,0.9993086457252502,0.08238530158996582,0.00837022066116333,597999,0.008159062,0.0040826150216162205,0.004089986439794302,0.004028040915727615
177934,dct_low_nontargeted_white_box_eps0.0627_iter1,0.13232323232323231,0.1292929292929293,0.99959105,58.13936153267157,0.9999018907546997,0.9999592900276184,0.003981939051300287,0.0002161860466003418,527673,0.0021402335,0.0012434570817276835,0.0012081339955329895,0.0012202549260109663
165518,dct_low_nontargeted_white_box_eps0.0627_iter3,0.25000000000000006,0.16666666666666663,0.99662834,53.29332822469908,0.999085545539856,0.9996724724769592,0.02859429642558098,0.0031626224517822266,496404,0.003478518,0.001878920360468328,0.0018704341491684318,0.0018737593200057745
571718,dct_low_nontargeted_white_box_eps0.0627_iter1,0.21212121212121207,0.15909090909090912,0.9995448,58.05732646351957,0.9999071955680847,0.9999626278877258,0.0026686450000852346,0.0005761981010437012,516439,0.0021641175,0.0012433838564902544,0.0012490436201915145,0.0012494386173784733
289222,dct_low_nontargeted_white_box_eps0.0627_iter2,0.11111111111111109,0.0,0.9982195,54.87432396036592,0.9995933771133423,0.999868631362915,0.012936361134052277,0.0007499456405639648,312898,0.0027818135,0.001300303847528994,0.001295622787438333,0.0012980856699869037
372819,dct_low_nontargeted_white_box_eps0.0627_iter21,0.10000000000000002,0.04545454545454545,0.9959712,42.735382724193435,0.9980673789978027,0.9991064667701721,0.012285903096199036,0.005731642246246338,628248,0.011562228,0.005856312811374664,0.0059615690261125565,0.005879582371562719
60347,dct_low_nontargeted_white_box_eps0.0627_iter17,0.5000000000000001,0.16666666666666663,0.9950958,44.800562281506046,0.9986462593078613,0.9994364380836487,0.01663510873913765,0.00632554292678833,617802,0.009133581,0.004679323639720678,0.004654149059206247,0.004665112588554621
420916,dct_low_nontargeted_white_box_eps0.0627_iter2,0.3333333333333334,0.2848484848484849,0.99904865,54.71278906009036,0.9997419714927673,0.9999060034751892,0.0043824417516589165,0.0009812116622924805,359734,0.0028922362,0.0013485181843861938,0.0013488817494362593,0.0013464405201375484
439715,dct_low_nontargeted_white_box_eps0.0627_iter2,0.13091958546503998,0.10909090909090909,0.99951196,55.00550774247584,0.9998683929443359,0.999934732913971,0.002140758326277137,0.0006864070892333984,343191,0.0027567446,0.0012567341327667236,0.001262904261238873,0.0012596226297318935
284991,dct_low_nontargeted_white_box_eps0.0627_iter4,0.25000000000000006,0.0,0.9949176,52.043321219409435,0.9989584684371948,0.9996027946472168,0.05669466033577919,0.004714846611022949,416839,0.0038845444,0.001876629306934774,0.0018713418394327164,0.0018630981212481856
78843,dct_low_nontargeted_white_box_eps0.0627_iter6,0.33333333333333326,0.25000000000000006,0.99680424,49.98502014535611,0.9990077018737793,0.9995890855789185,0.01935800164937973,0.0037480592727661133,518465,0.005007065,0.0024478898849338293,0.0024378933012485504,0.002438077237457037
466125,dct_low_nontargeted_white_box_eps0.0627_iter1,0.12987012987012986,0.08484848484848484,0.9990991,58.07082581824175,0.999806821346283,0.9999270439147949,0.006242841016501188,0.0009207725524902344,471397,0.0021614602,0.0012511650566011667,0.001251696259714663,0.0012274048058316112
414795,dct_low_nontargeted_white_box_eps0.0627_iter1,0.3480257116620753,0.3181818181818182,0.9996083,58.04189776766951,0.9998841285705566,0.9999630451202393,0.0016274446388706565,0.0001856684684753418,551510,0.0021696175,0.0012524115154519677,0.0012520826421678066,0.0012506796047091484
508101,dct_low_nontargeted_white_box_eps0.0627_iter1,0.5000000000000001,0.42727272727272736,0.99901253,58.03406235699177,0.9997137784957886,0.9999440908432007,0.021260660141706467,0.0012396574020385742,496550,0.0021719858,0.0012539888266474009,0.0012539802119135857,0.001253999420441687
253386,dct_low_nontargeted_white_box_eps0.0627_iter1,0.33333333333333326,0.20000000000000004,0.99863845,58.32559838066649,0.9997806549072266,0.9999286532402039,0.013936396688222885,0.000758051872253418,422931,0.002058491,0.0011725096264854074,0.0011738151079043746,0.0011714138090610504
530854,dct_low_nontargeted_white_box_eps0.0627_iter2,0.10000000000000002,0.07142857142857144,0.9978699,54.81832588256712,0.9994601011276245,0.9998127222061157,0.026366274803876877,0.0032854676246643066,292778,0.002757782,0.0013133824104443192,0.0013139615766704082,0.0013180971145629883
338624,dct_low_nontargeted_white_box_eps0.0627_iter1,0.10353535353535352,0.09595959595959593,0.9995343,58.113865480842364,0.9998770952224731,0.999964714050293,0.0026548898313194513,0.00043070316314697266,518171,0.0021431118,0.0012305276468396187,0.001229737768881023,0.0012331941397860646
378454,dct_low_nontargeted_white_box_eps0.0627_iter22,0.25000000000000006,0.12500000000000003,0.9794523,43.868162996164166,0.994158923625946,0.9986898303031921,0.1814238727092743,0.03176391124725342,615622,0.010045138,0.00505979685112834,0.005049051716923714,0.005086625460535288
476215,dct_low_nontargeted_white_box_eps0.0627_iter16,0.5000000000000001,0.25000000000000006,0.98751664,45.696213313471226,0.9958791136741638,0.9988613128662109,0.07338853180408478,0.01705998182296753,603928,0.008210231,0.004080691374838352,0.0040863328613340855,0.004090708214789629
297698,dct_low_nontargeted_white_box_eps0.0627_iter1,0.3324675324675325,0.06818181818181818,0.99880314,58.05918461191105,0.9996763467788696,0.9998443126678467,0.020088160410523415,0.000954747200012207,459325,0.0021619285,0.0012466086773201823,0.0012468107743188739,0.0012468594359233975
247917,dct_low_nontargeted_white_box_eps0.0627_iter4,0.422077922077922,0.40606060606060607,0.99744576,51.55430963490173,0.9993779063224792,0.9998237490653992,0.01365923322737217,0.0014764070510864258,466388,0.004176955,0.002014708472415805,0.002029235940426588,0.002018213737756014
439522,dct_low_nontargeted_white_box_eps0.0627_iter4,1.0000000000000002,0.33333333333333326,0.9950798,51.83812201476024,0.9986876845359802,0.9993906021118164,0.06738962233066559,0.006229519844055176,438517,0.003997371,0.0019306509057059884,0.0019332452211529016,0.0019355806289240718
26690,dct_low_nontargeted_white_box_eps0.0627_iter1,0.20490157990157984,0.13663911845730028,0.9989214,58.118175811796945,0.9997525215148926,0.9999285936355591,0.009689567610621452,0.0009609460830688477,460422,0.0021411383,0.0012311706086620688,0.0012351921759545803,0.0012234596069902182
176901,dct_low_nontargeted_white_box_eps0.0627_iter4,0.5000000000000001,0.42727272727272736,0.99627334,51.93437403443113,0.998958945274353,0.9996941685676575,0.03668434917926788,0.0030669569969177246,451876,0.0039853826,0.001908777980133891,0.0019102621590718627,0.0018962938338518143
334767,dct_low_nontargeted_white_box_eps0.0627_iter5,0.39393939393939403,0.375,0.99832207,50.68246948264967,0.9996331930160522,0.999873161315918,0.0065168337896466255,0.0017166733741760254,558570,0.004675065,0.002424330450594425,0.0024401748087257147,0.0024374632630497217
301563,dct_low_nontargeted_white_box_eps0.0627_iter13,0.3333333333333334,0.2803030303030302,0.9878034,46.79846783160371,0.9962300062179565,0.9984995126724243,0.1050155758857727,0.01867210865020752,596072,0.0072149374,0.003712377278134227,0.00371928745880723,0.0037171836011111736
86755,dct_low_nontargeted_white_box_eps0.0627_iter33,0.18181818181818185,0.09090909090909093,0.9724495,42.55774832698858,0.9914560317993164,0.9971891641616821,0.14726287126541138,0.0323256254196167,627025,0.01175221,0.005977182649075985,0.0059804609045386314,0.005995987914502621
194471,dct_low_nontargeted_white_box_eps0.0627_iter12,0.5000000000000001,0.25000000000000006,0.9862245,46.40952443139945,0.9970337748527527,0.9990269541740417,0.08531774580478668,0.0047986507415771484,582462,0.007464454,0.003650359343737364,0.003791860304772854,0.003768761409446597
420281,dct_low_nontargeted_white_box_eps0.0627_iter1,0.4545454545454545,0.4204545454545453,0.99915546,58.038107864280406,0.9997961521148682,0.999925434589386,0.006294785998761654,0.000977635383605957,492462,0.0021708617,0.001253846799954772,0.0012538577429950237,0.0012507595820352435
99810,dct_low_nontargeted_white_box_eps0.0627_iter1,0.25000000000000006,0.12500000000000003,0.99874187,58.03409543992168,0.9996975660324097,0.9998820424079895,0.02310561016201973,0.0022495388984680176,453563,0.002171977,0.0012539464514702559,0.0012539885938167572,0.0012540046591311693
334483,dct_low_nontargeted_white_box_eps0.0627_iter10,0.10153846153846155,0.10103896103896107,0.994191,47.74867830282175,0.99866783618927,0.9994907975196838,0.028940603137016296,0.005725741386413574,571213,0.0064492933,0.0031966879032552242,0.003195889061316848,0.0031921416521072388
404805,dct_low_nontargeted_white_box_eps0.0627_iter11,0.5000000000000001,0.0,0.99036187,46.23870290314378,0.9972995519638062,0.9992088079452515,0.04822557047009468,0.006527304649353027,604810,0.007731958,0.003965778276324272,0.003994529601186514,0.003986893687397242
2261,dct_low_nontargeted_white_box_eps0.0627_iter1,0.5000000000000001,0.16666666666666663,0.99940777,58.06449240938049,0.999856173992157,0.9999648332595825,0.0032969973981380463,0.000635981559753418,506548,0.0021597184,0.001245220541022718,0.0012449409114196897,0.0012455236865207553
425702,dct_low_nontargeted_white_box_eps0.0627_iter2,0.25000000000000006,0.0,0.9985569,54.89281787385062,0.9996222257614136,0.9998977184295654,0.018098242580890656,0.0018548369407653809,328648,0.0027824973,0.0012874603271484375,0.001293929060921073,0.0012977246660739183
3934,dct_low_nontargeted_white_box_eps0.0627_iter1,0.14636363636363633,0.1303030303030303,0.99932927,58.047876151121905,0.9998373985290527,0.9999437928199768,0.003927493467926979,0.0006102323532104492,498482,0.0021678475,0.0012513234978541732,0.0012504669139161706,0.0012482446618378162
47740,dct_low_nontargeted_white_box_eps0.0627_iter2,0.27272727272727276,0.13636363636363635,0.99912477,55.00931066376304,0.9997822642326355,0.9999175667762756,0.006676852237433195,0.0018926262855529785,330978,0.0027473853,0.0012656620237976313,0.0012567524099722505,0.0012522777542471886
77460,dct_low_nontargeted_white_box_eps0.0627_iter5,0.17285431959345002,0.17091955359218788,0.9954631,50.87500161128203,0.9989877939224243,0.999729335308075,0.029060792177915573,0.0017268657684326172,534562,0.004545677,0.0023969325702637434,0.002402997575700283,0.0023896517232060432
14439,dct_low_nontargeted_white_box_eps0.0627_iter1,0.18339815264948955,0.18072809543397778,0.9997148,58.126265284661855,0.9999241828918457,0.9999620914459229,0.0004615659127011895,0.00023162364959716797,504465,0.0021466587,0.0012407538015395403,0.001251690904609859,0.0011904985876753926
447314,dct_low_nontargeted_white_box_eps0.0627_iter1,0.2532467532467533,0.13636363636363635,0.99893135,58.04341462840331,0.9997280836105347,0.9998975396156311,0.011220209300518036,0.0011764764785766602,480625,0.0021691832,0.0012526084901764989,0.0012531272368505597,0.0012481177691370249
181303,dct_low_nontargeted_white_box_eps0.0627_iter3,0.5000000000000001,0.0,0.99877566,52.38398940950028,0.9995990991592407,0.9998849034309387,0.006255375221371651,0.00222015380859375,537837,0.003909031,0.0020973917562514544,0.0020973929204046726,0.0020755312871187925
58350,dct_low_nontargeted_white_box_eps0.0627_iter4,0.12500000000000003,0.04545454545454545,0.9947469,51.87299330419172,0.9990140199661255,0.9996724128723145,0.03345548361539841,0.002060532569885254,420658,0.0039731837,0.001916056964546442,0.001918889582157135,0.0019220352405682206
286182,dct_low_nontargeted_white_box_eps0.0627_iter45,0.10000000000000002,0.0,0.97394174,40.75554005273938,0.9929860830307007,0.9970736503601074,0.06935533136129379,0.008538246154785156,632094,0.014409549,0.007349805440753698,0.007407241966575384,0.007241175975650549
433980,dct_low_nontargeted_white_box_eps0.0627_iter2,0.5000000000000001,0.12500000000000003,0.99875784,55.17789257581875,0.9997010231018066,0.9998968243598938,0.007231784053146839,0.0018103718757629395,292119,0.002661122,0.0012529052328318357,0.0012325963471084833,0.0011855213670060039
380913,dct_low_nontargeted_white_box_eps0.0627_iter1,0.29870129870129875,0.2737632737632738,0.99932694,58.10108746923275,0.9998897910118103,0.9999567866325378,0.003487060545012355,0.00013971328735351562,482638,0.0021493072,0.0012239607749506831,0.0012432936346158385,0.0012371035991236567
32887,dct_low_nontargeted_white_box_eps0.0627_iter14,0.3333333333333334,0.09090909090909093,0.9932248,46.417808030180595,0.9982768893241882,0.9995219111442566,0.0406021848320961,0.00646597146987915,597216,0.0075750365,0.003740800078958273,0.0037539058830589056,0.0037515880540013313
399205,dct_low_nontargeted_white_box_eps0.0627_iter1,0.2163248219397952,0.21212121212121207,0.9997382,58.056607155515636,0.9999330043792725,0.9999728798866272,0.0007909259875304997,0.00012224912643432617,525480,0.0021649983,0.0012459796853363514,0.0012476888950914145,0.0012488188222050667
350002,dct_low_nontargeted_white_box_eps0.0627_iter3,0.5000000000000001,0.25000000000000006,0.99733925,53.099116932162,0.999370813369751,0.9997768998146057,0.023097924888134003,0.0014249086380004883,504682,0.0035663655,0.001919755944982171,0.0019130544969812036,0.0019185655983164907
57150,dct_low_nontargeted_white_box_eps0.0627_iter1,0.18318903318903315,0.16363443449004947,0.99912006,58.03918033108724,0.999805212020874,0.9999463558197021,0.008139295503497124,0.0009665489196777344,476063,0.0021703437,0.0012533215340226889,0.0012521847384050488,0.0012520368909463286
363666,dct_low_nontargeted_white_box_eps0.0627_iter8,0.10052447552447555,0.09659090909090912,0.9947794,48.62991331924143,0.9989770650863647,0.9996117949485779,0.015903165563941002,0.0021886229515075684,548775,0.005843001,0.0028568406123667955,0.0028881486505270004,0.002883125562220812
481573,dct_low_nontargeted_white_box_eps0.0627_iter35,0.5000000000000001,0.25000000000000006,0.9552862,42.35318843486344,0.9931944608688354,0.9984013438224792,0.16093334555625916,0.0202791690826416,614097,0.011827658,0.00593974906951189,0.006076116114854813,0.006125022191554308
123480,dct_low_nontargeted_white_box_eps0.0627_iter1,0.3333333333333334,0.1666666666666667,0.9987957,58.03398375840118,0.9996680021286011,0.9998008608818054,0.014369674026966095,0.00228959321975708,470588,0.0021720082,0.0012540117604658008,0.0012540071038529277,0.00125400023534894
284698,dct_low_nontargeted_white_box_eps0.0627_iter19,0.25000000000000006,0.16666666666666663,0.9897836,45.02159562691895,0.9976065158843994,0.9992989301681519,0.08196647465229034,0.0076122283935546875,612499,0.008849733,0.004525738302618265,0.0045211720280349255,0.004519762005656958
102356,dct_low_nontargeted_white_box_eps0.0627_iter3,0.5000000000000001,0.25000000000000006,0.99734885,53.05906826633504,0.9993674159049988,0.9997889995574951,0.024433787912130356,0.0017723441123962402,495867,0.0035755574,0.001919854898005724,0.0019252889323979616,0.0019262542482465506
8690,dct_low_nontargeted_white_box_eps0.0627_iter1,0.2818181818181818,0.23863636363636365,0.999486,58.29710514906368,0.9998713731765747,0.9999533295631409,0.00261012208648026,0.00042378902435302734,497821,0.002069834,0.0011795690516009927,0.0011770020937547088,0.0011842843377962708
381639,dct_low_nontargeted_white_box_eps0.0627_iter1,0.21439393939393941,0.1664502164502165,0.9995685,58.283488833087816,0.9998903274536133,0.999944269657135,0.001371696125715971,0.0002554655075073242,513452,0.0020707133,0.0011821580119431019,0.0011845148401334882,0.0011853051837533712
284445,dct_low_nontargeted_white_box_eps0.0627_iter1,0.12824675324675325,0.11687062937062935,0.99932843,58.05311745841489,0.9998290538787842,0.9999483823776245,0.008139570243656635,0.00037729740142822266,516404,0.002165879,0.0012511813547462225,0.0012509161606431007,0.0012434005038812757
187144,dct_low_nontargeted_white_box_eps0.0627_iter7,0.1090909090909091,0.09545454545454544,0.9949579,49.45821663202353,0.9986603260040283,0.9994754791259766,0.04821481555700302,0.004027247428894043,570457,0.0053083384,0.0027629402466118336,0.0027601132169365883,0.002735090907663107
273198,dct_low_nontargeted_white_box_eps0.0627_iter7,0.1666666666666667,0.11111111111111109,0.9964993,48.765890514301276,0.9991123080253601,0.9996768236160278,0.015587624162435532,0.0017584562301635742,578956,0.0058073965,0.0030063462909311056,0.0030377362854778767,0.002997402101755142
183675,dct_low_nontargeted_white_box_eps0.0627_iter15,0.25000000000000006,0.0,0.9916584,45.407311756132444,0.9974197149276733,0.9991690516471863,0.03594563156366348,0.0055980682373046875,611058,0.008493927,0.0043511949479579926,0.004342958796769381,0.004377651493996382
532058,dct_low_nontargeted_white_box_eps0.0627_iter8,0.25000000000000006,0.12500000000000003,0.9918391,48.69990624723865,0.9980282783508301,0.999382495880127,0.058789074420928955,0.0055997371673583984,545841,0.0057722367,0.0028478314634412527,0.0028519784100353718,0.0028554198797792196
578093,dct_low_nontargeted_white_box_eps0.0627_iter2,0.13636363636363635,0.09496753246753245,0.9991079,55.17730825461106,0.9997837543487549,0.9999266266822815,0.004916808567941189,0.0006830096244812012,336441,0.002675405,0.0012114170240238309,0.0012062537716701627,0.0012158268364146352
301061,dct_low_nontargeted_white_box_eps0.0627_iter6,0.3333333333333334,0.1666666666666667,0.9961342,49.98734206230847,0.9991599917411804,0.9996995329856873,0.024196691811084747,0.0021535754203796387,520702,0.005003163,0.0024365014396607876,0.0024364523123949766,0.002439548261463642
105264,dct_low_nontargeted_white_box_eps0.0627_iter2,0.362987012987013,0.3311688311688312,0.9984956,55.25704536555133,0.9995971918106079,0.9998558163642883,0.017547838389873505,0.0013949275016784668,320656,0.0026251306,0.0011910097673535347,0.00118429702706635,0.0012005390599370003
25393,dct_low_nontargeted_white_box_eps0.0627_iter39,0.21212121212121215,0.1414141414141414,0.9602744,41.810335617943366,0.9889764189720154,0.996124804019928,0.1717766970396042,0.028874635696411133,628863,0.012746191,0.006500905379652977,0.006488003768026829,0.006522628013044596
471087,dct_low_nontargeted_white_box_eps0.0627_iter49,0.5000000000000001,0.25000000000000006,0.9902299,40.51887746447038,0.9966163635253906,0.9980629682540894,0.056775473058223724,0.036043524742126465,634017,0.01490218,0.007512466516345739,0.007656862493604422,0.007462260313332081
106757,dct_low_nontargeted_white_box_eps0.0627_iter6,0.13636363636363638,0.0909090909090909,0.99665123,49.95741281217342,0.998914361000061,0.9996501803398132,0.016618356108665466,0.0039215087890625,527370,0.00504171,0.0024460472632199526,0.0024469748605042696,0.002455007517710328
183648,dct_low_nontargeted_white_box_eps0.0627_iter27,0.3749999999999999,0.31818181818181823,0.9868765,42.860990560439774,0.9958515167236328,0.998542308807373,0.053320180624723434,0.009928584098815918,627143,0.011361763,0.005756992846727371,0.005788994953036308,0.005790372379124165
358525,dct_low_nontargeted_white_box_eps0.0627_iter3,0.1666666666666667,0.11111111111111109,0.9976652,53.13210148343592,0.9994810819625854,0.9998258948326111,0.02170833945274353,0.0022791028022766113,496985,0.0035112968,0.0018818824319168925,0.0018819146789610386,0.0018855754751712084
519688,dct_low_nontargeted_white_box_eps0.0627_iter1,0.25000000000000006,0.12500000000000003,0.9989994,58.03434696907758,0.9997338652610779,0.9999077320098877,0.016496527940034866,0.0011467933654785156,485999,0.0021719045,0.0012537509901449084,0.001253984752111137,0.0012539926683530211
130699,dct_low_nontargeted_white_box_eps0.0627_iter2,0.20512187088274048,0.18295454545454543,0.99896336,54.90518324731716,0.9997093081474304,0.9999145269393921,0.004286921117454767,0.0010905861854553223,346470,0.0028046747,0.0012867560144513845,0.00128844880964607,0.001290982007049024
405249,dct_low_nontargeted_white_box_eps0.0627_iter1,0.19775678866587956,0.1621654860291224,0.9994864,58.059750902914175,0.9998738765716553,0.9999598860740662,0.0034865362104028463,0.00039970874786376953,503387,0.0021636412,0.0012471697991713881,0.001249257824383676,0.001243353239260614
235784,dct_low_nontargeted_white_box_eps0.0627_iter7,0.5000000000000001,0.0,0.9935832,49.09137898681399,0.9982715845108032,0.9993076920509338,0.07199431955814362,0.007448017597198486,564594,0.0055418587,0.002879487117752433,0.0028884855564683676,0.002897587139159441
537506,dct_low_nontargeted_white_box_eps0.0627_iter1,0.13831168831168833,0.09768270944741528,0.99922186,58.058830954797614,0.999849259853363,0.999950647354126,0.007465051487088203,0.0009488463401794434,479203,0.002163225,0.0012435035314410925,0.0012486712075769901,0.0012483909958973527
119445,dct_low_nontargeted_white_box_eps0.0627_iter1,0.16363636363636358,0.15909090909090912,0.99971056,58.05516342468461,0.9999085664749146,0.9999629855155945,0.0016308464109897614,0.00042819976806640625,548910,0.0021643655,0.0012482856400310993,0.0012486325576901436,0.0012468157801777124
507015,dct_low_nontargeted_white_box_eps0.0627_iter9,0.4696969696969697,0.45867768595041325,0.995447,47.018876529713864,0.9982724189758301,0.9994478225708008,0.019837159663438797,0.005125880241394043,602604,0.0071170297,0.0036522240843623877,0.003695691702887416,0.0036523949820548296
173830,dct_low_nontargeted_white_box_eps0.0627_iter6,0.5000000000000001,0.25000000000000006,0.99311286,49.728828627675206,0.9982742667198181,0.9993833303451538,0.053871020674705505,0.0061054229736328125,518059,0.005140325,0.0025167169515043497,0.0025276322849094868,0.002532352926209569
373315,dct_low_nontargeted_white_box_eps0.0627_iter9,0.5000000000000001,0.0,0.99165916,48.189531573413866,0.9975592494010925,0.9990887641906738,0.0795605257153511,0.014411449432373047,579595,0.0061748778,0.0031822079326957464,0.0032658702693879604,0.0031405880581587553
13546,dct_low_nontargeted_white_box_eps0.0627_iter21,0.28282828282828276,0.24242424242424246,0.9887262,44.5721483548775,0.9969676733016968,0.9990358948707581,0.042209427803754807,0.005830943584442139,617305,0.009351749,0.004760181996971369,0.0047729783691465855,0.004758862312883139
67310,dct_low_nontargeted_white_box_eps0.0627_iter1,0.3840909090909091,0.3272727272727273,0.99950695,58.04828634873013,0.9998646974563599,0.9999632835388184,0.003435597289353609,0.0006607174873352051,538519,0.002167682,0.0012520889285951853,0.00125201849732548,0.001245554187335074
125936,dct_low_nontargeted_white_box_eps0.0627_iter2,0.1746212121212121,0.14318181818181816,0.9987469,55.051189884480245,0.9997667074203491,0.9999096989631653,0.00659116031602025,0.0003414154052734375,308427,0.0027086036,0.0012533989502117038,0.001251320936717093,0.0012460437137633562
389109,dct_low_nontargeted_white_box_eps0.0627_iter1,0.12454545454545454,0.11212121212121211,0.999069,58.17414843753731,0.9998172521591187,0.9999435544013977,0.007484769448637962,0.0015944242477416992,469483,0.002132559,0.0012015356915071607,0.0012357521336525679,0.0012052875244989991
128476,dct_low_nontargeted_white_box_eps0.0627_iter2,0.22222222222222218,0.025974025974025972,0.9988691,54.835168584778664,0.9997636675834656,0.9999070167541504,0.005819601006805897,0.000536799430847168,328733,0.0028241463,0.0013157610082998872,0.0013204015558585525,0.0013049127301201224
414034,dct_low_nontargeted_white_box_eps0.0627_iter2,0.10000000000000002,0.04000000000000001,0.9983383,54.90284108410108,0.9995988607406616,0.9998956918716431,0.01789233088493347,0.001105666160583496,310336,0.002760104,0.0012929800432175398,0.001290412386879325,0.0012852161889895797
99182,dct_low_nontargeted_white_box_eps0.0627_iter4,0.3333333333333334,0.1666666666666667,0.9953492,51.87329795989045,0.9991610050201416,0.9997266530990601,0.04446130990982056,0.0024496912956237793,428209,0.003985766,0.0019164842087775469,0.0019247501622885466,0.0019139694049954414
351823,dct_low_nontargeted_white_box_eps0.0627_iter21,0.5000000000000001,0.25000000000000006,0.98433954,43.87639844382594,0.9957579970359802,0.9987328052520752,0.05351072922348976,0.00862133502960205,621296,0.010116949,0.005139721091836691,0.005202252417802811,0.005178189370781183
65736,dct_low_nontargeted_white_box_eps0.0627_iter12,0.3333333333333334,0.11111111111111109,0.98324484,46.735629068825084,0.9951856136322021,0.9972098469734192,0.19037528336048126,0.017054438591003418,577137,0.007168408,0.003578122006729245,0.0036024078726768494,0.003603133372962475
1000,dct_low_nontargeted_white_box_eps0.0627_iter1,0.21601731601731602,0.19822282980177722,0.9995618,58.06691700563219,0.999901294708252,0.99996018409729,0.0020149564370512962,0.00021535158157348633,510757,0.002161514,0.0012453830568119884,0.0012432059738785028,0.0012450233334675431
559543,dct_low_nontargeted_white_box_eps0.0627_iter3,0.20000000000000004,0.0,0.9969127,52.96924028258541,0.9992899894714355,0.9997816681861877,0.0303584523499012,0.0063980817794799805,484863,0.0036069679,0.0019438911695033312,0.0019480104092508554,0.001927227945998311
185890,dct_low_nontargeted_white_box_eps0.0627_iter1,0.22979797979797983,0.21022727272727268,0.9994667,58.048962572255284,0.9998626708984375,0.9999589920043945,0.003821747610345483,0.0017140507698059082,507110,0.0021673741,0.0012511704117059708,0.0012505579506978393,0.0012473685201257467
357978,dct_low_nontargeted_white_box_eps0.0627_iter3,0.11688311688311691,0.10909090909090911,0.99738,53.00996830859493,0.9993863105773926,0.999780535697937,0.019023314118385315,0.0016906261444091797,498437,0.0035974877,0.0019353666575625539,0.0019385803025215864,0.001935250824317336
129492,dct_low_nontargeted_white_box_eps0.0627_iter1,0.21022727272727265,0.18749999999999994,0.9991972,58.04321097065164,0.9997861385345459,0.99992835521698,0.006955398246645927,0.0009371638298034668,492495,0.0021693234,0.0012529782252386212,0.001252313842996955,0.0012487666681408882
410510,dct_low_nontargeted_white_box_eps0.0627_iter17,0.3333333333333334,0.0,0.98007536,45.27480096290233,0.9946246147155762,0.998151421546936,0.13584944605827332,0.013647735118865967,606108,0.0085282475,0.0043802824802696705,0.004394148476421833,0.004424942657351494
39951,dct_low_nontargeted_white_box_eps0.0627_iter2,0.10606060606060608,0.06060606060606061,0.99811625,55.01876327255065,0.9995489120483398,0.9998666048049927,0.016144368797540665,0.0012990832328796387,305039,0.0027071456,0.0012658918276429176,0.0012546294601634145,0.0012533679837360978
306700,dct_low_nontargeted_white_box_eps0.0627_iter2,0.25000000000000006,0.12500000000000003,0.99844074,54.90427968774685,0.9995619654655457,0.9998984336853027,0.010020239278674126,0.0015892982482910156,313325,0.0027663202,0.0012891978258267045,0.0012931477976962924,0.0012884200550615788
332845,dct_low_nontargeted_white_box_eps0.0627_iter5,0.25000000000000006,0.12500000000000003,0.9936424,51.038355090339635,0.9985885620117188,0.9994097948074341,0.07386935502290726,0.010522425174713135,513055,0.0044377367,0.0023495834320783615,0.0023458267096430063,0.002347357803955674
93437,dct_low_nontargeted_white_box_eps0.0627_iter23,0.12500000000000003,0.06250000000000001,0.9869654,43.98631242181193,0.996015727519989,0.9987868666648865,0.05267689377069473,0.007475554943084717,621403,0.009963808,0.005077969748526812,0.005089953541755676,0.005073073785752058
413552,dct_low_nontargeted_white_box_eps0.0627_iter24,0.33333333333333326,0.27272727272727276,0.9749078,44.09168265218738,0.9939601421356201,0.9979054927825928,0.15739518404006958,0.022822797298431396,614877,0.009790583,0.004940633662045002,0.004917367361485958,0.004936738405376673
17379,dct_low_nontargeted_white_box_eps0.0627_iter1,0.13333333333333336,0.0,0.9991744,58.041459338819394,0.9997766017913818,0.9999188184738159,0.004211504943668842,0.000382840633392334,491387,0.0021699008,0.001251351903192699,0.0012525824131444097,0.001251630368642509
507975,dct_low_nontargeted_white_box_eps0.0627_iter2,0.21186868686868687,0.20202020202020202,0.9991562,54.713553950756086,0.9998197555541992,0.9999339580535889,0.0034872267860919237,0.0003154277801513672,344453,0.002881853,0.0013463739305734634,0.0013504164526239038,0.0013495590537786484
314177,dct_low_nontargeted_white_box_eps0.0627_iter44,0.5000000000000001,0.25000000000000006,0.95947695,41.326519854209494,0.9880410432815552,0.99566251039505,0.15480247139930725,0.02538466453552246,629616,0.013465888,0.006802059710025787,0.006791972555220127,0.00678281020373106
180383,dct_low_nontargeted_white_box_eps0.0627_iter2,0.12500000000000003,0.08333333333333331,0.99819654,54.89502871497006,0.9995930194854736,0.9998578429222107,0.010114908218383789,0.0014097094535827637,311240,0.0027668208,0.0012940680608153343,0.0012938235886394978,0.0012885432224720716
138979,dct_low_nontargeted_white_box_eps0.0627_iter1,0.2556332556332556,0.1696969696969697,0.9992315,58.05676096997503,0.9998327493667603,0.9999390840530396,0.005414840765297413,0.000256955623626709,493545,0.00216405,0.0012476209085434675,0.0012471420923247933,0.0012475904077291489
563653,dct_low_nontargeted_white_box_eps0.0627_iter1,0.20000000000000004,0.1545454545454545,0.9994752,58.045043017178216,0.999855637550354,0.9999675750732422,0.0034852440003305674,0.00026339292526245117,514617,0.0021686966,0.0012509542284533381,0.0012511905515566468,0.0012503291945904493
73702,dct_low_nontargeted_white_box_eps0.0627_iter6,0.25000000000000006,0.12500000000000003,0.99608403,50.22225377226887,0.99907386302948,0.9996672868728638,0.020121973007917404,0.0018881559371948242,505968,0.0048495806,0.002352976705878973,0.002358140656724572,0.002364933490753174
521141,dct_low_nontargeted_white_box_eps0.0627_iter1,0.3677685950413224,0.3601398601398601,0.9994523,58.158206744652325,0.9998658895492554,0.9999589920043945,0.003436354221776128,0.00042933225631713867,510479,0.0021241298,0.0012225068639963865,0.0012169907568022609,0.0012164509389549494
61268,dct_low_nontargeted_white_box_eps0.0627_iter7,0.25000000000000006,0.0,0.99377346,49.46022427993705,0.9986038208007812,0.9994754195213318,0.05383656546473503,0.01016092300415039,561941,0.005279143,0.002741633914411068,0.0027384012937545776,0.002734197536483407
393093,dct_low_nontargeted_white_box_eps0.0627_iter31,0.1666666666666667,0.0,0.9852902,42.42377928808337,0.9968971014022827,0.9986802935600281,0.05836525931954384,0.012192249298095703,627459,0.011855731,0.006014383863657713,0.006026575807482004,0.006050200667232275
198510,dct_low_nontargeted_white_box_eps0.0627_iter10,0.5000000000000001,0.0,0.9913182,48.12398972608481,0.9977697730064392,0.9991204738616943,0.07460561394691467,0.011988818645477295,557976,0.0061402437,0.0029679203871637583,0.0030669078696519136,0.0030748697463423014
415990,dct_low_nontargeted_white_box_eps0.0627_iter9,0.3333333333333334,0.28282828282828276,0.9932091,47.58226192321099,0.998011589050293,0.999291718006134,0.08436658978462219,0.011716127395629883,584513,0.006607726,0.00342082092538476,0.003448651172220707,0.0034259911626577377
190140,dct_low_nontargeted_white_box_eps0.0627_iter30,0.1666666666666667,0.08333333333333336,0.978223,42.96056611350254,0.9945820569992065,0.998347282409668,0.10688311606645584,0.010819554328918457,623597,0.0111921625,0.005621459800750017,0.005614951718598604,0.005651424173265696
32901,dct_low_nontargeted_white_box_eps0.0627_iter1,0.11774891774891776,0.10909090909090911,0.9993488,58.03942858432777,0.9998311400413513,0.999943733215332,0.0030911550857126713,0.0005753040313720703,506528,0.0021703714,0.0012525917263701558,0.0012522669276222587,0.0012524587800726295
267191,dct_low_nontargeted_white_box_eps0.0627_iter1,0.33333333333333326,0.25000000000000006,0.99962187,58.114007103747205,0.9998781085014343,0.9999614357948303,0.002649703063070774,0.0005611777305603027,539733,0.0021391353,0.0012316711945459247,0.0012309361482039094,0.0012307533761486411
422836,dct_low_nontargeted_white_box_eps0.0627_iter1,0.14545454545454548,0.1090909090909091,0.99925214,58.086269544137735,0.9998461604118347,0.9999425411224365,0.006365695036947727,0.0004862546920776367,479693,0.0021529845,0.001241864520125091,0.0012394884834066033,0.0012356595834717155
213547,dct_low_nontargeted_white_box_eps0.0627_iter1,0.1666666666666667,0.11111111111111109,0.99934405,58.046839474412444,0.9998539686203003,0.9999525547027588,0.007367403246462345,0.0013810396194458008,494917,0.002168128,0.001249578082934022,0.001250318018719554,0.0012510291999205947
456015,dct_low_nontargeted_white_box_eps0.0627_iter1,0.47272727272727283,0.45454545454545453,0.9990511,58.03423694996667,0.9997543096542358,0.9999316334724426,0.007240391802042723,0.0005228519439697266,491413,0.0021719283,0.0012539575109258294,0.0012538873124867678,0.0012539412127807736
547886,dct_low_nontargeted_white_box_eps0.0627_iter1,0.28571428571428575,0.18181818181818185,0.99888134,58.03415375713959,0.9996992945671082,0.999885082244873,0.01262795552611351,0.0008625984191894531,474921,0.002171953,0.001253969152458012,0.0012539720628410578,0.0012539151357486844
69356,dct_low_nontargeted_white_box_eps0.0627_iter1,0.16856060606060602,0.1608126721763085,0.9997282,58.08135371534087,0.9999276995658875,0.9999682903289795,0.0011029579909518361,0.000260770320892334,545465,0.0021555037,0.0012411142233759165,0.001241321675479412,0.0012387946480885148
162415,dct_low_nontargeted_white_box_eps0.0627_iter3,0.5000000000000001,0.25000000000000006,0.9970613,52.71036116083983,0.9993230700492859,0.9997157454490662,0.023574206978082657,0.0011610984802246094,486947,0.0037237313,0.002007268602028489,0.0020101473201066256,0.002001372165977955
274708,dct_low_nontargeted_white_box_eps0.0627_iter2,0.40909090909090917,0.275974025974026,0.99736434,54.93502556123335,0.9993480443954468,0.9995808005332947,0.05400502309203148,0.006796121597290039,281383,0.0027053142,0.001282782293856144,0.0012911021476611495,0.0012851529754698277
377113,dct_low_nontargeted_white_box_eps0.0627_iter1,0.24494949494949494,0.24155844155844158,0.9996422,58.04213556657164,0.9998986721038818,0.999962329864502,0.0019871722906827927,0.00039440393447875977,540775,0.0021696961,0.0012536735739558935,0.001247882260940969,0.0012534256093204021
430377,dct_low_nontargeted_white_box_eps0.0627_iter1,0.42424242424242414,0.27272727272727276,0.99902844,58.034117292738514,0.9997209310531616,0.9998772144317627,0.0060767512768507,0.0014454126358032227,488401,0.00217197,0.001253855531103909,0.0012540151365101337,0.0012540181633085012
512776,dct_low_nontargeted_white_box_eps0.0627_iter6,0.33333333333333326,0.27272727272727276,0.9905989,50.07625029327967,0.998870849609375,0.9995497465133667,0.05378933995962143,0.006808102130889893,462614,0.0048679295,0.0023953604977577925,0.0023983612190932035,0.002401911886408925
95155,dct_low_nontargeted_white_box_eps0.0627_iter6,0.5000000000000001,0.45454545454545453,0.9958373,49.77970730411704,0.9985653162002563,0.9996026158332825,0.02099921554327011,0.002633810043334961,533265,0.005151541,0.002507139928638935,0.0025226420257240534,0.002489550272002816
184978,dct_low_nontargeted_white_box_eps0.0627_iter42,0.5000000000000001,0.0,0.9675651,41.22171307470795,0.9909745454788208,0.9978636503219604,0.13688813149929047,0.02577388286590576,630968,0.013701344,0.006868163123726845,0.0068885209038853645,0.006910974159836769
199055,dct_low_nontargeted_white_box_eps0.0627_iter1,0.5000000000000001,0.25000000000000006,0.9995651,58.03593505569606,0.9998804330825806,0.9999644756317139,0.0027884782757610083,0.00018358230590820312,542200,0.002171379,0.0012535006972029805,0.0012533467961475253,0.0012534853303804994
431848,dct_low_nontargeted_white_box_eps0.0627_iter10,0.13636363636363638,0.0909090909090909,0.9905165,47.950058519897574,0.9984544515609741,0.9993330240249634,0.054023873060941696,0.009680628776550293,551424,0.0062855715,0.0031078457832336426,0.003138976637274027,0.003096056869253516
128699,dct_low_nontargeted_white_box_eps0.0627_iter2,0.4166666666666667,0.4052341597796143,0.9979655,54.98207008158006,0.9994992017745972,0.9998695254325867,0.03080008178949356,0.002228260040283203,298170,0.0027049172,0.0012639552587643266,0.0012685335241258144,0.001271517714485526
121591,dct_low_nontargeted_white_box_eps0.0627_iter5,0.5000000000000001,0.25000000000000006,0.99665135,50.8005017794951,0.9990494251251221,0.9996117353439331,0.032466545701026917,0.0029561519622802734,536709,0.0045271604,0.0023852044250816107,0.0023689409717917442,0.0023777387104928493
176799,dct_low_nontargeted_white_box_eps0.0627_iter4,0.2545454545454546,0.24242424242424235,0.9984191,51.782477407708484,0.9996374845504761,0.9998331069946289,0.006616788450628519,0.0016330480575561523,470172,0.004080121,0.001948566292412579,0.0019489708356559277,0.0019511705031618476
424521,dct_low_nontargeted_white_box_eps0.0627_iter32,0.25000000000000006,0.022727272727272728,0.9779315,41.67075636923998,0.9945772886276245,0.9985164403915405,0.14642000198364258,0.014370858669281006,627761,0.012916213,0.006508847698569298,0.00656985305249691,0.006480583921074867
254016,dct_low_nontargeted_white_box_eps0.0627_iter1,0.3333333333333334,0.1666666666666667,0.9992814,58.03623232409368,0.9998388290405273,0.9999507069587708,0.006892410572618246,0.0012271404266357422,497955,0.0021712782,0.0012535323621705174,0.0012534074485301971,0.001253147260285914
73946,dct_low_nontargeted_white_box_eps0.0627_iter1,0.2848484848484849,0.21212121212121215,0.99904627,58.05797140869649,0.9997533559799194,0.9999150633811951,0.010331866331398487,0.0011619329452514648,477419,0.0021649685,0.0012432517250999808,0.0012497297720983624,0.0012483394239097834
230819,dct_low_nontargeted_white_box_eps0.0627_iter9,0.5000000000000001,0.0,0.99353796,46.924978648677595,0.9981898069381714,0.9993801712989807,0.02659558691084385,0.003315448760986328,596881,0.0071376916,0.0036843360867351294,0.003716725157573819,0.0036763327661901712
82715,dct_low_nontargeted_white_box_eps0.0627_iter1,0.5000000000000001,0.25000000000000006,0.99956197,58.036134101600766,0.999870777130127,0.9999611377716064,0.0015540174208581448,0.00028252601623535156,530939,0.0021713616,0.0012533299159258604,0.0012535081477835774,0.001253336202353239
497344,dct_low_nontargeted_white_box_eps0.0627_iter2,0.25000000000000006,0.12500000000000003,0.99787545,54.79263240999518,0.9994287490844727,0.999767005443573,0.03164660185575485,0.001712799072265625,304873,0.0027940408,0.0013221146073192358,0.0013226725859567523,0.0013266034657135606
361147,dct_low_nontargeted_white_box_eps0.0627_iter1,0.26137424666836434,0.21885521885521886,0.99935466,58.041471931421846,0.9998497366905212,0.9999476671218872,0.002454060595482588,0.000522613525390625,485733,0.0021696922,0.0012527413200587034,0.0012527420185506344,0.001250065746717155
541123,dct_low_nontargeted_white_box_eps0.0627_iter3,0.11363636363636363,0.10795454545454544,0.9980474,52.878449847976725,0.9995214343070984,0.9998921751976013,0.00735426414757967,0.0009132623672485352,511168,0.0036611713,0.001966810319572687,0.0019659209065139294,0.0019686080049723387
343706,dct_low_nontargeted_white_box_eps0.0627_iter4,0.25000000000000006,0.0,0.99858,51.68451280343554,0.999579131603241,0.9998472929000854,0.01659412682056427,0.0023584365844726562,480639,0.004120256,0.001974265556782484,0.0019766215700656176,0.0019728345796465874
199395,dct_low_nontargeted_white_box_eps0.0627_iter1,0.13362794612794612,0.10497835497835499,0.9988466,58.03431848789171,0.9996665716171265,0.999761164188385,0.018629465252161026,0.0014426708221435547,470436,0.0021719032,0.001253875670954585,0.001253902679309249,0.0012539551826193929
514797,dct_low_nontargeted_white_box_eps0.0627_iter2,0.5000000000000001,0.2066115702479339,0.998293,54.525307618723204,0.9994839429855347,0.9998182058334351,0.006844102870672941,0.0006347894668579102,340407,0.0029512148,0.0013979040086269379,0.0014202489983290434,0.0014048087177798152
279774,dct_low_nontargeted_white_box_eps0.0627_iter1,0.2636622636622637,0.25291375291375295,0.99944466,58.03836429521816,0.9998568296432495,0.9999522566795349,0.0027036082465201616,0.0008911490440368652,510181,0.0021706107,0.0012526762438938022,0.001252724789083004,0.0012528422521427274
474078,dct_low_nontargeted_white_box_eps0.0627_iter6,0.22727272727272727,0.21590909090909088,0.9984725,49.735414283481035,0.9993704557418823,0.9997422099113464,0.004206131212413311,0.0013699531555175781,539528,0.0051926044,0.002527681877836585,0.0025406652130186558,0.0025211081374436617
872,dct_low_nontargeted_white_box_eps0.0627_iter1,0.2575757575757575,0.18181818181818185,0.99957305,58.06471517781663,0.9998936653137207,0.999970018863678,0.00226350175216794,0.0003300309181213379,522379,0.002160787,0.0012450003996491432,0.0012468951754271984,0.0012436031829565763
32038,dct_low_nontargeted_white_box_eps0.0627_iter32,0.12500000000000003,0.08333333333333331,0.9081456,43.1692871218047,0.9904201030731201,0.9983673691749573,0.20470646023750305,0.02870076894760132,571276,0.010671597,0.005442063324153423,0.005434917751699686,0.005347384139895439
261732,dct_low_nontargeted_white_box_eps0.0627_iter1,0.3333333333333334,0.1666666666666667,0.99914676,58.06293786284969,0.9997851252555847,0.9999288320541382,0.00554531067609787,0.0008958578109741211,471194,0.0021633152,0.0012445271713659167,0.0012448907364159822,0.0012476188130676746
12120,dct_low_nontargeted_white_box_eps0.0627_iter1,0.1275826446280992,0.11897233201581026,0.9992161,58.06851508583708,0.9997960925102234,0.9999545812606812,0.004695274867117405,0.0005511641502380371,480234,0.0021617569,0.0012328606098890305,0.0012494500260800123,0.001249933266080916
306139,dct_low_nontargeted_white_box_eps0.0627_iter12,0.1255827505827506,0.09567099567099568,0.99026656,46.79288825267782,0.9978208541870117,0.9991318583488464,0.05263075977563858,0.006743252277374268,587057,0.0072256913,0.003589651081711054,0.0035859246272593737,0.0036026714369654655
564091,dct_low_nontargeted_white_box_eps0.0627_iter1,0.25000000000000006,0.12500000000000003,0.9992234,58.05194479048366,0.9998135566711426,0.9999542832374573,0.008738921023905277,0.00043380260467529297,498416,0.002166558,0.00124734069686383,0.001250816392712295,0.001248349784873426
280930,dct_low_nontargeted_white_box_eps0.0627_iter1,0.25000000000000006,0.08333333333333331,0.9989144,58.176653961470386,0.9998165965080261,0.9999147653579712,0.01216919906437397,0.0009697675704956055,460261,0.0021246802,0.0012114467099308968,0.0012112733675166965,0.0012177358148619533
384136,dct_low_nontargeted_white_box_eps0.0627_iter5,0.5000000000000001,0.25000000000000006,0.99468094,50.671435666595926,0.9986323118209839,0.9995425343513489,0.0358416773378849,0.002734839916229248,523866,0.0046364125,0.0024547684006392956,0.0024620944168418646,0.002449857536703348
173057,dct_low_nontargeted_white_box_eps0.0627_iter1,0.18874458874458877,0.15089126559714794,0.9993176,58.037345102708386,0.9998247027397156,0.9999522566795349,0.004755666945129633,0.00027251243591308594,508513,0.0021709234,0.001252996502444148,0.0012531926622614264,0.0012529221130535007
475572,dct_low_nontargeted_white_box_eps0.0627_iter1,0.10000000000000002,0.08000000000000002,0.99907976,58.05847573612211,0.9997897148132324,0.9999119639396667,0.009925982914865017,0.0006913542747497559,479685,0.0021637462,0.0012486092746257782,0.00125025468878448,0.001242028083652258
228214,dct_low_nontargeted_white_box_eps0.0627_iter1,0.18749999999999994,0.1106060606060606,0.9991975,58.053649525991034,0.9997833967208862,0.9999212026596069,0.009432202205061913,0.0012565255165100098,495885,0.002166488,0.0012530790409073234,0.0012393369106575847,0.0012526194332167506
183709,dct_low_nontargeted_white_box_eps0.0627_iter3,0.12080199212552155,0.10783617275712139,0.99780375,53.410156229110044,0.9994359016418457,0.9997899532318115,0.02336740680038929,0.006713986396789551,513826,0.0034253402,0.0018083431059494615,0.0018088710494339466,0.001868501421995461
57672,dct_low_nontargeted_white_box_eps0.0627_iter1,0.17973219961856324,0.13307213208398982,0.99960595,58.03450011869146,0.9999005794525146,0.9999682903289795,0.0015993567649275064,0.00029087066650390625,532727,0.0021718557,0.0012538029113784432,0.0012539505260065198,0.0012538367882370949
283785,dct_low_nontargeted_white_box_eps0.0627_iter4,0.17923312575718994,0.17191986757204147,0.9977531,51.361456447674016,0.9995527267456055,0.9998336434364319,0.011634474620223045,0.001534104347229004,471432,0.0042837043,0.0020731701515614986,0.0020867432467639446,0.0020746197551488876
467511,dct_low_nontargeted_white_box_eps0.0627_iter1,0.3333333333333334,0.28282828282828276,0.9994188,58.05734010598882,0.9998654127120972,0.9999518990516663,0.002961975522339344,0.00033271312713623047,509601,0.002163939,0.001247107982635498,0.0012472976231947541,0.0012474481482058764
291791,dct_low_nontargeted_white_box_eps0.0627_iter1,0.11363636363636366,0.045454545454545456,0.99964386,58.178290288432,0.9999088644981384,0.9999594688415527,0.0031642327085137367,0.00016176700592041016,509180,0.0021128159,0.0012128348462283611,0.0012141558108851314,0.0012120887404307723
566436,dct_low_nontargeted_white_box_eps0.0627_iter1,0.5000000000000001,0.25000000000000006,0.9994666,58.03972433663661,0.9998674392700195,0.9999593496322632,0.0029313089326024055,0.0003076791763305664,514090,0.002170152,0.0012527419021353126,0.0012530513340607285,0.0012512931134551764
127092,dct_low_nontargeted_white_box_eps0.0627_iter20,0.1666666666666667,0.04166666666666668,0.9838368,44.21589572830324,0.996113657951355,0.9987866282463074,0.09040367603302002,0.012450635433197021,615018,0.0096952235,0.004880217835307121,0.0048475018702447414,0.004872777499258518
507797,dct_low_nontargeted_white_box_eps0.0627_iter1,0.17045454545454544,0.15518824609733703,0.999175,58.18550938357423,0.9997974634170532,0.9999336004257202,0.009365605190396309,0.0006070137023925781,485821,0.0021136329,0.001220360049046576,0.0012042082380503416,0.0012084534391760826
315492,dct_low_nontargeted_white_box_eps0.0627_iter3,0.3333333333333334,0.11111111111111109,0.9974859,52.85255151129367,0.9993157386779785,0.9997564554214478,0.015247977338731289,0.0016409754753112793,501853,0.003674015,0.001968781929463148,0.001977890497073531,0.001967626390978694
369675,dct_low_nontargeted_white_box_eps0.0627_iter1,0.24393939393939393,0.1696969696969697,0.9994934,58.11106147738101,0.9998754262924194,0.9999567866325378,0.0022953732404857874,0.0004076361656188965,501333,0.0021469893,0.0012263718526810408,0.0012261286610737443,0.001243341132067144
505638,dct_low_nontargeted_white_box_eps0.0627_iter3,0.2181818181818182,0.13636363636363638,0.9982994,53.30269866302337,0.9994555711746216,0.9998077154159546,0.004513829946517944,0.0007554292678833008,522046,0.0034854664,0.001869195606559515,0.0018704604590311646,0.0018734417390078306
70254,dct_low_nontargeted_white_box_eps0.0627_iter1,0.15086580086580087,0.13212121212121214,0.9994452,58.085316227978836,0.9998706579208374,0.9999592304229736,0.002965336199849844,0.00037729740142822266,503806,0.0021545056,0.0012361673871055245,0.0012413713848218322,0.0012402795255184174
316054,dct_low_nontargeted_white_box_eps0.0627_iter2,0.25000000000000006,0.16666666666666663,0.9984911,54.81094782001615,0.9995306730270386,0.9998807311058044,0.012129683047533035,0.0013262629508972168,341136,0.0028305503,0.0013158200308680534,0.0013168915174901485,0.0013191790785640478
511999,dct_low_nontargeted_white_box_eps0.0627_iter3,0.21414141414141416,0.202020202020202,0.9978178,52.62428746607633,0.9994572997093201,0.9998036623001099,0.01929774135351181,0.0018754005432128906,515124,0.0037587478,0.002008228562772274,0.0020047014113515615,0.0019975793547928333
297022,dct_low_nontargeted_white_box_eps0.0627_iter2,0.4545454545454545,0.30000000000000004,0.9987786,54.64610794523036,0.999610424041748,0.9998857378959656,0.044884148985147476,0.005308032035827637,348015,0.0029045602,0.001375981024466455,0.0013747250195592642,0.0013554663164541125
407083,dct_low_nontargeted_white_box_eps0.0627_iter23,0.1666666666666667,0.04761904761904762,0.98028547,44.24661705683136,0.9944218397140503,0.9983207583427429,0.13220228254795074,0.017607688903808594,619008,0.009669926,0.004921370651572943,0.004924254026263952,0.004974674433469772
212226,dct_low_nontargeted_white_box_eps0.0627_iter6,0.5000000000000001,0.25000000000000006,0.9931068,50.03703228108019,0.9983067512512207,0.9993080496788025,0.08924082666635513,0.011125385761260986,498784,0.004921925,0.0024279761128127575,0.002437802031636238,0.0023967677261680365
394206,dct_low_nontargeted_white_box_eps0.0627_iter1,0.15930148283089463,0.09893048128342248,0.9995002,58.06172200876175,0.9999017119407654,0.9999668002128601,0.002825915813446045,0.00020492076873779297,501139,0.0021636721,0.0012466171756386757,0.001244078390300274,0.0012473854003474116
220858,dct_low_nontargeted_white_box_eps0.0627_iter1,0.12121212121212117,0.08754208754208755,0.99935246,58.036526514179315,0.9998356103897095,0.9999412298202515,0.005282809492200613,0.0005509853363037109,512611,0.0021711565,0.0012532860273495317,0.0012532687978819013,0.0012532849796116352
453166,dct_low_nontargeted_white_box_eps0.0627_iter4,0.5000000000000001,0.47272727272727283,0.99564624,51.429805103202575,0.9988576769828796,0.9996166229248047,0.029328301548957825,0.002782464027404785,451799,0.004201888,0.0020562498830258846,0.0020565781742334366,0.0020539923571050167
6894,dct_low_nontargeted_white_box_eps0.0627_iter1,0.5000000000000001,0.25000000000000006,0.9994051,58.11792657270185,0.9998242855072021,0.999943733215332,0.004232280422002077,0.0009737610816955566,526458,0.0021372545,0.0012299565132707357,0.0012299924856051803,0.0012300595408305526
279927,dct_low_nontargeted_white_box_eps0.0627_iter7,0.12575757575757576,0.11363636363636363,0.99644804,48.563401819857425,0.9987195730209351,0.9997463822364807,0.021542280912399292,0.0025599002838134766,571885,0.0059244866,0.0031092921271920204,0.003080857452005148,0.0030827466398477554
161032,dct_low_nontargeted_white_box_eps0.0627_iter5,0.5000000000000001,0.25000000000000006,0.9969458,51.096356758128735,0.9990537166595459,0.9997056126594543,0.023509077727794647,0.005833983421325684,550079,0.00444931,0.002335095778107643,0.0023366068489849567,0.002329931128770113
437239,dct_low_nontargeted_white_box_eps0.0627_iter28,0.20000000000000004,0.14545454545454548,0.99048066,42.496704616681676,0.9972829818725586,0.9987366199493408,0.05129639804363251,0.0062316060066223145,625968,0.011850635,0.0059279389679431915,0.005945542827248573,0.005962176714092493
382111,dct_low_nontargeted_white_box_eps0.0627_iter13,0.19318181818181815,0.18181818181818185,0.99271876,46.552121685437235,0.9981557726860046,0.9995678067207336,0.028140433132648468,0.003391861915588379,602786,0.0074479003,0.0038274929393082857,0.003821277990937233,0.0038144553545862436
132408,dct_low_nontargeted_white_box_eps0.0627_iter12,0.30000000000000004,0.2995867768595042,0.99278,46.160932466970095,0.9980069398880005,0.9993717074394226,0.039143193513154984,0.0040694475173950195,597804,0.00778941,0.003882201388478279,0.003893444547429681,0.003882793476805091
191288,dct_low_nontargeted_white_box_eps0.0627_iter2,0.5000000000000001,0.25000000000000006,0.99923205,54.95026813637206,0.9998655319213867,0.9999469518661499,0.003970821388065815,0.0002784132957458496,327116,0.0027646269,0.001273812842555344,0.0012761247344315052,0.0012805369915440679
260106,dct_low_nontargeted_white_box_eps0.0627_iter1,0.34090909090909083,0.1818181818181818,0.9994704,58.047863536971505,0.9998998641967773,0.9999725222587585,0.0026115337386727333,0.0003699064254760742,500515,0.002167718,0.0012486579362303019,0.0012516836868599057,0.0012496965937316418
100510,dct_low_nontargeted_white_box_eps0.0627_iter3,0.2803030303030302,0.24999999999999992,0.99860406,52.70975900729256,0.9996892809867859,0.9998963475227356,0.005707030184566975,0.0011811256408691406,516990,0.0037482497,0.0020024804398417473,0.002009967342019081,0.0020099813118577003
441442,dct_low_nontargeted_white_box_eps0.0627_iter15,0.22222222222222218,0.09090909090909093,0.9934998,45.52486183745973,0.9983839392662048,0.9995036125183105,0.023727720603346825,0.0037773847579956055,612132,0.008387454,0.00429355725646019,0.004323564935475588,0.004264522809535265
140270,dct_low_nontargeted_white_box_eps0.0627_iter11,0.25000000000000006,0.05555555555555554,0.9912279,46.180393754673375,0.9977822303771973,0.9994170665740967,0.03803747892379761,0.004191756248474121,599832,0.0077213203,0.00398494815453887,0.004012305289506912,0.003997944761067629
553990,dct_low_nontargeted_white_box_eps0.0627_iter7,0.25000000000000006,0.0,0.9971296,48.837203411489945,0.9992870092391968,0.9997392892837524,0.012314788065850735,0.002468287944793701,579994,0.005767243,0.0029844536911696196,0.0030111470259726048,0.002986038103699684
97924,dct_low_nontargeted_white_box_eps0.0627_iter3,0.21212121212121215,0.16666666666666666,0.9983542,53.40404692349395,0.9995826482772827,0.9998711943626404,0.028182296082377434,0.0019376873970031738,525354,0.0034082832,0.0018224528757855296,0.00182232609950006,0.0018147770315408707
331799,dct_low_nontargeted_white_box_eps0.0627_iter1,0.19318181818181818,0.18181818181818188,0.99932855,58.0556216474427,0.9998547434806824,0.9999532699584961,0.0035600464325398207,0.00040531158447265625,492517,0.002165837,0.001252231653779745,0.0012491621309891343,0.001241925056092441
326542,dct_low_nontargeted_white_box_eps0.0627_iter1,0.4545454545454545,0.31818181818181823,0.99887127,58.04238341811184,0.9996601939201355,0.9996123313903809,0.010680148378014565,0.001496434211730957,476461,0.0021694568,0.0012529054656624794,0.0012521952157840133,0.0012496539857238531
576566,dct_low_nontargeted_white_box_eps0.0627_iter2,0.5000000000000001,0.0,0.99792,55.04375681488776,0.9995728731155396,0.9998478293418884,0.017882006242871284,0.002636432647705078,299438,0.0026916065,0.0012573411222547293,0.0012606942327693105,0.0012456107651814818
327306,dct_low_nontargeted_white_box_eps0.0627_iter7,0.5000000000000001,0.16666666666666663,0.99449277,49.382987801757466,0.99821937084198,0.9993290901184082,0.039418790489435196,0.004685044288635254,564523,0.0053856457,0.0028023989871144295,0.0028115445747971535,0.0027950184885412455
378873,dct_low_nontargeted_white_box_eps0.0627_iter1,0.10426716141001857,0.10389610389610389,0.9996748,58.09089551396656,0.999935507774353,0.9999723434448242,0.0007953665335662663,0.0003293156623840332,505214,0.002156105,0.0012487851781770587,0.0012486858759075403,0.0012155816657468677
94944,dct_low_nontargeted_white_box_eps0.0627_iter7,0.21022727272727265,0.15909090909090912,0.99515074,49.152185497350224,0.9986332654953003,0.9995794296264648,0.0368427075445652,0.00499415397644043,573180,0.0055520246,0.0028788584750145674,0.0028966108802706003,0.0028783122543245554
151051,dct_low_nontargeted_white_box_eps0.0627_iter8,0.5000000000000001,0.0,0.99111223,48.95588375522105,0.9968022108078003,0.9975435137748718,0.06471145153045654,0.008234381675720215,546067,0.0056366045,0.002759351162239909,0.0027657777536660433,0.0027547504287213087
93717,dct_low_nontargeted_white_box_eps0.0627_iter1,0.24002260365896722,0.23484848484848486,0.999465,58.0617098168155,0.9998675584793091,0.999954879283905,0.0038091386668384075,0.00046062469482421875,522887,0.002162765,0.0012469611829146743,0.0012476779520511627,0.0012434625532478094
18193,dct_low_nontargeted_white_box_eps0.0627_iter1,0.1666666666666667,0.08333333333333336,0.9991331,58.043658020631774,0.99974524974823,0.9999175071716309,0.011266514658927917,0.0015555620193481445,499574,0.002168945,0.0012505085906013846,0.0012511353706941009,0.0012520316522568464
43435,dct_low_nontargeted_white_box_eps0.0627_iter3,0.5000000000000001,0.13636363636363638,0.99779207,52.84784172478476,0.9993298053741455,0.9997885227203369,0.013938275165855885,0.0016814470291137695,534300,0.0036949352,0.0019814393017441034,0.001976056955754757,0.0019682778511196375
403584,dct_low_nontargeted_white_box_eps0.0627_iter1,0.2272727272727273,0.19469696969696967,0.9993644,58.16425580818837,0.9998863935470581,0.9999523162841797,0.006550570018589497,0.000492393970489502,488152,0.0021237908,0.0012237661285325885,0.0012173295253887773,0.0012097822036594152
40757,dct_low_nontargeted_white_box_eps0.0627_iter1,0.1666666666666667,0.0,0.9988156,58.05479000068598,0.9996869564056396,0.999847412109375,0.016886956989765167,0.0016415119171142578,469166,0.00216472,0.001247975742444396,0.00124557560775429,0.0012505154591053724
342128,dct_low_nontargeted_white_box_eps0.0627_iter2,0.11524064171122994,0.08909090909090908,0.9992786,54.727442281458394,0.9998409748077393,0.999926745891571,0.002586901420727372,0.0001679062843322754,343352,0.0028812985,0.0013443821808323264,0.001342050265520811,0.0013440157053992152
503755,dct_low_nontargeted_white_box_eps0.0627_iter13,0.5000000000000001,0.06250000000000001,0.98630387,46.16749042387696,0.9964055418968201,0.99870365858078,0.08807210624217987,0.01110011339187622,597307,0.0077150725,0.003984494600445032,0.003998115658760071,0.003995602950453758
320642,dct_low_nontargeted_white_box_eps0.0627_iter11,0.47272727272727283,0.45454545454545453,0.98959094,46.9480965035422,0.9973728656768799,0.9990330934524536,0.059676073491573334,0.007058262825012207,589388,0.007085994,0.003670034697279334,0.003648170502856374,0.0036779490765184164
235778,dct_low_nontargeted_white_box_eps0.0627_iter1,0.5000000000000001,0.27272727272727276,0.9989536,58.07005108392527,0.9997665286064148,0.9999139308929443,0.010882595553994179,0.0008876919746398926,464497,0.0021618677,0.0012477785348892212,0.0012513813562691212,0.0012317727087065578
494759,dct_low_nontargeted_white_box_eps0.0627_iter18,0.5000000000000001,0.0909090909090909,0.9755402,44.94443808033644,0.9930473566055298,0.9962646961212158,0.20680293440818787,0.03578650951385498,605619,0.008851898,0.004445611033588648,0.004436785355210304,0.0044784448109567165
409542,dct_low_nontargeted_white_box_eps0.0627_iter1,0.44545454545454544,0.35314685314685323,0.99951744,58.04301012162377,0.9998940825462341,0.9999540448188782,0.0019400704186409712,0.0002040863037109375,522065,0.0021690412,0.001252159010618925,0.0012507832143455744,0.0012512670364230871
119995,dct_low_nontargeted_white_box_eps0.0627_iter1,0.42954545454545456,0.3727272727272728,0.9990675,58.08528243648581,0.9997617602348328,0.9999300241470337,0.006751540116965771,0.0006108283996582031,471085,0.0021555251,0.0012370493495836854,0.001239298959262669,0.0012414857046678662
369323,dct_low_nontargeted_white_box_eps0.0627_iter1,0.2545454545454546,0.21212121212121215,0.9989655,58.03609549674873,0.9997661113739014,0.9999098181724548,0.007575029507279396,0.0015118718147277832,460533,0.0021712922,0.0012533847475424409,0.0012533623958006501,0.0012534550623968244
127270,dct_low_nontargeted_white_box_eps0.0627_iter1,0.18961038961038965,0.17545454545454547,0.9991686,58.061330646677824,0.9997965693473816,0.9999415278434753,0.0054761385545134544,0.0002319812774658203,473894,0.002162433,0.001247204258106649,0.0012462374288588762,0.0012449692003428936
297084,dct_low_nontargeted_white_box_eps0.0627_iter10,0.12500000000000003,0.01785714285714286,0.99460655,47.35864498637898,0.9987502098083496,0.9995222687721252,0.01796557381749153,0.002330601215362549,582372,0.0067961197,0.0033574362751096487,0.0033787658903747797,0.003355445107445121
168337,dct_low_nontargeted_white_box_eps0.0627_iter6,0.25000000000000006,0.21212121212121207,0.9951246,49.64563777675945,0.9986159205436707,0.9995483756065369,0.023792995139956474,0.003805398941040039,531148,0.0052237343,0.0025550900027155876,0.002559398766607046,0.0025451239198446274
226408,dct_low_nontargeted_white_box_eps0.0627_iter4,0.11111111111111109,0.04761904761904762,0.9967012,52.03465969770275,0.9992078542709351,0.9997649788856506,0.06072550639510155,0.003319263458251953,439589,0.0039149984,0.0018796989461407065,0.0018699594074860215,0.0018795400392264128
173302,dct_low_nontargeted_white_box_eps0.0627_iter1,0.1666666666666667,0.12121212121212123,0.9993167,58.05220668744745,0.9998406767845154,0.9999465346336365,0.0036862839478999376,0.00021022558212280273,500189,0.002166586,0.0012514244299381971,0.0012516566785052419,0.0012432063231244683
54654,dct_low_nontargeted_white_box_eps0.0627_iter9,0.5000000000000001,0.12500000000000003,0.99284345,47.87202031160491,0.9982559084892273,0.9993118047714233,0.04409308359026909,0.004137992858886719,581289,0.0063889436,0.0033153037074953318,0.0033118221908807755,0.003305586986243725
425221,dct_low_nontargeted_white_box_eps0.0627_iter1,0.10606060606060608,0.0303030303030303,0.9988113,58.270502877323594,0.9997997283935547,0.9999070167541504,0.005949249491095543,0.0009278059005737305,437928,0.0020778675,0.001188370632007718,0.0011876813368871808,0.001186575973406434
224119,dct_low_nontargeted_white_box_eps0.0627_iter1,0.27272727272727276,0.13636363636363635,0.998992,58.041778754974615,0.9996678829193115,0.9997830986976624,0.010216159746050835,0.0037784576416015625,480495,0.002169512,0.0012508532963693142,0.0012515061534941196,0.0012529439991340041
140556,dct_low_nontargeted_white_box_eps0.0627_iter2,0.3030303030303031,0.26767676767676774,0.9985919,55.1059654066897,0.9996465444564819,0.9999021887779236,0.011397277936339378,0.0009281635284423828,308785,0.0026678904,0.0012291532475501299,0.0012352553894743323,0.001229209708981216
258793,dct_low_nontargeted_white_box_eps0.0627_iter2,0.1666666666666667,0.0,0.99815774,55.14569706300692,0.9994490146636963,0.9997702240943909,0.024779967963695526,0.002927720546722412,317854,0.0026539885,0.001229985267855227,0.0012357577215880156,0.0012317239306867123
469067,dct_low_nontargeted_white_box_eps0.0627_iter2,0.20000000000000004,0.05000000000000001,0.99837065,54.96887617572497,0.9994817972183228,0.9998157024383545,0.012409346178174019,0.0026051998138427734,328687,0.0027614445,0.0012727497378364205,0.0012724577682092786,0.0012647209223359823
448256,dct_low_nontargeted_white_box_eps0.0627_iter9,0.21363636363636368,0.17532467532467533,0.99543023,48.149040369663126,0.9988560080528259,0.9996317028999329,0.02934889867901802,0.005488097667694092,584196,0.006204982,0.0032051822636276484,0.003205779939889908,0.003204051172360778
549390,dct_low_nontargeted_white_box_eps0.0627_iter1,0.13995215311004786,0.1383572567783094,0.99949926,58.062001206830715,0.9998425245285034,0.9999452233314514,0.0048215351998806,0.0005602836608886719,528035,0.0021624337,0.0012466713087633252,0.0012473993701860309,0.0012437851401045918
201418,dct_low_nontargeted_white_box_eps0.0627_iter1,0.11728896103896104,0.11704545454545454,0.9991676,58.04382996192473,0.9998085498809814,0.9999409914016724,0.005514858290553093,0.0006212592124938965,486347,0.0021684992,0.0012510786764323711,0.001251337118446827,0.0012511152308434248
364102,dct_low_nontargeted_white_box_eps0.0627_iter22,0.5000000000000001,0.0,0.97239155,43.501755981462374,0.9923047423362732,0.9953370094299316,0.19605380296707153,0.03198927640914917,615688,0.010389071,0.005261157639324665,0.0052839601412415504,0.005253717303276062
13291,dct_low_nontargeted_white_box_eps0.0627_iter1,0.43181818181818177,0.4188311688311689,0.99916625,58.05027586645002,0.9997920989990234,0.9999600648880005,0.011275947093963623,0.00028318166732788086,481926,0.0021673236,0.00124844117090106,0.001252025831490755,0.001247484004124999
440336,dct_low_nontargeted_white_box_eps0.0627_iter4,0.43939393939393945,0.3392857142857143,0.9961941,51.520219512823935,0.9989880323410034,0.999779224395752,0.07343184947967529,0.0034674406051635742,451075,0.0041600866,0.0020248102955520153,0.0020130162592977285,0.002031896496191621
488251,dct_low_nontargeted_white_box_eps0.0627_iter3,0.19318181818181815,0.18181818181818185,0.99772525,52.980267154140805,0.9994093179702759,0.9998132586479187,0.020056165754795074,0.002888917922973633,511537,0.0036170166,0.0019340617582201958,0.0019480680348351598,0.001940597896464169
229601,dct_low_nontargeted_white_box_eps0.0627_iter1,0.3358585858585859,0.2878787878787879,0.9994452,58.06066430200456,0.9998334646224976,0.9999477863311768,0.004037852399051189,0.0006685256958007812,500745,0.0021643762,0.0012506742496043444,0.001251408364623785,0.0012369172181934118
427160,dct_low_nontargeted_white_box_eps0.0627_iter1,0.303030303030303,0.2803030303030302,0.99912304,58.04166435385358,0.9997846484184265,0.9999315738677979,0.006564866751432419,0.00046837329864501953,479046,0.0021696272,0.001251658657565713,0.001251910114660859,0.0012518196599557996
434204,dct_low_nontargeted_white_box_eps0.0627_iter1,0.1384297520661157,0.13636363636363635,0.99929076,58.036809803982166,0.9998287558555603,0.9999443292617798,0.004694629460573196,0.0006098151206970215,500047,0.0021711434,0.0012528703082352877,0.0012535176938399673,0.0012531980173662305
289417,dct_low_nontargeted_white_box_eps0.0627_iter2,0.25252525252525243,0.23989898989898983,0.9976032,55.101518730929904,0.999332845211029,0.9996938705444336,0.03295420855283737,0.0029098987579345703,292324,0.0026518228,0.0012288857251405716,0.0012326311552897096,0.0012346284929662943
309467,dct_low_nontargeted_white_box_eps0.0627_iter2,0.3333333333333334,0.0,0.997986,54.89270888574006,0.9994327425956726,0.999667227268219,0.01618770882487297,0.0017507672309875488,304880,0.0027349098,0.001296973554417491,0.0012898002751171589,0.001291312393732369
473121,dct_low_nontargeted_white_box_eps0.0627_iter20,0.5000000000000001,0.0,0.97798586,44.77061353645091,0.9943575859069824,0.9984990954399109,0.18855829536914825,0.016790270805358887,608914,0.00905724,0.004570173565298319,0.004554847255349159,0.004535255953669548
327605,dct_low_nontargeted_white_box_eps0.0627_iter26,0.27272727272727276,0.0,0.9801271,43.330042413937726,0.9934781789779663,0.9978976845741272,0.10946294665336609,0.023858189582824707,623134,0.010684521,0.005346392747014761,0.005381254479289055,0.005367416888475418
243148,dct_low_nontargeted_white_box_eps0.0627_iter1,0.5000000000000001,0.42424242424242414,0.9990904,58.045851597126884,0.9997614622116089,0.9999284744262695,0.006152339279651642,0.0010290145874023438,482210,0.0021685397,0.00124819774646312,0.001251343754120171,0.001252199406735599
581062,dct_low_nontargeted_white_box_eps0.0627_iter26,0.5000000000000001,0.25000000000000006,0.97300845,43.59905170737869,0.9928934574127197,0.9979518055915833,0.17250896990299225,0.024376273155212402,618610,0.010376839,0.005216522142291069,0.005231558810919523,0.005225279368460178
185950,dct_low_nontargeted_white_box_eps0.0627_iter16,0.5000000000000001,0.019230769230769232,0.98345184,45.52559820946284,0.9960718154907227,0.9988299012184143,0.136616051197052,0.014261960983276367,596243,0.008282652,0.004156424198299646,0.004167143255472183,0.004155672620981932
44195,dct_low_nontargeted_white_box_eps0.0627_iter4,0.5000000000000001,0.27272727272727276,0.99585766,51.58990388732073,0.9990068674087524,0.9996432065963745,0.04111962020397186,0.0038834214210510254,446354,0.0041151713,0.0020020203664898872,0.002005211776122451,0.0020069489255547523
354307,dct_low_nontargeted_white_box_eps0.0627_iter7,1.0000000000000002,0.5000000000000001,0.99294204,49.561368837607475,0.9985969066619873,0.9995285272598267,0.06557093560695648,0.005108356475830078,548936,0.005249955,0.0027504251338541508,0.0027389221359044313,0.00273122382350266
179487,dct_low_nontargeted_white_box_eps0.0627_iter1,0.24916815210932855,0.17676767676767677,0.99935,58.088757591871634,0.9998492002487183,0.9999420046806335,0.0029945422429591417,0.00043314695358276367,488368,0.0021556409,0.00122580595780164,0.0012446503387764096,0.0012444290332496166
91500,dct_low_nontargeted_white_box_eps0.0627_iter2,0.11111111111111113,0.09427609427609425,0.9986267,54.97639316911888,0.9996182322502136,0.9998424649238586,0.008459983393549919,0.0014706850051879883,306823,0.0027260121,0.0012692761374637485,0.0012658297782763839,0.001268153078854084
426836,dct_low_nontargeted_white_box_eps0.0627_iter2,0.5000000000000001,0.16666666666666663,0.9983253,55.0564268440716,0.9995376467704773,0.9998859167098999,0.04212503880262375,0.004071593284606934,311437,0.0026830123,0.0012454143725335598,0.0012429046910256147,0.001246224739588797
557916,dct_low_nontargeted_white_box_eps0.0627_iter4,0.25000000000000006,0.05000000000000001,0.99507636,51.89396634236474,0.9986857175827026,0.9994581937789917,0.05656731128692627,0.006717562675476074,423405,0.0039450917,0.0019218354718759656,0.0019220388494431973,0.001898240647278726
99024,dct_low_nontargeted_white_box_eps0.0627_iter1,0.3333333333333334,0.1666666666666667,0.99938345,58.03515315063613,0.9998024702072144,0.9999478459358215,0.0030360883101820946,0.0004807710647583008,532296,0.0021716785,0.0012533266562968493,0.0012538707815110683,0.0012538072187453508
305309,dct_low_nontargeted_white_box_eps0.0627_iter5,0.31818181818181823,0.2727272727272727,0.99730057,50.92042896104269,0.9992836713790894,0.9997437596321106,0.024350201711058617,0.002886831760406494,551985,0.004546156,0.0023862977977842093,0.002381963422521949,0.002380885649472475
311928,dct_low_nontargeted_white_box_eps0.0627_iter1,0.3333333333333334,0.1666666666666667,0.9994268,58.0388820484093,0.9998748302459717,0.999966561794281,0.003714823629707098,0.0005968809127807617,497283,0.0021705406,0.001252524321898818,0.0012524874182417989,0.0012527944054454565
196141,dct_low_nontargeted_white_box_eps0.0627_iter3,0.17545454545454547,0.15454545454545449,0.99819523,52.72736883474708,0.9995793700218201,0.9998642206192017,0.006713871844112873,0.0004439353942871094,503268,0.0037305683,0.0019984839018434286,0.0019996364135295153,0.0020075661595910788
136915,dct_low_nontargeted_white_box_eps0.0627_iter24,0.1818181818181818,0.10909090909090909,0.9813631,43.817825599076485,0.9955304861068726,0.9984865188598633,0.09966165572404861,0.016871154308319092,618123,0.010138337,0.005090794526040554,0.00508213322609663,0.005098335444927216
533816,dct_low_nontargeted_white_box_eps0.0627_iter1,0.4352066115702479,0.3557939644896167,0.99955815,58.06165038985122,0.9999043345451355,0.9999635219573975,0.0023627597838640213,0.0002599954605102539,517589,0.0021633136,0.0012424158630892634,0.001248097512871027,0.001247631385922432
522889,dct_low_nontargeted_white_box_eps0.0627_iter5,0.2803030303030302,0.2727272727272727,0.9929061,51.00276626783371,0.9987062811851501,0.9997011423110962,0.04147753864526749,0.0018212199211120605,499827,0.0044398895,0.0021941184531897306,0.002398458542302251,0.0024061736185103655
548246,dct_low_nontargeted_white_box_eps0.0627_iter21,0.24242424242424246,0.2272727272727273,0.98436385,44.07487495395392,0.9961572885513306,0.9986376762390137,0.06894438713788986,0.01056891679763794,618938,0.009854274,0.005043327808380127,0.005041288211941719,0.005040276795625687
37988,dct_low_nontargeted_white_box_eps0.0627_iter9,0.2545454545454546,0.21212121212121215,0.9873685,47.766618747883285,0.9961935877799988,0.9976543188095093,0.10546936839818954,0.008931577205657959,575033,0.006428076,0.0033353145699948072,0.0033577275462448597,0.003363206749781966
325838,dct_low_nontargeted_white_box_eps0.0627_iter1,0.1666666666666667,0.08333333333333336,0.99914485,58.04324799467661,0.9997812509536743,0.9999139904975891,0.005811500363051891,0.0005234479904174805,494569,0.002168962,0.0012509484076872468,0.0012518566800281405,0.0012512051034718752
74256,dct_low_nontargeted_white_box_eps0.0627_iter1,0.10909090909090911,0.09090909090909093,0.9994612,58.07172514459737,0.9998795390129089,0.9999454617500305,0.0033755945041775703,0.0006701946258544922,509032,0.0021606432,0.0012503954349085689,0.0012413092190399766,0.0012377819512039423
154644,dct_low_nontargeted_white_box_eps0.0627_iter3,0.2575757575757575,0.18181818181818185,0.99654347,53.163943243520855,0.9991537928581238,0.9997069835662842,0.07189920544624329,0.007695555686950684,485228,0.0035196808,0.0019059076439589262,0.0019006053917109966,0.0018963300390169024
474039,dct_low_nontargeted_white_box_eps0.0627_iter4,0.25000000000000006,0.0,0.9963394,51.68253928141466,0.9990172386169434,0.9996557831764221,0.042215362191200256,0.005838274955749512,450652,0.004092975,0.00198075408115983,0.001978134037926793,0.001975779654458165
461751,dct_low_nontargeted_white_box_eps0.0627_iter1,0.125,0.004132231404958678,0.99927527,58.036807996410715,0.9998502731323242,0.9999545216560364,0.007831266149878502,0.000794529914855957,486602,0.002171138,0.001253242720849812,0.001253220601938665,0.0012531392276287079
466986,dct_low_nontargeted_white_box_eps0.0627_iter5,0.21212121212121207,0.13636363636363638,0.9970279,51.08171144269975,0.9995047450065613,0.9998020529747009,0.01313783973455429,0.0015129446983337402,539486,0.004427346,0.0023084282875061035,0.0023076734505593777,0.0023130448535084724
465179,dct_low_nontargeted_white_box_eps0.0627_iter37,0.5000000000000001,0.06250000000000001,0.96209115,42.18328770640255,0.9907510280609131,0.9971834421157837,0.1994643360376358,0.024007797241210938,627513,0.012197457,0.006233653053641319,0.0062449174001812935,0.00624559773132205
542856,dct_low_nontargeted_white_box_eps0.0627_iter1,0.1818181818181818,0.15757575757575756,0.99939984,58.05353360108065,0.9998641014099121,0.9999561905860901,0.0032007056288421154,0.00014734268188476562,503712,0.002165532,0.0012473375536501408,0.0012498479336500168,0.0012479349970817566
429718,dct_low_nontargeted_white_box_eps0.0627_iter3,0.25000000000000006,0.0,0.9982174,52.84339301171315,0.9994825124740601,0.9997982382774353,0.009469114243984222,0.0019087791442871094,534851,0.0036914935,0.001975116552785039,0.0019696441013365984,0.0019787929486483335
563604,dct_low_nontargeted_white_box_eps0.0627_iter3,0.1994949494949495,0.1954545454545455,0.99908274,53.0622719709571,0.9997282028198242,0.9998787045478821,0.0025499528273940086,0.00043523311614990234,541877,0.003592067,0.0019146667327731848,0.0019243728602305055,0.001918609021231532
78565,dct_low_nontargeted_white_box_eps0.0627_iter2,0.11101272464908829,0.10673400673400674,0.99842364,54.78750068669248,0.9995490908622742,0.9998322129249573,0.012165914289653301,0.001379251480102539,330928,0.0028397455,0.0013223717687651515,0.0013373108813539147,0.0013125917175784707
116439,dct_low_nontargeted_white_box_eps0.0627_iter3,0.25000000000000006,0.0,0.9986227,52.9060086969891,0.9996921420097351,0.9998788833618164,0.007372287102043629,0.001736760139465332,514764,0.0036523468,0.0019534325692802668,0.00195606448687613,0.0019516505999490619
107851,dct_low_nontargeted_white_box_eps0.0627_iter1,0.1090909090909091,0.06363636363636364,0.9994979,58.77083377792894,0.9998651742935181,0.999931812286377,0.006794286891818047,0.0018186569213867188,488855,0.0018803843,0.001056329463608563,0.0010591031750664115,0.001059523900039494
274219,dct_low_nontargeted_white_box_eps0.0627_iter8,0.5000000000000001,0.25000000000000006,0.99315006,48.793914226425066,0.9981141090393066,0.9993812441825867,0.07624715566635132,0.008287966251373291,548243,0.0057373913,0.002813792321830988,0.0028579439967870712,0.00279166828840971
143961,dct_low_nontargeted_white_box_eps0.0627_iter1,0.12109044408277145,0.11547619047619047,0.9994131,58.077183942347034,0.9998652935028076,0.9999491572380066,0.0035039333160966635,0.0008268952369689941,495911,0.0021591075,0.0012327971635386348,0.0012419252889230847,0.0012500786688178778
212573,dct_low_nontargeted_white_box_eps0.0627_iter3,0.25000000000000006,0.19318181818181815,0.9987921,52.826215908960414,0.999628484249115,0.999859631061554,0.007725049275904894,0.0013317465782165527,558345,0.0037123654,0.00197892589494586,0.001988854492083192,0.0019730478525161743
319369,dct_low_nontargeted_white_box_eps0.0627_iter3,0.18383838383838386,0.18181818181818182,0.99895555,53.223724254832234,0.9997614622116089,0.9999047517776489,0.012985370121896267,0.0015619993209838867,540129,0.0034753273,0.001844654674641788,0.0018459674902260303,0.001847065519541502
252716,dct_low_nontargeted_white_box_eps0.0627_iter1,0.4204545454545453,0.18181818181818182,0.9993251,58.05316462224984,0.9998239278793335,0.9999507665634155,0.011678788810968399,0.0005515813827514648,473635,0.002166566,0.0012483694590628147,0.0012531138490885496,0.0012439681449905038
64868,dct_low_nontargeted_white_box_eps0.0627_iter29,0.10000000000000002,0.0,0.9755392,43.26486717156509,0.9944416284561157,0.9982798099517822,0.13992664217948914,0.016161978244781494,623293,0.010808149,0.005527133587747812,0.005511901341378689,0.005528273526579142
205324,dct_low_nontargeted_white_box_eps0.0627_iter4,0.25000000000000006,0.13636363636363638,0.99769586,51.77638981512018,0.9994896650314331,0.999853789806366,0.017660746350884438,0.0028558969497680664,467184,0.0040846514,0.0019456468289718032,0.0019559224601835012,0.0019560062792152166
48555,dct_low_nontargeted_white_box_eps0.0627_iter2,0.18181818181818182,0.14545454545454548,0.9984986,55.59019014399216,0.9995888471603394,0.9998244643211365,0.017219100147485733,0.0015488266944885254,336292,0.0024512885,0.0011528333416208625,0.0011391633888706565,0.001137793529778719
61584,dct_low_nontargeted_white_box_eps0.0627_iter12,0.13636363636363638,0.06818181818181819,0.9956281,46.732680253808354,0.9990731477737427,0.9996763467788696,0.02035558596253395,0.0025167465209960938,587159,0.007260991,0.0035801867488771677,0.003634032094851136,0.0035765068605542183
244099,dct_low_nontargeted_white_box_eps0.0627_iter8,0.25000000000000006,0.0,0.9936108,47.53133692071256,0.9979556798934937,0.999496579170227,0.06821760535240173,0.015709757804870605,575039,0.006642412,0.003322059288620949,0.0033335029147565365,0.003282410791143775
10764,dct_low_nontargeted_white_box_eps0.0627_iter41,0.25000000000000006,0.10000000000000002,0.96438,40.503057622558416,0.9898030161857605,0.9964650869369507,0.12795676290988922,0.013799488544464111,631648,0.014721228,0.0075036766938865185,0.007545360364019871,0.007510985713452101
537827,dct_low_nontargeted_white_box_eps0.0627_iter20,0.5000000000000001,0.42424242424242414,0.9919227,41.379816367112426,0.9965338706970215,0.9987356066703796,0.01942923292517662,0.006627023220062256,630482,0.013490796,0.006792875472456217,0.006983741652220488,0.006771215703338385
329827,dct_low_nontargeted_white_box_eps0.0627_iter8,0.5000000000000001,0.0,0.9899246,48.62574432552733,0.9973400831222534,0.9988387227058411,0.13122063875198364,0.01713418960571289,540976,0.0058039958,0.0028694665525108576,0.0028851397801190615,0.002893882105126977
500270,dct_low_nontargeted_white_box_eps0.0627_iter1,0.18831168831168832,0.11818181818181817,0.9989088,58.039426378882126,0.9997230768203735,0.9998958706855774,0.017281558364629745,0.0027281641960144043,483359,0.0021703523,0.0012508539948612452,0.0012531287502497435,0.0012533345725387335
308165,dct_low_nontargeted_white_box_eps0.0627_iter8,0.25000000000000006,0.16666666666666663,0.99059755,47.9174653262817,0.9973418712615967,0.998789370059967,0.10985562205314636,0.017565608024597168,559340,0.0063017136,0.003160263877362013,0.0031490130349993706,0.0031252645421773195
544444,dct_low_nontargeted_white_box_eps0.0627_iter47,0.5000000000000001,0.25000000000000006,0.94665766,41.02813646848699,0.9853474497795105,0.9950003027915955,0.26713302731513977,0.05085831880569458,631432,0.013947817,0.007076264824718237,0.007114302832633257,0.007157079875469208
378244,dct_low_nontargeted_white_box_eps0.0627_iter9,0.3333333333333334,0.11111111111111109,0.99141216,48.14313421774366,0.9976722598075867,0.9993423223495483,0.10283005982637405,0.012362480163574219,578738,0.0061879815,0.0032217109110206366,0.0032121643889695406,0.003198138438165188
90956,dct_low_nontargeted_white_box_eps0.0627_iter15,0.5000000000000001,0.0,0.9939118,45.390389426900484,0.9972496032714844,0.999197781085968,0.035901814699172974,0.010150671005249023,615077,0.00852189,0.004364917986094952,0.004365100525319576,0.004331112839281559
313562,dct_low_nontargeted_white_box_eps0.0627_iter29,0.3333333333333334,0.2051282051282051,0.9866709,42.81117971719098,0.9971163272857666,0.9986981749534607,0.044205013662576675,0.003928124904632568,625762,0.011381704,0.005794437602162361,0.005796153098344803,0.005799179896712303
258388,dct_low_nontargeted_white_box_eps0.0627_iter4,0.4545454545454545,0.31818181818181823,0.99373275,51.84457828143664,0.9985873103141785,0.9994025826454163,0.06854476034641266,0.007075190544128418,421210,0.00398084,0.0019603269174695015,0.001945474767126143,0.0018844204023480415
358195,dct_low_nontargeted_white_box_eps0.0627_iter39,0.25000000000000006,0.0,0.9852538,40.389150128363795,0.9926217794418335,0.9977163076400757,0.05575087293982506,0.014498591423034668,633582,0.015070112,0.007610450033098459,0.007766129449009895,0.007570731453597546
3553,dct_low_nontargeted_white_box_eps0.0627_iter8,0.25000000000000006,0.12500000000000003,0.99444085,49.03471617635319,0.9987930059432983,0.9996407628059387,0.03959328308701515,0.004668474197387695,541943,0.0055712406,0.002731713932007551,0.002737139817327261,0.0027264077216386795
253819,dct_low_nontargeted_white_box_eps0.0627_iter44,0.5000000000000001,0.25000000000000006,0.9803203,41.234880336229,0.9946459531784058,0.9983989000320435,0.07158537209033966,0.013758063316345215,630988,0.013629062,0.00685352087020874,0.006861563306301832,0.006808933336287737
278705,dct_low_nontargeted_white_box_eps0.0627_iter5,0.3333333333333334,0.2323232323232323,0.9972801,50.0421980658087,0.9992198348045349,0.9997106790542603,0.014627578668296337,0.001258552074432373,563917,0.0050437525,0.0026351013220846653,0.0026579995173960924,0.002636387711390853
187990,dct_low_nontargeted_white_box_eps0.0627_iter2,0.25000000000000006,0.0,0.99813914,54.80080192491326,0.9995300769805908,0.9998459219932556,0.015422898344695568,0.0020656585693359375,316284,0.0028168554,0.0013222915586084127,0.001319966046139598,0.001318719587288797
51938,dct_low_nontargeted_white_box_eps0.0627_iter1,0.3470418470418471,0.2620920745920746,0.9989702,58.03529498649183,0.999731719493866,0.9999178647994995,0.01089409552514553,0.0006296038627624512,472881,0.0021715993,0.0012535462155938148,0.0012537349248304963,0.0012536118738353252
188296,dct_low_nontargeted_white_box_eps0.0627_iter2,0.23106060606060608,0.20129870129870134,0.9995745,54.64675675441327,0.9999122619628906,0.9999366998672485,0.00134070566855371,0.00012809038162231445,379395,0.0029365777,0.0013681144919246435,0.001387152005918324,0.00137314572930336
45090,dct_low_nontargeted_white_box_eps0.0627_iter1,0.5000000000000001,0.42424242424242414,0.9994302,58.11479287347282,0.9998844861984253,0.9998860955238342,0.01241703238338232,0.0027095675468444824,501623,0.0021424734,0.0012324816780164838,0.0012281032977625728,0.0012321063550189137
347174,dct_low_nontargeted_white_box_eps0.0627_iter7,0.5000000000000001,0.06250000000000001,0.99368143,49.36277100796773,0.9981917142868042,0.9993327260017395,0.043072596192359924,0.005861937999725342,554593,0.005372534,0.002812824910506606,0.0028161206282675266,0.0028080707415938377
341196,dct_low_nontargeted_white_box_eps0.0627_iter3,0.4204545454545453,0.25,0.9985967,52.93179443070919,0.9996063113212585,0.9998592138290405,0.0055119069293141365,0.0006999373435974121,529554,0.003629773,0.0019308170303702354,0.0019310957286506891,0.0019326318288221955
329455,dct_low_nontargeted_white_box_eps0.0627_iter3,0.11132867132867133,0.10181818181818178,0.9978633,52.70684199767178,0.9995080828666687,0.9998218417167664,0.011842777952551842,0.0012208223342895508,507176,0.0037416557,0.0020093123894184828,0.0020109619945287704,0.002000286243855953
302990,dct_low_nontargeted_white_box_eps0.0627_iter1,0.3863636363636363,0.27272727272727276,0.9996214,58.06065975816474,0.9998970031738281,0.9999606013298035,0.002299705520272255,0.00030601024627685547,534622,0.0021633112,0.0012497666757553816,0.0012454647803679109,0.0012437499826774001
262587,dct_low_nontargeted_white_box_eps0.0627_iter4,0.5000000000000001,0.25000000000000006,0.9955218,51.764710810298276,0.9987632632255554,0.9995757937431335,0.05808628350496292,0.0030229687690734863,450928,0.0040589464,0.0019551266450434923,0.0019554458558559418,0.001953279133886099
117719,dct_low_nontargeted_white_box_eps0.0627_iter1,0.25000000000000006,0.02777777777777777,0.99917954,58.06833007203059,0.9998003840446472,0.9999517798423767,0.011526225134730339,0.002384185791015625,479788,0.002161828,0.0012420590501278639,0.0012466522166505456,0.001243704347871244
309678,dct_low_nontargeted_white_box_eps0.0627_iter1,0.3333333333333334,0.08333333333333336,0.99903464,58.090553695009945,0.9997724294662476,0.9999173283576965,0.005621747113764286,0.00111311674118042,462041,0.0021564371,0.0012532436521723866,0.001252592308446765,0.0012075224658474326
107339,dct_low_nontargeted_white_box_eps0.0627_iter5,0.25000000000000006,0.18181818181818185,0.9942074,50.84838978087426,0.9985923171043396,0.9994866251945496,0.10279456526041031,0.006006121635437012,514458,0.004522538,0.002408253727480769,0.0024029025807976723,0.0023975574877113104
468501,dct_low_nontargeted_white_box_eps0.0627_iter3,0.20000000000000004,0.11515151515151512,0.9976581,52.9278853995159,0.9994208812713623,0.9998399019241333,0.01995748281478882,0.001604616641998291,504715,0.0036413125,0.0019521276699379086,0.0019567429553717375,0.001954509411007166
511760,dct_low_nontargeted_white_box_eps0.0627_iter16,0.3333333333333334,0.28282828282828276,0.9798074,45.451482059113324,0.993855357170105,0.9908222556114197,0.2532145380973816,0.04264414310455322,597740,0.008321293,0.0041808923706412315,0.004188743885606527,0.004196538589894772
361730,dct_low_nontargeted_white_box_eps0.0627_iter1,0.11880165289256198,0.11208677685950413,0.99903566,58.058392164156515,0.9997510313987732,0.9999009370803833,0.007218996994197369,0.0006336569786071777,479693,0.0021644288,0.0012466809712350368,0.0012481652665883303,0.0012460937723517418
229216,dct_low_nontargeted_white_box_eps0.0627_iter2,0.5000000000000001,0.33333333333333326,0.99877864,54.4362412754415,0.9997085332870483,0.9998884201049805,0.0055569494143128395,0.002349853515625,355558,0.0030074029,0.0014369423734024167,0.0014378131600096822,0.0014355038292706013
563882,dct_low_nontargeted_white_box_eps0.0627_iter1,0.2502658160552897,0.21533516988062443,0.99886495,58.093829499691296,0.999741792678833,0.9999076128005981,0.01640140637755394,0.001347362995147705,459684,0.0021515489,0.0012265685945749283,0.0012404051376506686,0.0012435773387551308
483999,dct_low_nontargeted_white_box_eps0.0627_iter2,0.10659525880817747,0.10517353017353018,0.9985469,55.07968883704119,0.9997061491012573,0.9999028444290161,0.012703323736786842,0.0011578798294067383,308406,0.0026758197,0.0012422469444572926,0.0012441949220374227,0.001244359533302486
58705,dct_low_nontargeted_white_box_eps0.0627_iter5,0.22222222222222218,0.1666666666666667,0.99612075,50.32397879793908,0.9988168478012085,0.9994381070137024,0.013161164708435535,0.0020546913146972656,528134,0.0048311204,0.0025508198887109756,0.002540376503020525,0.0025619547814130783
323263,dct_low_nontargeted_white_box_eps0.0627_iter1,0.28821548821548826,0.27272727272727276,0.9994476,58.06398023411227,0.9998629093170166,0.9999527931213379,0.0022197230719029903,0.00036770105361938477,509300,0.0021632405,0.0012395341182127595,0.0012477374402806163,0.001248870394192636
248334,dct_low_nontargeted_white_box_eps0.0627_iter3,0.1585858585858586,0.14876033057851237,0.99911404,52.95196763224083,0.9997843503952026,0.999925971031189,0.0038135589566081762,0.0007585883140563965,538165,0.0036454364,0.0019370962399989367,0.0019461499759927392,0.0019600545056164265
422706,dct_low_nontargeted_white_box_eps0.0627_iter5,0.12121212121212123,0.12121212121212117,0.9972744,51.00130134345376,0.9992823004722595,0.9996846914291382,0.013254741206765175,0.0014870166778564453,536318,0.004485816,0.0023565893061459064,0.0023679169826209545,0.00236015347763896
178982,dct_low_nontargeted_white_box_eps0.0627_iter1,0.11111111111111109,0.07407407407407406,0.9988006,58.08061743349679,0.9996909499168396,0.9998660087585449,0.0157153382897377,0.001557469367980957,456373,0.0021585529,0.0012518460862338543,0.0012471535010263324,0.0012228736886754632
408696,dct_low_nontargeted_white_box_eps0.0627_iter1,0.3977272727272726,0.27272727272727276,0.99930954,58.03624278866528,0.9998263716697693,0.9999427199363708,0.00532821100205183,0.0017979741096496582,505345,0.0021712964,0.0012532953405752778,0.0012534047709777951,0.0012533896369859576
144300,dct_low_nontargeted_white_box_eps0.0627_iter1,0.16666666666666663,0.11363636363636366,0.9993937,58.06281710849582,0.9998588562011719,0.9999390244483948,0.005861090496182442,0.00017833709716796875,499341,0.0021633832,0.001250635483302176,0.0012460114667192101,0.0012404945446178317
7816,dct_low_nontargeted_white_box_eps0.0627_iter1,0.3558884297520661,0.23246753246753252,0.99943656,58.04180117670957,0.9998800158500671,0.9999669790267944,0.002392437541857362,0.0001245737075805664,500785,0.002169496,0.0012518581934273243,0.0012518553994596004,0.001251551671884954
152120,dct_low_nontargeted_white_box_eps0.0627_iter11,0.25000000000000006,0.16666666666666663,0.99172515,47.328345232161546,0.998229444026947,0.9994949102401733,0.02768225595355034,0.001431286334991455,591463,0.006805237,0.0035081328824162483,0.003509178524836898,0.003512908471748233
308631,dct_low_nontargeted_white_box_eps0.0627_iter1,0.3085399449035812,0.27878787878787875,0.999666,58.05760534814607,0.9999231100082397,0.9999626278877258,0.0013680141419172287,9.250640869140625e-05,538566,0.002164584,0.0012446700129657984,0.0012474105460569263,0.0012495458358898759
391375,dct_low_nontargeted_white_box_eps0.0627_iter1,0.5000000000000001,0.25000000000000006,0.9992383,58.14903611368475,0.9998218417167664,0.9999386668205261,0.0061136772856116295,0.0009592771530151367,508386,0.0021282153,0.0012244607787579298,0.0012214705348014832,0.0012177652679383755
432553,dct_low_nontargeted_white_box_eps0.0627_iter5,0.12500000000000003,0.08333333333333331,0.99629825,50.737285695499295,0.9989216327667236,0.9996210336685181,0.029573973268270493,0.0037079453468322754,540298,0.004615807,0.002431554952636361,0.0024289232678711414,0.0024204610381275415
340451,dct_low_nontargeted_white_box_eps0.0627_iter5,0.25000000000000006,0.16666666666666663,0.99735457,50.45352438147485,0.9993636012077332,0.9997768402099609,0.021823080256581306,0.002772212028503418,557417,0.004785398,0.0025162603706121445,0.0025057028979063034,0.002480931580066681
158956,dct_low_nontargeted_white_box_eps0.0627_iter13,0.20000000000000004,0.06666666666666665,0.9849202,46.81797037665995,0.995922327041626,0.9983376264572144,0.15282408893108368,0.01115262508392334,586397,0.0071120476,0.0036156740970909595,0.003730360884219408,0.003749663243070245
100723,dct_low_nontargeted_white_box_eps0.0627_iter1,0.10533910533910534,0.0933899433899434,0.9994945,58.06753103896945,0.9998973608016968,0.9999651312828064,0.0028699696995317936,0.0009548068046569824,507110,0.0021610586,0.001242650207132101,0.0012448640773072839,0.001245572348125279
442456,dct_low_nontargeted_white_box_eps0.0627_iter10,0.20000000000000004,0.1333333333333333,0.9940205,47.386996449700874,0.9984878301620483,0.9994447231292725,0.025915127247571945,0.0026012063026428223,580271,0.006770356,0.003359009977430105,0.003354451386258006,0.003342000301927328
79229,dct_low_nontargeted_white_box_eps0.0627_iter14,0.11111111111111109,0.0,0.9944859,43.95647088531437,0.9971121549606323,0.9989056587219238,0.034810565412044525,0.008259773254394531,619787,0.010084647,0.0050365375354886055,0.005246581044048071,0.004985086619853973
188439,dct_low_nontargeted_white_box_eps0.0627_iter2,0.16666666666666663,0.12500000000000003,0.99935585,54.574262838028545,0.9998416900634766,0.999934732913971,0.0034004792105406523,0.00026285648345947266,382144,0.0029617364,0.001397301210090518,0.001393218175508082,0.0013928830157965422
151480,dct_low_nontargeted_white_box_eps0.0627_iter1,0.26792929292929285,0.2512626262626262,0.99923056,58.03877499545679,0.9998126029968262,0.9999328851699829,0.0028380900621414185,0.00026214122772216797,493618,0.0021705895,0.0012537987204268575,0.0012528920779004693,0.0012512030079960823
289229,dct_low_nontargeted_white_box_eps0.0627_iter3,0.5000000000000001,0.25000000000000006,0.99612695,53.07630173695589,0.9988818168640137,0.999448835849762,0.08955052495002747,0.008740723133087158,478395,0.0035503812,0.0019196110079064965,0.0019232628401368856,0.0019163726828992367
281929,dct_low_nontargeted_white_box_eps0.0627_iter3,0.1666666666666667,0.11111111111111109,0.99801046,52.872293912421156,0.999483048915863,0.9998238682746887,0.011642040684819221,0.001322031021118164,526325,0.0036732808,0.00196976400911808,0.001970259938389063,0.00196325802244246
257896,dct_low_nontargeted_white_box_eps0.0627_iter1,0.5000000000000001,0.25000000000000006,0.9993463,58.129040616001205,0.9998199343681335,0.9999132752418518,0.00562068447470665,0.0006146430969238281,475393,0.002144005,0.00125034898519516,0.0012201298959553242,0.0012101101456210017
179174,dct_low_nontargeted_white_box_eps0.0627_iter2,0.16710399574849702,0.15454545454545457,0.99915034,54.966272636180406,0.9997751116752625,0.9999046921730042,0.004771227017045021,0.0005112886428833008,329618,0.002766194,0.0012655466562137008,0.0012650913558900356,0.0012819715775549412
393115,dct_low_nontargeted_white_box_eps0.0627_iter12,0.5000000000000001,0.16666666666666663,0.98940676,47.07756072658792,0.9971491694450378,0.9991254210472107,0.09294381737709045,0.00481569766998291,582074,0.0069814054,0.003469126531854272,0.003471340984106064,0.0034531382843852043
370813,dct_low_nontargeted_white_box_eps0.0627_iter2,0.25000000000000006,0.12500000000000003,0.99878746,54.74476919772374,0.9994761943817139,0.9997554421424866,0.010509006679058075,0.0020325183868408203,353011,0.0028864637,0.001340654562227428,0.001345897908322513,0.001325020450167358
442746,dct_low_nontargeted_white_box_eps0.0627_iter49,0.25000000000000006,0.12500000000000003,0.9767661,39.439177508522356,0.9939768314361572,0.997909426689148,0.07071332633495331,0.014376461505889893,634380,0.016648171,0.008451067842543125,0.008429622277617455,0.008540595881640911
396863,dct_low_nontargeted_white_box_eps0.0627_iter19,0.13636363636363638,0.0909090909090909,0.9887784,44.6498294575898,0.9983110427856445,0.999349057674408,0.03160226345062256,0.004463911056518555,609861,0.009250185,0.004744473844766617,0.004682984668761492,0.004699002020061016
576052,dct_low_nontargeted_white_box_eps0.0627_iter14,0.25000000000000006,0.0,0.9867606,45.00787691982774,0.9961125254631042,0.9987353682518005,0.08615674078464508,0.012190103530883789,607960,0.0088635385,0.004428544081747532,0.00448406720533967,0.004429288674145937
51712,dct_low_nontargeted_white_box_eps0.0627_iter2,0.5000000000000001,0.0,0.99882275,54.71949563077396,0.9996749758720398,0.9999386072158813,0.020871004089713097,0.0027595162391662598,351042,0.0028767984,0.0013395167188718915,0.0013426017249003053,0.0013544599059969187
282037,dct_low_nontargeted_white_box_eps0.0627_iter1,0.1398989898989899,0.13525883838383837,0.99943644,58.089593370539205,0.9998421669006348,0.9999293088912964,0.003798707155510783,0.0003420710563659668,496663,0.0021515964,0.0012390345800668001,0.0012384093133732677,0.0012367101153358817
476770,dct_low_nontargeted_white_box_eps0.0627_iter1,0.24155844155844158,0.18489439853076217,0.99942213,58.041451696661696,0.9998645782470703,0.9999639391899109,0.0037919520400464535,0.0002237558364868164,489902,0.0021698626,0.001249746885150671,0.0012531669344753027,0.0012526506325230002
220764,dct_low_nontargeted_white_box_eps0.0627_iter24,0.3333333333333334,0.0,0.9799723,43.70693635649069,0.9941176176071167,0.9981639981269836,0.15785926580429077,0.024069905281066895,618828,0.010258236,0.005145137198269367,0.005140362773090601,0.005175817757844925
312720,dct_low_nontargeted_white_box_eps0.0627_iter17,0.5000000000000001,0.0,0.9812916,45.19824594003928,0.9953292608261108,0.9985737800598145,0.12617850303649902,0.02177661657333374,607303,0.008619972,0.004436564166098833,0.004434156697243452,0.004465834703296423
568981,dct_low_nontargeted_white_box_eps0.0627_iter14,0.3333333333333334,0.28282828282828276,0.992712,45.921573503186806,0.9978748559951782,0.9993515610694885,0.029088657349348068,0.003765285015106201,603085,0.008021868,0.003979342523962259,0.003984359558671713,0.003985941875725985
461009,dct_low_nontargeted_white_box_eps0.0627_iter1,0.32467532467532473,0.3030303030303031,0.99893785,58.05027413655429,0.999758243560791,0.9999167919158936,0.01868671551346779,0.0013355016708374023,459298,0.0021674277,0.0012413851218298078,0.0012529805535450578,0.0012535774149000645
563648,dct_low_nontargeted_white_box_eps0.0627_iter1,0.24621212121212122,0.23053533167169535,0.9996361,58.06978604629985,0.9998952150344849,0.9999606013298035,0.0011323224753141403,0.0005201101303100586,531899,0.0021605943,0.0012419384438544512,0.0012441121507436037,0.0012451006332412362
532855,dct_low_nontargeted_white_box_eps0.0627_iter3,0.5000000000000001,0.16666666666666663,0.9974575,53.116261085698014,0.9992210268974304,0.9997310042381287,0.019805435091257095,0.003584146499633789,516029,0.0035665622,0.0019137593917548656,0.0019135265611112118,0.001911657745949924
38210,dct_low_nontargeted_white_box_eps0.0627_iter12,0.5000000000000001,0.27272727272727276,0.99496716,46.65801266073305,0.9983692169189453,0.9994350075721741,0.027280185371637344,0.005491733551025391,594852,0.0073591867,0.003642189782112837,0.0036506240721791983,0.0036501234862953424
563349,dct_low_nontargeted_white_box_eps0.0627_iter3,0.16666666666666663,0.0,0.996723,53.10096333974859,0.9990758299827576,0.9997321963310242,0.057908907532691956,0.008045077323913574,495790,0.0035555172,0.0019184595439583063,0.001920682960189879,0.0019100736826658249
250901,dct_low_nontargeted_white_box_eps0.0627_iter2,0.1414141414141414,0.08658008658008659,0.99848795,54.85164443350421,0.999652087688446,0.9998931884765625,0.011257844977080822,0.0014993548393249512,325078,0.0028122198,0.0012995697325095534,0.00131594471167773,0.001308044302277267
74457,dct_low_nontargeted_white_box_eps0.0627_iter10,0.5000000000000001,0.0,0.98985744,46.538382669060496,0.9969563484191895,0.9986520409584045,0.1159512996673584,0.012396812438964844,584401,0.0073951096,0.0037162594962865114,0.003725770628079772,0.003694727784022689
190007,dct_low_nontargeted_white_box_eps0.0627_iter9,0.5000000000000001,0.0,0.9945545,47.823856818624755,0.9983827471733093,0.999510645866394,0.02339000813663006,0.0034310221672058105,587353,0.006458927,0.003319513751193881,0.0033690701238811016,0.0033433048520237207
177357,dct_low_nontargeted_white_box_eps0.0627_iter6,0.25000000000000006,0.12500000000000003,0.9970327,49.424605382470396,0.9990631341934204,0.9997220039367676,0.013844186440110207,0.0033719539642333984,548247,0.0053983745,0.0026384289376437664,0.0026554486248642206,0.0026392219588160515
185292,dct_low_nontargeted_white_box_eps0.0627_iter9,0.5000000000000001,0.0,0.9904623,48.05816647696942,0.9978083968162537,0.999480664730072,0.11017275601625443,0.015488386154174805,572503,0.006224458,0.0032378043979406357,0.0032532885670661926,0.0032397799659520388
493864,dct_low_nontargeted_white_box_eps0.0627_iter2,0.31818181818181823,0.2727272727272727,0.99804187,54.906427024553004,0.999382495880127,0.9997546076774597,0.014845669269561768,0.0015881061553955078,329700,0.002794914,0.001289219711907208,0.0012860242277383804,0.0012903185561299324
102820,dct_low_nontargeted_white_box_eps0.0627_iter30,0.5000000000000001,0.12500000000000003,0.97729254,42.46241024431065,0.996924877166748,0.9984881281852722,0.05693246051669121,0.005799233913421631,616957,0.011810587,0.005933648906648159,0.0059816110879182816,0.005931608844548464
51976,dct_low_nontargeted_white_box_eps0.0627_iter5,0.5000000000000001,0.16666666666666663,0.9961195,50.684401924722344,0.9990479946136475,0.9996341466903687,0.01562577486038208,0.0030336976051330566,519903,0.0046228017,0.002450888976454735,0.002452744636684656,0.0024544596672058105
381360,dct_low_nontargeted_white_box_eps0.0627_iter8,0.5000000000000001,0.25000000000000006,0.9959517,48.811595435776816,0.9989767074584961,0.9996187090873718,0.0230886097997427,0.0033556222915649414,553785,0.005746081,0.0028085224330425262,0.0028214850462973118,0.002814010949805379
258883,dct_low_nontargeted_white_box_eps0.0627_iter2,0.12500000000000003,0.06250000000000001,0.9981765,54.99231167929058,0.9996027946472168,0.9998584985733032,0.016352083534002304,0.00110626220703125,295268,0.0027029156,0.0012631822610273957,0.0012638582848012447,0.0012633224250748754
55950,dct_low_nontargeted_white_box_eps0.0627_iter2,0.11111111111111109,0.08333333333333336,0.99826866,54.82993282108927,0.9995555877685547,0.9999328255653381,0.012303713709115982,0.000646054744720459,322302,0.0028043336,0.001312228967435658,0.0013152676401659846,0.0013083242811262608
175251,dct_low_nontargeted_white_box_eps0.0627_iter31,0.25000000000000006,0.16666666666666663,0.9743965,42.59195562538798,0.9926542043685913,0.9971630573272705,0.1057036966085434,0.013067960739135742,626265,0.011673538,0.005951291881501675,0.005994662642478943,0.0059362733736634254
368212,dct_low_nontargeted_white_box_eps0.0627_iter34,0.3333333333333334,0.1666666666666667,0.9764684,42.29432674573431,0.9932830333709717,0.9974177479743958,0.082142673432827,0.008407056331634521,626525,0.012087556,0.006069700699299574,0.0061045303009450436,0.006082047242671251
300341,dct_low_nontargeted_white_box_eps0.0627_iter3,0.4870129870129871,0.47402597402597413,0.9966698,52.89914503286624,0.9991650581359863,0.9996897578239441,0.039751190692186356,0.003218531608581543,488958,0.0036378105,0.00196288526058197,0.001963058952242136,0.0019548230338841677
445792,dct_low_nontargeted_white_box_eps0.0627_iter1,0.10000000000000002,0.033333333333333326,0.99910766,58.06424933208466,0.9997605085372925,0.999916672706604,0.014974566176533699,0.0007361769676208496,487135,0.0021635243,0.0012370262993499637,0.001245338935405016,0.0012535233981907368
284743,dct_low_nontargeted_white_box_eps0.0627_iter1,0.3484848484848484,0.2545454545454546,0.9970508,59.507998923317864,0.9997529983520508,0.9999189376831055,0.016681918874382973,0.0010848045349121094,222115,0.0016577417,0.0009013770031742752,0.000887978938408196,0.0008899515378288925
341828,dct_low_nontargeted_white_box_eps0.0627_iter4,0.3333333333333334,0.1666666666666667,0.99742764,51.86694640656299,0.9992935061454773,0.9997567534446716,0.0220101997256279,0.004857420921325684,457162,0.0040260814,0.001926611177623272,0.0019310625502839684,0.001913952874019742
546976,dct_low_nontargeted_white_box_eps0.0627_iter19,0.3333333333333334,0.1666666666666667,0.9820967,45.157957332586705,0.9956235885620117,0.9983637928962708,0.10857938230037689,0.00904083251953125,608618,0.0086650625,0.004461025819182396,0.004477703478187323,0.004437793046236038
423123,dct_low_nontargeted_white_box_eps0.0627_iter1,0.10330578512396692,0.05113636363636364,0.9990117,58.08632264970666,0.999790370464325,0.9999324679374695,0.01173376850783825,0.0021845102310180664,470113,0.0021548343,0.0012358203530311584,0.0012371648335829377,0.0012439877027645707
45596,dct_low_nontargeted_white_box_eps0.0627_iter1,0.25000000000000006,0.21212121212121207,0.9996136,58.04928932259675,0.9998854994773865,0.9999446272850037,0.0022353967651724815,0.00025522708892822266,536980,0.002166994,0.001250383909791708,0.00124946772120893,0.0012489499058574438
232649,dct_low_nontargeted_white_box_eps0.0627_iter20,0.3333333333333334,0.1666666666666667,0.9795554,44.88539453793939,0.9951602816581726,0.9983263611793518,0.130979523062706,0.015996456146240234,608211,0.0089487145,0.004494357854127884,0.004494128283113241,0.004491799045354128
192699,dct_low_nontargeted_white_box_eps0.0627_iter14,0.3333333333333334,0.2575757575757575,0.99455523,46.174209279422485,0.9988896250724792,0.9995302557945251,0.024651318788528442,0.006339550018310547,599626,0.0077851256,0.0038663989398628473,0.0038683791644871235,0.003859479445964098
575187,dct_low_nontargeted_white_box_eps0.0627_iter4,0.3333333333333334,0.11111111111111109,0.9974065,52.024974965987894,0.9993801116943359,0.9997888207435608,0.022276224568486214,0.002975761890411377,453160,0.003905205,0.001873051980510354,0.0018718942301347852,0.0018867998151108623
302452,dct_low_nontargeted_white_box_eps0.0627_iter1,0.16098484848484845,0.11079545454545454,0.9995344,58.03899875628982,0.9999009966850281,0.9999712705612183,0.0018826446030288935,0.0003178119659423828,510202,0.0021704454,0.0012516457354649901,0.0012528481893241405,0.0012531968532130122
58393,dct_low_nontargeted_white_box_eps0.0627_iter6,0.13636363636363638,0.0909090909090909,0.99387985,50.25375377065438,0.9988481998443604,0.9995406270027161,0.09952452778816223,0.01775437593460083,483161,0.004790457,0.0023339728359133005,0.002353682881221175,0.0023298568557947874
353180,dct_low_nontargeted_white_box_eps0.0627_iter1,0.3030303030303031,0.30165289256198347,0.9992326,58.042775305889045,0.999817967414856,0.9999544620513916,0.011086301878094673,0.00039631128311157227,488496,0.0021684524,0.0012514949776232243,0.001251549692824483,0.0012513537658378482
277005,dct_low_nontargeted_white_box_eps0.0627_iter1,0.10053475935828875,0.08453062089425725,0.9996695,58.060982957273836,0.9999321699142456,0.9999686479568481,0.0011881571263074875,0.00031304359436035156,531836,0.0021630109,0.0012442341540008783,0.0012475098483264446,0.0012469704961404204
484893,dct_low_nontargeted_white_box_eps0.0627_iter9,0.25000000000000006,0.13636363636363638,0.9955306,48.2755795943809,0.9988490343093872,0.99954754114151,0.02671688422560692,0.004199385643005371,587493,0.006131603,0.0031567064579576254,0.0031597071792930365,0.003168286057189107
570664,dct_low_nontargeted_white_box_eps0.0627_iter18,0.16666666666666663,0.0,0.9858585,45.258478686214325,0.9964509010314941,0.9987549781799316,0.06963197886943817,0.011981725692749023,607092,0.008614706,0.004311550408601761,0.004303918220102787,0.004287635907530785
563702,dct_low_nontargeted_white_box_eps0.0627_iter1,0.3636363636363637,0.27272727272727276,0.9997206,58.06474590632729,0.9999269247055054,0.9999746084213257,0.0010578575311228633,0.00010496377944946289,539556,0.0021622537,0.0012465446488931775,0.0012450740905478597,0.0012438585981726646
445722,dct_low_nontargeted_white_box_eps0.0627_iter1,0.25000000000000006,0.06818181818181819,0.99902135,58.162678350636085,0.9998059272766113,0.9999288320541382,0.009247180074453354,0.0011664628982543945,458086,0.0021273976,0.0012264297110959888,0.0012237639166414738,0.001202001585625112
496597,dct_low_nontargeted_white_box_eps0.0627_iter2,0.13636363636363638,0.0,0.99856234,54.65001024387894,0.9996239542961121,0.9998581409454346,0.012258796021342278,0.0024559497833251953,356657,0.0029120126,0.0013607502914965153,0.0013730383943766356,0.001366963842883706
389316,dct_low_nontargeted_white_box_eps0.0627_iter2,0.25000000000000006,0.0,0.9991006,54.7985616071896,0.9997929930686951,0.9999207854270935,0.003930768929421902,0.0004980564117431641,348167,0.0028545319,0.0013198486994951963,0.0013207969022914767,0.0013227381277829409
21604,dct_low_nontargeted_white_box_eps0.0627_iter14,0.25000000000000006,0.16666666666666663,0.97780687,46.463468016624574,0.9949923753738403,0.9949836730957031,0.23536941409111023,0.03076648712158203,573528,0.0074135154,0.0037236923817545176,0.003706519026309252,0.003717394545674324
455157,dct_low_nontargeted_white_box_eps0.0627_iter5,0.10000000000000002,0.05000000000000001,0.9971661,50.52065107668474,0.9992825388908386,0.9997825622558594,0.01256156712770462,0.0023159384727478027,557876,0.004764961,0.002495903754606843,0.00249878061003983,0.0024977955035865307
486112,dct_low_nontargeted_white_box_eps0.0627_iter2,0.25000000000000006,0.16666666666666663,0.9992757,54.83735176579502,0.9998065829277039,0.9998966455459595,0.005587783642113209,0.0007573366165161133,364821,0.0028447043,0.0013040092308074236,0.001316991401836276,0.0013089391868561506
530162,dct_low_nontargeted_white_box_eps0.0627_iter1,0.296969696969697,0.2532467532467533,0.99947023,58.038126811448166,0.9998606443405151,0.9999585151672363,0.002786739030852914,0.00026786327362060547,519005,0.002170713,0.0012527010403573513,0.0012527088401839137,0.0012530437670648098
266981,dct_low_nontargeted_white_box_eps0.0627_iter2,0.10714962121212121,0.09166174734356553,0.99888515,55.19661767033657,0.9997183680534363,0.9998853206634521,0.010103815235197544,0.0011008381843566895,313275,0.0026293213,0.0012126713991165161,0.0012151070404797792,0.0012087075738236308
184611,dct_low_nontargeted_white_box_eps0.0627_iter1,0.14144500775516816,0.1337662337662338,0.9994748,58.06555561716739,0.9998807311058044,0.9999479055404663,0.00270720012485981,0.0003038644790649414,515515,0.0021621939,0.0012418783735483885,0.0012470450019463897,0.0012458692071959376
163118,dct_low_nontargeted_white_box_eps0.0627_iter2,0.5000000000000001,0.33333333333333326,0.99742657,54.92067206075145,0.9993866682052612,0.9997583627700806,0.03079274669289589,0.0026215314865112305,284434,0.0027170798,0.0012697059428319335,0.001301086856983602,0.001294305780902505
6954,dct_low_nontargeted_white_box_eps0.0627_iter2,0.3727272727272728,0.33874458874458874,0.9991208,54.4968384645032,0.9997700452804565,0.9999226927757263,0.015081261284649372,0.001488029956817627,363936,0.002989773,0.0014122831635177135,0.001418626168742776,0.0014204652979969978
128654,dct_low_nontargeted_white_box_eps0.0627_iter5,0.5000000000000001,0.25000000000000006,0.9932006,50.68608504140096,0.9981353282928467,0.9980032444000244,0.07004854083061218,0.004867494106292725,514768,0.004611993,0.002446801168844104,0.0024364471901208162,0.0024554950650781393
459195,dct_low_nontargeted_white_box_eps0.0627_iter1,0.4545454545454545,0.4204545454545453,0.99983025,58.07466236883269,0.9999610781669617,0.9999837875366211,0.0010860103648155928,0.0005549788475036621,537501,0.002160147,0.0012360233813524246,0.0012450353242456913,0.0012459027348086238
481582,dct_low_nontargeted_white_box_eps0.0627_iter1,0.25000000000000006,0.2121212121212121,0.99917936,58.0887426473237,0.9998042583465576,0.9999266862869263,0.006437207572162151,0.0007443428039550781,482701,0.0021526534,0.0012366463197395205,0.0012377582024782896,0.0012405005982145667
227898,dct_low_nontargeted_white_box_eps0.0627_iter1,0.19204545454545455,0.15909090909090906,0.9995845,58.04722187853759,0.9998903274536133,0.9999750852584839,0.0019328101770952344,0.00012671947479248047,521739,0.002167795,0.0012508835643529892,0.0012501992750912905,0.0012494854163378477
411530,dct_low_nontargeted_white_box_eps0.0627_iter3,0.1555944055944056,0.14583333333333331,0.9988842,53.087089298918514,0.9996766448020935,0.9999109506607056,0.008899372071027756,0.0009421110153198242,552950,0.0035810077,0.001915700500831008,0.0019172384636476636,0.0019185049459338188
542127,dct_low_nontargeted_white_box_eps0.0627_iter1,0.1973657061892356,0.17878787878787877,0.9987466,58.04626222544095,0.9996384382247925,0.9997158050537109,0.01069180853664875,0.0013699531555175781,453182,0.002168314,0.0012522093020379543,0.001251977519132197,0.0012472179951146245
130579,dct_low_nontargeted_white_box_eps0.0627_iter18,0.5000000000000001,0.25000000000000006,0.9821937,43.59563709825985,0.9943016767501831,0.9981108903884888,0.06582005321979523,0.00887918472290039,617766,0.010373125,0.0052500637248158455,0.005293992348015308,0.005191768519580364
451043,dct_low_nontargeted_white_box_eps0.0627_iter21,0.5000000000000001,0.25000000000000006,0.97934145,44.600466662820644,0.9937458038330078,0.9975835084915161,0.18969109654426575,0.03280073404312134,615054,0.009262339,0.004737146198749542,0.004756302107125521,0.004757707938551903
190841,dct_low_nontargeted_white_box_eps0.0627_iter26,0.25000000000000006,0.0,0.98381996,41.66352054569912,0.9949063062667847,0.9980073571205139,0.058717675507068634,0.017910778522491455,628484,0.012919975,0.0065482910722494125,0.006536095403134823,0.006464813370257616
38678,dct_low_nontargeted_white_box_eps0.0627_iter1,0.1590909090909091,0.06818181818181819,0.9992609,58.17560641802704,0.9998294711112976,0.9999352693557739,0.005638713948428631,0.0005581378936767578,468648,0.00211417,0.0012093620607629418,0.0012160827172920108,0.0012158838799223304
161799,dct_low_nontargeted_white_box_eps0.0627_iter3,0.27272727272727276,0.18181818181818182,0.9976256,53.18424256839713,0.9992479681968689,0.9997193813323975,0.05405246093869209,0.004334926605224609,517074,0.0034588021,0.0018460237188264728,0.001810713903978467,0.001835398143157363
87476,dct_low_nontargeted_white_box_eps0.0627_iter2,0.24848484848484842,0.24364860728497084,0.9983681,55.05527652344622,0.9996298551559448,0.9998644590377808,0.010173773393034935,0.0005116462707519531,303680,0.0026912321,0.0012465064646676183,0.0012433420633897185,0.001247923355549574
490515,dct_low_nontargeted_white_box_eps0.0627_iter14,0.3333333333333334,0.0,0.9824786,46.424118369509735,0.9952090978622437,0.998149037361145,0.15173211693763733,0.01884293556213379,586365,0.007474395,0.0037391739897429943,0.003742688335478306,0.003748516086488962
445602,dct_low_nontargeted_white_box_eps0.0627_iter1,0.31818181818181823,0.27272727272727276,0.9993163,58.3201848269788,0.999805212020874,0.999932050704956,0.008343139663338661,0.0007650852203369141,504783,0.0020547172,0.0011735070729628205,0.0011740379268303514,0.00117453932762146
400044,dct_low_nontargeted_white_box_eps0.0627_iter2,0.5000000000000001,0.25000000000000006,0.99851936,54.986790057457384,0.9994902610778809,0.9998199343681335,0.007677980698645115,0.0013422966003417969,328736,0.0027578284,0.0012705877888947725,0.0012605515075847507,0.0012655294267460704
210230,dct_low_nontargeted_white_box_eps0.0627_iter1,0.2601010101010101,0.23030303030303031,0.99916536,58.25324297011521,0.9998676180839539,0.9999522566795349,0.004314452409744263,0.00029903650283813477,462276,0.0020884816,0.0011880778474733233,0.0011932504130527377,0.0011954919900745153
468505,dct_low_nontargeted_white_box_eps0.0627_iter21,0.14285714285714288,0.07142857142857144,0.9823858,44.06499147029905,0.9954135417938232,0.9981624484062195,0.09920842200517654,0.009263157844543457,615516,0.009770388,0.0050155348144471645,0.005014476832002401,0.00504992064088583
80273,dct_low_nontargeted_white_box_eps0.0627_iter25,0.5000000000000001,0.25000000000000006,0.97429246,43.705138188614384,0.9923602938652039,0.9975533485412598,0.12252149730920792,0.01606595516204834,620999,0.010269407,0.005240854807198048,0.005261439364403486,0.0052541219629347324
193429,dct_low_nontargeted_white_box_eps0.0627_iter17,0.5000000000000001,0.25000000000000006,0.9912996,45.46702753914034,0.9971672296524048,0.999153733253479,0.03625025972723961,0.005981564521789551,613314,0.00844888,0.004307405557483435,0.004334708210080862,0.00429877545684576
69224,dct_low_nontargeted_white_box_eps0.0627_iter2,0.16969696969696965,0.1318181818181818,0.9981448,54.820576053806036,0.9995777010917664,0.9998441934585571,0.019052933901548386,0.0017733573913574219,313408,0.0028002607,0.0013126531848683953,0.0013172535691410303,0.001313044922426343
517056,dct_low_nontargeted_white_box_eps0.0627_iter3,0.1666666666666667,0.06439393939393938,0.9973312,52.98858520359783,0.9993882179260254,0.9997768402099609,0.022524818778038025,0.0018443465232849121,501149,0.0035912883,0.0019253325881436467,0.0019252222264185548,0.0019236367661505938
187362,dct_low_nontargeted_white_box_eps0.0627_iter27,0.5000000000000001,0.0,0.97492915,43.319385520447966,0.9932965040206909,0.9979143142700195,0.13054494559764862,0.020075559616088867,623794,0.01077296,0.00548509880900383,0.005505626555532217,0.005493693053722382
21879,dct_low_nontargeted_white_box_eps0.0627_iter1,0.4188311688311689,0.34090909090909094,0.99965507,58.034763471246215,0.9998957514762878,0.9999722242355347,0.0013435736764222383,0.0001277923583984375,539901,0.002171784,0.0012535355053842068,0.001253907335922122,0.001253887778148055
252701,dct_low_nontargeted_white_box_eps0.0627_iter3,0.42424242424242414,0.33333333333333326,0.99865025,52.65253334073012,0.9995886087417603,0.9998689889907837,0.005380712915211916,0.0005555152893066406,548573,0.00379051,0.002020103158429265,0.0020311076659709215,0.0020156665705144405
398203,dct_low_nontargeted_white_box_eps0.0627_iter2,0.3134469696969696,0.2878787878787878,0.9991053,54.9433746153026,0.9998409748077393,0.999930202960968,0.004203534219413996,0.0004572868347167969,321030,0.002761333,0.001280869939364493,0.0012789987958967686,0.0012766842264682055
518326,dct_low_nontargeted_white_box_eps0.0627_iter5,0.27272727272727276,0.13636363636363638,0.9973472,50.79128200901777,0.9993637800216675,0.9998036623001099,0.01400122232735157,0.001262962818145752,550048,0.004613671,0.0024205176159739494,0.002419687109068036,0.0024141836911439896
463802,dct_low_nontargeted_white_box_eps0.0627_iter1,0.3333333333333334,0.1666666666666667,0.999325,58.10139637679059,0.9998311996459961,0.9999299049377441,0.006977595388889313,0.0004525184631347656,503153,0.002147726,0.001240684767253697,0.001232582377269864,0.0012308144941926003
96427,dct_low_nontargeted_white_box_eps0.0627_iter6,0.4545454545454545,0.29004329004329005,0.9936452,50.113086780576516,0.9984099268913269,0.9994040131568909,0.04411482810974121,0.0022946596145629883,491841,0.0048696664,0.002405093051493168,0.0024014143273234367,0.0023838593624532223
189775,dct_low_nontargeted_white_box_eps0.0627_iter1,0.14474829596780817,0.14046739168690386,0.99918276,58.04718634902944,0.9997944831848145,0.9999627470970154,0.0074342843145132065,0.0008640289306640625,491764,0.0021677567,0.0012504952028393745,0.0012492192909121513,0.0012508828658610582
376900,dct_low_nontargeted_white_box_eps0.0627_iter1,0.272516835016835,0.2550021748586342,0.99919647,58.05919528859873,0.9997913837432861,0.9999316334724426,0.0066933659836649895,0.0006173849105834961,498499,0.0021639962,0.001246106461621821,0.001247674459591508,0.001246466301381588
359540,dct_low_nontargeted_white_box_eps0.0627_iter2,0.20454545454545459,0.18668831168831165,0.9995117,54.99330200264037,0.9998440146446228,0.9999430179595947,0.0015373197384178638,0.001201033592224121,360819,0.0027701324,0.0012618873734027147,0.001262061414308846,0.0012648585252463818
174371,dct_low_nontargeted_white_box_eps0.0627_iter2,0.2848484848484849,0.275974025974026,0.9993067,54.88866943403866,0.9998556971549988,0.9999433159828186,0.0036606010980904102,0.0009483695030212402,349228,0.0027985587,0.001304545090533793,0.0012952556135132909,0.0012997179292142391
168883,dct_low_nontargeted_white_box_eps0.0627_iter6,0.28787878787878785,0.28282828282828293,0.997495,49.902817708945825,0.9993230104446411,0.9997343420982361,0.009743331000208855,0.0018494129180908203,525023,0.0050659343,0.0024671258870512247,0.002474009757861495,0.0024590231478214264
356424,dct_low_nontargeted_white_box_eps0.0627_iter3,0.10606060606060604,0.10227272727272729,0.99748343,53.35425290065118,0.9993501901626587,0.9997720718383789,0.028428373858332634,0.004072368144989014,507619,0.0034323547,0.0018378690583631396,0.001840237993746996,0.0018384346039965749
383606,dct_low_nontargeted_white_box_eps0.0627_iter14,0.3333333333333334,0.0,0.9843971,46.30215554921617,0.9957609176635742,0.9985070824623108,0.09485725313425064,0.014783978462219238,592166,0.007610805,0.0037932456471025944,0.003786762710660696,0.003824374405667186
561256,dct_low_nontargeted_white_box_eps0.0627_iter20,0.5000000000000001,0.25000000000000006,0.9853801,44.290539316050534,0.9966707229614258,0.9986986517906189,0.05644352734088898,0.010217428207397461,613259,0.009576904,0.004830360412597656,0.004802333191037178,0.004833773244172335
357737,dct_low_nontargeted_white_box_eps0.0627_iter6,0.1090909090909091,0.09090909090909091,0.9983721,49.70257241688763,0.999491810798645,0.9998071193695068,0.005782348103821278,0.0013239383697509766,540866,0.0051988913,0.0025302066933363676,0.0025424445047974586,0.002528345212340355
365642,dct_low_nontargeted_white_box_eps0.0627_iter16,0.3333333333333334,0.08333333333333336,0.9829032,45.79347485004781,0.9948028326034546,0.9981219172477722,0.14469014108181,0.03760051727294922,598905,0.00807475,0.00403148028999567,0.00404473626986146,0.004030636977404356
459634,dct_low_nontargeted_white_box_eps0.0627_iter2,0.25000000000000006,0.16666666666666663,0.99850065,55.10992998421468,0.9995595812797546,0.9998469352722168,0.01124467235058546,0.002722501754760742,311388,0.002675693,0.001227861037477851,0.0012326083378866315,0.0012323170667514205
396518,dct_low_nontargeted_white_box_eps0.0627_iter6,0.5000000000000001,0.25000000000000006,0.99548143,49.83486254561608,0.9991955161094666,0.9997290372848511,0.019879689440131187,0.0030356645584106445,506250,0.005082083,0.0024781590327620506,0.0025082489009946585,0.002479477785527706
290293,dct_low_nontargeted_white_box_eps0.0627_iter1,0.18181818181818182,0.09090909090909091,0.99917674,58.083169186588535,0.9998191595077515,0.9999464154243469,0.010159088298678398,0.0012566447257995605,473759,0.0021555703,0.0012452302034944296,0.0012457574484869838,0.0012286854907870293
435206,dct_low_nontargeted_white_box_eps0.0627_iter1,0.12424242424242422,0.1121212121212121,0.9995932,59.65423728574048,0.9998716115951538,0.9915882349014282,0.008970566093921661,0.0021227598190307617,469462,0.0015918002,0.0008599642897024751,0.0008623840403743088,0.0008682070765644312
61960,dct_low_nontargeted_white_box_eps0.0627_iter6,0.5000000000000001,0.25000000000000006,0.995756,49.95388526875941,0.9987253546714783,0.9994725584983826,0.027944665402173996,0.007821798324584961,519159,0.0050309896,0.0024471664801239967,0.002457638271152973,0.002455647336319089
477689,dct_low_nontargeted_white_box_eps0.0627_iter27,0.25000000000000006,0.12500000000000003,0.9738404,43.48415275105686,0.9961850643157959,0.9976556897163391,0.08995424211025238,0.01793503761291504,607863,0.010374346,0.005306363105773926,0.005302427802234888,0.005296473857015371
258541,dct_low_nontargeted_white_box_eps0.0627_iter9,0.5000000000000001,0.16666666666666663,0.9886649,48.032147163519795,0.9972528219223022,0.9988541007041931,0.10057809948921204,0.010721921920776367,566194,0.006197116,0.0032695140689611435,0.0032674712128937244,0.0031881032045930624
423506,dct_low_nontargeted_white_box_eps0.0627_iter1,0.1666666666666667,0.03636363636363637,0.9992738,58.04374387890473,0.999821662902832,0.9999405145645142,0.004306819289922714,0.0005092024803161621,497695,0.002169134,0.0012534477282315493,0.0012505990453064442,0.0012495574774220586
510329,dct_low_nontargeted_white_box_eps0.0627_iter4,0.28282828282828276,0.2575757575757575,0.99777746,51.824080831591495,0.9993928670883179,0.9998006820678711,0.01904037781059742,0.0019518733024597168,473469,0.0040447926,0.0019342988962307572,0.0019312340300530195,0.0019340108847245574
308328,dct_low_nontargeted_white_box_eps0.0627_iter1,0.3333333333333334,0.31515151515151524,0.999326,58.042270940189454,0.9998419284820557,0.9999440908432007,0.004020426422357559,0.0002777576446533203,509629,0.002169413,0.001252204179763794,0.0012504892656579614,0.0012521672761067748
339823,dct_low_nontargeted_white_box_eps0.0627_iter34,0.5000000000000001,0.25000000000000006,0.96780753,42.42308882406646,0.9916531443595886,0.9972226619720459,0.15932734310626984,0.02883976697921753,622399,0.011837823,0.005989035125821829,0.005951765924692154,0.005992263555526733
55150,dct_low_nontargeted_white_box_eps0.0627_iter6,0.1090909090909091,0.03939393939393939,0.9960038,50.162350035983174,0.9990970492362976,0.9996986389160156,0.024294458329677582,0.0011815428733825684,512582,0.004901641,0.002378170844167471,0.0023749754764139652,0.002384045161306858
323799,dct_low_nontargeted_white_box_eps0.0627_iter1,0.3833041958041957,0.3481240981240981,0.99967974,58.042625989065456,0.9999059438705444,0.999964714050293,0.0009819625411182642,0.0003495216369628906,536849,0.002169483,0.0012511301320046186,0.0012528662336990237,0.0012505658669397235
352582,dct_low_nontargeted_white_box_eps0.0627_iter2,0.42424242424242414,0.33333333333333326,0.9984279,54.624272491372054,0.9996490478515625,0.9998958706855774,0.014494219794869423,0.0013110637664794922,334111,0.0029173852,0.0013744093012064695,0.001375100458972156,0.0013752812519669533
12748,dct_low_nontargeted_white_box_eps0.0627_iter8,0.33333333333333326,0.22727272727272732,0.99414974,48.748529861205306,0.9984118342399597,0.9994710087776184,0.034106671810150146,0.007885277271270752,553116,0.005773131,0.0028268492314964533,0.0028412393294274807,0.0028432465624064207
79014,dct_low_nontargeted_white_box_eps0.0627_iter1,0.5000000000000001,0.25000000000000006,0.99871475,58.04555190596405,0.999697208404541,0.9998871088027954,0.01918606460094452,0.002277970314025879,448934,0.0021688275,0.0012540051247924566,0.0012540069874376059,0.0012440128484740853
60886,dct_low_nontargeted_white_box_eps0.0627_iter2,0.41207867444498464,0.3854545454545455,0.99813104,54.64346043586127,0.9995035529136658,0.9998683333396912,0.008466258645057678,0.0009520053863525391,326036,0.0028965755,0.0013675205409526825,0.001372194616124034,0.0013687706086784601
8844,dct_low_nontargeted_white_box_eps0.0627_iter3,0.31818181818181823,0.2727272727272727,0.99716455,53.15390922111047,0.9993925094604492,0.9998025298118591,0.03506011515855789,0.0020935535430908203,484062,0.0035246979,0.0019038596656173468,0.0019007533555850387,0.0019085649400949478
108495,dct_low_nontargeted_white_box_eps0.0627_iter2,0.5000000000000001,0.25000000000000006,0.99836975,54.87894068740565,0.9995948672294617,0.9998796582221985,0.010272350162267685,0.001074671745300293,310786,0.0027750034,0.0012935042614117265,0.001298651099205017,0.0012986075598746538
438955,dct_low_nontargeted_white_box_eps0.0627_iter2,0.1959670231729055,0.18831168831168832,0.9989088,55.03534412957647,0.9997482299804688,0.9999120235443115,0.013085770420730114,0.0009285211563110352,352517,0.0027206019,0.001269521308131516,0.001271469984203577,0.0012650418793782592
7977,dct_low_nontargeted_white_box_eps0.0627_iter3,0.13636363636363635,0.06818181818181818,0.9981067,53.02313962558195,0.999344527721405,0.9998190402984619,0.011301519349217415,0.0021266937255859375,539267,0.0036126408,0.001932336832396686,0.001932961051352322,0.0019366292981430888
489924,dct_low_nontargeted_white_box_eps0.0627_iter2,0.5000000000000001,0.25000000000000006,0.9980683,54.87707419192695,0.9994595050811768,0.9997985363006592,0.019908562302589417,0.002900242805480957,314173,0.0027827136,0.0012953296536579728,0.0013010979164391756,0.0012947719078511
15597,dct_low_nontargeted_white_box_eps0.0627_iter16,0.3333333333333334,0.1666666666666667,0.9839134,45.805359715197255,0.9954778552055359,0.9987648129463196,0.10890939086675644,0.015101432800292969,598485,0.008061746,0.004020036663860083,0.0040290262550115585,0.004045739304274321
528314,dct_low_nontargeted_white_box_eps0.0627_iter2,0.3130165289256198,0.25735294117647056,0.9983131,54.88551596333738,0.9995636940002441,0.9998831748962402,0.013207778334617615,0.0015152692794799805,323506,0.002792454,0.001291115884669125,0.0013011491391807795,0.0012988231610506773
401250,dct_low_nontargeted_white_box_eps0.0627_iter4,0.25000000000000006,0.0,0.9940712,51.888871351006436,0.9984006881713867,0.9976642727851868,0.11121421307325363,0.018203556537628174,415899,0.0039286837,0.0019155548652634025,0.0019207284785807133,0.0019163978286087513
72281,dct_low_nontargeted_white_box_eps0.0627_iter2,0.25000000000000006,0.16666666666666663,0.99821967,54.73463280673848,0.9996026754379272,0.9998604655265808,0.012540709227323532,0.002290070056915283,321719,0.0028534697,0.001337826019152999,0.0013461461057886481,0.0013416711008176208
111207,dct_low_nontargeted_white_box_eps0.0627_iter10,0.28282828282828276,0.2575757575757575,0.99253106,47.80945965549218,0.9982284307479858,0.9994094967842102,0.04714424908161163,0.006421864032745361,569070,0.006421045,0.003177419537678361,0.0031770376954227686,0.0031641635578125715
129812,dct_low_nontargeted_white_box_eps0.0627_iter1,0.5000000000000001,0.25000000000000006,0.99884963,58.0497849702337,0.9997203350067139,0.9998992681503296,0.022014575079083443,0.002892136573791504,460345,0.0021674016,0.0012528704246506095,0.0012510910164564848,0.0012443953892216086
336209,dct_low_nontargeted_white_box_eps0.0627_iter6,0.3333333333333334,0.1666666666666667,0.9946398,49.89089320296654,0.9985297918319702,0.9995926022529602,0.037318937480449677,0.004959046840667725,515741,0.005048125,0.0024624906945973635,0.0024686900433152914,0.002481922972947359
558213,dct_low_nontargeted_white_box_eps0.0627_iter1,0.25000000000000006,0.21212121212121207,0.9989918,58.03901108598049,0.9997396469116211,0.9998949766159058,0.005495529156178236,0.0008623003959655762,475001,0.0021705048,0.0012514838017523289,0.0012534060515463352,0.0012527682119980454
492968,dct_low_nontargeted_white_box_eps0.0627_iter46,0.5000000000000001,0.25000000000000006,0.94030064,41.27500996577419,0.9817308783531189,0.9627255797386169,0.3488772213459015,0.07958763837814331,629518,0.0135167865,0.006844021379947662,0.00682514114305377,0.0068941437639296055
23359,dct_low_nontargeted_white_box_eps0.0627_iter10,0.25000000000000006,0.0,0.9856424,47.86701684801699,0.9958516955375671,0.9927807450294495,0.23576605319976807,0.03116774559020996,552767,0.006293292,0.00316688884049654,0.003142010420560837,0.0031531231943517923
63047,dct_low_nontargeted_white_box_eps0.0627_iter19,0.31818181818181823,0.25,0.9887896,44.77433631793285,0.9980539679527283,0.9991563558578491,0.021604226902127266,0.00443720817565918,609249,0.009088776,0.0046563055366277695,0.004658371675759554,0.004568621050566435
426376,dct_low_nontargeted_white_box_eps0.0627_iter15,0.5000000000000001,0.16666666666666663,0.98920727,45.83945102615161,0.9959834814071655,0.9989127516746521,0.06648379564285278,0.012669205665588379,609948,0.008103727,0.004153511952608824,0.004146071150898933,0.004134568851441145
364884,dct_low_nontargeted_white_box_eps0.0627_iter1,0.1590909090909091,0.1038961038961039,0.99920464,58.04067333435447,0.9997769594192505,0.9999247193336487,0.008741454221308231,0.000702977180480957,501836,0.0021699239,0.0012523580808192492,0.0012524364283308387,0.0012514319969341159
567011,dct_low_nontargeted_white_box_eps0.0627_iter12,0.5000000000000001,0.0,0.988229,46.04558604548235,0.9962577223777771,0.9988954067230225,0.05954219028353691,0.014652848243713379,597615,0.007872791,0.003921255469322205,0.0039796181954443455,0.003896180307492614
292024,dct_low_nontargeted_white_box_eps0.0627_iter1,0.25000000000000006,0.12500000000000003,0.9994367,58.052188889813976,0.9998192191123962,0.999930202960968,0.002824435941874981,0.0012740492820739746,508886,0.0021669639,0.0012463583843782544,0.0012529916130006313,0.001246956642717123
563281,dct_low_nontargeted_white_box_eps0.0627_iter4,0.5000000000000001,0.12500000000000003,0.99706244,51.86699575455271,0.9991329908370972,0.9997005462646484,0.013097358867526054,0.0014736652374267578,454994,0.004021594,0.0019207454752177,0.0019248531898483634,0.0019243856659159064
325483,dct_low_nontargeted_white_box_eps0.0627_iter17,0.14285714285714288,0.12121212121212119,0.98376614,45.169569994718586,0.9957927465438843,0.9983354806900024,0.09985075891017914,0.013649046421051025,610512,0.008697861,0.004462138749659061,0.0044619920663535595,0.004473111126571894
324258,dct_low_nontargeted_white_box_eps0.0627_iter1,0.1666666666666667,0.12878787878787876,0.99915504,58.04097166457002,0.9997853636741638,0.9999253153800964,0.006818227935582399,0.0018057823181152344,492227,0.00216981,0.0012508813524618745,0.0012525307247415185,0.0012525757774710655
559348,dct_low_nontargeted_white_box_eps0.0627_iter1,0.17669172932330826,0.13487909397000306,0.99941444,58.03451567364441,0.9998504519462585,0.9999634623527527,0.0028194175101816654,0.0006058812141418457,513828,0.002171854,0.0012537628645077348,0.0012539321323856711,0.0012539001181721687
276804,dct_low_nontargeted_white_box_eps0.0627_iter1,0.3160173160173161,0.3106060606060606,0.99927,58.04695668061267,0.9997848868370056,0.9999428391456604,0.0039615323767066,0.0005493760108947754,502778,0.00216819,0.0012451435904949903,0.0012527309590950608,0.0012529378291219473
427256,dct_low_nontargeted_white_box_eps0.0627_iter1,0.2028138528138528,0.2023088023088023,0.999614,58.0950062401096,0.9999077320098877,0.999957263469696,0.0015108429361134768,0.0007008910179138184,510578,0.0021534394,0.00123319320846349,0.0012388643808662891,0.0012375029036775231
208363,dct_low_nontargeted_white_box_eps0.0627_iter8,0.21212121212121207,0.21085858585858583,0.99449116,48.34959812445247,0.9987434148788452,0.9995402693748474,0.032559990882873535,0.0025682449340820312,556469,0.006028539,0.0029799600597471,0.0029776464216411114,0.00299043208360672
326970,dct_low_nontargeted_white_box_eps0.0627_iter8,0.25000000000000006,0.22727272727272724,0.99276924,48.89395453997845,0.9982234835624695,0.9993094205856323,0.06789305061101913,0.013486504554748535,545751,0.005602901,0.0027699752245098352,0.0027636399026960135,0.0027857243549078703
478420,dct_low_nontargeted_white_box_eps0.0627_iter1,0.42424242424242414,0.3863636363636363,0.99912256,58.03682502202916,0.9997637271881104,0.9999071359634399,0.014497827738523483,0.0015587806701660156,490831,0.0021711455,0.0012530465610325336,0.0012532697292044759,0.001253250171430409
411754,dct_low_nontargeted_white_box_eps0.0627_iter2,0.2424242424242425,0.2073863636363636,0.9977458,54.96253524321784,0.9994794726371765,0.999830424785614,0.044377051293849945,0.002648293972015381,295635,0.0027040376,0.0012680565705522895,0.0012784007703885436,0.0012768794549629092
369503,dct_low_nontargeted_white_box_eps0.0627_iter3,0.5000000000000001,0.16666666666666663,0.99646187,53.143268703637084,0.9990941286087036,0.999649703502655,0.05280371010303497,0.008259415626525879,486086,0.0035298474,0.0019174108747392893,0.0018595041474327445,0.001916207722388208
500716,dct_low_nontargeted_white_box_eps0.0627_iter9,0.5000000000000001,0.12500000000000003,0.9917006,48.410691323735826,0.9977425336837769,0.9989725947380066,0.09385614097118378,0.008980154991149902,571449,0.005991511,0.0031090073753148317,0.003114864230155945,0.003121019573882222
257169,dct_low_nontargeted_white_box_eps0.0627_iter1,0.12500000000000003,0.06250000000000001,0.9989205,58.05194813587205,0.9997367858886719,0.9999089241027832,0.012993225827813148,0.0014322996139526367,468751,0.002164254,0.0012489125365391374,0.001248768181540072,0.001248817890882492
418062,dct_low_nontargeted_white_box_eps0.0627_iter1,0.38181818181818183,0.3787878787878788,0.9994013,58.55101658193564,0.9998435378074646,0.9999390244483948,0.007287459447979927,0.0009405612945556641,479435,0.0019672432,0.0011122282594442368,0.0011143845040351152,0.001113175181671977
489339,dct_low_nontargeted_white_box_eps0.0627_iter14,0.5000000000000001,0.25000000000000006,0.98453695,46.60231556501725,0.9960600137710571,0.9984848499298096,0.15566091239452362,0.015050828456878662,585346,0.00733501,0.0036551407538354397,0.0036596194840967655,0.0036826825235038996
560474,dct_low_nontargeted_white_box_eps0.0627_iter3,0.15633608815426997,0.1477272727272727,0.99841833,53.00608437636417,0.9996494650840759,0.9998863339424133,0.011060046032071114,0.0012745261192321777,523425,0.0036154636,0.0019378411816433072,0.001939942711032927,0.0019325357861816883
380706,dct_low_nontargeted_white_box_eps0.0627_iter2,0.1490909090909091,0.14025974025974025,0.99783427,54.97355958985288,0.9996904730796814,0.9998992085456848,0.01042279601097107,0.001187443733215332,303714,0.0027633354,0.0012941864551976323,0.0012860617134720087,0.001287748571485281
136715,dct_low_nontargeted_white_box_eps0.0627_iter1,0.14498663101604276,0.12927421842863018,0.9994686,58.07298782651861,0.9998971819877625,0.9999635815620422,0.0025805144105106592,0.00023698806762695312,498419,0.0021587943,0.0012430102797225118,0.0012419820996001363,0.0012434149393811822
545594,dct_low_nontargeted_white_box_eps0.0627_iter1,0.3522727272727273,0.3299881936245573,0.9995199,58.08534883905456,0.9998924136161804,0.9999468922615051,0.00214161304756999,0.00013381242752075195,495429,0.0021540318,0.0012370398035272956,0.0012406710302457213,0.0012400905834510922
516143,dct_low_nontargeted_white_box_eps0.0627_iter1,0.16666666666666663,0.0,0.9992111,58.04056586760161,0.9998106956481934,0.9999433755874634,0.005625149235129356,0.0001913309097290039,497939,0.0021698903,0.0012516033602878451,0.0012523556360974908,0.0012523657642304897
42628,dct_low_nontargeted_white_box_eps0.0627_iter4,0.25000000000000006,0.21363636363636365,0.9964786,51.43013070685852,0.9990636110305786,0.9997377991676331,0.02313109114766121,0.002277374267578125,475552,0.004255504,0.002048494992777705,0.0020623402670025826,0.002055780729278922
369442,dct_low_nontargeted_white_box_eps0.0627_iter2,0.16010101010101008,0.10596221959858323,0.9988087,54.71584277242567,0.9997615814208984,0.9999162554740906,0.006935171317309141,0.0009429454803466797,341614,0.0028829454,0.001359414542093873,0.001346407923847437,0.0013459090841934085
151657,dct_low_nontargeted_white_box_eps0.0627_iter1,0.5000000000000001,0.3863636363636363,0.99908686,58.053334573358335,0.9997360706329346,0.9998652935028076,0.005949781276285648,0.0006052255630493164,478348,0.0021661571,0.0012484646867960691,0.0012455255491659045,0.0012513180263340473
495146,dct_low_nontargeted_white_box_eps0.0627_iter1,0.1555844155844156,0.14490358126721764,0.99898577,58.0340021689149,0.9997278451919556,0.9998871684074402,0.015270715579390526,0.0013550519943237305,491315,0.002172,0.0012539885938167572,0.0012540024472400546,0.0012540097814053297
217400,dct_low_nontargeted_white_box_eps0.0627_iter1,0.13636363636363638,0.0,0.9992021,58.04572821752024,0.9997988939285278,0.9999336004257202,0.006968885660171509,0.001834273338317871,497863,0.0021679227,0.0012499935692176223,0.001250787521712482,0.0012510913657024503
352491,dct_low_nontargeted_white_box_eps0.0627_iter1,0.20454545454545453,0.1515151515151515,0.99912983,58.168997806189054,0.9997566938400269,0.999912679195404,0.0091791283339262,0.0009371042251586914,490209,0.002115582,0.0012156449956819415,0.0012151873670518398,0.0012160546611994505
313454,dct_low_nontargeted_white_box_eps0.0627_iter3,0.1666666666666667,0.08333333333333336,0.9970341,53.128801125382125,0.9992973208427429,0.9997127056121826,0.026243358850479126,0.002321004867553711,482482,0.0035314225,0.0019145086407661438,0.0018913972890004516,0.0018944879993796349
20571,dct_low_nontargeted_white_box_eps0.0627_iter4,0.21212121212121215,0.15595959595959596,0.99766773,51.507258054068956,0.9994406700134277,0.9997885823249817,0.014428606256842613,0.0015305280685424805,480358,0.0042218263,0.0020370385609567165,0.0020361992064863443,0.002035203855484724
4134,dct_low_nontargeted_white_box_eps0.0627_iter1,0.11330447330447331,0.0817717690741406,0.99910563,58.04890354599098,0.9997909069061279,0.9999245405197144,0.009109802544116974,0.002874612808227539,483085,0.0021673427,0.0012502418830990791,0.0012513005640357733,0.001247598440386355
215072,dct_low_nontargeted_white_box_eps0.0627_iter2,0.1666666666666667,0.12121212121212123,0.99881905,54.92133657829062,0.9997289180755615,0.9998958110809326,0.00668288953602314,0.00047087669372558594,330415,0.002785566,0.001286081736907363,0.001281966920942068,0.0012864777818322182
223955,dct_low_nontargeted_white_box_eps0.0627_iter36,0.25000000000000006,0.16666666666666663,0.97707576,41.06248371315152,0.9936522245407104,0.9976956844329834,0.08077074587345123,0.016853153705596924,630966,0.013915127,0.00700759282335639,0.007108219899237156,0.007007264532148838
269316,dct_low_nontargeted_white_box_eps0.0627_iter7,0.42727272727272736,0.30681818181818177,0.99349016,48.44298773972828,0.9984471201896667,0.9995532631874084,0.03658844530582428,0.002512812614440918,575505,0.006001576,0.003120291978120804,0.003149394877254963,0.0031087887473404408
391290,dct_low_nontargeted_white_box_eps0.0627_iter1,0.14502164502164502,0.09772727272727272,0.99944514,58.03769720712559,0.9998607635498047,0.9999609589576721,0.001929744496010244,0.0003255605697631836,492778,0.0021708221,0.0012527633225545287,0.0012531147804111242,0.0012529526138678193
132931,dct_low_nontargeted_white_box_eps0.0627_iter1,0.5000000000000001,0.42424242424242414,0.9992781,58.03748292528144,0.9998490214347839,0.9999438524246216,0.004046568647027016,0.00026798248291015625,484672,0.0021708915,0.001252771238796413,0.0012530703097581863,0.0012531528482213616
153669,dct_low_nontargeted_white_box_eps0.0627_iter1,0.16710994045480212,0.15178086250480677,0.9993117,58.036213268252155,0.9998528361320496,0.9999541640281677,0.005312921945005655,0.0003714561462402344,480353,0.0021713562,0.0012530821841210127,0.0012536928988993168,0.0012533427216112614
556158,dct_low_nontargeted_white_box_eps0.0627_iter18,0.5000000000000001,0.0,0.9827263,44.78275686627569,0.9951190948486328,0.9984782934188843,0.12284068763256073,0.018231093883514404,608871,0.009054319,0.004532353486865759,0.004598435014486313,0.004526665434241295
493442,dct_low_nontargeted_white_box_eps0.0627_iter16,0.5000000000000001,0.0,0.98393005,45.83697445751103,0.9954611659049988,0.9986811280250549,0.12973438203334808,0.0073632001876831055,600252,0.008059009,0.00402129627764225,0.004017106257379055,0.004012929741293192
559160,dct_low_nontargeted_white_box_eps0.0627_iter1,0.2727272727272727,0.22510822510822515,0.99884444,58.17989724082534,0.9997704029083252,0.9999279379844666,0.02303449623286724,0.0014839768409729004,448206,0.0021198904,0.0012199339689686894,0.0012185081141069531,0.0011992868967354298
186042,dct_low_nontargeted_white_box_eps0.0627_iter10,0.5000000000000001,0.25000000000000006,0.9870469,47.5281552393361,0.9975171089172363,0.9992304444313049,0.07659593224525452,0.014616966247558594,556965,0.006600566,0.0032826652750372887,0.0032811660785228014,0.003273828886449337
359833,dct_low_nontargeted_white_box_eps0.0627_iter1,0.3333333333333334,0.018518518518518514,0.9989121,58.034101193490535,0.9997435808181763,0.999901533126831,0.015057302080094814,0.0012066364288330078,466481,0.0021719749,0.0012539379531517625,0.0012539932504296303,0.0012540030293166637
188592,dct_low_nontargeted_white_box_eps0.0627_iter2,0.5000000000000001,0.16666666666666663,0.99886084,54.52343704430624,0.9996625781059265,0.9999033808708191,0.005987966433167458,0.0006902813911437988,362046,0.0029846632,0.0014106397284194827,0.0014151728246361017,0.0013970175059512258
71877,dct_low_nontargeted_white_box_eps0.0627_iter14,0.1666666666666667,0.08333333333333336,0.98770684,45.61064499650535,0.9965980052947998,0.9990059733390808,0.07893548160791397,0.008218169212341309,602641,0.008269827,0.004122557118535042,0.004136289469897747,0.0041468325071036816
419408,dct_low_nontargeted_white_box_eps0.0627_iter31,0.25000000000000006,0.21212121212121207,0.9851255,42.44943742969849,0.9962694644927979,0.9989389777183533,0.0492098331451416,0.006403207778930664,626908,0.011882173,0.0060567669570446014,0.006056761369109154,0.006083613261580467
125472,dct_low_nontargeted_white_box_eps0.0627_iter7,0.5000000000000001,0.25000000000000006,0.9914054,49.36446652790523,0.997934103012085,0.9992077350616455,0.12039661407470703,0.01160353422164917,539871,0.005353291,0.00280184019356966,0.002796842949464917,0.0027994452975690365
428111,dct_low_nontargeted_white_box_eps0.0627_iter2,0.10227272727272728,0.06818181818181818,0.9977422,54.79281797393169,0.9994596838951111,0.9998087882995605,0.02864505723118782,0.0009201765060424805,309435,0.0028132398,0.001332685467787087,0.0013268421171233058,0.001322607509791851
145665,dct_low_nontargeted_white_box_eps0.0627_iter5,0.25000000000000006,0.16666666666666663,0.9935236,50.175667397771456,0.9984075427055359,0.9995549321174622,0.03992282971739769,0.004435241222381592,526316,0.0049191103,0.0026280495803803205,0.0026320263277739286,0.0024956066627055407
581206,dct_low_nontargeted_white_box_eps0.0627_iter10,0.25000000000000006,0.08333333333333331,0.99201983,47.72965768681614,0.9979361891746521,0.9991520047187805,0.054594941437244415,0.005198359489440918,570614,0.006482129,0.0032043808605521917,0.0032089699525386095,0.0032162766437977552
532481,dct_low_nontargeted_white_box_eps0.0627_iter1,0.13636363636363638,0.06818181818181819,0.9994104,58.041141161984804,0.9997893571853638,0.9999025464057922,0.0032315035350620747,0.0004380941390991211,499341,0.002169906,0.0012527253711596131,0.0012512009125202894,0.001251879963092506
398742,dct_low_nontargeted_white_box_eps0.0627_iter1,0.2045454545454545,0.13636363636363635,0.9992779,58.49699995694731,0.9998433589935303,0.9999354481697083,0.0077963946387171745,0.0001996755599975586,460699,0.0019919209,0.0011410466395318508,0.0011230033123865724,0.0011175335384905338
248400,dct_low_nontargeted_white_box_eps0.0627_iter11,0.25000000000000006,0.12500000000000003,0.98829037,47.42926580850919,0.9971720576286316,0.999088704586029,0.08369569480419159,0.008584141731262207,582318,0.006682805,0.003478436963632703,0.0034564503002911806,0.003463845932856202
63965,dct_low_nontargeted_white_box_eps0.0627_iter1,0.1666666666666667,0.11111111111111109,0.9986617,58.205874940951915,0.999732494354248,0.9999015927314758,0.019093159586191177,0.001981973648071289,439585,0.0021185721,0.0012395537924021482,0.001233772374689579,0.0011427296558395028
498807,dct_low_nontargeted_white_box_eps0.0627_iter20,0.5000000000000001,0.16666666666666663,0.98618835,44.44697941315909,0.9967293739318848,0.9990178942680359,0.07577444612979889,0.008036673069000244,615580,0.009481223,0.004729846026748419,0.00477338582277298,0.004712284076958895
475191,dct_low_nontargeted_white_box_eps0.0627_iter6,0.5000000000000001,0.25000000000000006,0.9928942,50.16989532016184,0.9982473254203796,0.9993466734886169,0.06522968411445618,0.005200862884521484,494552,0.004845417,0.0023749808315187693,0.002376795280724764,0.00238722562789917
316404,dct_low_nontargeted_white_box_eps0.0627_iter6,0.3333333333333334,0.28282828282828276,0.9851654,50.24714475263011,0.9979710578918457,0.9992896914482117,0.100731760263443,0.007995963096618652,426784,0.0047256933,0.0023638277780264616,0.002346640219911933,0.002287098439410329
261535,dct_low_nontargeted_white_box_eps0.0627_iter25,0.3333333333333334,0.1666666666666667,0.9836851,43.14661852130545,0.9956647157669067,0.9986806511878967,0.05397709086537361,0.008374691009521484,622673,0.010997254,0.005580144934356213,0.005623912904411554,0.005595307797193527
203864,dct_low_nontargeted_white_box_eps0.0627_iter1,0.28282828282828276,0.2575757575757575,0.9998544,58.04355352503247,0.9999488592147827,0.9999768137931824,0.00034638261422514915,0.00019210577011108398,562489,0.002169137,0.0012507109204307199,0.0012524219928309321,0.00125062873121351
124442,dct_low_nontargeted_white_box_eps0.0627_iter22,0.5000000000000001,0.0,0.9828458,43.24803210418228,0.9950615763664246,0.9983972907066345,0.09992748498916626,0.011829733848571777,620355,0.010771597,0.005452470388263464,0.00542075838893652,0.005410631652921438
93261,dct_low_nontargeted_white_box_eps0.0627_iter2,0.2727272727272727,0.14545454545454548,0.9994983,54.714406297423096,0.9998783469200134,0.9999517202377319,0.003084768308326602,0.0004050731658935547,364502,0.0028998165,0.0013400129973888397,0.0013543689856305718,0.001350834616459906
474344,dct_low_nontargeted_white_box_eps0.0627_iter26,0.5000000000000001,0.42424242424242414,0.98562217,42.13248705925793,0.9965481758117676,0.9987112879753113,0.052445635199546814,0.007349848747253418,626333,0.012268294,0.0061628492549061775,0.006243517156690359,0.006180746015161276
264968,dct_low_nontargeted_white_box_eps0.0627_iter1,0.3636363636363637,0.3285714285714286,0.9992904,58.040711277405464,0.9998421669006348,0.9999604225158691,0.004065234679728746,0.00026351213455200195,485726,0.0021699495,0.0012519753072410822,0.0012521152384579182,0.0012521097669377923
88345,dct_low_nontargeted_white_box_eps0.0627_iter1,0.5000000000000001,0.42424242424242414,0.9989042,58.036385775069945,0.9996997714042664,0.9998988509178162,0.013769974932074547,0.001344919204711914,478821,0.0021712743,0.001252976362593472,0.0012533293338492513,0.0012536820722743869
6771,dct_low_nontargeted_white_box_eps0.0627_iter1,0.38606847697756796,0.3295454545454546,0.99903417,58.03863528871338,0.9997837543487549,0.9999209642410278,0.011115839704871178,0.0004661679267883301,475749,0.0021705464,0.0012521877652034163,0.0012527770595625043,0.0012530287494882941
545100,dct_low_nontargeted_white_box_eps0.0627_iter2,0.22727272727272724,0.21022727272727265,0.9992488,54.818845869248214,0.9998435974121094,0.9999514222145081,0.003669189289212227,0.0007076263427734375,347733,0.002844222,0.0013208368327468634,0.001313758664764464,0.0013095182366669178
66886,dct_low_nontargeted_white_box_eps0.0627_iter9,1.0000000000000002,0.16666666666666663,0.99092287,48.08170103454862,0.9978405237197876,0.9992122650146484,0.08919283747673035,0.005979418754577637,574788,0.0062230686,0.0032317601144313812,0.0032469341531395912,0.003232578281313181
435205,dct_low_nontargeted_white_box_eps0.0627_iter2,0.25000000000000006,0.16666666666666663,0.9977367,55.05376273681793,0.9994263648986816,0.9997543096542358,0.02519989013671875,0.0020731687545776367,284894,0.002667071,0.0012526996433734894,0.0012528520310297608,0.0012406888417899609
146155,dct_low_nontargeted_white_box_eps0.0627_iter8,0.19354838709677422,0.13257575757575757,0.9936519,48.426558136337505,0.9985477328300476,0.9995467662811279,0.029272597283124924,0.0041010379791259766,553245,0.005978851,0.0029557885136455297,0.0029580313712358475,0.0029490478336811066
485844,dct_low_nontargeted_white_box_eps0.0627_iter3,0.12500000000000003,0.04166666666666666,0.9972761,53.17536488398354,0.9995405077934265,0.9998135566711426,0.018214568495750427,0.0030556917190551758,487087,0.0035210308,0.0019122959347441792,0.0018693346064537764,0.0018674039747565985
508370,dct_low_nontargeted_white_box_eps0.0627_iter6,0.13333333333333336,0.09523809523809525,0.99711794,50.049721156991176,0.9993583559989929,0.9997748732566833,0.022746140137314796,0.0013690590858459473,518775,0.004977391,0.002423482248559594,0.0024121818132698536,0.00242267781868577
67213,dct_low_nontargeted_white_box_eps0.0627_iter1,0.2443482443482444,0.2256854256854257,0.99942654,58.055467028518414,0.9998822212219238,0.9999630451202393,0.003701752983033657,0.0005180835723876953,506580,0.0021652172,0.0012493713293224573,0.0012496886774897575,0.0012444271706044674
102331,dct_low_nontargeted_white_box_eps0.0627_iter6,0.16666666666666663,0.0,0.9953034,49.56614497370886,0.9988683462142944,0.9997580647468567,0.05977456271648407,0.004142105579376221,525786,0.0052553024,0.002586810849606991,0.0025889158714562654,0.0025845917407423258
37670,dct_low_nontargeted_white_box_eps0.0627_iter2,0.1666666666666667,0.0,0.99747396,54.940973570528996,0.9993007183074951,0.9996479749679565,0.03483672812581062,0.0030674338340759277,292942,0.0027178323,0.0012761664111167192,0.0012766639702022076,0.0012818491086363792
389812,dct_low_nontargeted_white_box_eps0.0627_iter1,0.5000000000000001,0.25000000000000006,0.9996926,58.052977272715424,0.9999298453330994,0.9999773502349854,0.0015780332032591105,0.0001552104949951172,522219,0.0021663504,0.0012494565453380346,0.0012512757675722241,0.001244890270754695
553776,dct_low_nontargeted_white_box_eps0.0627_iter8,0.5000000000000001,0.25000000000000006,0.99410963,48.46827219649654,0.998029887676239,0.9992845058441162,0.035486940294504166,0.0026922225952148438,559959,0.0059807543,0.002957149874418974,0.002934528049081564,0.002943755593150854
491090,dct_low_nontargeted_white_box_eps0.0627_iter8,0.5000000000000001,0.25000000000000006,0.99609643,48.809560504198814,0.998990535736084,0.9996283650398254,0.014003051444888115,0.002169191837310791,557913,0.005760294,0.002816274994984269,0.002813649596646428,0.0028215316124260426
169076,dct_low_nontargeted_white_box_eps0.0627_iter1,0.20000000000000004,0.1090909090909091,0.99872226,58.21340111108886,0.9997355341911316,0.9998980760574341,0.017286503687500954,0.002095937728881836,452015,0.0021235687,0.001253147842362523,0.0011034592753276229,0.0012531774118542671
319534,dct_low_nontargeted_white_box_eps0.0627_iter1,0.12758264462809918,0.125,0.9992339,58.04574075365943,0.9998297095298767,0.9999298453330994,0.005609084386378527,0.0003719329833984375,495626,0.0021680335,0.0012508955551311374,0.001250196830369532,0.0012507692445069551
52007,dct_low_nontargeted_white_box_eps0.0627_iter4,0.13636363636363635,0.0808080808080808,0.9982998,51.57638072718964,0.9996203780174255,0.9998284578323364,0.022883538156747818,0.002852201461791992,498951,0.0041248584,0.002007692586630583,0.0020075023639947176,0.001996899489313364
49259,dct_low_nontargeted_white_box_eps0.0627_iter3,1.0000000000000002,0.5000000000000001,0.998934,52.607782098510114,0.9996678233146667,0.9998843669891357,0.00458817183971405,0.0006558895111083984,542154,0.0037915122,0.002020725514739752,0.002026359783485532,0.002024003304541111
278749,dct_low_nontargeted_white_box_eps0.0627_iter1,0.18078890806163536,0.16666666666666666,0.9997112,58.05914230010441,0.9999043345451355,0.9999603629112244,0.0020037253852933645,0.00024640560150146484,536924,0.002162539,0.0012465333566069603,0.00124665058683604,0.0012471051886677742
401862,dct_low_nontargeted_white_box_eps0.0627_iter1,0.388961038961039,0.36363636363636365,0.99948454,58.054048591246925,0.9998658895492554,0.9999581575393677,0.00629086559638381,0.0011005401611328125,518298,0.0021651704,0.001247270149178803,0.0012481623562052846,0.0012492707464843988
267169,dct_low_nontargeted_white_box_eps0.0627_iter1,0.28282828282828276,0.18181818181818185,0.9993852,58.062021311688895,0.9998535513877869,0.9999510049819946,0.00402462761849165,0.0003954172134399414,503056,0.0021607797,0.0012464547762647271,0.0012459405697882175,0.0012454353272914886
566282,dct_low_nontargeted_white_box_eps0.0627_iter1,0.125,0.11553030303030305,0.9993718,58.15023840542929,0.999863862991333,0.9999659657478333,0.0042505268938839436,0.0004010200500488281,480987,0.0021258742,0.0012209010310471058,0.0012205425882712007,0.001221194863319397
67534,dct_low_nontargeted_white_box_eps0.0627_iter15,0.3333333333333334,0.1666666666666667,0.99200326,45.884001299497285,0.9981637001037598,0.9993592500686646,0.04460484907031059,0.005400478839874268,607020,0.008033882,0.0041188704781234264,0.004122553858906031,0.004125506617128849
408120,dct_low_nontargeted_white_box_eps0.0627_iter17,0.3333333333333334,0.0,0.9833496,45.195700871449596,0.9980858564376831,0.9990046620368958,0.04704446345567703,0.008930325508117676,594308,0.008658284,0.004408481065183878,0.004435863811522722,0.004410643130540848
250619,dct_low_nontargeted_white_box_eps0.0627_iter2,0.25000000000000006,0.0,0.9984288,54.90836873330521,0.9994989633560181,0.9998420476913452,0.010270092636346817,0.0012154579162597656,331547,0.0027783334,0.0012830529594793916,0.0012881731381639838,0.0012930422089993954
132796,dct_low_nontargeted_white_box_eps0.0627_iter2,0.20000000000000004,0.13116883116883118,0.99920326,54.88660775511966,0.9997830390930176,0.9999499917030334,0.004909830167889595,0.0013490915298461914,344145,0.0028139108,0.0012981282779946923,0.0012909751385450363,0.0012974777491763234
47585,dct_low_nontargeted_white_box_eps0.0627_iter1,0.2978354978354979,0.2261904761904762,0.99926263,58.05344092092266,0.9998153448104858,0.9999357461929321,0.0061582475900650024,0.0004317760467529297,488030,0.0021665005,0.0012530237436294556,0.0012530738022178411,0.001239127479493618
11699,dct_low_nontargeted_white_box_eps0.0627_iter1,0.2545454545454546,0.24242424242424235,0.9991515,58.10733825847147,0.9998041987419128,0.9999414086341858,0.006816468201577663,0.000666499137878418,481432,0.0021484743,0.0012430959613993764,0.001215892261825502,0.0012400432024151087
198489,dct_low_nontargeted_white_box_eps0.0627_iter2,0.25000000000000006,0.12500000000000003,0.9990849,54.6715447061488,0.9997313022613525,0.9998966455459595,0.003959889989346266,0.000927269458770752,352530,0.0029059388,0.0013565472327172756,0.001365145668387413,0.0013585002161562443
9448,dct_low_nontargeted_white_box_eps0.0627_iter5,0.5000000000000001,0.25000000000000006,0.99651957,50.09098846295341,0.9991884231567383,0.9997182488441467,0.013876961544156075,0.000972747802734375,537115,0.004972271,0.0025377855636179447,0.0026395516470074654,0.0026400843635201454
82986,dct_low_nontargeted_white_box_eps0.0627_iter12,0.24999999999999992,0.1818181818181818,0.99425894,46.227499478454945,0.9981934428215027,0.9993020296096802,0.0536237508058548,0.014865875244140625,596500,0.0077087237,0.0038580235559493303,0.0038456832990050316,0.0038229781202971935
470952,dct_low_nontargeted_white_box_eps0.0627_iter2,0.40909090909090917,0.388961038961039,0.99869156,54.89309887611267,0.999684751033783,0.9998936653137207,0.006978999823331833,0.0014772415161132812,330849,0.0027952197,0.0012914935359731317,0.0012967918301001191,0.0012893526582047343
271471,dct_low_nontargeted_white_box_eps0.0627_iter1,0.33333333333333326,0.13636363636363638,0.99893904,58.060663668371205,0.9997515678405762,0.9999079704284668,0.008739817887544632,0.0007035732269287109,462651,0.0021646386,0.001253296621143818,0.001253435155376792,0.00123227306175977
172935,dct_low_nontargeted_white_box_eps0.0627_iter1,0.18181818181818185,0.0,0.99882984,58.0706057422361,0.9996933937072754,0.999904215335846,0.025827165693044662,0.0051087141036987305,455457,0.002157031,0.0012436702381819487,0.0012434724485501647,0.0012433056253939867
447465,dct_low_nontargeted_white_box_eps0.0627_iter13,0.3333333333333334,0.28282828282828276,0.9924694,46.609870255571636,0.9982861280441284,0.9993862509727478,0.03949149698019028,0.0035727620124816895,600848,0.007396209,0.0037908442318439484,0.003797678742557764,0.00380710419267416
397351,dct_low_nontargeted_white_box_eps0.0627_iter21,0.18181818181818185,0.09090909090909093,0.9898004,44.15505310019899,0.9978427886962891,0.9993643164634705,0.02659958228468895,0.0026478171348571777,616359,0.009707067,0.0050068628042936325,0.004991583991795778,0.004871873650699854
33104,dct_low_nontargeted_white_box_eps0.0627_iter2,0.16433566433566438,0.12626262626262627,0.9991463,54.885442910954694,0.9997956156730652,0.9999086260795593,0.0038984534330666065,0.0004196763038635254,342116,0.0028044062,0.0012930587399750948,0.0013002826599404216,0.0012938764411956072
161781,dct_low_nontargeted_white_box_eps0.0627_iter14,0.5000000000000001,0.12500000000000003,0.98960096,45.698286205306644,0.99726402759552,0.999133288860321,0.0760267823934555,0.008654475212097168,599306,0.008163858,0.004099315032362938,0.004090474918484688,0.004095953889191151
24567,dct_low_nontargeted_white_box_eps0.0627_iter8,0.3333333333333334,0.06666666666666668,0.9950331,48.553494257026564,0.9987453818321228,0.9995590448379517,0.026525158435106277,0.0016699433326721191,555274,0.0059075556,0.0029055208433419466,0.002913133008405566,0.002915317192673683
480936,dct_low_nontargeted_white_box_eps0.0627_iter8,0.25000000000000006,0.08333333333333331,0.9938466,48.5551322341793,0.9985398054122925,0.9995618462562561,0.035282399505376816,0.003281235694885254,554791,0.0059090056,0.0029168168548494577,0.002904748311266303,0.002909228205680847
364557,dct_low_nontargeted_white_box_eps0.0627_iter15,0.25000000000000006,0.13636363636363638,0.9857277,45.60549216002389,0.996525228023529,0.9988340139389038,0.08100144565105438,0.009747982025146484,603073,0.008226155,0.0042377072386443615,0.00423312745988369,0.004246882628649473
257624,dct_low_nontargeted_white_box_eps0.0627_iter7,0.5000000000000001,0.25000000000000006,0.99309325,48.7779900201913,0.998318076133728,0.9993929862976074,0.048149239271879196,0.002688765525817871,559000,0.0057380064,0.003006570041179657,0.003010066458955407,0.0030113202519714832
149770,dct_low_nontargeted_white_box_eps0.0627_iter12,0.5000000000000001,0.25000000000000006,0.9838564,47.169475801397134,0.9958893656730652,0.9983775615692139,0.2900735139846802,0.035611093044281006,570970,0.006829293,0.0034018985461443663,0.0034364555031061172,0.0034328438341617584
240023,dct_low_nontargeted_white_box_eps0.0627_iter1,0.14067599067599068,0.09090909090909091,0.999139,58.04984527916386,0.9997696876525879,0.9999209046363831,0.00602200161665678,0.00048595666885375977,472221,0.0021667955,0.0012473834212869406,0.001250802306458354,0.0012501399032771587
292446,dct_low_nontargeted_white_box_eps0.0627_iter1,0.16477272727272724,0.11931818181818181,0.9993911,58.04441331960781,0.9998385906219482,0.9999395608901978,0.002519858069717884,0.0010398626327514648,507771,0.0021689427,0.001250061672180891,0.0012489681830629706,0.0012539870804175735
117744,dct_low_nontargeted_white_box_eps0.0627_iter5,0.25000000000000006,0.16666666666666663,0.99635464,50.67136860311811,0.9990290403366089,0.9997544288635254,0.033707648515701294,0.002913951873779297,547382,0.0046731913,0.002451172564178705,0.0024491448421031237,0.002457706956192851
271402,dct_low_nontargeted_white_box_eps0.0627_iter2,0.5000000000000001,0.42424242424242414,0.9986748,54.74460308656298,0.9996392130851746,0.9998899698257446,0.012572983279824257,0.0011011958122253418,348771,0.0028650386,0.0013538311468437314,0.0013441606424748898,0.0013310294598340988
122962,dct_low_nontargeted_white_box_eps0.0627_iter7,0.15976808294252515,0.14998341441839896,0.995575,48.77693623110887,0.9990302920341492,0.9996435046195984,0.019750850275158882,0.0026693344116210938,570258,0.0057835137,0.0030165642965584993,0.003013806650415063,0.0030081041622906923
289059,dct_low_nontargeted_white_box_eps0.0627_iter29,0.33333333333333326,0.25000000000000006,0.96964496,43.04726267474868,0.992271900177002,0.997558057308197,0.1630266308784485,0.024116575717926025,622190,0.011000556,0.0056585208512842655,0.0056550162844359875,0.005666453391313553
488166,dct_low_nontargeted_white_box_eps0.0627_iter16,0.1666666666666667,0.04166666666666668,0.9904404,45.932161870620206,0.9975919723510742,0.9990792870521545,0.08389098197221756,0.014613032341003418,593046,0.007887357,0.003948835656046867,0.003942424897104502,0.003948839846998453
371042,dct_low_nontargeted_white_box_eps0.0627_iter1,0.15844155844155847,0.14710743801652898,0.99948376,58.037297193120565,0.99986732006073,0.9999717473983765,0.002474346663802862,0.0005760788917541504,513745,0.0021709872,0.0012532551772892475,0.001253018039278686,0.0012528793886303902
406129,dct_low_nontargeted_white_box_eps0.0627_iter11,0.3333333333333334,0.1666666666666667,0.98975277,46.97286954598703,0.9968501925468445,0.9990251660346985,0.0796082466840744,0.01524430513381958,594448,0.007087867,0.003647154662758112,0.003659236943349242,0.0036508217453956604
327701,dct_low_nontargeted_white_box_eps0.0627_iter3,0.22727272727272727,0.18181818181818185,0.99825805,53.01491393503792,0.9995414614677429,0.9998453259468079,0.017230231314897537,0.0020248889923095703,521630,0.0035619456,0.0018951731035485864,0.0018933223327621818,0.0018941492307931185
575081,dct_low_nontargeted_white_box_eps0.0627_iter25,0.3333333333333334,0.1666666666666667,0.9771808,43.8596737514265,0.9944596290588379,0.9979757070541382,0.12512525916099548,0.02401190996170044,619881,0.010078231,0.005168660078197718,0.00517153088003397,0.005132842808961868
144984,dct_low_nontargeted_white_box_eps0.0627_iter21,0.11111111111111109,0.0,0.9785318,44.52865770585164,0.9935926795005798,0.9974759221076965,0.12937641143798828,0.015358984470367432,614855,0.009331957,0.004780230578035116,0.004788885824382305,0.0047914558090269566
187734,dct_low_nontargeted_white_box_eps0.0627_iter3,0.14321789321789322,0.12654958677685949,0.99817586,53.14760355843597,0.9995331168174744,0.9998573064804077,0.007029135711491108,0.0011519789695739746,522346,0.0035505604,0.001902809482999146,0.0019064676016569138,0.0019045970402657986
462643,dct_low_nontargeted_white_box_eps0.0627_iter1,0.5000000000000001,0.25000000000000006,0.99877805,58.0606852627856,0.9996992945671082,0.9998797178268433,0.022962920367717743,0.002599358558654785,452221,0.0021644426,0.001247639418579638,0.0012473915703594685,0.0012439581332728267
505789,dct_low_nontargeted_white_box_eps0.0627_iter2,0.17532467532467536,0.15909090909090912,0.99948645,54.994717306151195,0.9998869895935059,0.9999396204948425,0.001839880016632378,0.0003120303153991699,347900,0.0027661445,0.0012629650300368667,0.0012635014718398452,0.0012639088090509176
243034,dct_low_nontargeted_white_box_eps0.0627_iter1,0.16425619834710742,0.14646464646464644,0.99895984,58.05243878706423,0.9997102618217468,0.9999191761016846,0.032424814999103546,0.0017974376678466797,475558,0.0021666847,0.0012519884621724486,0.0012523371260613203,0.001241773832589388
144333,dct_low_nontargeted_white_box_eps0.0627_iter1,0.20000000000000004,0.028571428571428574,0.99924636,58.228348416663074,0.9998854994773865,0.9999454021453857,0.004254085477441549,0.0002633333206176758,467573,0.002104777,0.0012114221462979913,0.0012060884619131684,0.0011798640480265021
261888,dct_low_nontargeted_white_box_eps0.0627_iter49,0.20000000000000004,0.10000000000000002,0.95629287,40.45446575983501,0.9854458570480347,0.994385838508606,0.20664101839065552,0.0418204665184021,632199,0.014858365,0.007536794058978558,0.007582071702927351,0.007606587838381529
480021,dct_low_nontargeted_white_box_eps0.0627_iter1,0.22727272727272732,0.15584415584415584,0.9995598,58.03565819613853,0.999880313873291,0.9999480843544006,0.0018917641136795282,0.0007394552230834961,537614,0.0021714524,0.0012535082641988993,0.0012535048881545663,0.0012535746209323406
187249,dct_low_nontargeted_white_box_eps0.0627_iter1,0.1666666666666667,0.10389610389610389,0.9989743,58.1416251303527,0.9997631907463074,0.9998913407325745,0.0109421256929636,0.0016117691993713379,482370,0.002137987,0.0012317401124164462,0.0012391038471832871,0.0011991099454462528
130826,dct_low_nontargeted_white_box_eps0.0627_iter1,0.3160173160173161,0.31168831168831174,0.9995494,58.065045030378855,0.9999059438705444,0.9999570846557617,0.0017290899995714426,0.0003650188446044922,519134,0.0021606798,0.0012441473081707954,0.0012455964460968971,0.0012454709503799677
500477,dct_low_nontargeted_white_box_eps0.0627_iter3,0.5000000000000001,0.25000000000000006,0.99829847,53.128904316061345,0.9995924234390259,0.9998870491981506,0.009414301253855228,0.0012333393096923828,524521,0.003564264,0.0019128278363496065,0.0019112081499770284,0.0019063572399318218
494188,dct_low_nontargeted_white_box_eps0.0627_iter6,0.1142857142857143,0.1074747474747475,0.9963319,49.794468425226114,0.9990648031234741,0.9996221661567688,0.027150336652994156,0.002881646156311035,527073,0.0051247105,0.002501995302736759,0.002504546195268631,0.0025063466746360064
60823,dct_low_nontargeted_white_box_eps0.0627_iter3,0.13636363636363638,0.06818181818181819,0.99877554,52.996500752334924,0.9997318983078003,0.9999107718467712,0.006078665144741535,0.0019736289978027344,540888,0.0036271163,0.0019363906467333436,0.0019398079020902514,0.0019422390032559633
344268,dct_low_nontargeted_white_box_eps0.0627_iter10,0.5000000000000001,0.25000000000000006,0.9791383,47.860247987160136,0.9970638155937195,0.9988270401954651,0.0917743593454361,0.009700775146484375,526832,0.0062695066,0.0032074768096208572,0.0030563620384782553,0.0031066415831446648
81594,dct_low_nontargeted_white_box_eps0.0627_iter47,0.3333333333333334,0.004901960784313725,0.9702918,40.495832346668635,0.9924747347831726,0.9973130822181702,0.08503475040197372,0.018421530723571777,633376,0.014888723,0.00755327008664608,0.007540689781308174,0.0075718252919614315
286503,dct_low_nontargeted_white_box_eps0.0627_iter1,0.3749999999999999,0.10606060606060605,0.99965686,58.051054224568006,0.9999213218688965,0.9999645352363586,0.0016237911768257618,0.0006740093231201172,538319,0.0021669155,0.0012503353646025062,0.0012518317671492696,0.0012451080838218331
562207,dct_low_nontargeted_white_box_eps0.0627_iter9,0.24999999999999992,0.20000000000000004,0.99474174,48.255887550759084,0.998604416847229,0.9995712041854858,0.04102136939764023,0.004112660884857178,587118,0.0061267265,0.0031811834778636694,0.0031610990408807993,0.0031541248317807913
182805,dct_low_nontargeted_white_box_eps0.0627_iter16,0.25000000000000006,0.12500000000000003,0.9876704,45.864241584657115,0.9971119165420532,0.9991050958633423,0.08533225953578949,0.017605900764465332,598707,0.00801562,0.003998812288045883,0.0039975689724087715,0.0040154047310352325
539962,dct_low_nontargeted_white_box_eps0.0627_iter4,0.12727272727272726,0.11203931203931206,0.99754924,51.871001147061364,0.9994880557060242,0.9998058676719666,0.01055059302598238,0.0011789202690124512,447647,0.004009379,0.0019230959005653858,0.0019357013516128063,0.0019143162062391639
409198,dct_low_nontargeted_white_box_eps0.0627_iter46,0.3333333333333334,0.1666666666666667,0.97202,40.33511215349279,0.991513192653656,0.9970434904098511,0.08294694870710373,0.021825730800628662,633179,0.015170422,0.0076400055550038815,0.007731209509074688,0.007607293780893087
291619,dct_low_nontargeted_white_box_eps0.0627_iter3,0.5000000000000001,0.42424242424242414,0.99777323,53.18278567345161,0.9992262721061707,0.9996282458305359,0.014908434823155403,0.0032219290733337402,506422,0.003525927,0.0018931451486423612,0.0018950460944324732,0.001894528977572918
330396,dct_low_nontargeted_white_box_eps0.0627_iter1,0.41948051948051956,0.20454545454545453,0.9991267,58.041404463799324,0.9997667074203491,0.9999409317970276,0.012853605672717094,0.00037682056427001953,489799,0.002169762,0.0012520162854343653,0.001252391142770648,0.0012511934619396925
241677,dct_low_nontargeted_white_box_eps0.0627_iter1,0.10000000000000002,0.05492424242424242,0.9997904,58.03924482150707,0.9999307990074158,0.999977707862854,0.000852429133374244,0.00015878677368164062,570573,0.0021701616,0.001252867397852242,0.0012526920763775706,0.0012519288575276732
275392,dct_low_nontargeted_white_box_eps0.0627_iter1,0.5000000000000001,0.0,0.9995556,58.801129648227494,0.9998847842216492,0.9999525547027588,0.0038864186499267817,0.00045925378799438477,490074,0.0018819156,0.0010655228979885578,0.0010647368617355824,0.0010226307203993201
5529,dct_low_nontargeted_white_box_eps0.0627_iter9,0.5000000000000001,0.25000000000000006,0.9959032,48.262596234718785,0.9986058473587036,0.99970942735672,0.024260705336928368,0.00441741943359375,593179,0.006148825,0.0031605190597474575,0.003178507788106799,0.0031612333841621876
197658,dct_low_nontargeted_white_box_eps0.0627_iter34,0.25000000000000006,0.16666666666666663,0.97049147,40.8725972352908,0.9910130500793457,0.9969257116317749,0.14437320828437805,0.021898627281188965,629241,0.013964293,0.0070847319439053535,0.007038266863673925,0.007110043428838253
388903,dct_low_nontargeted_white_box_eps0.0627_iter1,0.13636363636363635,0.10606060606060608,0.99931335,58.047170668674056,0.9998540878295898,0.9999523758888245,0.0054280259646475315,0.00031960010528564453,488162,0.0021680023,0.0012464214814826846,0.001251883339136839,0.0012523134937509894
573258,dct_low_nontargeted_white_box_eps0.0627_iter50,0.3333333333333334,0.08333333333333336,0.9470709,40.794701497715806,0.9842109680175781,0.9940528869628906,0.2759363651275635,0.06041526794433594,631946,0.0143703045,0.007223609834909439,0.007291031070053577,0.007245777174830437
107094,dct_low_nontargeted_white_box_eps0.0627_iter44,0.3333333333333334,0.0,0.97080016,41.38091601567773,0.990752100944519,0.9969382882118225,0.1583787053823471,0.03335106372833252,630043,0.01334153,0.006710884626954794,0.006727592553943396,0.006721131969243288
457559,dct_low_nontargeted_white_box_eps0.0627_iter1,0.38636363636363646,0.3740259740259741,0.999448,58.077372404565786,0.9998863935470581,0.9999669790267944,0.0015977183356881142,0.00026786327362060547,485039,0.0021594304,0.001239796169102192,0.0012375228106975555,0.001247307052835822
142238,dct_low_nontargeted_white_box_eps0.0627_iter2,0.24037433155080215,0.2174273095325727,0.9994607,54.99532560972911,0.9998602271080017,0.9999529719352722,0.0021119420416653156,0.00018835067749023438,342357,0.0027575043,0.0012662181397899985,0.00127177475951612,0.00126008375082165
416343,dct_low_nontargeted_white_box_eps0.0627_iter1,0.15909090909090912,0.13636363636363635,0.99920374,58.03743788652672,0.9997949600219727,0.9999243021011353,0.005257543176412582,0.0007189512252807617,490256,0.0021710433,0.0012517716968432069,0.0012538568116724491,0.0012534204870462418
5193,dct_low_nontargeted_white_box_eps0.0627_iter1,0.30303030303030304,0.22943722943722947,0.9991959,58.04148446910255,0.9998139142990112,0.9999346137046814,0.007501435931771994,0.0006349086761474609,488612,0.002169647,0.0012524303747341037,0.001252192072570324,0.0012509305961430073
479953,dct_low_nontargeted_white_box_eps0.0627_iter2,0.5000000000000001,0.25000000000000006,0.99900514,54.8726696781834,0.9996115565299988,0.9998909831047058,0.002574210986495018,0.00029861927032470703,343076,0.002818393,0.0013028363464400172,0.0012968588853254914,0.00129554548766464
409211,dct_low_nontargeted_white_box_eps0.0627_iter2,0.2354473589651455,0.18880181019218456,0.9979844,54.881722124106346,0.9995903968811035,0.9999083876609802,0.012714743614196777,0.0014657974243164062,298412,0.0027724039,0.0012719917576760054,0.0013190197059884667,0.001323799486272037
127530,dct_low_nontargeted_white_box_eps0.0627_iter24,0.3333333333333334,0.1666666666666667,0.9568486,44.08517292977692,0.9931420087814331,0.997932493686676,0.18621520698070526,0.015125572681427002,607861,0.009726155,0.004533291794359684,0.0050763278268277645,0.005070840008556843
223182,dct_low_nontargeted_white_box_eps0.0627_iter4,0.13636363636363635,0.10909090909090909,0.9975719,51.82300926638737,0.9995818138122559,0.9998088479042053,0.007251418195664883,0.0006873011589050293,445961,0.004023238,0.0019155902555212379,0.0019408987136557698,0.0019531731959432364
362716,dct_low_nontargeted_white_box_eps0.0627_iter24,0.3333333333333334,0.1666666666666667,0.9757554,43.638966733892026,0.9943355917930603,0.9976679086685181,0.1310136765241623,0.013073921203613281,616963,0.010282443,0.005189668852835894,0.005203448701649904,0.005209278780966997
321790,dct_low_nontargeted_white_box_eps0.0627_iter8,0.25000000000000006,0.10000000000000002,0.9898942,48.27229903192767,0.9971327781677246,0.9992401003837585,0.12763682007789612,0.007091522216796875,550364,0.0060553933,0.0029739884193986654,0.0030410124454647303,0.0030291234143078327
463174,dct_low_nontargeted_white_box_eps0.0627_iter14,0.11111111111111109,0.08333333333333336,0.9866214,45.741779777904156,0.9970297813415527,0.9993032217025757,0.042953766882419586,0.003893435001373291,598257,0.008121185,0.003976128995418549,0.0040985397063195705,0.004125511739403009
152686,dct_low_nontargeted_white_box_eps0.0627_iter14,0.28282828282828276,0.2323232323232323,0.9783121,46.00726808800659,0.996161162853241,0.9985859990119934,0.0958578884601593,0.006474018096923828,581236,0.007767694,0.0036575745325535536,0.004013116471469402,0.0040278141386806965
126137,dct_low_nontargeted_white_box_eps0.0627_iter1,0.15971479500891267,0.12070707070707071,0.99920195,58.039985671983516,0.9998235702514648,0.9999545812606812,0.009746200405061245,0.0004928112030029297,476597,0.0021701283,0.001252533053047955,0.0012523157056421041,0.001251978101208806
183391,dct_low_nontargeted_white_box_eps0.0627_iter1,0.1302156177156177,0.11941257872292355,0.99928856,58.04569364737813,0.999830424785614,0.9999502897262573,0.0047028255648911,0.0004981160163879395,503769,0.0021678244,0.0012502638855949044,0.0012510144151747227,0.0012506225612014532
444142,dct_low_nontargeted_white_box_eps0.0627_iter44,0.3333333333333334,0.0,0.95903826,41.13632848960592,0.9894882440567017,0.9966456294059753,0.16060183942317963,0.01894432306289673,630368,0.013759333,0.006964642554521561,0.006943104322999716,0.006976396311074495
273760,dct_low_nontargeted_white_box_eps0.0627_iter49,0.5000000000000001,0.12500000000000003,0.96959287,39.49224792761887,0.9890665411949158,0.9963579177856445,0.07905849814414978,0.012587904930114746,635049,0.016703097,0.008432688191533089,0.008654766716063023,0.008391918614506721
170474,dct_low_nontargeted_white_box_eps0.0627_iter31,0.25000000000000006,0.12500000000000003,0.9549677,43.00785147265276,0.9922060966491699,0.9978424310684204,0.17298012971878052,0.013368844985961914,620056,0.011007928,0.005243764258921146,0.00581442890688777,0.005802323576062918
179642,dct_low_nontargeted_white_box_eps0.0627_iter1,0.19782848730217154,0.1947767145135566,0.9993277,58.04799551042507,0.9998552203178406,0.999947190284729,0.003329240018501878,0.00020200014114379883,491446,0.0021678344,0.001248159445822239,0.0012516366550698876,0.0012501245364546776
382009,dct_low_nontargeted_white_box_eps0.0627_iter34,0.1666666666666667,0.06666666666666668,0.9628479,42.68024832843739,0.9915908575057983,0.9973162412643433,0.20143216848373413,0.026644766330718994,623083,0.011484975,0.005735257174819708,0.005829149391502142,0.005858456715941429
75612,dct_low_nontargeted_white_box_eps0.0627_iter1,0.24817573730617207,0.2434489825794173,0.9991061,58.05071415180062,0.9997687339782715,0.9998988509178162,0.007634924724698067,0.0009165406227111816,482814,0.002165623,0.0012492068344727159,0.0012492386158555746,0.0012491184752434492
449579,dct_low_nontargeted_white_box_eps0.0627_iter32,0.5000000000000001,0.0,0.95842046,42.51903950153693,0.9879552721977234,0.9956182241439819,0.2426317036151886,0.03274190425872803,624170,0.011699176,0.005916038993746042,0.005904174875468016,0.005927452351897955
527215,dct_low_nontargeted_white_box_eps0.0627_iter1,0.3324675324675325,0.24431818181818182,0.99915665,58.1175873720671,0.9997683763504028,0.9999426007270813,0.0033251317217946053,0.0004982352256774902,469447,0.0021485842,0.0012407621834427118,0.0012418528785929084,0.00120768160559237
468965,dct_low_nontargeted_white_box_eps0.0627_iter1,0.275941230486685,0.2644628099173553,0.99954605,58.050487026122184,0.9998916387557983,0.9999586939811707,0.0015410922933369875,0.0003094673156738281,527957,0.0021667588,0.0012500521261245012,0.0012492886744439602,0.001248420332558453
405279,dct_low_nontargeted_white_box_eps0.0627_iter1,0.10202020202020201,0.09090909090909093,0.999177,58.03625310560843,0.9997519254684448,0.9999152421951294,0.0070659806951880455,0.0007389187812805176,501850,0.0021713488,0.001253737136721611,0.001253761351108551,0.001252553309313953
216296,dct_low_nontargeted_white_box_eps0.0627_iter1,0.303030303030303,0.2803030303030302,0.99882203,58.048638539000365,0.9996868968009949,0.9998802542686462,0.01148277148604393,0.0008662939071655273,464857,0.00216749,0.0012491971720010042,0.0012490761000663042,0.0012510857777670026
248616,dct_low_nontargeted_white_box_eps0.0627_iter1,0.2272727272727272,0.14242424242424243,0.9997652,58.10042098505959,0.9999395608901978,0.9999719262123108,0.0028889053501188755,0.00016951560974121094,540238,0.0021530103,0.0012427694164216518,0.0012484050821512938,0.001213742420077324
484978,dct_low_nontargeted_white_box_eps0.0627_iter26,0.14285714285714288,0.04761904761904761,0.9824956,43.35646226538806,0.9966245889663696,0.9981943964958191,0.09172127395868301,0.01591426134109497,619534,0.010639344,0.0053565725684165955,0.0053461696952581406,0.005364678800106049
25394,dct_low_nontargeted_white_box_eps0.0627_iter1,0.17045454545454541,0.15909090909090906,0.99919033,58.049233576520926,0.9997998476028442,0.999927818775177,0.004527153447270393,0.0007401704788208008,491306,0.0021670503,0.0012503809994086623,0.0012504073092713952,0.0012480700388550758
550714,dct_low_nontargeted_white_box_eps0.0627_iter1,0.5000000000000001,0.25000000000000006,0.9994323,58.142831295955155,0.9998154044151306,0.9999154210090637,0.002619420411065221,0.00042760372161865234,499381,0.002129219,0.0012230743886902928,0.0012235026806592941,0.001222337712533772
464476,dct_low_nontargeted_white_box_eps0.0627_iter2,0.3333333333333334,0.11111111111111109,0.9978161,54.912002917243385,0.9994751214981079,0.9997820854187012,0.04138080030679703,0.0028988122940063477,304176,0.0027432563,0.0012913314858451486,0.001294448971748352,0.0012838994152843952
11149,dct_low_nontargeted_white_box_eps0.0627_iter3,0.14141414141414138,0.09090909090909093,0.9990408,52.531057884682504,0.9997321963310242,0.9999110102653503,0.004441129043698311,0.0007185935974121094,536357,0.0038398078,0.0020470740273594856,0.0020546650048345327,0.0020489234011620283
17207,dct_low_nontargeted_white_box_eps0.0627_iter2,0.25000000000000006,0.12500000000000003,0.9980488,54.795623097828916,0.999555230140686,0.9998149275779724,0.024224068969488144,0.0019037723541259766,313531,0.0028144077,0.0013254256919026375,0.0013252963544800878,0.0013183532282710075
244833,dct_low_nontargeted_white_box_eps0.0627_iter1,0.25000000000000006,0.15714285714285714,0.9992199,58.08055890046817,0.9998413920402527,0.999954342842102,0.006381743587553501,0.0005549192428588867,467134,0.0021587654,0.0012368137249723077,0.0012512048706412315,0.0012338865781202912
31817,dct_low_nontargeted_white_box_eps0.0627_iter3,0.27272727272727276,0.2545454545454546,0.998216,53.08091989934047,0.999591052532196,0.9998332262039185,0.010558489710092545,0.001089334487915039,496578,0.0035675927,0.0019188118167221546,0.0019214563071727753,0.0019070683047175407
363875,dct_low_nontargeted_white_box_eps0.0627_iter2,0.3333333333333334,0.1666666666666667,0.9983759,54.95527205277807,0.9996016025543213,0.9998360276222229,0.01060781441628933,0.0013452768325805664,307191,0.002753194,0.0012778554810211062,0.001286273472942412,0.0012757944641634822
366884,dct_low_nontargeted_white_box_eps0.0627_iter1,0.12500000000000003,0.015625000000000003,0.999134,58.03617869382755,0.9997735023498535,0.9999189376831055,0.005578845273703337,0.00130462646484375,497453,0.0021713052,0.0012534253764897585,0.0012533683329820633,0.0012533310800790787
551794,dct_low_nontargeted_white_box_eps0.0627_iter7,0.3333333333333334,0.1666666666666667,0.9983123,49.19500833173948,0.9992140531539917,0.999729573726654,0.010726421140134335,0.005077719688415527,590587,0.0055432054,0.0028630464803427458,0.00286695035174489,0.0028797071427106857
94326,dct_low_nontargeted_white_box_eps0.0627_iter5,0.25000000000000006,0.16666666666666663,0.9985754,50.97018863186052,0.9996470808982849,0.999869167804718,0.004850590601563454,0.0012009739875793457,543945,0.004508984,0.002362948376685381,0.002374025294557214,0.0023639420978724957
306136,dct_low_nontargeted_white_box_eps0.0627_iter1,0.1515151515151515,0.0761904761904762,0.9988847,58.09265264305477,0.9997152090072632,0.999891996383667,0.00968600157648325,0.001596689224243164,461163,0.0021510045,0.0012401845306158066,0.001238859724253416,0.0012325282441452146
88848,dct_low_nontargeted_white_box_eps0.0627_iter1,0.193939393939394,0.18961038961038965,0.9997223,58.19863897124577,0.999937891960144,0.9999662041664124,0.0012219012714922428,0.0001456737518310547,531572,0.0021095378,0.0012079462176188827,0.0012089918600395322,0.0012051312951371074
29397,dct_low_nontargeted_white_box_eps0.0627_iter3,0.5000000000000001,0.25000000000000006,0.99785453,52.89444620075517,0.9993846416473389,0.9997923374176025,0.006270332261919975,0.0015784502029418945,515901,0.0036618435,0.00196610065177083,0.001966603100299835,0.001958321314305067
389684,dct_low_nontargeted_white_box_eps0.0627_iter6,0.25000000000000006,0.0,0.99490637,49.91397446093128,0.9987281560897827,0.9995625019073486,0.05871271342039108,0.004086613655090332,517113,0.0050423034,0.0024647610262036324,0.002466188045218587,0.0024653372820466757
527616,dct_low_nontargeted_white_box_eps0.0627_iter3,0.25000000000000006,0.12500000000000003,0.99718,53.363921567574224,0.9993441104888916,0.9997535943984985,0.021896714344620705,0.0030086636543273926,493259,0.0034452935,0.0018383362330496311,0.001844857819378376,0.001849491847679019
252294,dct_low_nontargeted_white_box_eps0.0627_iter5,0.18181818181818185,0.09090909090909093,0.9957977,50.98505489063747,0.9993451833724976,0.9997832179069519,0.018825804814696312,0.001402735710144043,516882,0.004457174,0.002314374316483736,0.002328785602003336,0.0023471524473279715
1353,dct_low_nontargeted_white_box_eps0.0627_iter1,0.2954545454545454,0.29090909090909095,0.99880534,58.09838885926177,0.999710738658905,0.9998976588249207,0.012070734053850174,0.0021213889122009277,446852,0.0021543906,0.001253969850949943,0.0012536594877019525,0.0011990410275757313
185472,dct_low_nontargeted_white_box_eps0.0627_iter1,0.17532467532467536,0.11249999999999999,0.9997413,58.12267368708606,0.9999268054962158,0.9999701976776123,0.0012932918034493923,0.00010484457015991211,540872,0.002137441,0.0012285967823117971,0.0012299942318350077,0.00122739071957767
155341,dct_low_nontargeted_white_box_eps0.0627_iter1,0.1544011544011544,0.1525252525252525,0.99918395,58.05739716154093,0.9997908473014832,0.9999266862869263,0.007252939976751804,0.0007662773132324219,497089,0.0021645946,0.0012509756488725543,0.0012487099738791585,0.001242130878381431
492284,dct_low_nontargeted_white_box_eps0.0627_iter1,0.3333333333333334,0.1666666666666667,0.99971896,58.123873029229465,0.9999155402183533,0.999960720539093,0.001665601972490549,0.0009889602661132812,535103,0.0021358256,0.0012288526631891727,0.001228516106493771,0.0012275950284674764
365745,dct_low_nontargeted_white_box_eps0.0627_iter2,0.19318181818181815,0.18181818181818185,0.99879694,55.062445048300425,0.999711275100708,0.9998865127563477,0.006318964995443821,0.0010366439819335938,349155,0.0027191567,0.0012492646928876638,0.0012548505328595638,0.0012598522007465363
172648,dct_low_nontargeted_white_box_eps0.0627_iter3,0.24242424242424246,0.22510822510822515,0.99870974,52.99100544309706,0.9996609687805176,0.9998449683189392,0.007994591258466244,0.0008550286293029785,534116,0.0036237915,0.0019445568323135376,0.0019414660055190325,0.0019287285394966602
399764,dct_low_nontargeted_white_box_eps0.0627_iter11,0.25000000000000006,0.16666666666666663,0.99069506,47.47975980654269,0.9978150129318237,0.9992489814758301,0.06040409952402115,0.0041623711585998535,584900,0.006667659,0.00345296086743474,0.0034473505802452564,0.0034490597900003195
151938,dct_low_nontargeted_white_box_eps0.0627_iter1,0.12626262626262622,0.10909090909090911,0.99861574,58.268263788699876,0.9997365474700928,0.9998867511749268,0.020305849611759186,0.0021990537643432617,443518,0.00209267,0.0012174081057310104,0.0012139783939346671,0.0011330939596518874
411953,dct_low_nontargeted_white_box_eps0.0627_iter3,0.33333333333333326,0.27272727272727276,0.99514127,53.394147956954,0.9991029500961304,0.9996272921562195,0.028529800474643707,0.002931535243988037,434923,0.0033928356,0.0019066378008574247,0.0017105670413002372,0.001765902852639556
580197,dct_low_nontargeted_white_box_eps0.0627_iter1,0.42727272727272736,0.3212121212121212,0.9990496,58.03471404234777,0.9997280836105347,0.9998958706855774,0.009370757266879082,0.0018901824951171875,491639,0.0021717835,0.001253925496712327,0.0012537934817373753,0.0012536990689113736
114049,dct_low_nontargeted_white_box_eps0.0627_iter1,0.10013986013986016,0.08261562998405104,0.9991832,58.17414993178055,0.9998693466186523,0.9999540448188782,0.005311952903866768,0.00024247169494628906,463717,0.002120336,0.0012143354397267103,0.0012107719667255878,0.0012174525763839483
320743,dct_low_nontargeted_white_box_eps0.0627_iter1,0.27902097902097905,0.24555177442877973,0.9995091,58.0558987726769,0.9998905062675476,0.9999561905860901,0.002174865221604705,0.0006442070007324219,512525,0.0021656742,0.0012408196926116943,0.0012513167457655072,0.001250963076017797
453001,dct_low_nontargeted_white_box_eps0.0627_iter26,0.25000000000000006,0.21212121212121207,0.9870321,43.41095611680964,0.996523380279541,0.9987523555755615,0.057553984224796295,0.010946869850158691,622377,0.010672545,0.005320824217051268,0.0053485361859202385,0.005361279938369989
AVERAGE,summary,52.3688,0.9984,0.9993,0.0395,0.0055,506030.9357,0.0048,0.0025,0.0025,0.0025
