image_id,variant,map_original,map_adversarial,SSIM,PSNR,MS-SSIM,FSIM,LPIPS,DISTS,L0,L2
397133,dct_low_nontargeted_white_box_eps0.0627_iter7,0.21212121212121215,0.20477329687856005,0.98951226,45.9478240365373,0.9973554611206055,0.9979991912841797,0.1128065288066864,0.01785731315612793,388203,0.008026294,0.0043160440400242805,0.00411605928093195,0.004215338733047247
37777,dct_low_nontargeted_white_box_eps0.0627_iter2,0.6022727272727274,0.6000000000000001,0.99740905,54.47312822215351,0.9993201494216919,0.9987548589706421,0.06708089262247086,0.006070256233215332,221164,0.0029715076,0.001446717418730259,0.0014046755386516452,0.001419205218553543
252219,dct_low_nontargeted_white_box_eps0.0627_iter5,0.6000000000000002,0.45454545454545464,0.99335796,48.1053266032248,0.9986087083816528,0.9989813566207886,0.07646267116069794,0.014240264892578125,369368,0.0062876157,0.0032672989182174206,0.003316192887723446,0.0034114413429051638
87038,dct_low_nontargeted_white_box_eps0.0627_iter1,0.6651515151515152,0.5358044733044733,0.9990859,58.036319182203414,0.9997171759605408,0.9997918009757996,0.013356240466237068,0.001088857650756836,357045,0.0021710843,0.001253445167094469,0.0012533181579783559,0.0012532590189948678
174482,dct_low_nontargeted_white_box_eps0.0627_iter3,0.5625000000000001,0.48116883116883125,0.99638337,50.91852446931159,0.9990499019622803,0.9995630383491516,0.07030738890171051,0.003926873207092285,365757,0.0046838033,0.0025871717371046543,0.002507557161152363,0.002559930318966508
403385,dct_low_nontargeted_white_box_eps0.0627_iter2,1.0000000000000002,0.5000000000000001,0.9978134,54.30832316199536,0.9993934035301208,0.9993616938591003,0.025960132479667664,0.005399167537689209,255023,0.0030809594,0.0014882964314892888,0.0014657360734418035,0.0014819070929661393
6818,dct_low_nontargeted_white_box_eps0.0627_iter3,1.0000000000000002,0.3333333333333334,0.99605256,52.01750738220839,0.998872697353363,0.9990009069442749,0.05087119713425636,0.003730595111846924,349281,0.0040846057,0.0022035089787095785,0.002180952811613679,0.00219287583604455
480985,dct_low_nontargeted_white_box_eps0.0627_iter1,0.590909090909091,0.4848484848484849,0.99939054,58.18348490486076,0.9998444318771362,0.9999067783355713,0.003755190409719944,0.0006734132766723633,348881,0.0021155246,0.0012114731362089515,0.001211298629641533,0.0012119722086936235
458054,dct_low_nontargeted_white_box_eps0.0627_iter1,0.202020202020202,0.06818181818181818,0.9991421,58.050789127142494,0.9997962713241577,0.9998821020126343,0.008182879537343979,0.002157449722290039,357581,0.0021673066,0.0012531104730442166,0.0012527033686637878,0.001241699792444706
331352,dct_low_nontargeted_white_box_eps0.0627_iter5,0.5000000000000001,0.3333333333333334,0.99391633,49.98215094461857,0.9983419179916382,0.9987941384315491,0.08569921553134918,0.013708174228668213,355385,0.005018662,0.002655593678355217,0.002619472099468112,0.002657130593433976
296649,dct_low_nontargeted_white_box_eps0.0627_iter1,0.4848484848484849,0.4419913419913421,0.99924594,58.064086377479924,0.9998393058776855,0.9999237060546875,0.004883832763880491,0.0007647275924682617,366395,0.002162553,0.0012459064600989223,0.0012456800322979689,0.0012444801395758986
386912,dct_low_nontargeted_white_box_eps0.0627_iter13,0.1666666666666667,0.14697479848995001,0.9836075,41.908483982152724,0.9955763220787048,0.9960811138153076,0.1001257598400116,0.025064945220947266,399726,0.012538168,0.00647730752825737,0.006441288627684116,0.006596120074391365
502136,dct_low_nontargeted_white_box_eps0.0627_iter4,1.0000000000000002,0.6666666666666669,0.99544114,50.34810306177576,0.9994018077850342,0.9994261264801025,0.028003470972180367,0.004125475883483887,321857,0.004807642,0.0023839641362428665,0.0023702727630734444,0.002389214001595974
491497,dct_low_nontargeted_white_box_eps0.0627_iter7,0.20000000000000004,0.19264414479725492,0.9919956,47.36209192108058,0.9977904558181763,0.9986204504966736,0.09841317683458328,0.012660384178161621,380424,0.0067586643,0.0035542426630854607,0.003500354941934347,0.0035403654910624027
184791,dct_low_nontargeted_white_box_eps0.0627_iter9,0.3636363636363637,0.290909090909091,0.9878599,45.95570697917596,0.9969354867935181,0.9977353811264038,0.10196801275014877,0.02045619487762451,388397,0.007971205,0.004189135506749153,0.004057485610246658,0.004158785566687584
348881,dct_low_nontargeted_white_box_eps0.0627_iter2,0.6363636363636365,0.4242424242424243,0.9979035,54.17569158933192,0.9995125532150269,0.9996734261512756,0.02776005119085312,0.003317534923553467,280593,0.0031512096,0.0015529709635302424,0.0015079703880473971,0.0015308659058064222
289393,dct_low_nontargeted_white_box_eps0.0627_iter4,0.4000000000000001,0.3750000000000001,0.99519396,50.501371863600816,0.998868465423584,0.9990425109863281,0.06157423183321953,0.004474222660064697,328313,0.004766685,0.0023515885695815086,0.0023531015031039715,0.002396399388089776
522713,dct_low_nontargeted_white_box_eps0.0627_iter5,0.4242424242424243,0.2567099567099567,0.99369335,49.04360684460971,0.998161792755127,0.998579740524292,0.09762871265411377,0.018521130084991455,368039,0.0056227343,0.00301518477499485,0.002931804396212101,0.0029946467839181423
181666,dct_low_nontargeted_white_box_eps0.0627_iter1,0.9090909090909093,0.9053030303030305,0.9989958,58.124840536233975,0.9997309446334839,0.9998052716255188,0.010496160015463829,0.0015714764595031738,331192,0.0021409628,0.0012305305572226644,0.001227807137183845,0.001225812709890306
17627,dct_low_nontargeted_white_box_eps0.0627_iter1,0.5426997245179064,0.2713498622589532,0.99907255,58.044759794676864,0.9997438192367554,0.9998529553413391,0.0076622795313596725,0.0014295578002929688,355658,0.0021689057,0.0012477589771151543,0.0012528258375823498,0.0012521455064415932
143931,dct_low_nontargeted_white_box_eps0.0627_iter2,1.0000000000000002,0.6666666666666669,0.99815446,54.22038793940849,0.9994395971298218,0.9994645118713379,0.026459157466888428,0.003099203109741211,242444,0.0031173164,0.0015119814779609442,0.0015037462580949068,0.0015125204809010029
303818,dct_low_nontargeted_white_box_eps0.0627_iter1,0.781818181818182,0.6501377410468321,0.9994791,58.04062237599097,0.9997832775115967,0.9999305605888367,0.003714840393513441,0.0014181137084960938,377374,0.0021701227,0.0012512889225035906,0.0012523781042546034,0.001252632006071508
463730,dct_low_nontargeted_white_box_eps0.0627_iter7,0.2545454545454546,0.23388429752066114,0.99043304,45.91033722079898,0.9975996017456055,0.9984325170516968,0.11523928493261337,0.014654219150543213,387965,0.008011857,0.004321066662669182,0.004108798690140247,0.004245353862643242
460347,dct_low_nontargeted_white_box_eps0.0627_iter4,0.5681818181818183,0.4545454545454547,0.995711,50.23369444812332,0.9986710548400879,0.9992029666900635,0.05589693784713745,0.008038461208343506,333795,0.0048926864,0.002502840245142579,0.002381289843469858,0.0024615877773612738
322864,dct_low_nontargeted_white_box_eps0.0627_iter1,0.6060606060606062,0.587878787878788,0.9991042,58.044053831138925,0.9997455477714539,0.9998078346252441,0.006159852724522352,0.0015795230865478516,332601,0.0021692202,0.0012534233974292874,0.001253611408174038,0.0012463050661608577
153299,dct_low_nontargeted_white_box_eps0.0627_iter7,1.0000000000000002,0.5000000000000001,0.99282527,45.4804916056828,0.9985460638999939,0.9989671111106873,0.02520768530666828,0.0025153160095214844,395143,0.008646686,0.004538516979664564,0.004555870778858662,0.004551193211227655
308394,dct_low_nontargeted_white_box_eps0.0627_iter1,0.5000000000000001,0.3333333333333334,0.9987981,58.1924939855222,0.9997471570968628,0.9997614026069641,0.012863902375102043,0.002085268497467041,317653,0.002116617,0.001224552746862173,0.0012003761949017644,0.0012022986775264144
456496,dct_low_nontargeted_white_box_eps0.0627_iter7,0.6666666666666669,0.41666666666666674,0.9932545,47.39605042426054,0.9980145692825317,0.9988235831260681,0.10976359993219376,0.032119572162628174,380614,0.0067851073,0.003550739958882332,0.0035209334455430508,0.003554812865331769
41888,dct_low_nontargeted_white_box_eps0.0627_iter3,1.0000000000000002,0.5000000000000001,0.99777716,51.970594852721774,0.9993386268615723,0.9997156262397766,0.052800193428993225,0.007733702659606934,372197,0.00409723,0.002227693097665906,0.0021758507937192917,0.0022169153671711683
184321,dct_low_nontargeted_white_box_eps0.0627_iter1,1.0000000000000002,0.5000000000000001,0.99916935,58.03655868412057,0.9997596740722656,0.9998716115951538,0.006552224513143301,0.0007552504539489746,364898,0.0021712882,0.0012527192011475563,0.0012538433074951172,0.0012532579712569714
565778,dct_low_nontargeted_white_box_eps0.0627_iter1,0.5151515151515152,0.5,0.99936,58.0564298869791,0.9998139142990112,0.999951183795929,0.005336764268577099,0.0005242824554443359,364853,0.0021644793,0.00124667352065444,0.0012478058924898505,0.0012481841258704662
297343,dct_low_nontargeted_white_box_eps0.0627_iter4,1.0000000000000002,0.3333333333333334,0.9941539,50.73111557164548,0.9981245994567871,0.9940574765205383,0.10424430668354034,0.013011634349822998,319238,0.004614465,0.002280288143083453,0.0022631713654845953,0.0022820192389190197
336587,dct_low_nontargeted_white_box_eps0.0627_iter1,0.3333333333333334,0.20000000000000004,0.9993374,58.041096007126576,0.9997929334640503,0.9999058842658997,0.004471895284950733,0.0016050934791564941,375038,0.0021699995,0.0012537183938547969,0.0012529410887509584,0.0012492402456700802
122745,dct_low_nontargeted_white_box_eps0.0627_iter2,1.0000000000000002,0.5000000000000001,0.9912879,55.49695096002076,0.9989616870880127,0.9737139940261841,0.07840438187122345,0.009802103042602539,91132,0.0024228748,0.0012059974251314998,0.0011728558456525207,0.0011822667438536882
219578,dct_low_nontargeted_white_box_eps0.0627_iter1,0.8484848484848486,0.6363636363636365,0.9992807,58.03798748350259,0.999793529510498,0.999907910823822,0.004796857945621014,0.0005993843078613281,361050,0.0021708985,0.0012520637828856707,0.0012528580846264958,0.001253657042980194
555705,dct_low_nontargeted_white_box_eps0.0627_iter1,1.0000000000000002,0.5000000000000001,0.9990673,58.07165492410335,0.999767005443573,0.9998838901519775,0.007650909014046192,0.0007867813110351562,351567,0.0021581007,0.001246225438080728,0.0012431571958586574,0.001240187557414174
443303,dct_low_nontargeted_white_box_eps0.0627_iter2,1.0000000000000002,0.8333333333333336,0.9975672,54.59476524955302,0.9993792772293091,0.9994004368782043,0.054636940360069275,0.00448298454284668,221225,0.0029288954,0.001394494203850627,0.0013748719356954098,0.001383193302899599
500663,dct_low_nontargeted_white_box_eps0.0627_iter3,0.6363636363636365,0.42727272727272736,0.9959733,51.375101947847966,0.998950719833374,0.9991428852081299,0.06259258091449738,0.008079767227172852,357141,0.004418257,0.0024167916271835566,0.002344857668504119,0.0024108083453029394
418281,dct_low_nontargeted_white_box_eps0.0627_iter3,0.3333333333333334,0.25000000000000006,0.997128,51.07823578149906,0.9991830587387085,0.9995835423469543,0.04690120369195938,0.004627108573913574,362456,0.0045847325,0.002519354224205017,0.0024611041881144047,0.002505354583263397
25560,dct_low_nontargeted_white_box_eps0.0627_iter2,1.0000000000000002,0.6666666666666669,0.99767756,54.28194547537127,0.9993956089019775,0.9995233416557312,0.034084975719451904,0.0024912357330322266,249644,0.0030991747,0.001499816426075995,0.0014653869438916445,0.0014979803236201406
403817,dct_low_nontargeted_white_box_eps0.0627_iter1,0.25000000000000006,0.20000000000000004,0.9987896,58.19576958821103,0.9997045993804932,0.9996932148933411,0.013850211165845394,0.0029230713844299316,319834,0.0021220609,0.001238688244484365,0.001224055071361363,0.0011617441195994616
85329,dct_low_nontargeted_white_box_eps0.0627_iter5,1.0000000000000002,0.5000000000000001,0.99190027,49.68524391113527,0.997797966003418,0.9895192980766296,0.18263328075408936,0.04848361015319824,341162,0.0051490827,0.0027760607190430164,0.0027047216426581144,0.002746931044384837
329323,dct_low_nontargeted_white_box_eps0.0627_iter1,0.655844155844156,0.22332415059687785,0.99920195,58.04165236961434,0.9997991919517517,0.9998943209648132,0.004086327739059925,0.001230478286743164,353125,0.0021696975,0.0012520081363618374,0.00125145073980093,0.001251949230208993
239274,dct_low_nontargeted_white_box_eps0.0627_iter2,0.7227272727272729,0.3185606060606061,0.99879795,53.5929498845751,0.9996792674064636,0.9997768402099609,0.009152606129646301,0.0006990432739257812,307208,0.0034339782,0.0017554676160216331,0.0017201591981574893,0.001756135025061667
286994,dct_low_nontargeted_white_box_eps0.0627_iter1,1.0000000000000002,0.5000000000000001,0.9992922,58.03407317767337,0.9998048543930054,0.9998911619186401,0.005906806793063879,0.0016336441040039062,369725,0.0021719835,0.001254006172530353,0.0012540007010102272,0.0012539520394057035
511321,dct_low_nontargeted_white_box_eps0.0627_iter2,0.7272727272727274,0.24242424242424246,0.9980387,54.089491587818415,0.9994586706161499,0.9996181130409241,0.023052256554365158,0.003746926784515381,272960,0.003173149,0.0015850241761654615,0.0015160697512328625,0.0015647548716515303
314294,dct_low_nontargeted_white_box_eps0.0627_iter3,0.5454545454545455,0.5000000000000001,0.99725914,51.67410310051125,0.9992384910583496,0.9998041391372681,0.06292446702718735,0.0070497989654541016,372500,0.004253584,0.0023233958054333925,0.0022472338750958443,0.0023112609051167965
233771,dct_low_nontargeted_white_box_eps0.0627_iter1,0.7727272727272728,0.7272727272727274,0.99924994,58.37267336269436,0.9998868703842163,0.9998979568481445,0.004749760031700134,0.0010573863983154297,297627,0.0020327729,0.001159395556896925,0.0011603685561567545,0.0011600264115259051
475779,dct_low_nontargeted_white_box_eps0.0627_iter2,1.0000000000000002,0.5000000000000001,0.9990277,53.69878276027029,0.999668300151825,0.9998983144760132,0.01575840637087822,0.00314939022064209,310326,0.0033763363,0.0017130961641669273,0.001687428797595203,0.0017041510436683893
301867,dct_low_nontargeted_white_box_eps0.0627_iter3,0.8787878787878789,0.570909090909091,0.9971842,50.95030856678286,0.9992637038230896,0.9995099306106567,0.03784950077533722,0.005171477794647217,360869,0.004682883,0.0025551212020218372,0.002517029643058777,0.002544234972447157
312421,dct_low_nontargeted_white_box_eps0.0627_iter1,0.7575757575757578,0.6250000000000001,0.9990348,58.19255414766758,0.9997755885124207,0.9998077154159546,0.00991369504481554,0.0017605423927307129,340451,0.0021157032,0.0012091336539015174,0.0012083221226930618,0.0012096993159502745
185250,dct_low_nontargeted_white_box_eps0.0627_iter1,1.0000000000000002,0.7500000000000002,0.99939233,58.15065540260319,0.9998174905776978,0.9999423027038574,0.0034034696873277426,0.0014461874961853027,374589,0.002132435,0.0012231174623593688,0.001223309664055705,0.0012159050675109029
356427,dct_low_nontargeted_white_box_eps0.0627_iter1,0.4318181818181819,0.40340909090909094,0.99936676,58.05338545233344,0.9998255968093872,0.999929666519165,0.005655772052705288,0.0006015896797180176,368055,0.0021665508,0.0012498172000050545,0.0012520175660029054,0.0012434477685019374
572517,dct_low_nontargeted_white_box_eps0.0627_iter4,1.0000000000000002,0.6666666666666669,0.99655753,50.10732086417362,0.9989737272262573,0.9995514154434204,0.06505584716796875,0.006662964820861816,343840,0.0050015356,0.0025408542715013027,0.002461931901052594,0.002524405485019088
270244,dct_low_nontargeted_white_box_eps0.0627_iter4,1.0000000000000002,0.5000000000000001,0.995972,50.40752877233217,0.9988358020782471,0.9993440508842468,0.06679829955101013,0.010117292404174805,325031,0.0047922973,0.0023811343125998974,0.0023728376254439354,0.0024064648896455765
516316,dct_low_nontargeted_white_box_eps0.0627_iter1,0.5000000000000001,0.3333333333333334,0.99932,58.04338209312658,0.9998091459274292,0.999915361404419,0.004349840804934502,0.0006887912750244141,370858,0.002169407,0.0012535369023680687,0.0012534073321148753,0.0012469615321606398
125211,dct_low_nontargeted_white_box_eps0.0627_iter2,1.0000000000000002,0.3333333333333334,0.9984303,53.85188888703134,0.9996539950370789,0.9997854232788086,0.021468060091137886,0.0015287399291992188,303868,0.0033028773,0.0016826748615130782,0.001618076697923243,0.0016551782609894872
562121,dct_low_nontargeted_white_box_eps0.0627_iter2,0.6363636363636365,0.31818181818181823,0.99812037,54.25551349035028,0.9995120763778687,0.9997851252555847,0.027626458555459976,0.003774404525756836,268314,0.003116619,0.0015001462306827307,0.0014837973285466433,0.0015066808555275202
360661,dct_low_nontargeted_white_box_eps0.0627_iter4,1.0000000000000002,0.6666666666666669,0.9946868,50.072806153713856,0.9985001087188721,0.9987938404083252,0.10490505397319794,0.011293411254882812,323443,0.004954621,0.0025519495829939842,0.0024417382664978504,0.0025375275872647762
16228,dct_low_nontargeted_white_box_eps0.0627_iter8,0.4469696969696971,0.3718628865687689,0.9905429,45.57765158841464,0.9974457025527954,0.9984115362167358,0.12427940219640732,0.02059340476989746,377217,0.008209762,0.004282985348254442,0.0041219075210392475,0.004216345027089119
382088,dct_low_nontargeted_white_box_eps0.0627_iter1,1.0000000000000002,0.5000000000000001,0.99921435,58.03499090603231,0.9997705817222595,0.9999340772628784,0.006172644905745983,0.001256108283996582,366327,0.0021717288,0.0012539384188130498,0.001253871712833643,0.00125337322242558
266409,dct_low_nontargeted_white_box_eps0.0627_iter4,0.6666666666666669,0.5000000000000001,0.9945951,50.4124015956853,0.9985336065292358,0.9983814358711243,0.0804373025894165,0.014733493328094482,320091,0.004767164,0.0024108600337058306,0.002318243496119976,0.0024038590490818024
430961,dct_low_nontargeted_white_box_eps0.0627_iter2,0.9494949494949495,0.6818181818181819,0.9975751,54.436136651652774,0.9994098544120789,0.9994426369667053,0.043440159410238266,0.003565192222595215,224757,0.0029925841,0.0014383697416633368,0.0014283625641837716,0.0014407585840672255
80671,dct_low_nontargeted_white_box_eps0.0627_iter3,1.0000000000000002,0.3333333333333334,0.9959461,52.57236945946437,0.9987594485282898,0.9973833560943604,0.0832911878824234,0.011476874351501465,327456,0.003780587,0.0020444332621991634,0.0020290615502744913,0.00205553462728858
577539,dct_low_nontargeted_white_box_eps0.0627_iter1,0.3333333333333334,0.25000000000000006,0.99909806,58.08841686567285,0.9997972249984741,0.9998548626899719,0.008687132969498634,0.0011881589889526367,328875,0.0021532131,0.001235090079717338,0.0012421857099980116,0.0012379162944853306
104612,dct_low_nontargeted_white_box_eps0.0627_iter2,0.2857142857142857,0.11580086580086581,0.9982848,53.56946117290426,0.999534547328949,0.9997312426567078,0.02373071014881134,0.0033763647079467773,290154,0.003455306,0.0017661675810813904,0.0017304802313446999,0.0017627236666157842
476258,dct_low_nontargeted_white_box_eps0.0627_iter5,1.0000000000000002,0.6666666666666669,0.9936827,49.33505088246521,0.9981130361557007,0.998507559299469,0.11466197669506073,0.017731666564941406,362638,0.0054088915,0.002885727211833,0.0028263849671930075,0.002892334945499897
448365,dct_low_nontargeted_white_box_eps0.0627_iter1,0.6666666666666669,0.5000000000000001,0.99908143,58.044440733245615,0.9997498393058777,0.9998705387115479,0.007922436110675335,0.0014944076538085938,346479,0.0021689883,0.0012517774011939764,0.001252928632311523,0.001248284475877881
35197,dct_low_nontargeted_white_box_eps0.0627_iter5,1.0000000000000002,0.5000000000000001,0.9938639,49.78184955654154,0.9983095526695251,0.9972561001777649,0.10373921692371368,0.010297775268554688,349270,0.0051303427,0.002713240683078766,0.0027095722034573555,0.002717633033171296
349860,dct_low_nontargeted_white_box_eps0.0627_iter3,0.7500000000000002,0.6606060606060606,0.99526167,51.89000998420617,0.9986164569854736,0.9978549480438232,0.09668530523777008,0.010438203811645508,333013,0.004119211,0.002256437437608838,0.00218963879160583,0.0022437989246100187
180135,dct_low_nontargeted_white_box_eps0.0627_iter3,1.0000000000000002,0.6666666666666669,0.99054956,52.53627379798033,0.9989813566207886,0.9958062767982483,0.0790206715464592,0.008755803108215332,216331,0.00363949,0.0019524216186255217,0.0019146798877045512,0.0019344303291290998
486438,dct_low_nontargeted_white_box_eps0.0627_iter4,0.9090909090909093,0.5000000000000001,0.9940863,50.16551855428436,0.9984223246574402,0.9984038472175598,0.09352906048297882,0.013455331325531006,326915,0.004935408,0.0025036209262907505,0.002429479965940118,0.002490558195859194
400573,dct_low_nontargeted_white_box_eps0.0627_iter2,0.6363636363636365,0.5151515151515152,0.9982901,53.827175660472825,0.9994674921035767,0.9997414946556091,0.020851731300354004,0.002334892749786377,287455,0.003309592,0.0016740772407501936,0.0016340783331543207,0.0016507948748767376
109798,dct_low_nontargeted_white_box_eps0.0627_iter1,0.3333333333333334,0.25000000000000006,0.9989025,58.0822006322904,0.9997395277023315,0.9998144507408142,0.014333766885101795,0.002393484115600586,326214,0.0021528357,0.0012429916532710195,0.0012428801273927093,0.0012346403673291206
370677,dct_low_nontargeted_white_box_eps0.0627_iter1,0.5000000000000001,0.39393939393939403,0.9991453,58.06969431943032,0.999788224697113,0.9998883605003357,0.006240339949727058,0.0016703009605407715,334309,0.0021621438,0.0012419904815033078,0.0012451719958335161,0.0012440779246389866
238866,dct_low_nontargeted_white_box_eps0.0627_iter1,0.5215686274509804,0.46037296037296044,0.99941474,58.04384630261324,0.9997975826263428,0.9999072551727295,0.007172528188675642,0.001220107078552246,357147,0.0021682798,0.0012514187255874276,0.001251167617738247,0.0012509104562923312
369370,dct_low_nontargeted_white_box_eps0.0627_iter2,0.31818181818181823,0.3090909090909092,0.99828935,54.376696149954604,0.9996177554130554,0.9997539520263672,0.025079185143113136,0.0021665096282958984,244598,0.0030375966,0.0014736800221726298,0.0014353665756061673,0.0014590584905818105
502737,dct_low_nontargeted_white_box_eps0.0627_iter1,0.38636363636363646,0.25000000000000006,0.9989779,58.059979149425544,0.999719500541687,0.9996895790100098,0.008995827287435532,0.00252377986907959,337487,0.0021647047,0.001253200345672667,0.0012497679563239217,0.001236636657267809
515579,dct_low_nontargeted_white_box_eps0.0627_iter4,0.3272727272727273,0.29509379509379513,0.99563617,50.24324044192093,0.9990377426147461,0.9992650151252747,0.09287679195404053,0.011548280715942383,325131,0.0048975567,0.0024704986717551947,0.0024228310212492943,0.002471356652677059
515445,dct_low_nontargeted_white_box_eps0.0627_iter3,0.9090909090909093,0.6181818181818183,0.99654764,51.757340878003546,0.9990767240524292,0.9993526339530945,0.06343390047550201,0.007442295551300049,350520,0.0042056027,0.002277103951200843,0.0022425015922635794,0.0022892476990818977
173383,dct_low_nontargeted_white_box_eps0.0627_iter3,0.25000000000000006,0.1666666666666667,0.995975,51.69207915548363,0.9990107417106628,0.9993327856063843,0.06566775590181351,0.004819512367248535,347989,0.004264135,0.0023198584094643593,0.0022614707704633474,0.0022845224011689425
438862,dct_low_nontargeted_white_box_eps0.0627_iter3,0.7272727272727274,0.7045454545454547,0.99723846,50.916975107971666,0.9991781115531921,0.9995821118354797,0.04763653129339218,0.003268122673034668,363202,0.0046788407,0.0025761660654097795,0.0025289177428931,0.002551754005253315
180560,dct_low_nontargeted_white_box_eps0.0627_iter1,1.0000000000000002,0.6666666666666669,0.99894744,58.04600575225203,0.9997097849845886,0.9996867179870605,0.01264328695833683,0.004240512847900391,329309,0.0021682288,0.0012520188465714455,0.001250770059414208,0.0012488687643781304
39956,dct_low_nontargeted_white_box_eps0.0627_iter1,0.6666666666666669,0.5000000000000001,0.9990203,58.15678285450098,0.9997876882553101,0.9998458027839661,0.007016958203166723,0.001270890235900879,339313,0.0021308162,0.001234775991179049,0.001219439902342856,0.0012029522331431508
321214,dct_low_nontargeted_white_box_eps0.0627_iter1,0.5000000000000001,0.3333333333333334,0.99891186,58.036385971765945,0.9996930360794067,0.9997265934944153,0.01601226255297661,0.0014878511428833008,326614,0.0021713346,0.0012537356233224273,0.0012535643763840199,0.0012526792706921697
474028,dct_low_nontargeted_white_box_eps0.0627_iter5,0.9090909090909093,0.6060606060606062,0.9950674,47.980364409270564,0.9985219240188599,0.9992319941520691,0.07720871269702911,0.012706995010375977,383882,0.006407466,0.0034711912740021944,0.003384621348232031,0.003436085768043995
66523,dct_low_nontargeted_white_box_eps0.0627_iter2,1.0000000000000002,0.5000000000000001,0.9980244,54.56115866791439,0.999369740486145,0.9995077848434448,0.02213970012962818,0.00676119327545166,251670,0.0029552877,0.0014021515380591154,0.0013915140880271792,0.0013915584422647953
355257,dct_low_nontargeted_white_box_eps0.0627_iter3,0.3750000000000001,0.3000000000000001,0.99636817,51.76573856453791,0.999045729637146,0.9989246129989624,0.06159650534391403,0.0051364898681640625,341005,0.0041974466,0.0022798695135861635,0.0022340177092701197,0.002270463854074478
142092,dct_low_nontargeted_white_box_eps0.0627_iter1,0.3333333333333334,0.25000000000000006,0.99927,58.03617937097138,0.999814510345459,0.9998918175697327,0.0053387354128062725,0.00096893310546875,361867,0.0021713562,0.0012537399306893349,0.0012535399291664362,0.0012528690276667476
63154,dct_low_nontargeted_white_box_eps0.0627_iter3,1.0000000000000002,0.6666666666666669,0.99695307,52.36711601859412,0.9991739988327026,0.9996330142021179,0.05375402420759201,0.007464766502380371,362207,0.0039080684,0.0021158347371965647,0.0020771038252860308,0.00209606671705842
199551,dct_low_nontargeted_white_box_eps0.0627_iter1,1.0000000000000002,0.3333333333333334,0.9990732,58.03820090988407,0.9997429847717285,0.9998300671577454,0.010934017598628998,0.0020378828048706055,338718,0.0021708463,0.0012532055843621492,0.0012535727582871914,0.0012516212882474065
514508,dct_low_nontargeted_white_box_eps0.0627_iter1,0.5000000000000001,0.3333333333333334,0.9992855,58.03576400841653,0.9998459219932556,0.9999203681945801,0.0038752341642975807,0.00027954578399658203,349952,0.0021715178,0.0012526666978374124,0.0012538315495476127,0.00125400151591748
473237,dct_low_nontargeted_white_box_eps0.0627_iter6,0.5000000000000001,0.3666666666666667,0.99192023,48.96580256456598,0.997825026512146,0.9978747367858887,0.14610809087753296,0.02216106653213501,343265,0.0056117326,0.0028228526934981346,0.0027519783470779657,0.002798032481223345
228144,dct_low_nontargeted_white_box_eps0.0627_iter6,0.12121212121212122,0.10795454545454547,0.99130017,48.513297668402544,0.9978119730949402,0.9972684979438782,0.14056020975112915,0.03299510478973389,339977,0.005853343,0.002983581041917205,0.002930794144049287,0.0029499963857233524
206027,dct_low_nontargeted_white_box_eps0.0627_iter1,0.4318181818181819,0.38636363636363646,0.9990788,58.03764696905296,0.9997634291648865,0.9997997283935547,0.011068738996982574,0.0022002458572387695,342571,0.002170959,0.0012532486580312252,0.0012535762507468462,0.0012520515592768788
78915,dct_low_nontargeted_white_box_eps0.0627_iter1,0.7458677685950414,0.6000000000000002,0.9994288,58.04294614940758,0.9997958540916443,0.9999131560325623,0.002733315574005246,0.0006891489028930664,360192,0.002169466,0.0012500814627856016,0.0012524549383670092,0.0012517459690570831
551215,dct_low_nontargeted_white_box_eps0.0627_iter4,1.0000000000000002,0.6666666666666669,0.99715024,50.69801072093049,0.9990103244781494,0.9994774460792542,0.034924671053886414,0.0054364800453186035,329244,0.004621687,0.0023172632791101933,0.0022527649998664856,0.002289564348757267
544519,dct_low_nontargeted_white_box_eps0.0627_iter1,1.0000000000000002,0.6666666666666669,0.9989597,58.04458178736327,0.9997247457504272,0.9996941685676575,0.013374478556215763,0.0017616748809814453,340668,0.0021690808,0.0012508102227002382,0.0012536292197182775,0.0012484487378969789
96493,dct_low_nontargeted_white_box_eps0.0627_iter3,0.3333333333333334,0.0,0.99687886,51.92723416442479,0.9989621043205261,0.9993152022361755,0.04738152027130127,0.0054618120193481445,355188,0.0041190763,0.0022282772697508335,0.0022020568139851093,0.002216515364125371
23899,dct_low_nontargeted_white_box_eps0.0627_iter3,0.15151515151515152,0.10511363636363635,0.9957382,52.225363904288486,0.9988912343978882,0.998176634311676,0.10632540285587311,0.012837648391723633,323030,0.003950924,0.0021491546649485826,0.0021094197873026133,0.0021435776725411415
340175,dct_low_nontargeted_white_box_eps0.0627_iter3,0.6477272727272729,0.636844636844637,0.99602574,51.128281492558116,0.9989584684371948,0.9994038939476013,0.07547441869974136,0.008828043937683105,355584,0.004572325,0.002523692324757576,0.00242023728787899,0.0024801536928862333
578500,dct_low_nontargeted_white_box_eps0.0627_iter1,0.5854545454545456,0.5672727272727273,0.99889964,58.04324287579061,0.9997066259384155,0.9990547895431519,0.009819058701395988,0.0024657249450683594,346791,0.002169422,0.0012520861346274614,0.0012525730999186635,0.0012493827380239964
366141,dct_low_nontargeted_white_box_eps0.0627_iter2,0.5000000000000001,0.4000000000000001,0.9974227,53.97298575821136,0.9993628263473511,0.9994216561317444,0.03911202400922775,0.003636479377746582,261373,0.0032424312,0.001602442585863173,0.0015728886937722564,0.0016172947362065315
57597,dct_low_nontargeted_white_box_eps0.0627_iter6,0.2878787878787879,0.2619668264829555,0.99221474,47.20945822424096,0.9977349042892456,0.9982990026473999,0.08430850505828857,0.010223567485809326,361507,0.0068422677,0.0035500391386449337,0.003425993025302887,0.0035357207525521517
559842,dct_low_nontargeted_white_box_eps0.0627_iter4,0.8121212121212122,0.6512396694214877,0.99649256,49.016319037088216,0.9989611506462097,0.999313235282898,0.05853739380836487,0.005514979362487793,357382,0.005714415,0.003007809165865183,0.0028927281964570284,0.002986310049891472
434230,dct_low_nontargeted_white_box_eps0.0627_iter7,0.13636363636363635,0.13607470960412138,0.9931031,45.36424198038961,0.9981886744499207,0.9988370537757874,0.10754318535327911,0.01798182725906372,387430,0.00850572,0.004558122251182795,0.00446961959823966,0.004541833885014057
428454,dct_low_nontargeted_white_box_eps0.0627_iter3,0.7500000000000002,0.6000000000000002,0.9965768,51.65285177889189,0.9990086555480957,0.9987635612487793,0.08062070608139038,0.009357750415802002,340573,0.004232907,0.0023320848122239113,0.002261331072077155,0.0023157738614827394
399462,dct_low_nontargeted_white_box_eps0.0627_iter4,1.0000000000000002,0.6666666666666669,0.99639755,49.819989558046615,0.9990007877349854,0.9995141625404358,0.05582384765148163,0.006707549095153809,341052,0.0051609552,0.0026658377610147,0.0025827607605606318,0.002620323793962598
261061,dct_low_nontargeted_white_box_eps0.0627_iter1,0.25000000000000006,0.1666666666666667,0.99912626,58.05213979825379,0.9997841715812683,0.9998902678489685,0.007052849978208542,0.0011913180351257324,329985,0.0021661483,0.0012472049565985799,0.001250905217602849,0.0012482545571401715
168330,dct_low_nontargeted_white_box_eps0.0627_iter2,0.7500000000000002,0.6000000000000002,0.9976656,54.22400960661177,0.999363899230957,0.9996386170387268,0.04274541884660721,0.002716660499572754,270915,0.0031256392,0.0015185673255473375,0.0014790627174079418,0.0015252451412379742
383384,dct_low_nontargeted_white_box_eps0.0627_iter4,0.6363636363636365,0.5345454545454545,0.99512714,49.60181817385102,0.9985112547874451,0.9991763830184937,0.0949983298778534,0.010033071041107178,347137,0.005321518,0.0027530661318451166,0.00265887682326138,0.002730995649471879
342006,dct_low_nontargeted_white_box_eps0.0627_iter2,0.6818181818181819,0.590909090909091,0.99783856,54.21665969309007,0.9993776679039001,0.9994200468063354,0.040192075073719025,0.006538867950439453,263464,0.0030997756,0.0015416808892041445,0.0014787183608859777,0.0015107515500858426
217285,dct_low_nontargeted_white_box_eps0.0627_iter8,0.6590909090909092,0.6339370000987461,0.9909777,44.108015699528735,0.9976452589035034,0.9981980919837952,0.08973632007837296,0.025096535682678223,383694,0.009816151,0.005149288568645716,0.005097949877381325,0.005160621367394924
236412,dct_low_nontargeted_white_box_eps0.0627_iter1,0.5000000000000001,0.25000000000000006,0.9993492,58.04025570741372,0.9998041987419128,0.9999107718467712,0.004549781326204538,0.0011669397354125977,370931,0.00217025,0.0012531471438705921,0.001251660636626184,0.0012518041767179966
524456,dct_low_nontargeted_white_box_eps0.0627_iter3,0.5090909090909091,0.5075757575757577,0.99743587,51.65427745795583,0.9992780089378357,0.9994997382164001,0.0335567481815815,0.0048683881759643555,364312,0.004274604,0.0023090539034456015,0.002285548485815525,0.0023048659786581993
153343,dct_low_nontargeted_white_box_eps0.0627_iter2,1.0000000000000002,0.1666666666666667,0.9981489,53.994853184718785,0.9994856715202332,0.99969482421875,0.030472349375486374,0.0015827417373657227,278978,0.0032528455,0.001588125480338931,0.00159819470718503,0.0015859600389376283
95786,dct_low_nontargeted_white_box_eps0.0627_iter2,0.42424242424242414,0.22222222222222218,0.9975083,54.7748189313799,0.9993016123771667,0.9992469549179077,0.05343988910317421,0.007008194923400879,212252,0.002826676,0.0013386779464781284,0.0012981321197003126,0.001347511075437069
326541,dct_low_nontargeted_white_box_eps0.0627_iter1,0.5454545454545455,0.40909090909090917,0.99896,58.08275947762739,0.9997296333312988,0.9998025894165039,0.01065053977072239,0.0013698339462280273,349347,0.0021556548,0.0012450169306248426,0.0012379868421703577,0.0012370316544547677
213086,dct_low_nontargeted_white_box_eps0.0627_iter1,0.7500000000000002,0.6000000000000002,0.9990948,58.035938149905995,0.9997743964195251,0.9998390674591064,0.007373612839728594,0.0011534690856933594,344249,0.00217146,0.001253557507880032,0.0012539013987407088,0.0012528878869488835
231339,dct_low_nontargeted_white_box_eps0.0627_iter4,0.6666666666666669,0.6000000000000002,0.9951914,49.84751619826062,0.9987006187438965,0.9990378618240356,0.04398050159215927,0.004320502281188965,343044,0.005157862,0.0026287019718438387,0.0025599717628210783,0.0026024815160781145
508730,dct_low_nontargeted_white_box_eps0.0627_iter3,0.25000000000000006,0.18939393939393945,0.9967494,51.05942790475503,0.9990063905715942,0.9991610646247864,0.03679114580154419,0.005123615264892578,352389,0.004622015,0.0025137809570878744,0.002487090416252613,0.0025015773717314005
550426,dct_low_nontargeted_white_box_eps0.0627_iter1,1.0000000000000002,0.5000000000000001,0.9991475,58.06575548897768,0.999769389629364,0.9998684525489807,0.004285559058189392,0.0009270906448364258,344732,0.002163078,0.0012480990262702107,0.0012508081272244453,0.0012357239611446857
368294,dct_low_nontargeted_white_box_eps0.0627_iter1,1.0000000000000002,0.6666666666666669,0.9991317,58.131021315627116,0.9997925758361816,0.9998975992202759,0.005339139606803656,0.0009926557540893555,351622,0.0021372074,0.00123268598690629,0.0012261791853234172,0.0012200672645121813
171190,dct_low_nontargeted_white_box_eps0.0627_iter3,0.6427540713255,0.6183471074380166,0.99578625,50.986038579175755,0.9989280700683594,0.9989837408065796,0.04582185670733452,0.005761563777923584,337716,0.0046483655,0.002561683766543865,0.002487019868567586,0.0025328337214887142
301135,dct_low_nontargeted_white_box_eps0.0627_iter12,0.38961038961038963,0.3631701631701632,0.98947984,42.86306984666464,0.9969648718833923,0.9978827238082886,0.1060822606086731,0.023121953010559082,389152,0.011000583,0.00564162153750658,0.0056273252703249454,0.005555951967835426
580294,dct_low_nontargeted_white_box_eps0.0627_iter11,0.14285714285714288,0.10252982311805843,0.98421806,44.182112096954754,0.9959186911582947,0.9963617920875549,0.13898193836212158,0.03229397535324097,393845,0.009706771,0.005024560261517763,0.004986364394426346,0.005044790916144848
494869,dct_low_nontargeted_white_box_eps0.0627_iter4,0.6666666666666669,0.6079545454545456,0.9952801,49.55784123383176,0.9985429048538208,0.9988959431648254,0.055637285113334656,0.008458912372589111,340309,0.005317168,0.0027365246787667274,0.0026550928596407175,0.002741325879469514
33638,dct_low_nontargeted_white_box_eps0.0627_iter2,0.25000000000000006,0.2272727272727273,0.99732494,54.100764924661455,0.9993230104446411,0.9993686676025391,0.03576938435435295,0.004021883010864258,250328,0.0031644446,0.0015977481380105019,0.0015438349219039083,0.0015231603756546974
329219,dct_low_nontargeted_white_box_eps0.0627_iter7,0.3506493506493507,0.3506211180124224,0.9896149,46.550454103513566,0.9970261454582214,0.9977982044219971,0.10860408842563629,0.016674458980560303,386692,0.0074964017,0.00398465059697628,0.003850775072351098,0.0039514219388365746
34873,dct_low_nontargeted_white_box_eps0.0627_iter5,0.23376623376623382,0.1853146853146853,0.9936082,49.26474444231673,0.998187780380249,0.9984199404716492,0.08183104544878006,0.013356268405914307,370924,0.0055072512,0.002916295314207673,0.0028594827745109797,0.002914668992161751
186980,dct_low_nontargeted_white_box_eps0.0627_iter2,0.8090909090909093,0.6742424242424244,0.99815446,53.68029627839495,0.9995505213737488,0.9997313022613525,0.015571210533380508,0.0033854246139526367,284973,0.0033949765,0.0017357243923470378,0.0016829484375193715,0.001707139308564365
127182,dct_low_nontargeted_white_box_eps0.0627_iter1,0.715909090909091,0.6115702479338844,0.9989822,58.04717637317058,0.9997074604034424,0.9997549653053284,0.008417114615440369,0.0016474723815917969,345349,0.0021674556,0.0012501600431278348,0.0012501999735832214,0.0012502792524173856
356387,dct_low_nontargeted_white_box_eps0.0627_iter1,0.6818181818181819,0.5000000000000001,0.9991935,58.03753532606645,0.9998168349266052,0.9999014139175415,0.0070235878229141235,0.0006102919578552246,351926,0.0021710286,0.0012517279246822,0.0012533742701634765,0.0012538731098175049
367680,dct_low_nontargeted_white_box_eps0.0627_iter3,0.8727272727272728,0.7575757575757577,0.9969947,51.608339993604126,0.9992642402648926,0.9995281100273132,0.052014511078596115,0.0055571794509887695,345955,0.004288613,0.0023308696690946817,0.002299978630617261,0.002320129657164216
263796,dct_low_nontargeted_white_box_eps0.0627_iter1,1.0000000000000002,0.5000000000000001,0.99944305,58.037212483674416,0.9998472929000854,0.9999480247497559,0.002045030239969492,0.0008041858673095703,374802,0.0021710908,0.001253063790500164,0.001253282418474555,0.001252901740372181
117425,dct_low_nontargeted_white_box_eps0.0627_iter5,0.5000000000000001,0.41666666666666674,0.9929002,48.978698131310374,0.9980348348617554,0.9982474446296692,0.10054629296064377,0.01061701774597168,366141,0.0056813876,0.0030359341762959957,0.0029716352000832558,0.0029987236484885216
365387,dct_low_nontargeted_white_box_eps0.0627_iter8,0.25000000000000006,0.22222222222222227,0.9892997,47.926127182069244,0.9968177080154419,0.9964839220046997,0.14442136883735657,0.024306774139404297,361042,0.0063228416,0.003176968079060316,0.0030928689520806074,0.0031401494052261114
487583,dct_low_nontargeted_white_box_eps0.0627_iter1,0.7500000000000002,0.5000000000000001,0.9989376,58.035350717733714,0.9996954798698425,0.9994797110557556,0.01594330370426178,0.001887202262878418,331860,0.0021716247,0.001253605936653912,0.0012538800947368145,0.0012533715926110744
504711,dct_low_nontargeted_white_box_eps0.0627_iter3,1.0000000000000002,0.6666666666666669,0.9972059,52.337156853681705,0.9992150068283081,0.9993448257446289,0.04793709143996239,0.005948424339294434,339138,0.0039130393,0.0021077306009829044,0.00209678802639246,0.0020879339426755905
363840,dct_low_nontargeted_white_box_eps0.0627_iter1,0.4204545454545455,0.3737373737373738,0.9991438,58.18953161115485,0.999804675579071,0.9998331665992737,0.007088611833751202,0.0009285211563110352,352368,0.0021293075,0.0012376921949908137,0.0011631794041022658,0.0012288072612136602
214720,dct_low_nontargeted_white_box_eps0.0627_iter1,0.6363636363636365,0.6090909090909091,0.9992029,58.06556142519247,0.9998139142990112,0.9998652338981628,0.004427787847816944,0.0012611150741577148,342235,0.0021613385,0.0012431731447577477,0.0012471579248085618,0.001244452316313982
379453,dct_low_nontargeted_white_box_eps0.0627_iter3,1.0000000000000002,0.3333333333333334,0.99554825,53.11528257166941,0.9984207153320312,0.9952859282493591,0.10365700721740723,0.009972691535949707,267393,0.0034555448,0.0019176251953467727,0.0019119031494483352,0.0019109802087768912
311295,dct_low_nontargeted_white_box_eps0.0627_iter3,0.6818181818181819,0.4545454545454546,0.99667114,51.76935076275912,0.9990198016166687,0.9994533061981201,0.07726645469665527,0.010566949844360352,364675,0.0041972864,0.0022931499406695366,0.0022255524527281523,0.002282114699482918
29393,dct_low_nontargeted_white_box_eps0.0627_iter1,0.6818181818181819,0.4545454545454546,0.9993543,58.070145853393996,0.9998449087142944,0.9999253153800964,0.005712442100048065,0.0012284517288208008,356187,0.0021594695,0.001239103265106678,0.0012439143611118197,0.0012478362768888474
278848,dct_low_nontargeted_white_box_eps0.0627_iter1,0.7500000000000002,0.6000000000000002,0.99918604,58.13587591205521,0.9997727274894714,0.9997994303703308,0.006319520995020866,0.0013453364372253418,309541,0.0021304626,0.0012250241125002503,0.0012251159641891718,0.0012246749829500914
166391,dct_low_nontargeted_white_box_eps0.0627_iter3,0.6734006734006734,0.42129870129870134,0.9953781,51.92962252337444,0.9986826181411743,0.9984805583953857,0.08252552151679993,0.011041402816772461,334209,0.0040937266,0.002239720430225134,0.0021829509641975164,0.0022340836003422737
48153,dct_low_nontargeted_white_box_eps0.0627_iter6,0.5000000000000001,0.4000000000000001,0.9947749,47.392612490718435,0.9985885620117188,0.9988481402397156,0.05703786388039589,0.008076965808868408,368521,0.0068034013,0.003460363717749715,0.003437879728153348,0.00351523794233799
459153,dct_low_nontargeted_white_box_eps0.0627_iter2,0.7500000000000002,0.5714285714285715,0.9987736,53.58391981457029,0.9995889067649841,0.9998842477798462,0.02092006988823414,0.0029982328414916992,304160,0.0034381857,0.0017747532110661268,0.0017267208313569427,0.001741883810609579
295713,dct_low_nontargeted_white_box_eps0.0627_iter4,0.600909090909091,0.5462121212121213,0.9956972,49.90406366190972,0.9988111853599548,0.9993080496788025,0.06700266897678375,0.006219625473022461,346304,0.005132183,0.0026158937253057957,0.002524995245039463,0.0026096641086041927
223130,dct_low_nontargeted_white_box_eps0.0627_iter3,1.0000000000000002,0.3333333333333334,0.9975069,52.12763643352729,0.9991783499717712,0.9996888637542725,0.05975184962153435,0.006676316261291504,361644,0.0040036137,0.0021792908664792776,0.002135329646989703,0.0021698237396776676
273132,dct_low_nontargeted_white_box_eps0.0627_iter1,0.3333333333333334,0.14285714285714288,0.9993329,58.034101817858556,0.9998382329940796,0.9998811483383179,0.003907783888280392,0.000953376293182373,359384,0.0021719765,0.0012539817253127694,0.0012540045427158475,0.0012539462186396122
198960,dct_low_nontargeted_white_box_eps0.0627_iter2,1.0000000000000002,0.5000000000000001,0.99882513,54.21358597920609,0.9996520280838013,0.999915599822998,0.029827982187271118,0.0026294589042663574,278437,0.0031242135,0.0015151218976825476,0.0014903056435286999,0.001531259622424841
344059,dct_low_nontargeted_white_box_eps0.0627_iter2,1.0000000000000002,0.5000000000000001,0.99813205,54.26598813098414,0.9994091987609863,0.9997193813323975,0.042280495166778564,0.005386829376220703,262723,0.003090915,0.0014853252796456218,0.0014833679888397455,0.0015109803061932325
410428,dct_low_nontargeted_white_box_eps0.0627_iter6,0.7704545454545456,0.22289562289562295,0.9930744,46.979599571333466,0.9980594515800476,0.9989383816719055,0.08721914887428284,0.012498795986175537,369991,0.0071175415,0.0037298332899808884,0.003572545712813735,0.0036578518338501453
87875,dct_low_nontargeted_white_box_eps0.0627_iter3,1.0000000000000002,0.5000000000000001,0.9976272,51.18043974572022,0.9994109869003296,0.9996875524520874,0.03239889442920685,0.006193935871124268,358336,0.0045358553,0.00247682211920619,0.0024502361193299294,0.002442585537210107
450758,dct_low_nontargeted_white_box_eps0.0627_iter4,1.0000000000000002,0.3333333333333334,0.9956735,50.00656895048789,0.9987589120864868,0.9992044568061829,0.06028817221522331,0.010277032852172852,337269,0.005037287,0.002580940956249833,0.0024935787077993155,0.002561823930591345
460160,dct_low_nontargeted_white_box_eps0.0627_iter2,1.0000000000000002,0.5000000000000001,0.99844044,54.03918796630536,0.9995038509368896,0.9998533129692078,0.02273118682205677,0.004062533378601074,286509,0.0032232637,0.001583815785124898,0.0015570796094834805,0.0015783497365191579
458109,dct_low_nontargeted_white_box_eps0.0627_iter3,0.5000000000000001,0.40340909090909094,0.99742955,51.55108441348483,0.999407172203064,0.9995772242546082,0.037938933819532394,0.004628002643585205,356386,0.0043341974,0.0023280743043869734,0.002324818167835474,0.002343137748539448
30675,dct_low_nontargeted_white_box_eps0.0627_iter3,1.0000000000000002,0.5000000000000001,0.9968653,52.121148032678164,0.9989292025566101,0.9986798763275146,0.08218515664339066,0.01266014575958252,336894,0.0039949934,0.0021764766424894333,0.0021500547882169485,0.0021557705476880074
566524,dct_low_nontargeted_white_box_eps0.0627_iter3,0.6818181818181819,0.5000000000000001,0.9968977,51.591884453913615,0.9991977214813232,0.9996299147605896,0.05533703789114952,0.004554569721221924,352228,0.0042941226,0.0023332578130066395,0.0023013968020677567,0.0023300768807530403
338428,dct_low_nontargeted_white_box_eps0.0627_iter1,0.3749999999999999,0.24999999999999992,0.9992139,58.11166802167602,0.9997938871383667,0.9999314546585083,0.00629973690956831,0.0009701251983642578,352139,0.0021471954,0.0012371160555630922,0.001238325028680265,0.0012199209304526448
545826,dct_low_nontargeted_white_box_eps0.0627_iter2,0.5000000000000001,0.3750000000000001,0.99775213,54.52194512204301,0.9993996024131775,0.9995033144950867,0.04506995156407356,0.004892945289611816,236222,0.0029687176,0.0014237171271815896,0.001396143576130271,0.0014238313306123018
166277,dct_low_nontargeted_white_box_eps0.0627_iter1,1.0000000000000002,0.6666666666666669,0.9991881,58.05866768518026,0.9997692108154297,0.9998116493225098,0.009766675531864166,0.0015862584114074707,351350,0.0021625552,0.0012470821384340525,0.0012465817853808403,0.0012470617657527328
476415,dct_low_nontargeted_white_box_eps0.0627_iter2,1.0000000000000002,0.6666666666666669,0.99652153,54.55171957337796,0.9992572665214539,0.9987642168998718,0.04619482159614563,0.005644381046295166,199747,0.0028969229,0.0014332629507407546,0.0013905912637710571,0.0014076873194426298
292082,dct_low_nontargeted_white_box_eps0.0627_iter2,0.5151515151515152,0.22222222222222227,0.9986239,54.46590053408714,0.9996236562728882,0.9997560977935791,0.009644275531172752,0.002315521240234375,262487,0.00301302,0.0014247373910620809,0.0014245414640754461,0.0014283680357038975
360137,dct_low_nontargeted_white_box_eps0.0627_iter2,1.0000000000000002,0.5000000000000001,0.9978213,53.914391159091565,0.9995979070663452,0.999771237373352,0.005208443850278854,0.0009363293647766113,244269,0.0032959473,0.0015228322008624673,0.0016922239447012544,0.0016819625161588192
122046,dct_low_nontargeted_white_box_eps0.0627_iter1,1.0000000000000002,0.6666666666666669,0.9990986,58.04988159030168,0.9997158050537109,0.9997991919517517,0.004681767895817757,0.001312255859375,328987,0.002167531,0.0012522590113803744,0.0012478656135499477,0.0012481743469834328
352684,dct_low_nontargeted_white_box_eps0.0627_iter3,1.0000000000000002,0.9909090909090911,0.99562865,51.50138513353348,0.9986642599105835,0.9986368417739868,0.049737267196178436,0.007083773612976074,343020,0.004338658,0.0023666147608309984,0.002320702886208892,0.002366565400734544
512836,dct_low_nontargeted_white_box_eps0.0627_iter2,1.0000000000000002,0.8000000000000002,0.99812096,54.32064856073034,0.9994827508926392,0.9997604489326477,0.018118049949407578,0.0020575523376464844,269240,0.0030819112,0.0014765438390895724,0.001467143651098013,0.00147941370960325
8021,dct_low_nontargeted_white_box_eps0.0627_iter1,0.6666666666666669,0.5000000000000001,0.9989378,58.10334452413844,0.9997053146362305,0.9997405409812927,0.009848600253462791,0.0013985633850097656,334286,0.0021512958,0.001248311484232545,0.0012430730275809765,0.0012110582320019603
107226,dct_low_nontargeted_white_box_eps0.0627_iter3,0.6282467532467533,0.5845454545454547,0.9970732,52.03740368443867,0.9992350935935974,0.9994944334030151,0.03623761236667633,0.0031766891479492188,354048,0.0040570707,0.0022015126887708902,0.0021768352016806602,0.0021677345503121614
84477,dct_low_nontargeted_white_box_eps0.0627_iter4,1.0000000000000002,0.7500000000000002,0.9948489,50.640071155854514,0.9984464645385742,0.9984588623046875,0.09544843435287476,0.009760737419128418,313803,0.004621321,0.002307114889845252,0.002283490262925625,0.0023194963578134775
562243,dct_low_nontargeted_white_box_eps0.0627_iter5,1.0000000000000002,0.5000000000000001,0.9927211,49.6247157854806,0.9977995157241821,0.99726402759552,0.13027212023735046,0.013094842433929443,342584,0.0051973714,0.002783367410302162,0.0027144434861838818,0.002782663330435753
181859,dct_low_nontargeted_white_box_eps0.0627_iter6,0.3333333333333334,0.28571428571428575,0.9907902,48.174221330378984,0.9973567724227905,0.996309757232666,0.11884676665067673,0.014691710472106934,348058,0.006116392,0.0031172886956483126,0.0030688033439219,0.0031006839126348495
177015,dct_low_nontargeted_white_box_eps0.0627_iter3,0.6000000000000002,0.4285714285714287,0.9974176,51.15818716239008,0.9990664720535278,0.9992288947105408,0.03983711823821068,0.004465818405151367,354850,0.0045674215,0.002479970222339034,0.002463213400915265,0.0024487997870892286
292236,dct_low_nontargeted_white_box_eps0.0627_iter2,0.3333333333333334,0.20000000000000004,0.9978344,54.12010674589289,0.9994679689407349,0.9995794892311096,0.023609131574630737,0.0024077892303466797,236073,0.0031409373,0.0015631286660209298,0.0015246071852743626,0.0015458601992577314
121506,dct_low_nontargeted_white_box_eps0.0627_iter6,0.3181818181818183,0.2851239669421488,0.989619,47.93356392637584,0.9983410835266113,0.9988991618156433,0.052891265600919724,0.010635316371917725,343705,0.00634753,0.003207550151273608,0.003200066741555929,0.003204633016139269
288042,dct_low_nontargeted_white_box_eps0.0627_iter1,0.5000000000000001,0.4000000000000001,0.9992573,58.06681404897736,0.9997936487197876,0.9998945593833923,0.0070634884759783745,0.0015363693237304688,364666,0.002162239,0.0012468365021049976,0.001250684610567987,0.001236194046214223
453860,dct_low_nontargeted_white_box_eps0.0627_iter5,1.0000000000000002,0.25000000000000006,0.9953639,49.79991577629718,0.9983426928520203,0.9959471225738525,0.0914059579372406,0.02140599489212036,359796,0.00500737,0.0026546097360551357,0.002606375841423869,0.002626931294798851
500257,dct_low_nontargeted_white_box_eps0.0627_iter10,0.33333333333333337,0.3162359763644349,0.9860711,44.11414594912032,0.9967535734176636,0.9966899156570435,0.11407098174095154,0.023880958557128906,390397,0.009686982,0.005021405406296253,0.004855814855545759,0.004974005278199911
113403,dct_low_nontargeted_white_box_eps0.0627_iter1,0.5000000000000001,0.3333333333333334,0.9991762,58.07313121170588,0.9998085498809814,0.9998884797096252,0.004813341423869133,0.0006489753723144531,355605,0.0021612733,0.0012538719456642866,0.0012536979047581553,0.0012207069667056203
125062,dct_low_nontargeted_white_box_eps0.0627_iter1,0.6818181818181819,0.6060606060606062,0.9990356,58.182823468606685,0.9997958540916443,0.9998788833618164,0.005836877040565014,0.0014368295669555664,313229,0.0021153032,0.0012145235668867826,0.001217593322508037,0.001203180872835219
375015,dct_low_nontargeted_white_box_eps0.0627_iter2,1.0000000000000002,0.3333333333333334,0.9978059,54.39495130989306,0.9993938207626343,0.9996640086174011,0.04897511005401611,0.004750370979309082,246039,0.0030422676,0.0014573389198631048,0.0014338999753817916,0.0014569007325917482
334719,dct_low_nontargeted_white_box_eps0.0627_iter2,0.6666666666666669,0.3000000000000001,0.99791974,53.67942404179337,0.9994320273399353,0.9998093843460083,0.037481337785720825,0.0017188787460327148,300648,0.0033889974,0.0017470133025199175,0.0016649789176881313,0.001714905840344727
134112,dct_low_nontargeted_white_box_eps0.0627_iter2,0.6666666666666669,0.5000000000000001,0.99768347,54.17474082940033,0.9993864893913269,0.9995439648628235,0.042650796473026276,0.0037255287170410156,248245,0.0031388039,0.0015365586150437593,0.0015096309361979365,0.0015294529730454087
283520,dct_low_nontargeted_white_box_eps0.0627_iter1,1.0000000000000002,0.6666666666666669,0.9994183,58.03544028791838,0.9998332858085632,0.9999531507492065,0.003432453842833638,0.0006721019744873047,383372,0.0021716028,0.0012538628652691841,0.0012538102455437183,0.0012531215324997902
31269,dct_low_nontargeted_white_box_eps0.0627_iter5,1.0000000000000002,0.5000000000000001,0.9966187,48.780458351805216,0.9989054203033447,0.9995010495185852,0.06309148669242859,0.013108909130096436,378054,0.005759292,0.0030968678183853626,0.0030121896415948868,0.003087881486862898
319721,dct_low_nontargeted_white_box_eps0.0627_iter2,1.0000000000000002,0.6666666666666669,0.99821943,53.827787893521936,0.9995111227035522,0.9997149109840393,0.018483847379684448,0.0018208026885986328,284956,0.0033188006,0.0016766020562499762,0.0016367383068427444,0.001644745352678001
347265,dct_low_nontargeted_white_box_eps0.0627_iter4,1.0000000000000002,0.6666666666666669,0.99656135,50.40727593167109,0.9989878535270691,0.9995730519294739,0.0539541132748127,0.008181154727935791,335822,0.0047964547,0.002414679154753685,0.0023460264783352613,0.0023973260540515184
414170,dct_low_nontargeted_white_box_eps0.0627_iter2,0.8787878787878789,0.7878787878787881,0.99839216,53.902769008582105,0.99955153465271,0.9998123049736023,0.019534703344106674,0.003157377243041992,291438,0.0032733467,0.0016479729674756527,0.0015892753144726157,0.001633301260881126
231508,dct_low_nontargeted_white_box_eps0.0627_iter18,0.1287878787878788,0.1261849261849262,0.977741,40.70379608294459,0.9935051798820496,0.9956996440887451,0.1526140719652176,0.03901660442352295,398988,0.014086085,0.007192374672740698,0.007201028522104025,0.007215103600174189
389381,dct_low_nontargeted_white_box_eps0.0627_iter10,0.2575757575757576,0.20000000000000004,0.9892519,42.985683944204496,0.9969595670700073,0.9975312948226929,0.05021099001169205,0.011646032333374023,399635,0.011433861,0.005818034987896681,0.005952461156994104,0.005907929968088865
118921,dct_low_nontargeted_white_box_eps0.0627_iter1,0.7727272727272729,0.5151515151515152,0.9990805,58.04489197863339,0.9997246265411377,0.999737560749054,0.009236948564648628,0.0019042491912841797,348849,0.002168853,0.0012532002292573452,0.0012514335103332996,0.0012479614233598113
21503,dct_low_nontargeted_white_box_eps0.0627_iter5,0.4000000000000001,0.3333333333333334,0.99378157,49.515238721522074,0.9981948733329773,0.9979680776596069,0.08204759657382965,0.016527414321899414,358452,0.005339361,0.002838523592799902,0.0027733861934393644,0.0028204256668686867
785,dct_low_nontargeted_white_box_eps0.0627_iter4,1.0000000000000002,0.6666666666666669,0.99419,50.329982720031964,0.9981058835983276,0.9968196153640747,0.0927894115447998,0.012485802173614502,330696,0.004849629,0.002469861414283514,0.002366577507928014,0.0024178731255233288
300842,dct_low_nontargeted_white_box_eps0.0627_iter3,0.5000000000000001,0.3333333333333334,0.9966633,52.41586237986947,0.9990829229354858,0.9990784525871277,0.07728193700313568,0.009492039680480957,330251,0.0038509823,0.0020940809044986963,0.0020605986937880516,0.0020824046805500984
105014,dct_low_nontargeted_white_box_eps0.0627_iter1,0.2575757575757576,0.22077922077922082,0.99944067,58.09053844858198,0.9998385906219482,0.9999482035636902,0.0028412146493792534,0.0005921721458435059,359212,0.0021562872,0.0012478845892474055,0.0012486372143030167,0.001216841978020966
261982,dct_low_nontargeted_white_box_eps0.0627_iter5,0.6666666666666669,0.590909090909091,0.9941611,49.16812238835006,0.998558521270752,0.9987794756889343,0.06681080907583237,0.01060551404953003,365482,0.005540997,0.002923827152699232,0.0029119274113327265,0.0029311752878129482
99242,dct_low_nontargeted_white_box_eps0.0627_iter6,1.0000000000000002,0.21428571428571436,0.9915397,49.46292738758122,0.9972648620605469,0.9934842586517334,0.12513302266597748,0.02678781747817993,339115,0.005287432,0.002607613569125533,0.0025634581688791513,0.0026184909511357546
314709,dct_low_nontargeted_white_box_eps0.0627_iter3,1.0000000000000002,0.6666666666666669,0.99633664,52.60820409835443,0.9989510774612427,0.9989709258079529,0.06897160410881042,0.005738615989685059,350037,0.0037897113,0.0020574163645505905,0.0020027088467031717,0.0020416395273059607
460494,dct_low_nontargeted_white_box_eps0.0627_iter1,0.7142857142857144,0.7045454545454547,0.99910426,58.191282719180286,0.9997712969779968,0.9998688697814941,0.006422603037208319,0.0008399486541748047,324675,0.0021283054,0.001226444961503148,0.0012138631427660584,0.0011879164958372712
339442,dct_low_nontargeted_white_box_eps0.0627_iter8,0.3333333333333334,0.15384615384615388,0.9871858,46.92182917549752,0.9966933727264404,0.9972040057182312,0.10273171961307526,0.025452733039855957,371491,0.0070918035,0.003621703013777733,0.003520289435982704,0.0035367750097066164
541055,dct_low_nontargeted_white_box_eps0.0627_iter6,0.6666666666666669,0.3333333333333334,0.9923363,47.26445186366969,0.9977357387542725,0.9981489777565002,0.12646929919719696,0.024776101112365723,361096,0.0067979787,0.0035549774765968323,0.0033894747029989958,0.0034516004379838705
409475,dct_low_nontargeted_white_box_eps0.0627_iter1,1.0000000000000002,0.3333333333333334,0.99902004,58.03629146526256,0.9997513294219971,0.999819815158844,0.008146845735609531,0.0007453560829162598,349980,0.0021713534,0.0012536438880488276,0.0012533903354778886,0.001252989750355482
464786,dct_low_nontargeted_white_box_eps0.0627_iter3,1.0000000000000002,0.6666666666666669,0.9963481,52.151551822788,0.9989945292472839,0.9991610050201416,0.06963956356048584,0.010434389114379883,331759,0.0039975285,0.002169288694858551,0.0021365229040384293,0.002158406190574169
378605,dct_low_nontargeted_white_box_eps0.0627_iter1,0.6666666666666669,0.4000000000000001,0.9989696,58.04047764573596,0.9997127056121826,0.9996296763420105,0.009867016226053238,0.0011652112007141113,340169,0.0021701874,0.0012533307308331132,0.0012532034888863564,0.0012498869327828288
331817,dct_low_nontargeted_white_box_eps0.0627_iter3,0.43801652892561993,0.37987012987012997,0.99717236,50.834611974005924,0.9993436336517334,0.9995291233062744,0.035423632711172104,0.002995431423187256,352976,0.0047578057,0.0025892313569784164,0.0025672654155641794,0.0025829458609223366
218091,dct_low_nontargeted_white_box_eps0.0627_iter1,0.6181818181818184,0.5000000000000001,0.99894637,58.042373378850264,0.999724805355072,0.9997503161430359,0.011723530478775501,0.002031683921813965,334701,0.0021695995,0.0012513815890997648,0.0012516858987510204,0.0012517273426055908
578545,dct_low_nontargeted_white_box_eps0.0627_iter2,0.7500000000000002,0.6666666666666669,0.9980361,54.076685045688166,0.9994675517082214,0.9997049570083618,0.027578681707382202,0.0031297802925109863,268513,0.0032002933,0.0015650417190045118,0.0015507523203268647,0.0015628839610144496
363207,dct_low_nontargeted_white_box_eps0.0627_iter1,0.5636363636363637,0.46753246753246763,0.9991618,58.03785699293881,0.9997696280479431,0.9998362064361572,0.006956570781767368,0.0013524293899536133,353690,0.0021708966,0.001252653426490724,0.0012531089596450329,0.0012529358500614762
372577,dct_low_nontargeted_white_box_eps0.0627_iter4,1.0000000000000002,0.6666666666666669,0.9957037,50.54865457660231,0.9986238479614258,0.998693585395813,0.05471818894147873,0.008789420127868652,313778,0.0046808883,0.0023537620436400175,0.0023109272588044405,0.0023565071169286966
212166,dct_low_nontargeted_white_box_eps0.0627_iter1,1.0000000000000002,0.3333333333333334,0.99908376,58.08413493378489,0.9997392892837524,0.9998144507408142,0.010431983508169651,0.001689612865447998,323864,0.0021540835,0.0012369422474876046,0.0012393733486533165,0.0012425280874595046
172571,dct_low_nontargeted_white_box_eps0.0627_iter2,0.5151515151515152,0.5064935064935066,0.9977916,53.92011737583896,0.9993977546691895,0.9995797276496887,0.04477929696440697,0.003583192825317383,267532,0.0032669967,0.0016432052943855524,0.001575711416080594,0.0016318006673827767
294831,dct_low_nontargeted_white_box_eps0.0627_iter1,0.8000000000000002,0.5714285714285715,0.99890155,58.03445517040409,0.9997145533561707,0.9997833371162415,0.012446064502000809,0.0018529891967773438,338982,0.00217188,0.0012539461022242904,0.0012539225863292813,0.0012537806760519743
84431,dct_low_nontargeted_white_box_eps0.0627_iter1,0.5000000000000001,0.4000000000000001,0.9989195,58.03539864850233,0.9997142553329468,0.9997814297676086,0.008214243687689304,0.0015566349029541016,335410,0.0021716182,0.001254005474038422,0.0012534834677353501,0.0012533357366919518
323355,dct_low_nontargeted_white_box_eps0.0627_iter2,1.0000000000000002,0.6666666666666669,0.99812365,54.1230939542953,0.9994792938232422,0.9996544122695923,0.019341880455613136,0.0013983845710754395,256346,0.0031533667,0.0015561082400381565,0.0015292949974536896,0.0015449912752956152
355325,dct_low_nontargeted_white_box_eps0.0627_iter1,0.5194805194805195,0.45454545454545464,0.99936986,58.042130776625456,0.9998201727867126,0.9999155402183533,0.003038720227777958,0.000919342041015625,359461,0.0021697124,0.0012536246795207262,0.0012522812467068434,0.0012490915833041072
4495,dct_low_nontargeted_white_box_eps0.0627_iter3,1.0000000000000002,0.5000000000000001,0.9961354,52.014159410617616,0.9988775253295898,0.9988845586776733,0.05381495878100395,0.007007956504821777,336882,0.004077132,0.002205925527960062,0.002178283641114831,0.0021986544597893953
9483,dct_low_nontargeted_white_box_eps0.0627_iter3,0.4805194805194807,0.4204545454545456,0.9960408,51.046367313272604,0.9989091753959656,0.998815655708313,0.05313202738761902,0.007479608058929443,344255,0.004635742,0.002538822591304779,0.002476437482982874,0.0025058246683329344
326082,dct_low_nontargeted_white_box_eps0.0627_iter1,0.5707070707070707,0.5038636363636364,0.9989516,58.08788234759263,0.9997330904006958,0.9997506737709045,0.010732742957770824,0.0010625123977661133,340733,0.0021547454,0.0012409299379214644,0.001239726203493774,0.0012349961325526237
398237,dct_low_nontargeted_white_box_eps0.0627_iter3,0.3333333333333334,0.31818181818181823,0.998161,51.47129782258543,0.9993586540222168,0.9997097253799438,0.035783421248197556,0.005211353302001953,376863,0.0043704244,0.0023646457120776176,0.0023444369435310364,0.0023698159493505955
507223,dct_low_nontargeted_white_box_eps0.0627_iter2,0.9393939393939396,0.7500000000000002,0.99860764,53.593047400869374,0.9996408820152283,0.9998111128807068,0.01327374204993248,0.0009990334510803223,292909,0.0034472826,0.0017623830353841186,0.001717279083095491,0.0017529414035379887
31050,dct_low_nontargeted_white_box_eps0.0627_iter1,0.5000000000000001,0.1666666666666667,0.999113,58.03853254914277,0.9997374415397644,0.9998323917388916,0.0053075021132826805,0.0013232231140136719,350040,0.0021707197,0.0012537806760519743,0.0012523126788437366,0.0012520168675109744
239537,dct_low_nontargeted_white_box_eps0.0627_iter4,1.0000000000000002,0.6000000000000002,0.9966981,50.498167149661526,0.9987567663192749,0.9995274543762207,0.05987688899040222,0.009177565574645996,330324,0.0046994416,0.0023759484756737947,0.002347535453736782,0.0023694520350545645
11813,dct_low_nontargeted_white_box_eps0.0627_iter1,0.5000000000000001,0.25000000000000006,0.9989557,58.0365683612622,0.9997199773788452,0.9997586607933044,0.014305302873253822,0.0017226934432983398,328020,0.0021711332,0.0012534192064777017,0.0012532197870314121,0.0012531679822131991
281414,dct_low_nontargeted_white_box_eps0.0627_iter2,1.0000000000000002,0.3333333333333334,0.9984102,54.02977382689932,0.9995514750480652,0.9997560381889343,0.01930295303463936,0.0020809173583984375,274146,0.0032153025,0.0015908234054222703,0.0015615691663697362,0.0015783370472490788
537991,dct_low_nontargeted_white_box_eps0.0627_iter1,0.7500000000000002,0.5064935064935066,0.99920994,58.040366034814916,0.999786376953125,0.9998781681060791,0.005221799947321415,0.0007856488227844238,363416,0.002170144,0.0012520620366558433,0.0012524164048954844,0.0012520509772002697
321333,dct_low_nontargeted_white_box_eps0.0627_iter2,0.6666666666666669,0.5000000000000001,0.9979841,54.321029656608346,0.9994738101959229,0.9997311234474182,0.03845392167568207,0.003592193126678467,257607,0.0030706516,0.0014928467571735382,0.0014514827635139227,0.0014783829683437943
521282,dct_low_nontargeted_white_box_eps0.0627_iter1,1.0000000000000002,0.5000000000000001,0.9988453,58.0546014427022,0.9996521472930908,0.9989139437675476,0.017732813954353333,0.0028598904609680176,324892,0.0021660682,0.0012515661073848605,0.001252881484106183,0.001239801524206996
108026,dct_low_nontargeted_white_box_eps0.0627_iter2,0.6666666666666669,0.5000000000000001,0.9959543,54.57515075001935,0.9993972778320312,0.9990290403366089,0.053571660071611404,0.008290767669677734,196851,0.0029301571,0.0014546930324286222,0.0014003841206431389,0.0013915353920310736
243204,dct_low_nontargeted_white_box_eps0.0627_iter3,0.25000000000000006,0.14285714285714288,0.9968719,52.305385719426916,0.9990681409835815,0.9991130828857422,0.03601374477148056,0.005666673183441162,354184,0.0039372076,0.0021184307988733053,0.0021070498041808605,0.002113031456246972
177935,dct_low_nontargeted_white_box_eps0.0627_iter1,0.590909090909091,0.47272727272727283,0.99917555,58.04015328469384,0.9997439384460449,0.9998742938041687,0.004140142817050219,0.0010821819305419922,370894,0.0021702223,0.0012518998701125383,0.0012524863705039024,0.0012523179175332189
38829,dct_low_nontargeted_white_box_eps0.0627_iter1,0.47272727272727283,0.4204545454545455,0.9991684,58.1345258078595,0.9998242259025574,0.9999176263809204,0.005390605889260769,0.00043404102325439453,345663,0.0021395707,0.0012234143214300275,0.0012368933530524373,0.0012156595475971699
397327,dct_low_nontargeted_white_box_eps0.0627_iter3,1.0000000000000002,0.6666666666666669,0.9956891,52.42367767220821,0.998661994934082,0.9941878318786621,0.08337432146072388,0.012415170669555664,338981,0.0038721615,0.002094159135594964,0.0020565332379192114,0.0020936697255820036
501523,dct_low_nontargeted_white_box_eps0.0627_iter3,0.7500000000000002,0.6666666666666669,0.9962203,51.74711444998675,0.9989538192749023,0.9988993406295776,0.05223102867603302,0.00704503059387207,335470,0.0042168885,0.0022776720579713583,0.0022535938769578934,0.0022845601197332144
555050,dct_low_nontargeted_white_box_eps0.0627_iter3,0.5454545454545455,0.5321969696969697,0.9964083,51.100147500957924,0.999127984046936,0.9995526671409607,0.06948161125183105,0.005689799785614014,352588,0.004581468,0.0025199002120643854,0.0024517851416021585,0.002487282967194915
376442,dct_low_nontargeted_white_box_eps0.0627_iter2,1.0000000000000002,0.6666666666666669,0.99727434,54.30332132042857,0.9991719126701355,0.9988584518432617,0.0399414524435997,0.008184432983398438,237513,0.0030611306,0.001489930204115808,0.001465266919694841,0.0014856612542644143
187243,dct_low_nontargeted_white_box_eps0.0627_iter3,0.6000000000000002,0.5000000000000001,0.99700284,51.74063298703765,0.9991440773010254,0.9992743134498596,0.03493289649486542,0.003966927528381348,361325,0.004178672,0.0022676035296171904,0.002199203474447131,0.002251220168545842
356347,dct_low_nontargeted_white_box_eps0.0627_iter4,0.5000000000000001,0.4000000000000001,0.9951703,50.49084546542785,0.998670220375061,0.9990032315254211,0.07297150790691376,0.010675549507141113,324096,0.0047552646,0.002376046497374773,0.0023260375019162893,0.002360845450311899
293044,dct_low_nontargeted_white_box_eps0.0627_iter1,0.5000000000000001,0.25000000000000006,0.99893904,58.03450053693883,0.9997522234916687,0.9998601078987122,0.012681571766734123,0.0013808012008666992,327032,0.0021718668,0.0012540020979940891,0.0012539767194539309,0.0012536346912384033
560279,dct_low_nontargeted_white_box_eps0.0627_iter1,0.3333333333333334,0.25000000000000006,0.9992055,58.03636211554221,0.9997872710227966,0.9998418688774109,0.007433564402163029,0.0009298324584960938,341905,0.002171353,0.0012539710151031613,0.001251979498192668,0.0012540105963125825
42276,dct_low_nontargeted_white_box_eps0.0627_iter2,0.5000000000000001,0.25000000000000006,0.9977973,53.99076643475472,0.9994649291038513,0.999621570110321,0.02818480134010315,0.004600822925567627,256835,0.003244206,0.0015952311223372817,0.0015828268369659781,0.001596959074959159
534827,dct_low_nontargeted_white_box_eps0.0627_iter3,0.5757575757575758,0.4318181818181819,0.9971132,52.115302378703426,0.9992325305938721,0.9994049668312073,0.04067247360944748,0.0026916861534118652,354562,0.003968381,0.002091732108965516,0.0020803252700716257,0.0020976148080080748
190756,dct_low_nontargeted_white_box_eps0.0627_iter3,1.0000000000000002,0.6666666666666669,0.9961157,52.651855390248095,0.9988524317741394,0.9952002763748169,0.11555629223585129,0.012215495109558105,314452,0.0037276263,0.0020293088164180517,0.002004498615860939,0.0020327710080891848
482917,dct_low_nontargeted_white_box_eps0.0627_iter5,0.4000000000000001,0.3750000000000001,0.9931379,49.08332518880464,0.9982552528381348,0.9981376528739929,0.08381576836109161,0.015309929847717285,365299,0.0056053405,0.002984772901982069,0.0029127902816981077,0.0029870327562093735
300659,dct_low_nontargeted_white_box_eps0.0627_iter5,1.0000000000000002,0.5000000000000001,0.9913427,49.16861742423309,0.997705340385437,0.9948652386665344,0.1541937291622162,0.029387354850769043,355114,0.0054841875,0.002983731683343649,0.00285698170773685,0.00293452525511384
199977,dct_low_nontargeted_white_box_eps0.0627_iter6,1.0000000000000002,0.3333333333333334,0.99098015,49.62742077313783,0.9972113370895386,0.9873137474060059,0.19336071610450745,0.036543846130371094,304266,0.005028333,0.002551489509642124,0.002507994184270501,0.0025459625758230686
442480,dct_low_nontargeted_white_box_eps0.0627_iter3,1.0000000000000002,0.9494949494949495,0.9962823,51.94297322618268,0.998878002166748,0.9986440539360046,0.07043032348155975,0.007566690444946289,363330,0.004126046,0.0022331131622195244,0.0021930327638983727,0.0022140578366816044
384350,dct_low_nontargeted_white_box_eps0.0627_iter1,0.5454545454545455,0.27272727272727276,0.99896353,58.04560579003331,0.9997047185897827,0.9997637867927551,0.009571623057126999,0.0018044710159301758,337772,0.0021680421,0.001251364592462778,0.001250448520295322,0.0012501690071076155
383621,dct_low_nontargeted_white_box_eps0.0627_iter1,1.0000000000000002,0.5000000000000001,0.9986234,58.03421857661495,0.9995756149291992,0.9986890554428101,0.026199374347925186,0.0022112131118774414,328695,0.002171941,0.0012539445888251066,0.0012539338786154985,0.0012539440067484975
189828,dct_low_nontargeted_white_box_eps0.0627_iter2,1.0000000000000002,0.5000000000000001,0.9975019,54.43822269470693,0.9992568492889404,0.9990357160568237,0.061408307403326035,0.00891125202178955,203679,0.0028848934,0.0014347098767757416,0.0014333628350868821,0.0014369813725352287
412894,dct_low_nontargeted_white_box_eps0.0627_iter1,0.46590909090909094,0.4082447855175128,0.99920875,58.09467016826262,0.999789834022522,0.9999083280563354,0.004278978332877159,0.0019707679748535156,350632,0.0021518394,0.0012344940332695842,0.0012427475303411484,0.001232607290148735
537153,dct_low_nontargeted_white_box_eps0.0627_iter3,1.0000000000000002,0.7500000000000002,0.99639636,51.655446473475024,0.9989909529685974,0.9992014169692993,0.07352088391780853,0.011654257774353027,340162,0.0042351335,0.0023268877994269133,0.0022510893177241087,0.002326897345483303
361103,dct_low_nontargeted_white_box_eps0.0627_iter1,0.2976190476190477,0.2821969696969697,0.9992051,58.09008374887255,0.9998264312744141,0.9999110698699951,0.005520311184227467,0.0006760954856872559,360583,0.0021522925,0.0012364311842247844,0.001239281496964395,0.0012380473781377077
392722,dct_low_nontargeted_white_box_eps0.0627_iter5,0.690909090909091,0.6255411255411256,0.9935155,47.94930287979477,0.998241126537323,0.9989792108535767,0.09946251660585403,0.011329472064971924,377380,0.0064252983,0.0035057603381574154,0.003330626990646124,0.0034619695506989956
338560,dct_low_nontargeted_white_box_eps0.0627_iter5,0.8787878787878789,0.6856060606060608,0.99432373,48.27933540857866,0.9984650015830994,0.9988752603530884,0.052764035761356354,0.004934847354888916,380702,0.0061834455,0.0033193149138242006,0.0032358444295823574,0.0032836839091032743
264535,dct_low_nontargeted_white_box_eps0.0627_iter1,0.6666666666666669,0.5000000000000001,0.99967176,58.07546509313282,0.9999441504478455,0.9999419450759888,0.0023027854040265083,0.0004620552062988281,373227,0.0021590672,0.0012383543653413653,0.0012370195472612977,0.001250906614586711
295231,dct_low_nontargeted_white_box_eps0.0627_iter2,0.8181818181818183,0.7954545454545456,0.9988691,53.96486408166532,0.9997009634971619,0.9998286366462708,0.017566915601491928,0.0020072460174560547,265179,0.003252225,0.0016021898481994867,0.0015975916758179665,0.001601681811735034
154947,dct_low_nontargeted_white_box_eps0.0627_iter1,1.0000000000000002,0.5000000000000001,0.99942,58.03528304046198,0.9997655749320984,0.9999136328697205,0.024417463690042496,0.0030667781829833984,349971,0.002171579,0.0012536111753433943,0.0012536050053313375,0.0012536693830043077
212559,dct_low_nontargeted_white_box_eps0.0627_iter2,0.9090909090909093,0.5000000000000001,0.99871445,53.497004039600675,0.9996902942657471,0.9997807145118713,0.013924943283200264,0.0012625455856323242,315324,0.0035103655,0.0017946361331269145,0.0017636625561863184,0.0017906955908983946
458755,dct_low_nontargeted_white_box_eps0.0627_iter2,0.6363636363636365,0.6136363636363638,0.9986772,53.9482925093833,0.9996333122253418,0.9998254776000977,0.021944763138890266,0.003036022186279297,288468,0.0032562586,0.0016173316398635507,0.0015935675473883748,0.0016115105245262384
104782,dct_low_nontargeted_white_box_eps0.0627_iter5,1.0000000000000002,0.3333333333333334,0.99435276,50.57820926453945,0.9982414245605469,0.996068000793457,0.12102991342544556,0.0233268141746521,330488,0.0046418523,0.0024875691160559654,0.0024668299593031406,0.0024779504165053368
315257,dct_low_nontargeted_white_box_eps0.0627_iter2,0.5000000000000001,0.3333333333333334,0.9980731,54.378819748482044,0.9994744062423706,0.9995781779289246,0.03534325584769249,0.0022014975547790527,246467,0.0030243532,0.0014558046823367476,0.0014468246372416615,0.001461934414692223
130599,dct_low_nontargeted_white_box_eps0.0627_iter1,0.5000000000000001,0.25000000000000006,0.9993085,58.03776947563919,0.9998223185539246,0.9999314546585083,0.00614554900676012,0.0003472566604614258,366258,0.0021709527,0.0012525635538622737,0.0012534585548564792,0.0012527385260909796
227187,dct_low_nontargeted_white_box_eps0.0627_iter5,0.6818181818181819,0.6060606060606062,0.9948185,47.80192863966295,0.9986398220062256,0.999260663986206,0.06000789254903793,0.00823277235031128,386043,0.006621766,0.003533403854817152,0.0034895213320851326,0.00353598571382463
151662,dct_low_nontargeted_white_box_eps0.0627_iter1,0.5454545454545455,0.27272727272727276,0.9995494,58.06623568772653,0.9998738169670105,0.9999513626098633,0.0028008914086967707,0.0009494423866271973,383796,0.0021616975,0.0012441494036465883,0.0012459582649171352,0.0012440932914614677
523811,dct_low_nontargeted_white_box_eps0.0627_iter3,1.0000000000000002,0.5000000000000001,0.9967036,52.244459132973596,0.9991764426231384,0.9994686245918274,0.049244776368141174,0.00796520709991455,355092,0.00396562,0.0021481849253177643,0.0021003480069339275,0.0021399667020887136
456559,dct_low_nontargeted_white_box_eps0.0627_iter1,1.0000000000000002,0.6666666666666669,0.9988579,58.03401964334598,0.9996651411056519,0.9994794726371765,0.020089684054255486,0.0015776753425598145,335675,0.0021719977,0.001253999420441687,0.0012540018651634455,0.0012539917370304465
101068,dct_low_nontargeted_white_box_eps0.0627_iter2,1.0000000000000002,0.5000000000000001,0.9980712,53.824514214070334,0.999445378780365,0.9996232390403748,0.03327261656522751,0.0035132169723510742,279616,0.0032989054,0.0016737664118409157,0.0016156579367816448,0.00166898628231138
140640,dct_low_nontargeted_white_box_eps0.0627_iter2,0.5090909090909091,0.4242424242424243,0.997732,53.89715781960219,0.9993982315063477,0.9995835423469543,0.035762954503297806,0.0030806660652160645,271164,0.0032775367,0.0016513806767761707,0.0015917473938316107,0.0016341955633834004
516708,dct_low_nontargeted_white_box_eps0.0627_iter2,1.0000000000000002,0.1666666666666667,0.9977221,53.89354289400741,0.9995090365409851,0.9995736479759216,0.03380146622657776,0.002154827117919922,266021,0.0032803796,0.0016525918617844582,0.0016051994170993567,0.0016305360477417707
544605,dct_low_nontargeted_white_box_eps0.0627_iter2,1.0000000000000002,0.3333333333333334,0.9988063,54.46426280439644,0.9996277689933777,0.9998883605003357,0.023033030331134796,0.0036681294441223145,271931,0.0030064178,0.0014324421063065529,0.0014152482617646456,0.0014315813314169645
385190,dct_low_nontargeted_white_box_eps0.0627_iter2,0.3333333333333334,0.18749999999999994,0.9983142,53.895156030365996,0.9996220469474792,0.9997084736824036,0.027573615312576294,0.002107977867126465,275376,0.003278449,0.0016405608039349318,0.0016009770333766937,0.0016369350487366319
338986,dct_low_nontargeted_white_box_eps0.0627_iter1,0.8181818181818183,0.5454545454545455,0.9989827,58.041922468555114,0.9996957778930664,0.9993548393249512,0.007343356031924486,0.0010352134704589844,342039,0.0021697714,0.0012498393189162016,0.0012529195519164205,0.0012524324702098966
53994,dct_low_nontargeted_white_box_eps0.0627_iter3,0.6818181818181819,0.5151515151515152,0.99748826,51.22371022741282,0.9992548823356628,0.999550998210907,0.027191832661628723,0.0033923983573913574,361154,0.004500267,0.002467772690579295,0.0024106346536427736,0.0024491162039339542
61171,dct_low_nontargeted_white_box_eps0.0627_iter2,0.6060606060606062,0.27272727272727276,0.998751,53.72859234990557,0.9996249079704285,0.9998136758804321,0.017440006136894226,0.0022710561752319336,307863,0.0033603236,0.001701772096566856,0.001675331499427557,0.0017074750503525138
314034,dct_low_nontargeted_white_box_eps0.0627_iter5,0.6298701298701299,0.5115864527629235,0.9960971,47.85911199575032,0.9987132549285889,0.999351441860199,0.053605128079652786,0.010876595973968506,388250,0.0065043336,0.0035389510449022055,0.003411545418202877,0.0034730168990790844
291490,dct_low_nontargeted_white_box_eps0.0627_iter2,0.5000000000000001,0.25000000000000006,0.99777985,54.26010869150911,0.9993358850479126,0.9993680715560913,0.04739893600344658,0.0068901777267456055,237306,0.003078033,0.0015112936962395906,0.0014714476419612765,0.0015045696636661887
152740,dct_low_nontargeted_white_box_eps0.0627_iter7,0.774891774891775,0.27801827801827805,0.9928302,46.45589950829846,0.9975907206535339,0.9988865852355957,0.136799156665802,0.024587631225585938,381661,0.0074224495,0.004035186022520065,0.003792824689298868,0.003936028573662043
24919,dct_low_nontargeted_white_box_eps0.0627_iter2,1.0000000000000002,0.5000000000000001,0.9977564,54.187648814723836,0.9993299841880798,0.9994677901268005,0.043123144656419754,0.006525635719299316,256752,0.0031261733,0.0015433408552780747,0.0014789398992434144,0.0015383693389594555
79837,dct_low_nontargeted_white_box_eps0.0627_iter2,0.2727272727272727,0.23636363636363641,0.99745506,54.43591407430369,0.9991562366485596,0.9963252544403076,0.04745467007160187,0.006308197975158691,230185,0.0029809675,0.0014592313673347235,0.00141244288533926,0.0014361911453306675
21903,dct_low_nontargeted_white_box_eps0.0627_iter1,1.0000000000000002,0.6666666666666669,0.9994111,58.10781378191879,0.9998517036437988,0.9999467730522156,0.004108106717467308,0.0005707740783691406,368071,0.0021510208,0.0012501771561801434,0.0012291480088606477,0.0012193134753033519
564133,dct_low_nontargeted_white_box_eps0.0627_iter2,0.7272727272727274,0.5000000000000001,0.99779695,54.21574516770791,0.9993976950645447,0.9991185665130615,0.05981176719069481,0.005522966384887695,261054,0.0030968217,0.0015399206895381212,0.0014604371972382069,0.0015309666050598025
337055,dct_low_nontargeted_white_box_eps0.0627_iter3,1.0000000000000002,0.6666666666666669,0.99771047,51.92147925524009,0.9992302656173706,0.9996306300163269,0.04239124059677124,0.008913159370422363,365606,0.0041194065,0.0022412703838199377,0.002191297709941864,0.002230304293334484
110638,dct_low_nontargeted_white_box_eps0.0627_iter3,1.0000000000000002,0.3333333333333334,0.99709123,51.41131526965563,0.9991349577903748,0.9995383620262146,0.046784743666648865,0.006103038787841797,367677,0.004396039,0.002413805341348052,0.002336589153856039,0.0023923025000840425
34139,dct_low_nontargeted_white_box_eps0.0627_iter2,0.6666666666666669,0.5000000000000001,0.9982249,53.849813814330616,0.9996067881584167,0.9997348189353943,0.027124904096126556,0.0015270113945007324,283098,0.003331242,0.0016573864268139005,0.0016341860173270106,0.0016425092471763492
80340,dct_low_nontargeted_white_box_eps0.0627_iter7,0.5012987012987014,0.4579561852289126,0.99215204,46.44632944901546,0.9978358149528503,0.9984633922576904,0.10182416439056396,0.018106937408447266,388936,0.0075775753,0.004025797359645367,0.003912615589797497,0.004005896858870983
83113,dct_low_nontargeted_white_box_eps0.0627_iter3,1.0000000000000002,0.5000000000000001,0.9975379,51.5411808743587,0.9993669390678406,0.999650776386261,0.040820956230163574,0.005618095397949219,368333,0.0043274644,0.002360986778512597,0.002309780567884445,0.0023425640538334846
173033,dct_low_nontargeted_white_box_eps0.0627_iter2,1.0000000000000002,0.5000000000000001,0.99784774,54.35544122552679,0.9994056224822998,0.9995700716972351,0.023182852193713188,0.0027465224266052246,251871,0.0030523643,0.0014697187580168247,0.0014483785489574075,0.0014732304261997342
255664,dct_low_nontargeted_white_box_eps0.0627_iter7,1.0000000000000002,0.28571428571428575,0.9961861,47.54542968029361,0.998744010925293,0.9994569420814514,0.06011049076914787,0.012923359870910645,384720,0.0065671015,0.003458272898569703,0.0034727961756289005,0.003473134245723486
72813,dct_low_nontargeted_white_box_eps0.0627_iter1,1.0000000000000002,0.7500000000000002,0.9991073,58.0408574981948,0.9997329711914062,0.9997883439064026,0.00881765503436327,0.002075493335723877,344220,0.002169926,0.0012521300232037902,0.001252619200386107,0.0012513488763943315
545129,dct_low_nontargeted_white_box_eps0.0627_iter2,1.0000000000000002,0.3333333333333334,0.99826545,54.0947055779734,0.9994510412216187,0.9998196363449097,0.02831975184381008,0.0025957822799682617,279976,0.003199901,0.0015601924387738109,0.001542679499834776,0.0015565488720312715
546011,dct_low_nontargeted_white_box_eps0.0627_iter5,1.0000000000000002,0.5000000000000001,0.99588484,48.035992287015965,0.9987636804580688,0.9995138645172119,0.07638958096504211,0.012035965919494629,381915,0.00636173,0.0034118634648621082,0.003355979220941663,0.0034157673362642527
121031,dct_low_nontargeted_white_box_eps0.0627_iter5,0.8636363636363638,0.4318181818181819,0.9964476,47.901090106637305,0.998877227306366,0.9996012449264526,0.06042587012052536,0.009319782257080078,390062,0.00648404,0.00349463545717299,0.003387007163837552,0.0034875147975981236
172547,dct_low_nontargeted_white_box_eps0.0627_iter3,0.5454545454545455,0.27272727272727276,0.9967838,51.297722027143436,0.9990736842155457,0.9994608163833618,0.04284868389368057,0.007237374782562256,361257,0.004461093,0.002439754782244563,0.0023874619510024786,0.002424933947622776
369081,dct_low_nontargeted_white_box_eps0.0627_iter2,1.0000000000000002,0.5000000000000001,0.9975607,54.05057122952171,0.9992775917053223,0.99933260679245,0.05280178785324097,0.004941821098327637,257298,0.0031699068,0.0015895682154223323,0.0015397922834381461,0.0015776025829836726
509131,dct_low_nontargeted_white_box_eps0.0627_iter2,0.25000000000000006,0.14285714285714288,0.99730223,54.501440206062014,0.999335765838623,0.9991558194160461,0.05830143019556999,0.005132198333740234,224392,0.0029714801,0.0014382910449057817,0.0013924939557909966,0.001415966427884996
578922,dct_low_nontargeted_white_box_eps0.0627_iter3,0.4000000000000001,0.2828282828282829,0.9960103,50.75066942261487,0.9991428256034851,0.9992778897285461,0.011363968253135681,0.003994286060333252,329229,0.0048272777,0.0026538220699876547,0.002569939475506544,0.0025295272935181856
464089,dct_low_nontargeted_white_box_eps0.0627_iter1,0.5636363636363637,0.5284090909090909,0.9994125,58.04225436571662,0.9998344779014587,0.9999397397041321,0.0034741186536848545,0.00042134523391723633,376493,0.002169597,0.0012522171018645167,0.0012522242031991482,0.0012504569021984935
453708,dct_low_nontargeted_white_box_eps0.0627_iter1,0.5151515151515152,0.38181818181818183,0.99900824,58.08365914607624,0.9997743964195251,0.9998357892036438,0.012330022640526295,0.0015295743942260742,340778,0.0021541999,0.001237715594470501,0.0012406145688146353,0.0012409415794536471
177714,dct_low_nontargeted_white_box_eps0.0627_iter6,0.24242424242424246,0.19338842975206613,0.987518,47.263626833589896,0.9980974197387695,0.9985194206237793,0.12770935893058777,0.016939282417297363,343898,0.006773645,0.003553599352017045,0.003421259578317404,0.003411430399864912
459887,dct_low_nontargeted_white_box_eps0.0627_iter2,0.5000000000000001,0.3333333333333334,0.99824077,53.816768644660364,0.9995155334472656,0.9996845126152039,0.018185025081038475,0.0025457143783569336,274859,0.0033372696,0.0016482429346069694,0.001649598591029644,0.0016696369275450706
261116,dct_low_nontargeted_white_box_eps0.0627_iter2,0.4545454545454547,0.3068181818181819,0.99812645,54.26033028919254,0.9995174407958984,0.9996253848075867,0.028349101543426514,0.0017854571342468262,239138,0.003066473,0.001505027525126934,0.0014770739944651723,0.0015040552243590355
396274,dct_low_nontargeted_white_box_eps0.0627_iter3,1.0000000000000002,0.3333333333333334,0.997647,51.25219523630686,0.9992969036102295,0.999710202217102,0.03418269008398056,0.010994136333465576,365579,0.0044946135,0.0024417145177721977,0.0024136551655828953,0.0024405168369412422
29640,dct_low_nontargeted_white_box_eps0.0627_iter1,0.24545454545454548,0.19696969696969696,0.99922556,58.053210073254235,0.9998029470443726,0.9998767971992493,0.007965188473463058,0.0006083250045776367,342910,0.0021666726,0.001243261736817658,0.0012525853235274553,0.0012495876289904118
141328,dct_low_nontargeted_white_box_eps0.0627_iter15,0.18181818181818185,0.1765062238547087,0.97685987,40.14845887824663,0.9949995875358582,0.9957985877990723,0.11221592873334885,0.02951723337173462,402369,0.015412342,0.008048931136727333,0.008164562284946442,0.007770898751914501
308430,dct_low_nontargeted_white_box_eps0.0627_iter9,0.2181818181818182,0.18728457167192347,0.98785925,43.56121979869271,0.9968667030334473,0.996999204158783,0.08915705978870392,0.02284693717956543,395682,0.010520787,0.005601323675364256,0.005505036562681198,0.005463851615786552
43314,dct_low_nontargeted_white_box_eps0.0627_iter3,0.4545454545454546,0.34090909090909094,0.9960181,52.341264068223396,0.9992889761924744,0.9995734095573425,0.04768015444278717,0.00647735595703125,320920,0.0038851833,0.0020839902572333813,0.002056204015389085,0.0020842317026108503
273715,dct_low_nontargeted_white_box_eps0.0627_iter4,0.5000000000000001,0.25000000000000006,0.99288964,49.8186982981747,0.998565673828125,0.9987303614616394,0.07804670929908752,0.008051753044128418,331159,0.0051613837,0.0026675609406083822,0.002571221673861146,0.0026272276882082224
456303,dct_low_nontargeted_white_box_eps0.0627_iter4,0.21212121212121215,0.19696969696969702,0.994065,50.95697553564879,0.9987143278121948,0.9987043738365173,0.08572395145893097,0.011085569858551025,309664,0.00447766,0.002292075427249074,0.0021780189126729965,0.00211734720505774
406611,dct_low_nontargeted_white_box_eps0.0627_iter4,0.14612794612794613,0.139765241346269,0.99617547,49.78228564632176,0.9988884329795837,0.999345064163208,0.07756359130144119,0.010102391242980957,327462,0.005115607,0.002638729754835367,0.002560725901275873,0.002626553876325488
475064,dct_low_nontargeted_white_box_eps0.0627_iter1,0.8181818181818183,0.40909090909090917,0.99912864,58.095069227440675,0.9997795820236206,0.9998793005943298,0.007199882064014673,0.0014505386352539062,336559,0.0021518245,0.0012415441451594234,0.0012438948033377528,0.0012240615906193852
466567,dct_low_nontargeted_white_box_eps0.0627_iter1,1.0000000000000002,0.5000000000000001,0.99958116,58.090191011141876,0.9998663663864136,0.9999578595161438,0.0024180514737963676,0.0007423162460327148,362816,0.0021562309,0.0012285779230296612,0.00124862149823457,0.0012364811263978481
137246,dct_low_nontargeted_white_box_eps0.0627_iter4,0.34090909090909094,0.3376623376623377,0.9948678,49.85343899262939,0.9986922144889832,0.9989557862281799,0.08089867234230042,0.008581042289733887,338325,0.0051442147,0.0026402182411402464,0.0025515216402709484,0.002609210554510355
15079,dct_low_nontargeted_white_box_eps0.0627_iter3,0.5000000000000001,0.38636363636363646,0.99288344,52.556506536510945,0.9991690516471863,0.999042272567749,0.07576057314872742,0.0067626237869262695,260756,0.0036994577,0.002000391948968172,0.0019532409496605396,0.0019505588570609689
296284,dct_low_nontargeted_white_box_eps0.0627_iter7,0.2727272727272727,0.24586776859504134,0.99191374,47.24253665155203,0.998049259185791,0.9985544681549072,0.08060844987630844,0.010987937450408936,382147,0.0069134976,0.0036282334476709366,0.0035709969233721495,0.003607547376304865
226147,dct_low_nontargeted_white_box_eps0.0627_iter1,0.3916083916083916,0.37012987012987014,0.9991552,58.05523668943902,0.99977707862854,0.9998701214790344,0.004827088210731745,0.001337885856628418,355114,0.002165786,0.0012519087176769972,0.0012483677128329873,0.0012434014352038503
226903,dct_low_nontargeted_white_box_eps0.0627_iter5,0.3232323232323233,0.2846517119244393,0.9941511,48.67087172660653,0.998529314994812,0.9988968372344971,0.07727599143981934,0.010685086250305176,377940,0.005916211,0.0031562699005007744,0.0030431728810071945,0.0031387051567435265
127517,dct_low_nontargeted_white_box_eps0.0627_iter5,0.45454545454545464,0.22727272727272732,0.99460036,47.40684105195541,0.9984179735183716,0.9985427260398865,0.05546192824840546,0.012658953666687012,383483,0.0069121188,0.0037172287702560425,0.0036814119666814804,0.003693111939355731
162092,dct_low_nontargeted_white_box_eps0.0627_iter1,0.3015151515151515,0.18701298701298702,0.9990676,58.12089268626301,0.9997513294219971,0.999843180179596,0.011511953547596931,0.0027672648429870605,342107,0.0021448352,0.0012409092159941792,0.0012309490703046322,0.0012156557058915496
366611,dct_low_nontargeted_white_box_eps0.0627_iter1,1.0000000000000002,0.6666666666666669,0.99954414,58.06149440563377,0.999855637550354,0.9999502301216125,0.0035114134661853313,0.0010493993759155273,385966,0.0021638926,0.0012464900501072407,0.0012425530003383756,0.0012492575915530324
263969,dct_low_nontargeted_white_box_eps0.0627_iter2,0.8863636363636365,0.8000000000000002,0.9967818,53.76397178462586,0.9995968341827393,0.999678909778595,0.01952570304274559,0.0019059181213378906,258468,0.0033332936,0.0017109793843701482,0.0016909496625885367,0.001678510452620685
551439,dct_low_nontargeted_white_box_eps0.0627_iter5,0.6666666666666669,0.6000000000000002,0.9924596,48.50101093204294,0.9981681704521179,0.9983301758766174,0.08201806247234344,0.010644793510437012,362211,0.005976715,0.0032061890233308077,0.0031503350473940372,0.0031503988429903984
474167,dct_low_nontargeted_white_box_eps0.0627_iter1,0.7272727272727273,0.6060606060606061,0.99913377,58.056338081312326,0.9997570514678955,0.9998373985290527,0.0060277096927165985,0.0008535385131835938,346187,0.002165502,0.0012526134960353374,0.0012510366505011916,0.0012390818446874619
159458,dct_low_nontargeted_white_box_eps0.0627_iter5,0.7500000000000002,0.6000000000000002,0.99374956,48.75915055437265,0.9981023669242859,0.9977259635925293,0.06746132671833038,0.015347957611083984,370160,0.0058533535,0.0031072071287781,0.003069717902690172,0.0031138607300817966
554735,dct_low_nontargeted_white_box_eps0.0627_iter3,1.0000000000000002,0.6666666666666669,0.9961893,52.04982415898448,0.9989495277404785,0.9990960955619812,0.06160571426153183,0.006477952003479004,328789,0.0040535033,0.002190839732065797,0.002168485429137945,0.0021919761784374714
386352,dct_low_nontargeted_white_box_eps0.0627_iter1,0.6363636363636366,0.4981060606060607,0.9991441,58.043468612547954,0.9997808337211609,0.9998786449432373,0.007633850909769535,0.0013376474380493164,342536,0.002169373,0.001248248852789402,0.0012526554055511951,0.001252936664968729
173004,dct_low_nontargeted_white_box_eps0.0627_iter12,0.5681818181818183,0.4030303030303031,0.98517686,43.244830397803256,0.9967030882835388,0.9973737597465515,0.10245202481746674,0.020193755626678467,394001,0.010776672,0.005465546622872353,0.005551428068429232,0.005492301192134619
311394,dct_low_nontargeted_white_box_eps0.0627_iter3,1.0000000000000002,0.6666666666666669,0.99695414,51.77214865972273,0.9990099668502808,0.9989969730377197,0.040564894676208496,0.0034480690956115723,346068,0.0042001023,0.0022655329667031765,0.0022630500607192516,0.0022663199342787266
578489,dct_low_nontargeted_white_box_eps0.0627_iter2,1.0000000000000002,0.6666666666666669,0.9976788,53.72768763278695,0.9994431734085083,0.9995594620704651,0.030456045642495155,0.003548264503479004,276783,0.0033709311,0.00171296123880893,0.0016725586028769612,0.0016904114745557308
189310,dct_low_nontargeted_white_box_eps0.0627_iter1,1.0000000000000002,0.5000000000000001,0.9989715,58.17462934776416,0.999746561050415,0.9997529983520508,0.008299868553876877,0.0009781718254089355,339075,0.002121945,0.0012245512334629893,0.0012164280051365495,0.0012011800426989794
491366,dct_low_nontargeted_white_box_eps0.0627_iter2,0.39393939393939403,0.3333333333333334,0.99746436,54.1029619619944,0.9993903040885925,0.9994613528251648,0.04055897146463394,0.00423276424407959,245518,0.003165642,0.001566317048855126,0.0015295807970687747,0.001554975751787424
448076,dct_low_nontargeted_white_box_eps0.0627_iter1,0.4696969696969697,0.46753246753246763,0.9990678,58.06219355578281,0.9997748136520386,0.9998134970664978,0.007986774668097496,0.0007345080375671387,338417,0.002162215,0.0012470564106479287,0.0012456639669835567,0.0012449626810848713
293804,dct_low_nontargeted_white_box_eps0.0627_iter2,0.5000000000000001,0.4000000000000001,0.9972277,54.230388075460134,0.9993064403533936,0.9991961717605591,0.05482957884669304,0.0045659542083740234,225832,0.0030732057,0.0015148107195273042,0.001481400104239583,0.0015218323096632957
312237,dct_low_nontargeted_white_box_eps0.0627_iter5,0.22443181818181823,0.2075757575757576,0.9935481,49.48837551096564,0.9980336427688599,0.9964255094528198,0.14667627215385437,0.022232890129089355,349587,0.005274636,0.0028146954718977213,0.0027843480929732323,0.0028204109985381365
221291,dct_low_nontargeted_white_box_eps0.0627_iter3,1.0000000000000002,0.6666666666666669,0.995934,52.44092647184512,0.9988036155700684,0.9953857064247131,0.08627960085868835,0.006581485271453857,329657,0.0038378204,0.0020941400434821844,0.0020545613951981068,0.002081747865304351
141821,dct_low_nontargeted_white_box_eps0.0627_iter1,0.8863636363636365,0.8000000000000002,0.9993616,58.03428970687871,0.9998124837875366,0.9999228715896606,0.004849205259233713,0.0008671283721923828,363081,0.0021719234,0.0012539972085505724,0.0012539923191070557,0.001253786962479353
410650,dct_low_nontargeted_white_box_eps0.0627_iter3,0.6197211879030062,0.5686552529466968,0.99644417,50.94262176630825,0.9991211295127869,0.9994110465049744,0.049269504845142365,0.006177783012390137,343198,0.004650078,0.0025587084237486124,0.0025158198550343513,0.002556717023253441
199310,dct_low_nontargeted_white_box_eps0.0627_iter4,1.0000000000000002,0.6666666666666669,0.9962535,49.62064778435929,0.9989213347434998,0.9994243383407593,0.05335303395986557,0.006709694862365723,343413,0.0053005437,0.0026949166785925627,0.0027036978863179684,0.002669153269380331
323151,dct_low_nontargeted_white_box_eps0.0627_iter1,0.8000000000000002,0.5714285714285715,0.99922425,58.16351755993346,0.9998006820678711,0.9998889565467834,0.005385615397244692,0.0009579062461853027,354133,0.002133855,0.0012500605080276728,0.001206515822559595,0.001194915734231472
89648,dct_low_nontargeted_white_box_eps0.0627_iter7,0.3463203463203464,0.2543876262626263,0.98949456,46.26574561124975,0.9973346590995789,0.9976822733879089,0.1131596565246582,0.01770085096359253,384831,0.0076929266,0.004092205315828323,0.003966423217207193,0.004068632144480944
219283,dct_low_nontargeted_white_box_eps0.0627_iter1,0.6666666666666669,0.47272727272727283,0.9988792,58.064647804009944,0.9996979236602783,0.9997297525405884,0.024707891047000885,0.003942370414733887,266934,0.002157931,0.001245236024260521,0.0012452146038413048,0.0012451348593458533
471869,dct_low_nontargeted_white_box_eps0.0627_iter12,0.3333333333333334,0.28571428571428575,0.98551685,44.068646312583496,0.9959633350372314,0.9969522953033447,0.09436202049255371,0.02467191219329834,393750,0.009897736,0.004994632676243782,0.004988761618733406,0.005051121581345797
520264,dct_low_nontargeted_white_box_eps0.0627_iter1,0.7792207792207793,0.681818181818182,0.9990999,58.07472973083997,0.9997925162315369,0.9998195171356201,0.008132497780025005,0.0013685226440429688,341706,0.0021579566,0.0012452121591195464,0.0012448836350813508,0.001236810814589262
111179,dct_low_nontargeted_white_box_eps0.0627_iter3,1.0000000000000002,0.3333333333333334,0.9966123,52.1454758657486,0.9989475011825562,0.9992272853851318,0.06746384501457214,0.009228646755218506,337889,0.003980956,0.0021779474336653948,0.0021235072053968906,0.002167267957702279
151000,dct_low_nontargeted_white_box_eps0.0627_iter2,0.6136363636363638,0.5345454545454547,0.99771255,54.134529126120285,0.9994754791259766,0.9996119737625122,0.03794386237859726,0.004814505577087402,252258,0.003150138,0.0015540070598945022,0.0015189566183835268,0.001547032268717885
100624,dct_low_nontargeted_white_box_eps0.0627_iter1,0.3090909090909092,0.2575757575757576,0.9989266,58.12046677764389,0.9997798204421997,0.9998506307601929,0.011414766311645508,0.0012342333793640137,317778,0.0021427118,0.0012426547473296523,0.0012320331297814846,0.0012131950352340937
332570,dct_low_nontargeted_white_box_eps0.0627_iter3,1.0000000000000002,0.6666666666666669,0.99685174,51.94728944999482,0.9992195963859558,0.9990454912185669,0.039004139602184296,0.005363643169403076,330636,0.003994304,0.002132947323843837,0.0021121036261320114,0.002152481582015753
57238,dct_low_nontargeted_white_box_eps0.0627_iter6,0.6666666666666669,0.5000000000000001,0.99038035,48.77268646176134,0.997255802154541,0.9957106709480286,0.12474848330020905,0.02196347713470459,345654,0.005738263,0.002888957504183054,0.002823391230776906,0.002856623847037554
502732,dct_low_nontargeted_white_box_eps0.0627_iter3,1.0000000000000002,0.0,0.9971575,52.43698177794374,0.9991113543510437,0.9994150400161743,0.03601643070578575,0.004094719886779785,364695,0.0038698483,0.002088844310492277,0.002047956921160221,0.0020770193077623844
135561,dct_low_nontargeted_white_box_eps0.0627_iter3,0.4285714285714287,0.4055555555555556,0.99597627,51.60996059120541,0.9989858865737915,0.9990806579589844,0.05954783409833908,0.00664067268371582,347441,0.0042969184,0.0023282424081116915,0.0022916754242032766,0.0023259385488927364
8277,dct_low_nontargeted_white_box_eps0.0627_iter4,0.5151515151515152,0.3272727272727273,0.9962595,49.61043005909239,0.999088704586029,0.999439537525177,0.01883614808320999,0.001989424228668213,359792,0.0053992085,0.002739866729825735,0.0027307237032800913,0.0027215457521378994
173044,dct_low_nontargeted_white_box_eps0.0627_iter2,1.0000000000000002,0.5000000000000001,0.9979468,53.88842774794461,0.9993709325790405,0.9995964169502258,0.036253929138183594,0.005376458168029785,271927,0.003259426,0.0016456295270472765,0.0015928053762763739,0.0016492658760398626
168458,dct_low_nontargeted_white_box_eps0.0627_iter2,1.0000000000000002,0.5000000000000001,0.9980898,54.10110750623432,0.9993247389793396,0.9989288449287415,0.022677894681692123,0.002413153648376465,276116,0.0031483315,0.0015695769106969237,0.0015349761815741658,0.0015481294831261039
512194,dct_low_nontargeted_white_box_eps0.0627_iter2,0.5000000000000001,0.3333333333333334,0.99835414,53.826328568224014,0.9995884895324707,0.999713122844696,0.021697817370295525,0.0018346905708312988,274651,0.0033179114,0.0016668876633048058,0.0016468678368255496,0.001658183173276484
370042,dct_low_nontargeted_white_box_eps0.0627_iter2,0.5909090909090908,0.2961102622867328,0.99789643,53.72114237934798,0.9994516372680664,0.9997512698173523,0.045476458966732025,0.00423741340637207,293666,0.0033743843,0.0017129130428656936,0.0016625418793410063,0.0017029211157932878
189436,dct_low_nontargeted_white_box_eps0.0627_iter18,0.20000000000000004,0.1666666666666667,0.97385114,43.38043565169499,0.9929509162902832,0.9939325451850891,0.18256375193595886,0.028080463409423828,395978,0.010581428,0.00534413568675518,0.005234804004430771,0.005332583095878363
533958,dct_low_nontargeted_white_box_eps0.0627_iter1,1.0000000000000002,0.3333333333333334,0.9991498,58.04002306791709,0.9997949600219727,0.9998645782470703,0.015233809128403664,0.0009759664535522461,332211,0.0021703315,0.0012520734453573823,0.001250703353434801,0.001254006172530353
117645,dct_low_nontargeted_white_box_eps0.0627_iter6,0.5000000000000001,0.3333333333333334,0.99143916,49.67396906350905,0.9973211288452148,0.9969451427459717,0.1315135359764099,0.025025486946105957,338706,0.0051871915,0.002569626085460186,0.0024846282321959734,0.002544121351093054
221708,dct_low_nontargeted_white_box_eps0.0627_iter3,0.4285714285714287,0.3750000000000001,0.99635404,51.11505059638419,0.9989972114562988,0.9991981387138367,0.03332981467247009,0.0039917826652526855,347220,0.00457133,0.0025136652402579784,0.002452111802995205,0.002466346835717559
202228,dct_low_nontargeted_white_box_eps0.0627_iter1,0.3333333333333334,0.25000000000000006,0.9987793,58.0460393258455,0.9996570944786072,0.9996145963668823,0.01069300714880228,0.0021706819534301758,343126,0.0021677008,0.0012511509703472257,0.0012513926485553384,0.0012490645749494433
403565,dct_low_nontargeted_white_box_eps0.0627_iter3,0.5000000000000001,0.4000000000000001,0.9974436,51.74276888117572,0.9992660284042358,0.9996399879455566,0.03897588700056076,0.0031092166900634766,352332,0.0041961116,0.002290046075358987,0.002234634244814515,0.002268886659294367
211042,dct_low_nontargeted_white_box_eps0.0627_iter2,0.3333333333333334,0.1666666666666667,0.99787635,53.811864879782945,0.9994246363639832,0.999754011631012,0.018791386857628822,0.003335416316986084,275718,0.0033423337,0.0016874521970748901,0.0016258269315585494,0.0016608013538643718
492878,dct_low_nontargeted_white_box_eps0.0627_iter1,0.2212121212121212,0.18787878787878784,0.99909025,58.2356545255843,0.9998098611831665,0.9998517036437988,0.005631840787827969,0.0007901191711425781,316571,0.0020975906,0.0011804178357124329,0.0012101952452212572,0.0012007149634882808
441586,dct_low_nontargeted_white_box_eps0.0627_iter2,0.5090909090909091,0.40909090909090917,0.9978206,53.70245388573038,0.9994014501571655,0.9995874762535095,0.03330694139003754,0.0024939775466918945,285113,0.0033748609,0.0017249740194529295,0.001663285307586193,0.0017127468017861247
547816,dct_low_nontargeted_white_box_eps0.0627_iter5,0.5151515151515152,0.3333333333333334,0.99245435,48.876400231554754,0.9980427026748657,0.9978201389312744,0.09290118515491486,0.010776877403259277,367651,0.0057634967,0.003071203827857971,0.003022900316864252,0.0030505952890962362
306733,dct_low_nontargeted_white_box_eps0.0627_iter7,0.3090909090909092,0.2768595041322314,0.98713493,46.68496304033077,0.9967349767684937,0.9946289658546448,0.13968922197818756,0.03184044361114502,381304,0.0073477174,0.0038614205550402403,0.00380490580573678,0.003911624662578106
530099,dct_low_nontargeted_white_box_eps0.0627_iter3,1.0000000000000002,0.6666666666666669,0.9951574,52.636426865468415,0.9987673759460449,0.9958346486091614,0.16321402788162231,0.023520171642303467,289283,0.003690326,0.0020240743178874254,0.0020221148151904345,0.0020322136115282774
312278,dct_low_nontargeted_white_box_eps0.0627_iter6,0.5454545454545455,0.19318181818181815,0.9929747,48.12741633994907,0.9979870319366455,0.9861427545547485,0.15809088945388794,0.027096152305603027,341386,0.006075717,0.0031259909737855196,0.0029885750263929367,0.0030549655202776194
97679,dct_low_nontargeted_white_box_eps0.0627_iter3,0.38636363636363646,0.36969696969696975,0.9967714,52.15381149051393,0.9990787506103516,0.9992662072181702,0.07710197567939758,0.007158994674682617,356557,0.003998039,0.0021691732108592987,0.0021299337968230247,0.002164476551115513
564127,dct_low_nontargeted_white_box_eps0.0627_iter2,1.0000000000000002,0.5000000000000001,0.9975858,54.085388668535956,0.9992913603782654,0.9993952512741089,0.02695048227906227,0.004057765007019043,256948,0.0031689361,0.0015776373911648989,0.001528468681499362,0.0015648688422515988
251065,dct_low_nontargeted_white_box_eps0.0627_iter1,1.0000000000000002,0.5000000000000001,0.9989832,58.05364209482825,0.9997096061706543,0.9997696280479431,0.007064145058393478,0.002123713493347168,340997,0.0021660358,0.0012527324724942446,0.0012527168728411198,0.0012396096717566252
3845,dct_low_nontargeted_white_box_eps0.0627_iter1,0.6883116883116884,0.5714285714285715,0.99918777,58.04284695141844,0.9998156428337097,0.999907374382019,0.0051321545615792274,0.0007388591766357422,341854,0.0021695707,0.001253814436495304,0.0012539346935227513,0.0012466278858482838
138819,dct_low_nontargeted_white_box_eps0.0627_iter1,1.0000000000000002,0.6666666666666669,0.9992416,58.03429359455986,0.9997704029083252,0.9998821020126343,0.0066552371717989445,0.0016902685165405273,363823,0.0021719227,0.0012539410963654518,0.001253969850949943,0.001253877766430378
205834,dct_low_nontargeted_white_box_eps0.0627_iter2,1.0000000000000002,0.6666666666666669,0.99805576,54.08452973011448,0.9994494915008545,0.9996923804283142,0.039268847554922104,0.003295421600341797,269227,0.0031972528,0.0015675872564315796,0.0015383358113467693,0.0015667967963963747
348708,dct_low_nontargeted_white_box_eps0.0627_iter5,1.0000000000000002,0.7500000000000002,0.99365693,49.12980402808898,0.998079776763916,0.998142421245575,0.08096513152122498,0.012056171894073486,363978,0.0055494416,0.0029730885289609432,0.00290612131357193,0.0029149034526199102
166521,dct_low_nontargeted_white_box_eps0.0627_iter1,0.5000000000000001,0.3333333333333334,0.99892026,58.045965043479875,0.9997093081474304,0.9997533559799194,0.014702361077070236,0.0012469291687011719,340786,0.002168562,0.0012519094161689281,0.001250987988896668,0.001248785643838346
485802,dct_low_nontargeted_white_box_eps0.0627_iter3,1.0000000000000002,0.3333333333333334,0.99547577,52.90443514198161,0.998618483543396,0.9959652423858643,0.11744169890880585,0.013506174087524414,327183,0.0036375767,0.0019840048626065254,0.0019327520858496428,0.001968930009752512
99054,dct_low_nontargeted_white_box_eps0.0627_iter2,0.8484848484848486,0.6363636363636365,0.99779654,53.927896888757694,0.9993491172790527,0.9994579553604126,0.039739906787872314,0.0026793479919433594,265314,0.0032407234,0.001645676326006651,0.0015731769381090999,0.0016231205081567168
22969,dct_low_nontargeted_white_box_eps0.0627_iter4,1.0000000000000002,0.5000000000000001,0.99712324,49.99389066901741,0.9991137385368347,0.9996470808982849,0.04181963950395584,0.00899350643157959,341328,0.005031763,0.00257456605322659,0.0025261950213462114,0.0025544557720422745
570539,dct_low_nontargeted_white_box_eps0.0627_iter1,0.12121212121212122,0.10606060606060605,0.99912196,58.06054263587191,0.9998013377189636,0.999858558177948,0.005258654244244099,0.0010428428649902344,323921,0.0021645182,0.0012528150109574199,0.0012497561983764172,0.0012365354923531413
278353,dct_low_nontargeted_white_box_eps0.0627_iter3,1.0000000000000002,0.5000000000000001,0.998805,51.38842788160926,0.9996259212493896,0.9997656345367432,0.005931265652179718,0.0013894438743591309,384168,0.0044266596,0.00238760351203382,0.0023906142450869083,0.0023864377290010452
158548,dct_low_nontargeted_white_box_eps0.0627_iter6,0.4545454545454546,0.29924242424242425,0.9940467,47.29152767537862,0.9982287287712097,0.9987923502922058,0.06822440773248672,0.014112472534179688,370917,0.006862025,0.003534340765327215,0.0034570854622870684,0.0035374704748392105
461405,dct_low_nontargeted_white_box_eps0.0627_iter1,1.0000000000000002,0.9860139860139863,0.9992738,58.043579927526224,0.9998166561126709,0.9999434947967529,0.005404873751103878,0.0007225871086120605,362111,0.00216933,0.0012530938256531954,0.0012533224653452635,0.0012473377864807844
176606,dct_low_nontargeted_white_box_eps0.0627_iter1,0.7500000000000002,0.3333333333333334,0.9994648,58.0459542121214,0.999860405921936,0.9999434947967529,0.0031522000208497047,0.0006401538848876953,374511,0.0021686156,0.0012522361939772964,0.0012514761183410883,0.0012479769065976143
44699,dct_low_nontargeted_white_box_eps0.0627_iter5,1.0000000000000002,0.3333333333333334,0.99410087,48.83299798795794,0.9982525706291199,0.9990352392196655,0.0877709686756134,0.011521100997924805,376810,0.005787402,0.003126014955341816,0.003007947700098157,0.003075995482504368
559956,dct_low_nontargeted_white_box_eps0.0627_iter3,0.6363636363636365,0.5590909090909092,0.9972083,51.15951898416718,0.9992108345031738,0.9995279312133789,0.03673764318227768,0.004243791103363037,361368,0.004567075,0.0024772663600742817,0.0024476726539433002,0.0024749820586293936
11197,dct_low_nontargeted_white_box_eps0.0627_iter1,0.781818181818182,0.7515151515151516,0.9991436,58.04109751307373,0.999763011932373,0.9998820424079895,0.009488854557275772,0.001567840576171875,355233,0.0021700105,0.001251076115295291,0.0012532648397609591,0.0012515501584857702
483667,dct_low_nontargeted_white_box_eps0.0627_iter2,0.6666666666666669,0.6250000000000002,0.9975193,54.3081696855468,0.9992696046829224,0.9993125796318054,0.0308730136603117,0.00552821159362793,246855,0.0030832228,0.001495166914537549,0.0014573930529877543,0.0014837877824902534
448810,dct_low_nontargeted_white_box_eps0.0627_iter2,1.0000000000000002,0.5000000000000001,0.9979234,53.865517600392,0.9995642900466919,0.9996951222419739,0.0284890066832304,0.003881692886352539,261806,0.0033147794,0.0016500485362485051,0.0016237463569268584,0.0016381454188376665
724,dct_low_nontargeted_white_box_eps0.0627_iter5,0.3333333333333334,0.24000000000000005,0.99400944,48.88212927374626,0.9985051155090332,0.9989211559295654,0.06756811589002609,0.008633732795715332,369927,0.005755103,0.0030416471417993307,0.0030258072074502707,0.0030534861143678427
51961,dct_low_nontargeted_white_box_eps0.0627_iter2,1.0000000000000002,0.5000000000000001,0.99849343,54.186550794693545,0.9996441602706909,0.9998310208320618,0.017136823385953903,0.003016173839569092,277134,0.0031424141,0.001546214334666729,0.0015009953640401363,0.001524134073406458
375278,dct_low_nontargeted_white_box_eps0.0627_iter5,0.3090909090909092,0.3000000000000001,0.9945373,49.654548335126364,0.998565137386322,0.9990170001983643,0.08023960888385773,0.011515498161315918,365215,0.0052299513,0.0027711964212358,0.0027257436886429787,0.0027600235771387815
302165,dct_low_nontargeted_white_box_eps0.0627_iter2,0.5454545454545455,0.37190082644628103,0.9984314,53.86709123508783,0.9996363520622253,0.9997849464416504,0.023500004783272743,0.003397524356842041,299470,0.003311119,0.0016623899573460221,0.0016111241420730948,0.0016414789715781808
131131,dct_low_nontargeted_white_box_eps0.0627_iter1,1.0000000000000002,0.5000000000000001,0.99909925,58.050516070305434,0.9997936487197876,0.999843955039978,0.008838391862809658,0.0008843541145324707,362921,0.0021672251,0.0012482929741963744,0.0012500284938141704,0.0012494162656366825
98839,dct_low_nontargeted_white_box_eps0.0627_iter2,0.6666666666666669,0.6000000000000002,0.9979333,54.04871621614337,0.9994727373123169,0.9996164441108704,0.027471331879496574,0.0023317337036132812,278921,0.003222286,0.0015865755267441273,0.001544571714475751,0.0015792283229529858
402992,dct_low_nontargeted_white_box_eps0.0627_iter4,1.0000000000000002,0.5000000000000001,0.99714994,48.71419656744557,0.9991339445114136,0.999535322189331,0.03919190540909767,0.00798255205154419,369732,0.005992006,0.0031627612188458443,0.003096369793638587,0.003138042986392975
465675,dct_low_nontargeted_white_box_eps0.0627_iter1,0.27272727272727276,0.13636363636363638,0.9990348,58.080616457685096,0.9997382164001465,0.9996137022972107,0.020760774612426758,0.0033268332481384277,324976,0.0021539237,0.0012403600849211216,0.0012408531038090587,0.0012406479800119996
240754,dct_low_nontargeted_white_box_eps0.0627_iter1,1.0000000000000002,0.5000000000000001,0.99926406,58.03494364677577,0.9997984766960144,0.9999278783798218,0.006113475188612938,0.0009250044822692871,359885,0.0021717444,0.0012534746201708913,0.0012539789313450456,0.001253761351108551
21167,dct_low_nontargeted_white_box_eps0.0627_iter2,0.6666666666666669,0.6000000000000002,0.9972846,54.505814484421435,0.9992059469223022,0.9980029463768005,0.04760362207889557,0.004958391189575195,220896,0.0029414059,0.0014316790038719773,0.0013898551696911454,0.0014169709756970406
384468,dct_low_nontargeted_white_box_eps0.0627_iter4,0.9090909090909092,0.6818181818181819,0.9966791,49.50154198707231,0.9990584850311279,0.9993672966957092,0.04778854176402092,0.006548941135406494,356102,0.005388228,0.0027794658672064543,0.0027116902638226748,0.002755104098469019
253742,dct_low_nontargeted_white_box_eps0.0627_iter1,0.4772727272727273,0.30922865013774103,0.9994974,58.066189513398115,0.9998590350151062,0.9999393224716187,0.002860340755432844,0.0005336403846740723,379435,0.0021625238,0.001247601700015366,0.0012487166095525026,0.001237930147908628
186873,dct_low_nontargeted_white_box_eps0.0627_iter1,1.0000000000000002,0.6666666666666669,0.9992817,58.04734491640702,0.9998196363449097,0.9999033212661743,0.010691745206713676,0.0007480978965759277,332986,0.0021683362,0.001253861584700644,0.0012426183093339205,0.0012540052412077785
82180,dct_low_nontargeted_white_box_eps0.0627_iter1,0.5000000000000001,0.3333333333333334,0.9992964,58.03780220255646,0.9998058080673218,0.9999397993087769,0.004465043544769287,0.0009375214576721191,370465,0.002170897,0.0012534037232398987,0.0012531534302979708,0.0012521767057478428
446522,dct_low_nontargeted_white_box_eps0.0627_iter7,0.20000000000000004,0.18181818181818185,0.99151903,47.48387297495779,0.9977967739105225,0.998141884803772,0.08593729138374329,0.01712125539779663,379601,0.0066818865,0.003526446409523487,0.003441494656726718,0.0034924554638564587
552902,dct_low_nontargeted_white_box_eps0.0627_iter5,1.0000000000000002,0.20000000000000004,0.9970145,48.90965356197925,0.9989253878593445,0.999679684638977,0.06436440348625183,0.011712312698364258,378320,0.005711364,0.0030360587406903505,0.0030243340879678726,0.0030424061696976423
125405,dct_low_nontargeted_white_box_eps0.0627_iter2,1.0000000000000002,0.6666666666666669,0.9984619,53.93334328020426,0.9995620250701904,0.9998504519462585,0.03279714286327362,0.0019269585609436035,283501,0.0032662707,0.0016307448968291283,0.0015877175610512495,0.001617769943550229
110211,dct_low_nontargeted_white_box_eps0.0627_iter2,1.0000000000000002,0.5000000000000001,0.9980273,53.916488827334646,0.9994544386863708,0.9998393058776855,0.04379134997725487,0.0034142732620239258,289030,0.0032693283,0.0016380060696974397,0.001582599594257772,0.001634194515645504
16010,dct_low_nontargeted_white_box_eps0.0627_iter1,0.27272727272727276,0.18181818181818185,0.99931526,58.04027104488603,0.9998296499252319,0.9999114871025085,0.004396163858473301,0.0007135868072509766,376073,0.0021702196,0.0012525126803666353,0.0012528502847999334,0.0012512346729636192
64462,dct_low_nontargeted_white_box_eps0.0627_iter2,1.0000000000000002,0.6666666666666669,0.9975813,54.388243342124966,0.9993374347686768,0.9993849992752075,0.0386088564991951,0.0049169063568115234,240317,0.0030346287,0.0014578859554603696,0.0014389626448974013,0.0014642755268141627
314182,dct_low_nontargeted_white_box_eps0.0627_iter1,0.7575757575757578,0.5681818181818182,0.9990881,58.03668081498833,0.9997332096099854,0.9997815489768982,0.011774322018027306,0.0011625885963439941,336391,0.002171212,0.0012538564624264836,0.0012531601823866367,0.0012526888167485595
248980,dct_low_nontargeted_white_box_eps0.0627_iter1,0.30909090909090914,0.29090909090909095,0.99929065,58.03688410012925,0.9998223781585693,0.9999155402183533,0.005433323793113232,0.00041216611862182617,353489,0.0021711972,0.0012538385344669223,0.0012536714784801006,0.0012520134914666414
68387,dct_low_nontargeted_white_box_eps0.0627_iter2,0.8484848484848486,0.6363636363636365,0.9975078,53.76081230320673,0.9993009567260742,0.9995307326316833,0.03441575914621353,0.003853917121887207,270744,0.0033546211,0.0016901094932109118,0.0016533153830096126,0.0016888491809368134
345466,dct_low_nontargeted_white_box_eps0.0627_iter4,0.5000000000000001,0.4285714285714287,0.9949519,49.35110960873821,0.9987913966178894,0.9993215203285217,0.05435134097933769,0.008567512035369873,356073,0.0055188537,0.002852808218449354,0.00277471961453557,0.002820981666445732
352900,dct_low_nontargeted_white_box_eps0.0627_iter1,0.6363636363636365,0.5236363636363637,0.9990797,58.060260831311695,0.9997800588607788,0.9998597502708435,0.0087010832503438,0.0007162094116210938,345522,0.0021647897,0.0012537804432213306,0.0012538129230961204,0.001231754431501031
118367,dct_low_nontargeted_white_box_eps0.0627_iter2,0.5000000000000001,0.4000000000000001,0.99790305,54.66995623643256,0.9994029998779297,0.9995137453079224,0.04599215090274811,0.0035451650619506836,233367,0.0029037884,0.0013734257081523538,0.001347751822322607,0.0013621796388179064
113235,dct_low_nontargeted_white_box_eps0.0627_iter4,0.5000000000000001,0.4285714285714287,0.9967661,49.45178114166333,0.9989964962005615,0.9993565082550049,0.04850001260638237,0.00885230302810669,356003,0.0054483805,0.002790724392980337,0.0027710043359547853,0.002796655520796776
311303,dct_low_nontargeted_white_box_eps0.0627_iter1,0.6493506493506495,0.6103896103896105,0.9990532,58.068962309371514,0.9997787475585938,0.9998522400856018,0.008278477936983109,0.0013514161109924316,346320,0.0021616365,0.0012455093674361706,0.0012486600317060947,0.0012377100065350533
163640,dct_low_nontargeted_white_box_eps0.0627_iter2,0.7500000000000002,0.5000000000000001,0.99831414,53.821000353370955,0.9995487928390503,0.9997654557228088,0.030414775013923645,0.0025475025177001953,287949,0.0033317048,0.0016642441041767597,0.0016470733098685741,0.0016535627655684948
1490,dct_low_nontargeted_white_box_eps0.0627_iter4,1.0000000000000002,0.6666666666666669,0.99600905,51.42037311846468,0.9986802935600281,0.9978529214859009,0.11736536771059036,0.03374898433685303,299472,0.0041989684,0.002069918904453516,0.0020041053649038076,0.002068309113383293
329456,dct_low_nontargeted_white_box_eps0.0627_iter3,0.1490909090909091,0.13543599257884975,0.9963827,51.506405578258914,0.9991366863250732,0.9993745684623718,0.06238140910863876,0.006406068801879883,347911,0.0043344637,0.0023535098880529404,0.0023021893575787544,0.0023592303041368723
570471,dct_low_nontargeted_white_box_eps0.0627_iter1,0.4696969696969697,0.38636363636363646,0.9990956,58.108846174156625,0.9998270273208618,0.999886691570282,0.005665268283337355,0.0012598037719726562,338437,0.0021433302,0.0012368742609396577,0.0012331499019637704,0.001227723783813417
88269,dct_low_nontargeted_white_box_eps0.0627_iter3,1.0000000000000002,0.6000000000000002,0.9966397,51.43546714867804,0.9990543127059937,0.9994572401046753,0.04207393527030945,0.004234015941619873,343288,0.004386708,0.0023876288905739784,0.002364499494433403,0.0023395835887640715
260470,dct_low_nontargeted_white_box_eps0.0627_iter3,0.5086088154269973,0.48239275875639515,0.996236,50.837069949367105,0.9991426467895508,0.9994849562644958,0.07298897206783295,0.007314085960388184,341842,0.004724428,0.0026257315184921026,0.0025435476563870907,0.002558693988248706
193494,dct_low_nontargeted_white_box_eps0.0627_iter2,1.0000000000000002,0.5000000000000001,0.9983222,53.781972188440236,0.9994739890098572,0.9997832179069519,0.019160421565175056,0.002212703227996826,282825,0.0033318507,0.0017037552315741777,0.0016307509504258633,0.0016739825950935483
252776,dct_low_nontargeted_white_box_eps0.0627_iter1,0.303030303030303,0.1818181818181818,0.99894804,58.03781286150667,0.9997285604476929,0.9997907876968384,0.008728926070034504,0.002466559410095215,329501,0.0021708468,0.0012529462110251188,0.001253021415323019,0.0012527697253972292
201072,dct_low_nontargeted_white_box_eps0.0627_iter3,0.9545454545454546,0.8878787878787882,0.996751,51.22369029436058,0.999111533164978,0.9994964003562927,0.052503012120723724,0.0033792853355407715,343854,0.004482457,0.0024584592320024967,0.0024157660081982613,0.002455925103276968
18150,dct_low_nontargeted_white_box_eps0.0627_iter2,0.6000000000000002,0.5714285714285715,0.99801034,53.860782560710376,0.9994299411773682,0.9996482133865356,0.026237159967422485,0.0031510591506958008,275821,0.0033174974,0.0016542812809348106,0.001619564602151513,0.0016436591977253556
337498,dct_low_nontargeted_white_box_eps0.0627_iter5,0.7878787878787881,0.47272727272727283,0.9935186,47.68010146093814,0.9986679553985596,0.9989424347877502,0.06295444071292877,0.006900668144226074,376779,0.006667676,0.0035924038384109735,0.0035204750020056963,0.0035112977493554354
521405,dct_low_nontargeted_white_box_eps0.0627_iter2,0.5000000000000001,0.3333333333333334,0.9980361,54.127286220783255,0.9993875026702881,0.999598503112793,0.020044054836034775,0.0017581582069396973,262784,0.0031671831,0.0015613129362463951,0.0015189184341579676,0.0015445825411006808
518770,dct_low_nontargeted_white_box_eps0.0627_iter6,0.49675324675324684,0.3167903525046382,0.9912915,47.83880330779687,0.9976417422294617,0.9981123208999634,0.10699653625488281,0.013432502746582031,358518,0.0063784015,0.003267482155933976,0.003152241464704275,0.003226011758670211
201646,dct_low_nontargeted_white_box_eps0.0627_iter6,0.5000000000000001,0.3750000000000001,0.99197835,48.74112744947915,0.9976503849029541,0.9966601133346558,0.11402246356010437,0.023665964603424072,347666,0.0057541747,0.0028709894977509975,0.002857331419363618,0.0028781071305274963
36936,dct_low_nontargeted_white_box_eps0.0627_iter1,0.6863636363636365,0.6322314049586778,0.99907595,58.048487621620986,0.9997655749320984,0.9998430609703064,0.007008680142462254,0.0018538832664489746,350282,0.0021679664,0.0012522288598120213,0.0012515686685219407,0.001245716935954988
59044,dct_low_nontargeted_white_box_eps0.0627_iter1,0.2858585858585859,0.2723140495867769,0.99899983,58.03762457235899,0.9997445940971375,0.9997826218605042,0.01052800752222538,0.0018200874328613281,342619,0.0021709593,0.001252998597919941,0.0012533962726593018,0.0012525111669674516
172946,dct_low_nontargeted_white_box_eps0.0627_iter7,0.21818181818181814,0.18122294372294373,0.9904826,46.84098398175116,0.9974874258041382,0.9980792999267578,0.11096221208572388,0.01770991086959839,382400,0.0071916347,0.0038005281239748,0.0037218304350972176,0.003778281854465604
234607,dct_low_nontargeted_white_box_eps0.0627_iter1,0.6818181818181819,0.34090909090909094,0.9989936,58.0426271731971,0.9997565746307373,0.9998183846473694,0.007617565803229809,0.001795053482055664,337950,0.0021689476,0.0012506723869591951,0.001251768902875483,0.0012521136086434126
532690,dct_low_nontargeted_white_box_eps0.0627_iter1,0.6666666666666669,0.6363636363636364,0.9991744,58.045256403271566,0.9997450709342957,0.9998286366462708,0.007026050705462694,0.0010187625885009766,350664,0.0021683134,0.001251388224773109,0.0012521781027317047,0.0012487306958064437
323895,dct_low_nontargeted_white_box_eps0.0627_iter2,0.7727272727272729,0.38636363636363646,0.997955,54.37790447923454,0.9992990493774414,0.9995969533920288,0.027392230927944183,0.003861725330352783,255528,0.003016974,0.001457933452911675,0.0014459571102634072,0.0014628112548962235
384670,dct_low_nontargeted_white_box_eps0.0627_iter3,0.6666666666666669,0.4000000000000001,0.99685335,52.484225776491556,0.9988519549369812,0.9993858933448792,0.042229749262332916,0.0054514408111572266,362523,0.0038357987,0.0020684292539954185,0.0020559246186167,0.0020687619689852
50326,dct_low_nontargeted_white_box_eps0.0627_iter1,0.3333333333333334,0.25000000000000006,0.999044,58.03456907212961,0.999729573726654,0.9998245239257812,0.011119470000267029,0.0010428428649902344,335084,0.002171847,0.0012540086172521114,0.0012540125753730536,0.0012534921988844872
205542,dct_low_nontargeted_white_box_eps0.0627_iter1,1.0000000000000002,0.5000000000000001,0.9993982,58.03867002192782,0.9998185038566589,0.9999480247497559,0.004437944386154413,0.0011436939239501953,372139,0.0021706445,0.0012523988261818886,0.0012524990597739816,0.0012530948733910918
217957,dct_low_nontargeted_white_box_eps0.0627_iter2,1.0000000000000002,0.5000000000000001,0.9985731,53.7313672314786,0.9996227025985718,0.9997891187667847,0.015139480121433735,0.001986861228942871,307266,0.0033473321,0.0017337347380816936,0.0016621571267023683,0.001703243120573461
162035,dct_low_nontargeted_white_box_eps0.0627_iter2,0.6818181818181819,0.28484848484848485,0.9979765,54.224833864613416,0.9994561672210693,0.9996745586395264,0.0344482846558094,0.005617380142211914,259947,0.0031227998,0.0015111889224499464,0.0014973563374951482,0.0015132796252146363
415727,dct_low_nontargeted_white_box_eps0.0627_iter7,0.25000000000000006,0.21212121212121218,0.98999304,46.11674202839338,0.9976123571395874,0.9977582693099976,0.08867164701223373,0.016610383987426758,384704,0.007874686,0.0041551911272108555,0.004137156996876001,0.004154958762228489
46252,dct_low_nontargeted_white_box_eps0.0627_iter5,1.0000000000000002,0.7500000000000002,0.9967844,48.26672699392243,0.9989081621170044,0.9993470907211304,0.05185943841934204,0.00789022445678711,387442,0.006164335,0.003308891551569104,0.003259043674916029,0.003296541515737772
182021,dct_low_nontargeted_white_box_eps0.0627_iter3,0.5454545454545455,0.40909090909090917,0.99547356,52.385175891364995,0.9987906217575073,0.9988663792610168,0.09810793399810791,0.011704504489898682,329070,0.0038842037,0.002119828248396516,0.0020622320007532835,0.0020928208250552416
231747,dct_low_nontargeted_white_box_eps0.0627_iter1,0.1272727272727273,0.1168831168831169,0.99922776,58.0586389167503,0.9998199939727783,0.9998843669891357,0.00521378219127655,0.0010382533073425293,352780,0.0021648041,0.0012465995969250798,0.0012472852831706405,0.0012468777131289244
90284,dct_low_nontargeted_white_box_eps0.0627_iter3,1.0000000000000002,0.6666666666666669,0.9960595,51.7308654270877,0.9988963007926941,0.9988994002342224,0.033575549721717834,0.003928065299987793,314087,0.0041992418,0.002261728746816516,0.002274869941174984,0.0022942638024687767
286553,dct_low_nontargeted_white_box_eps0.0627_iter1,0.6262626262626264,0.6090909090909091,0.9991851,58.03831039998769,0.9997704029083252,0.9998291730880737,0.007040740456432104,0.0011674165725708008,342280,0.0021708144,0.0012511133681982756,0.0012539270101115108,0.0012532579712569714
488736,dct_low_nontargeted_white_box_eps0.0627_iter2,1.0000000000000002,0.5000000000000001,0.99857384,53.35556767264117,0.9996296167373657,0.9997866153717041,0.021037954837083817,0.0028228759765625,310548,0.0035738815,0.001852255198173225,0.0018116002902388573,0.0018619128968566656
63602,dct_low_nontargeted_white_box_eps0.0627_iter1,0.5000000000000001,0.4000000000000001,0.9988305,58.04713600499479,0.9996905326843262,0.9995658993721008,0.016670459881424904,0.0014925003051757812,322352,0.0021682389,0.0012508871732279658,0.0012522691395133734,0.0012475155526772141
383386,dct_low_nontargeted_white_box_eps0.0627_iter1,0.5000000000000001,0.3333333333333334,0.99938434,58.03535984140601,0.9998273849487305,0.9998994469642639,0.005115436855703592,0.0004191398620605469,376281,0.0021716151,0.0012539238668978214,0.0012536868453025818,0.0012532356195151806
450686,dct_low_nontargeted_white_box_eps0.0627_iter6,1.0000000000000002,0.6666666666666669,0.99137855,48.38997444759307,0.9974872469902039,0.9975529313087463,0.086600661277771,0.01212221384048462,351764,0.00595605,0.0029790522530674934,0.0029576641973108053,0.0029809109400957823
5060,dct_low_nontargeted_white_box_eps0.0627_iter1,1.0000000000000002,0.5000000000000001,0.9993825,58.057239920300646,0.9998049736022949,0.999879002571106,0.0027484886813908815,0.0009264945983886719,362721,0.0021653392,0.0012500355951488018,0.0012499295407906175,0.0012419933918863535
286523,dct_low_nontargeted_white_box_eps0.0627_iter1,1.0000000000000002,0.5000000000000001,0.9991317,58.06687020607968,0.9998142719268799,0.9998553991317749,0.007879812270402908,0.0007253885269165039,335027,0.002160361,0.0012443402083590627,0.001243057893589139,0.001246259082108736
120420,dct_low_nontargeted_white_box_eps0.0627_iter1,0.7272727272727273,0.6515151515151517,0.9994498,58.04830311423659,0.9998540878295898,0.9999405741691589,0.003653864609077573,0.00040990114212036133,368432,0.0021677383,0.001248514512553811,0.0012503504985943437,0.001250799628905952
579655,dct_low_nontargeted_white_box_eps0.0627_iter6,0.490909090909091,0.4696539256198348,0.9902456,48.24788834214149,0.9979119300842285,0.998231053352356,0.1383911520242691,0.03200173377990723,340226,0.006073272,0.003044320736080408,0.003052291227504611,0.0030767926946282387
117908,dct_low_nontargeted_white_box_eps0.0627_iter8,0.6363636363636365,0.6255411255411256,0.9880665,46.78435901137266,0.9968022704124451,0.9971731305122375,0.1472126841545105,0.01981031894683838,367173,0.0071444125,0.0036392048932611942,0.003515471238642931,0.003621994284912944
550322,dct_low_nontargeted_white_box_eps0.0627_iter1,0.5227272727272728,0.41818181818181827,0.9992848,58.10436737978935,0.99981689453125,0.9999125003814697,0.0027728183194994926,0.000684201717376709,355856,0.0021523526,0.0012486584018915892,0.0012489474611356854,0.0012039676075801253
218362,dct_low_nontargeted_white_box_eps0.0627_iter1,0.6363636363636365,0.21212121212121215,0.9987976,58.27994880383735,0.9997615814208984,0.9998096823692322,0.008932371623814106,0.001819014549255371,314616,0.002083139,0.0011983909644186497,0.0011920618126168847,0.001164460671134293
213224,dct_low_nontargeted_white_box_eps0.0627_iter4,0.590909090909091,0.39393939393939403,0.9950454,49.6226116923671,0.9986714124679565,0.9989538192749023,0.058346398174762726,0.0062563419342041016,343862,0.0053086863,0.0027178514283150434,0.0026652319356799126,0.0026846216060221195
297578,dct_low_nontargeted_white_box_eps0.0627_iter1,0.7500000000000002,0.7090909090909092,0.99876684,58.12880478637308,0.9997336864471436,0.9997798800468445,0.014529835432767868,0.0015807151794433594,311959,0.0021309794,0.0012265575351193547,0.0012268484570086002,0.0012274086475372314
458992,dct_low_nontargeted_white_box_eps0.0627_iter2,1.0000000000000002,0.8750000000000002,0.9980313,53.47288396234524,0.9994759559631348,0.9996060132980347,0.020549172535538673,0.002217590808868408,281176,0.0034887579,0.0017999585252255201,0.0017842707457020879,0.001795257325284183
78266,dct_low_nontargeted_white_box_eps0.0627_iter1,0.11111111111111113,0.09090909090909093,0.9990835,58.10668632353788,0.999793291091919,0.9998725056648254,0.007609694730490446,0.0015301108360290527,341195,0.0021491086,0.0012419644044712186,0.0012390444753691554,0.001218592282384634
164602,dct_low_nontargeted_white_box_eps0.0627_iter1,0.5227272727272728,0.5090909090909091,0.99908257,58.03778283533024,0.999762237071991,0.999817967414856,0.0064013246446847916,0.001329183578491211,343687,0.002170962,0.0012538287555798888,0.0012539055896922946,0.0012510237284004688
440475,dct_low_nontargeted_white_box_eps0.0627_iter4,0.4236363636363637,0.3404428904428905,0.99459046,49.330034713847404,0.9987304210662842,0.9990105032920837,0.0735471174120903,0.009390115737915039,356249,0.0055369074,0.0028791886288672686,0.0027727270498871803,0.002811405574902892
101762,dct_low_nontargeted_white_box_eps0.0627_iter6,1.0000000000000002,0.5000000000000001,0.9927754,47.83107788923939,0.9979612827301025,0.9985669255256653,0.06781893968582153,0.010093331336975098,368502,0.006481671,0.0032813281286507845,0.0032200149726122618,0.0033024291042238474
557501,dct_low_nontargeted_white_box_eps0.0627_iter1,0.5000000000000001,0.3333333333333334,0.9990258,58.03442014142899,0.9997451305389404,0.9997891783714294,0.008637857623398304,0.0009610652923583984,336077,0.002171886,0.0012539428425952792,0.0012538926675915718,0.0012538372538983822
203317,dct_low_nontargeted_white_box_eps0.0627_iter3,1.0000000000000002,0.5000000000000001,0.99758625,51.59243327507977,0.9993430972099304,0.9996060729026794,0.021685224026441574,0.0014314651489257812,363576,0.004318423,0.0023209811188280582,0.0023191915825009346,0.0023260549642145634
368940,dct_low_nontargeted_white_box_eps0.0627_iter2,1.0000000000000002,0.3333333333333334,0.9977827,54.18514675060159,0.9993209838867188,0.9990110993385315,0.03334145247936249,0.005704283714294434,250614,0.003136658,0.0015336013166233897,0.0014983420260250568,0.0015317240031436086
569917,dct_low_nontargeted_white_box_eps0.0627_iter4,0.7500000000000002,0.7000000000000002,0.99525446,49.78199373707316,0.9983812570571899,0.9984688758850098,0.048488371074199677,0.009467780590057373,344209,0.0052279793,0.0026743710041046143,0.00261087529361248,0.002647317247465253
144798,dct_low_nontargeted_white_box_eps0.0627_iter1,0.7500000000000002,0.6666666666666669,0.99879676,58.03856325740698,0.9996358752250671,0.9987224340438843,0.016244836151599884,0.0033637285232543945,318912,0.0021707404,0.0012530157109722495,0.0012537931324914098,0.001251270528882742
284623,dct_low_nontargeted_white_box_eps0.0627_iter2,0.4000000000000001,0.3750000000000001,0.9981423,54.2887699227264,0.9994537830352783,0.9996965527534485,0.04413503035902977,0.0019100308418273926,260715,0.0030874098,0.0014907218283042312,0.0014807344414293766,0.00148531433660537
520301,dct_low_nontargeted_white_box_eps0.0627_iter1,1.0000000000000002,0.5000000000000001,0.9992257,58.052016410783324,0.999774694442749,0.9998502731323242,0.006439039018005133,0.0009952783584594727,346632,0.0021644211,0.0012489259243011475,0.001249053981155157,0.0012484838953241706
127987,dct_low_nontargeted_white_box_eps0.0627_iter1,0.5000000000000001,0.28571428571428575,0.9989328,58.104569888610826,0.9997774362564087,0.9998422265052795,0.008895374834537506,0.0015283823013305664,329221,0.0021467605,0.0012375878868624568,0.0012370106996968389,0.0012267937418073416
63740,dct_low_nontargeted_white_box_eps0.0627_iter2,0.6136363636363638,0.5227272727272728,0.99786735,53.635633710115,0.9995012283325195,0.999569296836853,0.030411425977945328,0.0025398731231689453,278390,0.003421062,0.0017508295131847262,0.0016944846138358116,0.0017365311505272985
36494,dct_low_nontargeted_white_box_eps0.0627_iter8,0.22727272727272727,0.21197923939859423,0.98661715,44.82862614725295,0.9976910948753357,0.9981957077980042,0.11045489460229874,0.01874595880508423,377692,0.009058847,0.0047407131642103195,0.004603982903063297,0.004622845910489559
210032,dct_low_nontargeted_white_box_eps0.0627_iter3,0.34343434343434354,0.31404958677685957,0.9967561,51.637907082099005,0.9992294311523438,0.9995852708816528,0.06143183633685112,0.003391563892364502,359751,0.0042857276,0.002318291924893856,0.002275794744491577,0.0023166893515735865
488270,dct_low_nontargeted_white_box_eps0.0627_iter1,1.0000000000000002,0.5000000000000001,0.99875706,58.035407407853945,0.9996289610862732,0.9990705847740173,0.018593711778521538,0.003803849220275879,309302,0.002171602,0.0012533526169136167,0.001253781607374549,0.0012536622816696763
67180,dct_low_nontargeted_white_box_eps0.0627_iter2,1.0000000000000002,0.25000000000000006,0.99888855,54.226807257047874,0.99961918592453,0.9998429417610168,0.015532241202890873,0.0027753114700317383,283527,0.003105912,0.0015134118730202317,0.0014973313082009554,0.0015094151021912694
281179,dct_low_nontargeted_white_box_eps0.0627_iter1,0.686868686868687,0.5303030303030304,0.9990955,58.138042558059894,0.9997994303703308,0.9998793005943298,0.006956554017961025,0.0011321306228637695,337469,0.0021435071,0.0012467183405533433,0.0012515968410298228,0.0011746716918423772
64359,dct_low_nontargeted_white_box_eps0.0627_iter2,1.0000000000000002,0.6666666666666669,0.997876,54.0022309346465,0.9993703365325928,0.9997339248657227,0.03791853040456772,0.003565073013305664,276169,0.0032404936,0.0015968210063874722,0.0015556778525933623,0.0016071259742602706
126226,dct_low_nontargeted_white_box_eps0.0627_iter1,0.27272727272727276,0.2,0.9991894,58.069212256615955,0.999779462814331,0.9998378753662109,0.00520844804123044,0.0012927055358886719,351927,0.0021607394,0.0012437902623787522,0.0012479128781706095,0.0012399432016536593
190923,dct_low_nontargeted_white_box_eps0.0627_iter1,0.6363636363636365,0.3295454545454546,0.99931455,58.03820251224455,0.9998170733451843,0.9999217391014099,0.003920638468116522,0.0011535882949829102,356265,0.0021708158,0.0012523042969405651,0.0012525176862254739,0.0012535718269646168
150265,dct_low_nontargeted_white_box_eps0.0627_iter1,1.0000000000000002,0.7500000000000002,0.99913555,58.05065237651889,0.9997613430023193,0.9998654127120972,0.004003545735031366,0.0010944604873657227,360910,0.002167221,0.001248932327143848,0.0012534457491710782,0.0012452666414901614
216739,dct_low_nontargeted_white_box_eps0.0627_iter3,0.8181818181818183,0.7121212121212122,0.9962697,52.306369632805115,0.998937726020813,0.9967505931854248,0.08201619237661362,0.00497359037399292,343002,0.0039267396,0.0021181555930525064,0.00209046876989305,0.002128079766407609
38048,dct_low_nontargeted_white_box_eps0.0627_iter2,0.6000000000000002,0.5000000000000002,0.9979299,54.29143408596818,0.999360203742981,0.9994584321975708,0.03131139278411865,0.0033802390098571777,250700,0.0030625965,0.0015064679319038987,0.0014641430461779237,0.0014830190921202302
354829,dct_low_nontargeted_white_box_eps0.0627_iter2,1.0000000000000002,0.6666666666666669,0.9978507,54.20217979231383,0.9994825124740601,0.9996444582939148,0.04056377708911896,0.004384219646453857,255641,0.00314811,0.0015312746400013566,0.0015017283149063587,0.0015128281665965915
525155,dct_low_nontargeted_white_box_eps0.0627_iter5,0.5000000000000001,0.3333333333333334,0.9933114,50.05221598797643,0.997931957244873,0.996943473815918,0.15745896100997925,0.019562184810638428,351111,0.0049886606,0.0026567354798316956,0.002604104345664382,0.002643466228619218
163314,dct_low_nontargeted_white_box_eps0.0627_iter4,0.25,0.22222222222222224,0.99504,50.03387625170642,0.9988943934440613,0.9992311000823975,0.08904493600130081,0.013532519340515137,340486,0.005068238,0.0025874387938529253,0.0025051299016922712,0.0025447141379117966
259571,dct_low_nontargeted_white_box_eps0.0627_iter4,0.8316498316498318,0.5239669421487605,0.9945109,50.2673642034748,0.9986297488212585,0.9990598559379578,0.10918035358190536,0.006458878517150879,332711,0.0048914957,0.002501481445506215,0.002380413468927145,0.0024562820326536894
561679,dct_low_nontargeted_white_box_eps0.0627_iter2,1.0000000000000002,0.5000000000000001,0.99803376,53.99287449979498,0.9995461702346802,0.9997499585151672,0.02656109258532524,0.0023270845413208008,268147,0.0032529675,0.0016034397995099425,0.0015923340106382966,0.0015854915836825967
236166,dct_low_nontargeted_white_box_eps0.0627_iter1,0.6666666666666669,0.3333333333333334,0.9991271,58.11180048308344,0.9997734427452087,0.9998605251312256,0.0049383388832211494,0.0006859302520751953,354207,0.0021431453,0.001232497743330896,0.0012317743385210633,0.0012309649027884007
153529,dct_low_nontargeted_white_box_eps0.0627_iter4,0.625,0.4898989898989899,0.9961042,49.60021721624141,0.9989012479782104,0.999081552028656,0.03959637135267258,0.0047463178634643555,350893,0.0053144908,0.0027243541553616524,0.0026737607549875975,0.0027067414484918118
473015,dct_low_nontargeted_white_box_eps0.0627_iter4,0.2727272727272727,0.16666666666666663,0.9949212,50.17008851397385,0.9983323812484741,0.9987909197807312,0.0808006301522255,0.020121335983276367,330946,0.0049471194,0.0025178908836096525,0.002425173996016383,0.0024671307764947414
379800,dct_low_nontargeted_white_box_eps0.0627_iter3,0.5681818181818183,0.4545454545454546,0.99736977,50.761694226561325,0.9992904663085938,0.9996007084846497,0.03298260271549225,0.0034443140029907227,372415,0.0048050242,0.0026241757441312075,0.0025979778729379177,0.0026058789808303118
253835,dct_low_nontargeted_white_box_eps0.0627_iter1,0.5909090909090909,0.5064935064935066,0.99924284,58.03679324830753,0.9997841715812683,0.9998589158058167,0.00540807843208313,0.0011353492736816406,363364,0.002171204,0.0012528580846264958,0.0012533836998045444,0.0012533670524135232
34071,dct_low_nontargeted_white_box_eps0.0627_iter3,0.5000000000000001,0.25000000000000006,0.9951311,52.69077085612224,0.9987421035766602,0.9972983002662659,0.10569380223751068,0.016518354415893555,305326,0.003715459,0.0020200442522764206,0.0019548749551177025,0.002029199618846178
36861,dct_low_nontargeted_white_box_eps0.0627_iter2,1.0000000000000002,0.5000000000000001,0.99840695,54.308323303288226,0.9995346069335938,0.9997449517250061,0.013539187610149384,0.0021231770515441895,267401,0.0030809843,0.0014867089921608567,0.0014629085781052709,0.0014865362318232656
569565,dct_low_nontargeted_white_box_eps0.0627_iter2,0.5000000000000001,0.3333333333333334,0.99813,53.790412177964875,0.9994993209838867,0.999787449836731,0.03423105180263519,0.0030945539474487305,292889,0.0033307935,0.0016899571055546403,0.0016261253040283918,0.0016830397071316838
219271,dct_low_nontargeted_white_box_eps0.0627_iter1,0.3303030303030303,0.2272727272727273,0.9991762,58.034244067991864,0.9997470378875732,0.9998703002929688,0.008625118993222713,0.0027190446853637695,354416,0.002171934,0.001253957161679864,0.0012539110612124205,0.0012539448216557503
205647,dct_low_nontargeted_white_box_eps0.0627_iter2,1.0000000000000002,0.3333333333333334,0.99786943,54.41990122760724,0.9993635416030884,0.9995808601379395,0.0562773197889328,0.004178404808044434,249088,0.0029873105,0.0014456571079790592,0.0014245471684262156,0.0014534656656906009
460841,dct_low_nontargeted_white_box_eps0.0627_iter1,0.6000000000000002,0.4000000000000001,0.99881315,58.03459406663424,0.9996496438980103,0.9995846152305603,0.02136109583079815,0.0021524429321289062,344602,0.0021718277,0.0012538316659629345,0.001253896625712514,0.0012537982547655702
123131,dct_low_nontargeted_white_box_eps0.0627_iter3,0.7272727272727274,0.34090909090909094,0.9964862,52.21474556394842,0.9989596605300903,0.9980579614639282,0.08716066181659698,0.00823676586151123,343999,0.0039559472,0.0021744060795754194,0.0020970397163182497,0.002074307529255748
334006,dct_low_nontargeted_white_box_eps0.0627_iter5,0.7500000000000002,0.6666666666666669,0.9939837,48.2752070317341,0.9984462261199951,0.9991039037704468,0.08993612974882126,0.012286543846130371,383961,0.0062179402,0.0033370405435562134,0.0032361990306526423,0.0033097919076681137
511599,dct_low_nontargeted_white_box_eps0.0627_iter1,0.20779220779220783,0.2006493506493507,0.9993009,58.034542198269904,0.9997953176498413,0.9999182224273682,0.0042205676436424255,0.00035369396209716797,378663,0.002171846,0.0012538764858618379,0.00125388172455132,0.0012537926668301225
174004,dct_low_nontargeted_white_box_eps0.0627_iter4,1.0000000000000002,0.5000000000000001,0.997619,49.91592417931959,0.9991930723190308,0.9995499849319458,0.040156830102205276,0.01021665334701538,345345,0.0051001967,0.0025875186547636986,0.0025666614528745413,0.002593244891613722
519764,dct_low_nontargeted_white_box_eps0.0627_iter3,0.3333333333333334,0.1666666666666667,0.9957838,52.42833266978157,0.998950183391571,0.9989833235740662,0.06293465197086334,0.010160684585571289,318484,0.0038607533,0.0020849413704127073,0.0020778223406523466,0.0020509588066488504
137576,dct_low_nontargeted_white_box_eps0.0627_iter3,0.31818181818181823,0.15909090909090912,0.9980537,51.16727049509456,0.9994580149650574,0.9996954202651978,0.019002992659807205,0.0013152360916137695,378750,0.004562794,0.0024721394293010235,0.0024443569127470255,0.0024703051894903183
87470,dct_low_nontargeted_white_box_eps0.0627_iter5,0.6060606060606061,0.5322966507177034,0.99394345,47.85380732755351,0.99835205078125,0.9988666772842407,0.07236794382333755,0.012079298496246338,385781,0.0065511484,0.0035113205667585135,0.0034419395960867405,0.0035103815607726574
9769,dct_low_nontargeted_white_box_eps0.0627_iter1,0.7878787878787881,0.47272727272727283,0.99946,58.04739075867828,0.9998700618743896,0.9999309778213501,0.004147407133132219,0.0007860660552978516,371744,0.0021681539,0.0012504286132752895,0.0012501375749707222,0.0012498828582465649
558114,dct_low_nontargeted_white_box_eps0.0627_iter4,0.27272727272727276,0.2651515151515152,0.99537295,48.80577713684648,0.9987914562225342,0.9990153908729553,0.04386606812477112,0.007374405860900879,359418,0.0058820588,0.0030985295306891203,0.00299109541811049,0.003082473296672106
205776,dct_low_nontargeted_white_box_eps0.0627_iter2,1.0000000000000002,0.5000000000000001,0.9981239,54.30200606884477,0.9994641542434692,0.9997308254241943,0.036312248557806015,0.0037840604782104492,265902,0.0030900992,0.001486427616328001,0.0014680305030196905,0.0014885148266330361
163257,dct_low_nontargeted_white_box_eps0.0627_iter1,0.5000000000000001,0.3333333333333334,0.9989237,58.087966288016744,0.9997178912162781,0.999698281288147,0.008626125752925873,0.001170516014099121,326875,0.00214896,0.0012387133901938796,0.0012376814847812057,0.0012391742784529924
475678,dct_low_nontargeted_white_box_eps0.0627_iter1,0.8863636363636366,0.4431818181818183,0.9992564,58.05338696962332,0.9998401999473572,0.9998790621757507,0.00477554090321064,0.0006268620491027832,354928,0.0021664854,0.0012450218200683594,0.001251464243978262,0.0012487914646044374
85478,dct_low_nontargeted_white_box_eps0.0627_iter1,1.0000000000000002,0.5000000000000001,0.9991722,58.035141198246635,0.9997873306274414,0.9999149441719055,0.007629899308085442,0.0012865066528320312,369717,0.0021716806,0.001253465423360467,0.0012537346919998527,0.0012538605369627476
318080,dct_low_nontargeted_white_box_eps0.0627_iter3,1.0000000000000002,0.18181818181818185,0.99772793,51.98954079991418,0.9993414878845215,0.999737024307251,0.040319763123989105,0.006435871124267578,373943,0.004096104,0.002210251521319151,0.002186190104112029,0.0022057348396629095
361551,dct_low_nontargeted_white_box_eps0.0627_iter2,0.7045454545454546,0.6363636363636364,0.99771816,53.90475977095129,0.9993528127670288,0.9995766878128052,0.02270742692053318,0.0022314786911010742,274769,0.0032688382,0.0016489733243361115,0.0015951459063217044,0.0016234996728599072
236784,dct_low_nontargeted_white_box_eps0.0627_iter4,1.0000000000000002,0.6666666666666669,0.99635535,49.585619980948564,0.9988555312156677,0.998382031917572,0.045166581869125366,0.017193377017974854,347084,0.0053510503,0.002736662281677127,0.002704223385080695,0.0027203159406781197
92839,dct_low_nontargeted_white_box_eps0.0627_iter1,1.0000000000000002,0.5000000000000001,0.99926066,58.04261902970158,0.9997708797454834,0.9998669028282166,0.0064995791763067245,0.0011721253395080566,361820,0.0021696258,0.0012470841174945235,0.001253704889677465,0.0012537897564470768
42296,dct_low_nontargeted_white_box_eps0.0627_iter1,1.0000000000000002,0.6666666666666669,0.9992585,58.040081237532476,0.9997896552085876,0.9999123215675354,0.005167079158127308,0.0008368492126464844,373977,0.002170086,0.0012518325820565224,0.00125268311239779,0.0012522562174126506
560266,dct_low_nontargeted_white_box_eps0.0627_iter5,1.0000000000000002,0.3333333333333334,0.9961605,49.08716035020001,0.9987465143203735,0.9995356798171997,0.07588358223438263,0.012291312217712402,380611,0.0056319134,0.0030063586309552193,0.0029094091150909662,0.0030041260179132223
486479,dct_low_nontargeted_white_box_eps0.0627_iter2,0.5000000000000001,0.3333333333333334,0.99806255,53.95268086544655,0.9994270205497742,0.9997046589851379,0.03178171068429947,0.0030456185340881348,252355,0.0032433772,0.0016198087250813842,0.0015873319935053587,0.00160705903545022
127955,dct_low_nontargeted_white_box_eps0.0627_iter2,1.0000000000000002,0.5000000000000001,0.99856395,54.47434232561634,0.9995592832565308,0.9998306632041931,0.026701757684350014,0.004721343517303467,273012,0.0029948996,0.001436283579096198,0.0013974729226902127,0.0014357983600348234
307658,dct_low_nontargeted_white_box_eps0.0627_iter5,1.0000000000000002,0.5000000000000001,0.99727035,49.35617224457546,0.9989931583404541,0.9993656873703003,0.01848948746919632,0.0044484734535217285,387201,0.005456265,0.0028803404420614243,0.0028691631741821766,0.002878356259316206
417465,dct_low_nontargeted_white_box_eps0.0627_iter1,1.0000000000000002,0.5000000000000001,0.9991758,58.05126234806946,0.999728798866272,0.9998750686645508,0.007563918363302946,0.001044154167175293,368040,0.0021658735,0.0012493585236370564,0.0012494471156969666,0.0012483139289543033
342971,dct_low_nontargeted_white_box_eps0.0627_iter2,1.0000000000000002,0.6666666666666669,0.9975931,54.31049171105184,0.9992527961730957,0.991344153881073,0.05148409307003021,0.004315376281738281,244467,0.0030305716,0.0015105776255950332,0.0014493289636448026,0.001474026939831674
11760,dct_low_nontargeted_white_box_eps0.0627_iter2,1.0000000000000002,0.5000000000000001,0.9987631,53.70397190655215,0.9995996356010437,0.9998849630355835,0.024860210716724396,0.002942323684692383,310301,0.003376622,0.0017290859250351787,0.0016597658395767212,0.0017105911392718554
69106,dct_low_nontargeted_white_box_eps0.0627_iter2,0.7272727272727274,0.3636363636363637,0.9982424,54.16062384421554,0.9994704127311707,0.9997982382774353,0.03427494317293167,0.0021116137504577637,277564,0.003146547,0.0015399428084492683,0.0015129339881241322,0.001536275027319789
70158,dct_low_nontargeted_white_box_eps0.0627_iter2,1.0000000000000002,0.5000000000000001,0.9988449,53.68145801347239,0.9995952844619751,0.9998747706413269,0.018747303634881973,0.0024541616439819336,302546,0.0033716143,0.0017170181963592768,0.0016850988613441586,0.001726632472127676
176634,dct_low_nontargeted_white_box_eps0.0627_iter4,1.0000000000000002,0.5000000000000001,0.9969518,49.88116650091463,0.999184787273407,0.9995229840278625,0.041833795607089996,0.007781624794006348,347102,0.005144821,0.0025989317800849676,0.0025629631709307432,0.002598121529445052
281447,dct_low_nontargeted_white_box_eps0.0627_iter1,1.0000000000000002,0.5000000000000001,0.999257,58.038338231251274,0.9997735023498535,0.9999117255210876,0.005490570794790983,0.0009470582008361816,361844,0.0021707818,0.0012528421357274055,0.001253669848665595,0.0012517671566456556
552371,dct_low_nontargeted_white_box_eps0.0627_iter1,1.0000000000000002,0.5000000000000001,0.9992378,58.0787765054955,0.9997939467430115,0.9999163150787354,0.00551271066069603,0.0007349252700805664,356062,0.0021571347,0.0012448763009160757,0.0012438793200999498,0.0012346967123448849
361919,dct_low_nontargeted_white_box_eps0.0627_iter2,0.24242424242424246,0.19586776859504135,0.9975068,53.780217496614725,0.9993023872375488,0.999360203742981,0.05332673341035843,0.0037354230880737305,263679,0.003278264,0.0016887228703126311,0.0016347771743312478,0.0016858201706781983
560256,dct_low_nontargeted_white_box_eps0.0627_iter8,0.10606060606060606,0.10368520368520368,0.9913609,44.15205620708151,0.9979905486106873,0.9983548521995544,0.06659741699695587,0.008891761302947998,388995,0.009904281,0.005186764057725668,0.00512052234262228,0.005061947740614414
138115,dct_low_nontargeted_white_box_eps0.0627_iter3,1.0000000000000002,0.5000000000000001,0.99575824,52.17417814850915,0.9988686442375183,0.9989143013954163,0.06197608262300491,0.008222579956054688,322170,0.003981707,0.00212996918708086,0.002153830137103796,0.0021379878744482994
114871,dct_low_nontargeted_white_box_eps0.0627_iter1,0.5000000000000001,0.3333333333333334,0.9988463,58.038482683777715,0.9996426105499268,0.9992373585700989,0.013270147144794464,0.0019269585609436035,338390,0.0021707607,0.0012538310838863254,0.0012536923168227077,0.0012506088241934776
374369,dct_low_nontargeted_white_box_eps0.0627_iter3,1.0000000000000002,0.28571428571428575,0.99558645,52.81294582229851,0.9986552000045776,0.9965986609458923,0.11125218868255615,0.012864649295806885,318859,0.0036780713,0.001981646753847599,0.0019751512445509434,0.0019941572099924088
123213,dct_low_nontargeted_white_box_eps0.0627_iter2,0.7636363636363639,0.7196969696969698,0.9976659,53.49852390019174,0.9993704557418823,0.9996904730796814,0.03979901224374771,0.002785980701446533,298657,0.003493702,0.0018019579583778977,0.001737216953188181,0.001805954147130251
357742,dct_low_nontargeted_white_box_eps0.0627_iter2,0.6666666666666669,0.5000000000000001,0.99752885,54.358910012037086,0.999366283416748,0.997791051864624,0.03937404975295067,0.004699647426605225,245366,0.003026626,0.0014886490534991026,0.0014265311183407903,0.0014704668428748846
439854,dct_low_nontargeted_white_box_eps0.0627_iter1,0.6818181818181819,0.5454545454545455,0.9987808,58.04786432485535,0.9996989965438843,0.9996330738067627,0.014397051185369492,0.001153111457824707,315429,0.0021678754,0.0012440735008567572,0.001252767164260149,0.0012532061664387584
465836,dct_low_nontargeted_white_box_eps0.0627_iter3,0.6666666666666669,0.5625,0.9970558,51.91914952636668,0.9992878437042236,0.9995386004447937,0.04784838855266571,0.005381643772125244,355580,0.0041307122,0.0022403637412935495,0.0022016686853021383,0.002223476069048047
414385,dct_low_nontargeted_white_box_eps0.0627_iter3,0.9090909090909092,0.8989898989898991,0.9958748,51.97686562657787,0.9988522529602051,0.9974830746650696,0.07163773477077484,0.006172537803649902,344689,0.00409145,0.0022072724532335997,0.002174536930397153,0.0022297126706689596
131556,dct_low_nontargeted_white_box_eps0.0627_iter1,0.6515151515151516,0.1515151515151515,0.9989349,58.216352879620985,0.9997067451477051,0.9994731545448303,0.014797201380133629,0.002086937427520752,339594,0.0021085513,0.0012050238437950611,0.0012079571606591344,0.0011943451827391982
322724,dct_low_nontargeted_white_box_eps0.0627_iter2,1.0000000000000002,0.6666666666666669,0.9975312,54.42338335571012,0.9993917942047119,0.9992575645446777,0.04892764985561371,0.004531145095825195,247825,0.0029792688,0.0014665062772110105,0.001423063687980175,0.0014669569209218025
320664,dct_low_nontargeted_white_box_eps0.0627_iter4,0.6000000000000002,0.5000000000000001,0.9957378,49.874966407632584,0.998847246170044,0.9990493655204773,0.04448758810758591,0.002835988998413086,344070,0.0051473035,0.0026076221838593483,0.0025554904714226723,0.0026200879365205765
481390,dct_low_nontargeted_white_box_eps0.0627_iter12,0.16363636363636366,0.15464997140576467,0.9849386,41.715839057836135,0.9956995248794556,0.9967101812362671,0.08771336078643799,0.02011030912399292,395084,0.012884319,0.006580427289009094,0.006545109674334526,0.006817168556153774
276434,dct_low_nontargeted_white_box_eps0.0627_iter2,0.2575757575757576,0.25000000000000006,0.9976736,53.99735425213592,0.999407947063446,0.999539852142334,0.03782493248581886,0.004341244697570801,263347,0.0032437756,0.001599933602847159,0.0015674919122830033,0.0016008376842364669
579635,dct_low_nontargeted_white_box_eps0.0627_iter7,1.0000000000000002,0.8333333333333335,0.9906621,47.940655751439124,0.9973167777061462,0.9970402717590332,0.1485121250152588,0.02679210901260376,372472,0.0062833647,0.003361057722941041,0.0032128330785781145,0.0033015257213264704
295316,dct_low_nontargeted_white_box_eps0.0627_iter4,0.6363636363636365,0.4242424242424243,0.99450773,50.153435670257345,0.9984539747238159,0.9986016154289246,0.09096679091453552,0.013753712177276611,315879,0.004888503,0.0025004567578434944,0.0024526165798306465,0.002491298597306013
571313,dct_low_nontargeted_white_box_eps0.0627_iter1,0.8750000000000002,0.777777777777778,0.99899036,58.03944951197384,0.9997258186340332,0.99965500831604,0.011651676148176193,0.0018178224563598633,348997,0.0021704214,0.0012532350374385715,0.0012520966120064259,0.0012519842712208629
183127,dct_low_nontargeted_white_box_eps0.0627_iter5,1.0000000000000002,0.5000000000000001,0.99378014,49.906259285292485,0.9980983734130859,0.9989001750946045,0.09377534687519073,0.02259957790374756,365944,0.0050771628,0.002714096801355481,0.0026407272089272738,0.0026890409644693136
115898,dct_low_nontargeted_white_box_eps0.0627_iter7,1.0000000000000002,0.5000000000000001,0.9944177,47.87842127175417,0.9982872009277344,0.9991143941879272,0.0960284024477005,0.022131741046905518,383126,0.0063725645,0.003342728829011321,0.0032851314172148705,0.003361451905220747
146358,dct_low_nontargeted_white_box_eps0.0627_iter14,0.3750000000000001,0.33974025974025973,0.9778995,42.6026293155449,0.9942610263824463,0.9943917393684387,0.19535577297210693,0.03890061378479004,393675,0.011398704,0.005827156361192465,0.005761277861893177,0.0058544231578707695
329542,dct_low_nontargeted_white_box_eps0.0627_iter3,0.3333333333333334,0.28571428571428575,0.99691653,52.18902670275141,0.9992555975914001,0.9993138909339905,0.0373389795422554,0.0030149221420288086,317329,0.0039641308,0.0021405471488833427,0.002143380232155323,0.002150164917111397
189752,dct_low_nontargeted_white_box_eps0.0627_iter3,0.5681818181818183,0.5555555555555558,0.99680257,51.0459292042661,0.9991941452026367,0.9994473457336426,0.04103545844554901,0.0076177120208740234,360922,0.0046275104,0.002516187494620681,0.002488218480721116,0.0025121269281953573
290163,dct_low_nontargeted_white_box_eps0.0627_iter2,0.7272727272727273,0.651948051948052,0.9978289,53.71469924037277,0.9994943141937256,0.9996179342269897,0.018967922776937485,0.0008770227432250977,275965,0.0033960212,0.0017014554468914866,0.0016878582537174225,0.0016968597192317247
91406,dct_low_nontargeted_white_box_eps0.0627_iter5,0.380952380952381,0.3469893742621015,0.99267745,48.14530703943134,0.9980427026748657,0.998367965221405,0.09243696928024292,0.01493978500366211,375344,0.006272968,0.003370072925463319,0.0032753983978182077,0.003358878195285797
322352,dct_low_nontargeted_white_box_eps0.0627_iter1,0.6181818181818184,0.5555555555555557,0.99925905,58.090063903750135,0.9998344779014587,0.9999051094055176,0.005189905874431133,0.0006587505340576172,354748,0.0021511274,0.0012380324769765139,0.001237940276041627,0.0012378143146634102
223959,dct_low_nontargeted_white_box_eps0.0627_iter1,1.0000000000000002,0.6666666666666669,0.99903536,58.04207481500378,0.999713122844696,0.99983811378479,0.007321644574403763,0.0014620423316955566,352576,0.0021694752,0.001253229333087802,0.0012496751733124256,0.0012521435273811221
326248,dct_low_nontargeted_white_box_eps0.0627_iter1,0.19302112029384758,0.1787878787878788,0.9992134,58.04959487157433,0.9997953176498413,0.9998957514762878,0.006947573274374008,0.0015263557434082031,345553,0.0021674978,0.0012495486298575997,0.0012506747152656317,0.0012483266182243824
218439,dct_low_nontargeted_white_box_eps0.0627_iter6,0.36363636363636376,0.3065722156631248,0.99305844,46.858489491180904,0.998162031173706,0.9986377954483032,0.06986984610557556,0.011864721775054932,370261,0.007207407,0.0037646652199327946,0.003646277589723468,0.0037118960171937943
453722,dct_low_nontargeted_white_box_eps0.0627_iter2,0.6666666666666669,0.5000000000000001,0.9980824,53.75962681623096,0.9994427561759949,0.9996850490570068,0.030652504414319992,0.0058206915855407715,285978,0.0033593255,0.001704836031422019,0.0016346699558198452,0.0016975103644654155
293625,dct_low_nontargeted_white_box_eps0.0627_iter1,0.5000000000000001,0.3750000000000001,0.99902683,58.039437676439256,0.9997453093528748,0.9997602105140686,0.010068776085972786,0.0012826919555664062,332575,0.0021703006,0.001253303256817162,0.0012524777557700872,0.0012515356065705419
411817,dct_low_nontargeted_white_box_eps0.0627_iter1,0.9545454545454548,0.9318181818181819,0.9992792,58.09812579305757,0.9998387098312378,0.9998841285705566,0.004467533901333809,0.0009753704071044922,355657,0.0021505554,0.001235183677636087,0.0012376162922009826,0.0012340961256995797
546964,dct_low_nontargeted_white_box_eps0.0627_iter1,0.33116883116883117,0.2380952380952381,0.99935395,58.06468329508455,0.9998596906661987,0.9999207258224487,0.003944119904190302,0.0008306503295898438,366026,0.002163458,0.0012491769157350063,0.0012355856597423553,0.0012507825158536434
215259,dct_low_nontargeted_white_box_eps0.0627_iter1,0.8181818181818183,0.6363636363636365,0.9989624,58.03802148594684,0.9997093081474304,0.9997473955154419,0.009465964511036873,0.0013294816017150879,326318,0.0021708258,0.0012533861445263028,0.0012527417857199907,0.0012524131452664733
573094,dct_low_nontargeted_white_box_eps0.0627_iter2,0.3750000000000001,0.33838383838383845,0.99771065,54.11107469998771,0.9994497299194336,0.9995751976966858,0.023693960160017014,0.004133939743041992,254925,0.0031788633,0.001566532300785184,0.0015272620366886258,0.0015509825898334384
560011,dct_low_nontargeted_white_box_eps0.0627_iter1,0.8484848484848486,0.5151515151515152,0.99868846,58.034133488493495,0.999591588973999,0.9970501065254211,0.03200049325823784,0.005973637104034424,307744,0.0021719688,0.001253998838365078,0.0012539956951513886,0.0012539381859824061
38576,dct_low_nontargeted_white_box_eps0.0627_iter4,0.8484848484848486,0.7121212121212122,0.9948476,50.356024619888004,0.9986202120780945,0.9982175230979919,0.07969509065151215,0.008512735366821289,318332,0.0047984514,0.002432225737720728,0.0023977479431778193,0.002397017553448677
147729,dct_low_nontargeted_white_box_eps0.0627_iter1,0.8051948051948054,0.5367965367965369,0.9988968,58.03451304385219,0.9996919631958008,0.9996827840805054,0.016544926911592484,0.0037564635276794434,325084,0.0021718638,0.0012538209557533264,0.0012539741583168507,0.0012538061710074544
579307,dct_low_nontargeted_white_box_eps0.0627_iter5,0.5151515151515152,0.4242424242424243,0.99481434,49.459958371052146,0.9985412359237671,0.9988324046134949,0.07093808054924011,0.004829585552215576,366475,0.0053484817,0.002836069092154503,0.002800105605274439,0.0028445934876799583
154425,dct_low_nontargeted_white_box_eps0.0627_iter1,1.0000000000000002,0.7500000000000002,0.99929494,58.048092816600686,0.9997900724411011,0.999913215637207,0.004726910497993231,0.000983119010925293,368422,0.002167887,0.0012512969551607966,0.001250063767656684,0.0012484831968322396
432898,dct_low_nontargeted_white_box_eps0.0627_iter6,0.18181818181818182,0.10888111888111889,0.9916932,47.67151147515419,0.9974366426467896,0.9976986646652222,0.0997016578912735,0.017038941383361816,359901,0.0065098093,0.0033240399789065123,0.0032833858858793974,0.0033183330669999123
404923,dct_low_nontargeted_white_box_eps0.0627_iter2,1.0000000000000002,0.6666666666666669,0.9984193,53.95257698860783,0.9993594884872437,0.9995865225791931,0.02516748011112213,0.0019050836563110352,264184,0.0032346367,0.001615768182091415,0.0015826537273824215,0.001616317080333829
130586,dct_low_nontargeted_white_box_eps0.0627_iter6,1.0000000000000002,0.6666666666666669,0.9944008,48.10376611008468,0.9982811212539673,0.9978777766227722,0.10235309600830078,0.010461091995239258,361347,0.0060755676,0.003099126508459449,0.0030180937610566616,0.003087241668254137
163057,dct_low_nontargeted_white_box_eps0.0627_iter4,0.292929292929293,0.17821969696969697,0.9961181,50.07863909694816,0.9987258911132812,0.9989152550697327,0.06022360920906067,0.014243602752685547,330177,0.0049449224,0.0025328409392386675,0.002466839039698243,0.0025105015374720097
7511,dct_low_nontargeted_white_box_eps0.0627_iter3,0.6060606060606061,0.4141414141414142,0.9966554,51.55512590595535,0.9990203380584717,0.9994168281555176,0.04056260734796524,0.005929470062255859,355524,0.004305643,0.002359291072934866,0.0022840164601802826,0.0023365907836705446
67406,dct_low_nontargeted_white_box_eps0.0627_iter4,1.0000000000000002,0.6666666666666669,0.99396306,50.78347483669947,0.9981609582901001,0.9889969825744629,0.149773508310318,0.02608335018157959,296092,0.0044872793,0.0022507214453071356,0.0022106969263404608,0.0022578369826078415
290179,dct_low_nontargeted_white_box_eps0.0627_iter1,0.3333333333333334,0.28571428571428575,0.9991502,58.03554803612627,0.9998091459274292,0.9999117255210876,0.005027645267546177,0.0010981559753417969,373496,0.0021715276,0.0012534847483038902,0.0012536681024357677,0.0012535429559648037
248752,dct_low_nontargeted_white_box_eps0.0627_iter3,1.0000000000000002,0.6666666666666669,0.9963081,52.61159642079021,0.9989627599716187,0.9993095397949219,0.06149642914533615,0.0071784257888793945,331387,0.0037890174,0.0020405242685228586,0.0020246291533112526,0.0020343034993857145
54593,dct_low_nontargeted_white_box_eps0.0627_iter6,0.5353535353535354,0.5136363636363637,0.9947328,46.82527473068086,0.9984829425811768,0.9990634322166443,0.08384081721305847,0.011885643005371094,372969,0.0072279847,0.003764752997085452,0.0036400691606104374,0.0037598246708512306
116208,dct_low_nontargeted_white_box_eps0.0627_iter2,0.5324675324675325,0.4640151515151516,0.9984069,53.361593433832084,0.9996061325073242,0.9997375011444092,0.022394008934497833,0.0017862915992736816,303946,0.0035756996,0.0018536853604018688,0.0018153430428355932,0.0018486810149624944
340697,dct_low_nontargeted_white_box_eps0.0627_iter3,0.5454545454545455,0.37593557957194307,0.9968398,51.15592528326472,0.9992493391036987,0.999487042427063,0.049060989171266556,0.005962193012237549,345737,0.004543626,0.0024947288911789656,0.0024335377383977175,0.0024660052731633186
450303,dct_low_nontargeted_white_box_eps0.0627_iter1,0.6623376623376626,0.49696969696969706,0.998975,58.04340532744061,0.9997490644454956,0.9998041987419128,0.011154808104038239,0.0019053220748901367,344763,0.002168963,0.001251291367225349,0.0012512808898463845,0.0012513234978541732
494427,dct_low_nontargeted_white_box_eps0.0627_iter2,0.5000000000000001,0.25000000000000006,0.9978089,54.53104708131362,0.9993795156478882,0.9993247389793396,0.02782229706645012,0.0064994096755981445,227126,0.0029324328,0.0014156936667859554,0.0013896733289584517,0.0014098910614848137
137294,dct_low_nontargeted_white_box_eps0.0627_iter2,0.27272727272727276,0.25000000000000006,0.99769807,54.023124490036594,0.99937903881073,0.9995163083076477,0.043091487139463425,0.004028499126434326,259285,0.003213507,0.0015878635458648205,0.001563709112815559,0.001586788916029036
410880,dct_low_nontargeted_white_box_eps0.0627_iter3,0.3333333333333334,0.2017045454545455,0.99655885,51.323703096582676,0.9991967678070068,0.9994217753410339,0.04628036916255951,0.0034657716751098633,347198,0.004461192,0.0024213611613959074,0.002392789348959923,0.0024069035425782204
311180,dct_low_nontargeted_white_box_eps0.0627_iter3,1.0000000000000002,0.6666666666666669,0.99699163,52.01974687351873,0.9992126822471619,0.9994577169418335,0.03445946425199509,0.005360126495361328,344150,0.0040745856,0.0022040260955691338,0.0021825935691595078,0.002188462996855378
91654,dct_low_nontargeted_white_box_eps0.0627_iter1,0.3333333333333334,0.28571428571428575,0.9991165,58.04069643490931,0.9997913241386414,0.9998331665992737,0.005655954126268625,0.0008635520935058594,343585,0.0021701478,0.0012538129230961204,0.0012539256131276488,0.0012484915787354112
181796,dct_low_nontargeted_white_box_eps0.0627_iter3,0.6704545454545456,0.6262626262626264,0.9957967,51.298926972140116,0.9989074468612671,0.9993062615394592,0.08662772923707962,0.007806003093719482,355850,0.0044737305,0.00244516646489501,0.0023762639611959457,0.002432215726003051
2431,dct_low_nontargeted_white_box_eps0.0627_iter1,0.5844155844155845,0.5353535353535355,0.99899125,58.034955844988446,0.9997251033782959,0.9997875094413757,0.008870461955666542,0.0012362003326416016,339915,0.0021717232,0.0012535153655335307,0.0012539481977000833,0.0012537399306893349
349184,dct_low_nontargeted_white_box_eps0.0627_iter1,0.5670995670995672,0.42532467532467544,0.99937695,58.04928215898731,0.9998092651367188,0.9999096393585205,0.0037432443350553513,0.0016843676567077637,359340,0.002167014,0.0012498724972829223,0.0012494419934228063,0.0012495029950514436
298396,dct_low_nontargeted_white_box_eps0.0627_iter4,0.31404958677685957,0.29953379953379955,0.9955829,48.93017613244616,0.9988252520561218,0.9993108510971069,0.050550028681755066,0.0057065486907958984,370203,0.0058623645,0.0030480187851935625,0.002968620276078582,0.003046720987185836
472046,dct_low_nontargeted_white_box_eps0.0627_iter4,0.3363636363636364,0.32449494949494956,0.993299,49.46281258245466,0.9984865188598633,0.9988082647323608,0.10099412500858307,0.012362480163574219,355456,0.0054621156,0.002800186863169074,0.0027334783226251602,0.0027996099088340998
74058,dct_low_nontargeted_white_box_eps0.0627_iter3,0.34375,0.3380681818181819,0.9968931,51.419069750511795,0.9991989135742188,0.9993876814842224,0.07590365409851074,0.010783612728118896,343056,0.0043653934,0.0023554523941129446,0.0023359539918601513,0.0023523326963186264
58029,dct_low_nontargeted_white_box_eps0.0627_iter2,1.0000000000000002,0.6666666666666669,0.99729234,54.17884819875526,0.9992784261703491,0.9991054534912109,0.03905132785439491,0.005699634552001953,251830,0.0031469723,0.0015377975068986416,0.0015007458860054612,0.001531770802102983
134096,dct_low_nontargeted_white_box_eps0.0627_iter5,0.5090909090909091,0.4242424242424243,0.9940033,48.44288742951668,0.9981027841567993,0.9982245564460754,0.06258146464824677,0.010569095611572266,373760,0.006089377,0.003224021289497614,0.0032066120766103268,0.0032038898207247257
111951,dct_low_nontargeted_white_box_eps0.0627_iter1,0.6666666666666669,0.5000000000000001,0.9989481,58.11159410327758,0.9997605085372925,0.9998174905776978,0.007484352216124535,0.0007009506225585938,324468,0.0021508187,0.0012204933445900679,0.001253481488674879,0.001221438986249268
103585,dct_low_nontargeted_white_box_eps0.0627_iter2,1.0000000000000002,0.7500000000000002,0.9972355,54.18537900071215,0.9992578029632568,0.9992198348045349,0.032283715903759,0.004727959632873535,246845,0.0031164638,0.0015432488871738315,0.0014810659922659397,0.0015411493368446827
210273,dct_low_nontargeted_white_box_eps0.0627_iter8,0.4299242424242425,0.2537720812230616,0.9801645,46.00045932373099,0.997206449508667,0.9974620938301086,0.1401548832654953,0.035797953605651855,340095,0.0076641426,0.004026663955301046,0.0037914272397756577,0.003923028241842985
352584,dct_low_nontargeted_white_box_eps0.0627_iter2,1.0000000000000002,0.0,0.99755645,54.519149474084045,0.999342679977417,0.9992335438728333,0.03439471870660782,0.0031197071075439453,217981,0.00291807,0.0014265745412558317,0.0013854821445420384,0.0014178607380017638
446651,dct_low_nontargeted_white_box_eps0.0627_iter3,0.8787878787878789,0.570909090909091,0.9956794,51.950779605367565,0.9991499185562134,0.9993435740470886,0.052976928651332855,0.004667520523071289,315177,0.004062536,0.0022014069836586714,0.002159558702260256,0.0021961319725960493
194875,dct_low_nontargeted_white_box_eps0.0627_iter8,0.28864401591674327,0.28516684993999786,0.98747283,44.64404861891499,0.9972209930419922,0.9972441792488098,0.057071566581726074,0.007595419883728027,388157,0.009364789,0.004848158452659845,0.004774978384375572,0.004857497289776802
52017,dct_low_nontargeted_white_box_eps0.0627_iter5,0.5000000000000001,0.3333333333333334,0.9921501,50.22870739756389,0.9976522326469421,0.9865629076957703,0.21586063504219055,0.03935956954956055,344303,0.004865403,0.0026058065705001354,0.00255284970626235,0.0025646216236054897
336309,dct_low_nontargeted_white_box_eps0.0627_iter2,1.0000000000000002,0.5000000000000001,0.99707574,54.767720597879304,0.9991664290428162,0.9984003901481628,0.06065180525183678,0.009064137935638428,210655,0.002834232,0.0013363325269892812,0.0013143551768735051,0.0013398240553215146
227478,dct_low_nontargeted_white_box_eps0.0627_iter2,0.43181818181818193,0.3454545454545455,0.9987456,53.766662836492856,0.9996349811553955,0.9998112320899963,0.024829383939504623,0.004559755325317383,281981,0.0033602647,0.0016433382406830788,0.0017106740269809961,0.0016717953840270638
339870,dct_low_nontargeted_white_box_eps0.0627_iter7,0.27272727272727276,0.25364927162087414,0.99011755,47.318434088253234,0.9971677660942078,0.9972859025001526,0.13483387231826782,0.030046045780181885,377703,0.0067947637,0.003613139037042856,0.0034749142359942198,0.003572706365957856
80666,dct_low_nontargeted_white_box_eps0.0627_iter10,0.5000000000000001,0.4000000000000001,0.98909116,44.13160857596583,0.9974710941314697,0.9973934888839722,0.025184854865074158,0.008327245712280273,395176,0.009892065,0.005083765834569931,0.004999169614166021,0.004954393953084946
33707,dct_low_nontargeted_white_box_eps0.0627_iter3,0.5454545454545455,0.18181818181818185,0.99808407,51.432675040234805,0.9994930624961853,0.9996930360794067,0.024434976279735565,0.0039049386978149414,361042,0.004403933,0.00237654778175056,0.0023734010756015778,0.0023686469066888094
327601,dct_low_nontargeted_white_box_eps0.0627_iter1,1.0000000000000002,0.7500000000000002,0.9990464,58.03599520784553,0.9997334480285645,0.9998534321784973,0.00688751507550478,0.0012096166610717773,342617,0.002171446,0.0012537242146208882,0.0012539491290226579,0.001252644811756909
255749,dct_low_nontargeted_white_box_eps0.0627_iter3,0.5757575757575758,0.5000000000000001,0.99263287,52.17719866803236,0.998956561088562,0.9983208775520325,0.11501581966876984,0.0161668062210083,241830,0.0038414914,0.002091081812977791,0.002076714299619198,0.0020747820381075144
8762,dct_low_nontargeted_white_box_eps0.0627_iter3,0.6818181818181819,0.5151515151515152,0.99487305,52.29278068702971,0.9986262321472168,0.9962451457977295,0.1240161657333374,0.012863576412200928,319467,0.003920716,0.002169508021324873,0.00207149563357234,0.0020988439209759235
526392,dct_low_nontargeted_white_box_eps0.0627_iter1,1.0000000000000002,0.6666666666666669,0.9990792,58.03440633913919,0.9997698068618774,0.999861478805542,0.008848809637129307,0.0014893412590026855,339577,0.0021718743,0.0012539586750790477,0.0012539344606921077,0.0012537911534309387
535578,dct_low_nontargeted_white_box_eps0.0627_iter6,0.9090909090909093,0.462154007608553,0.9957075,46.87513749693511,0.998405933380127,0.9991588592529297,0.07054808735847473,0.01612675189971924,366082,0.007119068,0.0037144043017178774,0.003644355805590749,0.0036884427536278963
580757,dct_low_nontargeted_white_box_eps0.0627_iter3,0.5000000000000001,0.3333333333333334,0.99665946,51.528749353188886,0.9990045428276062,0.9993855357170105,0.05282659828662872,0.008768200874328613,354892,0.00433507,0.002347755478695035,0.002316045807674527,0.0023547285236418247
165039,dct_low_nontargeted_white_box_eps0.0627_iter2,0.7090909090909092,0.5681818181818182,0.99769044,53.581939170143436,0.9994558691978455,0.9995943307876587,0.04143618047237396,0.0023416876792907715,295724,0.003456056,0.0017683235928416252,0.0017139571718871593,0.0017622181912884116
148719,dct_low_nontargeted_white_box_eps0.0627_iter6,0.5151515151515152,0.38636363636363646,0.9946117,46.64573841727501,0.9985658526420593,0.9992574453353882,0.05984583497047424,0.010061979293823242,378057,0.0074309045,0.0038439128547906876,0.0037669879384338856,0.003857844974845648
108440,dct_low_nontargeted_white_box_eps0.0627_iter2,1.0000000000000002,0.3333333333333334,0.99778026,54.42561219430847,0.9995037913322449,0.9995760917663574,0.03672662377357483,0.0035229921340942383,236449,0.002995992,0.0014552812790498137,0.0014273783890530467,0.0014566273894160986
489842,dct_low_nontargeted_white_box_eps0.0627_iter1,0.6532467532467533,0.5132575757575758,0.9996595,58.04690184359173,0.9999167919158936,0.9999345541000366,0.0019311999203637242,0.0006786584854125977,366462,0.0021675627,0.0012503250036388636,0.0012501749442890286,0.001250349567271769
579818,dct_low_nontargeted_white_box_eps0.0627_iter1,0.5000000000000001,0.18181818181818185,0.9990967,58.04082185134463,0.9997363090515137,0.9998548030853271,0.00758250942453742,0.0015766620635986328,356303,0.0021700372,0.0012524760095402598,0.0012524708872660995,0.001251185778528452
423229,dct_low_nontargeted_white_box_eps0.0627_iter6,0.4242424242424243,0.28636363636363643,0.9946161,47.349931295366574,0.9984784126281738,0.9992966055870056,0.09525656700134277,0.017595767974853516,369527,0.006819771,0.00354362721554935,0.003393239341676235,0.0034621262457221746
323828,dct_low_nontargeted_white_box_eps0.0627_iter1,0.3333333333333334,0.20000000000000004,0.99937445,58.05747377719709,0.9998299479484558,0.9999492764472961,0.0029694191180169582,0.0019723176956176758,372772,0.0021652542,0.0012477427953854203,0.0012471575755625963,0.0012468632776290178
166287,dct_low_nontargeted_white_box_eps0.0627_iter3,0.9272727272727275,0.6212121212121212,0.9959583,51.857631401580505,0.9987713098526001,0.9988621473312378,0.06552409380674362,0.010925650596618652,348483,0.004153352,0.0022660994436591864,0.0022005930077284575,0.002253740094602108
101420,dct_low_nontargeted_white_box_eps0.0627_iter4,1.0000000000000002,0.5000000000000001,0.9949696,50.27121351794229,0.9985176920890808,0.9987373352050781,0.06664002686738968,0.009149253368377686,328784,0.0048879106,0.002450808882713318,0.0024290834553539753,0.0024432027712464333
334555,dct_low_nontargeted_white_box_eps0.0627_iter1,0.5454545454545455,0.46753246753246763,0.99919605,58.04385816141612,0.9998051524162292,0.9999164938926697,0.004020942375063896,0.0009876489639282227,370300,0.0021692433,0.0012531739193946123,0.0012526707723736763,0.0012476666597649455
196759,dct_low_nontargeted_white_box_eps0.0627_iter3,1.0000000000000002,0.6666666666666669,0.9958472,51.63403218517375,0.9989993572235107,0.999142050743103,0.0558629184961319,0.005679726600646973,332294,0.0042437734,0.0023232027888298035,0.00227450137026608,0.0023054128978401423
61418,dct_low_nontargeted_white_box_eps0.0627_iter1,0.8484848484848486,0.7878787878787881,0.999353,58.034031576761,0.9998044967651367,0.9999222755432129,0.005611903965473175,0.001217484474182129,343816,0.0021719963,0.00125400279648602,0.00125400279648602,0.00125400279648602
526751,dct_low_nontargeted_white_box_eps0.0627_iter3,0.31818181818181823,0.23484848484848486,0.996579,51.17935338024765,0.9990167021751404,0.999469518661499,0.0672486200928688,0.007825076580047607,352502,0.004515721,0.00249240780249238,0.002403220161795616,0.002473394386470318
277020,dct_low_nontargeted_white_box_eps0.0627_iter2,0.5151515151515152,0.5064935064935066,0.99615693,54.30759064837162,0.9993352293968201,0.9986249208450317,0.07155652344226837,0.007172942161560059,212964,0.0030354909,0.0015107019571587443,0.0014671396929770708,0.0015014589298516512
47828,dct_low_nontargeted_white_box_eps0.0627_iter4,0.9393939393939396,0.9242424242424244,0.99395615,50.34874616752349,0.9984185099601746,0.9917023777961731,0.1534591019153595,0.01967775821685791,315386,0.004782727,0.0024824333377182484,0.0023160020355135202,0.0024004776496440172
183716,dct_low_nontargeted_white_box_eps0.0627_iter2,0.6666666666666669,0.5000000000000001,0.99778587,53.80259055141599,0.9994395971298218,0.9995661973953247,0.023755425587296486,0.003699660301208496,251241,0.003315205,0.0016783543396741152,0.0016393335536122322,0.0016725956229493022
271997,dct_low_nontargeted_white_box_eps0.0627_iter2,1.0000000000000002,0.6666666666666669,0.99766666,54.37383406397656,0.9993202090263367,0.9994099736213684,0.030319657176733017,0.0065032243728637695,235795,0.0030367384,0.0014625794719904661,0.0014502624981105328,0.0014564204029738903
8532,dct_low_nontargeted_white_box_eps0.0627_iter1,1.0000000000000002,0.6666666666666669,0.9989241,58.03463705873007,0.9997090697288513,0.9997212290763855,0.01513117179274559,0.002404630184173584,332115,0.0021718275,0.001253969967365265,0.0012538837036117911,0.0012536272406578064
94336,dct_low_nontargeted_white_box_eps0.0627_iter3,0.6666666666666669,0.5000000000000001,0.9953758,51.95546334649593,0.9989584684371948,0.9991300702095032,0.0672077089548111,0.006931304931640625,310308,0.004063884,0.002179037081077695,0.00217474065721035,0.0022040801122784615
390555,dct_low_nontargeted_white_box_eps0.0627_iter5,0.2828282828282828,0.2805285848454729,0.99649423,48.29027027941899,0.9990048408508301,0.9993588924407959,0.05766336992383003,0.014222025871276855,381044,0.006124226,0.003279594238847494,0.0032017468474805355,0.003313908353447914
250282,dct_low_nontargeted_white_box_eps0.0627_iter7,0.1590909090909091,0.14228650137741047,0.9951642,47.08653459024028,0.9985693693161011,0.9990102648735046,0.095555379986763,0.03138148784637451,380358,0.0069258856,0.0036313068121671677,0.0035933188628405333,0.0036818019580096006
68409,dct_low_nontargeted_white_box_eps0.0627_iter2,0.8140495867768597,0.5454545454545455,0.9978879,54.07453498324845,0.9993900060653687,0.9806675910949707,0.05472976341843605,0.0037050247192382812,271661,0.003182006,0.0015797661617398262,0.0014953452628105879,0.0016075853491201997
2299,dct_low_nontargeted_white_box_eps0.0627_iter8,0.13636363636363635,0.08851007605261373,0.9940784,46.22045186515396,0.9984467029571533,0.9986516833305359,0.11006934940814972,0.030807435512542725,360923,0.0075165317,0.003804478095844388,0.0037790408823639154,0.0038372937124222517
11051,dct_low_nontargeted_white_box_eps0.0627_iter2,0.6666666666666669,0.5000000000000001,0.99751115,54.425833234410106,0.9993331432342529,0.9992146492004395,0.041978396475315094,0.005640387535095215,220229,0.0029764134,0.0014430566225200891,0.0014294369611889124,0.0014472854090854526
66038,dct_low_nontargeted_white_box_eps0.0627_iter1,0.7136363636363637,0.5636363636363637,0.9993294,58.105321761673935,0.9998294711112976,0.9999184608459473,0.00397530198097229,0.00038242340087890625,367270,0.0021518294,0.001219076570123434,0.0012441135477274656,0.0012375591322779655
360960,dct_low_nontargeted_white_box_eps0.0627_iter1,1.0000000000000002,0.6666666666666669,0.99881345,58.1193589796333,0.9997026324272156,0.9996445178985596,0.010719751939177513,0.002530217170715332,315202,0.0021356086,0.0012291544117033482,0.001229040208272636,0.001230616238899529
360097,dct_low_nontargeted_white_box_eps0.0627_iter3,0.16883116883116883,0.16450946714104608,0.99757123,52.085916665154116,0.9992698431015015,0.9996945261955261,0.05326635017991066,0.004587888717651367,364908,0.004036178,0.00218978407792747,0.002160897944122553,0.002169405808672309
504589,dct_low_nontargeted_white_box_eps0.0627_iter4,1.0000000000000002,0.6666666666666669,0.9965677,50.554091471012654,0.9989793300628662,0.999452531337738,0.05799724534153938,0.007668018341064453,330237,0.004693469,0.002361447084695101,0.0022982433438301086,0.0023182504810392857
464522,dct_low_nontargeted_white_box_eps0.0627_iter1,0.5454545454545455,0.27272727272727276,0.99905545,58.08701537551748,0.9997683763504028,0.9998311400413513,0.014375799335539341,0.0015058517456054688,330299,0.0021533235,0.0012393062934279442,0.0012412668438628316,0.0012358215171843767
454750,dct_low_nontargeted_white_box_eps0.0627_iter3,1.0000000000000002,0.5000000000000001,0.9968691,51.90945161247804,0.9991358518600464,0.9992590546607971,0.06964410841464996,0.00809246301651001,343259,0.0041126464,0.002227487973868847,0.002205262891948223,0.00222032330930233
509735,dct_low_nontargeted_white_box_eps0.0627_iter2,1.0000000000000002,0.6666666666666669,0.9985201,53.813871979553134,0.9995578527450562,0.9998807311058044,0.02680949866771698,0.0028213858604431152,301421,0.0033257604,0.0016815088456496596,0.0016255112132057548,0.0016638283850625157
23034,dct_low_nontargeted_white_box_eps0.0627_iter6,0.6666666666666669,0.4000000000000001,0.9930735,47.24902964705689,0.9980997443199158,0.9989286661148071,0.09584930539131165,0.021855175495147705,370952,0.006918241,0.0035429620184004307,0.003451321739703417,0.0035820913035422564
141671,dct_low_nontargeted_white_box_eps0.0627_iter2,0.5000000000000001,0.29870129870129875,0.9979129,54.00828690759234,0.999358057975769,0.9997490644454956,0.060912180691957474,0.00891810655593872,260784,0.0032215703,0.0015874120872467756,0.0015684770187363029,0.0015971447573974729
506656,dct_low_nontargeted_white_box_eps0.0627_iter1,0.7878787878787881,0.47272727272727283,0.9991022,58.0391828802965,0.9997466802597046,0.9998464584350586,0.008068817667663097,0.0011005401611328125,363075,0.0021705525,0.0012537300353869796,0.0012532888213172555,0.0012505119666457176
272566,dct_low_nontargeted_white_box_eps0.0627_iter8,0.26060606060606056,0.20147907647907648,0.99410933,44.738087751075035,0.9981600642204285,0.9990577697753906,0.07999473810195923,0.012473702430725098,385729,0.009152022,0.004778705537319183,0.0046802400611341,0.004722229670733213
424551,dct_low_nontargeted_white_box_eps0.0627_iter6,1.0000000000000002,0.4000000000000001,0.9925681,48.35805540911197,0.997718334197998,0.9984689950942993,0.09118688106536865,0.02163642644882202,356592,0.006030304,0.003060001414269209,0.0029664086177945137,0.003025548532605171
341719,dct_low_nontargeted_white_box_eps0.0627_iter4,0.7272727272727275,0.577922077922078,0.99613523,50.26567457872265,0.998921275138855,0.9994258284568787,0.06523314118385315,0.012687981128692627,335316,0.004894169,0.0024664648808538914,0.0024097191635519266,0.0024599700700491667
72795,dct_low_nontargeted_white_box_eps0.0627_iter2,0.4848484848484849,0.4405594405594406,0.9985835,53.325087571278914,0.9995865225791931,0.9997736215591431,0.018749142065644264,0.00511699914932251,316530,0.0035828121,0.0018713015597313643,0.0018207908142358065,0.001871844637207687
417285,dct_low_nontargeted_white_box_eps0.0627_iter6,0.4242424242424243,0.3750000000000001,0.9912471,48.105586246836154,0.9979208707809448,0.99801105260849,0.1534789800643921,0.015552401542663574,349825,0.0061552203,0.003196192439645529,0.0030213005375117064,0.003072023158892989
2157,dct_low_nontargeted_white_box_eps0.0627_iter1,0.4666666666666667,0.29166666666666674,0.99914575,58.04696255684778,0.9997991919517517,0.999886691570282,0.006934272591024637,0.0007368326187133789,345699,0.002168324,0.0012520182644948363,0.0012504038168117404,0.0012484046164900064
43816,dct_low_nontargeted_white_box_eps0.0627_iter3,1.0000000000000002,0.6666666666666669,0.9970105,51.35507799489442,0.9991018772125244,0.9995002150535583,0.05287005379796028,0.00442659854888916,359788,0.0044277953,0.0024283721577376127,0.0023751254193484783,0.002390662208199501
455555,dct_low_nontargeted_white_box_eps0.0627_iter2,1.0000000000000002,0.6666666666666669,0.9980047,53.88881021844021,0.9995850920677185,0.999624490737915,0.015013943426311016,0.003023862838745117,251278,0.0032795363,0.0016250598710030317,0.0016543712699785829,0.0016239483375102282
535306,dct_low_nontargeted_white_box_eps0.0627_iter3,1.0000000000000002,0.6666666666666669,0.9967027,51.55066629329845,0.9990603923797607,0.99945068359375,0.06354372948408127,0.0056961774826049805,345309,0.004320074,0.0023525955621153116,0.0023178947158157825,0.0023354324512183666
30504,dct_low_nontargeted_white_box_eps0.0627_iter5,1.0000000000000002,0.7500000000000002,0.99485373,48.629265098658024,0.9987160563468933,0.9992135167121887,0.05527288839221001,0.006077408790588379,378273,0.005959412,0.0031895071733742952,0.0031053656712174416,0.0031587055418640375
93353,dct_low_nontargeted_white_box_eps0.0627_iter5,0.38636363636363646,0.3354978354978355,0.9928971,49.35431066632382,0.9983018636703491,0.9982675909996033,0.09065993130207062,0.016072630882263184,356873,0.0054325205,0.0028837076388299465,0.0028396162670105696,0.002878654981032014
530052,dct_low_nontargeted_white_box_eps0.0627_iter3,0.33766233766233766,0.11515151515151516,0.9965461,50.986906067063664,0.9992386698722839,0.999557614326477,0.05561879277229309,0.005214214324951172,339180,0.0046414156,0.0025545554235577583,0.002498793648555875,0.0024789159651845694
473118,dct_low_nontargeted_white_box_eps0.0627_iter3,1.0000000000000002,0.7500000000000002,0.99649733,52.02404972412897,0.9990905523300171,0.9994427561759949,0.05108748376369476,0.006341814994812012,347957,0.004069626,0.002195731969550252,0.0021718956995755434,0.0021959899459034204
91779,dct_low_nontargeted_white_box_eps0.0627_iter1,0.5000000000000001,0.4285714285714287,0.99925643,58.04384145680256,0.9998222589492798,0.9999006390571594,0.005634028930217028,0.0007051229476928711,355777,0.002169267,0.0012538626324385405,0.0012527690269052982,0.001246885396540165
283113,dct_low_nontargeted_white_box_eps0.0627_iter2,1.0000000000000002,0.6666666666666669,0.9981478,54.36462960873023,0.9994928240776062,0.9997438192367554,0.017509324476122856,0.0019745230674743652,258558,0.003047508,0.0014599409187212586,0.0014492715708911419,0.0014695966383442283
226130,dct_low_nontargeted_white_box_eps0.0627_iter3,0.13636363636363638,0.12121212121212119,0.99574786,52.04795847435701,0.9989804625511169,0.9990666508674622,0.06809107959270477,0.0066394805908203125,320815,0.004047242,0.00223403237760067,0.0021590986289083958,0.0021132766269147396
97278,dct_low_nontargeted_white_box_eps0.0627_iter4,1.0000000000000002,0.6666666666666669,0.99566776,50.50693322130357,0.9987629652023315,0.9988939762115479,0.04822719097137451,0.007338404655456543,329810,0.00473014,0.00237191841006279,0.0023134564980864525,0.00236946577206254
567640,dct_low_nontargeted_white_box_eps0.0627_iter1,0.7012987012987015,0.6634199134199135,0.99916035,58.05033867976213,0.9997746348381042,0.9999048113822937,0.0069447834976017475,0.0011467933654785156,340416,0.0021669054,0.0012494976399466395,0.0012505853082984686,0.0012478320859372616
532493,dct_low_nontargeted_white_box_eps0.0627_iter2,1.0000000000000002,0.6666666666666669,0.99850065,54.389800776009224,0.9995732307434082,0.9998245239257812,0.029931876808404922,0.00232088565826416,270877,0.0030161154,0.0014658522559329867,0.0014322460629045963,0.001456195954233408
45550,dct_low_nontargeted_white_box_eps0.0627_iter1,0.5053030303030305,0.36525974025974034,0.99903375,58.04420954611007,0.9997380971908569,0.9998266696929932,0.011664417572319508,0.0023804903030395508,333654,0.0021689548,0.0012489017099142075,0.0012531561078503728,0.0012511492241173983
156643,dct_low_nontargeted_white_box_eps0.0627_iter1,0.7045454545454546,0.57979797979798,0.9992366,58.04842706397282,0.9997954368591309,0.9998800158500671,0.004912049043923616,0.0006048679351806641,365718,0.0021673525,0.0012493698159232736,0.0012488947249948978,0.0012512978864833713
430056,dct_low_nontargeted_white_box_eps0.0627_iter3,0.5000000000000001,0.3333333333333334,0.9963639,52.64986476476412,0.9990269541740417,0.99919593334198,0.05746595561504364,0.0060596466064453125,341856,0.0037779482,0.002039741026237607,0.002004294889047742,0.0020240959711372852
410456,dct_low_nontargeted_white_box_eps0.0627_iter1,0.6363636363636365,0.4242424242424243,0.99931735,58.046939956657894,0.9998335838317871,0.9999255537986755,0.0033626980148255825,0.0005101561546325684,373260,0.0021683804,0.001248814514838159,0.0012530428357422352,0.0012489712098613381
441286,dct_low_nontargeted_white_box_eps0.0627_iter2,1.0000000000000002,0.6666666666666669,0.9981756,54.098652185640965,0.9994826316833496,0.9997236132621765,0.024971410632133484,0.003342747688293457,267757,0.0031735331,0.0015595091972500086,0.0015417333925142884,0.0015543055487796664
279541,dct_low_nontargeted_white_box_eps0.0627_iter2,0.6363636363636366,0.4704545454545455,0.9981146,53.854217080747745,0.9995126128196716,0.9997276067733765,0.021490756422281265,0.0023799538612365723,277976,0.003295594,0.0016678726533427835,0.0016127489507198334,0.0016485400265082717
885,dct_low_nontargeted_white_box_eps0.0627_iter1,0.9090909090909093,0.6060606060606062,0.99876624,58.03512389674608,0.9996367692947388,0.9991066455841064,0.023228447884321213,0.0024653077125549316,318171,0.0021716887,0.0012534460984170437,0.0012537708971649408,0.0012538507580757141
378284,dct_low_nontargeted_white_box_eps0.0627_iter1,0.7090909090909092,0.5909090909090909,0.99916,58.037896925958215,0.9997846484184265,0.9998841285705566,0.007229025475680828,0.001268625259399414,347559,0.002170887,0.0012537891743704677,0.0012536621652543545,0.001251215930096805
156076,dct_low_nontargeted_white_box_eps0.0627_iter1,0.5000000000000001,0.45454545454545464,0.99939686,58.04832256683132,0.9998452663421631,0.9999325275421143,0.003780124709010124,0.00045794248580932617,368061,0.0021679953,0.0012510360684245825,0.0012515044072642922,0.0012471065856516361
143572,dct_low_nontargeted_white_box_eps0.0627_iter4,0.6022727272727274,0.596969696969697,0.99704224,48.66442440073431,0.999182403087616,0.9995307922363281,0.046650875359773636,0.010754704475402832,349573,0.0059068073,0.0031436302233487368,0.0030119260773062706,0.003139080945402384
229849,dct_low_nontargeted_white_box_eps0.0627_iter7,0.5454545454545455,0.3730243440769757,0.9923606,45.40610539860357,0.9980815649032593,0.9984623193740845,0.08099629729986191,0.015259146690368652,384864,0.008416412,0.004533395171165466,0.004403896164149046,0.004500150680541992
39551,dct_low_nontargeted_white_box_eps0.0627_iter6,1.0000000000000002,0.6000000000000002,0.9913247,48.635799891547116,0.9972305297851562,0.9974008202552795,0.11008122563362122,0.012078046798706055,346040,0.0058019133,0.002933113370090723,0.0028808230999857187,0.0029243184253573418
56344,dct_low_nontargeted_white_box_eps0.0627_iter4,0.7333333333333334,0.6414141414141414,0.9938803,50.098309774449234,0.9985955953598022,0.9986436367034912,0.09376757591962814,0.010411441326141357,335994,0.005014266,0.002525229472666979,0.002470178296789527,0.0025475809816271067
193348,dct_low_nontargeted_white_box_eps0.0627_iter5,1.0000000000000002,0.5000000000000001,0.992315,49.441158988249576,0.997686505317688,0.9969329237937927,0.11606739461421967,0.017060935497283936,348912,0.005339237,0.0028516193851828575,0.00279399286955595,0.002859893487766385
16958,dct_low_nontargeted_white_box_eps0.0627_iter1,0.6666666666666669,0.5681818181818183,0.999054,58.047011365670144,0.9997587203979492,0.9998348951339722,0.0073234885931015015,0.0008780360221862793,356805,0.0021682484,0.0012523457407951355,0.0012518255971372128,0.0012466207845136523
572678,dct_low_nontargeted_white_box_eps0.0627_iter9,0.2066115702479339,0.19952153110047846,0.9859472,45.238608190218315,0.9963864684104919,0.9965003132820129,0.15634123980998993,0.03944885730743408,389109,0.008562683,0.004531400743871927,0.004380231723189354,0.004483046475797892
106235,dct_low_nontargeted_white_box_eps0.0627_iter4,0.2878787878787879,0.26801346801346804,0.99594194,50.18661329598093,0.9986553192138672,0.9991043210029602,0.05341743305325508,0.00531613826751709,346195,0.00497247,0.0025088307447731495,0.002411002991721034,0.002509893151000142
341681,dct_low_nontargeted_white_box_eps0.0627_iter3,1.0000000000000002,0.6000000000000002,0.9954831,52.08596613043716,0.99867844581604,0.9989330172538757,0.0804758220911026,0.007375597953796387,333961,0.004029672,0.0021958050783723593,0.0021420500706881285,0.0021800315007567406
83172,dct_low_nontargeted_white_box_eps0.0627_iter3,0.7500000000000002,0.6000000000000002,0.99552137,51.86860182160597,0.9987532496452332,0.9985573291778564,0.08503834903240204,0.0063506364822387695,344636,0.004137933,0.00226387195289135,0.0022076584864407778,0.00223724776878953
343524,dct_low_nontargeted_white_box_eps0.0627_iter3,0.6666666666666669,0.4000000000000001,0.99591684,52.43284424539675,0.9987144470214844,0.9992495775222778,0.07432588189840317,0.007969915866851807,351960,0.003876772,0.0020883420947939157,0.002064573811367154,0.0020804675295948982
395801,dct_low_nontargeted_white_box_eps0.0627_iter5,0.27272727272727276,0.23636363636363636,0.99316365,48.690130319399245,0.9979825019836426,0.9982194900512695,0.08899132162332535,0.016939520835876465,370673,0.0058743693,0.003154617501422763,0.0030609294772148132,0.0031197115313261747
388056,dct_low_nontargeted_white_box_eps0.0627_iter6,0.9393939393939396,0.7107438016528926,0.9924078,46.66819440271263,0.9980478286743164,0.9986234903335571,0.08144374936819077,0.008124589920043945,373235,0.007399895,0.0038853653240948915,0.0037162243388593197,0.0038457277696579695
259690,dct_low_nontargeted_white_box_eps0.0627_iter2,0.25974025974025977,0.24621212121212127,0.9984333,53.361996465277876,0.9996078014373779,0.9997522234916687,0.023532841354608536,0.0008899569511413574,320236,0.0035655873,0.001859951764345169,0.0018118465086445212,0.0018450384959578514
235836,dct_low_nontargeted_white_box_eps0.0627_iter3,0.7500000000000002,0.6000000000000002,0.99766654,50.93141797297611,0.9993028044700623,0.9996619820594788,0.0379205048084259,0.004484355449676514,364925,0.00467529,0.0025672244373708963,0.0025227025616914034,0.0025515842717140913
343218,dct_low_nontargeted_white_box_eps0.0627_iter3,0.6992424242424243,0.5941558441558442,0.9957347,51.63773879293136,0.9989110231399536,0.9992754459381104,0.08005435019731522,0.005853772163391113,342467,0.004280909,0.002304329304024577,0.0022863273043185472,0.002332309726625681
205105,dct_low_nontargeted_white_box_eps0.0627_iter1,0.5795454545454546,0.5772727272727274,0.99885154,58.11155071174107,0.9996793270111084,0.9995840787887573,0.015519496984779835,0.0015578269958496094,333319,0.0021426207,0.0012342821573838592,0.0012326226569712162,0.0012285624397918582
513283,dct_low_nontargeted_white_box_eps0.0627_iter6,0.3090909090909092,0.29953379953379955,0.9914898,47.88883577564558,0.9979481101036072,0.9979482293128967,0.0947950929403305,0.011961102485656738,361391,0.006410545,0.0032656576950103045,0.003199939616024494,0.0032437769696116447
176446,dct_low_nontargeted_white_box_eps0.0627_iter1,1.0000000000000002,0.6666666666666669,0.9991664,58.083116962914715,0.9997889995574951,0.9998360872268677,0.0069001964293420315,0.0009407997131347656,349214,0.0021534807,0.0012400883715599775,0.0012400581035763025,0.0012395796366035938
371677,dct_low_nontargeted_white_box_eps0.0627_iter1,0.8571428571428573,0.7500000000000002,0.9991204,58.04613946297165,0.9997851848602295,0.9998542070388794,0.0062583512626588345,0.0009725093841552734,352297,0.00216856,0.0012494920520111918,0.0012515065027400851,0.001250538625754416
308531,dct_low_nontargeted_white_box_eps0.0627_iter9,0.25000000000000006,0.18181818181818185,0.98973614,45.57773425576366,0.9970773458480835,0.997979998588562,0.14405691623687744,0.02969670295715332,387343,0.008186954,0.004319516476243734,0.004201025236397982,0.0042524938471615314
497599,dct_low_nontargeted_white_box_eps0.0627_iter3,0.8787878787878789,0.7102272727272727,0.9962168,51.79999683657573,0.9989935755729675,0.9992935657501221,0.052635714411735535,0.005982398986816406,345938,0.0041931723,0.002274926984682679,0.0022469039540737867,0.002251144964247942
455352,dct_low_nontargeted_white_box_eps0.0627_iter4,1.0000000000000002,0.5000000000000001,0.9956474,50.273891636941094,0.9987295866012573,0.9987767338752747,0.07007724046707153,0.010648965835571289,332224,0.0048697814,0.002468427876010537,0.0024143254850059748,0.002434934489428997
236914,dct_low_nontargeted_white_box_eps0.0627_iter7,0.5000000000000001,0.3928571428571429,0.99054116,47.36192473990792,0.9980078935623169,0.9986258149147034,0.10487087815999985,0.01777583360671997,365498,0.006731789,0.0035255858674645424,0.003495058510452509,0.003500712802633643
232684,dct_low_nontargeted_white_box_eps0.0627_iter2,1.0000000000000002,0.4000000000000001,0.992564,55.37001937002238,0.9991185069084167,0.992764413356781,0.07225783169269562,0.008972406387329102,119825,0.0025139789,0.001255832496099174,0.0011921162949874997,0.0012163264909759164
415238,dct_low_nontargeted_white_box_eps0.0627_iter1,0.5151515151515152,0.5000000000000001,0.99920076,58.08278404432724,0.9997485876083374,0.9997203350067139,0.00655082892626524,0.0019422173500061035,335314,0.0021586404,0.0012539640301838517,0.0012536778813228011,0.0012123767519369721
290843,dct_low_nontargeted_white_box_eps0.0627_iter5,0.5000000000000001,0.4000000000000001,0.9932733,50.07684589450419,0.9980040788650513,0.9973186254501343,0.10380639135837555,0.010350823402404785,355658,0.0049763573,0.0026363867800682783,0.0025940476916730404,0.002637251280248165
519522,dct_low_nontargeted_white_box_eps0.0627_iter1,0.6363636363636365,0.5000000000000001,0.99900055,58.05492960644705,0.9997113943099976,0.9995501637458801,0.015084894374012947,0.0025140047073364258,332684,0.002165981,0.0012481975136324763,0.0012472140369936824,0.0012485302286222577
144784,dct_low_nontargeted_white_box_eps0.0627_iter1,1.0000000000000002,0.5000000000000001,0.9990179,58.03404046376173,0.9997588992118835,0.9998325705528259,0.008000973612070084,0.0014314651489257812,334419,0.0021719942,0.00125400151591748,0.0012540012830868363,0.0012539990711957216
167486,dct_low_nontargeted_white_box_eps0.0627_iter1,0.32323232323232326,0.2234848484848485,0.9991546,58.124970339448296,0.9998016357421875,0.9998795390129089,0.006501113995909691,0.000989377498626709,350509,0.0021456648,0.0012428442714735866,0.0012408505426719785,0.0012003649026155472
392228,dct_low_nontargeted_white_box_eps0.0627_iter1,1.0000000000000002,0.5000000000000001,0.99885654,58.092828583213944,0.9996830821037292,0.999579668045044,0.016608770936727524,0.0014390349388122559,349479,0.0021558772,0.0012536275899037719,0.0012530155945569277,0.0012047529453411698
488673,dct_low_nontargeted_white_box_eps0.0627_iter2,0.3636363636363637,0.3156237701692248,0.9977918,53.62744933737139,0.9994512796401978,0.9996171593666077,0.02260519564151764,0.002803981304168701,286435,0.003421522,0.0017520558321848512,0.0016915671294555068,0.0017457312205806375
191013,dct_low_nontargeted_white_box_eps0.0627_iter1,1.0000000000000002,0.9166666666666667,0.9991303,58.04029871967956,0.9997642040252686,0.999870777130127,0.006423295475542545,0.00036215782165527344,345136,0.0021702575,0.001252494053915143,0.0012537656584754586,0.0012503120815381408
80057,dct_low_nontargeted_white_box_eps0.0627_iter2,1.0000000000000002,0.3333333333333334,0.99768084,54.1645131408238,0.9993184804916382,0.9993644952774048,0.034822069108486176,0.003850698471069336,237447,0.0031358674,0.0015237383777275681,0.0015239024069160223,0.0015375048387795687
570169,dct_low_nontargeted_white_box_eps0.0627_iter2,1.0000000000000002,0.3333333333333334,0.9976271,54.38647657186464,0.9993616938591003,0.9993792772293091,0.03347150981426239,0.0036864280700683594,228549,0.0030252936,0.0014622234739363194,0.0014456469798460603,0.0014489718014374375
224807,dct_low_nontargeted_white_box_eps0.0627_iter1,0.5074404761904763,0.4187980646804177,0.99912006,58.04734638890668,0.999771237373352,0.9998558163642883,0.007700698915868998,0.0010927915573120117,348770,0.002168234,0.0012524703051894903,0.001251189154572785,0.0012468388304114342
163562,dct_low_nontargeted_white_box_eps0.0627_iter4,1.0000000000000002,0.4000000000000001,0.994514,50.462914907612316,0.9984294772148132,0.9985305666923523,0.08636368811130524,0.01289600133895874,312887,0.004722099,0.0023893003817647696,0.002328818663954735,0.002377930097281933
136355,dct_low_nontargeted_white_box_eps0.0627_iter3,0.5454545454545455,0.42272727272727273,0.99588346,51.32797220535417,0.9989557266235352,0.9989985823631287,0.06980632245540619,0.008090615272521973,345936,0.0044400683,0.0024324976839125156,0.0023556428495794535,0.0024073959793895483
492362,dct_low_nontargeted_white_box_eps0.0627_iter2,0.3750000000000001,0.22314049586776863,0.99805903,53.54189503822042,0.9994294047355652,0.9996914863586426,0.021806683391332626,0.0016605854034423828,291053,0.0034670075,0.0017753052525222301,0.001740598352625966,0.0017779351910576224
102707,dct_low_nontargeted_white_box_eps0.0627_iter1,0.6666666666666669,0.5000000000000001,0.99949616,58.034061516925576,0.9998626708984375,0.9999040961265564,0.002622595988214016,0.0004825592041015625,368770,0.0021719867,0.0012540086172521114,0.001254000118933618,0.0012539535528048873
232563,dct_low_nontargeted_white_box_eps0.0627_iter2,0.6666666666666669,0.6250000000000001,0.9979666,54.353189155761314,0.9994217753410339,0.9995408654212952,0.03908456861972809,0.0051316022872924805,231609,0.002989476,0.0014826140832155943,0.0014446782879531384,0.001467606402002275
10977,dct_low_nontargeted_white_box_eps0.0627_iter3,0.6666666666666669,0.5000000000000001,0.9958232,52.11872663958212,0.9990300536155701,0.9991094470024109,0.06424371898174286,0.007812142372131348,332595,0.003998223,0.0021406931336969137,0.002136296359822154,0.0021272257436066866
51598,dct_low_nontargeted_white_box_eps0.0627_iter2,0.5000000000000001,0.3333333333333334,0.99689054,54.38288204814582,0.9991708993911743,0.9924197196960449,0.0504496693611145,0.0053784847259521484,220764,0.0030032294,0.0014735986478626728,0.001438252511434257,0.001451116637326777
32285,dct_low_nontargeted_white_box_eps0.0627_iter2,0.5000000000000001,0.3333333333333334,0.997504,54.62188452551413,0.9993119239807129,0.9989542365074158,0.04693109542131424,0.008715569972991943,222278,0.0028998104,0.001387996249832213,0.0013587367720901966,0.0013806718634441495
520910,dct_low_nontargeted_white_box_eps0.0627_iter1,0.7500000000000002,0.6000000000000002,0.99879116,58.03661470400935,0.9996852278709412,0.9991581439971924,0.01309116743505001,0.002891063690185547,347988,0.0021712724,0.0012523636687546968,0.0012534200213849545,0.001253961818292737
131273,dct_low_nontargeted_white_box_eps0.0627_iter2,1.0000000000000002,0.3333333333333334,0.9979229,54.18745929037846,0.9993777275085449,0.9995207786560059,0.026548467576503754,0.0027871131896972656,254449,0.0031266091,0.0015264465473592281,0.0015140145551413298,0.0015206990065053105
206411,dct_low_nontargeted_white_box_eps0.0627_iter2,1.0000000000000002,0.6666666666666669,0.99752235,54.321560666810036,0.9993079900741577,0.9994117021560669,0.038073524832725525,0.006036996841430664,247163,0.00306829,0.001471297931857407,0.0014665889320895076,0.001484296633861959
472375,dct_low_nontargeted_white_box_eps0.0627_iter4,0.3333333333333334,0.25000000000000006,0.99589443,50.2570356226708,0.9991741180419922,0.9992232322692871,0.03573204204440117,0.0038504600524902344,350051,0.0049527716,0.0024866005405783653,0.002356357639655471,0.002541671972721815
17436,dct_low_nontargeted_white_box_eps0.0627_iter1,1.0000000000000002,0.6666666666666669,0.99923533,58.12163006612653,0.9998058080673218,0.999907910823822,0.005612769164144993,0.0009066462516784668,344107,0.002146743,0.0012453198432922363,0.0012388628674671054,0.0012026965850964189
177934,dct_low_nontargeted_white_box_eps0.0627_iter2,0.690909090909091,0.556818181818182,0.99841005,53.603444046047095,0.9996309280395508,0.999755322933197,0.026401255279779434,0.0013761520385742188,302710,0.0034324317,0.001767190988175571,0.0017029856098815799,0.0017592502990737557
165518,dct_low_nontargeted_white_box_eps0.0627_iter3,1.0000000000000002,0.28571428571428575,0.9963042,52.78897936008874,0.9988214373588562,0.9991424679756165,0.05596693605184555,0.0072768330574035645,335538,0.0037087067,0.0019914088770747185,0.0019882849883288145,0.0019885380752384663
571718,dct_low_nontargeted_white_box_eps0.0627_iter3,0.3791322314049587,0.32911255411255413,0.9971531,51.16848136087994,0.9993101954460144,0.9995471239089966,0.05540131777524948,0.005000889301300049,356469,0.004541805,0.002475288463756442,0.0024281649384647608,0.00247929897159338
459467,dct_low_nontargeted_white_box_eps0.0627_iter3,1.0000000000000002,0.3333333333333334,0.99598473,52.283868359828496,0.9987911581993103,0.9987655282020569,0.08116354793310165,0.009712696075439453,341415,0.0039342255,0.0021287519484758377,0.0020929209422320127,0.002134529175236821
135673,dct_low_nontargeted_white_box_eps0.0627_iter3,1.0000000000000002,0.3333333333333334,0.996046,52.922635845521775,0.9986543655395508,0.9936751127243042,0.09322069585323334,0.017696142196655273,324601,0.0036403092,0.001968792639672756,0.0019440000178292394,0.001960097812116146
134886,dct_low_nontargeted_white_box_eps0.0627_iter1,0.7500000000000001,0.7272727272727275,0.9987583,58.034192596873325,0.999644935131073,0.9989598393440247,0.02712782472372055,0.0019491910934448242,332254,0.002171946,0.0012539684539660811,0.0012539607705548406,0.0012539192102849483
485895,dct_low_nontargeted_white_box_eps0.0627_iter1,1.0000000000000002,0.5000000000000001,0.999211,58.034249248336565,0.9997711181640625,0.9999048113822937,0.0074578216299414635,0.0017055273056030273,352727,0.0021719367,0.001253999420441687,0.001253998838365078,0.0012538291048258543
287545,dct_low_nontargeted_white_box_eps0.0627_iter3,1.0000000000000002,0.5000000000000001,0.9969346,52.06399699279464,0.9992144107818604,0.9995644688606262,0.042544107884168625,0.0038259029388427734,359566,0.0040612286,0.002183210337534547,0.002167819067835808,0.0021809078752994537
577182,dct_low_nontargeted_white_box_eps0.0627_iter4,1.0000000000000002,0.6666666666666669,0.99668,49.31263370705781,0.9991275668144226,0.9995582699775696,0.055380623787641525,0.006097674369812012,349239,0.005506761,0.002860721666365862,0.0027739182114601135,0.0028357573319226503
289222,dct_low_nontargeted_white_box_eps0.0627_iter2,0.7878787878787881,0.7272727272727275,0.99776155,53.945611310089944,0.9994367957115173,0.9995974898338318,0.030044881626963615,0.003636479377746582,265322,0.0032702696,0.0016280427807942033,0.0015887574991211295,0.0016054733423516154
372819,dct_low_nontargeted_white_box_eps0.0627_iter1,0.7500000000000002,0.6000000000000002,0.99945706,58.03841022427987,0.9998270273208618,0.999958336353302,0.00413628201931715,0.0005507469177246094,378578,0.0021707306,0.0012529983650892973,0.001252897665835917,0.0012523101177066565
310072,dct_low_nontargeted_white_box_eps0.0627_iter3,0.7575757575757577,0.5227272727272728,0.9966543,51.260269239086625,0.9990984797477722,0.9994643926620483,0.06727994978427887,0.004761755466461182,354753,0.004476594,0.00244783703237772,0.0023569173645228148,0.0024436949752271175
87144,dct_low_nontargeted_white_box_eps0.0627_iter2,0.47727272727272735,0.41818181818181827,0.99844813,53.647107956049766,0.9996429681777954,0.9997907876968384,0.023222895339131355,0.0021068453788757324,293658,0.0034239443,0.001738075283356011,0.0016923394287005067,0.0017373542068526149
430875,dct_low_nontargeted_white_box_eps0.0627_iter2,1.0000000000000002,0.3333333333333334,0.9971755,54.945969470321614,0.9990741610527039,0.9965444207191467,0.10569016635417938,0.010059535503387451,184645,0.0026803361,0.0012799513060599566,0.0012650102144107223,0.001285143312998116
60347,dct_low_nontargeted_white_box_eps0.0627_iter2,1.0000000000000002,0.5000000000000001,0.99890184,53.82638746619081,0.9996802806854248,0.9998700618743896,0.013646618463099003,0.0034090280532836914,292032,0.003304188,0.0016711066709831357,0.0016270941123366356,0.0016587343998253345
42070,dct_low_nontargeted_white_box_eps0.0627_iter6,0.3333333333333334,0.3000000000000001,0.99258703,47.45351910309667,0.9982560873031616,0.9986196160316467,0.07191957533359528,0.008132994174957275,376388,0.006827153,0.0034745396114885807,0.0034241219982504845,0.0034758644178509712
420916,dct_low_nontargeted_white_box_eps0.0627_iter7,0.5000000000000001,0.3750000000000001,0.9926308,46.772421495609876,0.9978923797607422,0.998539388179779,0.1102362722158432,0.0221937894821167,383795,0.0072236643,0.0038529890589416027,0.0037210064474493265,0.0038120541721582413
453584,dct_low_nontargeted_white_box_eps0.0627_iter1,0.590909090909091,0.38636363636363646,0.99930716,58.04469688107091,0.999797523021698,0.9998903870582581,0.0059427861124277115,0.000466763973236084,370390,0.0021685993,0.0012513288529589772,0.001250733737833798,0.001250705448910594
296224,dct_low_nontargeted_white_box_eps0.0627_iter5,0.7878787878787881,0.47272727272727283,0.99403113,48.740217637689504,0.998654842376709,0.9990953207015991,0.07037996500730515,0.006922602653503418,373651,0.0058692815,0.0031008911319077015,0.0030642240308225155,0.00311730382964015
122606,dct_low_nontargeted_white_box_eps0.0627_iter2,0.5000000000000001,0.3333333333333334,0.99839854,54.272358563767675,0.9995745420455933,0.9997407793998718,0.023479728028178215,0.0021994709968566895,265487,0.0030918326,0.00150665536057204,0.001481716986745596,0.0014889430021867156
311909,dct_low_nontargeted_white_box_eps0.0627_iter2,1.0000000000000002,0.5000000000000001,0.998408,54.44661922416283,0.9996083974838257,0.9997565746307373,0.02083321288228035,0.00158005952835083,255760,0.002999832,0.001446233713068068,0.0014184414176270366,0.0014410398434847593
579893,dct_low_nontargeted_white_box_eps0.0627_iter5,1.0000000000000002,0.3333333333333334,0.9943345,49.610745116640345,0.9984890818595886,0.9988703727722168,0.09548159688711166,0.0129469633102417,358402,0.00524357,0.002791014267131686,0.002750559477135539,0.002782170195132494
284296,dct_low_nontargeted_white_box_eps0.0627_iter5,0.5000000000000001,0.25000000000000006,0.99575347,48.3582213477458,0.9987391829490662,0.9993709325790405,0.08142277598381042,0.014721155166625977,382647,0.0061319456,0.0032648660708218813,0.0032009202986955643,0.0032746142242103815
221017,dct_low_nontargeted_white_box_eps0.0627_iter1,1.0000000000000002,0.5000000000000001,0.9994507,58.034175046079675,0.9998229742050171,0.9999342560768127,0.004020186141133308,0.001070857048034668,377230,0.0021719558,0.0012539949966594577,0.0012539844028651714,0.001253900583833456
315001,dct_low_nontargeted_white_box_eps0.0627_iter10,0.2727272727272727,0.1386473429951691,0.9924086,44.83697933371939,0.9975125193595886,0.9990624189376831,0.0643690973520279,0.019489407539367676,387488,0.009011934,0.004605370108038187,0.004505072720348835,0.004658650606870651
439715,dct_low_nontargeted_white_box_eps0.0627_iter2,0.7272727272727274,0.7090909090909091,0.9985296,53.237299704432104,0.9996260404586792,0.9998160600662231,0.02576606161892414,0.0024907588958740234,321189,0.0036429092,0.001908786129206419,0.0018656064057722688,0.0019024349749088287
284991,dct_low_nontargeted_white_box_eps0.0627_iter1,0.5000000000000001,0.25000000000000006,0.9988353,58.11059992064279,0.9997109174728394,0.9996531009674072,0.014855991117656231,0.0026848316192626953,319542,0.0021412498,0.0012324204435572028,0.0012324446579441428,0.0012314033228904009
389566,dct_low_nontargeted_white_box_eps0.0627_iter3,0.7727272727272729,0.30194805194805197,0.9965026,51.959221811677665,0.999104917049408,0.9993544816970825,0.0695035457611084,0.008010149002075195,358611,0.0041075703,0.0022182802204042673,0.002188547048717737,0.0022175596095621586
78843,dct_low_nontargeted_white_box_eps0.0627_iter3,0.9242424242424243,0.5000000000000001,0.99728364,51.554945388990916,0.9990925788879395,0.999361515045166,0.03914549946784973,0.007509827613830566,349513,0.00434026,0.002336150035262108,0.002320327563211322,0.0023383325897157192
122927,dct_low_nontargeted_white_box_eps0.0627_iter3,1.0000000000000002,0.5000000000000001,0.9955558,51.8638306635932,0.9989094138145447,0.9991078972816467,0.09954725205898285,0.005022108554840088,335723,0.0041504167,0.0022479246836155653,0.0022166245616972446,0.002249577548354864
225532,dct_low_nontargeted_white_box_eps0.0627_iter1,0.2727272727272727,0.13636363636363635,0.99886656,58.03472844268708,0.9996956586837769,0.9996078014373779,0.01575605943799019,0.002214193344116211,328972,0.002171804,0.0012538559967651963,0.001254006288945675,0.0012535315472632647
13659,dct_low_nontargeted_white_box_eps0.0627_iter1,0.8636363636363638,0.7402597402597404,0.9991827,58.03764623411527,0.999809980392456,0.9998807311058044,0.005628379061818123,0.0007991790771484375,356898,0.0021709376,0.0012532758992165327,0.001253346330486238,0.001252258662134409
153568,dct_low_nontargeted_white_box_eps0.0627_iter4,1.0000000000000002,0.5000000000000001,0.9956115,50.69088211006097,0.9989811778068542,0.9988781809806824,0.05109059810638428,0.010747015476226807,323441,0.004654571,0.0022998496424406767,0.002279754960909486,0.0023164418525993824
395633,dct_low_nontargeted_white_box_eps0.0627_iter5,0.5000000000000001,0.44755244755244766,0.993509,48.89141254970312,0.998069703578949,0.9976596832275391,0.10780733078718185,0.017434120178222656,370538,0.0057374756,0.0030723377130925655,0.0029778736643493176,0.003055347129702568
419096,dct_low_nontargeted_white_box_eps0.0627_iter2,1.0000000000000002,0.5000000000000001,0.99822116,54.133442357182496,0.9995414614677429,0.9996773600578308,0.02941059321165085,0.003573179244995117,238226,0.0031323563,0.0015387722523882985,0.001540586818009615,0.0015385753940790892
203488,dct_low_nontargeted_white_box_eps0.0627_iter1,0.6666666666666669,0.5000000000000001,0.99897265,58.04144324180975,0.9997202754020691,0.9997448325157166,0.016526484861969948,0.0022988319396972656,330983,0.0021698962,0.001253626891411841,0.001252607675269246,0.0012493650428950787
361268,dct_low_nontargeted_white_box_eps0.0627_iter2,1.0000000000000002,0.25000000000000006,0.9982462,53.62093016533008,0.9995187520980835,0.999731719493866,0.029931752011179924,0.0020760297775268555,300912,0.0034348303,0.001752420561388135,0.001718739396892488,0.0017277703154832125
414795,dct_low_nontargeted_white_box_eps0.0627_iter3,0.6385561806614439,0.5072878075425099,0.9977786,50.937454430794595,0.9992656707763672,0.999610960483551,0.02408936619758606,0.004979848861694336,374829,0.0046729604,0.0025645236019045115,0.0025186813436448574,0.0025535663589835167
508101,dct_low_nontargeted_white_box_eps0.0627_iter4,0.31818181818181823,0.20000000000000004,0.99527913,51.2753569940721,0.9985091686248779,0.997221052646637,0.13576988875865936,0.01510322093963623,308944,0.004311057,0.002118967706337571,0.002075884724035859,0.0020961833652108908
253386,dct_low_nontargeted_white_box_eps0.0627_iter2,0.9242424242424243,0.6161616161616162,0.99698955,54.542417411431614,0.9993655681610107,0.9994092583656311,0.04978740215301514,0.004183471202850342,214053,0.002929647,0.0014133648946881294,0.0013913990696892142,0.0014303051866590977
222991,dct_low_nontargeted_white_box_eps0.0627_iter2,1.0000000000000002,0.5000000000000001,0.99818444,54.46409524346775,0.9993782043457031,0.9995577335357666,0.022622961550951004,0.0020220279693603516,250627,0.002983423,0.0014400230720639229,0.0014133529039099813,0.0014277099398896098
530854,dct_low_nontargeted_white_box_eps0.0627_iter4,0.9829545454545456,0.6553030303030304,0.9950068,50.72958355793016,0.9985966086387634,0.9985461831092834,0.09384650737047195,0.013926208019256592,300893,0.0045331367,0.0022847203072160482,0.0022126161493360996,0.0022819843143224716
351810,dct_low_nontargeted_white_box_eps0.0627_iter11,0.196969696969697,0.154978354978355,0.98325044,43.98260848954757,0.9956488013267517,0.9960104823112488,0.12424517422914505,0.03134322166442871,394159,0.009892101,0.005164427682757378,0.005050978157669306,0.005146501585841179
338624,dct_low_nontargeted_white_box_eps0.0627_iter3,0.681818181818182,0.5000000000000001,0.9961718,51.193209253025664,0.9990056753158569,0.999476969242096,0.08515907824039459,0.00863569974899292,363315,0.0045336215,0.002473996253684163,0.0024072271771728992,0.002462367992848158
138492,dct_low_nontargeted_white_box_eps0.0627_iter5,1.0000000000000002,0.6666666666666669,0.99426454,49.938673979927664,0.9982712268829346,0.9986851811408997,0.08646872639656067,0.00764155387878418,357943,0.0050311806,0.0026666326448321342,0.0026495924685150385,0.0026550269685685635
263463,dct_low_nontargeted_white_box_eps0.0627_iter2,0.3750000000000001,0.22222222222222224,0.9979666,54.109830968261946,0.9995419979095459,0.9996527433395386,0.03554212301969528,0.0019284486770629883,261943,0.003179088,0.0015689455904066563,0.0015211785212159157,0.0015559528255835176
226592,dct_low_nontargeted_white_box_eps0.0627_iter2,1.0000000000000002,0.3333333333333334,0.99845654,53.88054125461483,0.9996122121810913,0.9997696876525879,0.02319982461631298,0.0028067827224731445,279834,0.0032979357,0.0016463393112644553,0.0016190723981708288,0.0016347403870895505
378454,dct_low_nontargeted_white_box_eps0.0627_iter1,1.0000000000000002,0.6666666666666669,0.9990008,58.03460365866166,0.9996404051780701,0.9986611604690552,0.02015543356537819,0.003366410732269287,330198,0.0021718354,0.0012539385352283716,0.0012538876617327332,0.0012536902213469148
20059,dct_low_nontargeted_white_box_eps0.0627_iter3,1.0000000000000002,0.5000000000000001,0.9979035,51.809882402410054,0.9993923902511597,0.9997748732566833,0.04572368785738945,0.005370914936065674,371956,0.0041858186,0.002275231759995222,0.00221620942465961,0.002255957806482911
227686,dct_low_nontargeted_white_box_eps0.0627_iter3,1.0000000000000002,0.5000000000000001,0.99771184,51.8551156927823,0.9993375539779663,0.9997734427452087,0.037121277302503586,0.004743635654449463,358373,0.0041575534,0.002260869834572077,0.0022196262143552303,0.0022212595213204622
476215,dct_low_nontargeted_white_box_eps0.0627_iter2,1.0000000000000002,0.6666666666666669,0.99771327,54.40479900306954,0.9993884563446045,0.9991028904914856,0.04347905516624451,0.0033371448516845703,265491,0.0030366066,0.0014360185014083982,0.0014632721431553364,0.001439744490198791
297698,dct_low_nontargeted_white_box_eps0.0627_iter1,0.4242424242424243,0.15151515151515152,0.9988134,58.05463177492862,0.9996532797813416,0.9994946122169495,0.019439900293946266,0.001959681510925293,292257,0.0021638707,0.0012480267323553562,0.001248014741577208,0.001248170854523778
247917,dct_low_nontargeted_white_box_eps0.0627_iter2,0.6666666666666669,0.5000000000000001,0.99848145,53.44142185831209,0.9996094703674316,0.9997625350952148,0.013058407232165337,0.0008958578109741211,287905,0.003508255,0.0017961214762181044,0.001807039137929678,0.0018143942579627037
439522,dct_low_nontargeted_white_box_eps0.0627_iter3,1.0000000000000002,0.5000000000000001,0.99599427,52.701657640960704,0.9988932609558105,0.9968191981315613,0.08081687986850739,0.008922338485717773,332312,0.0037351055,0.002026535803452134,0.0019951341673731804,0.0020052893087267876
479448,dct_low_nontargeted_white_box_eps0.0627_iter4,0.6545454545454547,0.5093795093795095,0.99402624,49.39990413112038,0.9986461997032166,0.9987576603889465,0.06121940165758133,0.0064285993576049805,348063,0.0054600155,0.002812493359670043,0.002741115400567651,0.002774779452010989
424721,dct_low_nontargeted_white_box_eps0.0627_iter10,0.18181818181818185,0.14015151515151517,0.9818876,44.00081935915088,0.9955920577049255,0.9958043098449707,0.12743790447711945,0.019237935543060303,389499,0.009904199,0.005107060540467501,0.005014282651245594,0.005056824069470167
26690,dct_low_nontargeted_white_box_eps0.0627_iter4,0.5757575757575758,0.47077922077922085,0.99398255,50.142750432117325,0.9985008239746094,0.9984733462333679,0.06478546559810638,0.006963372230529785,328155,0.00494032,0.0025295033119618893,0.0024259663186967373,0.002470746636390686
558854,dct_low_nontargeted_white_box_eps0.0627_iter6,0.7142857142857144,0.6666666666666669,0.9916737,47.43893427452348,0.9979569315910339,0.9982525706291199,0.0869528204202652,0.009883463382720947,368062,0.00676543,0.003445116337388754,0.0034046482760459185,0.00344952498562634
176901,dct_low_nontargeted_white_box_eps0.0627_iter4,0.8181818181818183,0.5833333333333334,0.9938491,50.3263766765388,0.9982589483261108,0.9987414479255676,0.12394954264163971,0.008625984191894531,335904,0.004882191,0.0024668509140610695,0.002365121152251959,0.0024552028626203537
334767,dct_low_nontargeted_white_box_eps0.0627_iter2,0.6363636363636365,0.4343434343434344,0.99837273,53.77931278010335,0.9995743632316589,0.9998096823692322,0.02901487611234188,0.0035589933395385742,295580,0.0033405938,0.0016985255060717463,0.001629553036764264,0.0016841794131323695
301563,dct_low_nontargeted_white_box_eps0.0627_iter1,0.4545454545454546,0.34090909090909094,0.99897766,58.04005451481239,0.9996556043624878,0.9997391104698181,0.01530301570892334,0.0018602609634399414,345538,0.0021701346,0.0012521910248324275,0.0012530037201941013,0.0012515869457274675
86755,dct_low_nontargeted_white_box_eps0.0627_iter7,0.18181818181818185,0.14772727272727276,0.99165416,47.938010687099826,0.9975674152374268,0.9963594079017639,0.10402528941631317,0.023821234703063965,377125,0.0063441573,0.003326939884573221,0.0032785090152174234,0.003321047406643629
194471,dct_low_nontargeted_white_box_eps0.0627_iter4,1.0000000000000002,0.6666666666666669,0.9945755,50.81207023400157,0.9986206889152527,0.9984482526779175,0.08190968632698059,0.006824791431427002,304854,0.0045229746,0.002252053003758192,0.002234000014141202,0.002266350667923689
420281,dct_low_nontargeted_white_box_eps0.0627_iter6,1.0000000000000002,0.6666666666666669,0.99263734,48.159369377414336,0.9979841709136963,0.9985907077789307,0.07574738562107086,0.011110782623291016,361255,0.00621031,0.003148933406919241,0.0030893608927726746,0.0031069146934896708
533206,dct_low_nontargeted_white_box_eps0.0627_iter2,1.0000000000000002,0.7500000000000002,0.9974666,54.04665814004243,0.9993900060653687,0.9995332360267639,0.04381909966468811,0.002543210983276367,244727,0.0031967172,0.0016103332163766026,0.0015478492714464664,0.0015577275771647692
99810,dct_low_nontargeted_white_box_eps0.0627_iter1,0.8863636363636366,0.7500000000000002,0.9987688,58.03404488731005,0.999665379524231,0.9994919896125793,0.024002570658922195,0.002890646457672119,321543,0.0021719923,0.0012539980234578252,0.0012539986055344343,0.0012540020979940891
334483,dct_low_nontargeted_white_box_eps0.0627_iter8,0.2575757575757576,0.23966942148760334,0.9887676,44.469171587845295,0.9970232844352722,0.9975698590278625,0.08184219151735306,0.014569759368896484,387136,0.009460657,0.004926751367747784,0.004846946801990271,0.004942912142723799
89670,dct_low_nontargeted_white_box_eps0.0627_iter1,0.25000000000000006,0.1666666666666667,0.998888,58.034398033305045,0.9997200965881348,0.9997599720954895,0.014585313387215137,0.002365708351135254,330825,0.0021718945,0.0012539917370304465,0.00125398812815547,0.0012537128059193492
482275,dct_low_nontargeted_white_box_eps0.0627_iter7,0.352504638218924,0.3122786304604487,0.99164873,45.436956657584986,0.9979921579360962,0.9986968040466309,0.07632794231176376,0.019628822803497314,393772,0.008613769,0.00458140205591917,0.00448929239064455,0.004543638322502375
404805,dct_low_nontargeted_white_box_eps0.0627_iter6,1.0000000000000002,0.5000000000000001,0.9933987,48.59096281460063,0.9980400800704956,0.9990450143814087,0.10158935189247131,0.016838550567626953,355551,0.005883742,0.002964343409985304,0.0029070188757032156,0.0029468461871147156
2261,dct_low_nontargeted_white_box_eps0.0627_iter6,0.5000000000000001,0.3750000000000001,0.9936227,48.47478490913489,0.998309850692749,0.9991515874862671,0.09390292316675186,0.020592808723449707,358490,0.005965011,0.00302329333499074,0.0029193097725510597,0.0030102587770670652
425702,dct_low_nontargeted_white_box_eps0.0627_iter1,1.0000000000000002,0.5000000000000001,0.99899316,58.03858468803142,0.9997050762176514,0.9993670582771301,0.012691941112279892,0.0029422640800476074,345257,0.002170655,0.0012526054633781314,0.0012529242085292935,0.0012525293277576566
36844,dct_low_nontargeted_white_box_eps0.0627_iter2,0.5681818181818183,0.48863636363636376,0.99748874,53.7502529474189,0.9994139075279236,0.9995557069778442,0.03523511439561844,0.003725886344909668,279671,0.0033754993,0.0016916622407734394,0.001666656113229692,0.0016931194113567472
12576,dct_low_nontargeted_white_box_eps0.0627_iter1,0.8311688311688312,0.6464646464646465,0.99938995,58.05057780385036,0.9998520612716675,0.9999265074729919,0.002494271844625473,0.000363767147064209,366231,0.0021669774,0.0012481319718062878,0.001248030923306942,0.0012515325797721744
361238,dct_low_nontargeted_white_box_eps0.0627_iter1,0.43939393939393945,0.3295454545454546,0.9991867,58.104896076586925,0.9997977018356323,0.9998975396156311,0.006523163523525,0.0010457038879394531,340655,0.0021516862,0.0012475206749513745,0.001238033757545054,0.001215561293065548
108253,dct_low_nontargeted_white_box_eps0.0627_iter2,0.6666666666666669,0.6659451659451661,0.99775046,53.91049689455903,0.999433159828186,0.999453067779541,0.02583664283156395,0.0046964287757873535,250101,0.003257671,0.0016450523398816586,0.00161223323084414,0.0016123446403071284
319935,dct_low_nontargeted_white_box_eps0.0627_iter3,0.7012987012987013,0.6298701298701299,0.9956576,51.01138213218267,0.9988874197006226,0.9992496371269226,0.07445685565471649,0.008445501327514648,352977,0.004637729,0.002559225307777524,0.002452578628435731,0.002542529720813036
3934,dct_low_nontargeted_white_box_eps0.0627_iter1,0.6363636363636365,0.6337662337662339,0.9991488,58.036505133027006,0.9997930526733398,0.9998713731765747,0.005235815420746803,0.0010521411895751953,349776,0.0021713062,0.0012536749709397554,0.0012532765977084637,0.0012529226951301098
29596,dct_low_nontargeted_white_box_eps0.0627_iter6,0.4431818181818183,0.38842975206611574,0.9902095,47.19802806583894,0.9974157214164734,0.9977211356163025,0.11287590861320496,0.02266913652420044,367972,0.0069313003,0.0036106309853494167,0.003430092940106988,0.003548535518348217
47740,dct_low_nontargeted_white_box_eps0.0627_iter3,0.5454545454545455,0.31818181818181823,0.99696636,51.462426311281895,0.9990895986557007,0.9995167255401611,0.06746520847082138,0.007382869720458984,360155,0.004365576,0.0024093263782560825,0.0023032689932733774,0.002379561075940728
77460,dct_low_nontargeted_white_box_eps0.0627_iter4,0.2727272727272727,0.21680194805194808,0.9948104,49.86712590516629,0.9985315799713135,0.9990372657775879,0.06377288699150085,0.013045668601989746,332017,0.0050919307,0.002634431468322873,0.00253934389911592,0.0025747825857251883
14439,dct_low_nontargeted_white_box_eps0.0627_iter6,0.5874125874125875,0.47564935064935077,0.9925804,45.93106750826988,0.9979187846183777,0.9986457824707031,0.09375648200511932,0.009781837463378906,376696,0.00808264,0.004334226716309786,0.004230974242091179,0.004079831298440695
571893,dct_low_nontargeted_white_box_eps0.0627_iter4,0.40909090909090917,0.1891643709825528,0.99432707,49.90249916509872,0.9985215663909912,0.9985558986663818,0.07296272367238998,0.007593035697937012,325863,0.0050597056,0.002606293885037303,0.00252858130261302,0.002517320215702057
447314,dct_low_nontargeted_white_box_eps0.0627_iter4,0.7727272727272729,0.5151515151515152,0.9942415,50.39121916815112,0.9984253644943237,0.9985496997833252,0.0789269432425499,0.009639263153076172,326029,0.0047932547,0.0024334711488336325,0.0023290596436709166,0.0024103610776364803
181303,dct_low_nontargeted_white_box_eps0.0627_iter1,0.3333333333333334,0.25000000000000006,0.99920344,58.04259434305638,0.999771237373352,0.9999173879623413,0.006180897355079651,0.0019335746765136719,371568,0.0021695534,0.0012526602949947119,0.0012520018499344587,0.0012499423464760184
58350,dct_low_nontargeted_white_box_eps0.0627_iter6,0.5909090909090909,0.5714285714285715,0.98978263,47.93910134208655,0.9977555274963379,0.9974615573883057,0.09434859454631805,0.014185786247253418,344799,0.006283153,0.003177541308104992,0.0031572955194860697,0.0031983726657927036
26465,dct_low_nontargeted_white_box_eps0.0627_iter3,0.5000000000000001,0.44444444444444453,0.99639016,52.612783621543365,0.999049186706543,0.9989399909973145,0.0663890689611435,0.00722658634185791,330162,0.0037747305,0.002043570624664426,0.002011527307331562,0.0020409480202943087
246968,dct_low_nontargeted_white_box_eps0.0627_iter2,0.4924242424242425,0.4491978609625669,0.9972212,53.36047898635262,0.999405562877655,0.9995419979095459,0.05080112814903259,0.004896283149719238,288339,0.003570371,0.0018674270249903202,0.0018077061977237463,0.0018443241715431213
536947,dct_low_nontargeted_white_box_eps0.0627_iter1,0.25000000000000006,0.22077922077922082,0.99919367,58.06496946651077,0.999804675579071,0.9998909831047058,0.0049542696215212345,0.0011545419692993164,364125,0.002161743,0.0012442342704162002,0.001245599938556552,0.0012454743264243007
286182,dct_low_nontargeted_white_box_eps0.0627_iter1,0.4818181818181819,0.4647382920110194,0.9993331,58.078546827556,0.9998284578323364,0.9999118447303772,0.0024465718306601048,0.0007362961769104004,356638,0.0021597452,0.0012481668964028358,0.0012533148983493447,0.0012221622746437788
433980,dct_low_nontargeted_white_box_eps0.0627_iter2,1.0000000000000002,0.6666666666666669,0.998056,54.32068031045013,0.9994750022888184,0.9996748566627502,0.023065146058797836,0.0032728910446166992,238777,0.0030692972,0.001488693174906075,0.0014872823376208544,0.00145780632738024
561366,dct_low_nontargeted_white_box_eps0.0627_iter2,0.6666666666666669,0.5000000000000001,0.99789715,54.07423122017982,0.9993447065353394,0.9995777606964111,0.0285644493997097,0.002287149429321289,264718,0.0032006898,0.0015603478532284498,0.0015490049263462424,0.0015734964981675148
380913,dct_low_nontargeted_white_box_eps0.0627_iter3,0.8409090909090912,0.6363636363636365,0.9961438,50.90495094881482,0.9992324709892273,0.9994695782661438,0.06788243353366852,0.008382856845855713,347213,0.004707984,0.002587921917438507,0.00252181151881814,0.0025459080934524536
32887,dct_low_nontargeted_white_box_eps0.0627_iter2,0.6666666666666669,0.4000000000000001,0.99862427,54.44681461124287,0.9996336698532104,0.9998313784599304,0.021416157484054565,0.002960681915283203,261761,0.0030105144,0.0014367785770446062,0.0014268404338508844,0.0014335490996018052
517687,dct_low_nontargeted_white_box_eps0.0627_iter5,0.5000000000000001,0.3333333333333334,0.9943889,48.22674916744368,0.9981912970542908,0.998556911945343,0.09293749183416367,0.018770933151245117,371302,0.006137501,0.003312409855425358,0.003224781947210431,0.003290899796411395
213035,dct_low_nontargeted_white_box_eps0.0627_iter1,0.8787878787878789,0.6590909090909092,0.9987443,58.11058295324945,0.9996938705444336,0.9994666576385498,0.019238745793700218,0.0029249191284179688,313109,0.0021387704,0.0012334482744336128,0.0012321652611717582,0.0012306710705161095
399205,dct_low_nontargeted_white_box_eps0.0627_iter2,0.490909090909091,0.4694214876033058,0.99870485,53.25345583245462,0.9996549487113953,0.9998416304588318,0.015538521111011505,0.0013366937637329102,316761,0.0036242309,0.001896956586278975,0.0018605176592245698,0.0018994217971339822
349837,dct_low_nontargeted_white_box_eps0.0627_iter5,0.8181818181818183,0.3333333333333334,0.9928004,49.90962585216955,0.9979559779167175,0.9958288669586182,0.1349816620349884,0.03477996587753296,343815,0.005032931,0.0027063933666795492,0.002641010098159313,0.002687274245545268
350002,dct_low_nontargeted_white_box_eps0.0627_iter1,0.5000000000000001,0.20000000000000004,0.99909693,58.03403253829227,0.9997403025627136,0.9998470544815063,0.006898532621562481,0.0025910139083862305,349498,0.0021719951,0.0012540025636553764,0.0012539930175989866,0.0012540020979940891
131431,dct_low_nontargeted_white_box_eps0.0627_iter4,1.0000000000000002,0.25000000000000006,0.99560356,50.08508683970958,0.9988572001457214,0.999305248260498,0.06459133327007294,0.011544108390808105,337108,0.005018339,0.0025527458637952805,0.0024736083578318357,0.0025523698423057795
356248,dct_low_nontargeted_white_box_eps0.0627_iter4,0.5353535353535355,0.47272727272727283,0.99548244,49.48073296385211,0.9985828399658203,0.9990641474723816,0.04436393827199936,0.004794895648956299,353175,0.005411101,0.0027952133677899837,0.0026984054129570723,0.0027742329984903336
334399,dct_low_nontargeted_white_box_eps0.0627_iter3,0.6363636363636365,0.5000000000000001,0.99538606,51.92234097812647,0.9989109039306641,0.9987441897392273,0.07746468484401703,0.007108211517333984,318835,0.004073477,0.002222166396677494,0.002159401774406433,0.0021952094975858927
57150,dct_low_nontargeted_white_box_eps0.0627_iter4,0.30303030303030304,0.26827458256029685,0.9947024,49.779507388113736,0.9986633062362671,0.9988093376159668,0.06288197636604309,0.008635461330413818,337756,0.005178467,0.002658682409673929,0.0025712677743285894,0.0026154411025345325
363666,dct_low_nontargeted_white_box_eps0.0627_iter1,0.4886363636363637,0.3545454545454546,0.99920756,58.07787225942079,0.999807596206665,0.9999069571495056,0.004854288883507252,0.0006902217864990234,355326,0.0021597685,0.001224697451107204,0.00125235749874264,0.0012471687514334917
507235,dct_low_nontargeted_white_box_eps0.0627_iter2,0.18181818181818185,0.1666666666666667,0.9985915,53.603198025538816,0.9996618032455444,0.9997715950012207,0.007806304842233658,0.002235710620880127,295459,0.0034653998,0.001734887482598424,0.0017475219210609794,0.0017358071636408567
169996,dct_low_nontargeted_white_box_eps0.0627_iter2,0.7636363636363638,0.7090909090909092,0.9982693,53.64977629744823,0.9995822906494141,0.9997415542602539,0.020611722022294998,0.00255584716796875,303634,0.003417993,0.001739709870889783,0.0016865612706169486,0.0017363906372338533
226417,dct_low_nontargeted_white_box_eps0.0627_iter2,0.6931818181818183,0.684659090909091,0.99822026,53.64562484703606,0.999555230140686,0.9997825026512146,0.03395494073629379,0.004044055938720703,291989,0.003414838,0.0017463238909840584,0.001677776570431888,0.0017428093124181032
481573,dct_low_nontargeted_white_box_eps0.0627_iter1,0.5000000000000001,0.25000000000000006,0.9989331,58.39905363014388,0.9997925758361816,0.9999073147773743,0.015492084436118603,0.0006615519523620605,281160,0.0020475895,0.0011318852193653584,0.0011598404962569475,0.0011670066742226481
56127,dct_low_nontargeted_white_box_eps0.0627_iter1,0.4000000000000001,0.3181818181818182,0.9992642,58.18227726595275,0.999884843826294,0.9998906254768372,0.002247696742415428,0.00045549869537353516,340353,0.0021169444,0.001218824414536357,0.0012167645618319511,0.0012001566356047988
123480,dct_low_nontargeted_white_box_eps0.0627_iter3,0.3333333333333334,0.1666666666666667,0.99592257,52.61229332576309,0.9987935423851013,0.9982817769050598,0.07832890748977661,0.008039116859436035,340019,0.0037888044,0.0020465990528464317,0.00201538298279047,0.0020369389094412327
274687,dct_low_nontargeted_white_box_eps0.0627_iter1,0.3333333333333334,0.25000000000000006,0.99936193,58.04722534804285,0.9998173713684082,0.9998517632484436,0.004432959016412497,0.001091301441192627,354312,0.002168279,0.0012505720369517803,0.0012506810016930103,0.0012493423419073224
164637,dct_low_nontargeted_white_box_eps0.0627_iter2,1.0000000000000002,0.3333333333333334,0.9980698,54.188933025511396,0.9994772672653198,0.9996629357337952,0.015628961846232414,0.0027281641960144043,262184,0.0031399813,0.0015398344257846475,0.0014996427344158292,0.0015202501090243459
178028,dct_low_nontargeted_white_box_eps0.0627_iter3,0.5090909090909091,0.41477272727272735,0.9960874,51.81274967593818,0.9990264177322388,0.9992495179176331,0.040111932903528214,0.006829977035522461,341041,0.004184844,0.0022620144300162792,0.0022368133068084717,0.0022538709454238415
493286,dct_low_nontargeted_white_box_eps0.0627_iter2,0.5757575757575758,0.5,0.9978066,54.14827851217771,0.9993991851806641,0.9995507001876831,0.04971969872713089,0.0037499070167541504,252382,0.0031357133,0.0015615352895110846,0.0014987112954258919,0.0015441629802808166
348216,dct_low_nontargeted_white_box_eps0.0627_iter1,0.5454545454545455,0.24242424242424246,0.99895763,58.063255161970375,0.9997310638427734,0.9997362494468689,0.012597656808793545,0.0035114288330078125,343190,0.0021613035,0.001246166881173849,0.0012454354437068105,0.0012451783986762166
345027,dct_low_nontargeted_white_box_eps0.0627_iter5,0.4318181818181819,0.3232323232323233,0.9934873,49.008575995976344,0.9980628490447998,0.9947758316993713,0.11024200916290283,0.013429880142211914,370375,0.0056061177,0.0030065744649618864,0.002933742478489876,0.0029936516657471657
571804,dct_low_nontargeted_white_box_eps0.0627_iter7,0.3090909090909092,0.23295454545454553,0.9888113,47.49033655032829,0.996545672416687,0.994583785533905,0.15574213862419128,0.024195194244384766,375263,0.006632358,0.0035042634699493647,0.003444872796535492,0.0034880221355706453
140658,dct_low_nontargeted_white_box_eps0.0627_iter4,1.0000000000000002,0.5000000000000001,0.99638605,51.38986672566274,0.9989397525787354,0.9993036389350891,0.053139738738536835,0.006461501121520996,317481,0.004217306,0.0021030197385698557,0.0019933367148041725,0.002052058931440115
102644,dct_low_nontargeted_white_box_eps0.0627_iter1,0.3333333333333334,0.25000000000000006,0.99878424,58.03405069674142,0.9996544122695923,0.9996187090873718,0.023142151534557343,0.004329025745391846,307546,0.0021719914,0.0012539983727037907,0.0012539959279820323,0.001254000118933618
581615,dct_low_nontargeted_white_box_eps0.0627_iter3,1.0000000000000002,0.5000000000000001,0.9961185,52.25223359057679,0.998757004737854,0.9985288381576538,0.044624924659729004,0.005064845085144043,354262,0.003965109,0.0021228105761110783,0.002121865516528487,0.002137398347258568
279887,dct_low_nontargeted_white_box_eps0.0627_iter5,0.5324675324675325,0.196969696969697,0.99392587,48.30968298883924,0.9985207319259644,0.9989784359931946,0.0897277444601059,0.011400341987609863,376386,0.006167046,0.003288860432803631,0.003205816727131605,0.0032936870120465755
230008,dct_low_nontargeted_white_box_eps0.0627_iter4,0.8484848484848486,0.6000000000000002,0.99620765,49.697586969266084,0.9990037679672241,0.9994708895683289,0.0811874121427536,0.009713888168334961,345469,0.0052573555,0.0027186600491404533,0.002593962475657463,0.002674767980352044
284698,dct_low_nontargeted_white_box_eps0.0627_iter3,0.3333333333333334,0.25000000000000006,0.9975473,52.30099867092399,0.9993870258331299,0.9995990991592407,0.03732961788773537,0.0031778812408447266,348402,0.003924472,0.002122067380696535,0.0021013969089835882,0.002103246282786131
102356,dct_low_nontargeted_white_box_eps0.0627_iter2,0.5000000000000001,0.25000000000000006,0.99778944,54.28503831448528,0.9994046092033386,0.9996049404144287,0.028061963617801666,0.0016551017761230469,247112,0.0030908575,0.0014954570215195417,0.0014777985634282231,0.001488597714342177
456394,dct_low_nontargeted_white_box_eps0.0627_iter1,1.0000000000000002,0.5000000000000001,0.9992533,58.03834882391019,0.9998372793197632,0.9999032616615295,0.00834166444838047,0.0018881559371948242,332466,0.002170786,0.00125228613615036,0.001253794995136559,0.001252191374078393
323709,dct_low_nontargeted_white_box_eps0.0627_iter2,1.0000000000000002,0.5000000000000001,0.9974262,54.55536559691944,0.9992579817771912,0.9954462647438049,0.06923167407512665,0.005696773529052734,224210,0.0029244404,0.0014345274539664388,0.0013554600300267339,0.0014013377949595451
452122,dct_low_nontargeted_white_box_eps0.0627_iter3,1.0000000000000002,0.5000000000000001,0.99567056,53.11144116044454,0.9986010789871216,0.9829921126365662,0.18079271912574768,0.03251171112060547,316262,0.0035421217,0.0019160722149536014,0.0019045908702537417,0.0019224281422793865
579158,dct_low_nontargeted_white_box_eps0.0627_iter9,0.3333333333333334,0.2329545454545455,0.98802465,44.710805027294114,0.9970239996910095,0.9979408979415894,0.09697474539279938,0.019551873207092285,394487,0.009244368,0.004856531508266926,0.004752856679260731,0.0048261480405926704
525322,dct_low_nontargeted_white_box_eps0.0627_iter6,1.0000000000000002,0.3333333333333334,0.99101925,49.63685456079815,0.9971470832824707,0.9674685001373291,0.22206473350524902,0.04684269428253174,303960,0.005027043,0.002570502692833543,0.002502074232324958,0.0025366132613271475
33114,dct_low_nontargeted_white_box_eps0.0627_iter1,0.3333333333333334,0.25000000000000006,0.99893075,58.034013811326304,0.9996844530105591,0.9997181296348572,0.018566982820630074,0.0013300776481628418,351011,0.0021720005,0.001254005474038422,0.001254000118933618,0.001254006871022284
8690,dct_low_nontargeted_white_box_eps0.0627_iter1,0.3636363636363637,0.2272727272727273,0.9993331,58.232656266716575,0.9998304843902588,0.9998995661735535,0.004853390157222748,0.00142747163772583,358139,0.0021033557,0.0011976808309555054,0.0011968554463237524,0.0011992735089734197
381639,dct_low_nontargeted_white_box_eps0.0627_iter4,0.5227272727272728,0.48888888888888893,0.99647564,48.71735234798456,0.9991472959518433,0.9991801381111145,0.013402754440903664,0.00159454345703125,377559,0.0059796274,0.0031241923570632935,0.0030769803561270237,0.003117474727332592
217614,dct_low_nontargeted_white_box_eps0.0627_iter3,1.0000000000000002,0.5000000000000001,0.9988211,52.056789833321346,0.9995993971824646,0.9998688101768494,0.016593683511018753,0.0037707090377807617,380954,0.004040016,0.0022007538937032223,0.0021568506490439177,0.0021850247867405415
284445,dct_low_nontargeted_white_box_eps0.0627_iter2,0.36181818181818187,0.31822047000618436,0.9983611,53.76244287330156,0.9995672702789307,0.9997156262397766,0.021446088328957558,0.0016083121299743652,289458,0.0033564847,0.0016804555198177695,0.001668496523052454,0.0016833852278068662
468124,dct_low_nontargeted_white_box_eps0.0627_iter2,0.6666666666666669,0.5000000000000001,0.99829525,53.97671157223144,0.9995088577270508,0.9997434616088867,0.02483489364385605,0.0016901493072509766,280139,0.003242538,0.001608818070963025,0.0015841636341065168,0.0015961936442181468
187144,dct_low_nontargeted_white_box_eps0.0627_iter5,0.4,0.32832405689548555,0.9940031,48.956142577395276,0.998384952545166,0.9986677765846252,0.08208918571472168,0.00816047191619873,376401,0.0056916857,0.0030127086210995913,0.0029747155494987965,0.002995456801727414
273198,dct_low_nontargeted_white_box_eps0.0627_iter1,1.0000000000000002,0.7500000000000002,0.99934363,58.03956448583043,0.9998205900192261,0.9999174475669861,0.0051725623197853565,0.0006169676780700684,361431,0.0021699623,0.0012516226852312684,0.0012529469095170498,0.0012526281643658876
95843,dct_low_nontargeted_white_box_eps0.0627_iter1,1.0000000000000002,0.5000000000000001,0.9989311,58.079814463846695,0.999743640422821,0.9998024702072144,0.009630946442484856,0.0013420581817626953,340968,0.0021567876,0.0012363005662336946,0.0012481426820158958,0.0012381154811009765
417779,dct_low_nontargeted_white_box_eps0.0627_iter2,0.6590909090909092,0.5090909090909091,0.9982819,53.806892762130275,0.9994845390319824,0.999762773513794,0.019475700333714485,0.004263639450073242,297522,0.0033393623,0.0016758672427386045,0.0016325993929058313,0.0016703912988305092
447342,dct_low_nontargeted_white_box_eps0.0627_iter6,0.34090909090909094,0.31168831168831174,0.9929053,46.569691895691,0.9982845187187195,0.9991867542266846,0.09967091679573059,0.01492774486541748,380384,0.007552581,0.003985820338129997,0.0037775866221636534,0.0039245192892849445
166563,dct_low_nontargeted_white_box_eps0.0627_iter3,1.0000000000000002,0.3333333333333334,0.996972,52.461588052098584,0.9989224672317505,0.9991815090179443,0.06279168277978897,0.0074825286865234375,353915,0.0038591865,0.0020667784847319126,0.00206977897323668,0.002074944321066141
490125,dct_low_nontargeted_white_box_eps0.0627_iter4,0.8986013986013988,0.4712121212121213,0.99537116,49.95163034075834,0.9987701177597046,0.999194860458374,0.07422105967998505,0.008311748504638672,342938,0.005090992,0.00261607114225626,0.002492521656677127,0.002582926070317626
561009,dct_low_nontargeted_white_box_eps0.0627_iter5,1.0000000000000002,0.3333333333333334,0.9936049,49.99699424424684,0.9983643293380737,0.9988235235214233,0.10227596759796143,0.01752448081970215,361289,0.005048959,0.00268058804795146,0.002620111918076873,0.0026584735605865717
183675,dct_low_nontargeted_white_box_eps0.0627_iter6,1.0000000000000002,0.6666666666666669,0.99398595,47.83699166697559,0.9979445338249207,0.9987550973892212,0.0924442708492279,0.012926459312438965,362227,0.006432601,0.0032735506538301706,0.003215004224330187,0.00326822348870337
290248,dct_low_nontargeted_white_box_eps0.0627_iter2,0.23500309214594933,0.2244748622589532,0.9985773,53.801807472776815,0.999627947807312,0.9997771978378296,0.019929425790905952,0.004117131233215332,298131,0.0033159715,0.0017089573666453362,0.0016244214493781328,0.001671690377406776
532058,dct_low_nontargeted_white_box_eps0.0627_iter1,1.0000000000000002,0.8000000000000002,0.99902326,58.05524881911108,0.9997552633285522,0.9998088479042053,0.007732528727501631,0.0026292800903320312,344187,0.0021641746,0.0012489057844504714,0.0012465751497074962,0.0012481752783060074
214200,dct_low_nontargeted_white_box_eps0.0627_iter3,1.0000000000000002,0.6666666666666669,0.99670476,51.27710974028112,0.9991259574890137,0.9993143081665039,0.039474837481975555,0.0035193562507629395,354494,0.0044687176,0.0024662658106535673,0.0023510889150202274,0.0024380760733038187
578093,dct_low_nontargeted_white_box_eps0.0627_iter3,0.3333333333333334,0.28896103896103903,0.9974033,51.257505128404915,0.9993249177932739,0.99962317943573,0.03761432319879532,0.004811227321624756,370060,0.004505768,0.002461477881297469,0.002394800540059805,0.002439200645312667
369751,dct_low_nontargeted_white_box_eps0.0627_iter1,0.8484848484848486,0.797979797979798,0.9992859,58.0457592089174,0.999795138835907,0.9999113082885742,0.0043254755437374115,0.0008304119110107422,360683,0.0021687339,0.0012515411945059896,0.001252994523383677,0.0012473294045776129
429011,dct_low_nontargeted_white_box_eps0.0627_iter2,0.3333333333333334,0.28571428571428575,0.99755764,53.8910223313633,0.9993330836296082,0.9994589686393738,0.05611943453550339,0.004071235656738281,270148,0.0032865521,0.0016635800711810589,0.0015821836423128843,0.0016378877917304635
301061,dct_low_nontargeted_white_box_eps0.0627_iter4,0.6666666666666669,0.5000000000000001,0.9968593,50.981377963396596,0.9991821646690369,0.9994612336158752,0.0419013649225235,0.0038192272186279297,322290,0.004470815,0.0021955145057290792,0.0021794026251882315,0.0021979003213346004
105264,dct_low_nontargeted_white_box_eps0.0627_iter3,0.9090909090909093,0.6666666666666669,0.99626416,51.761866536942364,0.9989969730377197,0.9992455244064331,0.06814257055521011,0.0033788084983825684,361201,0.004207673,0.0022944221273064613,0.0022237226366996765,0.0022751977667212486
267434,dct_low_nontargeted_white_box_eps0.0627_iter3,1.0000000000000002,0.5000000000000001,0.9972272,51.1383372178169,0.9992908239364624,0.9995571970939636,0.03918728604912758,0.004380464553833008,360068,0.004566136,0.002497762208804488,0.002462738659232855,0.0024184894282370806
25393,dct_low_nontargeted_white_box_eps0.0627_iter1,0.7575757575757578,0.5681818181818183,0.9989376,58.042782880671396,0.9997034072875977,0.9997545480728149,0.01175067201256752,0.0012750029563903809,340215,0.0021688994,0.0012522664619609714,0.0012519273441284895,0.001250249333679676
471087,dct_low_nontargeted_white_box_eps0.0627_iter3,1.0000000000000002,0.6666666666666669,0.9983937,51.46228039133841,0.9994983673095703,0.9996497631072998,0.022567518055438995,0.006093025207519531,360274,0.004381358,0.002348902402445674,0.002388200256973505,0.002355365315452218
106757,dct_low_nontargeted_white_box_eps0.0627_iter3,0.7727272727272729,0.5151515151515152,0.9972157,51.766218687625894,0.9990360140800476,0.9994644522666931,0.038525499403476715,0.0056504011154174805,361735,0.0041977908,0.002291507087647915,0.0022362293675541878,0.0022757393307983875
183648,dct_low_nontargeted_white_box_eps0.0627_iter2,1.0000000000000002,0.6666666666666669,0.9983117,53.889864681974785,0.9994593858718872,0.9997426867485046,0.027883470058441162,0.0044672489166259766,289962,0.0032852131,0.0016402103938162327,0.0015997864538803697,0.0016460310434922576
358525,dct_low_nontargeted_white_box_eps0.0627_iter3,0.8484848484848486,0.6000000000000002,0.99673086,51.60226703154525,0.9992153644561768,0.9993577003479004,0.04312673956155777,0.004665851593017578,347716,0.0042836904,0.00230776215903461,0.002277654130011797,0.002306596143171191
49269,dct_low_nontargeted_white_box_eps0.0627_iter3,1.0000000000000002,0.6666666666666669,0.99682236,52.10154090156636,0.9991180896759033,0.999422013759613,0.04137619584798813,0.004060983657836914,337808,0.0040107323,0.002177279209718108,0.002144374419003725,0.0021159255411475897
79144,dct_low_nontargeted_white_box_eps0.0627_iter2,1.0000000000000002,0.3333333333333334,0.99873376,54.01112497806003,0.999644935131073,0.9998807311058044,0.024688836187124252,0.0022281408309936523,291768,0.0032250735,0.0015939128352329135,0.0015705899568274617,0.0015857100952416658
519688,dct_low_nontargeted_white_box_eps0.0627_iter1,0.3333333333333334,0.0,0.9989993,58.034412679891965,0.9997245073318481,0.9997944235801697,0.017761170864105225,0.002802431583404541,340969,0.0021718915,0.0012537018628790975,0.0012539960443973541,0.0012539810268208385
431727,dct_low_nontargeted_white_box_eps0.0627_iter1,0.5454545454545455,0.27272727272727276,0.9993599,58.039292491839205,0.9998278021812439,0.9999306201934814,0.0044135041534900665,0.0011965632438659668,373059,0.002170487,0.0012527881190180779,0.0012525824131444097,0.0012520711170509458
130699,dct_low_nontargeted_white_box_eps0.0627_iter1,0.7727272727272729,0.425974025974026,0.9992488,58.03422111408502,0.9997798800468445,0.9999185800552368,0.005217821337282658,0.0011923909187316895,372392,0.0021719423,0.0012539492454379797,0.0012539661256596446,0.0012539410963654518
215245,dct_low_nontargeted_white_box_eps0.0627_iter1,1.0000000000000002,0.7662337662337664,0.99923784,58.04514699700127,0.9997736811637878,0.9998902082443237,0.008709127083420753,0.0010703802108764648,364114,0.0021687848,0.0012511647073552012,0.0012506735511124134,0.0012505361810326576
91921,dct_low_nontargeted_white_box_eps0.0627_iter3,1.0000000000000002,0.3333333333333334,0.99795705,51.623962237818134,0.9993880987167358,0.9997591972351074,0.033374689519405365,0.002738475799560547,376473,0.0042878836,0.0023299071472138166,0.002287294017150998,0.002315386664122343
218424,dct_low_nontargeted_white_box_eps0.0627_iter1,0.5454545454545455,0.3636363636363637,0.999538,58.046554335481375,0.9998578429222107,0.99996417760849,0.0029998100362718105,0.00036585330963134766,380746,0.0021683644,0.001250805682502687,0.0012501684250310063,0.001250195549800992
473974,dct_low_nontargeted_white_box_eps0.0627_iter5,0.8181818181818183,0.5000000000000001,0.9962408,48.33444002781016,0.9987567663192749,0.9995520710945129,0.07239019870758057,0.018575310707092285,382924,0.0061316476,0.003286150051280856,0.0032169499900192022,0.003279948839917779
405249,dct_low_nontargeted_white_box_eps0.0627_iter3,0.5640495867768596,0.4644628099173554,0.99697036,51.109749431476324,0.9992189407348633,0.9994484186172485,0.043004196137189865,0.0061301589012146,348085,0.004582203,0.002503693103790283,0.0024594655260443687,0.002486512763425708
235784,dct_low_nontargeted_white_box_eps0.0627_iter1,0.5000000000000001,0.3333333333333334,0.9990923,58.109203518113915,0.9997285604476929,0.9996868968009949,0.009641884826123714,0.0010541677474975586,347464,0.0021452103,0.0012281951494514942,0.0012337869266048074,0.0012354438658803701
521540,dct_low_nontargeted_white_box_eps0.0627_iter1,0.6666666666666669,0.3750000000000001,0.99908084,58.03611958109364,0.9997224807739258,0.9997906684875488,0.010657031089067459,0.001768946647644043,346668,0.002171413,0.0012538937153294683,0.0012534692650660872,0.0012528112856671214
537506,dct_low_nontargeted_white_box_eps0.0627_iter1,0.7636363636363639,0.690909090909091,0.99909455,58.045871676093824,0.9997934103012085,0.9998753666877747,0.009759124368429184,0.0012563467025756836,337214,0.0021673157,0.0012498138239607215,0.0012508286163210869,0.001251119188964367
119445,dct_low_nontargeted_white_box_eps0.0627_iter3,1.0000000000000002,0.8750000000000002,0.9973472,51.59201855149827,0.9992632269859314,0.9997046589851379,0.050146471709012985,0.004114985466003418,375021,0.0043023885,0.0023429151624441147,0.0022886774968355894,0.002327447757124901
507015,dct_low_nontargeted_white_box_eps0.0627_iter2,0.590909090909091,0.47474747474747475,0.9981625,53.77962003926192,0.9994556307792664,0.9997857213020325,0.030702486634254456,0.0023775100708007812,299896,0.0033322596,0.0016869110986590385,0.001634668093174696,0.0016886646626517177
173830,dct_low_nontargeted_white_box_eps0.0627_iter1,0.5000000000000001,0.3333333333333334,0.99901223,58.034249529403645,0.9997481107711792,0.9997899532318115,0.007768644485622644,0.0020720958709716797,336454,0.0021719285,0.0012539767194539309,0.0012539307354018092,0.0012538789305835962
435081,dct_low_nontargeted_white_box_eps0.0627_iter1,0.41375291375291384,0.4019997859283574,0.9996545,58.045230347346276,0.9999391436576843,0.9999456405639648,0.0008927675080485642,0.00014972686767578125,363937,0.0021686582,0.001251315581612289,0.0012512013781815767,0.0012497836723923683
18575,dct_low_nontargeted_white_box_eps0.0627_iter1,0.43939393939393945,0.4285714285714287,0.9993923,58.040977555901776,0.9998369216918945,0.999920666217804,0.0038156129885464907,0.0009275674819946289,369435,0.0021699988,0.0012531965039670467,0.0012530890526250005,0.0012497033458203077
373315,dct_low_nontargeted_white_box_eps0.0627_iter5,1.0000000000000002,0.6666666666666669,0.9945721,50.050242363423465,0.9981449842453003,0.9987375736236572,0.09474502503871918,0.018900036811828613,359953,0.0050163306,0.0026278484147042036,0.002650744514539838,0.002631143433973193
227765,dct_low_nontargeted_white_box_eps0.0627_iter1,0.6393939393939395,0.6280663780663782,0.99916124,58.129374176009165,0.9998048543930054,0.9998862147331238,0.005330102983862162,0.0016685724258422852,338301,0.0021397267,0.0012362317647784948,0.0012374762445688248,0.0012066155904904008
13546,dct_low_nontargeted_white_box_eps0.0627_iter3,0.6363636363636365,0.5090909090909091,0.99673986,51.42168185867546,0.9991769790649414,0.9995905756950378,0.05712341517210007,0.0033128857612609863,367254,0.004403201,0.0023887348361313343,0.0023502132389694452,0.0023816016037017107
67310,dct_low_nontargeted_white_box_eps0.0627_iter3,0.8818181818181821,0.8506493506493509,0.9974939,51.53070394518664,0.9993149042129517,0.9996547698974609,0.027194034308195114,0.003021240234375,370049,0.0043348684,0.002371028298512101,0.002307688817381859,0.0023399321362376213
125936,dct_low_nontargeted_white_box_eps0.0627_iter1,0.46363636363636374,0.27272727272727276,0.9991595,58.05144519192617,0.9998044967651367,0.9998881816864014,0.007519386243075132,0.0009006261825561523,343913,0.0021670936,0.0012514478294178843,0.0012536045396700501,0.001241908990778029
389109,dct_low_nontargeted_white_box_eps0.0627_iter5,0.3766233766233767,0.28563103563103565,0.9925463,48.605969739252366,0.9982792139053345,0.9982333183288574,0.08234047144651413,0.012629389762878418,365945,0.005917505,0.0031489268876612186,0.0031172228045761585,0.003098022658377886
322211,dct_low_nontargeted_white_box_eps0.0627_iter8,0.5000000000000001,0.3333333333333334,0.99190784,44.963901471250615,0.9972009062767029,0.9977766275405884,0.07260587811470032,0.023342370986938477,383111,0.0089429,0.004650632850825787,0.004577693063765764,0.00458793668076396
184384,dct_low_nontargeted_white_box_eps0.0627_iter2,0.3333333333333334,0.28571428571428575,0.99813515,54.000761983383896,0.9995176196098328,0.9996151328086853,0.02956213802099228,0.002516508102416992,260447,0.003214832,0.001600066665560007,0.0015814609359949827,0.0015834947116672993
426329,dct_low_nontargeted_white_box_eps0.0627_iter2,0.8636363636363638,0.5938228438228439,0.997688,54.685250100222696,0.999388575553894,0.9994955062866211,0.03961624205112457,0.0051847100257873535,223849,0.0028783309,0.0013746492331847548,0.001320015056990087,0.0013726027682423592
128476,dct_low_nontargeted_white_box_eps0.0627_iter3,0.7272727272727274,0.5955988455988457,0.99673027,51.28554244444048,0.9992208480834961,0.999526858329773,0.054732054471969604,0.0052874088287353516,354571,0.004489829,0.0024396018125116825,0.0023978971876204014,0.002407647902145982
414034,dct_low_nontargeted_white_box_eps0.0627_iter6,0.4000000000000001,0.3333333333333334,0.9924492,47.72529014000688,0.9980481863021851,0.9984352588653564,0.1008300930261612,0.01260519027709961,363141,0.006512263,0.0033119621220976114,0.003260514233261347,0.0032988921739161015
450488,dct_low_nontargeted_white_box_eps0.0627_iter3,0.6666666666666669,0.6363636363636365,0.99631166,52.14332873182322,0.9989250898361206,0.9989189505577087,0.06605084985494614,0.009244918823242188,336247,0.0039901123,0.002178196096792817,0.002128387801349163,0.0021660078782588243
99182,dct_low_nontargeted_white_box_eps0.0627_iter2,0.6666666666666669,0.5000000000000001,0.99741155,54.3688820001958,0.9994180202484131,0.9994236826896667,0.04812738671898842,0.004381716251373291,236212,0.0030240973,0.0014730480033904314,0.001447014627046883,0.001471261726692319
51738,dct_low_nontargeted_white_box_eps0.0627_iter3,1.0000000000000002,0.6000000000000002,0.99584866,52.1378545384365,0.9988623857498169,0.9988201260566711,0.07634210586547852,0.010734200477600098,339084,0.0040195375,0.0021733015310019255,0.00213621836155653,0.002167321043089032
99039,dct_low_nontargeted_white_box_eps0.0627_iter2,0.5113636363636365,0.40909090909090917,0.99811393,53.85124321591822,0.9995548725128174,0.9996652603149414,0.03256751969456673,0.0019325613975524902,283510,0.003301696,0.0016658134991303086,0.0016213463386520743,0.0016565111000090837
75456,dct_low_nontargeted_white_box_eps0.0627_iter2,1.0000000000000002,0.5000000000000001,0.9977937,54.212773314257944,0.9993149042129517,0.9979021549224854,0.05916808545589447,0.00589144229888916,243605,0.0030840202,0.0015228288248181343,0.0014909214805811644,0.001521045109257102
134882,dct_low_nontargeted_white_box_eps0.0627_iter4,0.6363636363636365,0.6346629560915276,0.99625176,49.44668452171175,0.998994767665863,0.9991627335548401,0.016486849635839462,0.005038619041442871,361132,0.0054737856,0.002753783483058214,0.0028033796697854996,0.002772628329694271
442323,dct_low_nontargeted_white_box_eps0.0627_iter3,0.8333333333333335,0.7142857142857144,0.99572545,51.608538280258855,0.9987534284591675,0.9983211159706116,0.045971278101205826,0.005916595458984375,343397,0.004292769,0.0023192947264760733,0.002295759506523609,0.0023309190291911364
232489,dct_low_nontargeted_white_box_eps0.0627_iter2,0.3333333333333334,0.0,0.9981834,53.8727106145416,0.9994951486587524,0.9997110962867737,0.016379836946725845,0.001590728759765625,276386,0.0033053427,0.0016349073266610503,0.0016352589009329677,0.0016334803076460958
351823,dct_low_nontargeted_white_box_eps0.0627_iter3,0.6666666666666669,0.5000000000000001,0.9971821,51.844683379704236,0.9992375373840332,0.9996217489242554,0.024213237687945366,0.00222170352935791,362630,0.0041714474,0.002262856112793088,0.002220270223915577,0.002249062992632389
65736,dct_low_nontargeted_white_box_eps0.0627_iter3,1.0000000000000002,0.7500000000000002,0.9957263,52.73490295769351,0.9986391067504883,0.9955292344093323,0.10543391108512878,0.0109061598777771,313738,0.003696996,0.002019039122387767,0.001978867221623659,0.002009256277233362
1000,dct_low_nontargeted_white_box_eps0.0627_iter4,0.4295454545454546,0.3223140495867769,0.99606395,49.03438578229771,0.9990367889404297,0.9992558360099792,0.04668135941028595,0.010713696479797363,363533,0.005754987,0.0029935536440461874,0.0029248162172734737,0.0029763630591332912
379842,dct_low_nontargeted_white_box_eps0.0627_iter2,0.6818181818181819,0.47474747474747475,0.99767154,53.94772443707174,0.9993958473205566,0.9994832277297974,0.04911375790834427,0.0054531097412109375,265033,0.003258202,0.0016255101654678583,0.0015764239942654967,0.0016179564408957958
13923,dct_low_nontargeted_white_box_eps0.0627_iter1,0.715909090909091,0.6000000000000001,0.9990502,58.09658095812868,0.9997529983520508,0.9997936487197876,0.009210583753883839,0.0018903613090515137,346336,0.0021519295,0.001232440466992557,0.0012356811203062534,0.001240076613612473
559543,dct_low_nontargeted_white_box_eps0.0627_iter1,0.8000000000000002,0.4375000000000001,0.9988721,58.049175979597216,0.9997444152832031,0.9997500777244568,0.011889449320733547,0.0012031793594360352,337596,0.0021677027,0.0012525373604148626,0.001253214431926608,0.001243172911927104
185890,dct_low_nontargeted_white_box_eps0.0627_iter2,0.38636363636363646,0.3363636363636364,0.9983675,53.47983057348748,0.9995707273483276,0.9997562766075134,0.013930898159742355,0.002686917781829834,295352,0.0034975868,0.0018055117689073086,0.0017737442394718528,0.0017901120008900762
357978,dct_low_nontargeted_white_box_eps0.0627_iter13,0.2727272727272728,0.26430976430976433,0.979414,43.37963891434359,0.9949488639831543,0.9958671927452087,0.14329123497009277,0.024044692516326904,395552,0.0105361035,0.005463994573801756,0.005368206650018692,0.005494745913892984
129492,dct_low_nontargeted_white_box_eps0.0627_iter1,0.590909090909091,0.47272727272727283,0.9991221,58.043297967674334,0.9997614622116089,0.9998419880867004,0.007068286649882793,0.0021387338638305664,350665,0.0021693911,0.0012532578548416495,0.0012525414349511266,0.0012481933226808906
261097,dct_low_nontargeted_white_box_eps0.0627_iter4,0.31818181818181823,0.2708178273967748,0.9954074,49.62973519968998,0.9987667798995972,0.9990373849868774,0.05749906599521637,0.007984042167663574,331454,0.0052143843,0.0027143522165715694,0.002606739057227969,0.002667791908606887
410510,dct_low_nontargeted_white_box_eps0.0627_iter5,1.0000000000000002,0.7500000000000002,0.99227864,49.29948186956797,0.9978786706924438,0.9974728226661682,0.10651937127113342,0.015239119529724121,355214,0.0054283803,0.002910288516432047,0.002840957138687372,0.002880545798689127
39951,dct_low_nontargeted_white_box_eps0.0627_iter2,0.7878787878787881,0.590909090909091,0.9977445,54.377926715562296,0.9994351863861084,0.9996079206466675,0.03019980899989605,0.0029399991035461426,241798,0.0030275553,0.0014826973201707006,0.0014160375576466322,0.0014699813909828663
306700,dct_low_nontargeted_white_box_eps0.0627_iter3,0.7500000000000002,0.6666666666666669,0.9968095,51.8157494119948,0.9990836381912231,0.9994450807571411,0.0362909696996212,0.001600027084350586,345513,0.0041781976,0.0022550122812390327,0.0022443190682679415,0.0022504546213895082
146457,dct_low_nontargeted_white_box_eps0.0627_iter1,0.7272727272727274,0.5050505050505052,0.9993058,58.03982024035054,0.9998294711112976,0.9999097585678101,0.005382707342505455,0.0011325478553771973,366074,0.0021703334,0.001252847141586244,0.0012523772893473506,0.0012517700670287013
214224,dct_low_nontargeted_white_box_eps0.0627_iter2,0.27272727272727276,0.2545454545454546,0.9970968,54.05613049890475,0.999303936958313,0.9990893006324768,0.059772465378046036,0.0043642520904541016,253800,0.0031978125,0.0015856537502259016,0.0015349079621955752,0.001581047079525888
332845,dct_low_nontargeted_white_box_eps0.0627_iter2,1.0000000000000002,0.6666666666666669,0.99733216,54.483217839536444,0.9993335008621216,0.9990746974945068,0.05077729746699333,0.005460262298583984,219720,0.0029331509,0.0014330665580928326,0.0014103868743404746,0.0014248493826016784
255483,dct_low_nontargeted_white_box_eps0.0627_iter6,0.25000000000000006,0.20000000000000004,0.99424225,48.38454987851583,0.9984002113342285,0.998702347278595,0.04184221103787422,0.010422110557556152,358062,0.006053618,0.0030400166288018227,0.003007597289979458,0.00304030510596931
187271,dct_low_nontargeted_white_box_eps0.0627_iter3,1.0000000000000002,0.5000000000000001,0.9960234,52.338458493429165,0.9988651275634766,0.998660683631897,0.05213550478219986,0.011000514030456543,333956,0.00391226,0.002102753845974803,0.002094762399792671,0.0021145741920918226
462629,dct_low_nontargeted_white_box_eps0.0627_iter3,0.4040404040404041,0.28619528619528617,0.9959313,51.64053284920917,0.9991493225097656,0.999302327632904,0.05573573708534241,0.008823275566101074,330859,0.004251559,0.002293009776622057,0.0022659064270555973,0.002266364172101021
544565,dct_low_nontargeted_white_box_eps0.0627_iter2,0.3090909090909092,0.22077922077922082,0.9983328,53.76050378676675,0.9995758533477783,0.9996993541717529,0.009644947946071625,0.0009615421295166016,286707,0.00338108,0.0016738100675866008,0.0016802136087790132,0.001678908010944724
369771,dct_low_nontargeted_white_box_eps0.0627_iter2,0.3333333333333334,0.3068181818181819,0.9982541,53.5857380229388,0.9995365142822266,0.9997138977050781,0.02190057560801506,0.003592193126678467,285046,0.003446087,0.0017558012623339891,0.001726199989207089,0.0017611689399927855
35963,dct_low_nontargeted_white_box_eps0.0627_iter1,0.5454545454545455,0.5000000000000001,0.9994855,58.03991029870382,0.9998621940612793,0.9999430775642395,0.0018597198650240898,0.0004252195358276367,378907,0.0021703618,0.0012533682165667415,0.0012535174610093236,0.00125003675930202
289516,dct_low_nontargeted_white_box_eps0.0627_iter4,1.0000000000000002,0.5000000000000001,0.9953108,50.0426674810867,0.9986798167228699,0.9977196455001831,0.1022987812757492,0.010322809219360352,327321,0.0049803653,0.0025491712149232626,0.002466922625899315,0.002526006195694208
334309,dct_low_nontargeted_white_box_eps0.0627_iter2,0.21969696969696972,0.1647727272727273,0.9980941,53.768038106670076,0.9995187520980835,0.999756395816803,0.03354997932910919,0.0020267367362976074,272150,0.0033476148,0.0016904623480513692,0.0016605821438133717,0.0016771417576819658
452084,dct_low_nontargeted_white_box_eps0.0627_iter1,0.3333333333333334,0.2575757575757576,0.9988084,58.524231500584776,0.9998693466186523,0.9999053478240967,0.004414441529661417,0.0014901161193847656,303963,0.0019988378,0.0011517137754708529,0.0010965276742354035,0.001112203928641975
301718,dct_low_nontargeted_white_box_eps0.0627_iter1,0.7142857142857144,0.5555555555555557,0.9991744,58.036013392522975,0.9997756481170654,0.9998704791069031,0.006059665232896805,0.0013158917427062988,351721,0.002171348,0.0012536211870610714,0.0012535585556179285,0.0012531050015240908
429598,dct_low_nontargeted_white_box_eps0.0627_iter1,1.0000000000000002,0.8000000000000002,0.99911374,58.036413558503455,0.9997584819793701,0.9998433589935303,0.00751694617792964,0.0010042786598205566,347164,0.0021710806,0.0012534067500382662,0.001253320719115436,0.0012532153632491827
165257,dct_low_nontargeted_white_box_eps0.0627_iter1,1.0000000000000002,0.5000000000000001,0.9989609,58.03738699700921,0.9997718334197998,0.9998705387115479,0.006666836328804493,0.0013086795806884766,361491,0.002171035,0.0012534132692962885,0.0012531637912616134,0.0012525343336164951
93437,dct_low_nontargeted_white_box_eps0.0627_iter8,0.3333333333333334,0.2791919191919192,0.98867744,45.62395778191285,0.9965084791183472,0.9977553486824036,0.14937657117843628,0.026697993278503418,379707,0.008204623,0.004226516000926495,0.004087929613888264,0.0042320191860198975
413552,dct_low_nontargeted_white_box_eps0.0627_iter1,0.27272727272727276,0.18181818181818185,0.99894124,58.04920696445028,0.9997209906578064,0.9997898936271667,0.008742563426494598,0.0017064809799194336,336322,0.0021665015,0.0012507799547165632,0.001250323373824358,0.001247777370736003
62025,dct_low_nontargeted_white_box_eps0.0627_iter3,0.7500000000000002,0.7090909090909092,0.99587846,52.05022843152298,0.998921275138855,0.9990103244781494,0.048917658627033234,0.0055429935455322266,354065,0.004071721,0.0021964896004647017,0.0021701138466596603,0.002183269476518035
17379,dct_low_nontargeted_white_box_eps0.0627_iter3,1.0000000000000002,0.5090909090909091,0.996692,51.85853453854947,0.999038815498352,0.9993008971214294,0.028362825512886047,0.003401041030883789,354557,0.0041508363,0.0022548972629010677,0.002219763584434986,0.0022412927355617285
176778,dct_low_nontargeted_white_box_eps0.0627_iter2,1.0000000000000002,0.6666666666666669,0.9978811,54.26628957365757,0.9993590116500854,0.9995031952857971,0.02729136124253273,0.002848029136657715,256018,0.0031066842,0.0014955741353332996,0.0014941145200282335,0.0014934397768229246
104572,dct_low_nontargeted_white_box_eps0.0627_iter1,0.40909090909090917,0.3333333333333334,0.99922186,58.07220476381857,0.9998078346252441,0.999906063079834,0.0058741080574691296,0.0006967782974243164,358900,0.0021599242,0.001246282598003745,0.0012470175279304385,0.001235787756741047
90108,dct_low_nontargeted_white_box_eps0.0627_iter4,1.0000000000000002,0.6000000000000002,0.99364954,50.19483694077081,0.9981622695922852,0.9976601600646973,0.07760859280824661,0.009423017501831055,331797,0.0049404865,0.002503827214241028,0.0024349577724933624,0.0024740088265389204
157124,dct_low_nontargeted_white_box_eps0.0627_iter1,1.0000000000000002,0.3333333333333334,0.99897766,58.04081588209965,0.9997409582138062,0.9997657537460327,0.007830346003174782,0.0019301176071166992,345023,0.0021701187,0.0012528151273727417,0.001253805123269558,0.0012495090486481786
89556,dct_low_nontargeted_white_box_eps0.0627_iter1,0.5181818181818182,0.3072727272727273,0.9993399,58.148362775852476,0.9998490810394287,0.9999038577079773,0.004314882680773735,0.0007526278495788574,363641,0.0021289366,0.001222207210958004,0.0012209791457280517,0.0012210712302476168
86220,dct_low_nontargeted_white_box_eps0.0627_iter4,0.6363636363636365,0.5350649350649352,0.99530596,49.21169892817447,0.9988517761230469,0.9993208646774292,0.07601660490036011,0.008988380432128906,356199,0.0055875666,0.0029735553544014692,0.0028054327704012394,0.0028439415618777275
508602,dct_low_nontargeted_white_box_eps0.0627_iter3,1.0000000000000002,0.6666666666666669,0.9974311,51.61058022977953,0.9995236396789551,0.9995956420898438,0.024777106940746307,0.002508997917175293,349213,0.004301666,0.002309574279934168,0.0023021965753287077,0.0023053474724292755
10363,dct_low_nontargeted_white_box_eps0.0627_iter2,0.7500000000000002,0.5000000000000001,0.99753314,54.14078262279944,0.9993588328361511,0.9995368123054504,0.05067521333694458,0.004611551761627197,269863,0.0031787942,0.001550082815811038,0.0015118930023163557,0.0015484074829146266
17178,dct_low_nontargeted_white_box_eps0.0627_iter1,0.8636363636363638,0.5757575757575758,0.99931914,58.07306025262484,0.9998051524162292,0.9999132752418518,0.004533478058874607,0.0005452632904052734,372084,0.0021596851,0.0012443952728062868,0.0012463852763175964,0.0012375802034512162
507975,dct_low_nontargeted_white_box_eps0.0627_iter2,0.5757575757575758,0.4318181818181819,0.99848634,53.36217042229815,0.9996224641799927,0.9997960925102234,0.02170616202056408,0.0011252164840698242,306376,0.003565868,0.0018509462242946029,0.0018153494456782937,0.001851385342888534
314177,dct_low_nontargeted_white_box_eps0.0627_iter2,0.6666666666666669,0.4000000000000001,0.9976232,54.29083430420259,0.9993507266044617,0.9993782639503479,0.02092885598540306,0.005015969276428223,254332,0.0030869725,0.0014859366929158568,0.0014691040851175785,0.0015004127053543925
313182,dct_low_nontargeted_white_box_eps0.0627_iter3,0.6590909090909092,0.5909090909090909,0.99655914,51.40909213123845,0.9991391897201538,0.9992586970329285,0.07277734577655792,0.003972768783569336,360604,0.004352843,0.002374898409470916,0.0022867603693157434,0.002329909475520253
538364,dct_low_nontargeted_white_box_eps0.0627_iter1,0.6545454545454547,0.5818181818181819,0.99925166,58.047041032807414,0.9998263716697693,0.9999110102653503,0.004870367236435413,0.0007532835006713867,356725,0.0021683387,0.0012521633179858327,0.0012524527264758945,0.0012461475562304258
149406,dct_low_nontargeted_white_box_eps0.0627_iter2,1.0000000000000002,0.5000000000000001,0.9987418,53.691444003595265,0.9996881484985352,0.9997624754905701,0.004277695901691914,0.0006709098815917969,297957,0.0034122034,0.0016977537889033556,0.001707927556708455,0.0017072653863579035
180383,dct_low_nontargeted_white_box_eps0.0627_iter1,0.7500000000000002,0.6000000000000002,0.9990895,58.039963511480046,0.9997901320457458,0.9998579621315002,0.0065758926793932915,0.0011568069458007812,346441,0.002170335,0.0012534369016066194,0.0012531462125480175,0.001250297762453556
449996,dct_low_nontargeted_white_box_eps0.0627_iter2,0.5454545454545455,0.3636363636363637,0.9974856,54.01022345649828,0.999241054058075,0.9908297061920166,0.07599365711212158,0.013069689273834229,246786,0.0031506533,0.0016086437972262502,0.0015334875788539648,0.001608917722478509
168619,dct_low_nontargeted_white_box_eps0.0627_iter2,1.0000000000000002,0.5000000000000001,0.9978197,53.89944510854222,0.9994596838951111,0.9997283220291138,0.032045766711235046,0.004676520824432373,274778,0.0032774229,0.0016509315464645624,0.001612359774298966,0.0016177307115867734
209613,dct_low_nontargeted_white_box_eps0.0627_iter7,0.4848484848484849,0.3636363636363637,0.9940086,46.634735526864056,0.9980189204216003,0.999135434627533,0.09290948510169983,0.02111637592315674,390779,0.0074008196,0.003926025703549385,0.0038183459546417,0.003901988035067916
103548,dct_low_nontargeted_white_box_eps0.0627_iter5,0.6818181818181819,0.39311383061383065,0.9960642,48.637073438431585,0.9988201856613159,0.9994661808013916,0.0526021309196949,0.014457166194915771,386938,0.005893267,0.0031716283410787582,0.0030764779075980186,0.0031471133697777987
469652,dct_low_nontargeted_white_box_eps0.0627_iter5,1.0000000000000002,0.3333333333333334,0.99606395,49.27385968938567,0.9988840818405151,0.9994406700134277,0.06459832191467285,0.011006772518157959,372441,0.005504395,0.002914575394243002,0.002896421356126666,0.0029128394089639187
15338,dct_low_nontargeted_white_box_eps0.0627_iter1,0.8484848484848486,0.6363636363636365,0.9992761,58.09398511579306,0.9998388290405273,0.99991774559021,0.004250950179994106,0.0007942914962768555,375473,0.0021512483,0.0012395639205351472,0.001236998476088047,0.0012338696978986263
512564,dct_low_nontargeted_white_box_eps0.0627_iter3,0.3454545454545455,0.32207792207792213,0.99674684,51.01142256874958,0.9992508888244629,0.9995364546775818,0.055851057171821594,0.005379974842071533,362558,0.00463665,0.0025509637780487537,0.002468991791829467,0.0025170776061713696
336658,dct_low_nontargeted_white_box_eps0.0627_iter2,0.5050505050505051,0.47727272727272735,0.99718785,53.690606201793905,0.9993616938591003,0.9993199110031128,0.05041399598121643,0.00519716739654541,261151,0.0033512171,0.001734864548780024,0.0016833704430609941,0.001704963156953454
568439,dct_low_nontargeted_white_box_eps0.0627_iter2,0.5454545454545456,0.5272727272727273,0.9981694,53.57873409355999,0.9994915723800659,0.9997692108154297,0.03035624884068966,0.0014992952346801758,304279,0.0034561027,0.0017760798800736666,0.001712821889668703,0.0017605468165129423
372317,dct_low_nontargeted_white_box_eps0.0627_iter2,1.0000000000000002,0.5000000000000001,0.9981265,54.08421259860003,0.9994768500328064,0.9996823072433472,0.029403815045952797,0.0020882487297058105,271947,0.003181019,0.0015862068394199014,0.001520728343166411,0.0015642930520698428
476704,dct_low_nontargeted_white_box_eps0.0627_iter2,0.787878787878788,0.6753246753246753,0.9976556,53.75158408785833,0.9994057416915894,0.9995521306991577,0.04332543909549713,0.0032460689544677734,272814,0.0033223107,0.001720385393127799,0.0016407131915912032,0.001682752976194024
260266,dct_low_nontargeted_white_box_eps0.0627_iter5,0.5000000000000001,0.1666666666666667,0.993299,49.08788848310334,0.9980525970458984,0.9960381984710693,0.09274640679359436,0.005513787269592285,356231,0.0055298596,0.0029936323408037424,0.002886031288653612,0.0029490261804312468
106048,dct_low_nontargeted_white_box_eps0.0627_iter1,1.0000000000000002,0.5000000000000001,0.9989993,58.038197925616934,0.9997238516807556,0.9998008608818054,0.010312091559171677,0.0018709897994995117,343717,0.002170824,0.0012535988353192806,0.0012534994166344404,0.001251307432539761
177893,dct_low_nontargeted_white_box_eps0.0627_iter2,0.6363636363636365,0.5555555555555556,0.9979005,53.945060048565594,0.9994964003562927,0.999633252620697,0.03605487570166588,0.0036231279373168945,291695,0.0032542031,0.0016302173025906086,0.001588817685842514,0.0016372540267184377
479099,dct_low_nontargeted_white_box_eps0.0627_iter3,1.0000000000000002,0.5000000000000001,0.9983298,51.76482264509807,0.9994808435440063,0.9997947216033936,0.027294237166643143,0.005809187889099121,374243,0.0042057307,0.002285189460963011,0.002250026213005185,0.0022605203557759523
269196,dct_low_nontargeted_white_box_eps0.0627_iter2,0.4675324675324676,0.3787878787878788,0.99830097,54.52689630968676,0.9995732307434082,0.9998098015785217,0.02681930735707283,0.0015869736671447754,257262,0.0029736247,0.0014284620992839336,0.0013831827091053128,0.0014065575087442994
315450,dct_low_nontargeted_white_box_eps0.0627_iter5,0.5,0.3151515151515152,0.9931183,48.69222567295946,0.9982165098190308,0.9985812306404114,0.10684921592473984,0.011592984199523926,372329,0.005869782,0.003157480387017131,0.003037121379747987,0.0031091393902897835
171050,dct_low_nontargeted_white_box_eps0.0627_iter2,1.0000000000000002,0.5000000000000001,0.99813795,54.62232629525228,0.9995155334472656,0.9996825456619263,0.01859576627612114,0.001423954963684082,235895,0.0029244372,0.0013873853022232652,0.0013604455161839724,0.0013924676459282637
243867,dct_low_nontargeted_white_box_eps0.0627_iter1,1.0000000000000002,0.7500000000000002,0.99892545,58.10054534401614,0.9997202157974243,0.999778687953949,0.00879942812025547,0.0010086297988891602,349633,0.002147751,0.0012358782114461064,0.0012350092874839902,0.0012339414097368717
263594,dct_low_nontargeted_white_box_eps0.0627_iter3,0.6060606060606062,0.5000000000000001,0.9968019,51.13267955120805,0.9992344379425049,0.9994748830795288,0.042074717581272125,0.005981922149658203,351913,0.004562949,0.0025141462683677673,0.0024291113950312138,0.0024753795005381107
147725,dct_low_nontargeted_white_box_eps0.0627_iter1,0.6136363636363638,0.5090909090909091,0.99906534,58.051393027056626,0.999746561050415,0.9998420476913452,0.005742148961871862,0.00143355131149292,359960,0.0021669355,0.0012530044186860323,0.0012512585381045938,0.0012427389156073332
88432,dct_low_nontargeted_white_box_eps0.0627_iter3,0.8787878787878789,0.7500000000000002,0.9975762,51.31388034287283,0.9993581771850586,0.9996633529663086,0.030446164309978485,0.002106308937072754,368461,0.004469619,0.0024122148752212524,0.0023996985983103514,0.00241344072856009
272364,dct_low_nontargeted_white_box_eps0.0627_iter4,0.7272727272727274,0.3636363636363637,0.99703616,49.75733787582331,0.999198853969574,0.9994937181472778,0.0513395220041275,0.0055838823318481445,344985,0.00521097,0.002663161838427186,0.0026248935610055923,0.002646735403686762
138979,dct_low_nontargeted_white_box_eps0.0627_iter4,0.7045454545454547,0.4696969696969698,0.99464816,49.808451443905426,0.99870765209198,0.9990553855895996,0.08278561383485794,0.008432745933532715,344620,0.005202519,0.002655911259353161,0.0025767777115106583,0.0026251382660120726
519491,dct_low_nontargeted_white_box_eps0.0627_iter1,1.0000000000000002,0.6666666666666669,0.9987302,58.037817544281225,0.9995982646942139,0.9981153011322021,0.028143735602498055,0.0017534494400024414,298362,0.0021708815,0.0012527889339253306,0.0012525763595476747,0.001253363792784512
100283,dct_low_nontargeted_white_box_eps0.0627_iter1,0.7727272727272729,0.7613636363636365,0.9991823,58.042835199720585,0.9997396469116211,0.9998104572296143,0.007283471059054136,0.0012888312339782715,361812,0.0021694715,0.0012514857808128,0.0012518021976575255,0.0012511066161096096
563653,dct_low_nontargeted_white_box_eps0.0627_iter3,0.8363636363636365,0.7607323232323234,0.99652153,50.77827326566193,0.9990848302841187,0.9995840191841125,0.06280595064163208,0.007513523101806641,362900,0.004765949,0.002652461640536785,0.0025564595125615597,0.002608099253848195
345361,dct_low_nontargeted_white_box_eps0.0627_iter3,0.5324675324675326,0.4747474747474748,0.99649423,50.853704678073385,0.9990772008895874,0.9995063543319702,0.043851301074028015,0.00373995304107666,350845,0.0047408394,0.0025998149067163467,0.0025533318985253572,0.002581365406513214
113051,dct_low_nontargeted_white_box_eps0.0627_iter3,1.0000000000000002,0.3333333333333334,0.9963483,52.78820578568773,0.9990567564964294,0.9988695383071899,0.08889418840408325,0.01391911506652832,333072,0.0036657834,0.0019749479833990335,0.001948612043634057,0.0019554521422833204
475732,dct_low_nontargeted_white_box_eps0.0627_iter1,1.0000000000000002,0.3333333333333334,0.9991,58.05008494386182,0.9997467994689941,0.9998268485069275,0.00851823203265667,0.0016427040100097656,322921,0.0021675772,0.001240248791873455,0.0012539325980469584,0.0012539413291960955
108244,dct_low_nontargeted_white_box_eps0.0627_iter1,1.0000000000000002,0.3333333333333334,0.9990651,58.03867109982198,0.9997557997703552,0.9998084306716919,0.011573882773518562,0.0016782283782958984,344572,0.0021706573,0.0012530552921816707,0.0012529807863757014,0.0012519536539912224