image_id,variant,map_original,map_adversarial,SSIM,PSNR,MS-SSIM,FSIM,LPIPS,DISTS,L0,L2,delta_R,delta_G,delta_B
252219,advlogo_eps0.09_iter3,0.28571428571428575,0.25000000000000006,0.9999755,70.92396183070534,0.9999973773956299,0.9999983906745911,9.969677921617404e-05,2.0265579223632812e-06,3903,4.6468762e-05,1.9369694200577214e-05,2.0225998014211655e-05,2.0829173081438057e-05
87038,advlogo_eps0.09_iter6,0.25568181818181823,0.25275482093663915,0.9999294,66.30232541181294,0.9999908804893494,0.9999933838844299,0.0008374570170417428,3.6656856536865234e-05,9380,0.00011948208,5.3852450946578756e-05,5.197690916247666e-05,5.489787145052105e-05
174482,advlogo_eps0.09_iter3,0.5272727272727273,0.47159090909090917,0.9999897,70.13260071578871,0.999998927116394,0.999998927116394,4.147329309489578e-05,1.7881393432617188e-06,4100,5.0091752e-05,2.1430523702292703e-05,2.1248701159493066e-05,2.219625275756698e-05
480985,advlogo_eps0.09_iter6,0.1272727272727273,0.12424242424242427,0.99992496,64.84343806366341,0.9999922513961792,0.9999934434890747,0.00036406193976290524,1.5497207641601562e-05,13643,0.00016970828,7.285648462129757e-05,7.225075387395918e-05,7.681825081817806e-05
296649,advlogo_eps0.09_iter1,0.21590909090909094,0.19512987012987015,0.9999974,84.34214454820574,0.9999997019767761,1.0,5.1076763156743255e-06,3.5762786865234375e-07,170,2.1115038e-06,8.76346462064248e-07,1.067092057382979e-06,9.129929594564601e-07
386912,advlogo_eps0.09_iter2,0.14285714285714288,0.12500000000000003,0.9999934,77.00891408052533,0.9999992847442627,0.999999463558197,1.4653668586106505e-05,8.940696716308594e-07,965,1.1533697e-05,5.095708729641046e-06,4.913761586067267e-06,5.105147010908695e-06
348881,advlogo_eps0.09_iter3,0.13636363636363638,0.1090909090909091,0.999983,74.36436644415915,0.9999980926513672,0.9999979734420776,0.00011068049934692681,1.3172626495361328e-05,1790,2.1284024e-05,8.926391274144407e-06,9.243286513083149e-06,9.559578757034615e-06
522713,advlogo_eps0.09_iter3,0.2551136363636364,0.20909090909090908,0.9999834,74.25440403352107,0.9999980330467224,0.9999986886978149,7.937092595966533e-05,1.6808509826660156e-05,1704,2.0942416e-05,9.206210052070674e-06,9.311582289228681e-06,9.529425369692035e-06
181666,advlogo_eps0.09_iter12,0.16363636363636366,0.15909090909090912,0.99979216,62.161845244971246,0.9999753832817078,0.9999841451644897,0.00227152812294662,8.928775787353516e-05,31373,0.00035882683,0.00014277534501161426,0.0001390012475894764,0.00015665937098674476
17627,advlogo_eps0.09_iter3,0.4318181818181819,0.40909090909090917,0.9999744,74.83101560263052,0.9999964237213135,1.0,0.00018495858239475638,5.0067901611328125e-06,1445,1.803069e-05,8.160654033417813e-06,8.256425644503906e-06,8.159363460435998e-06
143931,advlogo_eps0.09_iter6,1.0000000000000002,0.6666666666666669,0.9999073,67.52142887984544,0.9999868273735046,0.9999949336051941,0.0003841930301859975,0.00010573863983154297,7654,9.561028e-05,4.3005715269828215e-05,4.26883198088035e-05,4.393609560793266e-05
303818,advlogo_eps0.09_iter3,0.3068181818181819,0.2928321678321679,0.99999183,72.4761537987501,0.999998927116394,0.9999991655349731,2.685405343072489e-05,1.9669532775878906e-06,2466,3.0209243e-05,1.3518528248823714e-05,1.2588806384883355e-05,1.3370931810641196e-05
463730,advlogo_eps0.09_iter2,0.33603896103896114,0.32575757575757575,0.9999853,75.06536693724318,0.9999980926513672,0.9999996423721313,4.969241126673296e-05,4.1484832763671875e-05,1020,1.3941147e-05,6.6893039729620796e-06,6.424655566661386e-06,6.255430434976006e-06
460347,advlogo_eps0.09_iter13,0.5000000000000001,0.25000000000000006,0.9998328,63.624322533375654,0.9999791979789734,0.999988853931427,0.0005780477076768875,5.555152893066406e-05,18972,0.00023286202,0.00010198487871093675,9.821268758969381e-05,0.0001031160936690867
322864,advlogo_eps0.09_iter4,0.5757575757575758,0.44090909090909103,0.9999526,68.91710524174836,0.9999949336051941,0.9999972581863403,0.00022108513803686947,1.5020370483398438e-05,5380,6.7826695e-05,3.0462166250799783e-05,3.0462259019259363e-05,3.105881478404626e-05
308394,advlogo_eps0.09_iter6,0.1666666666666667,0.14285714285714288,0.99989384,69.48222523920154,0.9999880790710449,0.9999949932098389,0.0009975857101380825,2.676248550415039e-05,5820,6.625953e-05,2.6515517674852163e-05,2.740582021942828e-05,2.664871499291621e-05
456496,advlogo_eps0.09_iter19,0.20000000000000004,0.1666666666666667,0.99992234,64.98823441309894,0.9999904036521912,0.9999949932098389,0.00010770029621198773,3.5703182220458984e-05,18785,0.00020203438,8.073372737271711e-05,6.614270387217402e-05,8.194953989004716e-05
184321,advlogo_eps0.09_iter1,0.5000000000000001,0.3333333333333334,0.99999636,83.8934364007549,0.9999995231628418,0.9999997615814209,2.274459257023409e-05,1.0192394256591797e-05,196,2.3729838e-06,9.554573807690758e-07,1.1934349686271162e-06,9.899861197482096e-07
565778,advlogo_eps0.09_iter10,0.25000000000000006,0.20000000000000004,0.99986833,59.849982491410856,0.999983549118042,0.9999849796295166,0.00038556003710255027,8.440017700195312e-05,32186,0.00044468732,0.00020396742911543697,0.00019976525800302625,0.0002100450365105644
418281,advlogo_eps0.09_iter1,0.1666666666666667,0.14285714285714288,0.99999934,88.4186314320944,0.9999998807907104,0.9999997615814209,1.0949756870104466e-06,1.6689300537109375e-06,73,8.8121067e-07,3.1851035942054295e-07,3.960477670261753e-07,4.241418309902656e-07
25560,advlogo_eps0.09_iter2,0.12500000000000003,0.11111111111111113,0.999991,78.78075644679166,0.999998927116394,0.9999998807907104,4.0217506466433406e-05,5.185604095458984e-06,613,7.43902e-06,3.2291986826749053e-06,3.342437594255898e-06,3.2060520425147843e-06
85329,advlogo_eps0.09_iter18,0.5000000000000001,0.3333333333333334,0.99967617,64.63244687951769,0.9999587535858154,0.9999660849571228,0.009160787798464298,0.0002707839012145996,18065,0.00020642435,8.425845589954406e-05,8.572319347877055e-05,8.588496712036431e-05
329323,advlogo_eps0.09_iter1,0.258304974882515,0.22843822843822845,0.99999887,87.35244035809045,0.9999999403953552,1.0,5.872661859029904e-06,5.960464477539062e-07,82,1.0450158e-06,4.66904310769678e-07,4.945406999468105e-07,4.548055585473776e-07
239274,advlogo_eps0.09_iter16,0.4924242424242425,0.41666666666666674,0.99974865,58.08733870684545,0.9999620914459229,0.9999722838401794,0.0009952879045158625,5.5730342864990234e-05,49985,0.00066923007,0.00029775110306218266,0.00029187212930992246,0.00030948856147006154
511321,advlogo_eps0.09_iter1,0.5454545454545455,0.27272727272727276,0.99999976,84.74426727508266,1.000000238418579,0.9999998807907104,8.226714385273226e-07,9.5367431640625e-07,211,2.2721879e-06,9.590133913661703e-07,9.109546112995304e-07,7.574204232696502e-07
233771,advlogo_eps0.09_iter9,0.13131313131313135,0.1285714285714286,0.9998193,65.16223206010704,0.9999823570251465,0.999994158744812,0.0008274613646790385,0.00015079975128173828,16219,0.00018256152,7.839276804588735e-05,6.895235128467903e-05,7.14321358827874e-05
301867,advlogo_eps0.09_iter15,0.20000000000000004,0.1666666666666667,0.99965143,59.66721887856886,0.9999558329582214,0.9999700784683228,0.0016329778591170907,8.046627044677734e-05,40688,0.0005330955,0.00024095745175145566,0.0002479275572113693,0.00024865265004336834
185250,advlogo_eps0.09_iter28,0.07792207792207793,0.07727272727272726,0.9995404,54.637775855492464,0.9999270439147949,0.9999375343322754,0.003998935222625732,0.0005725622177124023,119036,0.0015702404,0.0007043827208690345,0.000677496544085443,0.0007177899242378771
356427,advlogo_eps0.09_iter21,0.12500000000000003,0.11111111111111113,0.9992593,54.2948500571307,0.9999043941497803,0.99991774559021,0.0030367127619683743,0.00035685300827026367,95572,0.0014024675,0.0006631192518398166,0.0006317051011137664,0.0006647240370512009
360661,advlogo_eps0.09_iter40,0.13636363636363638,0.06818181818181818,0.9986256,54.98419143980438,0.9998254776000977,0.999905526638031,0.022779129445552826,0.0006826519966125488,102431,0.0014039873,0.0006372493226081133,0.0006413300288841128,0.000676192925311625
266409,advlogo_eps0.09_iter4,0.3333333333333334,0.25000000000000006,0.999969,72.94784751084424,0.9999963045120239,0.9999983906745911,0.00028031086549162865,6.020069122314453e-06,2434,2.8936018e-05,1.2104608686058782e-05,1.258533575310139e-05,1.259558575839037e-05
430961,advlogo_eps0.09_iter5,0.18181818181818185,0.13636363636363638,0.9999576,71.74045399447783,0.9999949336051941,0.9999980926513672,0.00038888570270501077,1.0848045349121094e-05,3197,3.8412152e-05,1.647215867706109e-05,1.6826727005536668e-05,1.7239381122635677e-05
80671,advlogo_eps0.09_iter17,0.3333333333333334,0.20000000000000004,0.99969023,64.16017791624425,0.9999604225158691,0.9999777674674988,0.003088848665356636,0.00013005733489990234,16978,0.00020935938,9.252379823010415e-05,9.205454989569262e-05,9.564527135808021e-05
448365,advlogo_eps0.09_iter26,0.25000000000000006,0.20000000000000004,0.99885863,56.051884648939875,0.9998605251312256,0.9999274611473083,0.00738859735429287,0.0008714199066162109,89593,0.0011782034,0.000526010524481535,0.0005277612362988293,0.0005512416828423738
35197,advlogo_eps0.09_iter1,0.3333333333333334,0.25000000000000006,0.9999986,81.80751235138953,1.0000007152557373,0.9999998211860657,4.581134817271959e-06,1.1324882507324219e-06,342,3.9354613e-06,1.608014827070292e-06,1.6175886230485048e-06,1.4356768360812566e-06
349860,advlogo_eps0.09_iter21,0.10606060606060608,0.10000000000000002,0.999569,61.62183113670311,0.9999463558197021,0.9999691247940063,0.005329525098204613,4.965066909790039e-05,25569,0.0003378389,0.00015707241254858673,0.00015579501632601023,0.00015961829922161996
180135,advlogo_eps0.09_iter9,0.5000000000000001,0.3333333333333334,0.9997831,68.32708474210573,0.9999801516532898,0.9999722242355347,0.0029490706510841846,7.867813110351562e-05,5942,7.4236654e-05,3.143232243019156e-05,3.3304979297099635e-05,3.170240233885124e-05
486438,advlogo_eps0.09_iter13,0.25000000000000006,0.20000000000000004,0.9998153,65.67906785070188,0.9999778270721436,0.999988853931427,0.0012386039597913623,0.00010335445404052734,12329,0.00015157429,6.751783075742424e-05,6.872774247312918e-05,6.844877498224378e-05
370677,advlogo_eps0.09_iter4,0.5000000000000001,0.3333333333333334,0.9999552,68.7224537155482,0.9999949336051941,0.9999969601631165,0.00014325397205539048,4.273653030395508e-05,5764,7.262538e-05,3.326339719933458e-05,3.2897060009418055e-05,3.378547262400389e-05
502737,advlogo_eps0.09_iter3,0.22222222222222218,0.06818181818181819,0.9999884,77.58610465496727,0.9999985098838806,0.9999992251396179,4.821162292500958e-05,1.0967254638671875e-05,813,9.916936e-06,4.76794048154261e-06,4.372316652734298e-06,4.216577963234158e-06
515579,advlogo_eps0.09_iter1,0.20000000000000004,0.1272727272727273,0.999999,85.90807739957305,1.0000004768371582,0.9999999403953552,8.441151067017927e-07,5.960464477539062e-07,137,1.5677288e-06,8.102851438707148e-07,6.666750209660677e-07,3.7945071085232485e-07
515445,advlogo_eps0.09_iter3,0.3333333333333334,0.25000000000000006,0.9999952,75.35019227060879,0.9999994039535522,0.9999995231628418,3.397727050469257e-05,2.086162567138672e-06,1545,1.7660428e-05,7.349029601755319e-06,7.13685221853666e-06,7.472242486983305e-06
438862,advlogo_eps0.09_iter33,0.13636363636363638,0.1272727272727273,0.999024,53.326260707219866,0.9998602271080017,0.9999063611030579,0.00203890772536397,0.00015234947204589844,124721,0.0018038708,0.0008348231203854084,0.0008276810985989869,0.0008748912950977683
180560,advlogo_eps0.09_iter4,0.3333333333333334,0.25000000000000006,0.9999716,74.5169679581465,0.9999963045120239,0.9999988079071045,0.00022973795421421528,6.496906280517578e-06,1623,1.9846815e-05,9.141085683950223e-06,8.769415217102505e-06,8.711966984265018e-06
321214,advlogo_eps0.09_iter19,0.20000000000000004,0.1666666666666667,0.9995005,61.29074918363731,0.9999346733093262,0.9999737739562988,0.003269997425377369,0.00016260147094726562,33915,0.00041520107,0.00018796970834955573,0.00018387682212051004,0.00018463106243871152
474028,advlogo_eps0.09_iter7,0.24242424242424246,0.20454545454545459,0.9999048,64.78447940029498,0.9999862909317017,0.9999951124191284,0.0001249812776222825,1.895427703857422e-05,12936,0.00016857828,7.833144627511501e-05,7.813682168489322e-05,7.927706610644236e-05
355257,advlogo_eps0.09_iter1,0.20000000000000004,0.1666666666666667,0.9999976,84.08406996636285,0.9999997019767761,1.0,2.4644050427014008e-05,6.556510925292969e-07,178,2.2211636e-06,9.752504865900846e-07,9.8630562206381e-07,1.024374910230108e-06
63154,advlogo_eps0.09_iter12,0.1666666666666667,0.0,0.9998428,64.32710207855582,0.9999784231185913,0.9999929070472717,0.0007010093540884554,0.0002982616424560547,17001,0.00020580307,8.872912439983338e-05,8.86548004928045e-05,9.162628703052178e-05
514508,advlogo_eps0.09_iter1,0.3333333333333334,0.20000000000000004,0.99999887,86.03707980949905,0.9999999403953552,1.0,2.7394553399062715e-06,2.562999725341797e-06,126,1.5203628e-06,7.46793205053109e-07,5.989830356156745e-07,6.157340521895094e-07
473237,advlogo_eps0.09_iter1,0.25000000000000006,0.20000000000000004,0.99999475,82.68084265478362,0.9999994039535522,0.9999998807907104,2.739388946793042e-05,2.2649765014648438e-06,212,2.7894578e-06,1.2472949038055958e-06,1.2927199577461579e-06,1.3834429637427093e-06
78915,advlogo_eps0.09_iter5,0.16391184573002757,0.15151515151515155,0.999958,67.70782613132064,0.9999942183494568,0.9999942183494568,9.607132960809395e-05,1.1563301086425781e-05,7440,9.235361e-05,4.105704283574596e-05,4.1588871681597084e-05,4.203567732474767e-05
551215,advlogo_eps0.09_iter18,0.3333333333333334,0.25000000000000006,0.99989766,63.85576968960451,0.9999812841415405,0.9999922513961792,0.00033363522379659116,3.731250762939453e-05,17021,0.00021572056,9.842739382293075e-05,9.762568515725434e-05,9.759931708686054e-05
96493,advlogo_eps0.09_iter14,0.1666666666666667,0.14285714285714288,0.9997196,62.441111658009405,0.9999629855155945,0.9999765157699585,0.0010293093509972095,0.00016510486602783203,27609,0.00032660508,0.00013850690447725356,0.00013351847883313894,0.00014588457997888327
23899,advlogo_eps0.09_iter21,0.06060606060606061,0.025974025974025976,0.99959296,62.27369969726424,0.9999503493309021,0.9999783635139465,0.006015869323164225,0.00031948089599609375,27561,0.00033312076,0.00014573268708772957,0.00014626978372689337,0.00014679688320029527
57597,advlogo_eps0.09_iter2,0.0738235294117647,0.06943769243234484,0.999994,77.59546640630661,0.9999992251396179,0.999999463558197,1.4570225175702944e-05,9.5367431640625e-07,796,9.753583e-06,4.324833298596786e-06,4.473252374737058e-06,4.2474175643292256e-06
434230,advlogo_eps0.09_iter1,0.06818181818181819,0.060606060606060615,0.99999976,85.80341684080804,1.0,0.9999999403953552,7.805265909155423e-07,2.980232238769531e-07,118,1.4923087e-06,7.209413865894021e-07,7.297418846974324e-07,5.937113201071043e-07
428454,advlogo_eps0.09_iter5,0.28571428571428575,0.1666666666666667,0.9999509,69.49672395450266,0.9999942779541016,0.9999973773956299,0.0006457696435973048,8.404254913330078e-06,5165,6.238289e-05,2.7152693292009644e-05,2.6731635443866253e-05,2.7483896701596677e-05
399462,advlogo_eps0.09_iter2,0.5000000000000001,0.3333333333333334,0.99999523,77.66793021507027,0.9999995231628418,0.9999996423721313,1.1935728252865374e-05,1.4901161193847656e-06,764,9.4729985e-06,4.260992682247888e-06,4.431599336385261e-06,4.120191533729667e-06
261061,advlogo_eps0.09_iter8,0.25000000000000006,0.20000000000000004,0.99993974,67.56216362104551,0.9999927282333374,0.9999961256980896,0.0001834689755924046,1.8596649169921875e-05,7971,9.806215e-05,4.3099833419546485e-05,4.4496413465822116e-05,4.454540612641722e-05
168330,advlogo_eps0.09_iter1,0.25000000000000006,0.1666666666666667,0.99999875,85.60138920208988,0.9999997615814209,0.9999998211860657,2.8863837542303372e-06,7.152557373046875e-07,132,1.6064089e-06,6.391139777406352e-07,7.802830168657238e-07,7.079381134644791e-07
342006,advlogo_eps0.09_iter7,0.15909090909090912,0.09090909090909091,0.9999415,67.15605125294054,0.999992847442627,0.9999948143959045,0.0014485311694443226,7.939338684082031e-05,8908,0.00010741561,4.600781903718598e-05,4.613090641214512e-05,4.8291221901308745e-05
524456,advlogo_eps0.09_iter4,0.14285714285714288,0.07792207792207793,0.99996424,71.71940688437446,0.9999957084655762,0.9999978542327881,0.0001137477156589739,1.9431114196777344e-05,3255,3.8725724e-05,1.7075642972486094e-05,1.6871978004928678e-05,1.6240217519225553e-05
326541,advlogo_eps0.09_iter1,0.08831168831168831,0.045454545454545456,0.9999983,86.85077629580923,0.9999995231628418,0.9999998807907104,1.2849721315433271e-05,2.980232238769531e-07,88,1.1613953e-06,5.858499321220734e-07,5.252561550150858e-07,5.257059001451125e-07
213086,advlogo_eps0.09_iter2,0.1666666666666667,0.14285714285714288,0.9999919,75.70123222185136,0.9999991655349731,0.9999991655349731,3.015500260517001e-05,1.3113021850585938e-06,1158,1.4561362e-05,6.521711384266382e-06,6.626858976233052e-06,6.651696367043769e-06
231339,advlogo_eps0.09_iter68,0.1666666666666667,0.14285714285714288,0.996733,51.2904422680589,0.999552845954895,0.9997506737709045,0.0171866063028574,0.0011858940124511719,197235,0.002904822,0.0013790320372208953,0.0013709979830309749,0.001402973080985248
508730,advlogo_eps0.09_iter13,0.20000000000000004,0.1666666666666667,0.9997298,62.0726382023352,0.9999606609344482,0.9999780058860779,0.0007770598749630153,0.00011932849884033203,24126,0.00031696554,0.0001515481562819332,0.00014977184764575213,0.00014831141743343323
368294,advlogo_eps0.09_iter12,0.20000000000000004,0.14285714285714288,0.9996869,60.31900129044785,0.9999620914459229,0.9999718070030212,0.0016864521894603968,0.00012636184692382812,38487,0.00048059208,0.0002138721029041335,0.00020007444254588336,0.0002178695285692811
301135,advlogo_eps0.09_iter1,0.23078512396694217,0.2272727272727273,0.9999995,87.81987783390882,1.0,0.9999998807907104,7.631714424860547e-07,1.6689300537109375e-06,93,1.0557847e-06,4.2314098891438334e-07,5.459378940031456e-07,3.2313070619238715e-07
33638,advlogo_eps0.09_iter561,0.10000000000000002,0.08333333333333336,0.98699397,45.782033224963314,0.9982824325561523,0.9991071224212646,0.07648611068725586,0.007760345935821533,358230,0.0068332017,0.003317012218758464,0.0032914206385612488,0.0033130093943327665
356387,advlogo_eps0.09_iter8,0.15454545454545454,0.11363636363636365,0.99986833,62.16613960358732,0.9999825954437256,0.9999908804893494,0.0005981876165606081,0.00020551681518554688,24226,0.0003072359,0.0001370522368233651,0.00013170679449103773,0.00013969083374831825
367680,advlogo_eps0.09_iter11,0.6636363636363637,0.5772727272727274,0.99982697,61.52995259131339,0.9999799728393555,0.999985933303833,0.001410030759871006,7.50422477722168e-05,23632,0.0003139627,0.00014056220243219286,0.00014335433661472052,0.00014247385843191296
278848,advlogo_eps0.09_iter1,0.3090909090909092,0.24242424242424246,0.9999992,89.94076887940844,0.9999992251396179,1.0,1.926913000716013e-06,4.76837158203125e-07,73,7.453529e-07,4.1060940247916733e-07,2.287010261170508e-07,1.6168206684596953e-07
166391,advlogo_eps0.09_iter1,0.2787878787878788,0.2736596736596737,0.9999978,86.82453231225148,0.9999997615814209,0.9999998807907104,2.562694498919882e-05,8.344650268554688e-07,100,1.2235332e-06,6.538970183100901e-07,5.648323622153839e-07,3.9531204265585984e-07
48153,advlogo_eps0.09_iter4,0.3333333333333334,0.25000000000000006,0.99998254,71.09050442658533,0.9999973773956299,0.9999976754188538,8.197425631806254e-05,5.245208740234375e-06,3007,3.9556086e-05,1.8343351257499307e-05,1.9099985365755856e-05,1.8960137822432443e-05
459153,advlogo_eps0.09_iter1,0.1666666666666667,0.14285714285714288,0.9999997,86.82452855181927,0.9999999403953552,1.0,6.155703431431903e-07,3.5762786865234375e-07,112,1.2940765e-06,5.759310965913755e-07,5.566447498495108e-07,4.6958521693341027e-07
87875,advlogo_eps0.09_iter12,1.0000000000000002,0.5000000000000001,0.9998359,62.43711005173071,0.9999804496765137,0.999988853931427,0.0005652430700138211,9.417533874511719e-05,24408,0.00030602352,0.0001378598972223699,0.00013936884352006018,0.00013668254541698843
458109,advlogo_eps0.09_iter3,0.31818181818181823,0.25000000000000006,0.9999671,72.83990289684486,0.9999963045120239,0.9999992847442627,0.00011621698649832979,3.993511199951172e-05,2451,2.9354154e-05,1.2792217603418976e-05,1.277461888093967e-05,1.2525732927315403e-05
30675,advlogo_eps0.09_iter14,1.0000000000000002,0.5000000000000001,0.9996124,58.58539420292415,0.9999504089355469,0.9999639391899109,0.0027915691025555134,0.0003142356872558594,56436,0.0007101963,0.00031904157367534935,0.0003028153150808066,0.0003219902573619038
566524,advlogo_eps0.09_iter2,0.8181818181818183,0.5000000000000001,0.99998975,73.92284540401133,0.9999990463256836,0.9999983310699463,4.433831782080233e-05,1.8477439880371094e-05,1787,2.1848313e-05,9.759638487594202e-06,9.2724503701902e-06,9.66138941294048e-06
476415,advlogo_eps0.09_iter1,0.3333333333333334,0.25000000000000006,0.99999905,91.24409220101367,0.9999997019767761,0.9999999403953552,4.582871952152345e-06,2.980232238769531e-07,41,4.964739e-07,2.1183710430250358e-07,2.0726947980165278e-07,2.019029068378586e-07
292082,advlogo_eps0.09_iter13,0.20000000000000004,0.1666666666666667,0.99978274,63.46584793214021,0.9999732375144958,0.9999923706054688,0.0008503558347001672,3.5643577575683594e-05,21783,0.0002555042,0.00010534033935982734,0.0001057812842191197,0.00010894195293076336
360137,advlogo_eps0.09_iter9,0.20000000000000004,0.1666666666666667,0.99982816,64.53592524082384,0.9999799728393555,0.9999843239784241,0.0004365356871858239,3.7550926208496094e-05,16115,0.00019551413,8.758649346418679e-05,8.25620154500939e-05,8.705495565664023e-05
122046,advlogo_eps0.09_iter23,0.3333333333333334,0.25000000000000006,0.99912435,57.42874052978341,0.9998714327812195,0.999925434589386,0.002874828642234206,0.0003584623336791992,66419,0.0008861135,0.00042073949589394033,0.00040856574196368456,0.00042816411587409675
352684,advlogo_eps0.09_iter7,0.27272727272727276,0.15909090909090912,0.9998861,64.99921959696353,0.9999872446060181,0.9999877214431763,0.0006761481054127216,0.00020551681518554688,12268,0.00015830429,7.045545498840511e-05,7.149126031436026e-05,7.37099617253989e-05
512836,advlogo_eps0.09_iter5,0.20000000000000004,0.1666666666666667,0.9999547,69.92898432257739,0.9999942779541016,0.9999966621398926,0.00022125101531855762,1.2993812561035156e-05,5003,5.9312875e-05,2.5629691663198173e-05,2.542863330745604e-05,2.619369115564041e-05
8021,advlogo_eps0.09_iter1,0.10909090909090909,0.10606060606060608,0.99999666,80.82360107837809,0.9999997019767761,0.9999995231628418,1.8389633623883128e-05,1.0132789611816406e-06,314,4.22543e-06,2.0714189759019064e-06,2.0167403818049934e-06,2.0703255358967e-06
107226,advlogo_eps0.09_iter2,0.21590909090909097,0.20779220779220783,0.9999945,78.25557261195829,0.9999992847442627,0.999999463558197,2.8264472348382697e-05,5.960464477539062e-07,716,8.642419e-06,3.8092812246759422e-06,4.008214091300033e-06,3.602271590352757e-06
84477,advlogo_eps0.09_iter9,0.20000000000000004,0.0,0.999825,64.33225616996499,0.9999796748161316,0.999985933303833,0.0012304390547797084,4.9114227294921875e-05,16372,0.00020120454,8.45238464535214e-05,9.028632484842092e-05,9.350731852464378e-05
562243,advlogo_eps0.09_iter8,0.3333333333333334,0.25000000000000006,0.99987936,69.02474649264413,0.9999851584434509,0.999988853931427,0.002157947514206171,2.9861927032470703e-05,5694,6.9216854e-05,3.050922714464832e-05,3.088136509177275e-05,2.9695969715248793e-05
177015,advlogo_eps0.09_iter128,0.11111111111111113,0.10000000000000002,0.9975918,50.509674806487375,0.9995145201683044,0.9997235536575317,0.008707582950592041,0.0013911724090576172,238775,0.0034902683,0.001669585588388145,0.001562868244946003,0.001705837668851018
292236,advlogo_eps0.09_iter17,0.10909090909090911,0.08712121212121211,0.9994526,59.58054165255778,0.9999366998672485,0.9999640583992004,0.0030871897470206022,0.0007393360137939453,42113,0.0005479173,0.0002525282616261393,0.0002453937486279756,0.00025830359663814306
288042,advlogo_eps0.09_iter5,0.14285714285714288,0.12500000000000003,0.99997395,67.78024786953453,0.9999963641166687,0.9999979734420776,0.00016093684826046228,1.3828277587890625e-05,7384,9.012142e-05,3.8206169847398996e-05,3.858992567984387e-05,3.9661270420765504e-05
334719,advlogo_eps0.09_iter3,0.13636363636363638,0.12121212121212123,0.99998903,73.86026140175578,0.9999985098838806,0.9999992251396179,1.9569550204323605e-05,7.510185241699219e-06,2015,2.394725e-05,1.0772211680887267e-05,1.0259003829560243e-05,1.0259244845656212e-05
283520,advlogo_eps0.09_iter29,0.5000000000000001,0.3333333333333334,0.9996402,55.47898079498757,0.9999420046806335,0.9999619126319885,0.0008970285998657346,0.0003077983856201172,91206,0.0012401873,0.0005686173681169748,0.000555672449991107,0.0005723786307498813
319721,advlogo_eps0.09_iter1,0.5000000000000001,0.0,0.99999887,80.78435529736005,0.9999998807907104,0.9999996423721313,3.4394358863210073e-06,9.5367431640625e-07,406,4.8254915e-06,1.9715043890755624e-06,2.0975762708985712e-06,2.1234586711216252e-06
347265,advlogo_eps0.09_iter2,0.5000000000000001,0.3333333333333334,0.9999821,75.49030022069816,0.9999980926513672,0.9999995231628418,0.00012725921988021582,1.1444091796875e-05,1247,1.5536818e-05,6.715119980071904e-06,6.9931156758684665e-06,7.2971633926499635e-06
414170,advlogo_eps0.09_iter8,0.20000000000000004,0.1666666666666667,0.99988645,64.97027329274589,0.9999863505363464,0.9999945759773254,0.000326814828440547,0.00030028820037841797,12295,0.00015641747,6.884643516968936e-05,6.813705113017932e-05,7.005114457570016e-05
231508,advlogo_eps0.09_iter4,0.13717532467532467,0.12441724941724942,0.9999744,69.60751985929518,0.9999968409538269,0.9999982714653015,6.648123962804675e-05,8.58306884765625e-06,5051,6.134928e-05,2.749046507233288e-05,2.720222073548939e-05,2.6258836442139e-05
118921,advlogo_eps0.09_iter4,0.3333333333333334,0.25000000000000006,0.9999575,72.95750513154437,0.9999948740005493,0.9999992251396179,0.00021338067017495632,2.866983413696289e-05,2331,2.8344553e-05,1.2847353900724556e-05,1.2540769603219815e-05,1.2060381777700968e-05
785,advlogo_eps0.09_iter3,0.3333333333333334,0.25000000000000006,0.9999764,74.90941671572642,0.9999974966049194,0.9999978542327881,0.0002591624215710908,9.179115295410156e-06,1406,1.7511216e-05,8.083826287474949e-06,7.844584615668282e-06,7.567783086415147e-06
261982,advlogo_eps0.09_iter2,0.4545454545454546,0.2954545454545455,0.9999914,79.41140304723832,0.9999990463256836,0.9999997615814209,3.660894071799703e-05,3.933906555175781e-06,620,7.062201e-06,2.9954803721921053e-06,2.843196625690325e-06,2.869914169423282e-06
99242,advlogo_eps0.09_iter20,0.3333333333333334,0.20000000000000004,0.9996702,64.38146561493967,0.999952495098114,0.9999893307685852,0.0024220673367381096,0.00017327070236206055,17226,0.00020600185,8.932520722737536e-05,8.783159137237817e-05,9.000484715215862e-05
314709,advlogo_eps0.09_iter15,0.25000000000000006,0.1666666666666667,0.9998148,66.19079296507348,0.9999727010726929,0.999995231628418,0.0010855159489437938,0.00011277198791503906,11384,0.00013699807,5.915410292800516e-05,5.965203672531061e-05,6.217792542884126e-05
541055,advlogo_eps0.09_iter1,0.06818181818181818,0.03409090909090909,0.9999992,89.68062472327141,1.0000004768371582,1.0,7.982508236636932e-07,5.960464477539062e-07,50,6.6751943e-07,3.048029384444817e-07,2.970942034608015e-07,3.1027670388539264e-07
409475,advlogo_eps0.09_iter1,0.5000000000000001,0.3333333333333334,0.99999523,81.45925739852072,0.9999992847442627,0.9999998211860657,3.416130493860692e-05,7.212162017822266e-06,287,3.7642083e-06,1.6154845070559531e-06,1.880522063402168e-06,1.7003668517645565e-06
363207,advlogo_eps0.09_iter3,0.1904761904761905,0.17810760667903527,0.99997526,73.8721776307244,0.9999966621398926,0.9999985694885254,0.0001257902040379122,2.8312206268310547e-05,1943,2.3422683e-05,1.0179201126447879e-05,1.0304891475243494e-05,1.0300526810169686e-05
372577,advlogo_eps0.09_iter12,0.3333333333333334,0.18181818181818185,0.99985045,65.92207985455701,0.9999796748161316,0.9999942183494568,0.0012061524903401732,4.088878631591797e-05,10531,0.0001331991,5.866535138920881e-05,6.095596472732723e-05,6.155353912618011e-05
212166,advlogo_eps0.09_iter13,0.25000000000000006,0.20000000000000004,0.9997116,63.40102326767476,0.9999629855155945,0.9999800324440002,0.0017415645997971296,0.0001671314239501953,17609,0.00023167713,0.0001089580255211331,0.000110200846393127,0.00010892505088122562
323355,advlogo_eps0.09_iter1,0.3333333333333334,0.25000000000000006,0.99999493,82.54201706680632,0.9999992847442627,0.9999998211860657,1.75730929186102e-05,9.5367431640625e-07,226,2.9500716e-06,1.4066521316635772e-06,1.4447155081143137e-06,1.3045099649389158e-06
9483,advlogo_eps0.09_iter23,0.10000000000000002,0.09090909090909093,0.999386,58.436422818231215,0.9999181628227234,0.9999441504478455,0.0025913151912391186,0.00029277801513671875,56063,0.00072681566,0.00033017099485732615,0.00033363670809194446,0.00034065687214024365
398237,advlogo_eps0.09_iter10,0.4242424242424243,0.3333333333333334,0.9999399,61.70473515769933,0.9999885559082031,0.9999862909317017,0.00014168277266435325,6.0439109802246094e-05,28534,0.00035540404,0.00015833064389880747,0.00015638671175111085,0.00015893331146799028
507223,advlogo_eps0.09_iter4,0.1590909090909091,0.15519480519480522,0.9999649,67.7831853926349,0.9999963045120239,0.9999967217445374,0.0001527810818515718,5.900859832763672e-06,6011,7.967509e-05,3.6887246096739545e-05,3.657494016806595e-05,3.6567867937264964e-05
239537,advlogo_eps0.09_iter3,0.20000000000000004,0.1666666666666667,0.99999404,75.97855669138079,0.999998927116394,0.9999997019767761,7.448765245499089e-06,3.5762786865234375e-06,1264,1.4924009e-05,6.325730282696895e-06,6.737931926181773e-06,6.20833998254966e-06
281414,advlogo_eps0.09_iter13,0.08333333333333336,0.07142857142857144,0.99961954,59.51734378712111,0.9999567270278931,0.9999741315841675,0.0012586276279762387,0.00022614002227783203,43795,0.00056184107,0.00025446611107327044,0.0002507452736608684,0.00025648935115896165
537991,advlogo_eps0.09_iter4,0.09090909090909093,0.08333333333333336,0.9999481,69.97737786076259,0.9999937415122986,0.9999952912330627,0.00024075928376987576,2.110004425048828e-05,4615,5.6279674e-05,2.528704862925224e-05,2.4488772396580316e-05,2.5123534214799292e-05
108026,advlogo_eps0.09_iter2,0.25000000000000006,0.08333333333333331,0.9999853,78.82614867026362,0.9999984502792358,0.999998927116394,0.00016332863015122712,9.036064147949219e-05,685,7.855884e-06,3.1736024084239034e-06,3.2691680189600447e-06,3.345333425386343e-06
243204,advlogo_eps0.09_iter1,0.20000000000000004,0.1666666666666667,0.999999,87.819877325837,0.9999998807907104,0.9999999403953552,2.6460813842277275e-06,7.748603820800781e-07,86,1.0111552e-06,4.086645333245542e-07,4.383903444704629e-07,4.3851238729075703e-07
38829,advlogo_eps0.09_iter1,0.4409090909090908,0.3149350649350649,0.9999974,84.66398861357015,0.9999997019767761,0.9999999403953552,8.094195436569862e-06,4.76837158203125e-07,164,1.9900428e-06,9.161774414678803e-07,9.076895253201656e-07,7.908550401225511e-07
555050,advlogo_eps0.09_iter1,0.2083333333333334,0.19570707070707072,0.99999934,88.98240329518191,1.0,0.9999998211860657,1.607579974916007e-06,4.172325134277344e-07,61,7.699926e-07,3.045252867650561e-07,4.008230405361246e-07,3.1521733490080805e-07
187243,advlogo_eps0.09_iter21,0.11111111111111113,0.055555555555555566,0.999088,56.87943242328653,0.9998859763145447,0.9999021291732788,0.0054274313151836395,0.0005207657814025879,70105,0.00093662826,0.0004234048828948289,0.00041499658254906535,0.0004374067357275635
534827,advlogo_eps0.09_iter3,0.31818181818181823,0.2954545454545455,0.99997973,72.62378782337494,0.9999977946281433,0.9999975562095642,8.050655742408708e-05,2.3365020751953125e-05,2648,3.125025e-05,1.2938983672938775e-05,1.3288937225297559e-05,1.3639551980304532e-05
190756,advlogo_eps0.09_iter17,1.0000000000000002,0.5000000000000001,0.99966437,63.3943661708319,0.9999592304229736,0.9999760985374451,0.0071779536083340645,5.996227264404297e-05,21805,0.00025981735,0.00011130388884339482,0.00010968439164571464,0.00011580831051105633
300659,advlogo_eps0.09_iter8,0.2727272727272727,0.0,0.9999111,70.16014521816817,0.9999890327453613,0.9999969005584717,0.0009511382086202502,6.67572021484375e-06,4092,5.1922496e-05,2.3891165255918168e-05,2.405311170150526e-05,2.404447332082782e-05
442480,advlogo_eps0.09_iter18,0.20000000000000004,0.14285714285714288,0.99973017,61.85199052706813,0.9999634623527527,0.9999741911888123,0.0007462966023012996,0.00034332275390625,28653,0.00035298374,0.00015925437037367374,0.0001529717119410634,0.0001551911554997787
384350,advlogo_eps0.09_iter17,0.27272727272727276,0.18181818181818185,0.9996465,63.14839623136191,0.999954104423523,0.9999830722808838,0.0026508751325309277,0.0001436471939086914,20145,0.0002560492,0.00011521149281179532,0.00011708032980095595,0.00012068170326529071
412894,advlogo_eps0.09_iter1,0.33696303696303703,0.3330735930735931,0.9999959,82.27700226548797,0.9999996423721313,1.0,1.2151342161814682e-05,3.516674041748047e-06,327,3.6995418e-06,1.5073106851559714e-06,1.5462190958714928e-06,1.4790502973482944e-06
537153,advlogo_eps0.09_iter3,0.09090909090909093,0.0,0.99999243,71.71940802271314,0.9999989867210388,0.9999993443489075,4.224192161927931e-05,2.8014183044433594e-06,2574,3.3492597e-05,1.5587331290589646e-05,1.4692194781673606e-05,1.569384039612487e-05
361103,advlogo_eps0.09_iter1,0.20880681818181818,0.19301346801346803,0.9999983,85.24163548315401,0.9999997615814209,0.9999999403953552,6.31033799436409e-06,5.364418029785156e-07,139,1.7121679e-06,7.927721981104696e-07,7.444689913427283e-07,7.445200935762841e-07
392722,advlogo_eps0.09_iter1,0.4653679653679655,0.43939393939393945,0.999999,80.91657490761517,0.9999999403953552,0.9999997615814209,2.494003183528548e-06,3.814697265625e-06,360,4.449561e-06,1.982346248041722e-06,1.9076464923273306e-06,2.003890358537319e-06
338560,advlogo_eps0.09_iter15,0.49242424242424254,0.45454545454545464,0.9996824,59.609655784559116,0.9999618530273438,0.9999726414680481,0.0012794346548616886,0.0005769729614257812,33958,0.0004726736,0.00021339846716728061,0.00022000347962602973,0.00022372891544364393
264535,advlogo_eps0.09_iter12,0.20000000000000004,0.15909090909090912,0.9999121,62.30759617804239,0.9999904632568359,0.9999902844429016,0.00025730146444402635,4.1365623474121094e-05,24999,0.0003005475,0.00012140001490479335,0.00011838390491902828,0.00012614844308700413
458755,advlogo_eps0.09_iter16,0.13636363636363635,0.12272727272727274,0.9996254,57.730940357172145,0.9999517202377319,0.9999717473983765,0.0013701551361009479,0.00021129846572875977,75738,0.0009172357,0.00038715454866178334,0.00038644482265226543,0.00040449106018058956
130599,advlogo_eps0.09_iter17,0.25000000000000006,0.20000000000000004,0.9995747,57.47559662176794,0.9999505877494812,0.9999498128890991,0.0017119827680289745,0.00026667118072509766,60304,0.0008046976,0.0003667710698209703,0.00036014558281749487,0.0003640086215455085
456559,advlogo_eps0.09_iter3,0.25000000000000006,0.0,0.99999136,77.18437812397792,1.0,0.9999995231628418,0.00018536085553932935,6.258487701416016e-06,922,1.1007949e-05,4.661629645852372e-06,4.571483259496745e-06,5.060503099230118e-06
101068,advlogo_eps0.09_iter21,0.25000000000000006,0.11111111111111109,0.9994413,59.11951875970121,0.9999291300773621,0.9999651908874512,0.005849695298820734,0.0002751946449279785,47513,0.00061230303,0.00027784070698544383,0.0002701473131310195,0.0002857633226085454
140640,advlogo_eps0.09_iter12,0.10000000000000002,0.07954545454545456,0.99964064,58.7670287758477,0.9999569654464722,0.9999644756317139,0.001601316616870463,0.0002009868621826172,45814,0.00060748996,0.0002719891199376434,0.00027328229043632746,0.00027712175506167114
516708,advlogo_eps0.09_iter7,0.5000000000000001,0.3333333333333334,0.9998866,66.31534083297123,0.9999867677688599,0.9999929070472717,0.0005395301850512624,4.100799560546875e-05,11336,0.00013344346,5.744036388932727e-05,5.4789601563243195e-05,5.712651545763947e-05
385190,advlogo_eps0.09_iter8,0.1818181818181818,0.18181818181818177,0.9998372,64.70041211001787,0.9999798536300659,0.9999955296516418,0.000908281363081187,2.86102294921875e-05,12414,0.00016310165,7.326040940824896e-05,7.429409015458077e-05,7.538473437307402e-05
338986,advlogo_eps0.09_iter8,0.40909090909090917,0.34090909090909094,0.9998834,65.77579868912554,0.9999854564666748,0.9999908208847046,0.0009071280946955085,0.00011837482452392578,10624,0.00013561553,5.8907819038722664e-05,6.189581472426653e-05,6.364828732330352e-05
53994,advlogo_eps0.09_iter3,0.07272727272727272,0.0,0.99998766,69.29064234660275,0.9999990463256836,0.9999961853027344,4.5317916374187917e-05,1.1920928955078125e-06,4463,5.827831e-05,2.6814130251295865e-05,2.6326291845180094e-05,2.68220992438728e-05
79837,advlogo_eps0.09_iter3,0.12121212121212122,0.09090909090909091,0.9999902,78.00127770659938,0.9999986886978149,0.9999991059303284,5.431386671261862e-05,1.1205673217773438e-05,833,9.5757105e-06,3.928147179976804e-06,3.9663368625042494e-06,4.182489192317007e-06
21903,advlogo_eps0.09_iter1,0.3333333333333334,0.25000000000000006,0.9999986,87.09436841872828,0.9999998807907104,1.0,3.6203234685672214e-06,1.7285346984863281e-06,112,1.2555575e-06,4.882309667664231e-07,5.166842242942948e-07,5.164223466636031e-07
337055,advlogo_eps0.09_iter1,0.3333333333333334,0.25000000000000006,0.9999917,78.8678279914715,0.9999987483024597,1.0,2.014318306464702e-05,5.841255187988281e-06,403,5.73827e-06,2.775572738755727e-06,2.6122229428438004e-06,2.7486491944728186e-06
34139,advlogo_eps0.09_iter5,0.1666666666666667,0.14285714285714288,0.9999273,66.99147826413304,0.9999920725822449,0.9999938011169434,0.00022203063417691737,1.1742115020751953e-05,9393,0.00011119373,4.734721005661413e-05,4.413730857777409e-05,4.833098500967026e-05
121031,advlogo_eps0.09_iter8,0.3333333333333334,0.1818181818181818,0.9999626,62.430827145171925,0.999993085861206,0.9999915361404419,9.631956345401704e-05,0.000254213809967041,23228,0.00029231468,0.00012764013081323355,0.0001255044189747423,0.00013114960165694356
453708,advlogo_eps0.09_iter2,0.11363636363636363,0.08522727272727272,0.99998957,79.51710119555301,0.9999985694885254,0.9999997615814209,8.57904669828713e-05,3.3974647521972656e-05,492,6.162231e-06,2.844097934939782e-06,2.880326746890205e-06,2.6965062716044486e-06
261116,advlogo_eps0.09_iter4,0.05454545454545455,0.04545454545454546,0.99995273,71.10309999216776,0.9999942779541016,0.9999962449073792,0.00022806384367868304,3.1113624572753906e-05,3367,4.2312844e-05,1.9361810700502247e-05,1.958575376193039e-05,1.9216180589864962e-05
273715,advlogo_eps0.09_iter1,0.3333333333333334,0.31515151515151524,0.9999973,81.24410155824765,0.9999997615814209,0.9999997615814209,1.6671288904035464e-05,2.2649765014648438e-06,292,3.7799637e-06,1.7594893506611697e-06,1.7686122646409785e-06,1.6568164937780239e-06
475064,advlogo_eps0.09_iter4,0.12121212121212122,0.09090909090909091,0.9999299,69.53610871523904,0.9999926090240479,0.9999977350234985,0.0005727016250602901,1.9371509552001953e-05,4165,5.4494823e-05,2.5410789021407254e-05,2.4643757569720037e-05,2.484406650182791e-05
226903,advlogo_eps0.09_iter4,0.11538461538461542,0.08333333333333336,0.9999613,69.3012738262201,0.9999954104423523,0.999997615814209,0.00018070476653520018,1.806020736694336e-05,6072,6.9882706e-05,3.0182725822669454e-05,2.789461905194912e-05,2.942692481155973e-05
162092,advlogo_eps0.09_iter2,0.12121212121212124,0.11952861952861954,0.9999912,78.99963534805406,0.9999988079071045,0.9999993443489075,8.038819942157716e-05,4.5299530029296875e-06,597,7.215818e-06,3.340539933560649e-06,3.1555041459796485e-06,3.0581663850171026e-06
263969,advlogo_eps0.09_iter16,0.07792207792207793,0.05454545454545455,0.9992649,57.234810746410496,0.9999173879623413,0.99993896484375,0.004210872575640678,0.00047516822814941406,67803,0.00088514405,0.00038755382411181927,0.000384469167329371,0.00040802109288051724
551439,advlogo_eps0.09_iter2,0.20000000000000004,0.1666666666666667,0.99998426,77.59234516954143,0.9999979734420776,0.999999463558197,0.00013914404553361237,2.8014183044433594e-06,675,9.023797e-06,4.299394277040847e-06,4.4616144805331714e-06,4.281509973225184e-06
386352,advlogo_eps0.09_iter1,0.24621212121212127,0.18295454545454548,0.9999967,83.82733431224875,0.9999996423721313,1.0,1.8579739844426513e-05,6.556510925292969e-07,148,2.0504444e-06,9.080374070435937e-07,9.99242729449179e-07,1.0772228051791899e-06
311394,advlogo_eps0.09_iter2,1.0000000000000002,0.5000000000000001,0.99999374,80.66870794569319,0.9999992251396179,0.999999463558197,4.0701204852666706e-05,1.4901161193847656e-06,403,4.9147884e-06,2.124549155269051e-06,2.307081331309746e-06,2.1531670881813625e-06
578489,advlogo_eps0.09_iter6,0.14285714285714288,0.12987012987012989,0.99988014,65.73591049749245,0.9999860525131226,0.9999923706054688,0.0007617549272254109,3.7729740142822266e-05,10804,0.00013584037,5.82120192120783e-05,6.162681529531255e-05,6.02871150476858e-05
221291,advlogo_eps0.09_iter13,0.3333333333333334,0.25000000000000006,0.99982166,67.2430435253077,0.9999747276306152,0.9999857544898987,0.004021911881864071,3.2067298889160156e-05,7130,9.4607516e-05,4.5185410272097215e-05,4.5039378164801747e-05,4.47458223788999e-05
141821,advlogo_eps0.09_iter15,0.060606060606060615,0.034090909090909095,0.99941367,58.62042233974219,0.9999310970306396,0.9999692440032959,0.0024831416085362434,0.0001156926155090332,53232,0.00069028785,0.00031475062132813036,0.0003147899988107383,0.0003239555226173252
199310,advlogo_eps0.09_iter9,0.3333333333333334,0.25000000000000006,0.99985313,63.120875215239316,0.9999799728393555,0.9999905228614807,0.0004994753981009126,4.112720489501953e-05,21450,0.00026292738,0.00011049510794691741,0.00011530667688930407,0.0001170114628621377
100624,advlogo_eps0.09_iter16,0.07792207792207793,0.03409090909090909,0.9995129,60.78859127885498,0.9999488592147827,0.9999611377716064,0.003605833277106285,0.00028145313262939453,35590,0.00044381325,0.0002002063993131742,0.00018926869961433113,0.00020490022143349051
332570,advlogo_eps0.09_iter16,0.3333333333333334,0.25000000000000006,0.999588,62.50666896262665,0.9999442100524902,0.9999629855155945,0.00706623075529933,0.00011301040649414062,23537,0.00028221135,0.00010525467951083556,0.00011429362348280847,0.00013265963934827596
117645,advlogo_eps0.09_iter4,0.3333333333333334,0.25000000000000006,0.9999771,76.30952300651575,0.9999970197677612,0.9999992251396179,0.00025753609952516854,7.748603820800781e-06,1163,1.3697464e-05,5.924587185290875e-06,5.978841727483086e-06,5.814392807224067e-06
202228,advlogo_eps0.09_iter1,0.5000000000000001,0.3333333333333334,0.99999905,88.30679490360781,0.9999998807907104,0.9999999403953552,6.3889897319313604e-06,2.980232238769531e-07,63,8.288209e-07,4.051564985729783e-07,4.2490449914112105e-07,3.4016363770206226e-07
403565,advlogo_eps0.09_iter8,0.5000000000000001,0.4000000000000001,0.99991155,62.9549267334592,0.9999904036521912,0.9999819993972778,0.00024859668337740004,7.283687591552734e-05,20142,0.00025440456,0.00010888310498557985,0.00010425040818518028,0.00011745272058760747
441586,advlogo_eps0.09_iter21,0.16161616161616166,0.15584415584415587,0.9989144,55.340163030654075,0.9998673796653748,0.9999297261238098,0.004780016373842955,0.00019562244415283203,96112,0.001286752,0.0005662438343279064,0.000565685098990798,0.0006061543826945126
97679,advlogo_eps0.09_iter1,0.38636363636363646,0.3090909090909092,0.99999934,82.35108117498845,1.0000001192092896,1.0,9.661629519541748e-06,4.112720489501953e-06,288,3.4138059e-06,1.3819526429870166e-06,1.431832629350538e-06,1.4657795190942124e-06
99054,advlogo_eps0.09_iter11,0.2954545454545455,0.2727272727272727,0.99978095,61.82791210221096,0.9999739527702332,0.9999837875366211,0.0025681904517114162,5.8770179748535156e-05,25536,0.00032641177,0.00014633024693466723,0.00014384080714080483,0.00014774070587009192
570539,advlogo_eps0.09_iter14,0.045454545454545456,0.03636363636363636,0.99966997,59.894262901654464,0.9999632835388184,0.9999681115150452,0.0017676000716164708,0.0006412863731384277,37242,0.00049428944,0.00022893512505106628,0.00022818679281044751,0.00023247170611284673
158548,advlogo_eps0.09_iter7,0.21212121212121215,0.18181818181818185,0.9999344,64.7188996464617,0.9999901056289673,0.9999921321868896,0.00017541609122417867,0.00012874603271484375,13600,0.00017226202,7.77115928940475e-05,7.623209967277944e-05,7.752285455353558e-05
176606,advlogo_eps0.09_iter3,0.4000000000000001,0.3333333333333334,0.99998236,70.23006955347468,0.9999983310699463,0.9999963641166687,6.17402110947296e-05,4.649162292480469e-06,3571,4.648104e-05,2.0765150111401454e-05,2.0738491002703086e-05,2.1489953724085353e-05
559956,advlogo_eps0.09_iter19,0.12500000000000003,0.06363636363636364,0.9993326,56.871486461119886,0.9999158382415771,0.9999516606330872,0.0025583812966942787,0.00018835067749023438,85079,0.0010701776,0.00047921683290041983,0.0004773090477101505,0.0004810701939277351
11197,advlogo_eps0.09_iter8,0.30134680134680136,0.2575757575757576,0.9998169,62.19613615394817,0.9999748468399048,0.9999861121177673,0.0007538872305303812,3.3795833587646484e-05,23774,0.00030221383,0.00013201347610447556,0.00013325884356163442,0.0001361789327347651
483667,advlogo_eps0.09_iter1,0.3333333333333334,0.25000000000000006,0.99999714,85.37073639999434,0.9999995231628418,0.9999998211860657,8.516188245266676e-06,3.5762786865234375e-07,121,1.5580882e-06,7.447750363098748e-07,7.430922437379195e-07,6.935796363904956e-07
448810,advlogo_eps0.09_iter2,0.5000000000000001,0.3333333333333334,0.99998814,74.73293804401078,0.9999990463256836,0.999998927116394,6.265629781410098e-05,8.392333984375e-05,1275,1.6557728e-05,7.343557626882102e-06,7.718519555055536e-06,7.5242610364512075e-06
375278,advlogo_eps0.09_iter1,0.14285714285714288,0.12500000000000003,0.9999984,87.5954658151854,0.9999998807907104,0.9999999403953552,1.1332917893014383e-05,2.980232238769531e-07,76,9.89149e-07,4.270691817964689e-07,4.743413342112035e-07,4.7311706907748885e-07
465675,advlogo_eps0.09_iter22,0.13636363636363638,0.0,0.9998107,63.42452485710446,0.9999770522117615,0.9999902248382568,0.0011244581546634436,0.0001016855239868164,25777,0.00028254776,0.00011188696225872263,0.00010230319458059967,0.00011177192209288478
21167,advlogo_eps0.09_iter2,0.25000000000000006,0.20000000000000004,0.99999434,81.89070917872434,0.9999994039535522,0.9999998211860657,6.082667096052319e-05,1.9669532775878906e-06,333,3.8689886e-06,1.5296151332222507e-06,1.6630204981993302e-06,1.7021898202074226e-06
384468,advlogo_eps0.09_iter10,0.4000000000000001,0.38636363636363646,0.99978167,61.14641302577209,0.999972939491272,0.9999756217002869,0.001161267515271902,9.632110595703125e-05,29400,0.0003764632,0.00016712996875867248,0.0001610588515177369,0.00017769676924217492
186873,advlogo_eps0.09_iter11,0.5411255411255412,0.5151515151515152,0.99988097,62.51041287267611,0.9999865889549255,0.9999827742576599,0.0008604238973930478,8.690357208251953e-05,20632,0.00026566963,0.00011840471415780485,0.00011603942402871326,0.00011788651318056509
64462,advlogo_eps0.09_iter16,0.3333333333333334,0.25000000000000006,0.99974304,63.485207579516036,0.9999679923057556,0.9999885559082031,0.0015327431028708816,0.0004353523254394531,22237,0.00025960803,0.00010716526594478637,0.00010784542973851785,0.00011231689131818712
314182,advlogo_eps0.09_iter4,0.1666666666666667,0.14285714285714288,0.9999533,70.93743140874848,0.9999949932098389,0.9999970197677612,0.0005639857845380902,4.5299530029296875e-06,3676,4.4921348e-05,2.075445809168741e-05,1.979578701138962e-05,1.9260518456576392e-05
68387,advlogo_eps0.09_iter25,0.1666666666666667,0.14545454545454548,0.99955624,60.8446765602746,0.9999387264251709,0.999973475933075,0.0018517726566642523,9.930133819580078e-05,30653,0.00040423108,0.0001866486418293789,0.00019054878794122487,0.00018734688637778163
345466,advlogo_eps0.09_iter8,0.12500000000000003,0.10227272727272729,0.99989766,63.597983668732994,0.9999880194664001,0.9999879002571106,0.000318530248478055,5.519390106201172e-05,16295,0.00021469952,9.895752009470016e-05,9.960800525732338e-05,9.932608372764662e-05
118367,advlogo_eps0.09_iter2,0.20000000000000004,0.14285714285714288,0.99999523,80.32157620717867,0.9999994039535522,0.999999463558197,2.4911254513426684e-05,2.3245811462402344e-06,413,5.1607935e-06,2.4494461285939906e-06,2.40232247961103e-06,2.2200399598659715e-06
113235,advlogo_eps0.09_iter1,0.1666666666666667,0.0,0.99999666,83.63486322500376,0.999999463558197,0.9999996423721313,2.1303851099219173e-05,1.7285346984863281e-06,186,2.3866946e-06,1.070916141543421e-06,1.278577656194102e-06,9.322512823928264e-07
163640,advlogo_eps0.09_iter11,0.10000000000000002,0.09090909090909093,0.9997069,59.17130589056953,0.9999598860740662,0.9999743103981018,0.0008852240862324834,0.0003445148468017578,44922,0.0005818042,0.0002555779938120395,0.000258849177043885,0.00026397942565381527
1490,advlogo_eps0.09_iter14,0.3333333333333334,0.0,0.99997777,68.74153341222713,0.9999974966049194,0.9999982714653015,0.0001438693725503981,1.0013580322265625e-05,8436,8.861661e-05,3.623222801252268e-05,3.114835999440402e-05,3.118664608336985e-05
329456,advlogo_eps0.09_iter12,0.1090909090909091,0.08484848484848485,0.9995928,59.992435904192085,0.9999505877494812,0.9999719262123108,0.001944557297974825,0.0001277327537536621,42213,0.00052535965,0.00023454026086255908,0.00022232081391848624,0.00023445123224519193
252776,advlogo_eps0.09_iter15,0.09090909090909091,0.07272727272727272,0.9996111,61.829733973329496,0.9999548196792603,0.9999799132347107,0.004417315125465393,0.0001278519630432129,23897,0.00031867533,0.00014960148837417364,0.00015003743465058506,0.00014949282922316343
201072,advlogo_eps0.09_iter28,0.0909090909090909,0.06818181818181818,0.9990209,55.30878743248521,0.9998857378959656,0.9999409914016724,0.009151405654847622,0.0006011724472045898,80063,0.001151081,0.0005270171677693725,0.0005356203764677048,0.0005536924581974745
18150,advlogo_eps0.09_iter1,0.060606060606060615,0.05454545454545455,0.9999985,85.04621194396236,0.9999998807907104,0.9999998211860657,5.6493954616598785e-06,5.960464477539062e-07,133,1.6973753e-06,8.111292686407978e-07,7.924357987576514e-07,7.143480047488993e-07
521405,advlogo_eps0.09_iter3,0.5000000000000001,0.3333333333333334,0.9999873,76.86924015642882,0.9999982118606567,0.9999993443489075,6.031401062500663e-05,6.616115570068359e-06,878,1.1174661e-05,5.249221430858597e-06,5.262972536002053e-06,5.13082477482385e-06
518770,advlogo_eps0.09_iter1,0.1666666666666667,0.13636363636363638,0.99999857,85.24163496795829,0.9999998807907104,0.9999998211860657,5.037371920479927e-06,2.3245811462402344e-06,133,1.6850452e-06,8.048289714679413e-07,8.034865572881245e-07,7.061473183966882e-07
201646,advlogo_eps0.09_iter7,0.25000000000000006,0.20000000000000004,0.9999302,69.39104165286126,0.9999903440475464,0.9999955892562866,0.0002287881070515141,6.514787673950195e-05,5007,6.230698e-05,2.7676378522301093e-05,2.771440449578222e-05,2.8970895073143765e-05
59044,advlogo_eps0.09_iter2,0.08636363636363636,0.06493506493506494,0.9999922,79.56109244700195,0.9999990463256836,0.9999997019767761,4.582267501973547e-05,1.8477439880371094e-06,542,6.453597e-06,2.879669182220823e-06,2.7928574581892462e-06,2.7543057967704954e-06
172946,advlogo_eps0.09_iter1,0.07878787878787878,0.07727272727272727,0.9999978,86.33048537683615,0.9999997019767761,0.9999999403953552,2.3669428628636524e-05,3.159046173095703e-06,111,1.3542276e-06,5.330768999556312e-07,6.47053809643694e-07,6.183663003866968e-07
234607,advlogo_eps0.09_iter21,0.3333333333333334,0.14545454545454548,0.99903387,57.19323002808581,0.9998885989189148,0.9999479651451111,0.006498689763247967,0.00045502185821533203,69348,0.00090055674,0.0003968229575548321,0.0003973051207140088,0.0004151875909883529
532690,advlogo_eps0.09_iter9,0.15909090909090912,0.1272727272727273,0.9998104,65.0961847063461,0.9999756813049316,0.9999860525131226,0.0008814780740067363,0.00011646747589111328,15272,0.00017927114,7.562281098216772e-05,7.561186066595837e-05,7.714538514846936e-05
323895,advlogo_eps0.09_iter20,0.18181818181818185,0.13636363636363638,0.999753,63.04932237308823,0.9999639391899109,0.9999829530715942,0.0008703633211553097,4.088878631591797e-05,18467,0.00024134945,0.00011092241038568318,0.0001106142153730616,0.0001109098520828411
384670,advlogo_eps0.09_iter44,0.25000000000000006,0.20000000000000004,0.9995639,60.73425139824156,0.9999313354492188,0.9999628663063049,0.001145107438787818,0.000152587890625,34711,0.00044107172,0.00020212095114402473,0.00020069340826012194,0.00020045152632519603
50326,advlogo_eps0.09_iter7,0.20000000000000004,0.1666666666666667,0.9999304,69.59908665406499,0.9999918341636658,0.999997079372406,0.0007029555272310972,6.4373016357421875e-06,5335,6.3393316e-05,2.758259142865427e-05,2.754384695435874e-05,2.7411584596848115e-05
415727,advlogo_eps0.09_iter17,0.1272727272727273,0.07272727272727272,0.9993647,57.60375531073089,0.9999302625656128,0.9999488592147827,0.0032899104990065098,0.0001881718635559082,64134,0.0008503962,0.0003986776864621788,0.00039225202635861933,0.00040045156492851675
46252,advlogo_eps0.09_iter22,0.1666666666666667,0.08484848484848485,0.99975824,55.71999639145942,0.9999573230743408,0.9999497532844543,0.0006745685823261738,0.00011408329010009766,104211,0.0013273661,0.0005807746783830225,0.0005736352759413421,0.0006006521871313453
90284,advlogo_eps0.09_iter3,0.3333333333333334,0.25000000000000006,0.9999773,75.05143303615951,0.9999969005584717,0.9999994039535522,0.0001622034760657698,5.841255187988281e-06,1267,1.6455044e-05,7.85618249210529e-06,7.5385237323644105e-06,7.805301720509306e-06
5060,advlogo_eps0.09_iter3,0.20000000000000004,0.14285714285714288,0.99998444,72.83050847791142,0.9999979734420776,0.9999983310699463,4.538129360298626e-05,2.7894973754882812e-05,2007,2.5520847e-05,1.1436347449489404e-05,1.1417986570450012e-05,1.1231170901737642e-05
286523,advlogo_eps0.09_iter19,0.10000000000000002,0.0,0.9992649,58.35405122979626,0.9999159574508667,0.9999547004699707,0.008439607918262482,0.00039458274841308594,54697,0.00071704405,0.0003340780967846513,0.0003195502213202417,0.0003395317180547863
579655,advlogo_eps0.09_iter3,0.12500000000000003,0.11111111111111113,0.9999903,80.58706084401456,0.9999991655349731,0.9999995827674866,1.527381027699448e-05,9.238719940185547e-06,586,6.0346983e-06,2.4179162210202776e-06,2.1402659058367135e-06,2.0062282146682264e-06
297578,advlogo_eps0.09_iter5,0.10606060606060608,0.07792207792207792,0.9999594,74.5493841937174,0.9999961256980896,0.9999973773956299,0.000341314502293244,7.927417755126953e-06,2082,2.2577959e-05,8.710811016499065e-06,8.930715011956636e-06,8.60524050949607e-06
458992,advlogo_eps0.09_iter20,0.11111111111111113,0.0,0.9991414,57.37724167572776,0.9998864531517029,0.9999438524246216,0.007846003398299217,0.00033611059188842773,63694,0.00085944834,0.00040263275150209665,0.00039792247116565704,0.00041539204539731145
164602,advlogo_eps0.09_iter207,0.06818181818181819,0.034090909090909095,0.9946975,49.28784076280409,0.9992769956588745,0.9996009469032288,0.0262003093957901,0.0047689080238342285,277068,0.004225593,0.0020004604011774063,0.001992173958569765,0.002054542535915971
203317,advlogo_eps0.09_iter3,0.3333333333333334,0.25000000000000006,0.99997884,73.58990029728812,0.999997079372406,0.9999997615814209,6.0901827964698896e-05,3.933906555175781e-06,1947,2.4048546e-05,1.0794077752507292e-05,1.0683441360015422e-05,1.096483629225986e-05
569917,advlogo_eps0.09_iter7,0.14285714285714288,0.09090909090909093,0.99992675,67.44863026403245,0.9999896883964539,0.9999940395355225,0.00040147092659026384,2.7298927307128906e-05,7798,9.6971075e-05,4.387341323308647e-05,4.292664016247727e-05,4.340972736827098e-05
488270,advlogo_eps0.09_iter10,1.0000000000000002,0.5000000000000001,0.99989766,69.55912699628624,0.9999866485595703,0.9999935626983643,0.002058190293610096,3.075599670410156e-05,4814,6.026508e-05,2.7376150683267042e-05,2.747847611317411e-05,2.768595913948957e-05
67180,advlogo_eps0.09_iter7,0.3333333333333334,0.25000000000000006,0.99996465,67.5355801153084,0.9999930262565613,0.9999985098838806,0.00010629065945977345,1.5497207641601562e-05,7786,9.5017946e-05,4.15054673794657e-05,4.128381988266483e-05,4.159966192673892e-05
190923,advlogo_eps0.09_iter12,0.21645021645021645,0.20593692022263457,0.99975306,60.67943827063928,0.9999723434448242,0.9999816417694092,0.0010299957357347012,0.00014978647232055664,30644,0.00040256747,0.00017905535059981048,0.00018103589536622167,0.00018564988567959517
150265,advlogo_eps0.09_iter47,0.21103896103896108,0.19696969696969702,0.99787825,53.383880268361175,0.9997238516807556,0.9998617172241211,0.008852136321365833,0.0015032291412353516,152011,0.0020471837,0.0009124312782660127,0.0009205620153807104,0.0009317754302173853
38048,advlogo_eps0.09_iter7,0.4000000000000001,0.3333333333333334,0.9998931,65.77312925808492,0.9999866485595703,0.9999906420707703,0.000409580155974254,4.762411117553711e-05,10466,0.00013344406,6.109534297138453e-05,5.842376049258746e-05,6.021281660650857e-05
525155,advlogo_eps0.09_iter1,0.3333333333333334,0.25000000000000006,0.9999961,84.28345477194492,0.9999995231628418,0.9999998807907104,8.33295052871108e-05,1.7881393432617188e-06,167,2.1078836e-06,8.783756015873223e-07,9.898191137835965e-07,1.0008127446781145e-06
163314,advlogo_eps0.09_iter1,0.11983471074380166,0.10271546635183,0.99999887,86.28403594044593,0.9999998807907104,0.9999998211860657,2.726192178670317e-06,7.748603820800781e-07,127,1.4662852e-06,5.766751769442635e-07,6.901996130181942e-07,5.653170092045912e-07
259571,advlogo_eps0.09_iter14,0.10714285714285715,0.05454545454545454,0.9996774,59.35997487631812,0.9999587535858154,0.9999755620956421,0.0010270250495523214,0.00027173757553100586,41529,0.0005500283,0.0002505306911189109,0.0002524443552829325,0.00025228707818314433
561679,advlogo_eps0.09_iter2,1.0000000000000002,0.0,0.9999841,74.2834525628518,0.9999982714653015,0.9999980330467224,5.0397226004861295e-05,5.0067901611328125e-06,1495,1.9196676e-05,8.743913895159494e-06,8.873533261066768e-06,8.661630090500694e-06
236166,advlogo_eps0.09_iter1,0.14285714285714288,0.0,0.9999992,88.34376909706869,0.9999997019767761,0.9999999403953552,6.823223429819336e-06,3.2186508178710938e-06,76,9.177367e-07,4.110769680210069e-07,4.2198152527817e-07,3.454954935477872e-07
153529,advlogo_eps0.09_iter11,0.07070707070707072,0.06363636363636364,0.99967,59.747295879620836,0.9999585151672363,0.9999675154685974,0.0014361996436491609,0.0001926422119140625,39942,0.0005100613,0.0002191746752941981,0.00022559140052180737,0.00022728685871697962
379800,advlogo_eps0.09_iter1,0.3454545454545455,0.2878787878787879,0.9999969,80.68140765036902,0.9999997615814209,1.0,8.564435120206326e-06,2.384185791015625e-06,337,4.383725e-06,2.0194684111629613e-06,1.970085349967121e-06,2.045558403551695e-06
253835,advlogo_eps0.09_iter1,0.18457300275482094,0.17272727272727278,0.9999974,84.21118378796186,0.9999997019767761,0.9999998211860657,1.6741152649046853e-05,5.960464477539062e-07,175,2.1610927e-06,9.604970045984373e-07,9.71659460446972e-07,9.254262067770469e-07
569565,advlogo_eps0.09_iter2,0.5000000000000001,0.3333333333333334,0.9999919,76.29328604564489,0.9999985694885254,0.9999996423721313,1.995420279854443e-05,6.079673767089844e-06,1106,1.3375903e-05,5.938669346505776e-06,6.000463145028334e-06,5.798242000309983e-06
205647,advlogo_eps0.09_iter12,0.5000000000000001,0.3333333333333334,0.99976873,64.18660575821745,0.9999663233757019,0.9999920129776001,0.003491965588182211,7.152557373046875e-05,16050,0.00020087445,8.73818135005422e-05,8.980965503724292e-05,9.342578414361924e-05
460841,advlogo_eps0.09_iter1,0.20000000000000004,0.0,0.9999942,81.95843784643465,1.0000085830688477,0.9999995827674866,4.843025089940056e-05,5.960464477539062e-07,291,3.5919074e-06,1.6403338349846308e-06,1.601016833774338e-06,1.5620447584296926e-06
123131,advlogo_eps0.09_iter2,0.18181818181818185,0.13636363636363638,0.9999881,78.89726123646548,0.9999970197677612,0.9999993443489075,0.00034282184788025916,2.7418136596679688e-06,637,7.593081e-06,3.7249888009682763e-06,3.4253555440955097e-06,2.674097459021141e-06
334006,advlogo_eps0.09_iter6,0.4242424242424243,0.38636363636363646,0.9999544,65.2115751556058,0.9999946355819702,0.9999958276748657,0.00014269037637859583,7.569789886474609e-06,11370,0.00014603791,6.396386015694588e-05,6.420401041395962e-05,6.4215695601888e-05
174004,advlogo_eps0.09_iter2,0.5000000000000001,0.3333333333333334,0.9999986,81.03910991197549,0.9999997019767761,0.9999999403953552,2.7035321181756444e-06,8.940696716308594e-07,412,4.779381e-06,2.1387807009887183e-06,2.1749449388153153e-06,1.7420243239030242e-06
87470,advlogo_eps0.09_iter9,0.20000000000000004,0.16969696969696965,0.99975044,62.41269428435844,0.9999706745147705,0.9999865889549255,0.0012128084199503064,0.00021886825561523438,25915,0.0003160579,0.00013880024198442698,0.00013880126061849296,0.00013846725050825626
9769,advlogo_eps0.09_iter4,0.34090909090909094,0.27272727272727276,0.99997014,68.98885656160417,0.999995231628418,0.9999977946281433,9.667145786806941e-05,0.00017875432968139648,4938,6.313012e-05,2.7897627660422586e-05,2.7628795578493737e-05,2.844192749762442e-05
163257,advlogo_eps0.09_iter2,0.11111111111111109,0.05454545454545455,0.99999785,78.04264235595488,1.000000238418579,0.9999995827674866,4.625044675776735e-05,1.1920928955078125e-06,692,8.653295e-06,3.8576404222112615e-06,3.842658770736307e-06,3.895531790476525e-06
361551,advlogo_eps0.09_iter6,0.10242424242424245,0.09090909090909093,0.9999183,67.59078372651454,0.9999905824661255,0.9999947547912598,0.0003800240810960531,2.2292137145996094e-05,8511,0.00010063383,4.415723014972173e-05,4.262560105416924e-05,4.312389501137659e-05
342971,advlogo_eps0.09_iter7,0.5000000000000001,0.3333333333333334,0.9998753,67.20375249559206,0.9999840259552002,0.999998152256012,0.0007869384135119617,4.392862319946289e-05,7984,9.9848156e-05,4.472983710002154e-05,4.448646359378472e-05,4.530061414698139e-05
361919,advlogo_eps0.09_iter1,0.1487052341597796,0.14214876033057852,0.99999857,82.91901044809974,0.9999999403953552,0.9999998211860657,7.874899893067777e-06,5.364418029785156e-07,251,3.015452e-06,1.1569132993827225e-06,1.384162601425487e-06,1.413543600392586e-06
138115,advlogo_eps0.09_iter15,0.3333333333333334,0.25000000000000006,0.9996849,64.03534926148987,0.9999593496322632,0.9999854564666748,0.002881417516618967,6.258487701416016e-05,17050,0.00021206829,9.793737990548834e-05,9.30380483623594e-05,9.505611524218693e-05
374369,advlogo_eps0.09_iter1,0.3333333333333334,0.25000000000000006,1.0000012,85.42724805507547,1.0000001192092896,0.9999998211860657,0.0001037883193930611,2.384185791015625e-06,117,1.5479354e-06,7.189508437477343e-07,7.213698722807749e-07,6.570959385499009e-07
357742,advlogo_eps0.09_iter33,0.20000000000000004,0.0,0.9992468,59.91755523179765,0.9998986721038818,0.9999816417694092,0.008895283564925194,0.0008192658424377441,47792,0.00056160934,0.0002236565196653828,0.00023254558618646115,0.0002315892488695681
439854,advlogo_eps0.09_iter174,0.022727272727272728,0.015151515151515152,0.9955225,51.72029718919336,0.9994375109672546,0.9996834397315979,0.050287216901779175,0.0026460886001586914,202406,0.002837199,0.0013084982056170702,0.0013164019910618663,0.0013527903938665986
465836,advlogo_eps0.09_iter8,0.25000000000000006,0.20000000000000004,0.99990845,66.15431783966064,0.9999899864196777,0.9999923706054688,0.0002823121612891555,2.849102020263672e-05,10878,0.00013360307,5.9680962294805795e-05,5.898071322008036e-05,5.971064820187166e-05
414385,advlogo_eps0.09_iter3,0.4188311688311689,0.3350649350649351,0.99997896,74.92797184313632,0.9999979734420776,0.9999984502792358,0.00016632722690701485,6.67572021484375e-06,1458,1.8000685e-05,8.024513590498827e-06,8.109463124128524e-06,8.204778168874327e-06
322724,advlogo_eps0.09_iter1,0.13636363636363638,0.1090909090909091,0.99999857,85.97213796912946,0.9999998807907104,0.9999998807907104,4.1721654270077124e-05,4.172325134277344e-07,125,1.5203825e-06,6.363463853631401e-07,6.527073992401711e-07,7.066257126098208e-07
579635,advlogo_eps0.09_iter18,0.25000000000000006,0.0,0.99965733,62.530220772356714,0.9999555945396423,0.9999803304672241,0.004407023545354605,0.0003902316093444824,22503,0.00028712372,0.00012855326349381357,0.00012911918747704476,0.00013432797277346253
295316,advlogo_eps0.09_iter1,0.3333333333333334,0.24242424242424246,0.9999981,86.10305631296355,1.0,0.9999997019767761,6.474301699199714e-06,8.344650268554688e-07,118,1.4565403e-06,7.436982514263946e-07,5.711917197004368e-07,5.978156991659489e-07
183127,advlogo_eps0.09_iter1,0.25000000000000006,0.0,0.99999714,84.96020845028582,0.9999996423721313,0.9999998807907104,2.160751864721533e-05,8.64267349243164e-06,151,1.8698665e-06,8.50806316066155e-07,9.312083193435683e-07,7.206609780041617e-07
115898,advlogo_eps0.09_iter2,0.3333333333333334,0.25000000000000006,0.9999978,80.90316966846004,0.9999997019767761,0.9999998807907104,4.831333626498235e-06,6.556510925292969e-07,481,5.281398e-06,2.1918419861322036e-06,2.182095386160654e-06,1.8944175508295302e-06
223959,advlogo_eps0.09_iter9,0.3333333333333334,0.25000000000000006,0.9999123,68.65772970710447,0.999988317489624,0.9999955892562866,0.00043835805263370275,4.4286251068115234e-05,6202,7.60766e-05,3.4036220313282683e-05,3.374983498360962e-05,3.414425009395927e-05
411817,advlogo_eps0.09_iter1,0.07954545454545456,0.06493506493506494,0.99999756,84.74426603556066,0.9999997615814209,0.9999999403953552,6.041678261681227e-06,1.800060272216797e-05,153,1.8949721e-06,8.156480362231378e-07,7.975787639225018e-07,9.323799190497084e-07
215259,advlogo_eps0.09_iter18,0.1666666666666667,0.14285714285714288,0.9994636,60.064598353486,0.9999364614486694,0.9999666213989258,0.003974138759076595,0.0001996755599975586,38800,0.00049763377,0.00022524542873725295,0.0002195987617596984,0.00023001972294878215
147729,advlogo_eps0.09_iter10,0.15151515151515152,0.12121212121212122,0.99985003,67.16226862527314,0.9999796152114868,0.9999917149543762,0.0010751265799626708,0.00016796588897705078,8441,0.00010456111,4.569172961055301e-05,4.7271023504436016e-05,4.7040997742442414e-05
579307,advlogo_eps0.09_iter45,0.14285714285714288,0.11111111111111113,0.9977548,51.54969507136936,0.9997016787528992,0.9997479319572449,0.01156579703092575,0.001268148422241211,176045,0.0026174723,0.0012284750118851662,0.0012267319252714515,0.0012964294292032719
154425,advlogo_eps0.09_iter14,0.5000000000000001,0.3333333333333334,0.99974364,60.950198015156154,0.999966025352478,0.9999838471412659,0.0005618151626549661,4.655122756958008e-05,31108,0.00039943613,0.00017989242041949183,0.00017764365475159138,0.00018271611770614982
432898,advlogo_eps0.09_iter17,0.17984848484848484,0.16086580086580088,0.99967617,63.8990388847305,0.9999580383300781,0.9999819397926331,0.006642782129347324,8.809566497802734e-05,17739,0.00022107261,0.00010082501103170216,9.775091893970966e-05,0.00010104055400006473
404923,advlogo_eps0.09_iter21,0.15151515151515152,0.0909090909090909,0.9996815,60.198662749110966,0.9999499320983887,0.999968409538269,0.0010307506890967488,7.128715515136719e-05,38918,0.00049589114,0.00022296086535789073,0.00022808488574810326,0.00022744225861970335
130586,advlogo_eps0.09_iter8,0.3333333333333334,0.25000000000000006,0.9998264,64.86657468627729,0.999978244304657,0.9999726414680481,0.002443070523440838,0.0002315044403076172,13228,0.00016388703,6.919023144291714e-05,6.51785230729729e-05,7.856308366172016e-05
163057,advlogo_eps0.09_iter1,0.14206002331002332,0.14037433155080217,0.9999955,83.36713296526693,0.9999992251396179,0.9999995827674866,2.9873279345338233e-05,1.5497207641601562e-06,225,2.7214523e-06,1.2479068800530513e-06,1.283083292946685e-06,1.0298142569808988e-06
67406,advlogo_eps0.09_iter26,0.25000000000000006,0.15909090909090912,0.9995807,63.08401059182326,0.9999459981918335,0.9999477863311768,0.005475187674164772,0.00020360946655273438,21044,0.00026434998,0.00011943217396037653,0.00011968076432822272,0.00012175658775959164
290179,advlogo_eps0.09_iter2,0.06363636363636364,0.05454545454545454,0.9999964,78.39603722572987,0.9999997019767761,0.9999995827674866,1.5163115676841699e-05,1.0132789611816406e-05,797,8.963121e-06,3.964026291214395e-06,3.4760598737193504e-06,3.562316805982846e-06
248752,advlogo_eps0.09_iter30,0.3333333333333334,0.10000000000000002,0.9995518,62.22534307866441,0.9999421834945679,0.9999825954437256,0.0037294412031769753,0.00011277198791503906,26298,0.0003259153,0.00014616912812925875,0.00014645274495705962,0.00014556576206814498
54593,advlogo_eps0.09_iter1,0.11363636363636365,0.10489510489510491,0.99999976,89.63042175256689,1.0,1.0,1.2863347365055233e-07,2.980232238769531e-07,54,6.64211e-07,2.220853474454998e-07,3.2841325037225033e-07,3.183231456205249e-07
137294,advlogo_eps0.09_iter38,0.09090909090909093,0.07792207792207793,0.9986117,55.633407686795344,0.9998195171356201,0.9999009370803833,0.011893418617546558,0.0003171563148498535,74569,0.0010602493,0.0004943035310134292,0.0004864171496592462,0.0004997972282581031
410880,advlogo_eps0.09_iter1,0.17045454545454547,0.15151515151515152,0.9999992,86.14759788858584,1.0,0.9999999403953552,1.9514773157425225e-06,9.5367431640625e-07,124,1.4781596e-06,6.684970230708132e-07,5.991990974507644e-07,6.33985166587081e-07
311180,advlogo_eps0.09_iter7,0.3333333333333334,0.25000000000000006,0.9999285,68.21466467543831,0.9999915957450867,0.9999946355819702,0.00026368870749138296,3.063678741455078e-05,6626,8.288248e-05,3.7509384128497913e-05,3.8392368878703564e-05,3.7385856558103114e-05
349184,advlogo_eps0.09_iter4,0.14545454545454548,0.07878787878787881,0.9999707,68.5206576418018,0.9999967813491821,0.9999954700469971,0.0001163207707577385,8.702278137207031e-06,5380,6.9506634e-05,3.068951627938077e-05,3.164903318975121e-05,3.146925155306235e-05
74058,advlogo_eps0.09_iter10,0.15909090909090912,0.12454545454545456,0.9999638,68.67294000818474,0.9999955892562866,0.9999977350234985,8.815941691864282e-05,2.3305416107177734e-05,8774,9.1417096e-05,3.892993481713347e-05,2.7661175408866256e-05,3.400879359105602e-05
210273,advlogo_eps0.09_iter1,0.34490358126721765,0.3225895316804408,0.9999986,89.53171883488034,0.9999998807907104,0.9999999403953552,6.909395779075567e-06,9.5367431640625e-07,67,7.3965316e-07,3.349693713516899e-07,2.9477098451025086e-07,2.4641278173476167e-07
446651,advlogo_eps0.09_iter1,0.3272727272727273,0.1272727272727273,0.9999952,83.59736058322383,0.999999463558197,0.9999998807907104,2.800395668600686e-05,2.2649765014648438e-06,227,2.636572e-06,1.0514027053432073e-06,1.1088023939009872e-06,1.2036383623126312e-06
194875,advlogo_eps0.09_iter1,0.1328671328671329,0.09090909090909093,0.9999972,84.63228724119543,0.9999997019767761,0.9999999403953552,2.538242915761657e-05,7.152557373046875e-07,157,1.953672e-06,8.782664622231096e-07,8.866799134921166e-07,8.896194003682467e-07
52017,advlogo_eps0.09_iter1,0.5000000000000001,0.3333333333333334,0.99999255,83.32018144971511,0.9999992847442627,0.9999995231628418,0.00014103276771493256,8.940696716308594e-07,157,2.2935515e-06,1.1187553354830015e-06,1.2006901215499965e-06,1.1850711416627746e-06
336309,advlogo_eps0.09_iter8,0.3333333333333334,0.25000000000000006,0.99994016,72.31480669501833,0.9999918937683105,0.9999960064888,0.0007768477080389857,7.742643356323242e-05,2608,3.257408e-05,1.4887848010403104e-05,1.5370940673165023e-05,1.4456320968747605e-05
227478,advlogo_eps0.09_iter11,0.13636363636363638,0.1090909090909091,0.9999749,68.0526968854555,0.999996542930603,0.9999985098838806,3.089220990659669e-05,1.4722347259521484e-05,9792,0.0001034257,4.191204789094627e-05,3.44152758771088e-05,3.942351759178564e-05
339870,advlogo_eps0.09_iter2,0.13636363636363635,0.0909090909090909,0.9999903,79.60057388618777,0.9999988079071045,0.9999992251396179,8.023798000067472e-05,8.344650268554688e-06,475,5.983824e-06,2.7914211386814713e-06,2.8290114642004482e-06,2.646293978614267e-06
327601,advlogo_eps0.09_iter7,0.20000000000000004,0.1666666666666667,0.9998517,65.54451463279874,0.9999831914901733,0.9999886751174927,0.0010593445040285587,0.00040477514266967773,12471,0.00015289115,6.728986045345664e-05,6.824020965723321e-05,6.778760143788531e-05
255749,advlogo_eps0.09_iter5,1.0000000000000002,0.6666666666666669,0.9999675,75.56208539252557,0.999996542930603,0.9999991059303284,8.178628195310012e-05,1.2636184692382812e-05,1757,1.8379396e-05,7.738574822724331e-06,6.091820978326723e-06,6.168414984131232e-06
8762,advlogo_eps0.09_iter2,0.7272727272727275,0.48484848484848503,0.99999285,81.03910843590373,0.9999990463256836,0.9999989867210388,5.126093310536817e-05,1.1324882507324219e-05,375,4.525553e-06,1.852521791079198e-06,1.9964752482337644e-06,2.1671733065886656e-06
526392,advlogo_eps0.09_iter12,0.3333333333333333,0.24242424242424246,0.999659,61.330807907928325,0.9999628067016602,0.9999854564666748,0.002647606423124671,0.0001004934310913086,32991,0.00040231177,0.00017606282199267298,0.00017603392188902944,0.00017685448983684182
165039,advlogo_eps0.09_iter1,0.5352813852813855,0.48602912239275875,0.99999946,87.78710308539613,0.9999999403953552,1.0,3.1030708669277374e-06,2.980232238769531e-07,90,1.0502698e-06,5.409365826380963e-07,4.445538763775403e-07,3.272023718636774e-07
148719,advlogo_eps0.09_iter10,0.3090909090909092,0.29090909090909095,0.99987173,59.9664706374442,0.999983012676239,0.9999845027923584,0.0003376480017323047,2.7000904083251953e-05,34460,0.000462416,0.00021068251226097345,0.00020969551405869424,0.00021022924920544028
108440,advlogo_eps0.09_iter21,1.0000000000000002,0.0,0.99961275,60.85670916815396,0.9999529123306274,0.9999789595603943,0.002470550127327442,0.00017547607421875,40228,0.00046845965,0.0001807991648092866,0.00017944874707609415,0.00021780680981464684
489842,advlogo_eps0.09_iter1,0.149025974025974,0.12812911725955206,0.99999994,87.32301295335483,1.000000238418579,1.0,2.8180184585835377e-07,3.5762786865234375e-07,121,1.3040061e-06,5.402791316555522e-07,4.732603429147275e-07,4.7325983132395777e-07
423229,advlogo_eps0.09_iter3,0.3333333333333334,0.25000000000000006,0.9999933,70.85128341840579,0.9999994039535522,0.9999991059303284,1.6471054550493136e-05,1.8477439880371094e-06,3645,4.4069406e-05,1.913804044306744e-05,1.8007531252806075e-05,1.897266884043347e-05
334555,advlogo_eps0.09_iter8,0.2381389654116927,0.22109988776655445,0.99980074,62.15282353347527,0.999976396560669,0.9999810457229614,0.0006075172568671405,7.295608520507812e-05,21261,0.00028353385,0.00012897729175165296,0.00012883570161648095,0.00013078907795716077
196759,advlogo_eps0.09_iter6,1.0000000000000002,0.9545454545454546,0.99991965,66.19034125225241,0.9999911189079285,0.9999920129776001,0.00032734888372942805,4.655122756958008e-05,4441,7.2735755e-05,3.420757275307551e-05,3.2950385502772406e-05,3.560675395419821e-05
61418,advlogo_eps0.09_iter5,0.25000000000000006,0.20454545454545459,0.99999285,73.81946925931186,0.9999995231628418,0.9999995827674866,1.4285363249655347e-05,2.682209014892578e-06,2689,2.8119715e-05,1.1576686119951773e-05,1.0073539669974707e-05,9.776744263945147e-06
526751,advlogo_eps0.09_iter4,0.3446969696969697,0.32575757575757575,0.99997336,69.26165629948521,0.9999966025352478,0.9999971389770508,5.674912972608581e-05,5.185604095458984e-06,5240,6.4682696e-05,2.8858894438599236e-05,2.8529722840175964e-05,2.915931327152066e-05
277020,advlogo_eps0.09_iter12,0.07272727272727274,0.060606060606060615,0.9996899,63.35158699773341,0.9999668002128601,0.9999832510948181,0.0030675851739943027,0.0002707839012145996,22290,0.00026228768,0.00011022888793377206,0.00010613049380481243,0.0001116831335821189
47828,advlogo_eps0.09_iter4,0.34090909090909094,0.31818181818181823,0.99997425,72.67681389739695,0.9999968409538269,0.9999982714653015,0.00025217270012944937,1.8537044525146484e-05,2295,2.9109824e-05,1.4432915122597478e-05,1.3427958947431762e-05,1.255831648450112e-05
183716,advlogo_eps0.09_iter18,0.25000000000000006,0.21212121212121207,0.99947506,59.64808005591287,0.9999383687973022,0.9999669790267944,0.0028622159734368324,0.0001621246337890625,44464,0.00056545786,0.0002525344316381961,0.00025553061277605593,0.0002652331895660609
8532,advlogo_eps0.09_iter1,0.5000000000000001,0.3333333333333334,0.99999523,82.14141197429316,0.9999997615814209,0.9999998807907104,0.00026637924020178616,6.556510925292969e-06,252,3.3012045e-06,1.5019297734397696e-06,1.5971185121088638e-06,1.5905828831819235e-06
390555,advlogo_eps0.09_iter1,0.14901727060817968,0.14090909090909087,0.9999998,87.29375455950922,1.0,1.0,4.819723926630104e-07,5.364418029785156e-07,124,1.3153191e-06,5.638172524413676e-07,4.6714077939213894e-07,4.2335747707511473e-07
68409,advlogo_eps0.09_iter6,0.030303030303030304,0.02727272727272727,0.9999809,70.05209540523032,0.9999975562095642,0.9999991059303284,2.934662188636139e-05,1.6808509826660156e-05,5686,6.2511055e-05,2.5397399440407753e-05,2.4813176423776895e-05,2.4158431187970564e-05
2299,advlogo_eps0.09_iter3,0.09903879015721123,0.07272727272727272,0.99999833,77.60485913148499,0.9999998807907104,0.9999998211860657,1.685868710410432e-06,3.159046173095703e-06,1010,1.0939141e-05,4.919520506518893e-06,3.4163781492679846e-06,4.019544121547369e-06
11051,advlogo_eps0.09_iter12,0.27272727272727276,0.25000000000000006,0.9997366,64.41994365118815,0.9999678134918213,0.9999815225601196,0.003229717258363962,0.00011301040649414062,15381,0.00019325282,8.750386768952012e-05,8.595977124059573e-05,8.951720519689843e-05
360960,advlogo_eps0.09_iter1,0.0909090909090909,0.05454545454545454,0.99999833,88.23380170930095,0.9999998807907104,0.9999999403953552,1.3902106729801744e-05,4.76837158203125e-07,60,8.1853034e-07,4.107771474082256e-07,3.788535138937732e-07,4.058087768044061e-07
421455,advlogo_eps0.09_iter7,0.28571428571428575,0.21428571428571436,0.99991435,68.8141380309435,0.9999920129776001,0.999997079372406,0.0004175822250545025,0.0001055598258972168,6820,7.858736e-05,3.27591405948624e-05,3.2854793971637264e-05,3.286480932729319e-05
504589,advlogo_eps0.09_iter3,0.20000000000000004,0.1666666666666667,0.9999862,75.3353141149988,0.9999980330467224,0.9999997615814209,4.038521001348272e-05,7.867813110351562e-06,1557,1.7800245e-05,7.660465598746669e-06,7.110072601790307e-06,7.513876880693715e-06
23034,advlogo_eps0.09_iter1,0.25000000000000006,0.20000000000000004,0.9999969,83.93358889716977,0.9999997019767761,1.0,1.0142749488295522e-05,1.3113021850585938e-06,184,2.288421e-06,1.038279492604488e-06,1.0191232604483957e-06,1.0175078841712093e-06
141671,advlogo_eps0.09_iter62,0.010227272727272727,0.0,0.9995188,58.45679562266394,0.9999341368675232,0.9999918341636658,0.0007538980571553111,9.59634780883789e-05,79395,0.0008782257,0.0003343050484545529,0.0003366027376614511,0.0003589870175346732
72795,advlogo_eps0.09_iter145,0.015151515151515152,0.012987012987012988,0.9951889,45.806080865682794,0.9993200302124023,0.9995293617248535,0.016219716519117355,0.0031737089157104492,349127,0.006779826,0.0033381145913153887,0.003251211252063513,0.003425841685384512
43816,advlogo_eps0.09_iter2,0.1666666666666667,0.14285714285714288,0.9999957,77.38506121237381,0.9999990463256836,0.9999997615814209,7.351326075877296e-06,4.76837158203125e-07,847,1.03821485e-05,4.592488494381541e-06,4.759475814353209e-06,4.641810846806038e-06
455555,advlogo_eps0.09_iter2,0.25000000000000006,0.20000000000000004,0.99999833,81.1298081445179,1.000000238418579,0.9999998211860657,3.380328507773811e-06,7.152557373046875e-07,487,5.193154e-06,2.4084756660158746e-06,1.8627558802108979e-06,1.594677542016143e-06
30504,advlogo_eps0.09_iter17,0.20000000000000004,0.1666666666666667,0.99950093,58.70325639451699,0.9999405145645142,0.9999643564224243,0.0019904684741050005,0.0005955696105957031,55643,0.0006971514,0.000301501335343346,0.00030389154562726617,0.00031943456269800663
473118,advlogo_eps0.09_iter3,0.25000000000000006,0.14285714285714288,0.99998766,74.82936103472929,0.9999986886978149,0.9999994039535522,5.951385173830204e-05,3.933906555175781e-06,1689,1.9658375e-05,8.086039997579064e-06,8.418082870775834e-06,8.63494278746657e-06
97278,advlogo_eps0.09_iter14,0.20000000000000004,0.14285714285714288,0.9996975,62.183010737286764,0.9999627470970154,0.9999703764915466,0.001473158597946167,0.0001055002212524414,24309,0.00030636822,0.00013229282922111452,0.000130402302602306,0.00014084024587646127
567640,advlogo_eps0.09_iter3,0.30227272727272736,0.29841269841269846,0.99997824,71.04740208492262,0.9999977946281433,0.9999961853027344,6.540022150147706e-05,6.532669067382812e-05,3328,4.198803e-05,1.9208708181395195e-05,1.8874530724133365e-05,1.9186627469025552e-05
532493,advlogo_eps0.09_iter15,0.3333333333333334,0.0,0.9998924,62.6326439759299,0.9999821186065674,0.9999914169311523,0.00031478371238335967,9.78708267211914e-05,27193,0.0003175684,0.00013161261449567974,0.00013437475718092173,0.00013556530757341534
410456,advlogo_eps0.09_iter11,0.16363636363636366,0.13636363636363638,0.99969095,60.13349365809993,0.9999572038650513,0.9999824166297913,0.0007177523802965879,0.0003134012222290039,38894,0.00049317034,0.00021862221183255315,0.00021930957154836506,0.00022314635862130672
279541,advlogo_eps0.09_iter94,0.08333333333333336,0.0,0.9967258,50.24105832564631,0.99957674741745,0.9997856020927429,0.018339918926358223,0.0016044378280639648,244308,0.003590726,0.0016637060325592756,0.0016280608251690865,0.0017059067031368613
885,advlogo_eps0.09_iter1,0.14545454545454548,0.14285714285714288,0.99999136,80.95026505081863,0.999998927116394,0.9999993443489075,0.00020745332585647702,5.245208740234375e-06,331,4.2788756e-06,1.9985445760539733e-06,1.9864467049046652e-06,1.975018676603213e-06
229849,advlogo_eps0.09_iter1,0.07670454545454544,0.06392045454545454,0.9999979,84.77679676180497,0.9999997615814209,1.0,8.672335752635263e-06,1.430511474609375e-06,145,1.8287528e-06,7.793512963871763e-07,8.55587643400213e-07,8.178500365829677e-07
39551,advlogo_eps0.09_iter6,0.20000000000000004,0.1666666666666667,0.99993104,70.59204145796872,0.9999911189079285,0.9999975562095642,0.0002207109791925177,2.0265579223632812e-05,3687,4.6776247e-05,2.1490452127181925e-05,2.12246086448431e-05,2.170991683669854e-05
193348,advlogo_eps0.09_iter18,1.0000000000000002,0.6666666666666669,0.9997383,65.49819632831401,0.9999656677246094,0.9999924898147583,0.0028022034093737602,4.947185516357422e-05,10571,0.00013853106,6.470343214459717e-05,6.467515049735084e-05,6.376171950250864e-05
341681,advlogo_eps0.09_iter2,0.20000000000000004,0.1666666666666667,0.99998975,78.92261733114223,0.9999985098838806,0.9999997019767761,3.172292053932324e-05,3.74913215637207e-05,602,7.324466e-06,3.27441102854209e-06,3.3610233458603034e-06,3.1454799227503827e-06
83172,advlogo_eps0.09_iter1,0.1666666666666667,0.14285714285714288,0.99999934,87.85289061068367,0.9999998807907104,0.9999998807907104,7.718132110312581e-06,1.8477439880371094e-06,74,9.5027144e-07,4.3251145598333096e-07,4.559034039175458e-07,4.170018428339972e-07
343524,advlogo_eps0.09_iter24,0.25000000000000006,0.20000000000000004,0.999588,62.147561104178436,0.9999439716339111,0.9999800324440002,0.0018528660293668509,0.00014543533325195312,24758,0.00031246294,0.00013997031783219427,0.00013916194438934326,0.0001386525109410286
388056,advlogo_eps0.09_iter1,0.10606060606060608,0.09090909090909093,0.99999976,90.45229756054036,1.0,1.0,3.291592634013796e-07,2.384185791015625e-07,55,6.239932e-07,2.3706856211447302e-07,2.5326701802441676e-07,2.42604897948695e-07
235836,advlogo_eps0.09_iter73,0.14285714285714288,0.07142857142857144,0.99669886,46.426913819880085,0.9995915293693542,0.9995552897453308,0.012363811954855919,0.0008996129035949707,324570,0.0060190815,0.00292981811799109,0.0029082954861223698,0.002986209001392126
343218,advlogo_eps0.09_iter22,0.18181818181818185,0.15909090909090912,0.99943763,59.30270746556873,0.9999274611473083,0.9999722838401794,0.003787405788898468,0.00015413761138916016,46779,0.0005964465,0.0002690149121917784,0.00026372616412118077,0.00027140401653014123
205105,advlogo_eps0.09_iter2,0.3333333333333334,0.25000000000000006,0.99999446,79.38301794153065,0.9999992847442627,0.9999995827674866,2.334158489247784e-05,1.5497207641601562e-06,579,6.7992914e-06,2.9245411496958695e-06,2.8572517294378486e-06,2.989875838466105e-06
497599,advlogo_eps0.09_iter10,0.13636363636363638,0.11363636363636365,0.99982435,65.34888807426648,0.9999802112579346,0.999990701675415,0.0012421030551195145,6.341934204101562e-05,12643,0.00015804065,7.06613136571832e-05,7.279362762346864e-05,7.121948146959767e-05
144784,advlogo_eps0.09_iter7,0.5000000000000001,0.0,0.9998881,67.65999381159376,0.9999871253967285,0.9999944567680359,0.0008825361728668213,2.4318695068359375e-05,7568,9.3566596e-05,4.0771668864181265e-05,4.2195970308966935e-05,4.2313091398682445e-05
167486,advlogo_eps0.09_iter1,0.3636363636363637,0.23863636363636365,0.99999905,87.0943686201465,0.9999998807907104,0.9999999403953552,1.189669319501263e-06,4.76837158203125e-07,92,1.1313208e-06,5.25421057773201e-07,5.135037213221949e-07,4.7463930741287186e-07
191013,advlogo_eps0.09_iter3,0.5363636363636365,0.4545454545454547,0.999979,74.68471767432067,0.9999974966049194,0.9999996423721313,0.00020605482859537005,4.589557647705078e-06,1323,1.7330522e-05,8.07530068414053e-06,8.014898412511684e-06,8.117175639199559e-06
163562,advlogo_eps0.09_iter10,0.3333333333333334,0.25000000000000006,0.99981713,65.95129695117267,0.9999771118164062,0.9999874830245972,0.002466844394803047,0.0005292892456054688,9799,0.00012891475,6.0698621382471174e-05,6.037089042365551e-05,6.144270446384326e-05
232563,advlogo_eps0.09_iter1,0.20000000000000004,0.1545454545454545,0.99999374,82.00993533751898,0.9999990463256836,0.9999998807907104,4.0465223719365895e-05,1.1920928955078125e-06,338,3.872777e-06,1.5576645182591164e-06,1.729349037304928e-06,1.546709086142073e-06
520910,advlogo_eps0.09_iter38,0.09090909090909093,0.055555555555555566,0.9984774,56.3209009949344,0.9998080730438232,0.9998832941055298,0.022312549874186516,0.001536548137664795,86048,0.0011225599,0.0005024418933317065,0.0005012563779018819,0.0005223752232268453
131273,advlogo_eps0.09_iter12,0.5000000000000001,0.3333333333333334,0.9998128,64.15734470760019,0.999976634979248,0.9999880790710449,0.0010310462675988674,0.00012284517288208008,17676,0.00021406548,9.327050065621734e-05,9.407541074324399e-05,9.291606693295762e-05
472375,advlogo_eps0.09_iter1,0.20000000000000004,0.12500000000000003,0.9999976,85.15173618948143,1.0000001192092896,0.9999999403953552,1.255716233572457e-05,9.5367431640625e-07,132,1.6894312e-06,7.910867907412467e-07,7.275820621543971e-07,7.494916758332693e-07
17436,advlogo_eps0.09_iter1,0.20000000000000004,0.1666666666666667,1.0000006,86.1700396559497,1.000000238418579,1.0,3.4205004340037704e-07,4.76837158203125e-07,174,1.7760824e-06,8.372869615413947e-07,5.765604669250024e-07,4.847584023082163e-07
177934,advlogo_eps0.09_iter1,0.6000000000000002,0.4285714285714287,0.99999976,82.14141617689961,0.9999992847442627,0.9999998807907104,1.6980534383037593e-06,1.0132789611816406e-06,274,3.3734045e-06,1.4369975360750686e-06,1.5865178966123494e-06,1.4530529597323039e-06
165518,advlogo_eps0.09_iter4,1.0000000000000002,0.6666666666666669,0.99998826,78.3772889830708,0.9999984502792358,0.9999995231628418,9.658545604906976e-05,4.76837158203125e-06,764,8.802959e-06,3.6890000956191216e-06,3.859491243929369e-06,3.5636319353216095e-06
571718,advlogo_eps0.09_iter2,0.11111111111111113,0.10000000000000002,0.99998826,77.6520756965279,0.9999991655349731,0.9999995827674866,0.00011790561984525993,1.9073486328125e-06,822,9.799548e-06,4.1956450331781525e-06,4.2514029701123945e-06,4.209664894005982e-06
459467,advlogo_eps0.09_iter12,0.5000000000000001,0.3333333333333334,0.9998515,66.56999506055945,0.9999812841415405,0.9999906420707703,0.0015663388185203075,4.8995018005371094e-05,10621,0.0001268129,5.613633038592525e-05,5.477265949593857e-05,5.494324796018191e-05
135673,advlogo_eps0.09_iter6,1.0000000000000002,0.3333333333333334,0.9999812,76.62511395846431,0.9999963641166687,0.9999942779541016,9.9381068139337e-05,2.0742416381835938e-05,969,1.2153359e-05,5.505535682459595e-06,5.644748853228521e-06,5.583629899774678e-06
134886,advlogo_eps0.09_iter1,0.590909090909091,0.4818181818181819,0.99999905,87.17869929229997,0.9999998807907104,0.9999998807907104,8.092458301689476e-06,4.708766937255859e-06,107,1.2264125e-06,4.340740247243957e-07,5.115563794788613e-07,5.632329020954785e-07
289222,advlogo_eps0.09_iter9,0.09090909090909091,0.07272727272727272,0.99985343,64.70330016135036,0.9999842047691345,0.9999881386756897,0.000692671281285584,6.556510925292969e-05,14112,0.00017770877,8.081389387371019e-05,7.959777576616034e-05,8.090098708635196e-05
372819,advlogo_eps0.09_iter3,0.1666666666666667,0.14285714285714288,0.9999955,74.42566377728505,0.9999992847442627,0.999998927116394,7.918435585452244e-06,2.205371856689453e-06,1790,2.1151433e-05,8.95399625733262e-06,9.575866897648666e-06,8.831188097246923e-06
310072,advlogo_eps0.09_iter1,0.20000000000000004,0.1666666666666667,0.99999946,88.81371710973403,0.9999998807907104,1.0,2.1148534870008007e-06,2.980232238769531e-07,68,8.1356956e-07,3.855586783174658e-07,3.295297688055143e-07,3.2841361985447293e-07
87144,advlogo_eps0.09_iter3,0.3090909090909092,0.2575757575757576,0.99998283,72.50218560100672,0.9999980926513672,0.9999983906745911,4.4932414311915636e-05,5.4836273193359375e-06,2816,3.3071843e-05,1.3806664355797693e-05,1.441431504645152e-05,1.407107356499182e-05
60347,advlogo_eps0.09_iter2,0.3333333333333334,0.25000000000000006,0.99999756,78.76028255455182,0.9999997019767761,0.9999998807907104,5.916114332649158e-06,9.5367431640625e-07,580,7.1785653e-06,3.139038426525076e-06,3.331883817736525e-06,3.0033108942006947e-06
42070,advlogo_eps0.09_iter4,0.8333333333333336,0.6666666666666669,0.9999606,69.58474119431588,0.9999960660934448,0.9999969601631165,0.00019155321933794767,8.58306884765625e-06,4820,5.9168007e-05,2.547643998696003e-05,2.6089735911227763e-05,2.5526644094497897e-05
420916,advlogo_eps0.09_iter4,0.25000000000000006,0.20000000000000004,0.9999494,68.74845048922731,0.9999949932098389,0.9999916553497314,0.00018658149929251522,1.9073486328125e-05,5090,6.606556e-05,3.0412709747906774e-05,2.943625622719992e-05,3.029903382412158e-05
296224,advlogo_eps0.09_iter4,0.5151515151515152,0.40909090909090917,0.9999717,68.23199385169653,0.9999963045120239,0.999998152256012,9.861184662440792e-05,2.4497509002685547e-05,5835,7.3843454e-05,3.156549428240396e-05,3.140306580462493e-05,3.2399038900621235e-05
122606,advlogo_eps0.09_iter8,0.3333333333333334,0.25000000000000006,0.9998269,63.56142214164905,0.9999781847000122,0.9999929666519165,0.0005092535866424441,4.7326087951660156e-05,17204,0.00021928218,9.43289342103526e-05,9.682080417405814e-05,9.86544691841118e-05
311909,advlogo_eps0.09_iter1,0.3333333333333334,0.25000000000000006,0.999995,82.4550531824089,0.9999992847442627,1.0,4.104585968889296e-05,1.6689300537109375e-06,257,3.2047483e-06,1.4580504057448707e-06,1.5137459286052035e-06,1.357791802547581e-06
439715,advlogo_eps0.09_iter4,0.13999999999999999,0.10389610389610392,0.9999556,68.61445391763793,0.9999939799308777,0.9999971985816956,0.00020691979443654418,6.198883056640625e-05,5632,7.1847e-05,3.31465998897329e-05,3.2381827622884884e-05,3.339565228088759e-05
389566,advlogo_eps0.09_iter2,0.20000000000000004,0.14285714285714288,0.9999935,78.57630080838655,0.9999994039535522,0.9999992847442627,1.5765626812935807e-05,1.8477439880371094e-06,768,8.6208975e-06,3.6642104532802477e-06,3.617409447542741e-06,3.195290901203407e-06
78843,advlogo_eps0.09_iter3,0.3333333333333334,0.25000000000000006,0.9999874,75.56013005564087,0.9999982118606567,0.9999994039535522,4.506311233853921e-05,3.2782554626464844e-06,1340,1.6086587e-05,7.137947250157595e-06,7.2750140134303365e-06,6.822795967309503e-06
225532,advlogo_eps0.09_iter37,0.03636363636363636,0.0,0.9993436,59.97732338488372,0.9999183416366577,0.9999549388885498,0.004120716825127602,0.000550687313079834,41002,0.0005235758,0.00023937065270729363,0.00023831687576603144,0.0002425683051114902
419096,advlogo_eps0.09_iter6,0.5000000000000001,0.3333333333333334,0.99995464,70.85194487274167,0.9999948740005493,0.9999983906745911,0.0006769961910322309,1.3470649719238281e-05,4126,4.851318e-05,2.055410368484445e-05,2.091614260280039e-05,2.097150354529731e-05
466125,advlogo_eps0.09_iter14,0.0934343434343434,0.07954545454545456,0.9994065,59.74919194320844,0.9999319911003113,0.9999574422836304,0.0031491569243371487,0.0001361370086669922,42598,0.00054311386,0.00024301998200826347,0.0002476135268807411,0.0002469693426974118
414795,advlogo_eps0.09_iter3,0.13636363636363638,0.11688311688311691,0.99998504,73.04318370912169,0.9999980330467224,0.9999989867210388,2.8674659915850498e-05,2.2649765014648438e-06,2434,2.8815812e-05,1.2674156096181832e-05,1.2621740097529255e-05,1.1942304809053894e-05
508101,advlogo_eps0.09_iter1,0.5454545454545455,0.4545454545454546,0.99999744,86.40110464090279,0.9999996423721313,1.0,8.448319567833096e-05,1.6689300537109375e-06,94,1.2296852e-06,5.390205046751362e-07,6.625082278333139e-07,5.068681048214785e-07
253386,advlogo_eps0.09_iter9,0.07792207792207793,0.06818181818181819,0.9998477,68.14425408170317,0.9999836683273315,0.9999948740005493,0.0015717692440375686,0.00011032819747924805,8176,9.262464e-05,3.6242232454242185e-05,3.842488149530254e-05,3.898955037584528e-05
338624,advlogo_eps0.09_iter6,0.3295454545454546,0.292929292929293,0.9999258,65.76021604328874,0.999991774559021,0.9999896883964539,0.00030997319845482707,1.233816146850586e-05,13086,0.00015277989,6.442130688810721e-05,6.232275336515158e-05,6.449734064517543e-05
263463,advlogo_eps0.09_iter3,0.20000000000000004,0.1666666666666667,0.9999835,73.13282257138445,0.9999980330467224,0.9999989867210388,0.00010675239900592715,1.055002212524414e-05,2149,2.6581794e-05,1.1416686902521178e-05,1.1688901395245921e-05,1.230080579261994e-05
378454,advlogo_eps0.09_iter8,0.3333333333333334,0.25000000000000006,0.9998954,69.92150674344498,0.9999843835830688,0.9999992251396179,0.0027287332341074944,3.9577484130859375e-05,4429,5.5201257e-05,2.5156445190077648e-05,2.5060551706701517e-05,2.4613442292320542e-05
476215,advlogo_eps0.09_iter13,0.3333333333333334,0.25000000000000006,0.9998763,66.2584723449091,0.9999823570251465,0.9999955296516418,0.0003603000077418983,4.756450653076172e-05,13072,0.00014513344,5.6834149290807545e-05,5.700635301764123e-05,5.798088022856973e-05
247917,advlogo_eps0.09_iter14,0.22951764144945963,0.21212121212121207,0.99946976,57.193543440975894,0.9999377727508545,0.9999491572380066,0.0021925456821918488,0.00017029047012329102,69687,0.00091992505,0.0004271866346243769,0.00041386036900803447,0.0004278646083548665
439522,advlogo_eps0.09_iter12,0.3333333333333334,0.25000000000000006,0.9997993,66.5707420407852,0.9999734163284302,0.9999906420707703,0.0021758447401225567,8.893013000488281e-05,11847,0.0001340947,5.6412583944620565e-05,5.671934559359215e-05,5.1423980039544404e-05
26690,advlogo_eps0.09_iter4,0.15909090909090912,0.09090909090909093,0.99996513,72.77454985246904,0.9999957084655762,0.9999983310699463,0.00020656874403357506,4.6253204345703125e-05,2424,2.9641109e-05,1.3641307305078954e-05,1.28532756207278e-05,1.3348890206543729e-05
176901,advlogo_eps0.09_iter33,0.07272727272727272,0.06060606060606061,0.99915904,58.218953885138134,0.9998893141746521,0.9999550580978394,0.004524122923612595,0.0002567768096923828,71060,0.00084797613,0.0003574349684640765,0.0003573960857465863,0.000373500311980024
334767,advlogo_eps0.09_iter17,0.40909090909090917,0.39393939393939403,0.9997892,58.24456864862428,0.9999717473983765,0.9999853372573853,0.00047182320849969983,2.6345252990722656e-05,58609,0.0007357744,0.000310138042550534,0.0002993682282976806,0.00032985370489768684
301563,advlogo_eps0.09_iter1,0.20000000000000004,0.1666666666666667,0.99999785,88.8972377745732,0.999999463558197,1.0,1.3716773537453264e-05,1.0132789611816406e-06,56,7.274976e-07,3.20239422535451e-07,3.727649868778826e-07,3.2155912776943296e-07
86755,advlogo_eps0.09_iter26,0.06818181818181819,0.0,0.99935263,60.01992370951643,0.999907374382019,0.9999787211418152,0.004399309866130352,0.0008820891380310059,42543,0.00051928737,0.00022121680376585573,0.00021797398221679032,0.0002268442331114784
194471,advlogo_eps0.09_iter1,0.3333333333333334,0.1666666666666667,0.9999981,87.23585131094963,0.9999997615814209,1.0,1.3101440345053561e-05,7.748603820800781e-07,101,1.1941826e-06,4.1767015090954374e-07,5.551203230425017e-07,5.306704338181589e-07
420281,advlogo_eps0.09_iter7,0.4545454545454545,0.3333333333333334,0.9998741,66.00555469028222,0.9999858140945435,0.9999911785125732,0.0006731384200975299,0.0001112222671508789,10779,0.00013503172,6.157735333545133e-05,6.0395137552404776e-05,6.143719656392932e-05
404805,advlogo_eps0.09_iter5,0.3333333333333334,0.25000000000000006,0.99996215,71.64177334679506,0.9999949932098389,0.9999985098838806,0.0001549824810354039,5.364418029785156e-06,3145,3.8464997e-05,1.7723128621582873e-05,1.7232239770237356e-05,1.657730172155425e-05
2261,advlogo_eps0.09_iter9,0.5000000000000001,0.0,0.99989635,64.41333309272433,0.9999865889549255,0.9999908804893494,0.0003119455650448799,0.00010800361633300781,17282,0.00020681093,9.085669444175437e-05,8.71559968800284e-05,9.183126530842856e-05
77460,advlogo_eps0.09_iter1,0.12782104259376986,0.12027972027972025,1.0000004,91.24409095227313,0.9999998807907104,1.0,5.134778007231944e-07,2.384185791015625e-07,39,4.928137e-07,2.2613197359078185e-07,1.8823128300482495e-07,2.1533189453748491e-07
14439,advlogo_eps0.09_iter3,0.09702797202797205,0.09314123376623377,0.99999,72.0769320448126,0.9999986886978149,0.9999980330467224,1.2901195077574812e-05,1.430511474609375e-06,2634,3.318628e-05,1.5073706890689209e-05,1.5652000001864508e-05,1.4616424778068904e-05
447314,advlogo_eps0.09_iter8,0.0909090909090909,0.05454545454545454,0.99988645,66.59324890664519,0.999985933303833,0.999990701675415,0.0008202396566048265,0.00014019012451171875,8520,0.00010948956,4.966415872331709e-05,4.865215305471793e-05,5.040716496296227e-05
181303,advlogo_eps0.09_iter2,0.5000000000000001,0.25000000000000006,0.99999714,77.63627636661319,0.9999997019767761,0.9999996423721313,4.363958396425005e-06,1.329183578491211e-05,905,1.0445697e-05,4.54815517514362e-06,4.46470721726655e-06,4.164794063399313e-06
58350,advlogo_eps0.09_iter2,0.1666666666666667,0.12500000000000003,0.9999935,78.3922803101707,0.9999992847442627,0.999999463558197,2.743225559243001e-05,1.3113021850585938e-06,684,8.265735e-06,3.619867811721633e-06,3.3113828976638615e-06,4.021238510176772e-06
26465,advlogo_eps0.09_iter2,0.11111111111111113,0.10000000000000002,0.99999565,81.66165036785038,1.0000011920928955,0.9999997019767761,5.2225754188839346e-05,1.3709068298339844e-06,328,3.98187e-06,1.7970606904782471e-06,1.7683171336102532e-06,1.7123417137554497e-06
433980,advlogo_eps0.09_iter4,0.5000000000000001,0.0,0.99998873,76.1767978538831,0.9999985694885254,0.9999995231628418,3.889077925123274e-05,6.4373016357421875e-06,1107,1.3471912e-05,6.077822035877034e-06,6.057775863155257e-06,5.793015589006245e-06
380913,advlogo_eps0.09_iter1,0.11111111111111113,0.10000000000000002,0.9999984,82.62079992346399,0.9999998807907104,0.9999999403953552,5.685715223080479e-06,2.2649765014648438e-06,271,3.231101e-06,1.3326005046110367e-06,1.4180535572450026e-06,1.4650461253040703e-06
32887,advlogo_eps0.09_iter1,0.25000000000000006,0.20000000000000004,0.9999983,82.84513295222263,0.9999998807907104,1.0,4.162066034041345e-06,4.649162292480469e-06,273,3.1650138e-06,1.3705007404496428e-06,1.3320403695615823e-06,1.3030755781073822e-06
213035,advlogo_eps0.09_iter1,0.0707070707070707,0.045454545454545456,0.9999955,82.86611471564983,0.999999463558197,0.9999997019767761,1.471779978601262e-05,2.384185791015625e-06,253,2.9541e-06,1.3709864106203895e-06,1.0973549251502845e-06,1.2400953437463613e-06
399205,advlogo_eps0.09_iter8,0.3016528925619835,0.29040404040404044,0.9998793,62.97817260635093,0.9999844431877136,0.9999916553497314,0.00029099307721480727,0.00014460086822509766,13656,0.00019782902,9.468931966694072e-05,9.15907439775765e-05,9.561362821841612e-05
169996,advlogo_eps0.09_iter2,0.4696969696969698,0.4242424242424243,0.9999899,77.2243559971771,0.999998927116394,0.9999992847442627,2.573023084551096e-05,3.6954879760742188e-06,972,1.130751e-05,4.976919171895133e-06,4.755102963827085e-06,4.695466031989781e-06
226417,advlogo_eps0.09_iter1,0.4983164983164985,0.38383838383838387,0.9999935,80.50692018896186,0.9999991655349731,0.9999997615814209,1.3920748642703984e-05,3.516674041748047e-06,405,4.9916544e-06,2.272898655064637e-06,2.2915614863450173e-06,2.110416744471877e-06
481573,advlogo_eps0.09_iter15,0.25000000000000006,0.20000000000000004,0.99933976,60.29479383032607,0.9999346733093262,0.9999650120735168,0.004613595549017191,0.0005802512168884277,44240,0.00051956606,0.00021204644872341305,0.0002128716150764376,0.00021903567539993674
123480,advlogo_eps0.09_iter3,0.38636363636363646,0.3090909090909092,0.9999855,75.49029860523862,0.9999983310699463,0.999998152256012,8.698171586729586e-05,9.059906005859375e-06,1271,1.5707836e-05,7.006526629993459e-06,7.283738796104444e-06,6.960834525671089e-06
274687,advlogo_eps0.09_iter3,0.25000000000000006,0.20000000000000004,0.9999902,75.05317030064106,0.9999987483024597,0.9999990463256836,2.5597692001610994e-05,3.6954879760742188e-06,1587,1.8556151e-05,8.04232058726484e-06,7.989424375409726e-06,7.806169378454797e-06
493286,advlogo_eps0.09_iter2,0.30909090909090914,0.2207792207792208,0.9999885,75.89961112691032,0.9999989867210388,0.9999994039535522,2.6054181944346055e-05,4.0531158447265625e-06,1069,1.3558962e-05,6.200200914463494e-06,6.306200702965725e-06,6.022526576998644e-06
345027,advlogo_eps0.09_iter9,0.1904761904761905,0.1464646464646465,0.9998612,66.95897761578588,0.9999788999557495,0.999995768070221,0.0005666529759764671,2.3603439331054688e-05,9787,0.000116112555,5.0750830268952996e-05,4.904876550426707e-05,5.024561323807575e-05
230008,advlogo_eps0.09_iter12,0.8484848484848486,0.6363636363636365,0.9997677,59.78142697789849,0.9999715089797974,0.9999874830245972,0.0007256282260641456,3.147125244140625e-05,39549,0.0005136833,0.0002335163444513455,0.00022900612384546548,0.00023325519578065723
284698,advlogo_eps0.09_iter4,0.3333333333333334,0.25000000000000006,0.9999652,70.8964815897883,0.9999960660934448,0.9999959468841553,0.00013845361536368728,1.1682510375976562e-05,4191,4.8443282e-05,2.0317218513810076e-05,2.0737987142638303e-05,1.999820779019501e-05
323709,advlogo_eps0.09_iter5,1.0000000000000002,0.3333333333333334,0.9999649,73.46742004560781,0.9999951124191284,0.9999966621398926,0.0005297529278323054,7.3909759521484375e-06,1886,2.4281391e-05,1.1353060472174548e-05,1.1804612768173683e-05,1.1011699825758114e-05
579158,advlogo_eps0.09_iter12,0.25000000000000006,0.20000000000000004,0.99960643,59.37209297794939,0.9999570250511169,0.9999685287475586,0.001421277760528028,0.00011903047561645508,43868,0.0005678311,0.0002557964180596173,0.0002541195135563612,0.0002593287208583206
8690,advlogo_eps0.09_iter19,0.0909090909090909,0.07575757575757576,0.999077,56.90774725779765,0.9998760223388672,0.9999152421951294,0.005716489627957344,0.0012644529342651367,73432,0.0009677149,0.00043536725570447743,0.00042459755786694586,0.0004765157646033913
381639,advlogo_eps0.09_iter2,0.28571428571428575,0.28311688311688316,0.9999964,76.48497119558161,0.9999995231628418,0.9999995231628418,7.88134457252454e-06,1.3709068298339844e-06,979,1.2061267e-05,5.367956418922404e-06,5.288564807415241e-06,5.406107902672375e-06
284445,advlogo_eps0.09_iter6,0.40661157024793393,0.37024793388429755,0.9998972,66.51312886286414,0.9999868273735046,0.999994695186615,0.001000433461740613,0.0001468658447265625,10748,0.00012761349,5.6447846873197705e-05,5.2359075198182836e-05,5.567073458223604e-05
468124,advlogo_eps0.09_iter1,0.5000000000000001,0.25000000000000006,0.9999984,79.21649627394115,0.9999997615814209,0.9999997615814209,2.257973847008543e-06,2.4437904357910156e-06,524,6.555948e-06,2.8527665563160554e-06,2.9283933145052288e-06,3.0348330710694427e-06
187144,advlogo_eps0.09_iter4,0.1717171717171717,0.14141414141414144,0.9999779,68.08580342756873,0.9999971389770508,0.9999974370002747,0.0001767355715855956,5.662441253662109e-06,6836,8.3517705e-05,3.526578439050354e-05,3.455978003330529e-05,3.7496771255973727e-05
273198,advlogo_eps0.09_iter4,0.40909090909090917,0.3272727272727273,0.99997133,68.95796098784152,0.999997615814209,0.9999956488609314,9.969847451429814e-05,4.5299530029296875e-06,5116,6.449947e-05,2.8692529667750932e-05,2.8313550501479767e-05,2.8638714866247028e-05
95843,advlogo_eps0.09_iter7,1.0000000000000002,0.3333333333333334,0.9998929,68.68133456436,0.9999871253967285,0.9999960064888,0.0014155438402667642,8.0108642578125e-05,6886,8.000328e-05,3.267004285589792e-05,3.442339948378503e-05,3.390934216440655e-05
417779,advlogo_eps0.09_iter1,0.6590909090909092,0.5272727272727273,0.99999905,84.7605025188501,0.9999998807907104,0.9999999403953552,2.300338564964477e-06,4.76837158203125e-07,160,1.9270144e-06,7.408161764033139e-07,7.952953637868632e-07,8.83356335634744e-07
447342,advlogo_eps0.09_iter2,0.4318181818181819,0.40909090909090917,0.9999974,73.42057400099536,0.9999998807907104,0.9999995231628418,9.527189831715077e-06,5.960464477539062e-07,2252,2.6355525e-05,1.111201254389016e-05,1.0837764421012253e-05,1.1295686817902606e-05
490125,advlogo_eps0.09_iter3,0.3333333333333334,0.25000000000000006,0.99999136,75.16240960608884,0.999998927116394,0.9999992251396179,1.6405017959186807e-05,1.2516975402832031e-06,1696,1.8965564e-05,7.806116627762094e-06,7.907348845037632e-06,7.407271368720103e-06
183675,advlogo_eps0.09_iter25,0.25000000000000006,0.20000000000000004,0.9994715,58.100057740416545,0.9999269843101501,0.9999569058418274,0.0022129935678094625,0.00013643503189086914,60882,0.0007854445,0.0003604408702813089,0.00035536978975869715,0.000362649152521044
532058,advlogo_eps0.09_iter2,0.1666666666666667,0.14285714285714288,0.99998885,78.15846711788343,0.9999985098838806,0.9999997019767761,7.613097841385752e-05,7.987022399902344e-06,647,8.283864e-06,3.986553565482609e-06,3.8188004509720486e-06,3.7771585539303487e-06
214200,advlogo_eps0.09_iter1,0.303030303030303,0.21363636363636368,1.0,86.49708099586285,1.0,0.9999998807907104,2.2271303805609932e-06,4.172325134277344e-07,118,1.3973965e-06,6.639571665800759e-07,5.152828634891193e-07,5.938205731581547e-07
578093,advlogo_eps0.09_iter30,0.2890909090909092,0.25000000000000006,0.9991796,54.01814762738128,0.9999033808708191,0.9999488592147827,0.002982771722599864,0.0003383159637451172,110161,0.001494175,0.0006464665639214218,0.0006484187324531376,0.0006744697457179427
369751,advlogo_eps0.09_iter1,0.25000000000000006,0.20000000000000004,0.99999946,88.23380375278055,0.9999997019767761,1.0,7.397070476145018e-07,4.76837158203125e-07,76,9.2029813e-07,3.9989078004509793e-07,4.181111705747753e-07,3.768532508274802e-07
429011,advlogo_eps0.09_iter2,0.1666666666666667,0.14285714285714288,0.999989,74.22554767402087,0.9999987483024597,0.9999988079071045,3.5220047720940784e-05,5.364418029785156e-06,1718,2.1030406e-05,9.364420293422882e-06,9.202174624078907e-06,9.463711649004836e-06
301061,advlogo_eps0.09_iter1,0.25000000000000006,0.20000000000000004,0.99999905,86.95735264506666,0.9999998807907104,0.9999999403953552,3.6520345929602627e-06,3.5762786865234375e-06,106,1.2522449e-06,3.6719535501106293e-07,6.650128625551588e-07,5.494358674695832e-07
105264,advlogo_eps0.09_iter2,0.27272727272727276,0.24242424242424246,0.9999959,77.7094308350006,0.9999997615814209,0.9999995231628418,1.4240787095332053e-05,1.7285346984863281e-06,928,1.047165e-05,4.243279363436159e-06,4.097288638149621e-06,4.491047093324596e-06
25393,advlogo_eps0.09_iter5,0.2272727272727273,0.18181818181818182,0.99992627,70.33975845471674,0.9999904036521912,0.9999968409538269,0.0004778471775352955,0.00013315677642822266,4172,5.097413e-05,2.306095302628819e-05,2.2207426809472963e-05,2.2331658328766935e-05
471087,advlogo_eps0.09_iter10,0.3333333333333334,0.25000000000000006,0.9999855,69.3707806122032,0.9999977946281433,0.9999988079071045,1.9967326807091013e-05,3.337860107421875e-06,7017,7.437504e-05,3.087531149503775e-05,2.5264858777518384e-05,2.7380732717574574e-05
106757,advlogo_eps0.09_iter4,0.13636363636363638,0.0,0.99998015,69.86423526027436,0.999997079372406,0.9999977946281433,8.142853766912594e-05,9.5367431640625e-06,4465,5.5172477e-05,2.388793473073747e-05,2.362262057431508e-05,2.5345738322357647e-05
183648,advlogo_eps0.09_iter11,0.25000000000000006,0.20000000000000004,0.9997144,61.669706799452335,0.9999610781669617,0.9999857544898987,0.001452443189918995,0.00010704994201660156,29660,0.00036484533,0.00016073283040896058,0.00015847344184294343,0.00016228397726081312
358525,advlogo_eps0.09_iter2,0.25000000000000006,0.20000000000000004,0.9999926,80.13262283080478,0.9999994039535522,0.9999996423721313,5.545353269553743e-05,3.4570693969726562e-06,428,5.3778535e-06,2.5474455469520763e-06,2.4384435164392926e-06,2.4103305804601405e-06
519688,advlogo_eps0.09_iter20,0.25000000000000006,0.1666666666666667,0.999583,62.120553463955595,0.9999486207962036,0.99997878074646,0.004527202807366848,0.00013065338134765625,27901,0.000339117,0.00014484893472399563,0.00014664491754956543,0.00015559574239887297
130699,advlogo_eps0.09_iter5,0.2545454545454546,0.23181818181818184,0.9999648,67.98416000979128,0.9999953508377075,0.9999951720237732,0.000130380445625633,1.5735626220703125e-05,7281,8.8659115e-05,3.94417584175244e-05,3.9271439163712785e-05,3.874473986797966e-05
405249,advlogo_eps0.09_iter1,0.16958874458874457,0.16363636363636366,0.99999976,91.46685786822495,1.0,1.0,3.459232686964242e-07,2.980232238769531e-07,31,4.2239444e-07,1.895322014888734e-07,1.8634365517300466e-07,2.1466412647441757e-07
235784,advlogo_eps0.09_iter9,0.3333333333333334,0.25000000000000006,0.9998741,67.58922113737668,0.9999822378158569,0.9999954700469971,0.0018528923392295837,0.00010347366333007812,7441,9.280439e-05,4.031242860946804e-05,4.15715912822634e-05,4.298121348256245e-05
537506,advlogo_eps0.09_iter1,0.1590909090909091,0.13636363636363638,0.9999992,88.89724228517368,1.0,1.0,1.2229329513502307e-05,5.364418029785156e-07,61,7.694387e-07,3.2623219681227056e-07,3.4833564654945803e-07,3.5740828252528445e-07
119445,advlogo_eps0.09_iter17,0.14285714285714288,0.10606060606060608,0.9997435,58.57708360610929,0.9999618530273438,0.9999808073043823,0.0007604831480421126,6.693601608276367e-05,55848,0.0007010551,0.0003078216686844826,0.00029942355467937887,0.00031035480787977576
507015,advlogo_eps0.09_iter10,0.20000000000000004,0.19480519480519484,0.9998724,62.65732802405709,0.9999801516532898,0.9999927282333374,0.00020638971182052046,3.606081008911133e-05,21745,0.00027275598,0.00012042062007822096,0.0001182964479085058,0.00012076191342202947
173830,advlogo_eps0.09_iter2,0.25000000000000006,0.20000000000000004,0.99999094,78.09139882077568,0.9999996423721313,0.9999992251396179,4.1287526983069256e-05,6.67572021484375e-06,816,9.402841e-06,3.998316060460638e-06,3.93151549360482e-06,3.876983100781217e-06
373315,advlogo_eps0.09_iter2,0.25000000000000006,0.20000000000000004,0.9999917,79.77765597945128,0.9999988079071045,0.9999997019767761,3.9871883927844465e-05,8.940696716308594e-07,622,6.7724195e-06,2.8645556540141115e-06,2.673072685865918e-06,2.3954230528033804e-06
13546,advlogo_eps0.09_iter169,0.1666666666666667,0.1090909090909091,0.99556255,48.092593040699285,0.9993733167648315,0.9996710419654846,0.0132597666233778,0.0037797093391418457,294292,0.0047229854,0.0022665681317448616,0.002129255561158061,0.0022939962800592184
67310,advlogo_eps0.09_iter3,0.20454545454545459,0.11688311688311691,0.999989,69.70189346156967,0.9999990463256836,0.9999977350234985,5.213008262217045e-05,1.2874603271484375e-05,4085,5.2565592e-05,2.3296917788684368e-05,2.3144270016928203e-05,2.3497284928453155e-05
125936,advlogo_eps0.09_iter1,0.12500000000000003,0.11111111111111113,0.9999995,87.65841089718546,0.9999999403953552,1.0,8.523180667907582e-07,3.5762786865234375e-07,98,1.1054675e-06,4.818183469978976e-07,4.6830959377075487e-07,3.8943824165471597e-07
128476,advlogo_eps0.09_iter33,0.07792207792207793,0.06818181818181819,0.99842244,52.65089810531084,0.9998058080673218,0.9998569488525391,0.006914807483553886,0.0008980631828308105,177778,0.0024522159,0.0011386667611077428,0.0011428998550400138,0.0011698700254783034
414034,advlogo_eps0.09_iter18,0.12500000000000003,0.11111111111111113,0.9995,59.54667320951663,0.9999353289604187,0.9999687075614929,0.0046828025951981544,0.00026541948318481445,37699,0.0005102554,0.00023768196115270257,0.00023714358394499868,0.00024139549350365996
99182,advlogo_eps0.09_iter14,0.3333333333333334,0.25000000000000006,0.99953085,60.80766417001616,0.9999508857727051,0.9999769330024719,0.0025891391560435295,4.315376281738281e-05,40921,0.0004751682,0.00019615681958384812,0.0001906487304950133,0.00020248138753231615
351823,advlogo_eps0.09_iter2,0.25000000000000006,0.20000000000000004,0.99998754,77.72227836259353,0.9999984502792358,0.9999998211860657,7.33218330424279e-05,8.344650268554688e-07,740,9.271625e-06,4.315972546464764e-06,4.189932951703668e-06,4.156467184657231e-06
65736,advlogo_eps0.09_iter25,0.1666666666666667,0.14285714285714288,0.9994209,61.21265779049654,0.9999276995658875,0.9999586939811707,0.009535368531942368,0.00021660327911376953,30369,0.00038562156,0.00017449658480472863,0.00017375327297486365,0.00017668073996901512
1000,advlogo_eps0.09_iter12,0.14285714285714288,0.13889982071800253,0.9995486,58.08786310181631,0.9999474287033081,0.9999571442604065,0.0015616193413734436,0.0002213120460510254,56314,0.0007461252,0.0003402987204026431,0.00034027884248644114,0.0003541301121003926
559543,advlogo_eps0.09_iter25,0.09090909090909093,0.03703703703703703,0.99907845,58.07563115399561,0.9998855590820312,0.999940037727356,0.008299236185848713,0.0012935400009155273,58104,0.000754851,0.00033772754250094295,0.00033289974089711905,0.00034849386429414153
185890,advlogo_eps0.09_iter32,0.07878787878787878,0.07575757575757576,0.9984686,53.21046477898014,0.9997991323471069,0.9998975992202759,0.0069435834884643555,0.0018875598907470703,130483,0.0018543379,0.000848437543027103,0.000843029236420989,0.0008699020254425704
129492,advlogo_eps0.09_iter14,0.0606060606060606,0.05194805194805195,0.9994948,58.72342413815233,0.9999348521232605,0.9999549388885498,0.002432991750538349,0.0002834200859069824,46050,0.0006153241,0.00027919281274080276,0.00027863451396115124,0.00028192694298923016
410510,advlogo_eps0.09_iter7,0.20000000000000004,0.1666666666666667,0.99988097,68.7042639218813,0.9999833106994629,0.9999954104423523,0.0008509285980835557,9.799003601074219e-05,4843,6.504002e-05,3.104851202806458e-05,3.038659633602947e-05,3.122812995570712e-05
39951,advlogo_eps0.09_iter7,0.10606060606060608,0.07272727272727272,0.99986523,64.84691846334377,0.9999858736991882,0.9999865889549255,0.0006212788284756243,3.981590270996094e-05,9784,0.00013737091,6.431720976252109e-05,6.347928865579888e-05,6.480517913587391e-05
306700,advlogo_eps0.09_iter15,0.12500000000000003,0.11111111111111113,0.99961567,59.9515018977176,0.9999525547027588,0.9999682307243347,0.0017071743495762348,0.0002981424331665039,37830,0.0004946679,0.00022864335915073752,0.00022590841399505734,0.00023285883071366698
544565,advlogo_eps0.09_iter1,0.1666666666666667,0.0,0.9999985,85.22350369687061,0.9999999403953552,0.9999998807907104,1.0364716217736714e-05,7.748603820800781e-07,123,1.6410247e-06,8.20497064069059e-07,7.723831458861241e-07,7.419652661155851e-07
334309,advlogo_eps0.09_iter4,0.16883116883116886,0.14772727272727276,0.9999607,68.80628338430019,0.9999960660934448,0.9999979138374329,0.00015025967149995267,3.224611282348633e-05,5521,7.007014e-05,3.1039784516906366e-05,3.2017014746088535e-05,3.298517185612582e-05
413552,advlogo_eps0.09_iter21,0.18181818181818185,0.09090909090909093,0.99949056,60.63869859211647,0.9999384880065918,0.9999709129333496,0.005002015270292759,0.0003113746643066406,34137,0.00043757315,0.0001951667363755405,0.00019708700710907578,0.00020294092246331275
17379,advlogo_eps0.09_iter7,0.13636363636363638,0.1090909090909091,0.99990654,68.47718631236225,0.9999879598617554,0.9999958872795105,0.00038879946805536747,0.0002097487449645996,5716,7.41958e-05,3.439306965447031e-05,3.511002432787791e-05,3.510082024149597e-05
89556,advlogo_eps0.09_iter1,0.2115702479338843,0.2046280991735537,0.9999997,85.31493432676851,0.9999998807907104,0.9999998807907104,3.353431338837254e-06,5.960464477539062e-07,179,1.9537579e-06,8.104897801786137e-07,8.111289275802847e-07,6.576804025826277e-07
86220,advlogo_eps0.09_iter1,0.7121212121212122,0.6363636363636365,0.9999983,79.66047692926286,0.9999995231628418,1.0,5.938450158282649e-06,5.960464477539062e-07,325,4.652749e-06,2.1276853203744395e-06,2.2922197331354255e-06,2.1255461888358695e-06
508602,advlogo_eps0.09_iter3,0.3333333333333334,0.25000000000000006,0.99998266,73.53313016331222,0.9999980330467224,0.9999994039535522,6.762670818716288e-05,1.4185905456542969e-05,2117,2.5364709e-05,1.1069754691561684e-05,1.130284999817377e-05,1.0815657333296258e-05
10363,advlogo_eps0.09_iter2,0.1666666666666667,0.14285714285714288,0.9999921,78.71961887139128,0.999998927116394,0.9999997615814209,3.716969513334334e-05,7.748603820800781e-06,673,7.866975e-06,3.4743941341730533e-06,3.3003275348164607e-06,3.2710563573346008e-06
17178,advlogo_eps0.09_iter9,0.3333333333333334,0.25000000000000006,0.99987084,61.981450419011146,0.9999822378158569,0.9999834895133972,0.0003616469621192664,0.00026541948318481445,24117,0.00031176774,0.00013874178694095463,0.00013959340867586434,0.00014094267680775374
507975,advlogo_eps0.09_iter1,0.48106060606060613,0.3896103896103897,0.9999992,87.29375916956648,1.0,1.0,1.7832319372246275e-06,5.364418029785156e-07,87,1.0926709e-06,5.2995534360889e-07,5.226127655078017e-07,4.1496710423416516e-07
314177,advlogo_eps0.09_iter2,0.20000000000000004,0.14285714285714288,0.99998885,78.28843030104497,0.9999988079071045,0.999999463558197,5.301483906805515e-05,1.4424324035644531e-05,678,8.337709e-06,3.7752674870716874e-06,3.964891675423132e-06,3.4636886994121596e-06
313182,advlogo_eps0.09_iter2,0.516883116883117,0.5060606060606062,0.9999933,75.9635159231234,0.9999992251396179,0.9999992251396179,4.492412699619308e-05,3.0994415283203125e-06,1370,1.552082e-05,6.251365903153783e-06,6.084234883019235e-06,6.745473910996225e-06
538364,advlogo_eps0.09_iter3,0.3246753246753248,0.3116883116883118,0.9999904,70.41864466139606,0.9999988079071045,0.9999987483024597,4.8951696953736246e-05,3.159046173095703e-06,2766,3.8054255e-05,1.6864411009009928e-05,1.7375645256834105e-05,1.7315358491032384e-05
149406,advlogo_eps0.09_iter11,1.0000000000000002,0.5000000000000001,0.9997614,63.067567727435396,0.999971866607666,0.9999880790710449,0.0009542618645355105,2.765655517578125e-05,17994,0.00023721105,0.00010874267900362611,0.00010853244020836428,0.00011062732664868236
180383,advlogo_eps0.09_iter11,0.07142857142857144,0.055555555555555566,0.99974495,62.96578083539132,0.9999686479568481,0.9999855160713196,0.0012159196194261312,5.829334259033203e-05,21392,0.0002705777,0.0001242354337591678,0.00012456937110982835,0.00012357211380731314
449996,advlogo_eps0.09_iter1,0.2363636363636364,0.14393939393939395,0.9999892,82.43595236713799,0.999998927116394,1.0,0.00019037802121602,9.894371032714844e-06,234,3.0828628e-06,1.431956320629979e-06,1.4640120298281545e-06,1.4742452094651526e-06
103548,advlogo_eps0.09_iter1,0.3333333333333334,0.25000000000000006,0.9999997,89.2029104388377,1.0,1.0,3.013991261013871e-07,3.5762786865234375e-07,70,8.007735e-07,3.0883563795214286e-07,3.084062427660683e-07,3.4140438742724655e-07
15338,advlogo_eps0.09_iter3,0.3090909090909092,0.27272727272727276,0.99998087,72.53713784569455,0.9999975562095642,0.9999994039535522,4.162287950748578e-05,2.288818359375e-05,2853,3.301086e-05,1.4049663150217384e-05,1.3627061889565084e-05,1.3846381079929415e-05
512564,advlogo_eps0.09_iter3,0.3090909090909092,0.27272727272727276,0.9999893,72.64672363322934,0.9999985694885254,0.9999992251396179,4.142353282077238e-05,1.2874603271484375e-05,3038,3.3860153e-05,1.373621398670366e-05,1.3326332918950357e-05,1.3966199730930384e-05
336658,advlogo_eps0.09_iter1,0.398989898989899,0.3068181818181819,0.9999967,83.94705647234599,0.9999997019767761,0.9999997615814209,1.4573897715308703e-05,5.960464477539062e-07,172,2.2151103e-06,1.0698501000661054e-06,1.087191321857972e-06,9.492954404777265e-07
568439,advlogo_eps0.09_iter2,0.3454545454545455,0.3406060606060607,0.99999475,74.94491261941408,0.9999995231628418,0.9999995827674866,1.2418995538610034e-05,4.827976226806641e-06,1694,1.9407664e-05,8.065793736022897e-06,7.95101368566975e-06,8.218695256800856e-06
372317,advlogo_eps0.09_iter4,0.3333333333333334,0.25000000000000006,0.9999738,72.42360243386896,0.999996542930603,0.9999992847442627,8.481388067593798e-05,1.0609626770019531e-05,2282,2.9284172e-05,1.3281823157740291e-05,1.3372215107665397e-05,1.3558301361626945e-05
476704,advlogo_eps0.09_iter2,0.5324675324675325,0.4602272727272728,0.99999213,77.53958951291006,0.9999994039535522,0.9999995231628418,0.00021004544396419078,6.4373016357421875e-06,842,1.0103902e-05,4.233441359247081e-06,4.379457550385268e-06,4.618692400981672e-06
260266,advlogo_eps0.09_iter8,0.5000000000000001,0.3636363636363637,0.9999263,67.55472869524374,0.9999899864196777,0.9999903440475464,0.0003366224991623312,1.2874603271484375e-05,7304,9.221012e-05,4.072824594913982e-05,4.1858591430354863e-05,4.2235988075844944e-05
106048,advlogo_eps0.09_iter14,0.3333333333333334,0.0,0.99959064,62.27626944863735,0.9999480247497559,0.9999806880950928,0.0028986786492168903,9.703636169433594e-05,26337,0.00032277615,0.00014019683294463903,0.00014273315900936723,0.00014470817404799163
177893,advlogo_eps0.09_iter1,0.7000000000000002,0.6363636363636365,0.9999961,79.54637880207184,0.9999997019767761,0.9999995231628418,1.6529314962099306e-05,9.5367431640625e-07,494,6.039017e-06,2.625879460538272e-06,2.5857245873339707e-06,2.719260237427079e-06
315450,advlogo_eps0.09_iter1,0.47159090909090917,0.4522727272727273,0.99999857,84.90941767074483,0.9999999403953552,1.0,4.974524927092716e-06,4.172325134277344e-07,154,1.8976975e-06,8.78898845257936e-07,8.730856393412978e-07,7.75633111516072e-07
171050,advlogo_eps0.09_iter4,0.5000000000000001,0.3333333333333334,0.99996513,73.0706539446573,0.9999961853027344,0.9999973177909851,0.00014675351849291474,7.271766662597656e-06,2426,2.8591494e-05,1.2152756426075939e-05,1.1700998584274203e-05,1.2834322660637554e-05
243867,advlogo_eps0.09_iter1,0.2575757575757576,0.22077922077922082,0.9999955,82.47424507475307,0.999999463558197,0.9999997019767761,1.9088027329416946e-05,2.4020671844482422e-05,277,3.324672e-06,1.4109135690887342e-06,1.4399790870811557e-06,1.5015917824712233e-06
263594,advlogo_eps0.09_iter1,0.17897727272727276,0.1563636363636364,0.999999,86.284043775335,0.9999995231628418,0.9999999403953552,4.676282060245285e-06,3.5762786865234375e-07,123,1.4652842e-06,6.69889686832903e-07,6.432335339923156e-07,5.47349088719784e-07
147725,advlogo_eps0.09_iter7,0.5,0.3636363636363637,0.99990755,66.15678591425029,0.9999890327453613,0.9999930262565613,0.0003005925100296736,1.9669532775878906e-05,10434,0.00012865382,5.614139081444591e-05,5.622689059237018e-05,5.620909360004589e-05
88432,advlogo_eps0.09_iter2,0.47272727272727283,0.39393939393939403,0.9999979,74.15564675970109,0.9999997019767761,0.9999998211860657,6.2812382566335145e-06,7.152557373046875e-07,1512,1.943303e-05,8.612994861323386e-06,8.79424624145031e-06,8.838981557346415e-06
138979,advlogo_eps0.09_iter2,0.4000000000000001,0.3333333333333334,0.9999818,76.38216002054742,0.9999975562095642,0.9999998211860657,0.00012049135693814605,5.125999450683594e-06,1030,1.2741192e-05,5.830491318192799e-06,5.7346564972249325e-06,5.6586145547044e-06
100283,advlogo_eps0.09_iter5,0.10454545454545454,0.07474747474747474,0.99996114,69.79265693399894,0.9999951124191284,0.9999948143959045,0.00012151513510616496,2.1755695343017578e-05,4297,5.513208e-05,2.583034620329272e-05,2.5618503059376962e-05,2.5271090635214932e-05
563653,advlogo_eps0.09_iter3,0.3847402597402598,0.32629870129870137,0.99999064,69.67861072985943,0.9999989867210388,0.9999983906745911,3.037483293155674e-05,2.205371856689453e-06,3583,4.841057e-05,2.1916608602623455e-05,2.1955720512778498e-05,2.257374580949545e-05
345361,advlogo_eps0.09_iter3,0.0202020202020202,0.01818181818181818,0.99997044,70.90451114459759,0.9999967813491821,0.9999942779541016,8.829360012896359e-05,1.6689300537109375e-05,3331,4.221571e-05,1.865993908722885e-05,1.9325501853018068e-05,1.909258025989402e-05
73702,advlogo_eps0.09_iter1,0.22077922077922082,0.17171717171717177,0.99999857,87.8529082872288,0.9999998807907104,0.9999999403953552,4.698368229583139e-06,1.1920928955078125e-06,74,9.62144e-07,4.2228398910992837e-07,4.9131182322526e-07,4.068810142143775e-07
86483,advlogo_eps0.09_iter3,0.4242424242424243,0.31818181818181823,0.9999899,71.01775724362965,0.9999988079071045,0.9999988079071045,3.8780148315709084e-05,1.6689300537109375e-06,2514,3.4587618e-05,1.610964500287082e-05,1.589918065292295e-05,1.605092256795615e-05
521141,advlogo_eps0.09_iter35,0.44628099173553726,0.41666666666666674,0.99899715,54.244514308757424,0.99986332654953,0.9999022483825684,0.004377726465463638,0.0005920529365539551,122867,0.0016280328,0.0006863141898065805,0.0006953765987418592,0.0007570835878141224
61268,advlogo_eps0.09_iter1,0.25000000000000006,0.20000000000000004,0.9999946,82.80356355661651,0.9999985694885254,0.9999998211860657,0.00012030905782012269,1.7881393432617188e-06,226,2.8773218e-06,1.3239338159110048e-06,1.4665494063592632e-06,1.1797078514064196e-06
393093,advlogo_eps0.09_iter7,0.2545454545454546,0.25000000000000006,0.9998641,64.15423762252509,0.9999837875366211,0.9999934434890747,0.0005782943917438388,0.0001232624053955078,16508,0.00020323659,8.910319593269378e-05,8.586791227571666e-05,8.963170694187284e-05
126592,advlogo_eps0.09_iter1,0.1272727272727273,0.10606060606060608,0.9999977,81.79105910608656,1.0000001192092896,0.9999996423721313,9.002398655866273e-06,6.556510925292969e-07,272,3.5387327e-06,1.5979818499545217e-06,1.6148069335031323e-06,1.7367425471093156e-06
133567,advlogo_eps0.09_iter8,1.0000000000000002,0.6666666666666669,0.999851,65.96523409569866,0.9999811053276062,0.9999957084655762,0.0020289092790335417,4.7087669372558594e-05,10779,0.00013374453,5.663337287842296e-05,5.652341860695742e-05,6.356120138661936e-05
521052,advlogo_eps0.09_iter15,0.25000000000000006,0.0,0.99967676,58.320065480453465,0.999957263469696,0.9999633431434631,0.0008085742592811584,0.0006302595138549805,49102,0.00064619054,0.00028115787426941097,0.0002722899371292442,0.0002891880867537111
415990,advlogo_eps0.09_iter16,0.1090909090909091,0.09090909090909093,0.99961513,59.0976951915247,0.9999507665634155,0.999967098236084,0.00437511969357729,0.00025016069412231445,52543,0.00065228605,0.00028513045981526375,0.0002851833123713732,0.0002878490195143968
460147,advlogo_eps0.09_iter3,0.14112391368030466,0.12962275819418678,0.99999017,71.84142968598776,0.9999988079071045,0.9999992847442627,3.092772021773271e-05,5.781650543212891e-06,3258,3.8061644e-05,1.6254542060778476e-05,1.5651105059077963e-05,1.6061359929153696e-05
190140,advlogo_eps0.09_iter1,0.38636363636363646,0.3090909090909092,0.99999446,82.30463594667793,0.9999992251396179,0.9999998211860657,6.412357470253482e-05,8.344650268554688e-07,262,3.2531627e-06,1.527395056655223e-06,1.4355772464114125e-06,1.4245492820919026e-06
267191,advlogo_eps0.09_iter3,0.3333333333333334,0.25000000000000006,0.9999872,75.73774305908452,0.9999982714653015,0.999999463558197,4.20836586272344e-05,3.337860107421875e-06,1290,1.5461146e-05,6.8801414272456896e-06,7.137246484489879e-06,6.379669684974942e-06
456015,advlogo_eps0.09_iter5,0.20000000000000004,0.1666666666666667,0.99996185,70.24787241884438,0.999995231628418,0.9999967813491821,0.0001718257844913751,2.491474151611328e-05,4502,5.38506e-05,2.3509048332925886e-05,2.323916123714298e-05,2.3573295038659126e-05
547886,advlogo_eps0.09_iter2,0.3333333333333334,0.24242424242424246,0.9999929,81.46686537921036,0.9999988079071045,0.9999998807907104,8.475544746033847e-05,1.9669532775878906e-06,357,4.2269025e-06,1.9688857264554827e-06,1.7275336858801893e-06,1.7703266621538205e-06
69356,advlogo_eps0.09_iter71,0.11688311688311691,0.10303030303030304,0.99761295,46.98333851789994,0.9996563792228699,0.99969881772995,0.006500124931335449,0.0006897449493408203,310182,0.005528981,0.0026773579884320498,0.0026337099261581898,0.002707400359213352
162415,advlogo_eps0.09_iter1,0.3333333333333334,0.25000000000000006,0.99999785,86.28403709840391,0.9999997615814209,0.9999997615814209,1.4544606528943405e-05,6.020069122314453e-06,132,1.4990276e-06,5.77852347305452e-07,6.730516020070354e-07,5.857509108864178e-07
274708,advlogo_eps0.09_iter22,0.05194805194805195,0.045454545454545456,0.9995919,63.52053481752132,0.9999504089355469,0.9999774098396301,0.005914687179028988,0.0003921389579772949,19790,0.0002406103,0.00010260994895361364,0.00010550204024184495,0.00010109991853823885
377113,advlogo_eps0.09_iter5,0.09090909090909091,0.06060606060606061,0.9999426,66.8901716943664,0.9999932050704956,0.9999943971633911,0.0001672132930252701,2.3484230041503906e-05,8361,0.00010561091,4.7140201786533e-05,4.806788274436258e-05,4.673790681408718e-05
430377,advlogo_eps0.09_iter34,0.1666666666666667,0.14285714285714288,0.9992078,58.8641432853267,0.9998974800109863,0.9999557137489319,0.00350430840626359,0.0002492070198059082,58658,0.0007115054,0.0003083017945755273,0.0003061553288716823,0.00031475647119805217
512776,advlogo_eps0.09_iter17,0.3333333333333334,0.27272727272727276,0.99940294,60.54686690656453,0.9999313354492188,0.9999565482139587,0.004921464249491692,0.001039266586303711,35337,0.00045037133,0.00019978104683104903,0.00020122621208429337,0.00021172726701479405
95155,advlogo_eps0.09_iter10,0.3333333333333334,0.25000000000000006,0.99986696,64.85122740001032,0.9999815821647644,0.9999892711639404,0.00030833762139081955,5.2988529205322266e-05,16457,0.00019213444,8.262852497864515e-05,8.031124889384955e-05,8.153702947311103e-05
184978,advlogo_eps0.09_iter13,0.3333333333333334,0.25000000000000006,0.9997571,63.713252062839736,0.9999679923057556,0.9999932646751404,0.001379914814606309,0.00013500452041625977,17641,0.0002194099,9.494099504081532e-05,9.508750372333452e-05,9.722875256557018e-05
199055,advlogo_eps0.09_iter2,0.3333333333333334,0.25000000000000006,0.99999374,79.285107978764,0.9999994039535522,0.9999997615814209,1.8941213056677952e-05,1.0192394256591797e-05,601,7.027847e-06,3.129232709397911e-06,3.0710018563695485e-06,2.8074366582586663e-06
431848,advlogo_eps0.09_iter8,0.18181818181818185,0.13636363636363638,0.9999399,71.69043260177662,0.9999953508377075,0.9999979734420776,0.00010752626258181408,7.331371307373047e-06,4211,4.4492328e-05,1.6740337741794065e-05,1.4748915418749675e-05,1.7783908333512954e-05
128699,advlogo_eps0.09_iter5,0.23030303030303026,0.2237762237762238,0.9999409,69.917237984062,0.9999925494194031,0.9999977946281433,0.000978383352048695,1.0907649993896484e-05,4567,5.6009507e-05,2.4640390620334074e-05,2.4586222934885882e-05,2.530887104512658e-05
176799,advlogo_eps0.09_iter11,0.15909090909090912,0.10606060606060608,0.9997881,60.681662548971104,0.9999725818634033,0.9999916553497314,0.0006998947355896235,8.285045623779297e-05,24054,0.00034060844,0.00015330413589254022,0.00015355391951743513,0.00015911688387859613
424521,advlogo_eps0.09_iter20,0.20000000000000004,0.08333333333333331,0.9996416,59.89877313319914,0.9999586939811707,0.9999836683273315,0.0025225142017006874,5.066394805908203e-05,44310,0.0005426072,0.00023126044834498316,0.00022899918258190155,0.00023782486096024513
73946,advlogo_eps0.09_iter35,0.09090909090909091,0.030303030303030304,0.9978142,53.66094000209995,0.999717116355896,0.9997811913490295,0.01733965240418911,0.001210927963256836,137263,0.0019059036,0.000905052584130317,0.0008665365166962147,0.0009352996712550521
230819,advlogo_eps0.09_iter17,0.3333333333333334,0.0,0.9997727,61.79237130975582,0.9999694228172302,0.9999853372573853,0.0008128912886604667,0.00011783838272094727,28330,0.00035377793,0.00015789116150699556,0.00015736589557491243,0.00016121624503284693
82715,advlogo_eps0.09_iter6,0.3333333333333334,0.0,0.9999711,68.22548636469509,0.9999955892562866,0.9999974370002747,5.560935824178159e-05,2.5510787963867188e-05,7654,8.892897e-05,3.823090446530841e-05,3.705627386807464e-05,3.724489579326473e-05
497344,advlogo_eps0.09_iter6,0.14285714285714288,0.12500000000000003,0.99994093,71.70811510115944,0.9999922513961792,0.9999966621398926,0.0004927581758238375,5.614757537841797e-05,3242,3.888131e-05,1.7283486158703454e-05,1.7252128600375727e-05,1.671709105721675e-05
361147,advlogo_eps0.09_iter1,0.20454545454545459,0.16363636363636366,0.9999995,86.59523129235001,1.0,0.9999998807907104,9.985163842429756e-07,3.5762786865234375e-07,94,1.2162944e-06,5.580277502303943e-07,6.14084342487331e-07,5.201449084779597e-07
343706,advlogo_eps0.09_iter8,0.3333333333333334,0.25000000000000006,0.9999118,65.34851729618798,0.9999899864196777,0.9999935626983643,0.0004387748194858432,3.528594970703125e-05,14760,0.00017145021,7.00141754350625e-05,7.12753608240746e-05,7.478482439182699e-05
199395,advlogo_eps0.09_iter1,0.12662337662337664,0.12337662337662339,0.99999714,86.52141322404431,0.9999992847442627,0.999999463558197,1.7666536223259754e-05,1.1920928955078125e-07,90,1.1986912e-06,5.394976483330538e-07,5.690495186172484e-07,5.650698540193844e-07
514797,advlogo_eps0.09_iter3,0.25000000000000006,0.20000000000000004,0.9999811,76.15880800351191,0.999997079372406,0.9999988079071045,4.997117503080517e-05,1.4901161193847656e-06,1156,1.3945303e-05,6.170279903017217e-06,6.3079019128053915e-06,6.00964858676889e-06
514586,advlogo_eps0.09_iter5,0.17272727272727276,0.14393939393939395,0.99995726,67.37554692962928,0.9999954104423523,0.9999943375587463,0.00021161024051252753,7.927417755126953e-06,7423,9.596683e-05,4.46331687271595e-05,4.45591940660961e-05,4.555318082566373e-05
279774,advlogo_eps0.09_iter12,0.13636363636363638,0.1246753246753247,0.99973845,60.35023383353001,0.9999648928642273,0.9999752044677734,0.0009488628711551428,0.00011551380157470703,31413,0.00042499485,0.0001967495190910995,0.00019865608192048967,0.00019693093781825155
474078,advlogo_eps0.09_iter122,0.14545454545454548,0.13636363636363638,0.9988062,49.88804872150346,0.9997719526290894,0.9998138546943665,0.0025289449840784073,0.0006464719772338867,242391,0.003660585,0.0017240294255316257,0.00172313186340034,0.0017446903511881828
872,advlogo_eps0.09_iter1,0.1090909090909091,0.09090909090909093,0.9999998,84.34214230588796,1.000000238418579,1.0,9.61081127570651e-07,1.3113021850585938e-06,206,2.3350285e-06,9.286613362746721e-07,9.673688055045204e-07,9.665729976404691e-07
280930,advlogo_eps0.09_iter1,0.14285714285714288,0.12500000000000003,0.99999666,83.93358914036155,0.9999996423721313,0.9999998211860657,1.4812960216659121e-05,4.76837158203125e-07,166,2.1802969e-06,1.173615487459756e-06,1.0443048950037337e-06,9.090391586141777e-07
384136,advlogo_eps0.09_iter33,0.20000000000000004,0.14285714285714288,0.99943084,60.91757862287231,0.9999274015426636,0.9999729990959167,0.003364256117492914,7.236003875732422e-05,28883,0.00038687355,0.0001830372348194942,0.00018035637913271785,0.00018214619194623083
173057,advlogo_eps0.09_iter3,0.10815850815850815,0.0995670995670996,0.9999807,72.1245407714466,0.9999983310699463,0.9999982118606567,0.0001385384239256382,5.781650543212891e-06,2951,3.5149456e-05,1.4621709851780906e-05,1.5474033716600388e-05,1.5479028661502525e-05
475572,advlogo_eps0.09_iter1,0.12500000000000003,0.034090909090909095,0.999996,84.19687838909886,0.9999995231628418,0.9999999403953552,3.808646579273045e-05,1.6093254089355469e-06,183,2.215729e-06,9.755557357493672e-07,1.031944293572451e-06,9.259417765861144e-07
228214,advlogo_eps0.09_iter1,0.04545454545454545,0.03896103896103896,0.9999984,84.63228671272563,0.9999966621398926,0.9999997615814209,1.5665396858821623e-05,1.1920928955078125e-06,147,1.9023724e-06,9.029491252476873e-07,8.590834568167338e-07,9.164536436401249e-07
183709,advlogo_eps0.09_iter2,0.590909090909091,0.5454545454545455,0.9999935,74.69431928372242,1.000000238418579,0.999999463558197,2.2172778699314222e-05,5.602836608886719e-06,1280,1.6666594e-05,7.256793196575018e-06,7.37286336516263e-06,7.416254902636865e-06
57672,advlogo_eps0.09_iter1,0.669978354978355,0.6673792873792875,0.9999986,85.97210165616326,0.9999997615814209,1.0,3.631117124314187e-06,4.76837158203125e-07,118,1.4649116e-06,7.004510393926466e-07,6.819631153121009e-07,5.860422902514983e-07
138639,advlogo_eps0.09_iter1,0.48334194214876036,0.47396694214876045,0.9999995,82.94035775610811,1.0,0.9999998807907104,1.5171690392890014e-06,3.5762786865234375e-07,262,3.0626582e-06,1.3634937658935087e-06,1.2338030046521453e-06,1.2275006611162098e-06
139099,advlogo_eps0.09_iter2,0.16942148760330583,0.1635472370766489,0.99999315,75.21446577669576,0.9999990463256836,0.999999463558197,1.7466638382757083e-05,1.4424324035644531e-05,1312,1.63082e-05,7.086121968313819e-06,7.383458978438284e-06,7.4032723205164075e-06
467511,advlogo_eps0.09_iter5,0.5757575757575758,0.5151515151515152,0.9999288,67.48472770674209,0.9999930262565613,0.9999943971633911,0.000231766069191508,1.5676021575927734e-05,8090,9.7938726e-05,4.2576557461870834e-05,4.1543262341292575e-05,4.28839739470277e-05
291791,advlogo_eps0.09_iter1,0.40909090909090917,0.4000000000000001,0.9999983,82.34175295514785,0.9999992251396179,0.9999999403953552,3.7075283216836397e-06,8.940696716308594e-07,280,3.3723693e-06,1.4416972362596425e-06,1.5291079762391746e-06,1.41748535043007e-06
343934,advlogo_eps0.09_iter9,1.0000000000000002,0.5000000000000001,0.9998309,61.903918240466595,0.9999809265136719,0.9999889135360718,0.00042437983211129904,0.00025641918182373047,24561,0.00031886596,0.00014597421977669,0.0001432560384273529,0.00014683749759569764
273551,advlogo_eps0.09_iter2,0.5000000000000001,0.3333333333333334,0.99999356,77.08047159403914,0.9999992251396179,0.9999994039535522,1.72229265444912e-05,2.682209014892578e-06,992,1.16152405e-05,4.885838734480785e-06,5.043932560511166e-06,4.969639576302143e-06
513580,advlogo_eps0.09_iter7,0.7500000000000002,0.6000000000000002,0.99989074,67.31273935610506,0.9999874830245972,0.9999942183494568,0.0021870285272598267,7.206201553344727e-05,7648,9.787073e-05,4.50419720436912e-05,4.469641135074198e-05,4.566583811538294e-05
213816,advlogo_eps0.09_iter9,0.3333333333333334,0.25000000000000006,0.99984103,66.01618400424401,0.9999805688858032,0.9999932050704956,0.0011701780604198575,6.103515625e-05,10200,0.00013091533,6.11217474215664e-05,5.972051076241769e-05,6.106043292675167e-05
101787,advlogo_eps0.09_iter12,1.0000000000000002,0.3333333333333334,0.9998872,68.408075398234,0.9999830722808838,0.9999925494194031,0.0005698938621208072,2.014636993408203e-05,6600,8.077061e-05,3.6061228456674144e-05,3.641061266534962e-05,3.600975833251141e-05
221754,advlogo_eps0.09_iter3,0.38636363636363635,0.3636363636363636,0.9999849,71.20806384456013,0.9999979734420776,0.9999983906745911,6.25248285359703e-05,2.1576881408691406e-05,3552,4.216867e-05,1.8217935576103628e-05,1.7432324966648594e-05,1.7807133190217428e-05
522751,advlogo_eps0.09_iter1,0.31818181818181823,0.27272727272727276,0.9999978,85.16954941210196,0.9999999403953552,0.9999998807907104,1.7438753275200725e-05,9.5367431640625e-07,138,1.7582043e-06,8.690356594343029e-07,7.807477118149109e-07,7.496076932511642e-07
503841,advlogo_eps0.09_iter3,0.5000000000000001,0.3333333333333334,0.99998003,74.4909037567093,0.9999978542327881,0.9999982714653015,6.996309821261093e-05,6.794929504394531e-06,1673,2.010298e-05,8.473240086459555e-06,8.959144906839356e-06,8.817804882710334e-06
274272,advlogo_eps0.09_iter8,0.3787878787878789,0.3246753246753248,0.9998708,64.8308494361606,0.9999820590019226,0.9999932646751404,0.00040651450399309397,0.0001774430274963379,13624,0.00017191582,7.853429997339845e-05,7.603882113471627e-05,7.830003596609458e-05
127092,advlogo_eps0.09_iter1,0.4285714285714287,0.3750000000000001,0.9999981,87.69022750996794,0.9999998807907104,0.9999999403953552,8.890532626537606e-06,4.76837158203125e-07,88,1.0426462e-06,3.921549023289117e-07,4.86782482767012e-07,4.2511135234235553e-07
507797,advlogo_eps0.09_iter1,0.2477272727272728,0.21113172541743971,0.99999934,82.8034718647695,0.9999996423721313,0.9999998211860657,3.388775439816527e-06,2.980232238769531e-07,254,3.056844e-06,1.3489910770658753e-06,1.3655539987666998e-06,1.2702100775641156e-06
369675,advlogo_eps0.09_iter3,0.5000000000000001,0.4707070707070708,0.9999873,71.50590431410215,0.9999988079071045,0.9999986886978149,5.148998025106266e-05,1.1324882507324219e-06,3250,3.9275248e-05,1.690368662821129e-05,1.6882704585441388e-05,1.7053427654900588e-05
151857,advlogo_eps0.09_iter6,0.5000000000000001,0.3333333333333334,0.9999719,73.86026786698147,0.9999961256980896,0.999999463558197,0.00013822229811921716,1.2934207916259766e-05,2592,2.7359572e-05,1.1942228411498945e-05,9.299771591031458e-06,9.500821761321276e-06
505638,advlogo_eps0.09_iter5,0.5151515151515152,0.3333333333333334,0.9999258,67.75813438283394,0.9999910593032837,0.9999937415122986,0.0002206512144766748,2.86102294921875e-06,6011,8.047144e-05,3.7048674130346626e-05,3.722459950949997e-05,3.805551750701852e-05
475387,advlogo_eps0.09_iter1,0.22805765662908525,0.20891608391608396,1.0,87.41192945926224,1.0,1.0,2.54808554700503e-07,3.5762786865234375e-07,114,1.245459e-06,5.159493525752623e-07,4.945009663970268e-07,4.262236643626238e-07
70254,advlogo_eps0.09_iter2,0.22222222222222227,0.20202020202020207,0.9999962,74.70233808188473,0.9999997019767761,0.9999994039535522,8.151675501721911e-06,1.5497207641601562e-06,1577,1.9072419e-05,8.167135092662647e-06,8.20721106720157e-06,8.619586878921837e-06
539143,advlogo_eps0.09_iter2,0.5000000000000001,0.3333333333333334,0.999993,77.20432626364959,0.9999990463256836,0.9999992847442627,2.4008946638787165e-05,2.7418136596679688e-06,862,1.0619802e-05,4.641735358745791e-06,4.858500233240193e-06,4.7091211854422e-06
508917,advlogo_eps0.09_iter7,0.22077922077922082,0.20454545454545459,0.99990135,63.76597410118778,0.999987781047821,0.9999916553497314,0.0003236480988562107,7.43865966796875e-05,13308,0.00018033492,8.006336429389194e-05,8.037711813813075e-05,8.30155040603131e-05
448410,advlogo_eps0.09_iter1,0.03482880755608029,0.03434343434343435,0.99999887,85.31493470522825,0.9999994039535522,0.9999998211860657,2.6586280910123605e-06,2.980232238769531e-07,146,1.7703314e-06,7.021067744972243e-07,7.763972007523989e-07,8.3434321140885e-07
316054,advlogo_eps0.09_iter5,0.34090909090909094,0.27272727272727276,0.9999456,70.32216220256691,0.9999922513961792,0.9999983310699463,0.0002767938422039151,7.349252700805664e-05,4241,5.179648e-05,2.228743687737733e-05,2.290943120897282e-05,2.342376137676183e-05
201148,advlogo_eps0.09_iter14,0.20000000000000004,0.0,0.99969465,58.502063067128766,0.9999634027481079,0.9999672174453735,0.0022518557962030172,0.00011497735977172852,43736,0.0005957289,0.00026794124278239906,0.00026906028506346047,0.00027998405857943
231169,advlogo_eps0.09_iter38,0.25000000000000006,0.20000000000000004,0.9998767,60.62719368466461,0.9999805688858032,0.9999931454658508,0.00027146661886945367,5.5789947509765625e-05,41659,0.0004828374,0.00019453886488918215,0.00017630022193770856,0.00020207367197144777
511999,advlogo_eps0.09_iter30,0.15909090909090912,0.15454545454545457,0.99833655,53.36622026531134,0.9997919797897339,0.9998496770858765,0.010719015263020992,0.0007166862487792969,141512,0.0019607237,0.000888216367457062,0.00087077816715464,0.0009344359277747571
287874,advlogo_eps0.09_iter1,0.18614718614718617,0.1628787878787879,0.9999997,81.70972731845764,0.9999997019767761,0.9999998211860657,3.799300884566037e-06,7.152557373046875e-07,290,3.6325175e-06,1.634470208955463e-06,1.5847764416321297e-06,1.545452846585249e-06
297022,advlogo_eps0.09_iter24,0.20000000000000004,0.12121212121212122,0.99968004,59.41093246265492,0.9999552965164185,0.9999818205833435,0.0018253580201417208,0.00015288591384887695,54650,0.0006394288,0.0002326950489077717,0.00025751139037311077,0.00029207352781668305
407083,advlogo_eps0.09_iter16,0.1666666666666667,0.14285714285714288,0.9996216,61.791470684923844,0.9999527931213379,0.999976396560669,0.0025190976448357105,0.0004916787147521973,30944,0.00037249608,0.00016302989388350397,0.00015976424037944525,0.0001639582624193281
212226,advlogo_eps0.09_iter14,0.5000000000000001,0.25000000000000006,0.9996336,62.85498507780363,0.9999518394470215,0.999981164932251,0.006887827999889851,0.00025969743728637695,22509,0.00028041552,0.00012847242760472,0.00012286280980333686,0.00012917822459712625
394206,advlogo_eps0.09_iter1,0.5060606060606061,0.3863636363636364,0.9999988,85.66102088071871,1.0000003576278687,1.0,4.1875982788042165e-06,7.152557373046875e-07,114,1.4991892e-06,7.362004339483974e-07,7.078253929648781e-07,6.858395522613137e-07
220858,advlogo_eps0.09_iter2,0.27651515151515155,0.2653679653679654,0.9999921,75.72350770588633,0.9999989867210388,0.9999994039535522,2.7704405511030927e-05,1.5497207641601562e-06,1347,1.5725018e-05,6.602421763091115e-06,6.5735466705518775e-06,6.808590114815161e-06
289741,advlogo_eps0.09_iter1,0.18844696969696972,0.1183838383838384,1.0000001,82.97256259455806,1.0,1.0,2.684839500943781e-06,4.76837158203125e-07,238,2.9064922e-06,1.2044987443005084e-06,1.324474851571722e-06,1.2868176781921647e-06
453166,advlogo_eps0.09_iter1,0.3333333333333334,0.25000000000000006,0.99999744,85.66102106125037,0.9999997019767761,1.0,1.4442328392760828e-05,6.9141387939453125e-06,120,1.5157894e-06,6.856888035144948e-07,6.970570893827244e-07,7.13335339241894e-07
6894,advlogo_eps0.09_iter15,0.25000000000000006,0.20000000000000004,0.99966794,60.994464380124064,0.9999520182609558,0.9999802708625793,0.001866580918431282,0.0006485581398010254,37028,0.00044321344,0.00018897431436926126,0.00018327083671465516,0.00019580626394599676
161032,advlogo_eps0.09_iter6,0.3333333333333334,0.20000000000000004,0.99993277,68.93791092619736,0.9999913573265076,0.9999946355819702,0.00027885547024197876,0.0001456737518310547,6348,7.423004e-05,3.227421984774992e-05,3.145855225739069e-05,3.059551090700552e-05
437239,advlogo_eps0.09_iter5,0.22222222222222227,0.18181818181818185,0.9999643,66.39825803019944,0.9999958872795105,0.9999951720237732,0.00014007352001499385,9.059906005859375e-06,8945,0.00011293999,5.037118535256013e-05,4.858866668655537e-05,4.8132707888726145e-05
382111,advlogo_eps0.09_iter1,0.28030303030303033,0.2402597402597403,0.9999988,85.09864766352669,0.9999998807907104,1.0,2.2948677269596374e-06,3.5762786865234375e-07,153,1.8381184e-06,7.502297876271768e-07,8.170231922122184e-07,8.373083915103052e-07
317433,advlogo_eps0.09_iter6,0.3333333333333334,0.25000000000000006,0.9999364,67.52542312323075,0.9999916553497314,0.9999969601631165,0.00018248514970764518,4.4465065002441406e-05,8707,0.00010273946,4.401267142384313e-05,4.453879955690354e-05,4.3770065531134605e-05
132408,advlogo_eps0.09_iter6,0.25000000000000006,0.20000000000000004,0.999947,65.0117821676588,0.999993085861206,0.9999933838844299,0.0001933528110384941,5.060434341430664e-05,12682,0.00015997149,7.111282320693135e-05,7.066532998578623e-05,7.027141691651195e-05
191288,advlogo_eps0.09_iter13,0.3333333333333334,0.20000000000000004,0.99975175,60.95134911227027,0.9999738931655884,0.999987006187439,0.0010993420146405697,0.00020992755889892578,32757,0.00041506244,0.0001887428225018084,0.00018548686057329178,0.00019065638480242342
260106,advlogo_eps0.09_iter1,0.14545454545454548,0.13636363636363638,0.99999887,83.10384968224733,0.9999998807907104,1.0,2.1551343252212973e-06,2.980232238769531e-07,222,2.7433462e-06,1.2763464383169776e-06,1.236158709616575e-06,1.1502096413096297e-06
100510,advlogo_eps0.09_iter3,0.25000000000000006,0.20000000000000004,0.999974,71.3719110740416,0.9999971389770508,0.9999986886978149,0.0001135600614361465,9.417533874511719e-06,3164,3.9459854e-05,1.775412238202989e-05,1.761738349159714e-05,1.7856182239484042e-05
441442,advlogo_eps0.09_iter8,0.20000000000000004,0.1666666666666667,0.9999094,64.39639669968086,0.9999882578849792,0.9999949932098389,0.0002608731738291681,2.562999725341797e-05,14458,0.00018472,8.316297316923738e-05,8.381666702916846e-05,8.459805394522846e-05
140270,advlogo_eps0.09_iter16,0.3333333333333334,0.25000000000000006,0.9996917,61.995454737727904,0.9999615550041199,0.9999856352806091,0.0011984237935394049,0.00011116266250610352,25799,0.00032739688,0.00014714206918142736,0.00014627992641180754,0.00015013366646599025
97924,advlogo_eps0.09_iter1,0.40909090909090917,0.3272727272727273,0.99999857,88.12659534351589,1.0000008344650269,0.9999998807907104,1.5205298041109927e-05,9.5367431640625e-07,91,1.0334842e-06,3.762212088531669e-07,4.5252011204865994e-07,4.147270828980254e-07
331799,advlogo_eps0.09_iter1,0.12121212121212123,0.10389610389610392,0.9999973,83.34359261061394,0.9999997019767761,0.9999999403953552,7.395392458420247e-05,4.410743713378906e-06,168,2.36204e-06,1.2124220347686787e-06,1.2255591173016e-06,1.0847530802493566e-06
326542,advlogo_eps0.09_iter9,0.3333333333333334,0.25000000000000006,0.9999116,69.48608613735699,0.9999876022338867,0.9999905228614807,0.0007801300380378962,5.841255187988281e-06,4727,5.9854035e-05,2.7329278964316472e-05,2.6893590984400362e-05,2.7855474399984814e-05
327306,advlogo_eps0.09_iter14,0.3333333333333334,0.0,0.99974746,61.82055160934509,0.9999674558639526,0.9999663233757019,0.00106791069265455,0.00029397010803222656,30287,0.0003650363,0.0001591742766322568,0.00014993528020568192,0.00016184478590730578
94944,advlogo_eps0.09_iter9,0.12500000000000003,0.07272727272727272,0.9998527,62.70762770641645,0.9999814033508301,0.9999849796295166,0.0007213496137410402,5.626678466796875e-05,22130,0.00027486324,0.00012045221228618175,0.00011767339310608804,0.00011867858120240271
151051,advlogo_eps0.09_iter12,0.20000000000000004,0.1666666666666667,0.9998779,68.08265210745243,0.9999818801879883,0.9999920129776001,0.0006205965764820576,4.470348358154297e-05,7736,9.082883e-05,3.8536458305316046e-05,3.929276863345876e-05,3.8680038414895535e-05
93717,advlogo_eps0.09_iter1,0.14545454545454548,0.12121212121212123,0.99999475,81.30974339827273,0.9999994039535522,0.9999998211860657,1.7222342648892663e-05,1.7285346984863281e-06,408,4.584112e-06,1.9788478766713524e-06,1.9409565084060887e-06,1.6672033780196216e-06
394510,advlogo_eps0.09_iter3,0.5090909090909091,0.4242424242424243,0.99997824,73.1970306875626,0.9999974966049194,0.9999977350234985,7.577889482490718e-05,1.2993812561035156e-05,2348,2.7805518e-05,1.177965896204114e-05,1.1971569620072842e-05,1.2259093637112528e-05
18193,advlogo_eps0.09_iter12,0.20000000000000004,0.1666666666666667,0.9997571,62.661739414970235,0.9999666213989258,0.9999856352806091,0.00123156001791358,0.00019598007202148438,20791,0.00026431153,0.0001168987073469907,0.00011699368042172864,0.00011778796033468097
160728,advlogo_eps0.09_iter11,0.12053571428571427,0.11042240587695133,0.9998056,61.82542881355823,0.9999709129333496,0.9999865293502808,0.003873260458931327,7.724761962890625e-05,26702,0.00033693016,0.0001474119198974222,0.00014473615738097578,0.00015526637434959412
74200,advlogo_eps0.09_iter172,0.015151515151515152,0.012987012987012988,0.992002,47.22921857461805,0.9988659620285034,0.9993959069252014,0.05005335807800293,0.003359675407409668,321756,0.0055871205,0.0027039232663810253,0.0026158709079027176,0.0027941700536757708
43435,advlogo_eps0.09_iter7,0.3333333333333334,0.20000000000000004,0.99996996,72.45601399854007,0.9999958872795105,0.9999974966049194,0.00012509463704191148,2.658367156982422e-05,2684,3.246659e-05,1.4623929928347934e-05,1.4729066606378183e-05,1.3816927094012499e-05
342128,advlogo_eps0.09_iter4,0.20075757575757577,0.07840909090909091,0.9999494,67.95080198638937,0.9999947547912598,0.9999960660934448,0.00013370870146900415,6.9141387939453125e-06,6478,8.233869e-05,3.73430157196708e-05,3.464276232989505e-05,3.878704592352733e-05
35279,advlogo_eps0.09_iter1,0.05000000000000001,0.0,0.9999992,90.04934177576774,0.9999997615814209,1.0,2.8175202260172227e-06,4.172325134277344e-07,60,6.704132e-07,2.519852557725244e-07,3.3850500358312274e-07,2.0265761691007356e-07
503755,advlogo_eps0.09_iter6,0.3333333333333334,0.25000000000000006,0.9998968,67.5109999790059,0.9999872446060181,0.9999921321868896,0.0006202841177582741,8.83340835571289e-05,7901,9.7412274e-05,4.354490738478489e-05,4.236634777043946e-05,4.5145494368625805e-05
320642,advlogo_eps0.09_iter13,0.20000000000000004,0.12121212121212123,0.99966055,62.3481911344611,0.9999575614929199,0.9999815821647644,0.0013821573229506612,0.0004845857620239258,26665,0.00032247003,0.00014393095625564456,0.00013240231783129275,0.00014251844550017267
235778,advlogo_eps0.09_iter2,0.18181818181818185,0.0,0.9999899,79.81916626064739,0.9999988079071045,0.9999996423721313,8.568485645810142e-05,1.7285346984863281e-06,445,5.686618e-06,2.7018249966204166e-06,2.6868717668548925e-06,2.5886940875352593e-06
494759,advlogo_eps0.09_iter4,0.3333333333333334,0.25000000000000006,0.99996847,74.68152314345046,0.9999956488609314,0.9999985098838806,0.0008345665410161018,6.920099258422852e-05,1560,1.917066e-05,8.608670214016456e-06,8.673237971379422e-06,8.548046025680378e-06
409542,advlogo_eps0.09_iter8,0.15757575757575762,0.1090909090909091,0.9999154,65.48626084418852,0.9999901056289673,0.9999936819076538,0.0002694032737053931,0.00012755393981933594,13836,0.00016260259,6.888507050462067e-05,6.878934073029086e-05,6.872983794892207e-05
427055,advlogo_eps0.09_iter1,0.1666666666666667,0.16098484848484854,0.99999934,80.93001863198413,0.9999998807907104,1.0,2.2549622826772975e-06,5.364418029785156e-07,435,4.9560294e-06,2.0761865471286e-06,1.9709843854798237e-06,2.05974015443644e-06
119995,advlogo_eps0.09_iter1,0.17424242424242423,0.09090909090909093,0.9999962,83.39080319552895,0.999999463558197,0.9999998211860657,7.78542016632855e-06,4.76837158203125e-07,199,2.574854e-06,1.1561170367713203e-06,1.2578983614730532e-06,1.1634073189270566e-06
369323,advlogo_eps0.09_iter5,0.10606060606060608,0.09090909090909093,0.9999307,67.91904430543627,0.9999912977218628,0.9999957084655762,0.0003468203649390489,6.437301635742188e-05,5447,7.350572e-05,3.339528484502807e-05,3.4029675589408726e-05,3.3847369195427746e-05
127270,advlogo_eps0.09_iter2,0.20000000000000004,0.1666666666666667,0.99999505,76.99800927002154,0.9999994039535522,0.9999994039535522,1.3744381249125581e-05,1.1920928955078125e-06,923,1.130765e-05,4.9917302931135055e-06,5.078348749520956e-06,5.139515451446641e-06
400922,advlogo_eps0.09_iter7,0.20000000000000004,0.0,0.99988747,68.94856537008313,0.9999843835830688,0.9999980330467224,0.0011506780283525586,1.7344951629638672e-05,5063,6.525364e-05,3.0062485166126862e-05,2.994425449287519e-05,2.9941205866634846e-05
300039,advlogo_eps0.09_iter8,0.06250000000000001,0.027777777777777783,0.99980575,66.94120290467654,0.9999780058860779,0.9999900460243225,0.0014554260997101665,0.00018459558486938477,9764,0.00011589981,4.7406985686393455e-05,4.8251953558065e-05,5.3648142056772485e-05
168337,advlogo_eps0.09_iter18,0.25000000000000006,0.18181818181818185,0.99952,59.437540489565535,0.99993896484375,0.999963641166687,0.002242333721369505,0.0004898309707641602,42520,0.0005528641,0.0002485634759068489,0.0002471186453476548,0.0002532092039473355
54654,advlogo_eps0.09_iter8,0.14285714285714288,0.12500000000000003,0.9997738,64.43969149843497,0.9999737739562988,0.9999837875366211,0.0027094290126115084,0.0002739429473876953,14010,0.00018129405,8.345794776687399e-05,8.297735621454194e-05,8.402893581660464e-05
152771,advlogo_eps0.09_iter7,0.4545454545454546,0.34090909090909094,0.9999202,64.78807916840638,0.9999897480010986,0.9999939799308777,0.00027190218679606915,5.060434341430664e-05,14701,0.00017997444,7.895756425568834e-05,7.859081961214542e-05,7.733412348898128e-05
309391,advlogo_eps0.09_iter3,0.6304112554112555,0.6080808080808081,0.9999945,71.97296622074808,0.9999992251396179,0.9999997615814209,1.320320188824553e-05,2.5033950805664062e-05,3163,3.709953e-05,1.5809455362614244e-05,1.577015791554004e-05,1.59130049723899e-05
480944,advlogo_eps0.09_iter3,0.4375757575757577,0.4072727272727274,0.9999895,71.04809451230976,0.9999985694885254,0.9999992251396179,3.257808930356987e-05,5.364418029785156e-06,3243,4.054307e-05,1.780018283170648e-05,1.7443084288970567e-05,1.8166056179325096e-05
502599,advlogo_eps0.09_iter5,0.18181818181818182,0.12121212121212122,0.99993354,68.59828822685724,0.9999930262565613,0.9999956488609314,0.0006507869111374021,3.123283386230469e-05,7074,8.1582555e-05,3.5799264878733084e-05,3.246361666242592e-05,3.3775180781958625e-05
224119,advlogo_eps0.09_iter1,0.13636363636363635,0.06818181818181818,0.99999857,86.49708382326862,0.9999997615814209,1.0,4.593927314999746e-06,1.6689300537109375e-06,134,1.4627142e-06,5.306405341798381e-07,5.40329438081244e-07,6.561527925441624e-07
537964,advlogo_eps0.09_iter18,1.0000000000000002,0.5000000000000001,0.9998851,58.60809719152943,0.9999821186065674,0.9999908208847046,0.00032373773865401745,0.0003058910369873047,57125,0.0007148187,0.0003199592465534806,0.00031003967160359025,0.00031018126173876226
542423,advlogo_eps0.09_iter2,0.017045454545454544,0.01515151515151515,0.99999446,77.23584499528917,0.9999990463256836,0.9999991059303284,1.484667882323265e-05,2.1457672119140625e-06,953,1.1202961e-05,4.790273123944644e-06,4.876455477642594e-06,4.770746272697579e-06
344909,advlogo_eps0.09_iter1,0.21212121212121215,0.1818181818181818,0.99999857,81.8323062332489,0.9999998807907104,1.0,4.653074029192794e-06,3.5762786865234375e-07,268,3.453145e-06,1.6171345578186447e-06,1.4892535773469717e-06,1.5958280528138857e-06
140556,advlogo_eps0.09_iter2,0.981818181818182,0.9090909090909092,0.99998766,77.38804024546953,0.9999985694885254,0.9999992251396179,9.457216947339475e-05,2.4437904357910156e-06,743,9.694729e-06,4.7023818297020625e-06,4.733391961053712e-06,4.418411208462203e-06
189698,advlogo_eps0.09_iter1,0.3333333333333334,0.25000000000000006,0.9999965,84.04250862711605,0.9999996423721313,1.0,1.4003626347403042e-05,3.159046173095703e-06,188,2.2907134e-06,1.0242454209219432e-06,1.0637105560817872e-06,9.570776455802843e-07
19109,advlogo_eps0.09_iter1,0.31611570247933884,0.31439393939393945,0.9999995,82.00130777206452,1.0,1.0,3.252567239542259e-06,4.76837158203125e-07,299,3.6455776e-06,1.5964432122927974e-06,1.518086833129928e-06,1.7183710951940157e-06
206994,advlogo_eps0.09_iter15,0.3333333333333334,0.25000000000000006,0.99974346,57.98050512549901,0.9999687671661377,0.9999675154685974,0.0010557452915236354,0.00016039609909057617,38262,0.0005591769,0.0002567328920122236,0.00025855813873931766,0.0002625092165544629
523241,advlogo_eps0.09_iter4,0.1090909090909091,0.09090909090909093,0.99996537,72.69699484618576,0.9999961853027344,0.9999980926513672,0.0004136395873501897,7.271766662597656e-06,2565,3.0844316e-05,1.3706241588806733e-05,1.3111550288158469e-05,1.3905844753026031e-05
67616,advlogo_eps0.09_iter64,0.11440940012368585,0.05303030303030304,0.99772435,48.7689240038906,0.9997445940971375,0.9998042583465576,0.007121017202734947,0.0012449026107788086,271497,0.0043073716,0.002026221714913845,0.002016934799030423,0.002031591720879078
469067,advlogo_eps0.09_iter1,0.1666666666666667,0.14285714285714288,0.99999976,95.40833356515148,1.0,1.0,4.488950935410685e-07,3.5762786865234375e-07,18,2.1489059e-07,6.898122251186578e-08,9.692540459127486e-08,8.845358223652511e-08
448256,advlogo_eps0.09_iter42,0.09090909090909091,0.07792207792207792,0.9981652,52.524882383575374,0.9997631907463074,0.9998741149902344,0.008681013248860836,0.0013873577117919922,139424,0.0020493774,0.0009532158728688955,0.0009013527887873352,0.0009956666035577655
549390,advlogo_eps0.09_iter3,0.17727272727272728,0.14772727272727273,0.99996823,71.17944220819561,0.9999954700469971,0.9999980330467224,0.00010336952982470393,1.9669532775878906e-05,3435,4.160945e-05,1.781812170520425e-05,1.8162905689678155e-05,1.7903543266584165e-05
201418,advlogo_eps0.09_iter1,0.0928030303030303,0.08311688311688312,0.9999984,84.82605721756086,0.9999998807907104,0.9999998807907104,5.989192686683964e-06,3.5762786865234375e-07,141,1.7999056e-06,8.521590757482045e-07,8.330256378030754e-07,8.028839033613622e-07
364102,advlogo_eps0.09_iter8,0.3333333333333334,0.25000000000000006,0.9998822,69.49624028454859,0.9999842643737793,0.9999944567680359,0.0017929853638634086,0.0004292726516723633,4407,5.7500605e-05,2.6869829525821842e-05,2.7012780265067704e-05,2.7156316718901508e-05
13291,advlogo_eps0.09_iter12,0.3333333333333334,0.20000000000000004,0.99972224,60.14247298575664,0.9999693632125854,0.999948263168335,0.0028970895800739527,7.534027099609375e-05,34129,0.00045456723,0.00020980909175705165,0.00020554980437736958,0.00021141408069524914
440336,advlogo_eps0.09_iter3,0.3333333333333334,0.27272727272727276,0.99997264,72.84095040342018,0.999996542930603,0.9999974370002747,0.00020453360048122704,2.8014183044433594e-06,2285,2.8537697e-05,1.3020234291616362e-05,1.3117001799400896e-05,1.2802040146198124e-05
488251,advlogo_eps0.09_iter1,0.3090909090909092,0.2181818181818182,1.0,83.81424109800952,1.0000009536743164,1.0,8.983042789623141e-07,2.384185791015625e-07,167,2.1356077e-06,9.164809284811781e-07,9.23866537050344e-07,9.113041414821055e-07
229601,advlogo_eps0.09_iter33,0.14204545454545453,0.11363636363636363,0.99885863,54.34169876451339,0.9998313784599304,0.9998650550842285,0.0037815135437995195,0.0006965398788452148,99601,0.0014440586,0.0006894238758832216,0.0006731567555107176,0.0007001783233135939
427160,advlogo_eps0.09_iter1,0.3333333333333334,0.21212121212121215,0.9999981,86.54587828256096,0.9999997615814209,0.9999998807907104,1.0558705980656669e-05,1.3709068298339844e-06,94,1.2311265e-06,5.290663693813258e-07,5.989657552163408e-07,6.050336764928943e-07
437205,advlogo_eps0.09_iter1,0.25000000000000006,0.20000000000000004,0.99999595,83.39080026044797,0.9999992251396179,0.9999998807907104,4.3949534301646054e-05,1.9073486328125e-06,187,2.4667813e-06,1.0635894795996137e-06,1.2188246500954847e-06,1.2255275123607134e-06
434204,advlogo_eps0.09_iter1,0.12121212121212123,0.10227272727272725,0.99999857,86.10305532459182,0.9999999403953552,0.9999998211860657,7.478518455172889e-06,2.205371856689453e-06,119,1.4522838e-06,5.414384531832184e-07,6.680127739855379e-07,6.996704087214312e-07
289417,advlogo_eps0.09_iter1,0.13636363636363638,0.09090909090909093,0.9999984,87.85290496032503,0.9999997615814209,1.0,9.433377272216603e-06,6.556510925292969e-07,90,1.0225167e-06,4.758514933200786e-07,4.038456893340481e-07,3.8423044657065475e-07
309467,advlogo_eps0.09_iter8,0.13636363636363638,0.1090909090909091,0.9999288,68.39453451120123,0.9999902248382568,0.9999938011169434,0.000366562424460426,9.328126907348633e-05,7407,8.6036154e-05,3.537091106409207e-05,3.665469557745382e-05,3.7407760828500614e-05
473121,advlogo_eps0.09_iter48,0.3333333333333334,0.0,0.9990363,59.25528952405206,0.9998695850372314,0.999959409236908,0.019967250525951385,0.001117110252380371,42577,0.0005643201,0.0002526252646930516,0.0002627437934279442,0.0002664683270268142
327605,advlogo_eps0.09_iter290,0.12307692307692306,0.1090909090909091,0.99399,49.22676247976405,0.9990290403366089,0.9995261430740356,0.03895139321684837,0.008598685264587402,294395,0.0043203086,0.0018619096372276545,0.0018407809548079967,0.002073270734399557
451084,advlogo_eps0.09_iter1,0.3333333333333334,0.20000000000000004,0.99999905,89.99471467752088,0.9999996423721313,0.9999998807907104,1.091009471565485e-05,3.5762786865234375e-07,46,6.2153106e-07,2.6143305831283215e-07,3.2824911500028975e-07,2.679077226730442e-07
22479,advlogo_eps0.09_iter1,0.1666666666666667,0.11111111111111113,0.99999887,86.64515030283448,1.0,0.9999999403953552,9.366223821416497e-06,7.152557373046875e-07,105,1.3010114e-06,5.313865472089674e-07,6.180614491313463e-07,5.79621428187238e-07
243148,advlogo_eps0.09_iter1,0.5000000000000001,0.27272727272727276,0.99999875,88.12654671361636,1.000000238418579,1.0,2.6496450118429493e-06,1.4901161193847656e-06,76,9.765984e-07,4.72820318009326e-07,4.371817681203538e-07,3.881901022850798e-07
249786,advlogo_eps0.09_iter2,0.0590909090909091,0.02545454545454546,0.99999064,77.46922227154353,0.9999987483024597,0.9999994039535522,0.00010096654295921326,2.0265579223632812e-06,815,1.0076622e-05,4.329806870373432e-06,4.7175858526316006e-06,4.539763722277712e-06
581062,advlogo_eps0.09_iter12,0.3333333333333334,0.25000000000000006,0.9997688,64.51343241485526,0.9999712705612183,0.9999898672103882,0.0037768709007650614,5.91278076171875e-05,15657,0.0001918667,8.375985635211691e-05,8.448166045127437e-05,8.52826124173589e-05
185950,advlogo_eps0.09_iter1,0.3333333333333334,0.25000000000000006,0.99999666,83.15974049425489,0.9999996423721313,0.9999999403953552,0.00010190970351686701,4.291534423828125e-06,242,2.906749e-06,1.2610181556738098e-06,1.2196657053209492e-06,1.3101899867251632e-06
44195,advlogo_eps0.09_iter12,0.25000000000000006,0.21212121212121207,0.9996411,62.60562222719513,0.9999560713768005,0.9999670386314392,0.0025313571095466614,0.0003186464309692383,22405,0.00028521224,0.00012796028750017285,0.0001289074425585568,0.00013394356938079
364126,advlogo_eps0.09_iter9,0.3333333333333334,0.25000000000000006,0.99988276,66.35436788861637,0.9999834299087524,0.9999953508377075,0.0005872873589396477,0.0001799464225769043,10711,0.0001297412,5.715754014090635e-05,5.612185123027302e-05,5.7205030316254124e-05
354307,advlogo_eps0.09_iter1,1.0000000000000002,0.5000000000000001,0.9999962,84.76050425801985,0.9999995231628418,0.9999999403953552,5.5149685067590326e-05,6.198883056640625e-06,160,1.9604465e-06,9.450789093534695e-07,7.823819032637402e-07,8.672325861880381e-07
170191,advlogo_eps0.09_iter9,0.20000000000000004,0.1666666666666667,0.99987143,66.70073658667599,0.9999825358390808,0.999993085861206,0.0009810999035835266,6.335973739624023e-05,9406,0.000116923366,5.2661933295894414e-05,5.328513725544326e-05,5.239268284640275e-05
179487,advlogo_eps0.09_iter1,0.15804195804195803,0.143801652892562,0.9999966,83.93358838856572,0.9999995231628418,0.9999999403953552,1.4955709957575891e-05,1.430511474609375e-06,188,2.3243772e-06,1.0932947134278947e-06,1.0171997928409837e-06,1.0190035482082749e-06
445999,advlogo_eps0.09_iter5,0.5000000000000001,0.3333333333333334,0.99997854,73.89344130504134,0.999997615814209,0.9999991059303284,8.714404975762591e-05,4.351139068603516e-06,2627,2.75696e-05,1.0742424819909502e-05,1.0187131010752637e-05,9.99562780634733e-06
426836,advlogo_eps0.09_iter18,0.3333333333333334,0.25000000000000006,0.9995834,61.39140990227932,0.9999468326568604,0.999981164932251,0.006841829977929592,0.0004938840866088867,24003,0.00032382537,0.00014721757906954736,0.00014857869246043265,0.00015155511209741235
557916,advlogo_eps0.09_iter2,0.20000000000000004,0.1666666666666667,0.9999853,78.58413956598046,0.9999979734420776,0.9999993443489075,0.0002456924703437835,0.0001035928726196289,499,6.888598e-06,3.368792476976523e-06,3.4098015930794645e-06,3.460940888544428e-06
99024,advlogo_eps0.09_iter38,0.12500000000000003,0.08333333333333336,0.99890596,55.6983434106451,0.9998409748077393,0.9999362230300903,0.0032874362077564,0.00030171871185302734,99272,0.0012919949,0.0005711425910703838,0.0005809987196698785,0.0006061692256480455
305309,advlogo_eps0.09_iter2,0.31818181818181823,0.21212121212121215,0.99999595,80.58705925749145,0.999999463558197,0.9999998211860657,6.954557193239452e-06,1.0132789611816406e-06,528,5.716742e-06,2.5407287012058077e-06,2.186532810810604e-06,1.91820345207816e-06
311928,advlogo_eps0.09_iter15,0.20000000000000004,0.1666666666666667,0.9998315,63.6504465401414,0.9999792575836182,0.999991238117218,0.0008144217426888645,2.2649765014648438e-05,18518,0.00023082152,0.0001039582712110132,0.00010354540427215397,0.00010405320063000545
384949,advlogo_eps0.09_iter9,0.14545454545454548,0.1090909090909091,0.99985665,65.9199570277418,0.9999812841415405,0.9999943971633911,0.0012359368847683072,5.829334259033203e-05,12187,0.00014513583,6.061760359443724e-05,6.067503272788599e-05,6.519313319586217e-05
196141,advlogo_eps0.09_iter7,0.19318181818181823,0.12500000000000003,0.99985534,63.437569833248915,0.9999829530715942,0.9999880194664001,0.0004686332540586591,1.6570091247558594e-05,17632,0.00022983384,0.00010707040200941265,0.00010626352741383016,0.00010721635044319555
136915,advlogo_eps0.09_iter5,0.10000000000000002,0.09090909090909093,0.999904,69.19205933970353,0.9999864101409912,0.9999980926513672,0.0012945081107318401,5.781650543212891e-06,4998,6.292416e-05,2.8258573365746997e-05,2.840073466359172e-05,2.8320311685092747e-05
533816,advlogo_eps0.09_iter9,0.14545454545454548,0.14214876033057852,0.99977916,60.742562078160105,0.9999749660491943,0.9999826550483704,0.0008837670320644975,4.8100948333740234e-05,33475,0.0004269632,0.00019191502360627055,0.00018830440239980817,0.00019358034478500485
522889,advlogo_eps0.09_iter1,0.15909090909090912,0.1272727272727273,0.99999094,81.33923075892562,0.999998927116394,1.0,5.1799837819999084e-05,5.602836608886719e-06,306,3.981335e-06,1.6821047665871447e-06,1.952707179952995e-06,2.010312528000213e-06
548246,advlogo_eps0.09_iter7,0.14545454545454548,0.12121212121212123,0.9998801,65.60217867170749,0.9999841451644897,0.9999933838844299,0.00043868861394003034,4.857778549194336e-05,11197,0.00014180482,6.380415288731456e-05,6.39199570287019e-05,6.363920692820102e-05
37988,advlogo_eps0.09_iter1,0.20000000000000004,0.14285714285714288,0.99999934,89.63042526474916,1.0,1.0,7.200641448434908e-06,1.2516975402832031e-06,53,6.666775e-07,2.619208885334956e-07,2.9166875492592226e-07,3.2812442896101857e-07
325838,advlogo_eps0.09_iter2,0.08333333333333336,0.07692307692307694,0.9999878,78.26649746141173,0.9999985694885254,0.9999995231628418,0.00013611878966912627,6.961822509765625e-05,697,8.447387e-06,3.821089649136411e-06,3.842022124445066e-06,3.4493632483645342e-06
74256,advlogo_eps0.09_iter2,0.10227272727272729,0.09090909090909093,0.99998856,76.11636926512014,0.999998927116394,0.9999993443489075,3.7945406802464277e-05,3.218650817871094e-05,1181,1.4123083e-05,6.093735464673955e-06,6.0942902564420365e-06,6.27498275207472e-06
466986,advlogo_eps0.09_iter28,0.07792207792207793,0.06818181818181819,0.9989162,55.079860864215526,0.9998642802238464,0.9998769164085388,0.0053865001536905766,0.0006570816040039062,93735,0.0012813599,0.0005640394520014524,0.00056039122864604,0.0005801140796393156
465179,advlogo_eps0.09_iter1,0.09090909090909093,0.060606060606060615,0.9999953,82.6707742059967,0.9999994039535522,0.9999999403953552,4.065478060510941e-05,1.3709068298339844e-06,253,3.1010463e-06,1.331420207861811e-06,1.4066118865230237e-06,1.3594076335721184e-06
567197,advlogo_eps0.09_iter4,0.3246753246753248,0.27272727272727276,0.99998933,71.25424889996042,0.9999988079071045,0.999998927116394,2.6098623493453488e-05,2.86102294921875e-06,4424,4.7973044e-05,1.8537712094257586e-05,1.7101770936278626e-05,1.9773315216298215e-05
498286,advlogo_eps0.09_iter11,0.1666666666666667,0.14285714285714288,0.9997708,62.92380657137776,0.9999731779098511,0.9999845027923584,0.001507528591901064,2.6226043701171875e-05,23920,0.00028605002,0.00012287044955883175,0.00012192772555863485,0.00012375586084090173
153217,advlogo_eps0.09_iter12,0.25000000000000006,0.1666666666666667,0.9997322,60.61790722304737,0.9999677538871765,0.9999834895133972,0.0008594038663432002,0.00017017126083374023,35990,0.00045431464,0.00020451446471270174,0.00020342573407106102,0.00020696560386568308
206487,advlogo_eps0.09_iter9,0.3636363636363637,0.23863636363636367,0.9997652,62.11144354519854,0.999967098236084,0.9999864101409912,0.0011798858176916838,0.00019037723541259766,24107,0.00030926312,0.00013791238598059863,0.00013691687490791082,0.0001410955737810582
565012,advlogo_eps0.09_iter3,0.24000000000000005,0.20363636363636367,0.9999687,71.55927315149697,0.9999961853027344,0.9999979138374329,0.00014337172615341842,1.7702579498291016e-05,2942,3.683911e-05,1.6698370018275455e-05,1.6243839127128012e-05,1.654467087064404e-05
542856,advlogo_eps0.09_iter1,0.9090909090909092,0.6818181818181819,0.99999887,80.97740808146283,1.000000238418579,0.9999998211860657,2.558521373430267e-06,4.76837158203125e-07,375,4.5122724e-06,1.7661775473243324e-06,1.9521369267749833e-06,1.960998588401708e-06
427500,advlogo_eps0.09_iter14,0.20000000000000004,0.0,0.99978495,59.48536267248845,0.9999736547470093,0.9999811053276062,0.0006729527958668768,0.0001347064971923828,49014,0.00060241245,0.0002629188820719719,0.0002547976328060031,0.00026878470089286566
15517,advlogo_eps0.09_iter8,0.13068181818181818,0.09090909090909091,0.99990064,62.559030039959836,0.9999890327453613,0.9999887943267822,0.000460059498436749,5.817413330078125e-05,23732,0.0002936051,0.0001279706775676459,0.00012704625260084867,0.00013072417641524225
213605,advlogo_eps0.09_iter4,1.0000000000000002,0.7500000000000002,0.9999507,68.68655644284686,0.9999932050704956,0.9999957084655762,0.0004048035480082035,2.1457672119140625e-05,5085,6.6386165e-05,3.0509218049701303e-05,3.05754947476089e-05,3.072473919019103e-05
389532,advlogo_eps0.09_iter1,0.25000000000000006,0.20000000000000004,0.9999943,81.94990774854914,0.9999990463256836,0.9999997615814209,7.895581802586094e-06,1.6689300537109375e-06,366,3.999154e-06,1.6410033367719734e-06,1.5931312873362913e-06,1.2963359949935693e-06
39670,advlogo_eps0.09_iter1,1.0000000000000002,0.5000000000000001,0.9999998,88.05651142037304,1.0,1.0,5.46061869499681e-07,3.5762786865234375e-07,85,9.8911e-07,3.947382367641694e-07,4.2383936715850723e-07,4.150973609284847e-07
429718,advlogo_eps0.09_iter4,0.5000000000000001,0.3333333333333334,0.99997383,70.1918401488274,0.9999960660934448,0.9999985098838806,9.461546142119914e-05,3.993511199951172e-06,3237,4.3327782e-05,1.971593519556336e-05,1.9667771994136274e-05,1.897721267596353e-05
563604,advlogo_eps0.09_iter13,0.27272727272727276,0.10606060606060608,0.99975634,58.10251653380988,0.9999691247940063,0.9999633431434631,0.0005054448847658932,2.8967857360839844e-05,39954,0.00058581686,0.0002670356188900769,0.00027461443096399307,0.0002788074198178947
496722,advlogo_eps0.09_iter5,0.09090909090909091,0.06818181818181818,0.9999404,66.09265523980484,0.9999960660934448,0.9999943375587463,0.00021796810324303806,2.1755695343017578e-05,8258,0.00011087894,5.056380177848041e-05,4.96351822221186e-05,5.074647560832091e-05
78565,advlogo_eps0.09_iter1,0.0909090909090909,0.06818181818181818,0.9999953,82.57139541000284,0.9999994039535522,1.0,3.26566441799514e-05,2.2649765014648438e-06,322,3.563443e-06,1.2646532923099585e-06,1.559954512231343e-06,1.4408637980523054e-06
274219,advlogo_eps0.09_iter1,0.20000000000000004,0.0,0.9999985,84.53855021830599,1.0,0.9999999403953552,1.992982561205281e-06,7.152557373046875e-07,241,2.4843353e-06,1.0767541880341014e-06,8.374018989343313e-07,7.991048391886579e-07
105923,advlogo_eps0.09_iter1,0.20000000000000004,0.1666666666666667,0.99999803,84.37178404607107,0.9999982714653015,0.9999998807907104,4.994551545678405e-06,1.9073486328125e-06,197,2.2668353e-06,9.304098966822494e-07,1.0494078424017061e-06,8.54851748499641e-07
166664,advlogo_eps0.09_iter1,1.0000000000000002,0.5000000000000001,0.99999666,86.44880286187342,0.999999463558197,0.9999998807907104,2.5875768187688664e-05,7.152557373046875e-07,108,1.3397191e-06,6.254008440009784e-07,5.94145546983782e-07,5.732387080570334e-07
143961,advlogo_eps0.09_iter3,0.0391090391090391,0.03037190082644628,0.9999797,73.54172054674012,0.9999973177909851,0.9999991059303284,0.0001037864712998271,1.4483928680419922e-05,1941,2.4400077e-05,1.1080526746809483e-05,1.1465233001217712e-05,1.1099165931227617e-05
212573,advlogo_eps0.09_iter8,0.38181818181818195,0.34545454545454557,0.9999165,64.43244470350928,0.9999879598617554,0.9999948143959045,0.0002774547610897571,0.0001061558723449707,15173,0.00018958168,8.380154031328857e-05,8.348733535967767e-05,8.386883564526215e-05
319369,advlogo_eps0.09_iter3,0.20779220779220783,0.18181818181818185,0.9999694,72.21053051494377,0.9999958872795105,0.9999980330467224,0.0002541053981985897,6.139278411865234e-06,2964,3.4688157e-05,1.4073630154598504e-05,1.397778123646276e-05,1.5845893358346075e-05
252716,advlogo_eps0.09_iter35,0.12121212121212122,0.09090909090909091,0.9990971,57.00490332175632,0.9998829364776611,0.9999250769615173,0.009496212005615234,0.00046455860137939453,71968,0.00094394805,0.00043536722660064697,0.00041328140650875866,0.00044288323260843754
64868,advlogo_eps0.09_iter2,0.1666666666666667,0.14285714285714288,0.9999907,77.47529225825872,0.9999990463256836,0.9999995827674866,6.334135105134919e-05,1.3709068298339844e-06,807,9.857515e-06,4.332147000241093e-06,4.313383669796167e-06,4.351114057499217e-06
205324,advlogo_eps0.09_iter2,0.5000000000000001,0.27272727272727276,0.9999941,79.65545378306498,0.9999992847442627,1.0,3.99660857510753e-05,9.5367431640625e-07,525,6.269656e-06,2.9385262223513564e-06,2.747504822764313e-06,2.4387722987739835e-06
48555,advlogo_eps0.09_iter18,0.21212121212121215,0.12121212121212122,0.9998004,65.80928271652519,0.9999699592590332,0.9999938011169434,0.0027814649511128664,0.000202178955078125,14338,0.00015900335,5.7195185945602134e-05,5.80430387344677e-05,6.595018203370273e-05
244099,advlogo_eps0.09_iter13,0.3333333333333334,0.10000000000000002,0.9998674,64.25802341207942,0.9999819993972778,0.9999908804893494,0.0010500691132619977,0.00013017654418945312,17433,0.0002094831,9.238292113877833e-05,8.936801896197721e-05,9.07507783267647e-05
50679,advlogo_eps0.09_iter1,0.18181818181818185,0.1272727272727273,0.99999714,84.66398973255664,0.9999992251396179,0.9999998807907104,1.1515404366946314e-05,3.5762786865234375e-07,157,1.9690613e-06,8.709449161869998e-07,8.967908229351451e-07,9.049508662428707e-07
10764,advlogo_eps0.09_iter1,0.5000000000000001,0.3333333333333334,0.9999981,86.08095686072667,0.9999997615814209,0.9999998807907104,6.028597454132978e-06,3.5762786865234375e-07,121,1.4603349e-06,6.20309720034129e-07,6.849722353763354e-07,6.118210080785502e-07
537827,advlogo_eps0.09_iter21,0.25000000000000006,0.21212121212121207,0.9998329,58.140746542739976,0.9999691843986511,0.9999776482582092,0.00029861496295779943,0.00012314319610595703,62507,0.0007907889,0.0003539746976457536,0.00034718416281975806,0.00035992375342175364
500270,advlogo_eps0.09_iter29,0.045454545454545456,0.03636363636363637,0.9994507,60.60064746609473,0.9999327659606934,0.9999781847000122,0.006707440596073866,0.0002886652946472168,42977,0.00050117983,0.00020197020785417408,0.00020685387426055968,0.0002163995086448267
308165,advlogo_eps0.09_iter23,0.1666666666666667,0.03333333333333334,0.9994809,60.39024899773647,0.9999305605888367,0.9999546408653259,0.010575631633400917,0.0006706714630126953,33113,0.00043748386,0.00019836040155496448,0.000197940316866152,0.00020537352247629315
544444,advlogo_eps0.09_iter23,0.5000000000000001,0.3333333333333334,0.999623,63.70712383842423,0.9999496936798096,0.9999849200248718,0.0032837511971592903,0.0001564621925354004,18751,0.00022923206,9.939576557371765e-05,9.896533447317779e-05,9.971289546228945e-05
378244,advlogo_eps0.09_iter17,0.25000000000000006,0.20000000000000004,0.9997368,65.45943230966921,0.9999635219573975,0.9999944567680359,0.002600809559226036,0.000551760196685791,13288,0.00015831519,6.639810453634709e-05,6.755667709512636e-05,6.657958874711767e-05
313562,advlogo_eps0.09_iter16,0.13636363636363638,0.1090909090909091,0.9993114,56.230772739173446,0.9999178647994995,0.9999317526817322,0.0030506672337651253,0.00019985437393188477,71719,0.0010069946,0.00046763208229094744,0.00046405490138567984,0.0004751884553115815
258388,advlogo_eps0.09_iter3,0.3333333333333334,0.25000000000000006,0.9999817,76.79065564992747,0.9999977350234985,0.9999992251396179,0.0001826200750656426,3.427267074584961e-05,1024,1.2135381e-05,5.54805501451483e-06,5.191515811020508e-06,4.961294962413376e-06
358195,advlogo_eps0.09_iter3,0.3333333333333334,0.25000000000000006,0.99998754,73.79986713972342,0.9999974966049194,0.9999998211860657,3.1713632779428735e-05,2.682209014892578e-06,1616,2.1034952e-05,9.769403732207138e-06,1.0028975339082535e-05,9.529252565698698e-06
3553,advlogo_eps0.09_iter1,0.25000000000000006,0.0,0.99999636,84.02874444647071,0.9999997019767761,0.9999998807907104,2.8802252927562222e-05,3.337860107421875e-06,181,2.2489485e-06,9.284264024245203e-07,1.0434322348373826e-06,1.0304889883627766e-06
253819,advlogo_eps0.09_iter1,0.3333333333333334,0.25000000000000006,0.9999978,83.34360752132875,0.9999995231628418,0.9999998807907104,6.486533493443858e-06,7.748603820800781e-07,213,2.6267016e-06,1.1124903949166765e-06,1.082807784769102e-06,1.273594989470439e-06
278705,advlogo_eps0.09_iter10,0.4000000000000001,0.3080808080808081,0.999815,61.40445942165714,0.9999750852584839,0.9999836087226868,0.0005879028467461467,4.9233436584472656e-05,29113,0.00037040925,0.0001658399705775082,0.00016529380809515715,0.00016934284940361977
187990,advlogo_eps0.09_iter7,0.5000000000000001,0.3333333333333334,0.999924,68.32043493014464,0.9999903440475464,0.9999940395355225,0.0004639810649678111,2.378225326538086e-05,6367,7.969624e-05,3.6357803764985874e-05,3.630947685451247e-05,3.594228473957628e-05
51938,advlogo_eps0.09_iter1,0.49300699300699313,0.4504132231404959,0.99999166,80.82360255177684,0.9999988079071045,0.9999998211860657,0.00015717122005298734,1.1920928955078125e-06,265,3.7396853e-06,1.7254679960387875e-06,1.8240540384795167e-06,1.8313751297682757e-06
188296,advlogo_eps0.09_iter13,0.21558441558441563,0.2,0.9997561,57.024642023406855,0.9999721050262451,0.9999668598175049,0.0007608153391629457,9.012222290039062e-05,73382,0.00094633125,0.00040902532055042684,0.00040471451939083636,0.0004302874149288982
45090,advlogo_eps0.09_iter1,0.3333333333333334,0.22222222222222218,0.9999993,82.44550046436801,1.0,0.9999999403953552,2.0216939446981996e-06,1.1920928955078125e-06,325,3.6253155e-06,1.5806253941264004e-06,1.4597105746361194e-06,1.3328171917237341e-06
347174,advlogo_eps0.09_iter1,0.25000000000000006,0.08333333333333336,0.99999684,84.60080609385147,0.9999994039535522,1.0,8.080595580395311e-05,4.172325134277344e-06,144,1.8967262e-06,9.110888186114607e-07,9.138836389865901e-07,8.743787702769623e-07
341196,advlogo_eps0.09_iter4,0.3333333333333334,0.303030303030303,0.99998313,70.58395550465937,0.9999974966049194,0.9999974966049194,7.340579759329557e-05,1.4066696166992188e-05,3981,4.796341e-05,2.0779822079930454e-05,2.0006007616757415e-05,2.100630445056595e-05
439525,advlogo_eps0.09_iter1,0.11111111111111113,0.10000000000000002,0.99999636,83.89343850029418,0.9999996423721313,0.9999997019767761,1.001296186586842e-05,1.7881393432617188e-06,179,2.2804124e-06,1.0934143119811779e-06,1.0931693168458878e-06,9.396599693900498e-07
302990,advlogo_eps0.09_iter16,0.1666666666666667,0.13636363636363638,0.9998043,60.99849651984109,0.9999758005142212,0.9999807476997375,0.0005387753481045365,0.00010389089584350586,34814,0.00042176916,0.00018334563355892897,0.00017584272427484393,0.00017834054597187787
262587,advlogo_eps0.09_iter20,0.20000000000000004,0.0,0.99970514,62.91018754616495,0.9999597072601318,0.9999777674674988,0.0029714787378907204,0.00011980533599853516,22409,0.00027554808,0.00012100408639525995,0.00011786120739998296,0.00012339616660028696
107339,advlogo_eps0.09_iter87,0.09090909090909093,0.07792207792207793,0.9984198,56.71923626160105,0.9997942447662354,0.9999158978462219,0.027385149151086807,0.0010536909103393555,79212,0.0010381448,0.00047584506683051586,0.0004781721509061754,0.0004886075621470809
511760,advlogo_eps0.09_iter1,0.25000000000000006,0.14285714285714288,0.99999213,81.77466997502583,1.0000009536743164,0.9999988675117493,0.00011887629807461053,3.3974647521972656e-06,271,3.6152094e-06,1.6513097307324642e-06,1.7996177348322817e-06,1.7686921864878968e-06
361730,advlogo_eps0.09_iter1,0.09628942486085343,0.08044938016528924,0.99999624,83.17100612938567,0.9999992847442627,0.9999997019767761,2.4206197849707678e-05,2.9802322387695312e-06,195,2.5691486e-06,1.214062422150164e-06,1.1961780046476633e-06,1.204826048706309e-06
427077,advlogo_eps0.09_iter15,0.3333333333333334,0.25000000000000006,0.99965423,62.612063237600985,0.9999568462371826,0.9999836683273315,0.0024451017379760742,0.0001946091651916504,23358,0.00028854242,0.00012402281572576612,0.0001255199604202062,0.00012764208076987416
346968,advlogo_eps0.09_iter3,0.20000000000000004,0.1666666666666667,0.9999841,77.11669734145418,0.9999979734420776,0.9999988675117493,0.0002346793917240575,2.1457672119140625e-06,878,1.0914634e-05,4.924933818983845e-06,5.1567335503932554e-06,4.785119017469697e-06
229216,advlogo_eps0.09_iter2,0.3333333333333334,0.25000000000000006,0.99999475,78.51795330769819,0.9999995231628418,0.999999463558197,1.644804433453828e-05,3.5762786865234375e-06,656,8.013899e-06,3.6709755022457102e-06,3.7829556731594494e-06,3.2355276289308676e-06
563882,advlogo_eps0.09_iter6,0.11255411255411257,0.10606060606060604,0.9999659,73.46621344139234,0.9999954700469971,0.9999983906745911,0.00031673599733039737,7.271766662597656e-06,2047,2.5280213e-05,1.1523953617142979e-05,1.1338023796270136e-05,1.1496215847728308e-05
58705,advlogo_eps0.09_iter6,0.25000000000000006,0.20000000000000004,0.99992114,68.80504567601703,0.9999889135360718,0.9999937415122986,0.00019861912005580962,2.372264862060547e-05,5761,7.122275e-05,3.2492367608938366e-05,3.096364525845274e-05,3.204865788575262e-05
323263,advlogo_eps0.09_iter4,0.193939393939394,0.18961038961038965,0.99997014,68.83445141560617,0.999996542930603,0.9999966621398926,7.584938430227339e-05,9.775161743164062e-06,5529,6.884207e-05,3.04292407236062e-05,2.91823162115179e-05,3.168465991620906e-05
248334,advlogo_eps0.09_iter1,0.8465909090909093,0.8051948051948054,0.999999,79.06926413844425,0.9999998807907104,0.9999998211860657,2.99507496492879e-06,8.940696716308594e-07,612,7.246838e-06,3.1790166303835576e-06,3.055652541661402e-06,3.1014810701890383e-06
400803,advlogo_eps0.09_iter4,0.7727272727272729,0.5151515151515152,0.99997663,69.09081344660112,0.9999979734420776,0.9999969601631165,0.00020891624444629997,1.823902130126953e-05,4588,6.006927e-05,2.736078022280708e-05,2.7560361559153534e-05,2.7245143428444862e-05
422706,advlogo_eps0.09_iter8,0.3787878787878789,0.3333333333333334,0.99987,63.16593590242225,0.9999827146530151,0.9999883770942688,0.0005258085438981652,2.950429916381836e-05,17768,0.00023205386,0.00010428962559672073,0.00010201775148743764,0.00010950729483738542
78823,advlogo_eps0.09_iter4,0.14285714285714288,0.12500000000000003,0.99996877,69.80927094840078,0.9999958872795105,0.9999970197677612,7.084323442541063e-05,7.033348083496094e-06,4040,5.227227e-05,2.4080294679151848e-05,2.4184801077353768e-05,2.3639171558897942e-05
178982,advlogo_eps0.09_iter2,0.25000000000000006,0.20000000000000004,0.999991,80.17200297356402,0.999998927116394,0.9999994039535522,8.584199531469494e-05,9.5367431640625e-06,420,5.2878586e-06,2.4658529582666233e-06,2.5123915747826686e-06,2.3287748263101093e-06
408696,advlogo_eps0.09_iter1,0.12500000000000003,0.09090909090909093,0.9999993,89.11335776528537,0.9999998807907104,1.0,3.5625134842121042e-06,5.960464477539062e-07,66,7.75161e-07,3.3655035736046557e-07,3.935024892598449e-07,2.386062760706409e-07
144300,advlogo_eps0.09_iter1,0.5696969696969697,0.49696969696969706,0.9999909,80.46436379181432,0.9999988079071045,0.9999999403953552,0.0002424309786874801,8.940696716308594e-07,302,4.2429933e-06,1.9441476979409344e-06,2.1916932837484637e-06,2.066353090413031e-06
7816,advlogo_eps0.09_iter1,0.885227272727273,0.595959595959596,0.9999995,89.1578918342674,1.0,1.0,1.2044965842505917e-06,2.980232238769531e-07,63,7.5127804e-07,3.7601131452902337e-07,2.9710562898799253e-07,2.8803506779695454e-07
152120,advlogo_eps0.09_iter2,1.0000000000000002,0.6666666666666669,0.9999945,80.7454648555748,0.9999994039535522,0.9999998211860657,1.272742883884348e-05,1.0132789611816406e-06,440,5.104593e-06,2.2956869543122593e-06,2.190241730204434e-06,1.989145857805852e-06
308631,advlogo_eps0.09_iter3,0.4000000000000001,0.3636363636363637,0.9999729,71.35628415206122,0.9999977350234985,0.999997615814209,7.155719504225999e-05,8.761882781982422e-06,3343,4.0545958e-05,1.77484835148789e-05,1.785311906132847e-05,1.7363696315442212e-05
5477,advlogo_eps0.09_iter3,0.3333333333333334,0.18181818181818185,0.99998456,75.30754974334451,0.9999980330467224,0.9999989867210388,9.256843623006716e-05,2.205371856689453e-06,1280,1.6137412e-05,7.403707513731206e-06,7.525382898165844e-06,7.415813342959154e-06
391375,advlogo_eps0.09_iter8,0.3333333333333334,0.25000000000000006,0.9999259,68.44173436208101,0.999989926815033,0.9999967217445374,0.0003145311784464866,8.32676887512207e-05,8357,9.139997e-05,3.6376866773935035e-05,3.53422510670498e-05,3.677824861370027e-05
69138,advlogo_eps0.09_iter1,0.3333333333333334,0.25000000000000006,0.9999973,82.79312207646046,0.9999997615814209,0.9999998211860657,1.7252092220587656e-05,9.5367431640625e-07,242,2.982071e-06,1.3370116676014732e-06,1.3745899423156516e-06,1.3098967883706791e-06
432553,advlogo_eps0.09_iter1,0.28571428571428575,0.21428571428571436,0.99999577,82.89777676617251,0.999999463558197,0.9999998211860657,2.2251979316934012e-05,1.9073486328125e-06,236,2.9202265e-06,1.326617166341748e-06,1.229527356372273e-06,1.3903954823035747e-06
315187,advlogo_eps0.09_iter1,0.6136363636363638,0.5795454545454546,0.9999969,85.5425736281666,0.9999998807907104,0.9999998807907104,1.4909008314134553e-05,1.6689300537109375e-06,127,1.6301208e-06,7.322536248466349e-07,8.193514986487571e-07,6.84379870108387e-07
76417,advlogo_eps0.09_iter22,0.1666666666666667,0.12500000000000003,0.9995536,60.33764353410248,0.9999329447746277,0.9999625086784363,0.0017912605544552207,0.0001684427261352539,39448,0.00049390155,0.0002171918167732656,0.00022314423404168338,0.0002275557053508237
196843,advlogo_eps0.09_iter1,0.5454545454545455,0.3272727272727273,0.99999887,84.64810508668761,1.0000005960464478,0.9999999403953552,1.941916025316459e-06,6.556510925292969e-07,153,1.9414213e-06,9.596290055924328e-07,8.48613694870437e-07,8.654987482259457e-07
138550,advlogo_eps0.09_iter8,0.25000000000000006,0.20000000000000004,0.99988604,65.80983761378617,0.999987006187439,0.9999958872795105,0.0003272134345024824,2.181529998779297e-05,12754,0.00015109383,6.423918239306659e-05,6.360602128552273e-05,6.700119411107153e-05
439623,advlogo_eps0.09_iter1,0.3181818181818182,0.23863636363636365,0.9999979,84.49244567807722,0.9999997019767761,0.9999998807907104,9.412379768036772e-06,1.430511474609375e-06,181,2.1422295e-06,8.745939226173505e-07,9.428977705283614e-07,9.422798825653445e-07
343315,advlogo_eps0.09_iter3,0.5000000000000001,0.25000000000000006,0.9999869,75.2653229587471,0.9999982714653015,0.9999992251396179,3.147889219690114e-05,6.854534149169922e-06,1302,1.6262318e-05,7.2840753091441e-06,7.7040349424351e-06,7.1193794610735495e-06
340451,advlogo_eps0.09_iter12,0.25000000000000006,0.20000000000000004,0.99968934,59.83028942675585,0.9999639987945557,0.999963104724884,0.002910001203417778,0.0003790855407714844,40530,0.0005174044,0.00022714148508384824,0.00022161591914482415,0.00024577765725553036
436883,advlogo_eps0.09_iter4,0.31818181818181823,0.2909090909090909,0.99995756,67.8845112672789,0.9999951720237732,0.9999971985816956,0.00015668213018216193,8.285045623779297e-06,6648,8.409181e-05,3.7551424611592665e-05,3.7044261262053624e-05,3.8613601645920426e-05
459500,advlogo_eps0.09_iter28,0.1666666666666667,0.14285714285714288,0.9991231,57.0626365269858,0.9998987913131714,0.9999526739120483,0.009370356798171997,0.00032061338424682617,72674,0.0009367719,0.000411502318456769,0.00040408127824775875,0.0004364325141068548
338718,advlogo_eps0.09_iter6,0.5000000000000001,0.3333333333333334,0.9999679,67.33445912835444,0.9999963641166687,0.9999966025352478,8.586397598264739e-05,5.066394805908203e-06,9124,0.000106368716,4.488002377911471e-05,4.519642243394628e-05,4.246742173563689e-05
50165,advlogo_eps0.09_iter12,0.5000000000000001,0.3333333333333334,0.99981874,65.50997191169051,0.9999746084213257,0.9999945163726807,0.0014516712399199605,4.83393669128418e-05,12049,0.00015085508,7.015122537268326e-05,6.753607885912061e-05,6.695697811665013e-05
158956,advlogo_eps0.09_iter1,0.1666666666666667,0.14285714285714288,0.99999565,83.27373238456758,0.9999988079071045,0.9999997019767761,2.416389179416001e-05,1.2516975402832031e-06,196,2.5563086e-06,1.23726169931615e-06,1.2253303793841042e-06,1.1731791573765804e-06
311883,advlogo_eps0.09_iter1,0.4545454545454546,0.34090909090909094,0.9999938,83.27373528694606,0.9999994039535522,0.9999997615814209,4.348782749730162e-05,2.562999725341797e-06,190,2.5392576e-06,1.0876829037442803e-06,1.2507531437222497e-06,1.268302412427147e-06
431896,advlogo_eps0.09_iter8,0.5000000000000001,0.3333333333333334,0.99984926,66.18536976629113,0.9999780654907227,0.9999952912330627,0.0007942876545712352,0.00018656253814697266,10295,0.00012964796,5.9015968872699887e-05,5.982689981465228e-05,5.919564500800334e-05
442456,advlogo_eps0.09_iter1,0.23376623376623382,0.22077922077922082,0.99999815,85.22350062638262,0.9999998807907104,0.9999999403953552,4.1239818528993055e-06,1.1324882507324219e-06,162,1.8593314e-06,8.137594136314874e-07,8.41727569422801e-07,6.692181386824814e-07
79229,advlogo_eps0.09_iter11,0.20000000000000004,0.1666666666666667,0.99995494,65.29171381935795,0.9999905824661255,0.9999953508377075,0.00013477621541824192,3.552436828613281e-05,14919,0.00017275597,7.164916314650327e-05,7.29229868738912e-05,7.067240949254483e-05
188439,advlogo_eps0.09_iter9,0.7500000000000002,0.3750000000000001,0.99992186,62.02385939468443,0.9999897480010986,0.9999918937683105,0.0004129238659515977,2.300739288330078e-05,24382,0.00030940588,0.00013469700934365392,0.00013131869491189718,0.00014085309521760792
151480,advlogo_eps0.09_iter1,0.11817115435883765,0.11041463586918132,0.9999976,84.35694115001411,0.9999997615814209,0.9999999403953552,5.750836862716824e-06,5.960464477539062e-07,148,1.968868e-06,9.426530596101657e-07,9.63271645559871e-07,9.32519753860106e-07
46872,advlogo_eps0.09_iter1,0.22077922077922082,0.16883116883116886,0.9999997,87.95350917262704,1.0,1.0,5.198565418140788e-07,9.5367431640625e-07,80,9.655672e-07,4.238069095663377e-07,4.317973889556015e-07,4.023895883165096e-07
289229,advlogo_eps0.09_iter6,0.3333333333333334,0.25000000000000006,0.9999385,72.57336171605482,0.9999926090240479,0.9999985098838806,0.0014837973285466433,3.635883331298828e-05,2262,2.911935e-05,1.3450541700876784e-05,1.3572495845437516e-05,1.354342657577945e-05
281929,advlogo_eps0.09_iter18,0.5000000000000001,0.4000000000000001,0.9991989,55.95703536300662,0.999907910823822,0.9999393820762634,0.002993818838149309,0.0005172491073608398,83674,0.0011227987,0.0005105709424242377,0.0004985082778148353,0.0005173981771804392
257896,advlogo_eps0.09_iter1,0.5000000000000001,0.3333333333333334,0.99999684,82.42645159771274,0.9999995231628418,0.9999998211860657,1.1561975043150596e-05,8.344650268554688e-07,251,3.159033e-06,1.5183126151896431e-06,1.4109701851339196e-06,1.3911162568547297e-06
179174,advlogo_eps0.09_iter2,0.10085227272727275,0.09532828282828285,0.99999666,80.45228999391519,0.9999997019767761,0.9999998211860657,1.6812075045891106e-05,1.9669532775878906e-06,470,5.44352e-06,2.376559677941259e-06,2.3004138256510487e-06,2.2148221887619e-06
393115,advlogo_eps0.09_iter3,0.3333333333333334,0.25000000000000006,0.99998736,77.49051608443143,0.9999983310699463,0.9999994039535522,0.00021518656285479665,2.682209014892578e-06,841,1.0197225e-05,4.489043931243941e-06,4.584154339681845e-06,4.525938038568711e-06
442746,advlogo_eps0.09_iter3,0.47272727272727283,0.3333333333333334,0.99999326,71.73234828224975,0.9999992847442627,0.999998927116394,1.7455706256441772e-05,4.470348358154297e-06,3019,3.7024547e-05,1.6573783796047792e-05,1.606985642865766e-05,1.6428928574896418e-05
381971,advlogo_eps0.09_iter10,0.27272727272727276,0.24242424242424251,0.999898,60.68668926576891,0.9999837875366211,0.999987006187439,0.0002200255257776007,8.571147918701172e-05,26362,0.00036084812,0.0001601819385541603,0.00016677990788593888,0.0001646066812099889
396863,advlogo_eps0.09_iter2,0.18181818181818185,0.13636363636363638,0.9999736,76.87717747676207,0.9999969005584717,0.9999998807907104,0.0003963450435549021,5.424022674560547e-06,1199,1.3080588e-05,6.39412473901757e-06,4.824523784918711e-06,4.0761665331956465e-06
576052,advlogo_eps0.09_iter2,0.3333333333333334,0.25000000000000006,0.9999964,80.16070757420012,0.9999995231628418,0.9999995827674866,1.2459332538128365e-05,2.205371856689453e-06,463,5.574932e-06,2.452873559377622e-06,2.6339369014749536e-06,2.193264663219452e-06
51712,advlogo_eps0.09_iter6,0.3333333333333334,0.25000000000000006,0.9999234,68.59828678841123,0.9999909400939941,0.9999987483024597,0.0003993793507106602,6.4849853515625e-05,6683,7.9083664e-05,3.394906161702238e-05,3.359617039677687e-05,3.400838977540843e-05
476770,advlogo_eps0.09_iter7,0.12878787878787878,0.12626262626262627,0.9998978,62.772697002343385,0.9999892115592957,0.9999891519546509,0.0006171517306938767,3.123283386230469e-05,20461,0.0002665388,0.0001228179462486878,0.0001229754270752892,0.00012397152022458613
220764,advlogo_eps0.09_iter23,0.25000000000000006,0.20000000000000004,0.99962646,60.89140887573571,0.99994957447052,0.9999845623970032,0.002776585053652525,0.00022804737091064453,34503,0.0004228859,0.00017803696391638368,0.00018157741578761488,0.0001831650297390297
312720,advlogo_eps0.09_iter4,0.3333333333333334,0.25000000000000006,0.9999664,73.11942543655461,0.9999960660934448,0.9999986886978149,0.0002789919963106513,8.600950241088867e-05,2168,2.690811e-05,1.2538847840914968e-05,1.1944897778448649e-05,1.2079293810529634e-05
568981,advlogo_eps0.09_iter1,0.20000000000000004,0.1666666666666667,1.0000001,82.44550231474271,1.000000238418579,0.9999998211860657,9.717605280457065e-06,5.960464477539062e-07,269,3.2863295e-06,1.54934434704046e-06,1.5126350945138256e-06,1.3109045085002435e-06
461009,advlogo_eps0.09_iter2,0.20454545454545459,0.16363636363636366,0.99999136,78.9268582813616,0.9999990463256836,0.999999463558197,0.0001378844171995297,1.430511474609375e-06,620,7.4430773e-06,3.206001110811485e-06,3.461314690866857e-06,3.094958174187923e-06
563648,advlogo_eps0.09_iter1,0.1882992824169295,0.16767676767676767,0.99999994,86.08094921895713,1.0,1.0,4.5309514007385587e-07,3.5762786865234375e-07,146,1.6193782e-06,7.455307127202104e-07,5.697340270671702e-07,6.13809902461071e-07
38210,advlogo_eps0.09_iter54,0.25000000000000006,0.20000000000000004,0.99896026,55.34328643785272,0.9998432993888855,0.9999768137931824,0.002797566819936037,0.00029581785202026367,112941,0.0014177831,0.0006032327655702829,0.0005825820262543857,0.0006230715080164373
74457,advlogo_eps0.09_iter23,0.3333333333333334,0.12500000000000003,0.9995118,62.330584639963924,0.9999350309371948,0.9999784827232361,0.009340011514723301,0.00034928321838378906,26160,0.00031842396,0.0001362150942441076,0.0001376792642986402,0.00014185132749844342
177357,advlogo_eps0.09_iter4,0.5000000000000001,0.3333333333333334,0.99998873,72.89142612839146,0.9999984502792358,0.9999988675117493,2.993956150021404e-05,6.318092346191406e-06,2814,3.1705084e-05,1.317782425758196e-05,1.3258581930131186e-05,1.265412811335409e-05
185292,advlogo_eps0.09_iter13,0.3333333333333334,0.25000000000000006,0.9998471,64.95748993828877,0.9999815225601196,0.9999937415122986,0.003688231110572815,8.869171142578125e-05,12129,0.000157525,7.130171434255317e-05,7.117258064681664e-05,7.237940735649318e-05
493864,advlogo_eps0.09_iter16,0.21212121212121215,0.18181818181818182,0.99963427,61.4383890012422,0.9999503493309021,0.9999738931655884,0.0019771805964410305,0.00031501054763793945,25852,0.0003377178,0.00015270814765244722,0.00015408820763695985,0.00015198557230178267
102820,advlogo_eps0.09_iter11,0.25000000000000006,0.20000000000000004,0.9998029,62.684572672294465,0.9999773502349854,0.9999893307685852,0.0009312524925917387,8.398294448852539e-05,19956,0.00026079136,0.00011846892448375002,0.00011744056246243417,0.00012184916704427451
51976,advlogo_eps0.09_iter10,0.3333333333333334,0.25000000000000006,0.99994326,69.01303849058053,0.9999920725822449,0.9999962449073792,0.00021878478582948446,2.2232532501220703e-05,5932,7.14775e-05,3.1829040381126106e-05,3.150697739329189e-05,3.097090302617289e-05
381360,advlogo_eps0.09_iter2,0.3333333333333334,0.20000000000000004,0.99999857,82.27700322939396,1.0,0.9999998211860657,2.7873802537214942e-06,1.430511474609375e-06,334,3.7560262e-06,1.695542437119002e-06,1.5340601748903282e-06,1.3599965313915163e-06
304812,advlogo_eps0.09_iter17,0.06060606060606061,0.045454545454545456,0.9997673,64.67737599647701,0.9999687671661377,0.9999909400939941,0.00460796756669879,0.00018894672393798828,16176,0.00019364254,8.434715709881857e-05,8.27479234430939e-05,8.545778109692037e-05
55950,advlogo_eps0.09_iter17,0.20000000000000004,0.1666666666666667,0.9996588,63.56241010256199,0.9999570846557617,0.9999935626983643,0.0018999141175299883,0.00012046098709106445,18355,0.00023127442,0.00010160535748582333,0.0001046959005179815,0.0001062059891410172
175251,advlogo_eps0.09_iter13,1.0000000000000002,0.5000000000000001,0.99976426,64.0480279392004,0.9999691247940063,0.9999873638153076,0.0011925233993679285,0.00042235851287841797,16775,0.000210614,9.57973679760471e-05,9.491740638623014e-05,9.594963194103912e-05
368212,advlogo_eps0.09_iter1,0.5000000000000001,0.4000000000000001,0.9999978,83.6474233283235,0.9999997019767761,1.0000001192092896,8.40498978504911e-06,5.960464477539062e-07,197,2.4737265e-06,1.1178956356161507e-06,1.1007854254785343e-06,1.1449833436927292e-06
190637,advlogo_eps0.09_iter1,0.05000000000000001,0.04761904761904761,0.9999992,84.94321469416606,0.9999997019767761,0.9999998807907104,8.87247733771801e-06,7.152557373046875e-07,147,1.8388861e-06,8.070874173427001e-07,8.10898029612872e-07,8.661932042741682e-07
300341,advlogo_eps0.09_iter1,0.14285714285714288,0.10227272727272729,0.9999974,85.4653584287118,0.9999997019767761,0.9999999403953552,5.728415271732956e-05,6.556510925292969e-07,122,1.570071e-06,6.876388738419337e-07,7.915943456282548e-07,7.145648055484344e-07
284743,advlogo_eps0.09_iter4,0.09090909090909091,0.06818181818181819,0.9999271,73.9917944469309,0.9999930262565613,0.9999935626983643,0.0008491035550832748,2.6106834411621094e-05,1553,1.9360043e-05,8.10644451121334e-06,8.2182050391566e-06,8.418521247222088e-06
132375,advlogo_eps0.09_iter1,0.20454545454545459,0.18181818181818185,0.99999934,81.22964920329156,1.0000001192092896,0.9999998807907104,4.233941581333056e-06,5.364418029785156e-07,344,4.2130896e-06,1.8736095626081806e-06,1.7160616607725387e-06,1.986061306524789e-06
341828,advlogo_eps0.09_iter37,0.20000000000000004,0.0,0.99961,60.310003655345206,0.999954879283905,0.9999871850013733,0.00102860270999372,0.0004044771194458008,52882,0.0005802404,0.0002323988446732983,0.00022062261996325105,0.00022461486514657736
45596,advlogo_eps0.09_iter14,0.20000000000000004,0.15909090909090912,0.9998202,59.51442713111526,0.9999669790267944,0.9999866485595703,0.0007358702132478356,0.00012493133544921875,48437,0.0005945844,0.0002557197876740247,0.0002574241952970624,0.00025672599440440536
232649,advlogo_eps0.09_iter2,0.14285714285714288,0.11111111111111113,0.9999905,80.01103133703702,0.9999988079071045,0.9999994039535522,7.494346937164664e-05,8.58306884765625e-06,452,5.5826263e-06,2.4718140139157185e-06,2.5107715373451356e-06,2.5113433821388753e-06
70774,advlogo_eps0.09_iter3,0.1666666666666667,0.12500000000000003,0.99999315,76.86923869251714,0.9999995231628418,0.9999995827674866,7.045107395242667e-06,9.5367431640625e-07,1276,1.35888395e-05,5.987901658954797e-06,5.030488409829559e-06,4.331574928073678e-06
172330,advlogo_eps0.09_iter7,0.25000000000000006,0.20000000000000004,0.9998495,65.11538159203539,0.9999823570251465,0.9999905824661255,0.0004602716362569481,7.593631744384766e-05,14531,0.00017347425,7.329645450226963e-05,7.439709588652477e-05,7.618779636686668e-05
193926,advlogo_eps0.09_iter2,0.060606060606060615,0.05454545454545455,0.99999017,77.9467338788519,0.9999988079071045,0.9999995827674866,2.4545111955376342e-05,1.7285346984863281e-06,738,9.023427e-06,4.062280822836328e-06,4.087865363544552e-06,3.924812062905403e-06
192699,advlogo_eps0.09_iter1,0.5151515151515152,0.38636363636363646,0.9999979,83.19362732117555,0.9999997019767761,0.9999998211860657,4.402140802994836e-06,7.152557373046875e-07,209,2.6370317e-06,1.188903638649208e-06,1.2197857586215832e-06,1.1809437410192913e-06
575187,advlogo_eps0.09_iter2,0.3333333333333334,0.25000000000000006,0.9999874,76.89575492167378,0.9999985098838806,0.9999994039535522,4.845145303988829e-05,9.775161743164062e-06,1002,1.1876488e-05,5.22812342751422e-06,5.017013791075442e-06,5.169675205252133e-06
319607,advlogo_eps0.09_iter5,0.1103896103896104,0.0965909090909091,0.9999675,69.11734502343164,0.9999966621398926,0.9999975562095642,7.998413639143109e-05,5.9604644775390625e-06,6697,7.4555195e-05,2.9992079362273216e-05,2.7732161470339634e-05,2.9924573027528822e-05
201934,advlogo_eps0.09_iter1,0.8818181818181821,0.44090909090909103,0.99999905,80.75192259181455,0.9999998807907104,0.9999998211860657,3.500339971651556e-06,7.152557373046875e-07,447,5.151478e-06,2.2294732389127603e-06,1.9856015569530427e-06,2.2595068003283814e-06
353180,advlogo_eps0.09_iter2,0.45795454545454556,0.43939393939393945,0.99999994,81.88233684311439,1.0000004768371582,0.9999998211860657,1.600853465788532e-06,7.152557373046875e-07,438,4.561903e-06,1.8682694644667208e-06,1.6289149016301963e-06,1.5044474821479525e-06
423519,advlogo_eps0.09_iter18,0.5000000000000001,0.3333333333333334,0.9995207,60.85598144526288,0.999936580657959,0.9999790787696838,0.003227721434086561,0.00010347366333007812,32352,0.0004149951,0.00018376857042312622,0.00018515289411880076,0.0001976137573365122
516804,advlogo_eps0.09_iter1,1.0000000000000002,0.5000000000000001,0.9999981,84.8758826445264,0.9999997615814209,1.0,1.6865287761902437e-05,2.6226043701171875e-06,146,1.8463319e-06,8.548216783310636e-07,8.560489845876873e-07,8.243834486165724e-07
441468,advlogo_eps0.09_iter6,0.7575757575757578,0.5681818181818183,0.9999404,65.94552669499863,0.999991774559021,0.9999938011169434,0.00021189823746681213,1.2636184692382812e-05,10246,0.00012869952,5.529797272174619e-05,5.52501660422422e-05,5.7336761528858915e-05
277005,advlogo_eps0.09_iter5,0.6503496503496505,0.6484848484848487,0.9999299,65.3418163793715,0.9999920725822449,0.9999966025352478,0.00024062723969109356,4.887580871582031e-05,11438,0.00014651565,6.512801337521523e-05,6.543418567162007e-05,6.652527372352779e-05
484893,advlogo_eps0.09_iter6,0.42424242424242414,0.3333333333333334,0.9999055,65.51751612898322,0.9999887943267822,0.9999935626983643,0.00036974530667066574,3.3855438232421875e-05,13653,0.00016007332,6.780851981602609e-05,6.768338789697737e-05,6.636211037402973e-05
130386,advlogo_eps0.09_iter10,0.4363636363636365,0.36363636363636376,0.99980855,61.39179079354513,0.9999756813049316,0.9999803900718689,0.002654846291989088,7.367134094238281e-05,26366,0.0003418325,0.00014713112614117563,0.00014800751523580402,0.00015939294826239347
221213,advlogo_eps0.09_iter5,0.5454545454545455,0.0,0.99998355,72.82842152891142,0.999997615814209,0.9999993443489075,2.6168567273998633e-05,8.106231689453125e-06,3442,3.5659432e-05,1.4908890989318024e-05,1.2198092008475214e-05,1.2350043107289821e-05
534639,advlogo_eps0.09_iter1,0.6969696969696971,0.5227272727272728,0.9999981,82.04460732957484,0.9999998807907104,0.9999999403953552,1.2375388905638829e-05,7.569789886474609e-06,355,3.9300403e-06,1.6245539882220328e-06,1.4926913536328357e-06,1.5417430176967173e-06
106281,advlogo_eps0.09_iter1,0.5454545454545455,0.18181818181818185,1.0000001,90.21748045973807,1.0,0.9999998807907104,2.9412046842480777e-07,1.0728836059570312e-06,56,6.4589454e-07,2.4850533009157516e-07,2.9515959454329277e-07,2.365590603403689e-07
570664,advlogo_eps0.09_iter2,0.12500000000000003,0.10000000000000002,0.99999195,79.63541834462598,0.9999990463256836,0.9999992847442627,2.9444938263623044e-05,4.291534423828125e-06,536,6.3621123e-06,2.858179414033657e-06,2.657232016645139e-06,2.8214333269716008e-06
563702,advlogo_eps0.09_iter1,0.6666666666666669,0.6161616161616162,0.99999946,81.39882431844046,0.9999999403953552,0.9999998807907104,1.192810259453836e-06,7.748603820800781e-07,382,4.364467e-06,1.9181718471372733e-06,1.6889063090275158e-06,1.6988441302601132e-06
445722,advlogo_eps0.09_iter6,0.14285714285714288,0.10606060606060604,0.99991184,68.67332030102305,0.9999884963035583,0.9999979734420776,0.0008167091873474419,6.556510925292969e-05,6415,7.683315e-05,3.29901376971975e-05,3.292860128567554e-05,3.370123522472568e-05
496597,advlogo_eps0.09_iter2,1.0000000000000002,0.6666666666666669,0.9999971,76.73391724713011,0.9999997019767761,0.9999996423721313,8.272199920611456e-06,3.6954879760742188e-06,1251,1.36365e-05,5.224027063377434e-06,5.110676738695474e-06,5.734475962526631e-06
389316,advlogo_eps0.09_iter1,0.3333333333333334,0.0,0.99999905,86.54588321940084,0.9999999403953552,0.9999998807907104,2.429586402286077e-06,8.344650268554688e-07,114,1.3610581e-06,6.106354817347892e-07,6.151086040517839e-07,5.088568286737427e-07
21604,advlogo_eps0.09_iter40,0.1666666666666667,0.14285714285714288,0.998727,58.77538445618019,0.999845027923584,0.9999111294746399,0.023329464718699455,0.0008643269538879395,62068,0.00073582423,0.00031328084878623486,0.00027468689950183034,0.0003360187401995063
267940,advlogo_eps0.09_iter13,0.3333333333333334,0.0,0.99985725,65.78155470664007,0.9999829530715942,0.9999921917915344,0.0011184252798557281,4.4226646423339844e-05,13769,0.00015758698,6.468589708674699e-05,6.313438643701375e-05,6.708922592224553e-05
255536,advlogo_eps0.09_iter23,0.05454545454545455,0.03896103896103897,0.99912643,54.528533963861165,0.9999042749404907,0.9998944997787476,0.003807931672781706,0.0011841058731079102,114879,0.0015478784,0.0006933776894584298,0.0006671278970316052,0.0007410768885165453
455157,advlogo_eps0.09_iter2,0.14285714285714288,0.12500000000000003,0.9999935,78.09840547821251,0.9999992251396179,0.9999995827674866,3.180475323460996e-05,9.5367431640625e-07,689,8.551635e-06,4.166687176621053e-06,3.858111995214131e-06,3.5900688999390695e-06
486112,advlogo_eps0.09_iter3,0.25000000000000006,0.0,0.99998355,74.51696900844384,0.9999979734420776,0.9999991655349731,5.790430441265926e-05,2.5033950805664062e-06,1830,2.1090525e-05,8.883379450708162e-06,9.08519359654747e-06,8.43143425299786e-06
530162,advlogo_eps0.09_iter1,0.24288337924701564,0.17573461891643707,0.9999964,83.0377099158572,0.9999995231628418,1.0,1.0233043212792836e-05,1.430511474609375e-06,233,2.8468944e-06,1.2385830814309884e-06,1.2665586837101728e-06,1.2920191920784418e-06
266981,advlogo_eps0.09_iter19,0.1278872642509006,0.1146103896103896,0.9993997,56.49386070388818,0.9999253153800964,0.9999389052391052,0.003900453681126237,0.0008388757705688477,57624,0.0008474625,0.00040010965312831104,0.0003971625992562622,0.0004066762048751116
184611,advlogo_eps0.09_iter2,0.29545454545454547,0.18386243386243387,0.9999895,75.33160052171385,0.9999988079071045,0.9999991655349731,3.0589624657295644e-05,9.775161743164062e-05,1353,1.635369e-05,7.0612022682325915e-06,7.2425668804498855e-06,7.0594878707197495e-06
17029,advlogo_eps0.09_iter11,0.06818181818181819,0.04545454545454545,0.99977803,61.28300166728781,0.9999748468399048,0.9999778270721436,0.0007166821742430329,0.00016677379608154297,31585,0.00039303573,0.0001696350664133206,0.00017262515029869974,0.000178757676621899
163118,advlogo_eps0.09_iter1,0.3333333333333334,0.20000000000000004,0.99999076,80.83676035569772,0.9999987483024597,0.999999463558197,0.00020720604516100138,5.412101745605469e-05,312,4.254086e-06,2.065247599603026e-06,2.201771167165134e-06,2.068830326606985e-06
6954,advlogo_eps0.09_iter5,0.25000000000000006,0.20000000000000004,0.9999364,66.01423272712164,0.9999949336051941,0.9999942183494568,0.0003151844721287489,6.330013275146484e-05,10990,0.0001353918,5.919114119024016e-05,6.0366994148353115e-05,5.97628386458382e-05
128654,advlogo_eps0.09_iter5,0.3333333333333334,0.25000000000000006,0.99997014,74.98754807052038,0.999996542930603,0.9999969005584717,0.00022413372062146664,1.233816146850586e-05,1497,1.8142397e-05,8.11454992799554e-06,8.397521924052853e-06,7.621737950103125e-06
459195,advlogo_eps0.09_iter8,0.3333333333333334,0.25000000000000006,0.99987847,63.15951764066771,0.9999855756759644,0.9999950528144836,0.0003394281957298517,6.604194641113281e-05,19894,0.00024904372,0.00011012268078047782,0.00010792495595524088,0.0001110807279474102
481582,advlogo_eps0.09_iter3,0.09090909090909091,0.017316017316017316,0.99997616,75.5250743629262,0.9999969005584717,0.9999992847442627,0.00014572669169865549,3.421306610107422e-05,1243,1.5479134e-05,7.16343538442743e-06,6.960831797186984e-06,7.01651515555568e-06
227898,advlogo_eps0.09_iter3,0.3333333333333334,0.3030303030303031,0.9999942,70.5851945794305,0.9999995231628418,0.9999986290931702,2.5317989639006555e-05,4.76837158203125e-06,3535,4.468001e-05,1.9394921764614992e-05,2.0123521608184092e-05,2.0082072296645492e-05
542127,advlogo_eps0.09_iter1,0.12181685273790537,0.09986531986531987,0.99999696,85.60140089173714,1.000000238418579,0.9999998211860657,2.4826251319609582e-05,5.960464477539062e-07,102,1.429607e-06,6.768425464542815e-07,7.477625558749423e-07,6.692833949273336e-07
130579,advlogo_eps0.09_iter3,0.5000000000000001,0.3333333333333334,0.9999884,76.96815986686515,0.9999983310699463,0.9999993443489075,2.667445551196579e-05,2.008676528930664e-05,935,1.142855e-05,5.059921022620983e-06,5.1601336963358335e-06,5.121725735079963e-06
451043,advlogo_eps0.09_iter1,0.3333333333333334,0.25000000000000006,0.9999924,84.01502693262213,0.999999463558197,0.9999998211860657,7.519962673541158e-05,2.1159648895263672e-05,193,2.3762861e-06,1.0969057484544464e-06,1.0880805803026306e-06,9.639902600611094e-07
552842,advlogo_eps0.09_iter19,0.1666666666666667,0.0,0.9997678,64.1552233166552,0.999969482421875,0.9999865889549255,0.0005786584224551916,4.315376281738281e-05,16447,0.00020714464,9.483711619395763e-05,9.465996117796749e-05,9.451281948713586e-05
190841,advlogo_eps0.09_iter15,0.25000000000000006,0.20000000000000004,0.9997976,61.77622645399366,0.9999728202819824,0.999985933303833,0.0007112447638064623,0.00013148784637451172,27789,0.00034650002,0.00015277652710210532,0.00015192368300631642,0.00015246694965753704
38678,advlogo_eps0.09_iter1,0.09090909090909093,0.060606060606060615,0.99999815,86.23810940351495,0.9999998807907104,0.9999998807907104,7.792015821905807e-06,3.5762786865234375e-07,122,1.4518201e-06,5.265501954454521e-07,6.459166002059646e-07,6.742159257555613e-07
161799,advlogo_eps0.09_iter8,0.06753246753246754,0.045454545454545456,0.9998866,66.3464132892363,0.9999827742576599,0.999984622001648,0.0020533003844320774,8.702278137207031e-05,9247,0.00011520672,4.981828897143714e-05,4.6260021917987615e-05,5.45272596355062e-05
350148,advlogo_eps0.09_iter11,0.09659090909090912,0.09090909090909094,0.99967885,58.73494490945078,0.9999605417251587,0.9999752640724182,0.0009684224496595562,6.079673767089844e-05,40575,0.0005608024,0.00025337273837067187,0.0002557653933763504,0.0002570078941062093
87476,advlogo_eps0.09_iter2,0.13484848484848486,0.13360881542699726,0.9999857,76.45603338843453,0.9999984502792358,0.9999990463256836,6.811164348619059e-05,2.5033950805664062e-06,1092,1.3059607e-05,5.887862698727986e-06,5.750876880483702e-06,5.491739557328401e-06
445602,advlogo_eps0.09_iter3,0.21212121212121215,0.20606060606060608,0.9999769,73.05744505495903,0.9999969005584717,0.9999986290931702,8.640597661724314e-05,3.516674041748047e-06,2448,2.8728582e-05,1.2407304893713444e-05,1.2130853974667843e-05,1.2120673090976197e-05
400044,advlogo_eps0.09_iter14,0.3333333333333334,0.25000000000000006,0.99983233,65.21302024798463,0.9999752044677734,0.9999892115592957,0.0004900956992059946,0.0001119375228881836,14583,0.00017325919,7.596471550641581e-05,7.530597213190049e-05,7.348255894612521e-05
210230,advlogo_eps0.09_iter1,0.13506493506493508,0.09595959595959595,0.9999996,84.21118715646854,1.0,0.9999999403953552,8.872810326465697e-07,4.76837158203125e-07,186,2.236309e-06,1.0664366527635138e-06,8.832053026708309e-07,9.912589575833408e-07
80273,advlogo_eps0.09_iter8,0.3333333333333334,0.25000000000000006,0.9998896,68.321175273041,0.9999855756759644,0.9999923706054688,0.0005305842496454716,3.415346145629883e-05,6993,8.392275e-05,3.636875044321641e-05,3.673560786410235e-05,3.6844390706392005e-05
193429,advlogo_eps0.09_iter15,0.3333333333333334,0.25000000000000006,0.9996962,60.0327749379849,0.9999580383300781,0.9999767541885376,0.0008043965790420771,0.0004302859306335449,44233,0.00053627236,0.00022895800066180527,0.00022635431378148496,0.00023397609766107053
69224,advlogo_eps0.09_iter23,0.09523809523809522,0.07792207792207793,0.9991608,57.98299791435866,0.999901294708252,0.9999520778656006,0.007078997325152159,0.00032907724380493164,65965,0.00082507404,0.00036516610998660326,0.0003623728407546878,0.00036589259980246425
187362,advlogo_eps0.09_iter15,0.3333333333333334,0.25000000000000006,0.9997861,64.97471421610729,0.9999759197235107,0.9999904632568359,0.00232361676171422,0.00013113021850585938,14276,0.00017485983,7.697349064983428e-05,7.686897879466414e-05,7.88615143392235e-05
21879,advlogo_eps0.09_iter4,0.24242424242424246,0.18181818181818185,0.99998397,70.468001568322,0.9999977946281433,0.9999980330467224,3.5056702472502366e-05,3.5762786865234375e-06,4375,5.1998777e-05,2.2617316062678583e-05,2.2594642359763384e-05,2.2381296730600297e-05
252701,advlogo_eps0.09_iter13,0.5000000000000001,0.3333333333333334,0.99983245,61.669547270685605,0.9999772906303406,0.9999889135360718,0.0004285361501388252,6.783008575439453e-05,26582,0.00033814902,0.00015184268704615533,0.00014964751608204097,0.00015147836529649794
398203,advlogo_eps0.09_iter2,0.20538720538720537,0.2022727272727273,0.99999493,76.03708468855568,0.9999995231628418,0.9999994039535522,2.524879528209567e-05,1.5497207641601562e-06,1121,1.3811318e-05,6.156147719593719e-06,6.244206360861426e-06,6.042441782483365e-06
463802,advlogo_eps0.09_iter2,0.3333333333333334,0.25000000000000006,0.99999547,82.48386159216581,0.9999992251396179,0.9999997615814209,3.130370896542445e-05,1.3113021850585938e-06,281,3.3679141e-06,1.5588578889946803e-06,1.583177549946413e-06,1.2381315173115581e-06
96427,advlogo_eps0.09_iter16,0.21212121212121215,0.20000000000000004,0.999552,60.88127466708795,0.9999481439590454,0.9999573230743408,0.0036683641374111176,0.0003063082695007324,30071,0.00039890799,0.00018506130436435342,0.00018778305093292147,0.00018597894813865423
189775,advlogo_eps0.09_iter1,0.07824675324675325,0.07087924701561064,0.9999991,87.4722533592702,0.9999998807907104,1.0,6.59880743114627e-06,4.76837158203125e-07,78,1.0262386e-06,4.2970066260750173e-07,4.866735707764747e-07,5.005201160201977e-07
359540,advlogo_eps0.09_iter21,0.13636363636363638,0.07878787878787878,0.9997964,59.09641511452307,0.9999661445617676,0.99998539686203,0.0003818936238531023,0.0003292560577392578,48584,0.0006207534,0.00027960262377746403,0.00027872243663296103,0.00027936266269534826
425925,advlogo_eps0.09_iter9,0.0984848484848485,0.03896103896103896,0.999834,61.966123506928774,0.9999793767929077,0.9999818205833435,0.0016586899291723967,0.00010669231414794922,22703,0.00030156857,0.00013794358528684825,0.00013379278243519366,0.00014380690117832273
174371,advlogo_eps0.09_iter4,0.20454545454545459,0.16363636363636366,0.99996877,68.4802529975394,0.9999966621398926,0.999997615814209,8.379310020245612e-05,1.5735626220703125e-05,6167,7.6922e-05,3.436183396843262e-05,3.485531487967819e-05,3.4365504689048976e-05
168883,advlogo_eps0.09_iter5,0.18181818181818185,0.13636363636363638,0.9999535,67.55596766635226,0.9999940395355225,0.9999954104423523,0.000173199427081272,9.894371032714844e-06,7747,9.578201e-05,4.300016371416859e-05,4.250328129273839e-05,4.279944914742373e-05
356424,advlogo_eps0.09_iter2,0.11868686868686869,0.10984848484848486,0.9999868,78.47566864090207,0.9999982714653015,0.9999996423721313,0.0002238648448837921,3.612041473388672e-05,693,8.276162e-06,3.537839575074031e-06,3.584320666050189e-06,3.727298690137104e-06
492077,advlogo_eps0.09_iter1,0.23232323232323232,0.18452380952380953,0.9999993,87.44199398671293,0.9999998807907104,1.0,3.14422163683048e-06,4.76837158203125e-07,103,1.1599424e-06,5.192408707443974e-07,4.428272859513527e-07,4.515432863172464e-07
561256,advlogo_eps0.09_iter2,0.3333333333333334,0.25000000000000006,0.9999812,74.44528027423799,0.999997615814209,0.9999991059303284,8.915675425669178e-05,9.417533874511719e-06,1532,1.9326531e-05,8.979772246675566e-06,8.808833626972046e-06,8.685149623488542e-06
357737,advlogo_eps0.09_iter71,0.35151515151515145,0.31168831168831174,0.99745697,46.94357667994385,0.9996120929718018,0.999672532081604,0.005807048641145229,0.0007224082946777344,307147,0.005423637,0.0026240497827529907,0.0025645263958722353,0.002657979028299451
365642,advlogo_eps0.09_iter1,0.1666666666666667,0.12500000000000003,0.99999744,84.3569411886335,0.9999997615814209,1.0,4.733224159281235e-06,8.940696716308594e-07,248,2.5616932e-06,9.258274076273665e-07,9.162533842754783e-07,9.832714340518578e-07
410878,advlogo_eps0.09_iter2,0.20000000000000004,0.1666666666666667,0.9999852,76.50680176564205,0.9999980926513672,0.9999997019767761,8.882359543349594e-05,1.3113021850585938e-06,1076,1.2909545e-05,5.619747298624134e-06,5.847473403264303e-06,5.45086413694662e-06
48924,advlogo_eps0.09_iter3,0.3333333333333334,0.25000000000000006,0.99998873,73.34712075522863,0.9999983310699463,0.999998927116394,1.9966439140262082e-05,8.046627044677734e-06,2617,2.901098e-05,1.1823051863757428e-05,1.1429667210904881e-05,1.1553126569197048e-05
459634,advlogo_eps0.09_iter1,0.5151515151515152,0.38636363636363646,0.9999988,87.75456407800928,0.9999999403953552,1.0,1.423638423148077e-05,6.556510925292969e-07,82,1.0042423e-06,5.034364676248515e-07,4.2862771465479454e-07,3.8208889918678324e-07
520009,advlogo_eps0.09_iter7,0.5000000000000001,0.45454545454545464,0.9999349,63.79922133900586,0.9999898672103882,0.9999932646751404,0.00038440816570073366,4.172325134277344e-05,13505,0.00017696082,7.837414159439504e-05,7.571018068119884e-05,7.8540739195887e-05
362682,advlogo_eps0.09_iter8,0.8484848484848486,0.6363636363636365,0.99983865,62.592174753103805,0.9999825954437256,0.9999880790710449,0.0005460652755573392,5.882978439331055e-05,20378,0.00026430152,0.00011810501746367663,0.00011559796257643029,0.00011794216698035598
396518,advlogo_eps0.09_iter1,0.5000000000000001,0.3333333333333334,0.99999857,86.37743599409964,0.9999998807907104,1.0,4.0812128645484336e-06,7.748603820800781e-07,135,1.4890677e-06,5.510241862793919e-07,5.901872555114096e-07,6.358712312248826e-07
410712,advlogo_eps0.09_iter2,0.045454545454545456,0.0,0.99999356,79.4735491088563,0.9999992847442627,0.9999996423721313,3.711770841619e-05,1.4901161193847656e-06,566,6.661569e-06,3.0046148822293617e-06,2.6476957373233745e-06,2.981034413096495e-06
474164,advlogo_eps0.09_iter12,0.20000000000000004,0.1666666666666667,0.99965674,61.261072363912355,0.9999601244926453,0.9999812245368958,0.0028520531486719847,0.0001798868179321289,31612,0.00039013632,0.00016979601059574634,0.00016425290959887207,0.00017289504467044026
356612,advlogo_eps0.09_iter2,0.5050505050505052,0.48989898989899,0.9999962,78.43376839974259,0.9999995231628418,0.9999998211860657,1.0286639735568315e-05,2.205371856689453e-06,804,8.991012e-06,3.637140707724029e-06,3.6837491279584356e-06,3.624270220825565e-06
435206,advlogo_eps0.09_iter13,0.1272727272727273,0.10909090909090909,0.9998181,67.49703682821368,0.9999622702598572,0.9945126175880432,0.003250975627452135,0.00040590763092041016,8780,0.00010207146,4.2487954488024116e-05,4.201888441457413e-05,4.1524097468936816e-05
61960,advlogo_eps0.09_iter21,0.3333333333333334,0.25000000000000006,0.9993289,59.015724377343815,0.9999131560325623,0.9999568462371826,0.0027487464249134064,0.0006049871444702148,58121,0.0007023268,0.0003100652538705617,0.0003003979509230703,0.0003109474200755358
410612,advlogo_eps0.09_iter1,0.5000000000000001,0.3333333333333334,0.9999995,85.08109794670297,0.9999992251396179,1.0,1.2789131460522185e-06,7.152557373046875e-07,172,1.9522884e-06,9.101315185944259e-07,7.132517225727497e-07,7.605872838212235e-07
477689,advlogo_eps0.09_iter17,0.3333333333333334,0.25000000000000006,0.99956566,60.56851243799989,0.9999443292617798,0.9999555945396423,0.00254947692155838,0.0001633763313293457,38465,0.0004652773,0.00019422506738919765,0.00018937930872198194,0.0002127975458279252
258541,advlogo_eps0.09_iter19,0.25000000000000006,0.20000000000000004,0.99959296,62.85802795414473,0.9999502897262573,0.9999754428863525,0.0049896459095180035,0.0002090930938720703,20143,0.00026073557,0.00012119873281335458,0.00012097880971850827,0.00011888641165569425
510329,advlogo_eps0.09_iter1,0.12121212121212123,0.11038961038961037,0.9999984,86.35390563011586,0.9999997019767761,0.9999998211860657,1.3083624253340531e-05,8.940696716308594e-07,121,1.4270058e-06,7.615528261339932e-07,6.271010306591052e-07,4.284986516722711e-07
308328,advlogo_eps0.09_iter1,0.27272727272727276,0.2272727272727273,0.99999666,84.0840697018744,0.9999996423721313,0.9999998211860657,1.8226230167783797e-05,2.092123031616211e-05,172,2.175082e-06,9.590846730134217e-07,9.499526640865952e-07,1.07300741092331e-06
339823,advlogo_eps0.09_iter17,0.3333333333333334,0.1666666666666667,0.9994065,59.996018073951625,0.999923586845398,0.9999672770500183,0.006715277209877968,9.60230827331543e-05,44611,0.000545819,0.00023354828590527177,0.00022962015646044165,0.0002557676925789565
55150,advlogo_eps0.09_iter1,0.20044601862783681,0.18939393939393942,0.99999905,89.78282255406756,1.0000001192092896,0.9999999403953552,2.844550863301265e-06,2.384185791015625e-07,52,6.474354e-07,3.2284202688970254e-07,2.948852397821611e-07,2.3688480155215075e-07
323799,advlogo_eps0.09_iter1,0.3333333333333334,0.3030303030303031,1.0,96.01532934570928,1.0,1.0,5.7136169573368534e-08,8.940696716308594e-07,11,1.6863662e-07,7.022783421462009e-08,7.95992249891242e-08,7.975026505846472e-08
352582,advlogo_eps0.09_iter12,0.25000000000000006,0.20000000000000004,0.9997136,62.63613257172412,0.9999682307243347,0.9999861717224121,0.0020731070544570684,0.0004398226737976074,23583,0.00029420335,0.00013151793973520398,0.00013019717880524695,0.0001356938882963732
12748,advlogo_eps0.09_iter6,0.18181818181818185,0.13636363636363638,0.9999239,69.56797649875585,0.9999898672103882,0.9999975562095642,0.0003719966334756464,6.93202018737793e-05,5021,6.156695e-05,2.7704287276719697e-05,2.747303733485751e-05,2.7487705665407702e-05
60886,advlogo_eps0.09_iter4,0.2550505050505051,0.2396694214876033,0.9999749,71.13898161121814,0.999997079372406,0.9999962449073792,5.531807255465537e-05,9.059906005859375e-06,3420,4.235184e-05,1.882244396256283e-05,1.9206938304705545e-05,1.9164817786077037e-05
8844,advlogo_eps0.09_iter1,0.12121212121212122,0.07272727272727272,0.99999475,81.60622324714876,0.9999994039535522,0.9999994039535522,5.3497446060646325e-05,1.7404556274414062e-05,274,3.576421e-06,1.7407588757123449e-06,1.687383814896748e-06,1.5889448832240305e-06
108495,advlogo_eps0.09_iter12,0.3333333333333334,0.25000000000000006,0.9997149,62.69982816368069,0.9999651908874512,0.9999786615371704,0.0012758453376591206,0.00013655424118041992,21886,0.0002820154,0.00013206532457843423,0.00013068405678495765,0.00013267536996863782
15597,advlogo_eps0.09_iter4,0.25000000000000006,0.20000000000000004,0.9999669,73.4505433525789,0.9999953508377075,0.9999988675117493,0.00027624069480225444,4.291534423828125e-06,2068,2.5293197e-05,1.1349766282364726e-05,1.1268045454926323e-05,1.1253661796217784e-05
528314,advlogo_eps0.09_iter3,0.20875420875420878,0.15656565656565657,0.9999714,72.92967108841347,0.9999958872795105,0.999998927116394,0.0001018659386318177,3.993511199951172e-06,2195,2.7384142e-05,1.2424727174220607e-05,1.2283317118999548e-05,1.2487309504649602e-05
72281,advlogo_eps0.09_iter5,0.25000000000000006,0.20000000000000004,0.9999323,70.30463564247825,0.9999915957450867,0.9999978542327881,0.0005167122581042349,1.6689300537109375e-05,3697,4.6975045e-05,2.1148822270333767e-05,2.109214437950868e-05,2.1179281247896142e-05
AVERAGE,summary,0.2905,0.206,0.9998,71.5259,1.0,1.0,0.0015,0.0001,19258.7171,0.0003,0.0001,0.0001,0.0001
